id,date,start_et,season,season_type,tournament,status,home,away,home_id,away_id,home_points,away_points,neutral,home_conf,away_conf,home_seed,away_seed,venue,city,state,notes
216112,1949-11-25,,1950,regular,,final,Loyola Maryland,Virginia Tech,152,340,72,58,,,SoCon,,,,,,
216363,1949-11-25,,1950,regular,,final,Saint Joseph's,Rhode Island,251,240,46,62,,Indep.,Indep.,,,,,,
216201,1949-11-27,,1950,regular,,final,St. John's,Virginia Tech,279,340,84,52,,Indep.,SoCon,,,,,,
216016,1949-11-28,,1950,regular,,final,Valparaiso,Toledo,335,300,86,73,,Indep.,Indep.,,,,,,
216113,1949-11-28,,1950,regular,,final,Long Island University,Virginia Tech,146,340,73,53,,Indep.,SoCon,,,,,,
215704,1949-11-30,,1950,regular,,final,Northwestern,Western Michigan,212,351,54,43,,Big Ten,MAC,,,,,,
216283,1949-11-30,,1950,regular,,final,New York University,Vanderbilt,392,336,59,65,,Indep.,SEC,,,,,,
216688,1949-11-30,,1950,regular,,final,Michigan State,Michigan,169,170,49,52,,Big Ten,Big Ten,,,,,,
215534,1949-12-01,,1950,regular,,final,St. Francis Brooklyn,Loyola Maryland,364,152,67,60,,Indep.,,,,,,,
215627,1949-12-01,,1950,regular,,final,Utah,USC,331,323,65,44,,,Pac-12,,,,,,
215960,1949-12-01,,1950,regular,,final,NC State,Washington & Lee,185,386,67,47,,SoCon,SoCon,,,,,,
216641,1949-12-01,,1950,regular,,final,Utah State,Oregon,329,223,72,66,,Indep.,Pac-12,,,,,,
215563,1949-12-02,,1950,regular,,final,City College of New York,Lafayette,393,138,76,44,,,Indep.,,,,,,
215621,1949-12-02,,1950,regular,,final,Canisius,Oregon State,42,224,58,45,,Indep.,Pac-12,,,,,,
215680,1949-12-02,,1950,regular,,final,Niagara,Texas A&M,194,293,53,50,,Indep.,,,,,,,
215694,1949-12-02,,1950,regular,,final,Oklahoma,Texas,217,295,65,48,,,,,,,,,
215700,1949-12-02,,1950,regular,,final,Minnesota,Loyola Chicago,173,151,55,51,,Big Ten,Indep.,,,,,,
215810,1949-12-02,,1950,regular,,final,Utah State,USC,329,323,43,50,,Indep.,Pac-12,,,,,,
215819,1949-12-02,,1950,regular,,final,Ohio State,DePaul,216,65,68,70,,Big Ten,Indep.,,,,,,
215993,1949-12-02,,1950,regular,,final,Cornell,Gettysburg,60,1189,70,54,,Ivy,,,,,,,
216091,1949-12-02,,1950,regular,,final,Rutgers,Yale,245,360,60,73,,Indep.,Ivy,,,,,,
216114,1949-12-02,,1950,regular,,final,Virginia Tech,Maryland,340,160,63,57,,SoCon,SoCon,,,,,,
216314,1949-12-02,,1950,regular,,final,Richmond,North Carolina,242,200,50,58,,SoCon,SoCon,,,,,,
216347,1949-12-02,,1950,regular,,final,Temple,Vanderbilt,289,336,55,35,,Indep.,SEC,,,,,,
216523,1949-12-02,,1950,regular,,final,Georgia,Clemson,98,52,59,40,,SEC,SoCon,,,,,,
216560,1949-12-02,,1950,regular,,final,Mississippi State,Florida,174,87,45,63,,SEC,SEC,,,,,,
216574,1949-12-02,,1950,regular,,final,Saint Joseph's,LSU,251,136,61,59,,Indep.,SEC,,,,,,
216642,1949-12-02,,1950,regular,,final,Utah,Oregon,331,223,61,46,,,Pac-12,,,,,,
216704,1949-12-02,,1950,regular,,final,Wisconsin,Marquette,355,157,63,48,,Big Ten,Indep.,,,,,,
216741,1949-12-02,,1950,regular,,final,Butler,Illinois,34,118,56,60,,MAC,Big Ten,,,,,,
216779,1949-12-02,,1950,regular,,final,Oklahoma State,Arkansas,218,12,43,41,,MVC,,,,,,,
215650,1949-12-04,,1950,regular,,final,Tennessee,Maryland,292,160,61,40,,SEC,SoCon,,,,,,
215820,1949-12-04,,1950,regular,,final,Ohio State,Marquette,216,157,82,53,,Big Ten,Indep.,,,,,,
216315,1949-12-04,,1950,regular,,final,Virginia Tech,North Carolina,340,200,62,48,,SoCon,SoCon,,,,,,
216473,1949-12-04,,1950,regular,,final,NC State,Davidson,185,63,77,43,,SoCon,SoCon,,,,,,
216689,1949-12-04,,1950,regular,,final,Iowa,Michigan State,124,169,73,53,,Big Ten,Big Ten,,,,,,
216864,1949-12-04,,1950,regular,,final,Creighton,Kansas,61,131,59,55,,Indep.,,,,,,,
215511,1949-12-05,,1950,regular,,final,Michigan,Miami (OH),170,167,79,48,,Big Ten,MAC,,,,,,
215681,1949-12-05,,1950,regular,,final,Saint Louis,Texas A&M,252,293,55,51,,MVC,,,,,,,
215853,1949-12-05,,1950,regular,,final,Virginia,Maryland,339,160,66,56,,Indep.,SoCon,,,,,,
216092,1949-12-05,,1950,regular,,final,Columbia,Rutgers,58,245,59,45,,Ivy,Indep.,,,,,,
216284,1949-12-05,,1950,regular,,final,New York University,Oregon State,392,224,45,49,,Indep.,Pac-12,,,,,,
216524,1949-12-05,,1950,regular,,final,Clemson,Georgia,52,98,57,65,,SoCon,SEC,,,,,,
216575,1949-12-05,,1950,regular,,final,St. John's,LSU,279,136,80,49,,Indep.,SEC,,,,,,
216705,1949-12-05,,1950,regular,,final,Wisconsin,Kansas State,355,132,56,48,,Big Ten,,,,,,,
216780,1949-12-05,,1950,regular,,final,Oklahoma State,Loyola Chicago,218,151,48,40,,MVC,Indep.,,,,,,
215644,1949-12-06,,1950,regular,,final,Princeton,Lehigh,234,141,56,35,,Ivy,Indep.,,,,,,
215715,1949-12-06,,1950,regular,,final,Villanova,St. Francis Brooklyn,338,364,80,57,,Indep.,Indep.,,,,,,
216003,1949-12-06,,1950,regular,,final,Muhlenberg,Fordham,1400,91,73,56,,,Indep.,,,,,,
216191,1949-12-06,,1950,regular,,final,Boston College,Rhode Island,26,240,63,46,,Indep.,Indep.,,,,,,
216781,1949-12-06,,1950,regular,,final,Oklahoma State,Texas A&M,218,293,55,34,,MVC,,,,,,,
215690,1949-12-07,,1950,regular,,final,Long Island University,Kansas State,146,132,51,58,,Indep.,,,,,,,
215697,1949-12-07,,1950,regular,,final,City College of New York,SMU,393,248,67,53,,,,,,,,,
215880,1949-12-07,,1950,regular,,final,Alabama,Ole Miss,5,220,56,38,,SEC,SEC,,,,,,
216141,1949-12-07,,1950,regular,,final,Denver,Utah State,68,329,60,39,,Indep.,Indep.,,,,,,
216236,1949-12-07,,1950,regular,,final,Notre Dame,Creighton,213,61,57,50,,Indep.,Indep.,,,,,,
216474,1949-12-07,,1950,regular,,final,NC State,George Washington,185,96,74,52,,SoCon,SoCon,,,,,,
216706,1949-12-07,,1950,regular,,final,Wisconsin,Oregon State,355,224,36,49,,Big Ten,Pac-12,,,,,,
216742,1949-12-07,,1950,regular,,final,Illinois,Toledo,118,300,67,51,,Big Ten,Indep.,,,,,,
216830,1949-12-07,,1950,regular,,final,Bradley,Iowa State,29,125,56,48,,MVC,,,,,,,
215535,1949-12-08,,1950,regular,,final,St. Francis Brooklyn,Manhattan,364,155,57,71,,Indep.,Indep.,,,,,,
215628,1949-12-08,,1950,regular,,final,USC,Loyola Marymount,323,153,65,62,,Pac-12,Indep.,,,,,,
215639,1949-12-08,,1950,regular,,final,Colgate,Columbia,55,58,47,64,,Indep.,Ivy,,,,,,
216142,1949-12-08,,1950,regular,,final,Denver,Utah,68,331,53,50,,Indep.,,,,,,,
216255,1949-12-08,,1950,regular,,final,Tulane,Rice,303,241,62,58,,SEC,,,,,,,
216316,1949-12-08,,1950,regular,,final,North Carolina,George Washington,200,96,44,54,,SoCon,SoCon,,,,,,
216561,1949-12-08,,1950,regular,,final,Mississippi State,Georgia,174,98,51,40,,SEC,SEC,,,,,,
216576,1949-12-08,,1950,regular,,final,LSU,Arkansas,136,12,62,46,,SEC,,,,,,,
216667,1949-12-08,,1950,regular,,final,California,Santa Clara,40,261,48,56,,Pac-12,Indep.,,,,,,
215583,1949-12-09,,1950,regular,,final,Holy Cross,Fordham,111,91,75,48,,Indep.,Indep.,,,,,,
215589,1949-12-09,,1950,regular,,final,Cornell,Colgate,60,55,71,53,,Ivy,Indep.,,,,,,
215651,1949-12-09,,1950,regular,,final,Maryland,Washington & Lee,160,386,65,46,,SoCon,SoCon,,,,,,
215691,1949-12-09,,1950,regular,,final,Canisius,Kansas State,42,132,54,51,,Indep.,,,,,,,
215698,1949-12-09,,1950,regular,,final,Niagara,SMU,194,248,55,47,,Indep.,,,,,,,
215701,1949-12-09,,1950,regular,,final,Minnesota,Oregon State,173,224,60,44,,Big Ten,Pac-12,,,,,,
215723,1949-12-09,,1950,regular,,final,Syracuse,Columbia,286,58,60,48,,Indep.,Ivy,,,,,,
215881,1949-12-09,,1950,regular,,final,Alabama,Georgia,5,98,53,38,,SEC,SEC,,,,,,
215905,1949-12-09,,1950,regular,,final,Miami,Florida,168,87,53,60,,Indep.,SEC,,,,,,
215951,1949-12-09,,1950,regular,,final,Tulane,Arkansas,303,12,41,42,,SEC,,,,,,,
216043,1949-12-09,,1950,regular,,final,Xavier,Western Kentucky,359,350,57,59,,Indep.,OVC,,,,,,
216052,1949-12-09,,1950,regular,,final,Harvard,Navy,107,187,68,70,,Ivy,Indep.,,,,,,
216093,1949-12-09,,1950,regular,,final,New York University,Rutgers,392,245,73,72,,Indep.,Indep.,,,,,,
216202,1949-12-09,,1950,regular,,final,St. John's,Rhode Island,279,240,75,54,,Indep.,Indep.,,,,,,
216214,1949-12-09,,1950,regular,,final,Yale,Penn State (Beaver),360,1353,57,51,,Ivy,,,,,,,
216303,1949-12-09,,1950,regular,,final,Toledo,Michigan,300,170,57,36,,Indep.,Big Ten,,,,,,
216348,1949-12-09,,1950,regular,,final,Temple,Muhlenberg,289,1400,56,49,,Indep.,,,,,,,
216375,1949-12-09,,1950,regular,,final,DePaul,La Salle,65,137,41,49,,Indep.,Indep.,,,,,,
216435,1949-12-09,,1950,regular,,final,Denver,BYU,68,18,54,56,,Indep.,,,,,,,
216540,1949-12-09,,1950,regular,,final,Georgia Tech,Furman,101,93,87,56,,SEC,SoCon,,,,,,
216668,1949-12-09,,1950,regular,,final,California,Saint Mary's,40,253,46,39,,Pac-12,Indep.,,,,,,
216707,1949-12-09,,1950,regular,,final,Loyola Chicago,Wisconsin,151,355,55,68,,Indep.,Big Ten,,,,,,
216722,1949-12-09,,1950,regular,,final,Michigan State,Indiana,169,121,58,73,,Big Ten,Big Ten,,,,,,
216743,1949-12-09,,1950,regular,,final,Oklahoma,Illinois,217,118,55,47,,,Big Ten,,,,,,
216782,1949-12-09,,1950,regular,,final,Saint Joseph's,Oklahoma State,251,218,46,57,,Indep.,MVC,,,,,,
216831,1949-12-09,,1950,regular,,final,Iowa State,Drake,125,70,64,58,,,MVC,,,,,,
216846,1949-12-09,,1950,regular,,final,Northwestern,Colorado,212,56,63,67,,Big Ten,,,,,,,
216865,1949-12-09,,1950,regular,,final,Kansas,Purdue,131,236,60,52,,,Big Ten,,,,,,
215645,1949-12-10,,1950,regular,,final,Lafayette,Princeton,138,234,48,35,,Indep.,Ivy,,,,,,
215842,1949-12-10,,1950,regular,,final,Auburn,Ole Miss,16,220,64,60,,SEC,SEC,,,,,,
215558,1949-12-11,,1950,regular,,final,George Washington,Washington & Lee,96,386,83,68,,SoCon,SoCon,,,,,,
215740,1949-12-11,,1950,regular,,final,West Virginia,Kansas State,347,132,44,49,,Indep.,,,,,,,
215745,1949-12-11,,1950,regular,,final,Loyola Chicago,Marquette,151,157,76,48,,Indep.,Indep.,,,,,,
216805,1949-12-11,,1950,regular,,final,Bradley,Nebraska,29,188,64,54,,MVC,MVC,,,,,,
216813,1949-12-11,,1950,regular,,final,Missouri,TCU,177,287,35,37,,,,,,,,,
215832,1949-12-12,,1950,regular,,final,Miami (OH),Dayton,167,64,50,66,,MAC,Indep.,,,,,,
216077,1949-12-12,,1950,regular,,final,Holy Cross,Dartmouth,111,62,85,53,,Indep.,Ivy,,,,,,
216192,1949-12-12,,1950,regular,,final,Boston College,Harvard,26,107,49,54,,Indep.,Ivy,,,,,,
216285,1949-12-12,,1950,regular,,final,New York University,Colgate,392,55,78,83,,Indep.,Indep.,,,,,,
216708,1949-12-12,,1950,regular,,final,Wisconsin,Notre Dame,355,213,56,48,,Big Ten,Indep.,,,,,,
216723,1949-12-12,,1950,regular,,final,Indiana,DePaul,121,65,61,55,,Big Ten,Indep.,,,,,,
216763,1949-12-12,,1950,regular,,final,Purdue,Drake,236,70,81,51,,Big Ten,MVC,,,,,,
216783,1949-12-12,,1950,regular,,final,Long Island University,Oklahoma State,146,218,38,31,,Indep.,MVC,,,,,,
216814,1949-12-12,,1950,regular,,final,Missouri,TCU,177,287,54,45,,,,,,,,,
215523,1949-12-13,,1950,regular,,final,Lehigh,Bucknell,141,32,52,71,,Indep.,Indep.,,,,,,
215659,1949-12-13,,1950,regular,,final,Navy,Virginia,187,339,61,38,,Indep.,Indep.,,,,,,
216029,1949-12-13,,1950,regular,,final,Georgetown,Penn State,97,226,70,63,,Indep.,Indep.,,,,,,
216094,1949-12-13,,1950,regular,,final,Rutgers,Princeton,245,234,66,55,,Indep.,Ivy,,,,,,
216215,1949-12-13,,1950,regular,,final,Penn State (Beaver),Maryland,1353,160,54,52,,,SoCon,,,,,,
216267,1949-12-13,,1950,regular,,final,Miami,South Carolina,168,266,64,54,,Indep.,SoCon,,,,,,
216304,1949-12-13,,1950,regular,,final,Michigan,Butler,170,34,73,48,,Big Ten,MAC,,,,,,
216376,1949-12-13,,1950,regular,,final,La Salle,Loyola Maryland,137,152,73,51,,Indep.,,,,,,,
216459,1949-12-13,,1950,regular,,final,Louisville,Loyola Marymount,150,153,47,46,,Indep.,Indep.,,,,,,
216541,1949-12-13,,1950,regular,,final,Georgia Tech,Davidson,101,63,78,59,,SEC,SoCon,,,,,,
216744,1949-12-13,,1950,regular,,final,Illinois,Arkansas,118,12,65,53,,Big Ten,,,,,,,
215629,1949-12-14,,1950,regular,,final,Canisius,USC,42,323,55,69,,Indep.,Pac-12,,,,,,
215683,1949-12-14,,1950,regular,,final,Bradley,TCU,29,287,85,49,,MVC,,,,,,,
216143,1949-12-14,,1950,regular,,final,Niagara,Denver,194,68,55,54,,Indep.,Indep.,,,,,,
216268,1949-12-14,,1950,regular,,final,Miami,South Carolina,168,266,57,56,,Indep.,SoCon,,,,,,
216475,1949-12-14,,1950,regular,,final,NC State,Loyola Marymount,185,153,62,47,,SoCon,Indep.,,,,,,
216498,1949-12-14,,1950,regular,,final,Davidson,Duke,63,72,49,66,,SoCon,SoCon,,,,,,
216595,1949-12-14,,1950,regular,,final,St. John's,Kentucky,279,135,69,58,,Indep.,SEC,,,,,,
216724,1949-12-14,,1950,regular,,final,Indiana,Arkansas,121,12,75,50,,Big Ten,,,,,,,
216866,1949-12-14,,1950,regular,,final,Cincinnati,Kansas,51,131,56,54,,MAC,,,,,,,
215539,1949-12-15,,1950,regular,,final,John Carroll,William & Mary,1388,353,64,54,,,SoCon,,,,,,
215622,1949-12-15,,1950,regular,,final,Oregon State,Utah,224,331,53,41,,Pac-12,,,,,,,
215692,1949-12-15,,1950,regular,,final,Kansas State,Baylor,132,20,78,30,,,,,,,,,
215799,1949-12-15,,1950,regular,,final,Santa Clara,UCLA,261,313,56,68,,Indep.,Pac-12,,,,,,
215943,1949-12-15,,1950,regular,,final,Case Western Reserve,Western Michigan,1352,351,44,76,,,MAC,,,,,,
215955,1949-12-15,,1950,regular,,final,Tulane,Florida,303,87,69,50,,SEC,SEC,,,,,,
216161,1949-12-15,,1950,regular,,final,Wyoming,Idaho,358,117,58,48,,,Pac-12,,,,,,
216525,1949-12-15,,1950,regular,,final,Maryland,Clemson,160,52,55,60,,SoCon,SoCon,,,,,,
215623,1949-12-16,,1950,regular,,final,Oregon State,Utah,224,331,42,51,,Pac-12,,,,,,,
215646,1949-12-16,,1950,regular,,final,Colgate,Princeton,55,234,76,68,,Indep.,Ivy,,,,,,
215652,1949-12-16,,1950,regular,,final,Navy,Maryland,187,160,75,62,,Indep.,SoCon,,,,,,
215660,1949-12-16,,1950,regular,,final,George Washington,Virginia,96,339,64,68,,SoCon,Indep.,,,,,,
215684,1949-12-16,,1950,regular,,final,Saint Louis,TCU,252,287,80,53,,MVC,,,,,,,
215707,1949-12-16,,1950,regular,,final,Bradley,Purdue,29,236,65,71,,MVC,Big Ten,,,,,,
215833,1949-12-16,,1950,regular,,final,Tennessee,Dayton,292,64,38,57,,SEC,Indep.,,,,,,
215937,1949-12-16,,1950,regular,,final,Case Western Reserve,Iowa,1352,124,57,97,,,Big Ten,,,,,,
215956,1949-12-16,,1950,regular,,final,Tulane,Ole Miss,303,220,70,58,,SEC,SEC,,,,,,
215961,1949-12-16,,1950,regular,,final,Washington & Lee,Duke,386,72,67,81,,SoCon,SoCon,,,,,,
215963,1949-12-16,,1950,regular,,final,Akron,William & Mary,3,353,49,53,,,SoCon,,,,,,
216053,1949-12-16,,1950,regular,,final,Georgetown,Harvard,97,107,58,53,,Indep.,Ivy,,,,,,
216063,1949-12-16,,1950,regular,,final,Cornell,Yale,60,360,60,57,,Ivy,Ivy,,,,,,
216095,1949-12-16,,1950,regular,,final,Syracuse,Rutgers,286,245,72,53,,Indep.,Indep.,,,,,,
216144,1949-12-16,,1950,regular,,final,Long Island University,Denver,146,68,58,43,,Indep.,Indep.,,,,,,
216162,1949-12-16,,1950,regular,,final,Wyoming,Idaho,358,117,58,40,,,Pac-12,,,,,,
216216,1949-12-16,,1950,regular,,final,Muhlenberg,Penn State (Beaver),1400,1353,75,57,,,,,,,,,
216269,1949-12-16,,1950,regular,,final,Georgia,South Carolina,98,266,77,62,,SEC,SoCon,,,,,,
216286,1949-12-16,,1950,regular,,final,New York University,Holy Cross,392,111,34,49,,Indep.,Indep.,,,,,,
216289,1949-12-16,,1950,regular,,final,Saint Mary's,Colorado State,253,57,58,67,,Indep.,Indep.,,,,,,
216364,1949-12-16,,1950,regular,,final,Saint Joseph's,USC,251,323,65,79,,Indep.,Pac-12,,,,,,
216392,1949-12-16,,1950,regular,,final,Cincinnati,Western Kentucky,51,350,55,54,,MAC,OVC,,,,,,
216460,1949-12-16,,1950,regular,,final,Xavier,Louisville,359,150,47,64,,Indep.,Indep.,,,,,,
216526,1949-12-16,,1950,regular,,final,Richmond,Clemson,242,52,53,75,,SoCon,SoCon,,,,,,
216562,1949-12-16,,1950,regular,,final,Mississippi State,Alabama,174,5,47,44,,SEC,SEC,,,,,,
216578,1949-12-16,,1950,regular,,final,LSU,Florida,136,87,73,49,,SEC,SEC,,,,,,
216669,1949-12-16,,1950,regular,,final,Canisius,California,42,40,55,53,,Indep.,Pac-12,,,,,,
216709,1949-12-16,,1950,regular,,final,Marquette,Wisconsin,157,355,45,62,,Indep.,Big Ten,,,,,,
216745,1949-12-16,,1950,regular,,final,Illinois,Oklahoma,118,217,57,47,,Big Ten,,,,,,,
216806,1949-12-16,,1950,regular,,final,Nebraska,Baylor,188,20,69,55,,MVC,,,,,,,
216815,1949-12-16,,1950,regular,,final,Michigan State,Missouri,169,177,54,73,,Big Ten,,,,,,,
216832,1949-12-16,,1950,regular,,final,Minnesota,Iowa State,173,125,67,44,,Big Ten,,,,,,,
216847,1949-12-16,,1950,regular,,final,Colorado,SMU,56,248,71,48,,,,,,,,,
216867,1949-12-16,,1950,regular,,final,Duquesne,Kansas,73,131,64,54,,Indep.,,,,,,,
215625,1949-12-17,,1950,regular,,final,San Francisco,UCLA,259,313,53,40,,Indep.,Pac-12,,,,,,
215536,1949-12-18,,1950,regular,,final,Niagara,St. Francis Brooklyn,194,364,65,58,,Indep.,Indep.,,,,,,
215559,1949-12-18,,1950,regular,,final,Washington & Lee,George Washington,386,96,61,63,,SoCon,SoCon,,,,,,
215695,1949-12-18,,1950,regular,,final,City College of New York,Oklahoma,393,217,63,67,,,,,,,,,
215716,1949-12-18,,1950,regular,,final,Loyola Maryland,Villanova,152,338,45,49,,,Indep.,,,,,,
215724,1949-12-18,,1950,regular,,final,Syracuse,Princeton,286,234,80,48,,Indep.,Ivy,,,,,,
215972,1949-12-18,,1950,regular,,final,Bowling Green,William & Mary,28,353,74,58,,Indep.,SoCon,,,,,,
215994,1949-12-18,,1950,regular,,final,Virginia,Gettysburg,339,1189,59,57,,Indep.,,,,,,,
216096,1949-12-18,,1950,regular,,final,Cornell,Rutgers,60,245,78,46,,Ivy,Indep.,,,,,,
216181,1949-12-18,,1950,regular,,final,Duquesne,Loyola Marymount,73,153,61,47,,Indep.,Indep.,,,,,,
216238,1949-12-18,,1950,regular,,final,Notre Dame,Iowa,213,124,62,64,,Indep.,Big Ten,,,,,,
216333,1949-12-18,,1950,regular,,final,St. John's,Washington State,279,344,67,44,,Indep.,Pac-12,,,,,,
216461,1949-12-18,,1950,regular,,final,Louisville,Denver,150,68,81,70,,Indep.,Indep.,,,,,,
216476,1949-12-18,,1950,regular,,final,NC State,Michigan,185,170,46,54,,SoCon,Big Ten,,,,,,
216542,1949-12-18,,1950,regular,,final,Bradley,Georgia Tech,29,101,84,60,,MVC,SEC,,,,,,
216579,1949-12-18,,1950,regular,,final,LSU,Ole Miss,136,220,74,61,,SEC,SEC,,,,,,
216725,1949-12-18,,1950,regular,,final,Oregon State,Indiana,224,121,60,65,,Pac-12,Big Ten,,,,,,
216833,1949-12-18,,1950,regular,,final,Iowa State,Northwestern,125,212,64,54,,,Big Ten,,,,,,
216848,1949-12-18,,1950,regular,,final,Colorado,SMU,56,248,56,50,,,,,,,,,
215630,1949-12-19,,1950,regular,,final,Long Island University,USC,146,323,70,45,,Indep.,Pac-12,,,,,,
215843,1949-12-19,,1950,regular,,final,Auburn,Alabama,16,5,45,40,,SEC,SEC,,,,,,
215952,1949-12-19,,1950,regular,,final,Baylor,Tulane,20,303,53,86,,,SEC,,,,,,
216193,1949-12-19,,1950,regular,,final,Boston College,Loyola Marymount,26,153,55,53,,Indep.,Indep.,,,,,,
216415,1949-12-19,,1950,regular,,final,Wichita State,TCU,352,287,65,48,,MVC,,,,,,,
216477,1949-12-19,,1950,regular,,final,NC State,Michigan,185,170,63,52,,SoCon,Big Ten,,,,,,
216499,1949-12-19,,1950,regular,,final,South Carolina,Duke,266,72,54,44,,SoCon,SoCon,,,,,,
216543,1949-12-19,,1950,regular,,final,Saint Louis,Georgia Tech,252,101,59,45,,MVC,SEC,,,,,,
216622,1949-12-19,,1950,regular,,final,Washington,Minnesota,343,173,53,55,,Pac-12,Big Ten,,,,,,
216643,1949-12-19,,1950,regular,,final,Oregon,Stanford,223,281,67,70,,Pac-12,Pac-12,,,,,,
216670,1949-12-19,,1950,regular,,final,New York University,California,392,40,69,50,,Indep.,Pac-12,,,,,,
216726,1949-12-19,,1950,regular,,final,Oregon State,Indiana,224,121,53,58,,Pac-12,Big Ten,,,,,,
216816,1949-12-19,,1950,regular,,final,Missouri,Wisconsin,177,355,50,48,,,Big Ten,,,,,,
216834,1949-12-19,,1950,regular,,final,Iowa State,Idaho,125,117,39,41,,,Pac-12,,,,,,
216868,1949-12-19,,1950,regular,,final,Holy Cross,Kansas,111,131,57,53,,Indep.,,,,,,,
215544,1949-12-20,,1950,regular,,final,Valparaiso,Western Michigan,335,351,66,64,,Indep.,MAC,,,,,,
215903,1949-12-20,,1950,regular,,final,Miami,Ole Miss,168,220,82,67,,Indep.,SEC,,,,,,
215928,1949-12-20,,1950,regular,,final,Xavier,Santa Clara,359,261,76,41,,Indep.,Indep.,,,,,,
215949,1949-12-20,,1950,regular,,final,Purdue,Case Western Reserve,236,1352,75,54,,Big Ten,,,,,,,
216145,1949-12-20,,1950,regular,,final,Toledo,Denver,300,68,52,50,,Indep.,Indep.,,,,,,
216217,1949-12-20,,1950,regular,,final,Syracuse,Penn State (Beaver),286,1353,91,65,,Indep.,,,,,,,
216334,1949-12-20,,1950,regular,,final,Bradley,Washington State,29,344,67,59,,MVC,Pac-12,,,,,,
216350,1949-12-20,,1950,regular,,final,West Virginia,Temple,347,289,57,46,,Indep.,Indep.,,,,,,
216623,1949-12-20,,1950,regular,,final,Washington,Minnesota,343,173,53,46,,Pac-12,Big Ten,,,,,,
216644,1949-12-20,,1950,regular,,final,Oregon,Stanford,223,281,58,51,,Pac-12,Pac-12,,,,,,
216764,1949-12-20,,1950,regular,,final,Drake,Idaho,70,117,58,53,,MVC,Pac-12,,,,,,
216849,1949-12-20,,1950,regular,,final,Colorado,Rice,56,241,83,52,,,,,,,,,
215904,1949-12-21,,1950,regular,,final,Miami,Ole Miss,168,220,55,43,,Indep.,SEC,,,,,,
216182,1949-12-21,,1950,regular,,final,Duquesne,Fordham,73,91,75,61,,Indep.,Indep.,,,,,,
216203,1949-12-21,,1950,regular,,final,St. John's,San Francisco,279,259,60,44,,Indep.,Indep.,,,,,,
216335,1949-12-21,,1950,regular,,final,Kansas State,Washington State,132,344,63,39,,,Pac-12,,,,,,
216416,1949-12-21,,1950,regular,,final,Wichita State,Creighton,352,61,70,53,,MVC,Indep.,,,,,,
216580,1949-12-21,,1950,regular,,final,Louisville,LSU,150,136,75,65,,Indep.,SEC,,,,,,
216671,1949-12-21,,1950,regular,,final,City College of New York,California,393,40,76,46,,,Pac-12,,,,,,
216690,1949-12-21,,1950,regular,,final,Michigan State,Georgia Tech,169,101,60,68,,Big Ten,SEC,,,,,,
216746,1949-12-21,,1950,regular,,final,Illinois,Saint Louis,118,252,59,47,,Big Ten,MVC,,,,,,
216784,1949-12-21,,1950,regular,,final,Arkansas,Oklahoma State,12,218,36,44,,,MVC,,,,,,
216817,1949-12-21,,1950,regular,,final,SMU,Missouri,248,177,61,62,,,,,,,,,
216850,1949-12-21,,1950,regular,,final,Colorado,Rice,56,241,64,51,,,,,,,,,
215741,1949-12-22,,1950,regular,,final,West Virginia,Fordham,347,91,61,37,,Indep.,Indep.,,,,,,
216336,1949-12-22,,1950,regular,,final,Wyoming,Washington State,358,344,43,37,,,Pac-12,,,,,,
216624,1949-12-22,,1950,regular,,final,Washington,Stanford,343,281,62,56,,Pac-12,Pac-12,,,,,,
216672,1949-12-22,,1950,regular,,final,Ohio State,California,216,40,78,67,,Big Ten,Pac-12,,,,,,
216691,1949-12-22,,1950,regular,,final,Northwestern,Michigan State,212,169,68,46,,Big Ten,Big Ten,,,,,,
216747,1949-12-22,,1950,regular,,final,Illinois,UCLA,118,313,63,65,,Big Ten,Pac-12,,,,,,
216807,1949-12-22,,1950,regular,,final,Nebraska,Idaho,188,117,66,45,,MVC,Pac-12,,,,,,
216818,1949-12-22,,1950,regular,,final,SMU,Missouri,248,177,42,53,,,,,,,,,
216835,1949-12-22,,1950,regular,,final,Drake,Iowa State,70,125,39,38,,MVC,,,,,,,
215710,1949-12-23,,1950,regular,,final,DePaul,USC,65,323,52,57,,Indep.,Pac-12,,,,,,
216597,1949-12-24,,1950,regular,,final,Purdue,Kentucky,236,135,54,60,,Big Ten,SEC,,,,,,
215800,1949-12-25,,1950,regular,,final,Manhattan,Santa Clara,155,261,64,73,,Indep.,Indep.,,,,,,
216044,1949-12-25,,1950,regular,,final,Canisius,Western Kentucky,42,350,61,74,,Indep.,OVC,,,,,,
216365,1949-12-25,,1950,regular,,final,Saint Joseph's,Utah,251,331,69,68,,Indep.,,,,,,,
216378,1949-12-25,,1950,regular,,final,La Salle,UCLA,137,313,57,62,,Indep.,Pac-12,,,,,,
215626,1949-12-26,,1950,regular,,final,City College of New York,UCLA,393,313,53,60,,,Pac-12,,,,,,
215702,1949-12-26,,1950,regular,,final,Oregon State,Minnesota,224,173,41,51,,Pac-12,Big Ten,,,,,,
215711,1949-12-26,,1950,regular,,final,Bradley,DePaul,29,65,68,65,,MVC,Indep.,,,,,,
215725,1949-12-26,,1950,regular,,final,Syracuse,Brown,286,30,54,52,,Indep.,Indep.,,,,,,
215926,1949-12-26,,1950,regular,,final,Xavier,Holy Cross,359,111,51,54,,Indep.,Indep.,,,,,,
216183,1949-12-26,,1950,regular,,final,Duquesne,Idaho,73,117,74,55,,Indep.,Pac-12,,,,,,
216194,1949-12-26,,1950,regular,,final,Yale,Boston College,360,26,33,45,,Ivy,Indep.,,,,,,
216204,1949-12-26,,1950,regular,,final,St. John's,Utah,279,331,51,50,,Indep.,,,,,,,
216417,1949-12-26,,1950,regular,,final,TCU,Wichita State,287,352,54,42,,,MVC,,,,,,
216645,1949-12-26,,1950,regular,,final,Loyola Chicago,Oregon,151,223,70,53,,Indep.,Pac-12,,,,,,
216748,1949-12-26,,1950,regular,,final,Illinois,Columbia,118,58,58,46,,Big Ten,Ivy,,,,,,
215974,1949-12-27,,1950,regular,,final,Bowling Green,Holy Cross,28,111,70,71,,Indep.,Indep.,,,,,,
216418,1949-12-27,,1950,regular,,final,Rice,Wichita State,241,352,72,66,,,MVC,,,,,,
216646,1949-12-27,,1950,regular,,final,Iowa,Oregon,124,223,81,54,,Big Ten,Pac-12,,,,,,
216692,1949-12-27,,1950,regular,,final,Michigan State,Harvard,169,107,57,68,,Big Ten,Ivy,,,,,,
215619,1949-12-28,,1950,regular,,final,Canisius,Utah,42,331,49,39,,Indep.,,,,,,,
215631,1949-12-28,,1950,regular,,final,USC,Loyola Marymount,323,153,55,42,,Pac-12,Indep.,,,,,,
215634,1949-12-28,,1950,regular,,final,St. Bonaventure,Brown,277,30,54,51,,Indep.,Indep.,,,,,,
215705,1949-12-28,,1950,regular,,final,Northwestern,UCLA,212,313,64,58,,Big Ten,Pac-12,,,,,,
215708,1949-12-28,,1950,regular,,final,Butler,Purdue,34,236,57,52,,MAC,Big Ten,,,,,,
215950,1949-12-28,,1950,regular,,final,Tulane,Bradley,303,29,46,78,,SEC,MVC,,,,,,
216064,1949-12-28,,1950,regular,,final,New York University,Yale,392,360,72,62,,Indep.,Ivy,,,,,,
216146,1949-12-28,,1950,regular,,final,Denver,Columbia,68,58,59,63,,Indep.,Ivy,,,,,,
216218,1949-12-28,,1950,regular,,final,Miami,Penn State (Beaver),168,1353,64,62,,Indep.,,,,,,,
216351,1949-12-28,,1950,regular,,final,Temple,Santa Clara,289,261,41,66,,Indep.,Indep.,,,,,,
216379,1949-12-28,,1950,regular,,final,La Salle,San Francisco,137,259,44,46,,Indep.,Indep.,,,,,,
216545,1949-12-28,,1950,regular,,final,NC State,Georgia Tech,185,101,57,34,,SoCon,SEC,,,,,,
216693,1949-12-28,,1950,regular,,final,Michigan State,Cornell,169,60,61,54,,Big Ten,Ivy,,,,,,
215528,1949-12-29,,1950,regular,,final,John Carroll,Santa Clara,1388,261,58,59,,,Indep.,,,,,,
215699,1949-12-29,,1950,regular,,final,SMU,Navy,248,187,50,53,,,Indep.,,,,,,
215726,1949-12-29,,1950,regular,,final,Syracuse,Holy Cross,286,111,58,71,,Indep.,Indep.,,,,,,
215947,1949-12-29,,1950,regular,,final,Case Western Reserve,Miami (OH),1352,167,63,60,,,MAC,,,,,,
215953,1949-12-29,,1950,regular,,final,Tulane,Villanova,303,338,58,55,,SEC,Indep.,,,,,,
215964,1949-12-29,,1950,regular,,final,Akron,Rutgers,3,245,72,68,,,Indep.,,,,,,
215983,1949-12-29,,1950,regular,,final,Seton Hall,William & Mary,263,353,47,65,,Indep.,SoCon,,,,,,
216184,1949-12-29,,1950,regular,,final,Duquesne,Dartmouth,73,62,79,51,,Indep.,Ivy,,,,,,
216219,1949-12-29,,1950,regular,,final,Miami,Penn State (Beaver),168,1353,53,51,,Indep.,,,,,,,
216625,1949-12-29,,1950,regular,,final,Washington,Columbia,343,58,60,56,,Pac-12,Ivy,,,,,,
216647,1949-12-29,,1950,regular,,final,Iowa,Oregon,124,223,70,69,,Big Ten,Pac-12,,,,,,
216711,1949-12-29,,1950,regular,,final,Wisconsin,UCLA,355,313,54,52,,Big Ten,Pac-12,,,,,,
216728,1949-12-29,,1950,regular,,final,Butler,Indiana,34,121,57,68,,MAC,Big Ten,,,,,,
216749,1949-12-29,,1950,regular,,final,Illinois,Princeton,118,234,68,61,,Big Ten,Ivy,,,,,,
216766,1949-12-29,,1950,regular,,final,Drake,Tennessee,70,292,57,64,,MVC,SEC,,,,,,
215590,1949-12-30,,1950,regular,,final,Canisius,Cornell,42,60,43,47,,Indep.,Ivy,,,,,,
215614,1949-12-30,,1950,regular,,final,Niagara,San Francisco,194,259,48,52,,Indep.,Indep.,,,,,,
215706,1949-12-30,,1950,regular,,final,Northwestern,Princeton,212,234,68,49,,Big Ten,Ivy,,,,,,
215746,1949-12-30,,1950,regular,,final,Marquette,UCLA,157,313,52,68,,Indep.,Pac-12,,,,,,
215780,1949-12-30,,1950,regular,,final,Baylor,SMU,20,248,37,61,,,,,,,,,
215938,1949-12-30,,1950,regular,,final,Case Western Reserve,Harvard,1352,107,68,72,,,Ivy,,,,,,
216380,1949-12-30,,1950,regular,,final,La Salle,Georgetown,137,97,90,58,,Indep.,Indep.,,,,,,
216626,1949-12-30,,1950,regular,,final,Washington,Columbia,343,58,49,46,,Pac-12,Ivy,,,,,,
215596,1950-01-01,,1950,regular,,final,Vanderbilt,Washington University (St. Louis),336,1458,53,55,,SEC,Indep.,,,,,,
215620,1950-01-01,,1950,regular,,final,Loyola Chicago,Utah,151,331,58,52,,Indep.,,,,,,,
215765,1950-01-01,,1950,regular,,final,Cornell,Brown,60,30,39,32,,Ivy,Indep.,,,,,,
215824,1950-01-01,,1950,regular,,final,Bradley,Ohio State,29,216,65,46,,MVC,Big Ten,,,,,,
216004,1950-01-01,,1950,regular,,final,Long Island University,Muhlenberg,146,1400,69,58,,Indep.,,,,,,,
216078,1950-01-01,,1950,regular,,final,New York University,Dartmouth,392,62,87,39,,Indep.,Ivy,,,,,,
216165,1950-01-01,,1950,regular,,final,Denver,Wyoming,68,358,54,44,,Indep.,,,,,,,
216185,1950-01-01,,1950,regular,,final,Duquesne,Rutgers,73,245,59,54,,Indep.,Indep.,,,,,,
216295,1950-01-01,,1950,regular,,final,Iowa,Utah State,124,329,62,58,,Big Ten,Indep.,,,,,,
216319,1950-01-01,,1950,regular,,final,North Carolina,Maryland,200,160,55,53,,SoCon,SoCon,,,,,,
216381,1950-01-01,,1950,regular,,final,La Salle,Western Kentucky,137,350,80,69,,Indep.,OVC,,,,,,
216437,1950-01-01,,1950,regular,,final,Bowling Green,BYU,28,18,75,50,,Indep.,,,,,,,
216462,1950-01-01,,1950,regular,,final,Louisville,Tennessee,150,292,74,63,,Indep.,SEC,,,,,,
216600,1950-01-01,,1950,regular,,final,Arkansas,Kentucky,12,135,53,57,,,SEC,,,,,,
216648,1950-01-01,,1950,regular,,final,Oregon,Columbia,223,58,62,74,,Pac-12,Ivy,,,,,,
216729,1950-01-01,,1950,regular,,final,Indiana,Michigan State,121,169,60,50,,Big Ten,Big Ten,,,,,,
216750,1950-01-01,,1950,regular,,final,Wisconsin,Illinois,355,118,59,50,,Big Ten,Big Ten,,,,,,
215560,1950-01-02,,1950,regular,,final,Manhattan,George Washington,155,96,76,64,,Indep.,SoCon,,,,,,
215671,1950-01-02,,1950,regular,,final,Wake Forest,William & Mary,342,353,34,48,,SoCon,SoCon,,,,,,
215693,1950-01-02,,1950,regular,,final,Kansas State,Utah State,132,329,70,45,,,Indep.,,,,,,
216166,1950-01-02,,1950,regular,,final,Colorado State,Wyoming,57,358,38,41,,Indep.,,,,,,,
216270,1950-01-02,,1950,regular,,final,Furman,South Carolina,93,266,41,52,,SoCon,SoCon,,,,,,
216337,1950-01-02,,1950,regular,,final,Oregon State,Washington State,224,344,38,42,,Pac-12,Pac-12,,,,,,
216393,1950-01-02,,1950,regular,,final,Cincinnati,Case Western Reserve,51,1352,61,35,,MAC,,,,,,,
216480,1950-01-02,,1950,regular,,final,NC State,San Francisco,185,259,69,54,,SoCon,Indep.,,,,,,
216649,1950-01-02,,1950,regular,,final,Oregon,Columbia,223,58,35,46,,Pac-12,Ivy,,,,,,
216767,1950-01-02,,1950,regular,,final,Drake,Detroit Mercy,70,69,67,53,,MVC,MVC,,,,,,
215514,1950-01-03,,1950,regular,,final,Rice,TCU,241,287,80,61,,,,,,,,,
215769,1950-01-03,,1950,regular,,final,Texas A&M,SMU,293,248,48,53,,,,,,,,,
215789,1950-01-03,,1950,regular,,final,Arkansas,Texas,12,295,60,51,,,,,,,,,
215855,1950-01-03,,1950,regular,,final,Saint Louis,Detroit Mercy,252,69,56,41,,MVC,MVC,,,,,,
216054,1950-01-03,,1950,regular,,final,Harvard,Holy Cross,107,111,71,102,,Ivy,Indep.,,,,,,
216097,1950-01-03,,1950,regular,,final,Fordham,Rutgers,91,245,74,78,,Indep.,Indep.,,,,,,
216240,1950-01-03,,1950,regular,,final,Notre Dame,Butler,213,34,54,33,,Indep.,MAC,,,,,,
216338,1950-01-03,,1950,regular,,final,Oregon State,Washington State,224,344,54,53,,Pac-12,Pac-12,,,,,,
216438,1950-01-03,,1950,regular,,final,Loyola Chicago,BYU,151,18,45,54,,Indep.,,,,,,,
216503,1950-01-03,,1950,regular,,final,Duke,Maryland,72,160,58,46,,SoCon,SoCon,,,,,,
216787,1950-01-03,,1950,regular,,final,Oklahoma State,DePaul,218,65,40,41,,MVC,Indep.,,,,,,
215761,1950-01-04,,1950,regular,,final,Columbia,Princeton,58,234,52,48,,Ivy,Ivy,,,,,,
215767,1950-01-04,,1950,regular,,final,Texas A&M,TCU,293,287,49,45,,,,,,,,,
216352,1950-01-04,,1950,regular,,final,New York University,Temple,392,289,45,50,,Indep.,Indep.,,,,,,
215568,1950-01-05,,1950,regular,,final,St. Francis Brooklyn,Fordham,364,91,51,56,,Indep.,Indep.,,,,,,
215755,1950-01-05,,1950,regular,,final,Colorado State,Utah,57,331,52,56,,Indep.,,,,,,,
215892,1950-01-05,,1950,regular,,final,USC,Stanford,323,281,73,58,,Pac-12,Pac-12,,,,,,
215923,1950-01-05,,1950,regular,,final,Xavier,Loyola Maryland,359,152,86,63,,Indep.,,,,,,,
215965,1950-01-05,,1950,regular,,final,John Carroll,Akron,1388,3,56,60,,,,,,,,,
216147,1950-01-05,,1950,regular,,final,Denver,Utah State,68,329,56,51,,Indep.,Indep.,,,,,,
216271,1950-01-05,,1950,regular,,final,Wake Forest,South Carolina,342,266,57,52,,SoCon,SoCon,,,,,,
216581,1950-01-05,,1950,regular,,final,LSU,Georgia Tech,136,101,63,52,,SEC,SEC,,,,,,
216627,1950-01-05,,1950,regular,,final,Washington,Idaho,343,117,67,43,,Pac-12,Pac-12,,,,,,
216650,1950-01-05,,1950,regular,,final,Oregon,Washington State,223,344,51,48,,Pac-12,Pac-12,,,,,,
216675,1950-01-05,,1950,regular,,final,UCLA,California,313,40,50,45,,Pac-12,Pac-12,,,,,,
216821,1950-01-05,,1950,regular,,final,Missouri,Washington University (St. Louis),177,1458,49,43,,,Indep.,,,,,,
216872,1950-01-05,,1950,regular,,final,Kansas,Oklahoma,131,217,56,50,,,,,,,,,
215527,1950-01-06,,1950,regular,,final,Navy,VMI,187,334,76,26,,Indep.,SoCon,,,,,,
215540,1950-01-06,,1950,regular,,final,William & Mary,Washington & Lee,353,386,80,56,,SoCon,SoCon,,,,,,
215552,1950-01-06,,1950,regular,,final,Western Michigan,Miami (OH),351,167,94,66,,MAC,MAC,,,,,,
215599,1950-01-06,,1950,regular,,final,Canisius,Saint Louis,42,252,55,50,,Indep.,MVC,,,,,,
215602,1950-01-06,,1950,regular,,final,City College of New York,Loyola Chicago,393,151,61,46,,,Indep.,,,,,,
215635,1950-01-06,,1950,regular,,final,Army,Brown,15,30,51,43,,Indep.,Indep.,,,,,,
215653,1950-01-06,,1950,regular,,final,Georgetown,Maryland,97,160,65,71,,Indep.,SoCon,,,,,,
215717,1950-01-06,,1950,regular,,final,Villanova,Valparaiso,338,335,60,55,,Indep.,Indep.,,,,,,
215742,1950-01-06,,1950,regular,,final,Niagara,West Virginia,194,347,70,63,,Indep.,Indep.,,,,,,
215747,1950-01-06,,1950,regular,,final,Minnesota,Marquette,173,157,74,38,,Big Ten,Indep.,,,,,,
215756,1950-01-06,,1950,regular,,final,Colorado State,Utah,57,331,40,48,,Indep.,,,,,,,
215781,1950-01-06,,1950,regular,,final,Baylor,Texas,20,295,49,43,,,,,,,,,
215801,1950-01-06,,1950,regular,,final,Santa Clara,Saint Mary's,261,253,49,37,,Indep.,Indep.,,,,,,
215864,1950-01-06,,1950,regular,,final,Purdue,Northwestern,236,212,58,60,,Big Ten,Big Ten,,,,,,
215871,1950-01-06,,1950,regular,,final,Georgia,Ole Miss,98,220,70,52,,SEC,SEC,,,,,,
215875,1950-01-06,,1950,regular,,final,Tennessee,Vanderbilt,292,336,52,67,,SEC,SEC,,,,,,
215883,1950-01-06,,1950,regular,,final,Florida,Alabama,87,5,48,51,,SEC,SEC,,,,,,
215893,1950-01-06,,1950,regular,,final,UCLA,Stanford,313,281,71,55,,Pac-12,Pac-12,,,,,,
215945,1950-01-06,,1950,regular,,final,Case Western Reserve,Ohio,1352,215,66,84,,,MAC,,,,,,
215995,1950-01-06,,1950,regular,,final,Lehigh,Gettysburg,141,1189,65,58,,Indep.,,,,,,,
216031,1950-01-06,,1950,regular,,final,Penn State,Colgate,226,55,67,68,,Indep.,Indep.,,,,,,
216055,1950-01-06,,1950,regular,,final,Princeton,Harvard,234,107,77,42,,Ivy,Ivy,,,,,,
216065,1950-01-06,,1950,regular,,final,Columbia,Yale,58,360,51,43,,Ivy,Ivy,,,,,,
216079,1950-01-06,,1950,regular,,final,Dartmouth,Cornell,62,60,48,47,,Ivy,Ivy,,,,,,
216098,1950-01-06,,1950,regular,,final,Rutgers,Bucknell,245,32,88,63,,Indep.,Indep.,,,,,,
216125,1950-01-06,,1950,regular,,final,George Washington,Richmond,96,242,66,49,,SoCon,SoCon,,,,,,
216148,1950-01-06,,1950,regular,,final,Denver,Utah State,68,329,47,59,,Indep.,Indep.,,,,,,
216195,1950-01-06,,1950,regular,,final,Holy Cross,Boston College,111,26,93,46,,Indep.,Indep.,,,,,,
216220,1950-01-06,,1950,regular,,final,Penn State (Beaver),Lafayette,1353,138,73,57,,,Indep.,,,,,,
216256,1950-01-06,,1950,regular,,final,Rice,SMU,241,248,61,63,,,,,,,,,
216305,1950-01-06,,1950,regular,,final,Michigan,Iowa,170,124,66,46,,Big Ten,Big Ten,,,,,,
216320,1950-01-06,,1950,regular,,final,Davidson,North Carolina,63,200,53,63,,SoCon,SoCon,,,,,,
216353,1950-01-06,,1950,regular,,final,Temple,Syracuse,289,286,55,52,,Indep.,Indep.,,,,,,
216367,1950-01-06,,1950,regular,,final,St. John's,Saint Joseph's,279,251,76,58,,Indep.,Indep.,,,,,,
216382,1950-01-06,,1950,regular,,final,La Salle,Bowling Green,137,28,72,62,,Indep.,Indep.,,,,,,
216394,1950-01-06,,1950,regular,,final,Cincinnati,Pittsburgh,51,229,63,38,,MAC,Indep.,,,,,,
216463,1950-01-06,,1950,regular,,final,Louisville,Xavier,150,359,77,72,,Indep.,Indep.,,,,,,
216504,1950-01-06,,1950,regular,,final,Duke,NC State,72,185,58,55,,SoCon,SoCon,,,,,,
216527,1950-01-06,,1950,regular,,final,Furman,Clemson,93,52,56,55,,SoCon,SoCon,,,,,,
216547,1950-01-06,,1950,regular,,final,Tulane,Georgia Tech,303,101,64,62,,SEC,SEC,,,,,,
216563,1950-01-06,,1950,regular,,final,Mississippi State,Auburn,174,16,64,65,,SEC,SEC,,,,,,
216628,1950-01-06,,1950,regular,,final,Washington,Idaho,343,117,44,40,,Pac-12,Pac-12,,,,,,
216651,1950-01-06,,1950,regular,,final,Oregon,Washington State,223,344,46,54,,Pac-12,Pac-12,,,,,,
216676,1950-01-06,,1950,regular,,final,USC,California,323,40,61,45,,Pac-12,Pac-12,,,,,,
216694,1950-01-06,,1950,regular,,final,Michigan State,Notre Dame,169,213,65,76,,Big Ten,Indep.,,,,,,
216730,1950-01-06,,1950,regular,,final,Indiana,Wisconsin,121,355,61,59,,Big Ten,Big Ten,,,,,,
216751,1950-01-06,,1950,regular,,final,Ohio State,Illinois,216,118,83,62,,Big Ten,Big Ten,,,,,,
216768,1950-01-06,,1950,regular,,final,Drake,Bradley,70,29,57,72,,MVC,MVC,,,,,,
216788,1950-01-06,,1950,regular,,final,Wichita State,Oklahoma State,352,218,38,37,,MVC,MVC,,,,,,
216854,1950-01-06,,1950,regular,,final,Iowa State,Colorado,125,56,50,40,,,,,,,,,
215672,1950-01-08,,1950,regular,,final,Wake Forest,Tennessee,342,292,69,62,,SoCon,SEC,,,,,,
215727,1950-01-08,,1950,regular,,final,Syracuse,Loyola Chicago,286,151,59,71,,Indep.,Indep.,,,,,,
215811,1950-01-08,,1950,regular,,final,Colorado State,Utah State,57,329,33,38,,Indep.,Indep.,,,,,,
215825,1950-01-08,,1950,regular,,final,DePaul,Ohio State,65,216,62,70,,Indep.,Big Ten,,,,,,
215860,1950-01-08,,1950,regular,,final,Northwestern,Minnesota,212,173,60,53,,Big Ten,Big Ten,,,,,,
215868,1950-01-08,,1950,regular,,final,Florida,Ole Miss,87,220,46,54,,SEC,SEC,,,,,,
216046,1950-01-08,,1950,regular,,final,Western Kentucky,Xavier,350,359,63,51,,OVC,Indep.,,,,,,
216167,1950-01-08,,1950,regular,,final,Wyoming,Utah,358,331,63,42,,,,,,,,,
216602,1950-01-08,,1950,regular,,final,Kentucky,North Carolina,135,200,83,44,,SEC,SoCon,,,,,,
216695,1950-01-08,,1950,regular,,final,Michigan State,Detroit Mercy,169,69,56,64,,Big Ten,MVC,,,,,,
216731,1950-01-08,,1950,regular,,final,Michigan,Indiana,170,121,69,67,,Big Ten,Big Ten,,,,,,
216752,1950-01-08,,1950,regular,,final,Illinois,Purdue,118,236,59,54,,Big Ten,Big Ten,,,,,,
216822,1950-01-08,,1950,regular,,final,Oklahoma,Missouri,217,177,41,36,,,,,,,,,
215553,1950-01-09,,1950,regular,,final,Miami (OH),Butler,167,34,50,48,,MAC,MAC,,,,,,
215654,1950-01-09,,1950,regular,,final,Maryland,William & Mary,160,353,52,56,,SoCon,SoCon,,,,,,
215743,1950-01-09,,1950,regular,,final,City College of New York,West Virginia,393,347,80,55,,,Indep.,,,,,,
215770,1950-01-09,,1950,regular,,final,SMU,TCU,248,287,50,62,,,,,,,,,
215802,1950-01-09,,1950,regular,,final,San Francisco,Santa Clara,259,261,50,36,,Indep.,Indep.,,,,,,
215835,1950-01-09,,1950,regular,,final,Ohio,Dayton,215,64,61,71,,MAC,Indep.,,,,,,
216116,1950-01-09,,1950,regular,,final,Virginia Tech,George Washington,340,96,71,59,,SoCon,SoCon,,,,,,
216272,1950-01-09,,1950,regular,,final,South Carolina,Furman,266,93,49,48,,SoCon,SoCon,,,,,,
216395,1950-01-09,,1950,regular,,final,Duquesne,Cincinnati,73,51,60,54,,Indep.,MAC,,,,,,
216426,1950-01-09,,1950,regular,,final,Tulsa,Wichita State,304,352,42,36,,MVC,MVC,,,,,,
216528,1950-01-09,,1950,regular,,final,Clemson,Wake Forest,52,342,58,66,,SoCon,SoCon,,,,,,
216548,1950-01-09,,1950,regular,,final,Georgia Tech,Auburn,101,16,65,49,,SEC,SEC,,,,,,
216873,1950-01-09,,1950,regular,,final,Nebraska,Kansas,188,131,57,56,,MVC,,,,,,,
215513,1950-01-10,,1950,regular,,final,Furman,Wake Forest,93,342,41,50,,SoCon,SoCon,,,,,,
215516,1950-01-10,,1950,regular,,final,Brown,Rhode Island,30,240,58,76,,Indep.,Indep.,,,,,,
215640,1950-01-10,,1950,regular,,final,Fordham,Columbia,91,58,51,58,,Indep.,Ivy,,,,,,
215661,1950-01-10,,1950,regular,,final,VMI,Virginia,334,339,55,78,,SoCon,Indep.,,,,,,
215728,1950-01-10,,1950,regular,,final,Cornell,Syracuse,60,286,67,56,,Ivy,Indep.,,,,,,
215748,1950-01-10,,1950,regular,,final,Marquette,Loyola Chicago,157,151,56,59,,Indep.,Indep.,,,,,,
215984,1950-01-10,,1950,regular,,final,Seton Hall,St. Francis Brooklyn,263,364,66,64,,Indep.,Indep.,,,,,,
215996,1950-01-10,,1950,regular,,final,Gettysburg,Bucknell,1189,32,73,71,,,Indep.,,,,,,
216005,1950-01-10,,1950,regular,,final,Muhlenberg,Lafayette,1400,138,83,69,,,Indep.,,,,,,
216017,1950-01-10,,1950,regular,,final,Toledo,Bowling Green,300,28,54,57,,Indep.,Indep.,,,,,,
216056,1950-01-10,,1950,regular,,final,Army,Harvard,15,107,61,58,,Indep.,Ivy,,,,,,
216099,1950-01-10,,1950,regular,,final,Villanova,Rutgers,338,245,84,67,,Indep.,Indep.,,,,,,
216126,1950-01-10,,1950,regular,,final,Richmond,George Washington,242,96,56,62,,SoCon,SoCon,,,,,,
216221,1950-01-10,,1950,regular,,final,Penn State (Beaver),Princeton,1353,234,53,72,,,Ivy,,,,,,
216241,1950-01-10,,1950,regular,,final,Notre Dame,DePaul,213,65,58,53,,Indep.,Indep.,,,,,,
216464,1950-01-10,,1950,regular,,final,Louisville,Western Kentucky,150,350,70,59,,Indep.,OVC,,,,,,
215601,1950-01-11,,1950,regular,,final,Holy Cross,Saint Louis,111,252,69,55,,Indep.,MVC,,,,,,
215633,1950-01-11,,1950,regular,,final,Manhattan,Bradley,155,29,67,89,,Indep.,MVC,,,,,,
215790,1950-01-11,,1950,regular,,final,Texas A&M,Arkansas,293,12,43,35,,,,,,,,,
216127,1950-01-11,,1950,regular,,final,Richmond,Maryland,242,160,59,49,,SoCon,SoCon,,,,,,
216149,1950-01-11,,1950,regular,,final,Colorado State,Denver,57,68,53,55,,Indep.,Indep.,,,,,,
216257,1950-01-11,,1950,regular,,final,Texas,Rice,295,241,55,52,,,,,,,,,
216273,1950-01-11,,1950,regular,,final,The Citadel,South Carolina,299,266,46,67,,SoCon,SoCon,,,,,,
216482,1950-01-11,,1950,regular,,final,NC State,William & Mary,185,353,72,58,,SoCon,SoCon,,,,,,
216505,1950-01-11,,1950,regular,,final,New York University,Duke,392,72,80,64,,Indep.,SoCon,,,,,,
215548,1950-01-12,,1950,regular,,final,Ohio,Western Michigan,215,351,56,81,,MAC,MAC,,,,,,
215803,1950-01-12,,1950,regular,,final,Santa Clara,Loyola Marymount,261,153,73,61,,Indep.,Indep.,,,,,,
215812,1950-01-12,,1950,regular,,final,Utah,Utah State,331,329,51,54,,,Indep.,,,,,,
215862,1950-01-12,,1950,regular,,final,Oklahoma,Kansas State,217,132,42,43,,,,,,,,,
215888,1950-01-12,,1950,regular,,final,USC,UCLA,323,313,58,45,,Pac-12,Pac-12,,,,,,
215935,1950-01-12,,1950,regular,,final,Furman,Davidson,93,63,52,58,,SoCon,SoCon,,,,,,
215948,1950-01-12,,1950,regular,,final,Miami (OH),Case Western Reserve,167,1352,46,54,,MAC,,,,,,,
216150,1950-01-12,,1950,regular,,final,Denver,Colorado State,68,57,56,43,,Indep.,Indep.,,,,,,
216206,1950-01-12,,1950,regular,,final,St. John's,Georgetown,279,97,67,66,,Indep.,Indep.,,,,,,
216242,1950-01-12,,1950,regular,,final,John Carroll,Notre Dame,1388,213,66,73,,,Indep.,,,,,,
216321,1950-01-12,,1950,regular,,final,Miami,North Carolina,168,200,53,55,,Indep.,SoCon,,,,,,
216439,1950-01-12,,1950,regular,,final,Wyoming,BYU,358,18,46,39,,,,,,,,,
216582,1950-01-12,,1950,regular,,final,LSU,Tulane,136,303,70,75,,SEC,SEC,,,,,,
216629,1950-01-12,,1950,regular,,final,Washington State,Washington,344,343,56,42,,Pac-12,Pac-12,,,,,,
216652,1950-01-12,,1950,regular,,final,Oregon State,Oregon,224,223,65,49,,Pac-12,Pac-12,,,,,,
216677,1950-01-12,,1950,regular,,final,Stanford,California,281,40,55,60,,Pac-12,Pac-12,,,,,,
216696,1950-01-12,,1950,regular,,final,Michigan State,Marquette,169,157,81,64,,Big Ten,Indep.,,,,,,
215524,1950-01-13,,1950,regular,,final,Bucknell,Lehigh,32,141,60,41,,Indep.,Indep.,,,,,,
215584,1950-01-13,,1950,regular,,final,Holy Cross,Georgetown,111,97,77,51,,Indep.,Indep.,,,,,,
215647,1950-01-13,,1950,regular,,final,Navy,Princeton,187,234,58,37,,Indep.,Ivy,,,,,,
215655,1950-01-13,,1950,regular,,final,Maryland,George Washington,160,96,51,72,,SoCon,SoCon,,,,,,
215673,1950-01-13,,1950,regular,,final,William & Mary,Wake Forest,353,342,49,61,,SoCon,SoCon,,,,,,
215729,1950-01-13,,1950,regular,,final,Syracuse,Niagara,286,194,62,49,,Indep.,Indep.,,,,,,
215762,1950-01-13,,1950,regular,,final,Cornell,Columbia,60,58,69,49,,Ivy,Ivy,,,,,,
215775,1950-01-13,,1950,regular,,final,Texas,Texas A&M,295,293,48,46,,,,,,,,,
215782,1950-01-13,,1950,regular,,final,SMU,Baylor,248,20,50,47,,,,,,,,,
215813,1950-01-13,,1950,regular,,final,Utah State,Utah,329,331,68,50,,Indep.,,,,,,,
215826,1950-01-13,,1950,regular,,final,Northwestern,Ohio State,212,216,51,61,,Big Ten,Big Ten,,,,,,
215844,1950-01-13,,1950,regular,,final,Auburn,Florida,16,87,72,46,,SEC,SEC,,,,,,
215865,1950-01-13,,1950,regular,,final,Minnesota,Purdue,173,236,67,40,,Big Ten,Big Ten,,,,,,
215889,1950-01-13,,1950,regular,,final,UCLA,USC,313,323,68,47,,Pac-12,Pac-12,,,,,,
215939,1950-01-13,,1950,regular,,final,Butler,Case Western Reserve,34,1352,70,56,,MAC,,,,,,,
215997,1950-01-13,,1950,regular,,final,Lafayette,Gettysburg,138,1189,78,51,,Indep.,,,,,,,
216018,1950-01-13,,1950,regular,,final,Toledo,Xavier,300,359,65,56,,Indep.,Indep.,,,,,,
216080,1950-01-13,,1950,regular,,final,Harvard,Dartmouth,107,62,74,56,,Ivy,Ivy,,,,,,
216100,1950-01-13,,1950,regular,,final,Army,Rutgers,15,245,58,54,,Indep.,Indep.,,,,,,
216128,1950-01-13,,1950,regular,,final,Richmond,Virginia,242,339,76,62,,SoCon,Indep.,,,,,,
216186,1950-01-13,,1950,regular,,final,Loyola Chicago,Duquesne,151,73,54,62,,Indep.,Indep.,,,,,,
216196,1950-01-13,,1950,regular,,final,Boston College,DePaul,26,65,55,88,,Indep.,Indep.,,,,,,
216222,1950-01-13,,1950,regular,,final,Penn State (Beaver),Yale,1353,360,44,51,,,Ivy,,,,,,
216243,1950-01-13,,1950,regular,,final,Canisius,Notre Dame,42,213,53,50,,Indep.,Indep.,,,,,,
216258,1950-01-13,,1950,regular,,final,Rice,Arkansas,241,12,56,60,,,,,,,,,
216274,1950-01-13,,1950,regular,,final,South Carolina,Georgia,266,98,54,43,,SoCon,SEC,,,,,,
216322,1950-01-13,,1950,regular,,final,Miami,North Carolina,168,200,51,65,,Indep.,SoCon,,,,,,
216368,1950-01-13,,1950,regular,,final,Saint Joseph's,Bradley,251,29,60,64,,Indep.,MVC,,,,,,
216396,1950-01-13,,1950,regular,,final,Cincinnati,Western Michigan,51,351,66,45,,MAC,MAC,,,,,,
216419,1950-01-13,,1950,regular,,final,Wichita State,Detroit Mercy,352,69,52,53,,MVC,MVC,,,,,,
216440,1950-01-13,,1950,regular,,final,Wyoming,BYU,358,18,53,27,,,,,,,,,
216465,1950-01-13,,1950,regular,,final,Louisville,Washington University (St. Louis),150,1458,67,44,,Indep.,Indep.,,,,,,
216483,1950-01-13,,1950,regular,,final,NC State,La Salle,185,137,51,66,,SoCon,Indep.,,,,,,
216506,1950-01-13,,1950,regular,,final,Temple,Duke,289,72,59,49,,Indep.,SoCon,,,,,,
216529,1950-01-13,,1950,regular,,final,Clemson,Davidson,52,63,88,82,,SoCon,SoCon,,,,,,
216549,1950-01-13,,1950,regular,,final,Alabama,Georgia Tech,5,101,73,39,,SEC,SEC,,,,,,
216564,1950-01-13,,1950,regular,,final,Mississippi State,Vanderbilt,174,336,50,62,,SEC,SEC,,,,,,
216603,1950-01-13,,1950,regular,,final,Tennessee,Kentucky,292,135,66,53,,SEC,SEC,,,,,,
216630,1950-01-13,,1950,regular,,final,Washington State,Washington,344,343,37,52,,Pac-12,Pac-12,,,,,,
216678,1950-01-13,,1950,regular,,final,California,Stanford,40,281,47,50,,Pac-12,Pac-12,,,,,,
216712,1950-01-13,,1950,regular,,final,Wisconsin,Michigan,355,170,53,41,,Big Ten,Big Ten,,,,,,
216732,1950-01-13,,1950,regular,,final,Iowa,Indiana,124,121,65,64,,Big Ten,Big Ten,,,,,,
216769,1950-01-13,,1950,regular,,final,Tulsa,Drake,304,70,44,50,,MVC,MVC,,,,,,
216838,1950-01-13,,1950,regular,,final,Nebraska,Iowa State,188,125,64,46,,MVC,,,,,,,
216874,1950-01-13,,1950,regular,,final,Kansas,Missouri,131,177,48,44,,,,,,,,,
215718,1950-01-14,,1950,regular,,final,Villanova,Fordham,338,91,69,54,,Indep.,Indep.,,,,,,
215857,1950-01-15,,1950,regular,,final,Bradley,Detroit Mercy,29,69,71,50,,MVC,MVC,,,,,,
215869,1950-01-15,,1950,regular,,final,Ole Miss,Vanderbilt,220,336,37,44,,SEC,SEC,,,,,,
215977,1950-01-15,,1950,regular,,final,Bowling Green,Ohio,28,215,74,54,,Indep.,MAC,,,,,,
216006,1950-01-15,,1950,regular,,final,Muhlenberg,Lehigh,1400,141,81,60,,,Indep.,,,,,,
216057,1950-01-15,,1950,regular,,final,Harvard,Brown,107,30,49,48,,Ivy,Indep.,,,,,,
216117,1950-01-15,,1950,regular,,final,Virginia,Virginia Tech,339,340,50,63,,Indep.,SoCon,,,,,,
216296,1950-01-15,,1950,regular,,final,Purdue,Iowa,236,124,64,55,,Big Ten,Big Ten,,,,,,
216306,1950-01-15,,1950,regular,,final,Ohio State,Michigan,216,170,74,58,,Big Ten,Big Ten,,,,,,
216323,1950-01-15,,1950,regular,,final,Wake Forest,North Carolina,342,200,50,54,,SoCon,SoCon,,,,,,
216354,1950-01-15,,1950,regular,,final,Lafayette,Temple,138,289,64,41,,Indep.,Indep.,,,,,,
216397,1950-01-15,,1950,regular,,final,Western Kentucky,Cincinnati,350,51,84,59,,OVC,MAC,,,,,,
216441,1950-01-15,,1950,regular,,final,Denver,BYU,68,18,45,63,,Indep.,,,,,,,
216604,1950-01-15,,1950,regular,,final,Georgia Tech,Kentucky,101,135,47,61,,SEC,SEC,,,,,,
216713,1950-01-15,,1950,regular,,final,Wisconsin,Minnesota,355,173,57,54,,Big Ten,Big Ten,,,,,,
216733,1950-01-15,,1950,regular,,final,Indiana,Butler,121,34,57,49,,Big Ten,MAC,,,,,,
216753,1950-01-15,,1950,regular,,final,Illinois,Northwestern,118,212,76,50,,Big Ten,Big Ten,,,,,,
216789,1950-01-15,,1950,regular,,final,Oklahoma State,Drake,218,70,56,27,,MVC,MVC,,,,,,
216839,1950-01-15,,1950,regular,,final,Kansas State,Iowa State,132,125,99,57,,,,,,,,,
216855,1950-01-15,,1950,regular,,final,Colorado,Nebraska,56,188,72,59,,,MVC,,,,,,
215541,1950-01-16,,1950,regular,,final,VMI,William & Mary,334,353,43,68,,SoCon,SoCon,,,,,,
215545,1950-01-16,,1950,regular,,final,Western Michigan,Valparaiso,351,335,59,78,,MAC,Indep.,,,,,,
215932,1950-01-16,,1950,regular,,final,Furman,The Citadel,93,299,40,23,,SoCon,SoCon,,,,,,
216207,1950-01-16,,1950,regular,,final,St. John's,DePaul,279,65,68,74,,Indep.,Indep.,,,,,,
216369,1950-01-16,,1950,regular,,final,Rhode Island,Saint Joseph's,240,251,68,62,,Indep.,Indep.,,,,,,
216420,1950-01-16,,1950,regular,,final,Saint Louis,Wichita State,252,352,73,60,,MVC,MVC,,,,,,
216484,1950-01-16,,1950,regular,,final,Long Island University,NC State,146,185,52,55,,Indep.,SoCon,,,,,,
216507,1950-01-16,,1950,regular,,final,Duke,South Carolina,72,266,79,60,,SoCon,SoCon,,,,,,
216605,1950-01-16,,1950,regular,,final,Georgia,Kentucky,98,135,71,60,,SEC,SEC,,,,,,
215564,1950-01-17,,1950,regular,,final,Lehigh,Lafayette,141,138,45,67,,Indep.,Indep.,,,,,,
215641,1950-01-17,,1950,regular,,final,Navy,Columbia,187,58,37,45,,Indep.,Ivy,,,,,,
215783,1950-01-17,,1950,regular,,final,TCU,Baylor,287,20,64,54,,,,,,,,,
215791,1950-01-17,,1950,regular,,final,Arkansas,SMU,12,248,63,55,,,,,,,,,
216007,1950-01-17,,1950,regular,,final,Bucknell,Muhlenberg,32,1400,80,92,,Indep.,,,,,,,
216081,1950-01-17,,1950,regular,,final,Yale,Dartmouth,360,62,68,54,,Ivy,Ivy,,,,,,
216118,1950-01-17,,1950,regular,,final,Washington & Lee,Virginia Tech,386,340,73,69,,SoCon,SoCon,,,,,,
216223,1950-01-17,,1950,regular,,final,Army,Penn State (Beaver),15,1353,45,66,,Indep.,,,,,,,
216324,1950-01-17,,1950,regular,,final,North Carolina,South Carolina,200,266,64,42,,SoCon,SoCon,,,,,,
216530,1950-01-17,,1950,regular,,final,Clemson,The Citadel,52,299,63,38,,SoCon,SoCon,,,,,,
216565,1950-01-17,,1950,regular,,final,Mississippi State,Ole Miss,174,220,64,60,,SEC,SEC,,,,,,
216697,1950-01-17,,1950,regular,,final,Notre Dame,Michigan State,213,169,71,65,,Indep.,Big Ten,,,,,,
216790,1950-01-17,,1950,regular,,final,Oklahoma State,Oklahoma,218,217,45,37,,MVC,,,,,,,
216823,1950-01-17,,1950,regular,,final,Missouri,Wichita State,177,352,70,45,,,MVC,,,,,,
215578,1950-01-18,,1950,regular,,final,Canisius,Niagara,42,194,49,47,,Indep.,Indep.,,,,,,
216398,1950-01-18,,1950,regular,,final,Cincinnati,West Virginia,51,347,69,59,,MAC,Indep.,,,,,,
215624,1950-01-19,,1950,regular,,final,Stanford,San Francisco,281,259,39,54,,Pac-12,Indep.,,,,,,
215804,1950-01-19,,1950,regular,,final,Santa Clara,Saint Mary's,261,253,58,47,,Indep.,Indep.,,,,,,
215872,1950-01-19,,1950,regular,,final,Florida,Georgia,87,98,54,49,,SEC,SEC,,,,,,
215966,1950-01-19,,1950,regular,,final,Baldwin-Wallace,Akron,424,3,69,61,,Indep.,,,,,,,
216119,1950-01-19,,1950,regular,,final,VMI,Virginia Tech,334,340,41,73,,SoCon,SoCon,,,,,,
216168,1950-01-19,,1950,regular,,final,Colorado State,Wyoming,57,358,41,46,,Indep.,,,,,,,
216339,1950-01-19,,1950,regular,,final,Washington State,Oregon State,344,224,53,39,,Pac-12,Pac-12,,,,,,
216421,1950-01-19,,1950,regular,,final,Creighton,Wichita State,61,352,71,58,,Indep.,MVC,,,,,,
216442,1950-01-19,,1950,regular,,final,BYU,Denver,18,68,55,39,,,Indep.,,,,,,
216583,1950-01-19,,1950,regular,,final,LSU,Alabama,136,5,52,60,,SEC,SEC,,,,,,
216653,1950-01-19,,1950,regular,,final,Washington,Oregon,343,223,69,49,,Pac-12,Pac-12,,,,,,
215579,1950-01-20,,1950,regular,,final,Canisius,Georgetown,42,97,58,41,,Indep.,Indep.,,,,,,
215591,1950-01-20,,1950,regular,,final,Colgate,Cornell,55,60,57,61,,Indep.,Ivy,,,,,,
215642,1950-01-20,,1950,regular,,final,Columbia,Army,58,15,62,49,,Ivy,Indep.,,,,,,
215656,1950-01-20,,1950,regular,,final,William & Mary,Maryland,353,160,64,56,,SoCon,SoCon,,,,,,
215805,1950-01-20,,1950,regular,,final,Santa Clara,Stanford,261,281,60,66,,Indep.,Pac-12,,,,,,
215845,1950-01-20,,1950,regular,,final,Auburn,Vanderbilt,16,336,47,58,,SEC,SEC,,,,,,
215858,1950-01-20,,1950,regular,,final,Detroit Mercy,Bradley,69,29,67,54,,MVC,MVC,,,,,,
215873,1950-01-20,,1950,regular,,final,Florida,Georgia,87,98,48,57,,SEC,SEC,,,,,,
215959,1950-01-20,,1950,regular,,final,Tulane,Alabama,303,5,51,57,,SEC,SEC,,,,,,
215998,1950-01-20,,1950,regular,,final,Bucknell,Gettysburg,32,1189,65,69,,Indep.,,,,,,,
216008,1950-01-20,,1950,regular,,final,Muhlenberg,Villanova,1400,338,47,73,,,Indep.,,,,,,
216019,1950-01-20,,1950,regular,,final,Loyola Chicago,Toledo,151,300,42,50,,Indep.,Indep.,,,,,,
216032,1950-01-20,,1950,regular,,final,Penn State,Pittsburgh,226,229,34,21,,Indep.,Indep.,,,,,,
216066,1950-01-20,,1950,regular,,final,Navy,Yale,187,360,61,70,,Indep.,Ivy,,,,,,
216129,1950-01-20,,1950,regular,,final,Richmond,VMI,242,334,64,72,,SoCon,SoCon,,,,,,
216151,1950-01-20,,1950,regular,,final,Utah,Denver,331,68,51,55,,,Indep.,,,,,,
216169,1950-01-20,,1950,regular,,final,Wyoming,Colorado State,358,57,56,45,,,Indep.,,,,,,
216224,1950-01-20,,1950,regular,,final,Penn State (Beaver),Dartmouth,1353,62,83,42,,,Ivy,,,,,,
216260,1950-01-20,,1950,regular,,final,Baylor,Rice,20,241,52,43,,,,,,,,,
216290,1950-01-20,,1950,regular,,final,Saint Mary's,San Francisco,253,259,37,64,,Indep.,Indep.,,,,,,
216297,1950-01-20,,1950,regular,,final,Iowa,Northwestern,124,212,61,56,,Big Ten,Big Ten,,,,,,
216307,1950-01-20,,1950,regular,,final,Michigan,Minnesota,170,173,52,60,,Big Ten,Big Ten,,,,,,
216340,1950-01-20,,1950,regular,,final,Washington State,Oregon State,344,224,51,34,,Pac-12,Pac-12,,,,,,
216355,1950-01-20,,1950,regular,,final,Temple,George Washington,289,96,66,44,,Indep.,SoCon,,,,,,
216399,1950-01-20,,1950,regular,,final,Cincinnati,Ohio,51,215,57,38,,MAC,MAC,,,,,,
216443,1950-01-20,,1950,regular,,final,BYU,Utah State,18,329,71,41,,,Indep.,,,,,,
216485,1950-01-20,,1950,regular,,final,North Carolina,NC State,200,185,57,61,,SoCon,SoCon,,,,,,
216531,1950-01-20,,1950,regular,,final,Clemson,South Carolina,52,266,56,66,,SoCon,SoCon,,,,,,
216550,1950-01-20,,1950,regular,,final,Georgia Tech,Tennessee,101,292,68,57,,SEC,SEC,,,,,,
216606,1950-01-20,,1950,regular,,final,DePaul,Kentucky,65,135,53,86,,Indep.,SEC,,,,,,
216654,1950-01-20,,1950,regular,,final,Washington,Oregon,343,223,66,51,,Pac-12,Pac-12,,,,,,
216734,1950-01-20,,1950,regular,,final,Purdue,Indiana,236,121,39,49,,Big Ten,Big Ten,,,,,,
216754,1950-01-20,,1950,regular,,final,Illinois,Ohio State,118,216,66,50,,Big Ten,Big Ten,,,,,,
216770,1950-01-20,,1950,regular,,final,Drake,Saint Louis,70,252,60,61,,MVC,MVC,,,,,,
216791,1950-01-20,,1950,regular,,final,Tulsa,Oklahoma State,304,218,33,47,,MVC,MVC,,,,,,
216840,1950-01-20,,1950,regular,,final,Iowa State,Missouri,125,177,61,49,,,,,,,,,
216856,1950-01-20,,1950,regular,,final,Oklahoma,Colorado,217,56,43,46,,,,,,,,,
215929,1950-01-21,,1950,regular,,final,Xavier,Dayton,359,64,55,65,,Indep.,Indep.,,,,,,
215884,1950-01-22,,1950,regular,,final,Alabama,Vanderbilt,5,336,47,44,,SEC,SEC,,,,,,
215914,1950-01-22,,1950,regular,,final,Idaho,Oregon State,117,224,37,48,,Pac-12,Pac-12,,,,,,
216152,1950-01-22,,1950,regular,,final,Utah,Denver,331,68,58,51,,,Indep.,,,,,,
216298,1950-01-22,,1950,regular,,final,Ohio State,Iowa,216,124,68,54,,Big Ten,Big Ten,,,,,,
216444,1950-01-22,,1950,regular,,final,Utah State,BYU,329,18,47,48,,Indep.,,,,,,,
216566,1950-01-22,,1950,regular,,final,Mississippi State,Tennessee,174,292,65,56,,SEC,SEC,,,,,,
216607,1950-01-22,,1950,regular,,final,Notre Dame,Kentucky,213,135,64,51,,Indep.,SEC,,,,,,
216698,1950-01-22,,1950,regular,,final,Michigan State,Minnesota,169,173,56,73,,Big Ten,Big Ten,,,,,,
215915,1950-01-23,,1950,regular,,final,Idaho,Oregon State,117,224,39,51,,Pac-12,Pac-12,,,,,,
216033,1950-01-24,,1950,regular,,final,Pittsburgh,Penn State,229,226,51,58,,Indep.,Indep.,,,,,,
216400,1950-01-24,,1950,regular,,final,Ohio,Cincinnati,215,51,51,76,,MAC,MAC,,,,,,
216486,1950-01-24,,1950,regular,,final,NC State,Louisville,185,150,79,53,,SoCon,Indep.,,,,,,
216551,1950-01-24,,1950,regular,,final,Georgia,Georgia Tech,98,101,67,55,,SEC,SEC,,,,,,
215608,1950-01-25,,1950,regular,,final,St. Bonaventure,Niagara,277,194,52,48,,Indep.,Indep.,,,,,,
216208,1950-01-25,,1950,regular,,final,St. John's,St. Francis Brooklyn,279,364,65,46,,Indep.,Indep.,,,,,,
216427,1950-01-25,,1950,regular,,final,Bradley,Tulsa,29,304,64,45,,MVC,MVC,,,,,,
216608,1950-01-25,,1950,regular,,final,Xavier,Kentucky,359,135,47,58,,Indep.,SEC,,,,,,
215632,1950-01-26,,1950,regular,,final,San Francisco,USC,259,323,55,41,,Indep.,Pac-12,,,,,,
215784,1950-01-26,,1950,regular,,final,Baylor,Texas A&M,20,293,45,56,,,,,,,,,
216047,1950-01-26,,1950,regular,,final,Miami,Western Kentucky,168,350,61,66,,Indep.,OVC,,,,,,
216153,1950-01-26,,1950,regular,,final,Denver,Colorado State,68,57,65,56,,Indep.,Indep.,,,,,,
216170,1950-01-26,,1950,regular,,final,Utah,Wyoming,331,358,35,42,,,,,,,,,
216325,1950-01-26,,1950,regular,,final,North Carolina,Virginia Tech,200,340,66,53,,SoCon,SoCon,,,,,,
216466,1950-01-26,,1950,regular,,final,Seton Hall,Louisville,263,150,69,82,,Indep.,Indep.,,,,,,
216508,1950-01-26,,1950,regular,,final,Duke,Davidson,72,63,69,59,,SoCon,SoCon,,,,,,
216655,1950-01-26,,1950,regular,,final,Oregon,Washington,223,343,57,49,,Pac-12,Pac-12,,,,,,
216875,1950-01-26,,1950,regular,,final,Kansas,Iowa State,131,125,67,42,,,,,,,,,
215515,1950-01-27,,1950,regular,,final,St. Francis Brooklyn,Boston College,364,26,77,81,,Indep.,Indep.,,,,,,
215574,1950-01-27,,1950,regular,,final,George Washington,Georgetown,96,97,66,68,,SoCon,Indep.,,,,,,
215749,1950-01-27,,1950,regular,,final,Purdue,Marquette,236,157,74,58,,Big Ten,Indep.,,,,,,
215792,1950-01-27,,1950,regular,,final,Arkansas,Baylor,12,20,49,60,,,,,,,,,
215827,1950-01-27,,1950,regular,,final,Minnesota,Ohio State,173,216,58,63,,Big Ten,Big Ten,,,,,,
215846,1950-01-27,,1950,regular,,final,Alabama,Auburn,5,16,58,66,,SEC,SEC,,,,,,
215876,1950-01-27,,1950,regular,,final,Vanderbilt,Tennessee,336,292,50,44,,SEC,SEC,,,,,,
215921,1950-01-27,,1950,regular,,final,Saint Louis,Bradley,252,29,45,54,,MVC,MVC,,,,,,
215933,1950-01-27,,1950,regular,,final,The Citadel,Furman,299,93,52,48,,SoCon,SoCon,,,,,,
215999,1950-01-27,,1950,regular,,final,Pittsburgh,Gettysburg,229,1189,59,57,,Indep.,,,,,,,
216009,1950-01-27,,1950,regular,,final,Muhlenberg,City College of New York,1400,393,76,95,,,,,,,,,
216020,1950-01-27,,1950,regular,,final,Baldwin-Wallace,Toledo,424,300,53,74,,Indep.,Indep.,,,,,,
216034,1950-01-27,,1950,regular,,final,Penn State,Syracuse,226,286,67,61,,Indep.,Indep.,,,,,,
216048,1950-01-27,,1950,regular,,final,Miami,Western Kentucky,168,350,61,78,,Indep.,OVC,,,,,,
216171,1950-01-27,,1950,regular,,final,Utah State,Wyoming,329,358,43,37,,Indep.,,,,,,,
216225,1950-01-27,,1950,regular,,final,Penn State (Beaver),Navy,1353,187,72,69,,,Indep.,,,,,,
216291,1950-01-27,,1950,regular,,final,Saint Mary's,USC,253,323,41,46,,Indep.,Pac-12,,,,,,
216326,1950-01-27,,1950,regular,,final,North Carolina,Davidson,200,63,67,54,,SoCon,SoCon,,,,,,
216341,1950-01-27,,1950,regular,,final,Idaho,Washington State,117,344,40,63,,Pac-12,Pac-12,,,,,,
216401,1950-01-27,,1950,regular,,final,Butler,Cincinnati,34,51,56,64,,MAC,MAC,,,,,,
216428,1950-01-27,,1950,regular,,final,Detroit Mercy,Tulsa,69,304,50,47,,MVC,MVC,,,,,,
216445,1950-01-27,,1950,regular,,final,Utah,BYU,331,18,51,71,,,,,,,,,
216467,1950-01-27,,1950,regular,,final,Villanova,Louisville,338,150,68,78,,Indep.,Indep.,,,,,,
216487,1950-01-27,,1950,regular,,final,NC State,Virginia Tech,185,340,81,56,,SoCon,SoCon,,,,,,
216509,1950-01-27,,1950,regular,,final,Duke,Wake Forest,72,342,65,55,,SoCon,SoCon,,,,,,
216552,1950-01-27,,1950,regular,,final,Georgia Tech,Tulane,101,303,59,55,,SEC,SEC,,,,,,
216584,1950-01-27,,1950,regular,,final,Ole Miss,LSU,220,136,75,65,,SEC,SEC,,,,,,
216609,1950-01-27,,1950,regular,,final,Kentucky,Georgia,135,98,88,56,,SEC,SEC,,,,,,
216656,1950-01-27,,1950,regular,,final,Oregon,Washington,223,343,63,60,,Pac-12,Pac-12,,,,,,
216679,1950-01-27,,1950,regular,,final,San Francisco,California,259,40,44,56,,Indep.,Pac-12,,,,,,
216771,1950-01-27,,1950,regular,,final,Wichita State,Drake,352,70,64,72,,MVC,MVC,,,,,,
216792,1950-01-27,,1950,regular,,final,DePaul,Oklahoma State,65,218,45,53,,Indep.,MVC,,,,,,
216857,1950-01-27,,1950,regular,,final,Colorado,Kansas State,56,132,45,75,,,,,,,,,
215554,1950-01-28,,1950,regular,,final,Ohio,Miami (OH),215,167,79,70,,MAC,MAC,,,,,,
215696,1950-01-29,,1950,regular,,final,Texas,Oklahoma,295,217,45,55,,,,,,,,,
215750,1950-01-29,,1950,regular,,final,Marquette,Detroit Mercy,157,69,55,64,,Indep.,MVC,,,,,,
215828,1950-01-29,,1950,regular,,final,Purdue,Ohio State,236,216,52,59,,Big Ten,Big Ten,,,,,,
215847,1950-01-29,,1950,regular,,final,Ole Miss,Auburn,220,16,63,77,,SEC,SEC,,,,,,
215958,1950-01-29,,1950,regular,,final,Tennessee,Tulane,292,303,55,68,,SEC,SEC,,,,,,
215985,1950-01-29,,1950,regular,,final,Seton Hall,Villanova,263,338,54,71,,Indep.,Indep.,,,,,,
216101,1950-01-29,,1950,regular,,final,Princeton,Rutgers,234,245,80,62,,Ivy,Indep.,,,,,,
216172,1950-01-29,,1950,regular,,final,Utah State,Wyoming,329,358,28,32,,Indep.,,,,,,,
216327,1950-01-29,,1950,regular,,final,North Carolina,The Citadel,200,299,77,39,,SoCon,SoCon,,,,,,
216446,1950-01-29,,1950,regular,,final,BYU,Utah,18,331,61,51,,,,,,,,,
216585,1950-01-29,,1950,regular,,final,Mississippi State,LSU,174,136,48,41,,SEC,SEC,,,,,,
216610,1950-01-29,,1950,regular,,final,Vanderbilt,Kentucky,336,135,54,58,,SEC,SEC,,,,,,
216793,1950-01-29,,1950,regular,,final,Loyola Chicago,Oklahoma State,151,218,41,31,,Indep.,MVC,,,,,,
216809,1950-01-29,,1950,regular,,final,Nebraska,Kansas State,188,132,65,63,,MVC,,,,,,,
216876,1950-01-29,,1950,regular,,final,Kansas,Drake,131,70,76,50,,,MVC,,,,,,
215674,1950-01-30,,1950,regular,,final,Wake Forest,The Citadel,342,299,82,43,,SoCon,SoCon,,,,,,
215908,1950-01-30,,1950,regular,,final,Washington University (St. Louis),Creighton,1458,61,52,40,,Indep.,Indep.,,,,,,
215924,1950-01-30,,1950,regular,,final,Xavier,Miami (OH),359,167,59,60,,Indep.,MAC,,,,,,
215940,1950-01-30,,1950,regular,,final,Michigan State,Case Western Reserve,169,1352,54,57,,Big Ten,,,,,,,
215969,1950-01-30,,1950,regular,,final,Duquesne,Baldwin-Wallace,73,424,78,55,,Indep.,Indep.,,,,,,
216130,1950-01-30,,1950,regular,,final,Virginia Tech,Richmond,340,242,61,51,,SoCon,SoCon,,,,,,
216245,1950-01-30,,1950,regular,,final,Butler,Notre Dame,34,213,63,57,,MAC,Indep.,,,,,,
216275,1950-01-30,,1950,regular,,final,Davidson,South Carolina,63,266,46,66,,SoCon,SoCon,,,,,,
215561,1950-01-31,,1950,regular,,final,William & Mary,George Washington,353,96,58,50,,SoCon,SoCon,,,,,,
215575,1950-01-31,,1950,regular,,final,Georgetown,Lafayette,97,138,59,50,,Indep.,Indep.,,,,,,
215592,1950-01-31,,1950,regular,,final,Cornell,Fordham,60,91,50,48,,Ivy,Indep.,,,,,,
215657,1950-01-31,,1950,regular,,final,Maryland,VMI,160,334,65,53,,SoCon,SoCon,,,,,,
215744,1950-01-31,,1950,regular,,final,West Virginia,Virginia,347,339,65,46,,Indep.,Indep.,,,,,,
216010,1950-01-31,,1950,regular,,final,Gettysburg,Muhlenberg,1189,1400,59,78,,,,,,,,,
216356,1950-01-31,,1950,regular,,final,Army,Temple,15,289,52,58,,Indep.,Indep.,,,,,,
216553,1950-01-31,,1950,regular,,final,Georgia Tech,Georgia,101,98,56,51,,SEC,SEC,,,,,,
216567,1950-01-31,,1950,regular,,final,Auburn,Mississippi State,16,174,65,60,,SEC,SEC,,,,,,
216755,1950-01-31,,1950,regular,,final,Saint Louis,Illinois,252,118,62,42,,MVC,Big Ten,,,,,,
215537,1950-02-01,,1950,regular,,final,Akron,St. Francis Brooklyn,3,364,58,50,,,Indep.,,,,,,
215562,1950-02-01,,1950,regular,,final,George Washington,VMI,96,334,83,72,,SoCon,SoCon,,,,,,
215603,1950-02-01,,1950,regular,,final,Holy Cross,Loyola Chicago,111,151,53,48,,Indep.,Indep.,,,,,,
215609,1950-02-01,,1950,regular,,final,Canisius,St. Bonaventure,42,277,49,42,,Indep.,Indep.,,,,,,
215730,1950-02-01,,1950,regular,,final,Syracuse,Fordham,286,91,70,61,,Indep.,Indep.,,,,,,
215911,1950-02-01,,1950,regular,,final,Creighton,Villanova,61,338,63,84,,Indep.,Indep.,,,,,,
215986,1950-02-01,,1950,regular,,final,Loyola Maryland,Seton Hall,152,263,57,54,,,Indep.,,,,,,
216197,1950-02-01,,1950,regular,,final,Boston College,City College of New York,26,393,56,64,,Indep.,,,,,,,
216402,1950-02-01,,1950,regular,,final,Cincinnati,Duquesne,51,73,54,60,,MAC,Indep.,,,,,,
216488,1950-02-01,,1950,regular,,final,Wake Forest,NC State,342,185,50,57,,SoCon,SoCon,,,,,,
216611,1950-02-01,,1950,regular,,final,Alabama,Kentucky,5,135,64,66,,SEC,SEC,,,,,,
216699,1950-02-01,,1950,regular,,final,Purdue,Michigan State,236,169,69,53,,Big Ten,Big Ten,,,,,,
215771,1950-02-02,,1950,regular,,final,SMU,TCU,248,287,45,51,,,,,,,,,
215785,1950-02-02,,1950,regular,,final,Baylor,Texas A&M,20,293,54,56,,,,,,,,,
215793,1950-02-02,,1950,regular,,final,Texas,Arkansas,295,12,37,51,,,,,,,,,
215806,1950-02-02,,1950,regular,,final,Loyola Marymount,Santa Clara,153,261,50,53,,Indep.,Indep.,,,,,,
215877,1950-02-02,,1950,regular,,final,Tennessee,Florida,292,87,65,56,,SEC,SEC,,,,,,
215900,1950-02-02,,1950,regular,,final,The Citadel,Davidson,299,63,41,34,,SoCon,SoCon,,,,,,
216102,1950-02-02,,1950,regular,,final,Rutgers,Rhode Island,245,240,63,75,,Indep.,Indep.,,,,,,
216131,1950-02-02,,1950,regular,,final,Richmond,Wake Forest,242,342,54,67,,SoCon,SoCon,,,,,,
216154,1950-02-02,,1950,regular,,final,Denver,Utah,68,331,62,37,,Indep.,,,,,,,
216292,1950-02-02,,1950,regular,,final,Saint Mary's,Stanford,253,281,36,55,,Indep.,Pac-12,,,,,,
216328,1950-02-02,,1950,regular,,final,Maryland,North Carolina,160,200,56,69,,SoCon,SoCon,,,,,,
216447,1950-02-02,,1950,regular,,final,BYU,Colorado State,18,57,46,42,,,Indep.,,,,,,
216468,1950-02-02,,1950,regular,,final,Western Kentucky,Louisville,350,150,84,62,,OVC,Indep.,,,,,,
216532,1950-02-02,,1950,regular,,final,South Carolina,Clemson,266,52,43,40,,SoCon,SoCon,,,,,,
216631,1950-02-02,,1950,regular,,final,Oregon State,Washington,224,343,56,46,,Pac-12,Pac-12,,,,,,
216657,1950-02-02,,1950,regular,,final,Idaho,Oregon,117,223,62,44,,Pac-12,Pac-12,,,,,,
215549,1950-02-03,,1950,regular,,final,Butler,Ohio,34,215,70,49,,MAC,MAC,,,,,,
215565,1950-02-03,,1950,regular,,final,Lafayette,Bucknell,138,32,61,49,,Indep.,Indep.,,,,,,
215576,1950-02-03,,1950,regular,,final,Georgetown,New York University,97,392,71,60,,Indep.,Indep.,,,,,,
215610,1950-02-03,,1950,regular,,final,St. Bonaventure,Loyola Chicago,277,151,55,51,,Indep.,Indep.,,,,,,
215636,1950-02-03,,1950,regular,,final,Holy Cross,Brown,111,30,83,39,,Indep.,Indep.,,,,,,
215648,1950-02-03,,1950,regular,,final,Princeton,City College of New York,234,393,46,56,,Ivy,,,,,,,
215662,1950-02-03,,1950,regular,,final,Fordham,Virginia,91,339,73,44,,Indep.,Indep.,,,,,,
215712,1950-02-03,,1950,regular,,final,DePaul,San Francisco,65,259,51,53,,Indep.,Indep.,,,,,,
215719,1950-02-03,,1950,regular,,final,Villanova,Rhode Island,338,240,68,49,,Indep.,Indep.,,,,,,
215731,1950-02-03,,1950,regular,,final,Canisius,Syracuse,42,286,49,59,,Indep.,Indep.,,,,,,
215794,1950-02-03,,1950,regular,,final,Baylor,Arkansas,20,12,52,42,,,,,,,,,
215807,1950-02-03,,1950,regular,,final,UCLA,Santa Clara,313,261,74,64,,Pac-12,Indep.,,,,,,
215863,1950-02-03,,1950,regular,,final,Kansas State,Oklahoma,132,217,91,68,,,,,,,,,
215867,1950-02-03,,1950,regular,,final,Vanderbilt,Florida,336,87,54,34,,SEC,SEC,,,,,,
215907,1950-02-03,,1950,regular,,final,Bradley,Pittsburgh,29,229,84,48,,MVC,Indep.,,,,,,
215987,1950-02-03,,1950,regular,,final,Seton Hall,Creighton,263,61,42,45,,Indep.,Indep.,,,,,,
216021,1950-02-03,,1950,regular,,final,Toledo,Valparaiso,300,335,66,36,,Indep.,Indep.,,,,,,
216082,1950-02-03,,1950,regular,,final,Dartmouth,Yale,62,360,51,53,,Ivy,Ivy,,,,,,
216132,1950-02-03,,1950,regular,,final,Richmond,William & Mary,242,353,47,50,,SoCon,SoCon,,,,,,
216155,1950-02-03,,1950,regular,,final,Denver,Utah,68,331,69,44,,Indep.,,,,,,,
216226,1950-02-03,,1950,regular,,final,Cornell,Penn State (Beaver),60,1353,54,35,,Ivy,,,,,,,
216246,1950-02-03,,1950,regular,,final,Notre Dame,Marquette,213,157,79,61,,Indep.,Indep.,,,,,,
216293,1950-02-03,,1950,regular,,final,Saint Mary's,Bowling Green,253,28,63,84,,Indep.,Indep.,,,,,,
216299,1950-02-03,,1950,regular,,final,Iowa,Purdue,124,236,66,60,,Big Ten,Big Ten,,,,,,
216329,1950-02-03,,1950,regular,,final,George Washington,North Carolina,96,200,56,41,,SoCon,SoCon,,,,,,
216357,1950-02-03,,1950,regular,,final,Temple,St. John's,289,279,61,75,,Indep.,Indep.,,,,,,
216403,1950-02-03,,1950,regular,,final,Western Michigan,Cincinnati,351,51,51,74,,MAC,MAC,,,,,,
216422,1950-02-03,,1950,regular,,final,Detroit Mercy,Wichita State,69,352,61,47,,MVC,MVC,,,,,,
216448,1950-02-03,,1950,regular,,final,BYU,Colorado State,18,57,58,45,,,Indep.,,,,,,
216469,1950-02-03,,1950,regular,,final,Louisville,Duquesne,150,73,64,58,,Indep.,Indep.,,,,,,
216489,1950-02-03,,1950,regular,,final,NC State,Furman,185,93,74,38,,SoCon,SoCon,,,,,,
216510,1950-02-03,,1950,regular,,final,Duke,Navy,72,187,68,53,,SoCon,Indep.,,,,,,
216533,1950-02-03,,1950,regular,,final,The Citadel,Clemson,299,52,34,59,,SoCon,SoCon,,,,,,
216554,1950-02-03,,1950,regular,,final,Tennessee,Georgia Tech,292,101,69,56,,SEC,SEC,,,,,,
216568,1950-02-03,,1950,regular,,final,Mississippi State,Tulane,174,303,55,53,,SEC,SEC,,,,,,
216586,1950-02-03,,1950,regular,,final,Auburn,LSU,16,136,70,66,,SEC,SEC,,,,,,
216632,1950-02-03,,1950,regular,,final,Oregon State,Washington,224,343,44,52,,Pac-12,Pac-12,,,,,,
216658,1950-02-03,,1950,regular,,final,Idaho,Oregon,117,223,44,34,,Pac-12,Pac-12,,,,,,
216714,1950-02-03,,1950,regular,,final,Ohio State,Wisconsin,216,355,61,47,,Big Ten,Big Ten,,,,,,
216735,1950-02-03,,1950,regular,,final,Northwestern,Indiana,212,121,59,64,,Big Ten,Big Ten,,,,,,
216756,1950-02-03,,1950,regular,,final,Minnesota,Illinois,173,118,57,67,,Big Ten,Big Ten,,,,,,
216772,1950-02-03,,1950,regular,,final,Drake,Tulsa,70,304,57,56,,MVC,MVC,,,,,,
216794,1950-02-03,,1950,regular,,final,Saint Louis,Oklahoma State,252,218,41,29,,MVC,MVC,,,,,,
216858,1950-02-03,,1950,regular,,final,Colorado,Missouri,56,177,41,39,,,,,,,,,
215658,1950-02-05,,1950,regular,,final,VMI,Maryland,334,160,62,61,,SoCon,SoCon,,,,,,
215686,1950-02-05,,1950,regular,,final,Arkansas,Pittsburgh,12,229,41,36,,,Indep.,,,,,,
215751,1950-02-05,,1950,regular,,final,John Carroll,Marquette,1388,157,77,64,,,Indep.,,,,,,
215814,1950-02-05,,1950,regular,,final,Utah State,Colorado State,329,57,48,46,,Indep.,Indep.,,,,,,
215848,1950-02-05,,1950,regular,,final,Vanderbilt,Auburn,336,16,63,51,,SEC,SEC,,,,,,
215941,1950-02-05,,1950,regular,,final,Case Western Reserve,Butler,1352,34,46,76,,,MAC,,,,,,
215957,1950-02-05,,1950,regular,,final,Ole Miss,Tulane,220,303,66,68,,SEC,SEC,,,,,,
215970,1950-02-05,,1950,regular,,final,Baldwin-Wallace,La Salle,424,137,65,91,,Indep.,Indep.,,,,,,
216103,1950-02-05,,1950,regular,,final,Seton Hall,Rutgers,263,245,59,61,,Indep.,Indep.,,,,,,
216173,1950-02-05,,1950,regular,,final,Wyoming,Utah,358,331,42,39,,,,,,,,,
216276,1950-02-05,,1950,regular,,final,South Carolina,George Washington,266,96,46,71,,SoCon,SoCon,,,,,,
216308,1950-02-05,,1950,regular,,final,Michigan,Northwestern,170,212,59,44,,Big Ten,Big Ten,,,,,,
216404,1950-02-05,,1950,regular,,final,Cincinnati,Miami (OH),51,167,71,48,,MAC,MAC,,,,,,
216423,1950-02-05,,1950,regular,,final,Bradley,Wichita State,29,352,61,49,,MVC,MVC,,,,,,
216429,1950-02-05,,1950,regular,,final,Saint Louis,Tulsa,252,304,70,48,,MVC,MVC,,,,,,
216470,1950-02-05,,1950,regular,,final,Washington University (St. Louis),Louisville,1458,150,61,57,,Indep.,Indep.,,,,,,
216587,1950-02-05,,1950,regular,,final,Georgia Tech,LSU,101,136,85,58,,SEC,SEC,,,,,,
216659,1950-02-05,,1950,regular,,final,Washington State,Oregon,344,223,52,51,,Pac-12,Pac-12,,,,,,
216715,1950-02-05,,1950,regular,,final,Michigan State,Wisconsin,169,355,47,66,,Big Ten,Big Ten,,,,,,
216736,1950-02-05,,1950,regular,,final,Indiana,Ohio State,121,216,55,56,,Big Ten,Big Ten,,,,,,
216795,1950-02-05,,1950,regular,,final,Drake,Oklahoma State,70,218,49,51,,MVC,MVC,,,,,,
216824,1950-02-05,,1950,regular,,final,Nebraska,Missouri,188,177,50,41,,MVC,,,,,,,
216841,1950-02-05,,1950,regular,,final,Iowa State,Oklahoma,125,217,57,63,,,,,,,,,
216877,1950-02-05,,1950,regular,,final,Colorado,Kansas,56,131,50,48,,,,,,,,,
215585,1950-02-06,,1950,regular,,final,Holy Cross,Colgate,111,55,108,76,,Indep.,Indep.,,,,,,
215752,1950-02-06,,1950,regular,,final,Detroit Mercy,Marquette,69,157,57,44,,MVC,Indep.,,,,,,
215772,1950-02-06,,1950,regular,,final,SMU,Texas A&M,248,293,56,50,,,,,,,,,
215776,1950-02-06,,1950,regular,,final,Texas,TCU,295,287,69,57,,,,,,,,,
215837,1950-02-06,,1950,regular,,final,Dayton,Ohio,64,215,75,50,,Indep.,MAC,,,,,,
216058,1950-02-06,,1950,regular,,final,Harvard,Cornell,107,60,48,49,,Ivy,Ivy,,,,,,
216187,1950-02-06,,1950,regular,,final,Duquesne,Akron,73,3,71,57,,Indep.,,,,,,,
216330,1950-02-06,,1950,regular,,final,North Carolina,Wake Forest,200,342,54,57,,SoCon,SoCon,,,,,,
216405,1950-02-06,,1950,regular,,final,DePaul,Cincinnati,65,51,67,59,,Indep.,MAC,,,,,,
216490,1950-02-06,,1950,regular,,final,William & Mary,NC State,353,185,54,50,,SoCon,SoCon,,,,,,
216511,1950-02-06,,1950,regular,,final,Duke,The Citadel,72,299,65,39,,SoCon,SoCon,,,,,,
216534,1950-02-06,,1950,regular,,final,Clemson,George Washington,52,96,61,66,,SoCon,SoCon,,,,,,
216660,1950-02-06,,1950,regular,,final,Washington State,Oregon,344,223,64,48,,Pac-12,Pac-12,,,,,,
215525,1950-02-07,,1950,regular,,final,Navy,Bucknell,187,32,71,54,,Indep.,Indep.,,,,,,
215732,1950-02-07,,1950,regular,,final,Niagara,Syracuse,194,286,55,60,,Indep.,Indep.,,,,,,
215988,1950-02-07,,1950,regular,,final,Villanova,Seton Hall,338,263,77,68,,Indep.,Indep.,,,,,,
216067,1950-02-07,,1950,regular,,final,Yale,Columbia,360,58,59,46,,Ivy,Ivy,,,,,,
216083,1950-02-07,,1950,regular,,final,Dartmouth,Princeton,62,234,54,82,,Ivy,Ivy,,,,,,
216104,1950-02-07,,1950,regular,,final,Rutgers,Georgetown,245,97,73,75,,Indep.,Indep.,,,,,,
216120,1950-02-07,,1950,regular,,final,Virginia Tech,Washington & Lee,340,386,80,71,,SoCon,SoCon,,,,,,
216133,1950-02-07,,1950,regular,,final,Virginia,Richmond,339,242,70,46,,Indep.,SoCon,,,,,,
216227,1950-02-07,,1950,regular,,final,Penn State (Beaver),Penn State,1353,226,66,49,,,Indep.,,,,,,
216277,1950-02-07,,1950,regular,,final,South Carolina,Davidson,266,63,58,56,,SoCon,SoCon,,,,,,
216358,1950-02-07,,1950,regular,,final,Muhlenberg,Temple,1400,289,72,67,,,Indep.,,,,,,
216370,1950-02-07,,1950,regular,,final,Saint Joseph's,Lafayette,251,138,54,52,,Indep.,Indep.,,,,,,
216471,1950-02-07,,1950,regular,,final,Denver,Louisville,68,150,79,70,,Indep.,Indep.,,,,,,
216569,1950-02-07,,1950,regular,,final,Alabama,Mississippi State,5,174,58,38,,SEC,SEC,,,,,,
216796,1950-02-07,,1950,regular,,final,Oklahoma State,Pittsburgh,218,229,43,34,,MVC,Indep.,,,,,,
216842,1950-02-07,,1950,regular,,final,Iowa State,Kansas State,125,132,56,80,,,,,,,,,
215586,1950-02-08,,1950,regular,,final,Holy Cross,Rhode Island,111,240,74,69,,Indep.,Indep.,,,,,,
215594,1950-02-08,,1950,regular,,final,Loyola Chicago,John Carroll,151,1388,52,46,,Indep.,,,,,,,
215849,1950-02-08,,1950,regular,,final,Auburn,Georgia,16,98,67,54,,SEC,SEC,,,,,,
216049,1950-02-08,,1950,regular,,final,Bowling Green,Western Kentucky,28,350,87,103,,Indep.,OVC,,,,,,
216210,1950-02-08,,1950,regular,,final,St. John's,Canisius,279,42,62,50,,Indep.,Indep.,,,,,,
216287,1950-02-08,,1950,regular,,final,New York University,Manhattan,392,155,55,80,,Indep.,Indep.,,,,,,
215520,1950-02-09,,1950,regular,,final,Colgate,Army,55,15,61,53,,Indep.,Indep.,,,,,,
215555,1950-02-09,,1950,regular,,final,Miami (OH),Western Michigan,167,351,61,54,,MAC,MAC,,,,,,
215815,1950-02-09,,1950,regular,,final,Utah State,Utah,329,331,73,52,,Indep.,,,,,,,
215894,1950-02-09,,1950,regular,,final,Stanford,UCLA,281,313,55,65,,Pac-12,Pac-12,,,,,,
215901,1950-02-09,,1950,regular,,final,VMI,Davidson,334,63,47,68,,SoCon,SoCon,,,,,,
215946,1950-02-09,,1950,regular,,final,Ohio,Case Western Reserve,215,1352,62,49,,MAC,,,,,,,
216035,1950-02-09,,1950,regular,,final,Gettysburg,Penn State,1189,226,66,65,,,Indep.,,,,,,
216134,1950-02-09,,1950,regular,,final,Richmond,Virginia Tech,242,340,39,74,,SoCon,SoCon,,,,,,
216331,1950-02-09,,1950,regular,,final,Furman,North Carolina,93,200,53,59,,SoCon,SoCon,,,,,,
216342,1950-02-09,,1950,regular,,final,Washington State,Idaho,344,117,50,51,,Pac-12,Pac-12,,,,,,
216449,1950-02-09,,1950,regular,,final,Denver,BYU,68,18,54,46,,Indep.,,,,,,,
216472,1950-02-09,,1950,regular,,final,Loyola Marymount,Louisville,153,150,68,47,,Indep.,Indep.,,,,,,
216512,1950-02-09,,1950,regular,,final,Maryland,Duke,160,72,67,57,,SoCon,SoCon,,,,,,
216555,1950-02-09,,1950,regular,,final,Georgia Tech,Florida,101,87,69,38,,SEC,SEC,,,,,,
216633,1950-02-09,,1950,regular,,final,Washington,Wyoming,343,358,29,49,,Pac-12,,,,,,,
216661,1950-02-09,,1950,regular,,final,Oregon,Oregon State,223,224,45,34,,Pac-12,Pac-12,,,,,,
216680,1950-02-09,,1950,regular,,final,California,USC,40,323,59,54,,Pac-12,Pac-12,,,,,,
216859,1950-02-09,,1950,regular,,final,Colorado,Iowa State,56,125,66,46,,,,,,,,,
215526,1950-02-10,,1950,regular,,final,Rhode Island,Bucknell,240,32,88,78,,Indep.,Indep.,,,,,,
215546,1950-02-10,,1950,regular,,final,Butler,Western Michigan,34,351,68,49,,MAC,MAC,,,,,,
215580,1950-02-10,,1950,regular,,final,Canisius,City College of New York,42,393,53,49,,Indep.,,,,,,,
215663,1950-02-10,,1950,regular,,final,Virginia,Washington & Lee,339,386,62,68,,Indep.,SoCon,,,,,,
215713,1950-02-10,,1950,regular,,final,DePaul,Bradley,65,29,56,67,,Indep.,MVC,,,,,,
215720,1950-02-10,,1950,regular,,final,Georgetown,Villanova,97,338,45,73,,Indep.,Indep.,,,,,,
215733,1950-02-10,,1950,regular,,final,Syracuse,Army,286,15,73,53,,Indep.,Indep.,,,,,,
215773,1950-02-10,,1950,regular,,final,SMU,Texas,248,295,51,34,,,,,,,,,
215816,1950-02-10,,1950,regular,,final,Utah,Utah State,331,329,49,36,,,Indep.,,,,,,
215885,1950-02-10,,1950,regular,,final,Vanderbilt,Alabama,336,5,47,38,,SEC,SEC,,,,,,
215895,1950-02-10,,1950,regular,,final,Stanford,USC,281,323,45,59,,Pac-12,Pac-12,,,,,,
215922,1950-02-10,,1950,regular,,final,Georgia,Florida,98,87,77,52,,SEC,SEC,,,,,,
215934,1950-02-10,,1950,regular,,final,Furman,VMI,93,334,58,55,,SoCon,SoCon,,,,,,
215954,1950-02-10,,1950,regular,,final,Auburn,Tulane,16,303,64,60,,SEC,SEC,,,,,,
216036,1950-02-10,,1950,regular,,final,Navy,Penn State,187,226,46,40,,Indep.,Indep.,,,,,,
216068,1950-02-10,,1950,regular,,final,Yale,Cornell,360,60,60,47,,Ivy,Ivy,,,,,,
216084,1950-02-10,,1950,regular,,final,Dartmouth,Harvard,62,107,58,60,,Ivy,Ivy,,,,,,
216105,1950-02-10,,1950,regular,,final,Lafayette,Rutgers,138,245,62,60,,Indep.,Indep.,,,,,,
216121,1950-02-10,,1950,regular,,final,William & Mary,Virginia Tech,353,340,64,50,,SoCon,SoCon,,,,,,
216198,1950-02-10,,1950,regular,,final,Seton Hall,Boston College,263,26,38,42,,Indep.,Indep.,,,,,,
216228,1950-02-10,,1950,regular,,final,Columbia,Penn State (Beaver),58,1353,51,46,,Ivy,,,,,,,
216248,1950-02-10,,1950,regular,,final,Saint Louis,Notre Dame,252,213,55,45,,MVC,Indep.,,,,,,
216261,1950-02-10,,1950,regular,,final,TCU,Rice,287,241,64,36,,,,,,,,,
216309,1950-02-10,,1950,regular,,final,Purdue,Michigan,236,170,61,53,,Big Ten,Big Ten,,,,,,
216359,1950-02-10,,1950,regular,,final,Temple,Manhattan,289,155,73,63,,Indep.,Indep.,,,,,,
216371,1950-02-10,,1950,regular,,final,Muhlenberg,Saint Joseph's,1400,251,76,74,,,Indep.,,,,,,
216386,1950-02-10,,1950,regular,,final,La Salle,Toledo,137,300,55,59,,Indep.,Indep.,,,,,,
216406,1950-02-10,,1950,regular,,final,West Virginia,Cincinnati,347,51,64,69,,Indep.,MAC,,,,,,
216430,1950-02-10,,1950,regular,,final,Tulsa,Wichita State,304,352,44,40,,MVC,MVC,,,,,,
216450,1950-02-10,,1950,regular,,final,Colorado State,BYU,57,18,40,30,,Indep.,,,,,,,
216491,1950-02-10,,1950,regular,,final,NC State,Wake Forest,185,342,73,35,,SoCon,SoCon,,,,,,
216513,1950-02-10,,1950,regular,,final,George Washington,Duke,96,72,62,55,,SoCon,SoCon,,,,,,
216613,1950-02-10,,1950,regular,,final,Kentucky,Tennessee,135,292,79,52,,SEC,SEC,,,,,,
216634,1950-02-10,,1950,regular,,final,Washington,Wyoming,343,358,37,36,,Pac-12,,,,,,,
216662,1950-02-10,,1950,regular,,final,Oregon,Saint Mary's,223,253,61,53,,Pac-12,Indep.,,,,,,
216681,1950-02-10,,1950,regular,,final,California,UCLA,40,313,47,54,,Pac-12,Pac-12,,,,,,
216700,1950-02-10,,1950,regular,,final,Ohio State,Michigan State,216,169,87,43,,Big Ten,Big Ten,,,,,,
216737,1950-02-10,,1950,regular,,final,Indiana,Minnesota,121,173,59,39,,Big Ten,Big Ten,,,,,,
216757,1950-02-10,,1950,regular,,final,Iowa,Illinois,124,118,70,65,,Big Ten,Big Ten,,,,,,
216773,1950-02-10,,1950,regular,,final,Drake,Creighton,70,61,76,60,,MVC,Indep.,,,,,,
216797,1950-02-10,,1950,regular,,final,Detroit Mercy,Oklahoma State,69,218,40,39,,MVC,MVC,,,,,,
216825,1950-02-10,,1950,regular,,final,Missouri,Kansas State,177,132,59,43,,,,,,,,,
216878,1950-02-10,,1950,regular,,final,Kansas,Nebraska,131,188,49,36,,,MVC,,,,,,
216278,1950-02-11,,1950,regular,,final,Richmond,South Carolina,242,266,65,60,,SoCon,SoCon,,,,,,
216451,1950-02-11,,1950,regular,,final,Colorado State,BYU,57,18,55,46,,Indep.,,,,,,,
215759,1950-02-12,,1950,regular,,final,Princeton,Cornell,234,60,51,49,,Ivy,Ivy,,,,,,
215777,1950-02-12,,1950,regular,,final,TCU,Texas,287,295,51,38,,,,,,,,,
215795,1950-02-12,,1950,regular,,final,Arkansas,Texas A&M,12,293,52,46,,,,,,,,,
215808,1950-02-12,,1950,regular,,final,Santa Clara,San Francisco,261,259,51,43,,Indep.,Indep.,,,,,,
215930,1950-02-12,,1950,regular,,final,Dayton,Xavier,64,359,59,42,,Indep.,Indep.,,,,,,
216022,1950-02-12,,1950,regular,,final,Niagara,Toledo,194,300,61,50,,Indep.,Indep.,,,,,,
216262,1950-02-12,,1950,regular,,final,SMU,Rice,248,241,55,48,,,,,,,,,
216279,1950-02-12,,1950,regular,,final,Maryland,South Carolina,160,266,56,61,,SoCon,SoCon,,,,,,
216310,1950-02-12,,1950,regular,,final,Minnesota,Michigan,173,170,53,48,,Big Ten,Big Ten,,,,,,
216332,1950-02-12,,1950,regular,,final,William & Mary,North Carolina,353,200,46,52,,SoCon,SoCon,,,,,,
216570,1950-02-12,,1950,regular,,final,Vanderbilt,Mississippi State,336,174,85,50,,SEC,SEC,,,,,,
216588,1950-02-12,,1950,regular,,final,LSU,Auburn,136,16,76,61,,SEC,SEC,,,,,,
216614,1950-02-12,,1950,regular,,final,Kentucky,Alabama,135,5,77,57,,SEC,SEC,,,,,,
216717,1950-02-12,,1950,regular,,final,Iowa,Wisconsin,124,355,62,66,,Big Ten,Big Ten,,,,,,
216758,1950-02-12,,1950,regular,,final,Illinois,Indiana,118,121,72,83,,Big Ten,Big Ten,,,,,,
216798,1950-02-12,,1950,regular,,final,Bradley,Oklahoma State,29,218,59,46,,MVC,MVC,,,,,,
216810,1950-02-12,,1950,regular,,final,Oklahoma,Nebraska,217,188,55,57,,,MVC,,,,,,
216826,1950-02-12,,1950,regular,,final,Missouri,Ohio State,177,216,46,47,,,Big Ten,,,,,,
215530,1950-02-13,,1950,regular,,final,John Carroll,DePaul,1388,65,55,63,,,Indep.,,,,,,
215734,1950-02-13,,1950,regular,,final,Syracuse,New York University,286,392,61,49,,Indep.,Indep.,,,,,,
215854,1950-02-13,,1950,regular,,final,Maryland,Virginia,160,339,70,52,,SoCon,Indep.,,,,,,
215916,1950-02-13,,1950,regular,,final,Oregon State,Idaho,224,117,48,44,,Pac-12,Pac-12,,,,,,
215925,1950-02-13,,1950,regular,,final,Miami (OH),Xavier,167,359,37,51,,MAC,Indep.,,,,,,
215967,1950-02-13,,1950,regular,,final,Akron,Canisius,3,42,71,74,,,Indep.,,,,,,
216135,1950-02-13,,1950,regular,,final,Washington & Lee,Richmond,386,242,88,75,,SoCon,SoCon,,,,,,
216229,1950-02-13,,1950,regular,,final,Harvard,Penn State (Beaver),107,1353,77,95,,Ivy,,,,,,,
216249,1950-02-13,,1950,regular,,final,Notre Dame,Loyola Chicago,213,151,67,60,,Indep.,Indep.,,,,,,
216407,1950-02-13,,1950,regular,,final,Cincinnati,Butler,51,34,55,53,,MAC,MAC,,,,,,
216424,1950-02-13,,1950,regular,,final,Wichita State,Saint Louis,352,252,54,61,,MVC,MVC,,,,,,
216514,1950-02-13,,1950,regular,,final,NC State,Duke,185,72,68,50,,SoCon,SoCon,,,,,,
216535,1950-02-13,,1950,regular,,final,Davidson,Clemson,63,52,77,65,,SoCon,SoCon,,,,,,
216701,1950-02-13,,1950,regular,,final,Michigan State,Detroit Mercy,169,69,57,54,,Big Ten,MVC,,,,,,
216879,1950-02-13,,1950,regular,,final,Kansas State,Kansas,132,131,55,50,,,,,,,,,
215569,1950-02-14,,1950,regular,,final,Army,Fordham,15,91,50,72,,Indep.,Indep.,,,,,,
215577,1950-02-14,,1950,regular,,final,Georgetown,George Washington,97,96,66,68,,Indep.,SoCon,,,,,,
215763,1950-02-14,,1950,regular,,final,Princeton,Columbia,234,58,50,48,,Ivy,Ivy,,,,,,
215917,1950-02-14,,1950,regular,,final,Oregon State,Idaho,224,117,60,46,,Pac-12,Pac-12,,,,,,
216000,1950-02-14,,1950,regular,,final,Navy,Gettysburg,187,1189,62,47,,Indep.,,,,,,,
216011,1950-02-14,,1950,regular,,final,Lafayette,Muhlenberg,138,1400,72,42,,Indep.,,,,,,,
216023,1950-02-14,,1950,regular,,final,Toledo,John Carroll,300,1388,65,50,,Indep.,,,,,,,
216037,1950-02-14,,1950,regular,,final,Penn State,West Virginia,226,347,82,56,,Indep.,Indep.,,,,,,
216050,1950-02-14,,1950,regular,,final,Western Kentucky,Miami,350,168,79,57,,OVC,Indep.,,,,,,
216069,1950-02-14,,1950,regular,,final,Yale,Brown,360,30,74,54,,Ivy,Indep.,,,,,,
216085,1950-02-14,,1950,regular,,final,Dartmouth,Holy Cross,62,111,50,67,,Ivy,Indep.,,,,,,
216106,1950-02-14,,1950,regular,,final,Lehigh,Rutgers,141,245,61,76,,Indep.,Indep.,,,,,,
216136,1950-02-14,,1950,regular,,final,VMI,Richmond,334,242,62,70,,SoCon,SoCon,,,,,,
216263,1950-02-14,,1950,regular,,final,Rice,Baylor,241,20,59,60,,,,,,,,,
216387,1950-02-14,,1950,regular,,final,Loyola Maryland,La Salle,152,137,59,71,,,Indep.,,,,,,
216536,1950-02-14,,1950,regular,,final,Wake Forest,Clemson,342,52,65,52,,SoCon,SoCon,,,,,,
216556,1950-02-14,,1950,regular,,final,Georgia,Georgia Tech,98,101,73,72,,SEC,SEC,,,,,,
216615,1950-02-14,,1950,regular,,final,Kentucky,Ole Miss,135,220,90,50,,SEC,SEC,,,,,,
215519,1950-02-15,,1950,regular,,final,City College of New York,Niagara,393,194,61,68,,,Indep.,,,,,,
215542,1950-02-15,,1950,regular,,final,Washington & Lee,William & Mary,386,353,57,70,,SoCon,SoCon,,,,,,
215604,1950-02-15,,1950,regular,,final,Loyola Chicago,Western Michigan,151,351,85,71,,Indep.,MAC,,,,,,
215664,1950-02-15,,1950,regular,,final,Virginia,VMI,339,334,71,64,,Indep.,SoCon,,,,,,
215870,1950-02-15,,1950,regular,,final,Vanderbilt,Ole Miss,336,220,80,47,,SEC,SEC,,,,,,
216051,1950-02-15,,1950,regular,,final,Western Kentucky,Miami,350,168,83,47,,OVC,Indep.,,,,,,
216188,1950-02-15,,1950,regular,,final,Long Island University,Duquesne,146,73,53,60,,Indep.,Indep.,,,,,,
215556,1950-02-16,,1950,regular,,final,Ohio,Miami (OH),215,167,45,54,,MAC,MAC,,,,,,
215587,1950-02-16,,1950,regular,,final,Rhode Island,Holy Cross,240,111,62,70,,Indep.,Indep.,,,,,,
215796,1950-02-16,,1950,regular,,final,Arkansas,TCU,12,287,52,43,,,,,,,,,
215809,1950-02-16,,1950,regular,,final,Santa Clara,St. Francis Brooklyn,261,364,76,64,,Indep.,Indep.,,,,,,
215817,1950-02-16,,1950,regular,,final,Colorado State,Utah State,57,329,36,49,,Indep.,Indep.,,,,,,
215896,1950-02-16,,1950,regular,,final,UCLA,Stanford,313,281,69,59,,Pac-12,Pac-12,,,,,,
215981,1950-02-16,,1950,regular,,final,Baldwin-Wallace,Bowling Green,424,28,66,78,,Indep.,Indep.,,,,,,
216137,1950-02-16,,1950,regular,,final,Richmond,Davidson,242,63,81,60,,SoCon,SoCon,,,,,,
216174,1950-02-16,,1950,regular,,final,Denver,Wyoming,68,358,45,33,,Indep.,,,,,,,
216280,1950-02-16,,1950,regular,,final,South Carolina,Wake Forest,266,342,49,43,,SoCon,SoCon,,,,,,
216452,1950-02-16,,1950,regular,,final,BYU,Utah,18,331,42,56,,,,,,,,,
216515,1950-02-16,,1950,regular,,final,North Carolina,Duke,200,72,58,55,,SoCon,SoCon,,,,,,
216589,1950-02-16,,1950,regular,,final,LSU,Mississippi State,136,174,68,58,,SEC,SEC,,,,,,
216635,1950-02-16,,1950,regular,,final,Washington,Washington State,343,344,46,54,,Pac-12,Pac-12,,,,,,
216663,1950-02-16,,1950,regular,,final,Oregon,Idaho,223,117,47,53,,Pac-12,Pac-12,,,,,,
216682,1950-02-16,,1950,regular,,final,USC,California,323,40,61,34,,Pac-12,Pac-12,,,,,,
216799,1950-02-16,,1950,regular,,final,Oklahoma State,Detroit Mercy,218,69,39,27,,MVC,MVC,,,,,,
216880,1950-02-16,,1950,regular,,final,Kansas,Missouri,131,177,59,52,,,,,,,,,
215512,1950-02-17,,1950,regular,,final,Navy,Brown,187,30,54,35,,Indep.,Indep.,,,,,,
215543,1950-02-17,,1950,regular,,final,William & Mary,VMI,353,334,74,57,,SoCon,SoCon,,,,,,
215557,1950-02-17,,1950,regular,,final,Butler,Miami (OH),34,167,48,46,,MAC,MAC,,,,,,
215566,1950-02-17,,1950,regular,,final,Bucknell,Lafayette,32,138,61,66,,Indep.,Indep.,,,,,,
215581,1950-02-17,,1950,regular,,final,Canisius,Manhattan,42,155,52,50,,Indep.,Indep.,,,,,,
215676,1950-02-17,,1950,regular,,final,The Citadel,Wake Forest,299,342,57,62,,SoCon,SoCon,,,,,,
215735,1950-02-17,,1950,regular,,final,Colgate,Syracuse,55,286,62,77,,Indep.,Indep.,,,,,,
215760,1950-02-17,,1950,regular,,final,Cornell,Princeton,60,234,42,44,,Ivy,Ivy,,,,,,
215774,1950-02-17,,1950,regular,,final,Texas,SMU,295,248,47,46,,,,,,,,,
215829,1950-02-17,,1950,regular,,final,Northwestern,Ohio State,212,216,46,68,,Big Ten,Big Ten,,,,,,
215850,1950-02-17,,1950,regular,,final,Auburn,Alabama,16,5,67,58,,SEC,SEC,,,,,,
215897,1950-02-17,,1950,regular,,final,USC,Stanford,323,281,62,59,,Pac-12,Pac-12,,,,,,
215906,1950-02-17,,1950,regular,,final,Florida,Miami,87,168,66,46,,SEC,Indep.,,,,,,
215910,1950-02-17,,1950,regular,,final,Maryland,Davidson,160,63,64,61,,SoCon,SoCon,,,,,,
215918,1950-02-17,,1950,regular,,final,Marquette,Creighton,157,61,80,68,,Indep.,Indep.,,,,,,
215944,1950-02-17,,1950,regular,,final,Western Michigan,Case Western Reserve,351,1352,90,69,,MAC,,,,,,,
216001,1950-02-17,,1950,regular,,final,Gettysburg,Georgetown,1189,97,65,71,,,Indep.,,,,,,
216024,1950-02-17,,1950,regular,,final,Toledo,Washington University (St. Louis),300,1458,55,41,,Indep.,Indep.,,,,,,
216070,1950-02-17,,1950,regular,,final,Yale,Army,360,15,62,47,,Ivy,Indep.,,,,,,
216086,1950-02-17,,1950,regular,,final,Dartmouth,Columbia,62,58,56,74,,Ivy,Ivy,,,,,,
216107,1950-02-17,,1950,regular,,final,Penn State,Rutgers,226,245,51,64,,Indep.,Indep.,,,,,,
216122,1950-02-17,,1950,regular,,final,Virginia Tech,Virginia,340,339,78,64,,SoCon,Indep.,,,,,,
216175,1950-02-17,,1950,regular,,final,Wyoming,Utah State,358,329,48,42,,,Indep.,,,,,,
216199,1950-02-17,,1950,regular,,final,Boston College,Villanova,26,338,64,61,,Indep.,Indep.,,,,,,
216230,1950-02-17,,1950,regular,,final,Penn State (Beaver),Harvard,1353,107,77,66,,,Ivy,,,,,,
216360,1950-02-17,,1950,regular,,final,Temple,West Virginia,289,347,82,48,,Indep.,Indep.,,,,,,
216372,1950-02-17,,1950,regular,,final,Saint Joseph's,City College of New York,251,393,59,75,,Indep.,,,,,,,
216388,1950-02-17,,1950,regular,,final,Muhlenberg,La Salle,1400,137,60,87,,,Indep.,,,,,,
216425,1950-02-17,,1950,regular,,final,Wichita State,Bradley,352,29,56,68,,MVC,MVC,,,,,,
216431,1950-02-17,,1950,regular,,final,Tulsa,Detroit Mercy,304,69,53,49,,MVC,MVC,,,,,,
216453,1950-02-17,,1950,regular,,final,Utah,BYU,331,18,46,56,,,,,,,,,
216492,1950-02-17,,1950,regular,,final,Louisville,NC State,150,185,52,66,,Indep.,SoCon,,,,,,
216516,1950-02-17,,1950,regular,,final,Duke,George Washington,72,96,55,52,,SoCon,SoCon,,,,,,
216537,1950-02-17,,1950,regular,,final,Clemson,Furman,52,93,52,56,,SoCon,SoCon,,,,,,
216571,1950-02-17,,1950,regular,,final,Tulane,Mississippi State,303,174,73,53,,SEC,SEC,,,,,,
216616,1950-02-17,,1950,regular,,final,Kentucky,Georgia Tech,135,101,97,62,,SEC,SEC,,,,,,
216636,1950-02-17,,1950,regular,,final,Washington,Washington State,343,344,42,60,,Pac-12,Pac-12,,,,,,
216664,1950-02-17,,1950,regular,,final,Oregon,Idaho,223,117,54,48,,Pac-12,Pac-12,,,,,,
216683,1950-02-17,,1950,regular,,final,UCLA,California,313,40,64,56,,Pac-12,Pac-12,,,,,,
216718,1950-02-17,,1950,regular,,final,Wisconsin,Iowa,355,124,53,44,,Big Ten,Big Ten,,,,,,
216738,1950-02-17,,1950,regular,,final,Indiana,Purdue,121,236,60,50,,Big Ten,Big Ten,,,,,,
216759,1950-02-17,,1950,regular,,final,Illinois,Michigan,118,170,70,60,,Big Ten,Big Ten,,,,,,
216774,1950-02-17,,1950,regular,,final,Saint Louis,Drake,252,70,79,54,,MVC,MVC,,,,,,
216860,1950-02-17,,1950,regular,,final,Nebraska,Colorado,188,56,59,49,,MVC,,,,,,,
215616,1950-02-18,,1950,regular,,final,San Francisco,St. Francis Brooklyn,259,364,73,42,,Indep.,Indep.,,,,,,
215570,1950-02-19,,1950,regular,,final,City College of New York,Fordham,393,91,66,62,,,Indep.,,,,,,
215753,1950-02-19,,1950,regular,,final,Northwestern,Marquette,212,157,61,52,,Big Ten,Indep.,,,,,,
215766,1950-02-19,,1950,regular,,final,Columbia,Brown,58,30,54,51,,Ivy,Indep.,,,,,,
215851,1950-02-19,,1950,regular,,final,Florida,Auburn,87,16,43,41,,SEC,SEC,,,,,,
215859,1950-02-19,,1950,regular,,final,Bradley,Saint Louis,29,252,52,45,,MVC,MVC,,,,,,
215962,1950-02-19,,1950,regular,,final,Washington & Lee,Clemson,386,52,63,78,,SoCon,SoCon,,,,,,
215989,1950-02-19,,1950,regular,,final,Seton Hall,Lafayette,263,138,50,59,,Indep.,Indep.,,,,,,
216123,1950-02-19,,1950,regular,,final,Virginia Tech,William & Mary,340,353,60,47,,SoCon,SoCon,,,,,,
216156,1950-02-19,,1950,regular,,final,Colorado State,Denver,57,68,36,41,,Indep.,Indep.,,,,,,
216176,1950-02-19,,1950,regular,,final,Wyoming,Utah State,358,329,59,33,,,Indep.,,,,,,
216300,1950-02-19,,1950,regular,,final,Minnesota,Iowa,173,124,62,64,,Big Ten,Big Ten,,,,,,
216702,1950-02-19,,1950,regular,,final,Michigan,Michigan State,170,169,70,53,,Big Ten,Big Ten,,,,,,
216719,1950-02-19,,1950,regular,,final,Wisconsin,Purdue,355,236,56,45,,Big Ten,Big Ten,,,,,,
216739,1950-02-19,,1950,regular,,final,Ohio State,Indiana,216,121,75,65,,Big Ten,Big Ten,,,,,,
216827,1950-02-19,,1950,regular,,final,Missouri,Nebraska,177,188,48,55,,,MVC,,,,,,
216843,1950-02-19,,1950,regular,,final,Oklahoma,Iowa State,217,125,76,48,,,,,,,,,
216881,1950-02-19,,1950,regular,,final,Drake,Kansas,70,131,50,67,,MVC,,,,,,,
215547,1950-02-20,,1950,regular,,final,Western Michigan,Butler,351,34,70,57,,MAC,MAC,,,,,,
215665,1950-02-20,,1950,regular,,final,Virginia,George Washington,339,96,57,64,,Indep.,SoCon,,,,,,
215736,1950-02-20,,1950,regular,,final,Syracuse,Cornell,286,60,55,68,,Indep.,Ivy,,,,,,
215768,1950-02-20,,1950,regular,,final,TCU,Texas A&M,287,293,58,60,,,,,,,,,
215786,1950-02-20,,1950,regular,,final,Texas,Baylor,295,20,41,43,,,,,,,,,
216059,1950-02-20,,1950,regular,,final,Harvard,Columbia,107,58,52,62,,Ivy,Ivy,,,,,,
216138,1950-02-20,,1950,regular,,final,Maryland,Richmond,160,242,67,48,,SoCon,SoCon,,,,,,
216200,1950-02-20,,1950,regular,,final,Boston College,Holy Cross,26,111,63,71,,Indep.,Indep.,,,,,,
216281,1950-02-20,,1950,regular,,final,South Carolina,The Citadel,266,299,68,42,,SoCon,SoCon,,,,,,
216389,1950-02-20,,1950,regular,,final,Manhattan,La Salle,155,137,60,65,,Indep.,Indep.,,,,,,
216493,1950-02-20,,1950,regular,,final,NC State,North Carolina,185,200,70,44,,SoCon,SoCon,,,,,,
216517,1950-02-20,,1950,regular,,final,Wake Forest,Duke,342,72,72,54,,SoCon,SoCon,,,,,,
216538,1950-02-20,,1950,regular,,final,VMI,Clemson,334,52,73,83,,SoCon,SoCon,,,,,,
216800,1950-02-20,,1950,regular,,final,Oklahoma State,Wichita State,218,352,49,40,,MVC,MVC,,,,,,
215521,1950-02-21,,1950,regular,,final,Army,Colgate,15,55,50,48,,Indep.,Indep.,,,,,,
215567,1950-02-21,,1950,regular,,final,Lafayette,Lehigh,138,141,76,53,,Indep.,Indep.,,,,,,
215611,1950-02-21,,1950,regular,,final,Niagara,St. Bonaventure,194,277,58,45,,Indep.,Indep.,,,,,,
215886,1950-02-21,,1950,regular,,final,Ole Miss,Alabama,220,5,61,52,,SEC,SEC,,,,,,
215936,1950-02-21,,1950,regular,,final,Davidson,Furman,63,93,68,58,,SoCon,SoCon,,,,,,
215968,1950-02-21,,1950,regular,,final,Ohio,Akron,215,3,75,74,,MAC,,,,,,,
216012,1950-02-21,,1950,regular,,final,Seton Hall,Muhlenberg,263,1400,59,64,,Indep.,,,,,,,
216071,1950-02-21,,1950,regular,,final,Yale,Princeton,360,234,49,51,,Ivy,Ivy,,,,,,
216108,1950-02-21,,1950,regular,,final,Navy,Rutgers,187,245,57,48,,Indep.,Indep.,,,,,,
216139,1950-02-21,,1950,regular,,final,Richmond,Washington & Lee,242,386,70,72,,SoCon,SoCon,,,,,,
216231,1950-02-21,,1950,regular,,final,Penn State (Beaver),Georgetown,1353,97,73,78,,,Indep.,,,,,,
216361,1950-02-21,,1950,regular,,final,Penn State,Temple,226,289,66,61,,Indep.,Indep.,,,,,,
216557,1950-02-21,,1950,regular,,final,Auburn,Georgia Tech,16,101,53,61,,SEC,SEC,,,,,,
215571,1950-02-22,,1950,regular,,final,Fordham,Georgetown,91,97,64,63,,Indep.,Indep.,,,,,,
215737,1950-02-22,,1950,regular,,final,City College of New York,Syracuse,393,286,74,83,,,Indep.,,,,,,
216251,1950-02-22,,1950,regular,,final,Notre Dame,Saint Louis,213,252,55,52,,Indep.,MVC,,,,,,
216266,1950-02-22,,1950,regular,,final,Rice,Texas,241,295,41,55,,,,,,,,,
216408,1950-02-22,,1950,regular,,final,Long Island University,Cincinnati,146,51,65,83,,Indep.,MAC,,,,,,
216572,1950-02-22,,1950,regular,,final,Ole Miss,Mississippi State,220,174,62,45,,SEC,SEC,,,,,,
216617,1950-02-22,,1950,regular,,final,Kentucky,Xavier,135,359,58,53,,SEC,Indep.,,,,,,
216801,1950-02-22,,1950,regular,,final,Oklahoma State,Tulsa,218,304,34,27,,MVC,MVC,,,,,,
215666,1950-02-23,,1950,regular,,final,Washington & Lee,Virginia,386,339,95,83,,SoCon,Indep.,,,,,,
215757,1950-02-23,,1950,regular,,final,Utah,Colorado State,331,57,52,38,,,Indep.,,,,,,
215898,1950-02-23,,1950,regular,,final,Stanford,USC,281,323,60,57,,Pac-12,Pac-12,,,,,,
216038,1950-02-23,,1950,regular,,final,Colgate,Penn State,55,226,57,72,,Indep.,Indep.,,,,,,
216087,1950-02-23,,1950,regular,,final,Columbia,Dartmouth,58,62,74,51,,Ivy,Ivy,,,,,,
216177,1950-02-23,,1950,regular,,final,Wyoming,Denver,358,68,52,59,,,Indep.,,,,,,
216282,1950-02-23,,1950,regular,,final,South Carolina,Maryland,266,160,59,44,,SoCon,SoCon,,,,,,
216454,1950-02-23,,1950,regular,,final,BYU,Utah State,18,329,60,46,,,Indep.,,,,,,
216518,1950-02-23,,1950,regular,,final,Duke,North Carolina,72,200,46,64,,SoCon,SoCon,,,,,,
216590,1950-02-23,,1950,regular,,final,Tulane,LSU,303,136,77,71,,SEC,SEC,,,,,,
216637,1950-02-23,,1950,regular,,final,Idaho,Washington,117,343,57,40,,Pac-12,Pac-12,,,,,,
216665,1950-02-23,,1950,regular,,final,Oregon State,Oregon,224,223,51,42,,Pac-12,Pac-12,,,,,,
216684,1950-02-23,,1950,regular,,final,California,UCLA,40,313,44,46,,Pac-12,Pac-12,,,,,,
215550,1950-02-24,,1950,regular,,final,Butler,Ohio,34,215,67,56,,MAC,MAC,,,,,,
215612,1950-02-24,,1950,regular,,final,St. Bonaventure,Canisius,277,42,53,51,,Indep.,Indep.,,,,,,
215637,1950-02-24,,1950,regular,,final,Brown,Holy Cross,30,111,45,70,,Indep.,Indep.,,,,,,
215677,1950-02-24,,1950,regular,,final,George Washington,Wake Forest,96,342,83,67,,SoCon,SoCon,,,,,,
215758,1950-02-24,,1950,regular,,final,Utah,Colorado State,331,57,52,42,,,Indep.,,,,,,
215787,1950-02-24,,1950,regular,,final,Baylor,TCU,20,287,57,42,,,,,,,,,
215797,1950-02-24,,1950,regular,,final,SMU,Arkansas,248,12,57,48,,,,,,,,,
215852,1950-02-24,,1950,regular,,final,Georgia,Auburn,98,16,46,55,,SEC,SEC,,,,,,
215856,1950-02-24,,1950,regular,,final,Detroit Mercy,Saint Louis,69,252,73,60,,MVC,MVC,,,,,,
215866,1950-02-24,,1950,regular,,final,Purdue,Minnesota,236,173,55,39,,Big Ten,Big Ten,,,,,,
215878,1950-02-24,,1950,regular,,final,Tennessee,Ole Miss,292,220,79,57,,SEC,SEC,,,,,,
215899,1950-02-24,,1950,regular,,final,Stanford,UCLA,281,313,57,62,,Pac-12,Pac-12,,,,,,
215902,1950-02-24,,1950,regular,,final,Davidson,The Citadel,63,299,87,48,,SoCon,SoCon,,,,,,
215912,1950-02-24,,1950,regular,,final,Pittsburgh,West Virginia,229,347,55,53,,Indep.,Indep.,,,,,,
215942,1950-02-24,,1950,regular,,final,Colgate,Case Western Reserve,55,1352,81,71,,Indep.,,,,,,,
216002,1950-02-24,,1950,regular,,final,Gettysburg,Lehigh,1189,141,64,48,,,Indep.,,,,,,
216013,1950-02-24,,1950,regular,,final,Muhlenberg,Bucknell,1400,32,95,81,,,Indep.,,,,,,
216026,1950-02-24,,1950,regular,,final,Xavier,Toledo,359,300,53,48,,Indep.,Indep.,,,,,,
216039,1950-02-24,,1950,regular,,final,Syracuse,Penn State,286,226,46,44,,Indep.,Indep.,,,,,,
216060,1950-02-24,,1950,regular,,final,Cornell,Harvard,60,107,57,47,,Ivy,Ivy,,,,,,
216072,1950-02-24,,1950,regular,,final,Princeton,Yale,234,360,54,51,,Ivy,Ivy,,,,,,
216124,1950-02-24,,1950,regular,,final,Virginia Tech,VMI,340,334,78,58,,SoCon,SoCon,,,,,,
216140,1950-02-24,,1950,regular,,final,William & Mary,Richmond,353,242,81,54,,SoCon,SoCon,,,,,,
216178,1950-02-24,,1950,regular,,final,Wyoming,Denver,358,68,61,39,,,Indep.,,,,,,
216232,1950-02-24,,1950,regular,,final,Penn State (Beaver),Dartmouth,1353,62,67,61,,,Ivy,,,,,,
216252,1950-02-24,,1950,regular,,final,Navy,Notre Dame,187,213,59,65,,Indep.,Indep.,,,,,,
216311,1950-02-24,,1950,regular,,final,Northwestern,Michigan,212,170,76,53,,Big Ten,Big Ten,,,,,,
216409,1950-02-24,,1950,regular,,final,La Salle,Cincinnati,137,51,76,65,,Indep.,MAC,,,,,,
216455,1950-02-24,,1950,regular,,final,Utah State,BYU,329,18,35,63,,Indep.,,,,,,,
216494,1950-02-24,,1950,regular,,final,NC State,Villanova,185,338,64,65,,SoCon,Indep.,,,,,,
216539,1950-02-24,,1950,regular,,final,Clemson,Maryland,52,160,70,68,,SoCon,SoCon,,,,,,
216558,1950-02-24,,1950,regular,,final,Florida,Georgia Tech,87,101,59,41,,SEC,SEC,,,,,,
216618,1950-02-24,,1950,regular,,final,Kentucky,Vanderbilt,135,336,70,66,,SEC,SEC,,,,,,
216638,1950-02-24,,1950,regular,,final,Idaho,Washington,117,343,48,45,,Pac-12,Pac-12,,,,,,
216666,1950-02-24,,1950,regular,,final,Oregon,Oregon State,223,224,45,40,,Pac-12,Pac-12,,,,,,
216685,1950-02-24,,1950,regular,,final,California,USC,40,323,60,58,,Pac-12,Pac-12,,,,,,
216703,1950-02-24,,1950,regular,,final,Marquette,Michigan State,157,169,75,58,,Indep.,Big Ten,,,,,,
216740,1950-02-24,,1950,regular,,final,Indiana,Iowa,121,124,53,59,,Big Ten,Big Ten,,,,,,
216760,1950-02-24,,1950,regular,,final,Illinois,Wisconsin,118,355,76,58,,Big Ten,Big Ten,,,,,,
216775,1950-02-24,,1950,regular,,final,Drake,Wichita State,70,352,79,61,,MVC,MVC,,,,,,
216802,1950-02-24,,1950,regular,,final,Oklahoma State,Bradley,218,29,35,42,,MVC,MVC,,,,,,
216828,1950-02-24,,1950,regular,,final,Missouri,Oklahoma,177,217,40,45,,,,,,,,,
216844,1950-02-24,,1950,regular,,final,Iowa State,Nebraska,125,188,54,56,,,MVC,,,,,,
216882,1950-02-24,,1950,regular,,final,Kansas,Colorado,131,56,76,60,,,,,,,,,
215818,1950-02-26,,1950,regular,,final,Utah State,Colorado State,329,57,53,48,,Indep.,Indep.,,,,,,
216014,1950-02-26,,1950,regular,,final,Lehigh,Muhlenberg,141,1400,64,86,,Indep.,,,,,,,
216253,1950-02-26,,1950,regular,,final,New York University,Notre Dame,392,213,66,63,,Indep.,Indep.,,,,,,
216312,1950-02-26,,1950,regular,,final,Michigan,Ohio State,170,216,58,69,,Big Ten,Big Ten,,,,,,
216432,1950-02-26,,1950,regular,,final,Tulsa,Bradley,304,29,56,57,,MVC,MVC,,,,,,
216591,1950-02-26,,1950,regular,,final,LSU,Tennessee,136,292,65,67,,SEC,SEC,,,,,,
216720,1950-02-26,,1950,regular,,final,Wisconsin,Northwestern,355,212,67,53,,Big Ten,Big Ten,,,,,,
216761,1950-02-26,,1950,regular,,final,Indiana,Illinois,121,118,80,66,,Big Ten,Big Ten,,,,,,
216776,1950-02-26,,1950,regular,,final,Creighton,Drake,61,70,55,58,,Indep.,MVC,,,,,,
216861,1950-02-26,,1950,regular,,final,Kansas State,Colorado,132,56,74,49,,,,,,,,,
215588,1950-02-27,,1950,regular,,final,Holy Cross,Valparaiso,111,335,84,52,,Indep.,Indep.,,,,,,
215606,1950-02-27,,1950,regular,,final,Western Michigan,Loyola Chicago,351,151,57,61,,MAC,Indep.,,,,,,
215754,1950-02-27,,1950,regular,,final,Saint Louis,Marquette,252,157,69,44,,MVC,Indep.,,,,,,
215778,1950-02-27,,1950,regular,,final,Texas A&M,Texas,293,295,52,53,,,,,,,,,
215788,1950-02-27,,1950,regular,,final,Baylor,SMU,20,248,70,61,,,,,,,,,
215798,1950-02-27,,1950,regular,,final,TCU,Arkansas,287,12,39,45,,,,,,,,,
215990,1950-02-27,,1950,regular,,final,Seton Hall,Georgetown,263,97,77,65,,Indep.,Indep.,,,,,,
216061,1950-02-27,,1950,regular,,final,Harvard,Princeton,107,234,48,65,,Ivy,Ivy,,,,,,
216294,1950-02-27,,1950,regular,,final,San Francisco,Saint Mary's,259,253,49,35,,Indep.,Indep.,,,,,,
216410,1950-02-27,,1950,regular,,final,Miami (OH),Cincinnati,167,51,46,82,,MAC,MAC,,,,,,
215593,1950-02-28,,1950,regular,,final,Cornell,Canisius,60,42,65,43,,Ivy,Indep.,,,,,,
216027,1950-02-28,,1950,regular,,final,Villanova,Toledo,338,300,82,62,,Indep.,Indep.,,,,,,
216040,1950-02-28,,1950,regular,,final,West Virginia,Penn State,347,226,59,56,,Indep.,Indep.,,,,,,
216073,1950-02-28,,1950,regular,,final,Yale,Fordham,360,91,53,72,,Ivy,Indep.,,,,,,
216109,1950-02-28,,1950,regular,,final,Rutgers,Lehigh,245,141,75,58,,Indep.,Indep.,,,,,,
216233,1950-02-28,,1950,regular,,final,Penn State (Beaver),Columbia,1353,58,47,50,,,Ivy,,,,,,
216362,1950-02-28,,1950,regular,,final,Syracuse,Temple,286,289,105,76,,Indep.,Indep.,,,,,,
216374,1950-02-28,,1950,regular,,final,Lafayette,Saint Joseph's,138,251,60,59,,Indep.,Indep.,,,,,,
216390,1950-02-28,,1950,regular,,final,Gettysburg,La Salle,1189,137,50,61,,,Indep.,,,,,,
216803,1950-02-28,,1950,regular,,final,Oklahoma,Oklahoma State,217,218,37,48,,,MVC,,,,,,
215991,1950-03-01,,1950,regular,,final,Seton Hall,Valparaiso,263,335,81,61,,Indep.,Indep.,,,,,,
216179,1950-03-01,,1950,regular,,final,Utah,Wyoming,331,358,39,30,,,,,,,,,
216519,1950-03-01,,1950,regular,,final,Duke,South Carolina,72,266,53,41,,SoCon,SoCon,,,,,,
215890,1950-03-02,,1950,regular,,final,UCLA,USC,313,323,43,45,,Pac-12,Pac-12,,,,,,
216028,1950-03-02,,1950,regular,,final,St. Francis Brooklyn,Toledo,364,300,73,85,,Indep.,Indep.,,,,,,
216157,1950-03-02,,1950,regular,,final,Utah State,Denver,329,68,52,44,,Indep.,Indep.,,,,,,
216189,1950-03-02,,1950,regular,,final,Akron,Duquesne,3,73,51,49,,,Indep.,,,,,,
216343,1950-03-02,,1950,regular,,final,Idaho,Washington State,117,344,34,39,,Pac-12,Pac-12,,,,,,
216411,1950-03-02,,1950,regular,,final,Case Western Reserve,Cincinnati,1352,51,58,101,,,MAC,,,,,,
216456,1950-03-02,,1950,regular,,final,BYU,Wyoming,18,358,55,44,,,,,,,,,
216520,1950-03-02,,1950,regular,,final,Duke,William & Mary,72,353,60,50,,SoCon,SoCon,,,,,,
216639,1950-03-02,,1950,regular,,final,Washington,Oregon State,343,224,47,45,,Pac-12,Pac-12,,,,,,
216686,1950-03-02,,1950,regular,,final,California,Stanford,40,281,46,58,,Pac-12,Pac-12,,,,,,
216883,1950-03-02,,1950,regular,,final,Iowa State,Kansas,125,131,52,66,,,,,,,,,
215522,1950-03-03,,1950,regular,,final,Army,Navy,15,187,50,46,,Indep.,Indep.,,,,,,
215551,1950-03-03,,1950,regular,,final,Western Michigan,Ohio,351,215,79,52,,MAC,MAC,,,,,,
215582,1950-03-03,,1950,regular,,final,Niagara,Canisius,194,42,51,42,,Indep.,Indep.,,,,,,
215643,1950-03-03,,1950,regular,,final,Columbia,Holy Cross,58,111,61,54,,Ivy,Indep.,,,,,,
215721,1950-03-03,,1950,regular,,final,Villanova,St. Bonaventure,338,277,55,35,,Indep.,Indep.,,,,,,
215738,1950-03-03,,1950,regular,,final,Syracuse,Colgate,286,55,63,65,,Indep.,Indep.,,,,,,
215891,1950-03-03,,1950,regular,,final,USC,UCLA,323,313,57,74,,Pac-12,Pac-12,,,,,,
215913,1950-03-03,,1950,regular,,final,West Virginia,Pittsburgh,347,229,59,53,,Indep.,Indep.,,,,,,
215971,1950-03-03,,1950,regular,,final,Baldwin-Wallace,Duquesne,424,73,62,55,,Indep.,Indep.,,,,,,
215982,1950-03-03,,1950,regular,,final,DePaul,Bowling Green,65,28,55,73,,Indep.,Indep.,,,,,,
216015,1950-03-03,,1950,regular,,final,Muhlenberg,Gettysburg,1400,1189,76,49,,,,,,,,,
216041,1950-03-03,,1950,regular,,final,Penn State,Georgetown,226,97,65,56,,Indep.,Indep.,,,,,,
216074,1950-03-03,,1950,regular,,final,Harvard,Yale,107,360,57,55,,Ivy,Ivy,,,,,,
216088,1950-03-03,,1950,regular,,final,Princeton,Dartmouth,234,62,55,43,,Ivy,Ivy,,,,,,
216110,1950-03-03,,1950,regular,,final,Rutgers,Lafayette,245,138,67,62,,Indep.,Indep.,,,,,,
216158,1950-03-03,,1950,regular,,final,Utah State,Denver,329,68,50,53,,Indep.,Indep.,,,,,,
216234,1950-03-03,,1950,regular,,final,Penn State (Beaver),Cornell,1353,60,53,60,,,Ivy,,,,,,
216254,1950-03-03,,1950,regular,,final,Marquette,Notre Dame,157,213,58,65,,Indep.,Indep.,,,,,,
216301,1950-03-03,,1950,regular,,final,Iowa,Creighton,124,61,70,46,,Big Ten,Indep.,,,,,,
216344,1950-03-03,,1950,regular,,final,Washington State,Idaho,344,117,45,50,,Pac-12,Pac-12,,,,,,
216457,1950-03-03,,1950,regular,,final,BYU,Wyoming,18,358,70,52,,,,,,,,,
216521,1950-03-03,,1950,regular,,final,Duke,NC State,72,185,47,67,,SoCon,SoCon,,,,,,
216594,1950-03-03,,1950,regular,,final,Tennessee,LSU,292,136,81,79,,SEC,SEC,,,,,,
216640,1950-03-03,,1950,regular,,final,Washington,Oregon State,343,224,57,54,,Pac-12,Pac-12,,,,,,
216687,1950-03-03,,1950,regular,,final,Stanford,California,281,40,55,64,,Pac-12,Pac-12,,,,,,
216721,1950-03-03,,1950,regular,,final,Minnesota,Wisconsin,173,355,54,60,,Big Ten,Big Ten,,,,,,
216762,1950-03-03,,1950,regular,,final,Northwestern,Illinois,212,118,52,69,,Big Ten,Big Ten,,,,,,
216777,1950-03-03,,1950,regular,,final,Bradley,Drake,29,70,92,63,,MVC,MVC,,,,,,
216804,1950-03-03,,1950,regular,,final,Oklahoma State,Saint Louis,218,252,37,35,,MVC,MVC,,,,,,
216811,1950-03-03,,1950,regular,,final,Nebraska,Oklahoma,188,217,48,64,,MVC,,,,,,,
216829,1950-03-03,,1950,regular,,final,Kansas State,Missouri,132,177,55,58,,,,,,,,,
216313,1950-03-04,,1950,regular,,final,Michigan,Purdue,170,236,70,60,,Big Ten,Big Ten,,,,,,
215722,1950-03-05,,1950,regular,,final,Villanova,Georgetown,338,97,82,72,,Indep.,Indep.,,,,,,
215764,1950-03-05,,1950,regular,,final,Columbia,Cornell,58,60,60,53,,Ivy,Ivy,,,,,,
215992,1950-03-05,,1950,regular,,final,Seton Hall,St. Bonaventure,263,277,42,41,,Indep.,Indep.,,,,,,
216089,1950-03-05,,1950,regular,,final,Dartmouth,Brown,62,30,48,54,,Ivy,Indep.,,,,,,
216302,1950-03-05,,1950,regular,,final,Iowa,Minnesota,124,173,49,64,,Big Ten,Big Ten,,,,,,
216391,1950-03-05,,1950,regular,,final,Boston College,La Salle,26,137,61,83,,Indep.,Indep.,,,,,,
216433,1950-03-05,,1950,regular,,final,Tulsa,Saint Louis,304,252,51,72,,MVC,MVC,,,,,,
216458,1950-03-05,,1950,regular,,final,BYU,Denver,18,68,75,50,,,Indep.,,,,,,
216778,1950-03-05,,1950,regular,,final,Detroit Mercy,Drake,69,70,61,47,,MVC,MVC,,,,,,
216845,1950-03-05,,1950,regular,,final,Missouri,Iowa State,177,125,74,59,,,,,,,,,
216862,1950-03-05,,1950,regular,,final,Colorado,Oklahoma,56,217,58,49,,,,,,,,,
215649,1950-03-06,,1950,regular,,final,Princeton,Georgetown,234,97,63,49,,Ivy,Indep.,,,,,,
215667,1950-03-06,,1950,regular,,final,Virginia,William & Mary,339,353,58,76,,Indep.,SoCon,,,,,,
215909,1950-03-06,,1950,regular,,final,Washington University (St. Louis),Creighton,1458,61,40,38,,Indep.,Indep.,,,,,,
216180,1950-03-06,,1950,regular,,final,Wyoming,Colorado State,358,57,50,41,,,Indep.,,,,,,
216288,1950-03-06,,1950,regular,,final,New York University,City College of New York,392,393,61,64,,Indep.,,,,,,,
216884,1950-03-06,,1950,regular,,final,Kansas,Kansas State,131,132,79,68,,,,,,,,,
215638,1950-03-07,,1950,regular,,final,Rhode Island,Brown,240,30,67,53,,Indep.,Indep.,,,,,,
215739,1950-03-07,,1950,regular,,final,Syracuse,Canisius,286,42,64,65,,Indep.,Indep.,,,,,,
216062,1950-03-07,,1950,regular,,final,Columbia,Harvard,58,107,71,60,,Ivy,Ivy,,,,,,
216075,1950-03-07,,1950,regular,,final,Yale,Holy Cross,360,111,66,62,,Ivy,Indep.,,,,,,
216111,1950-03-07,,1950,regular,,final,Rutgers,Colgate,245,55,67,57,,Indep.,Indep.,,,,,,
216190,1950-03-07,,1950,regular,,final,Villanova,Duquesne,338,73,68,52,,Indep.,Indep.,,,,,,
216522,1950-03-07,,1950,regular,,final,Penn State (Beaver),Duke,1353,72,68,50,,,SoCon,,,,,,
216412,1950-03-08,,1950,regular,,final,Cincinnati,Xavier,51,359,53,54,,MAC,Indep.,,,,,,
216345,1950-03-09,,1950,regular,,final,UCLA,Washington State,313,344,60,58,,Pac-12,Pac-12,,,,,,
216076,1950-03-10,,1950,regular,,final,Yale,Harvard,360,107,56,55,,Ivy,Ivy,,,,,,
216090,1950-03-10,,1950,regular,,final,Cornell,Dartmouth,60,62,56,43,,Ivy,Ivy,,,,,,
216235,1950-03-10,,1950,regular,,final,Penn State (Beaver),Princeton,1353,234,59,60,,,Ivy,,,,,,
216346,1950-03-10,,1950,regular,,final,UCLA,Washington State,313,344,52,49,,Pac-12,Pac-12,,,,,,
216812,1950-03-10,,1950,regular,,final,Kansas State,Nebraska,132,188,63,60,,,MVC,,,,,,
216863,1950-03-10,,1950,regular,,final,Colorado,Missouri,56,177,49,53,,,,,,,,,
216885,1950-03-10,,1950,regular,,final,Oklahoma,Kansas,217,131,52,49,,,,,,,,,
372103,1950-03-10,,1950,postseason,NIT,final,Niagara,Western Kentucky,194,350,72,79,,Indep.,OVC,,8,,,,NIT-FIRST-ROUND
372104,1950-03-10,,1950,postseason,NIT,final,City College of New York,San Francisco,393,259,65,46,,,Indep.,,12,,,,NIT-FIRST-ROUND
372105,1950-03-10,,1950,postseason,NIT,final,Long Island University,Syracuse,146,286,52,80,,Indep.,Indep.,13,,,,,NIT-FIRST-ROUND
372106,1950-03-12,,1950,postseason,NIT,final,Syracuse,Bradley,286,29,66,78,,Indep.,MVC,,1,,,,NIT-QUARTERFINAL
372107,1950-03-12,,1950,postseason,NIT,final,St. John's,Western Kentucky,279,350,69,60,,Indep.,OVC,9,8,,,,NIT-QUARTERFINAL
372108,1950-03-13,,1950,postseason,NIT,final,City College of New York,Kentucky,393,135,89,50,,,SEC,,3,,,,NIT-QUARTERFINAL
372109,1950-03-13,,1950,postseason,NIT,final,La Salle,Duquesne,137,73,47,49,,Indep.,Indep.,10,6,,,,NIT-QUARTERFINAL
372110,1950-03-15,,1950,postseason,NIT,final,St. John's,Bradley,279,29,72,83,,Indep.,MVC,9,1,,,,NIT-SEMIFINAL
372111,1950-03-15,,1950,postseason,NIT,final,City College of New York,Duquesne,393,73,62,52,,,Indep.,,6,,,,NIT-SEMIFINAL
216413,1950-03-16,,1950,regular,,final,Cincinnati,William & Mary,51,353,80,44,,MAC,SoCon,,,,,,
215831,1950-03-17,,1950,regular,,final,Ohio State,DePaul,216,65,70,63,,Big Ten,Indep.,,,,,,
216414,1950-03-17,,1950,regular,,final,Cincinnati,Xavier,51,359,59,48,,MAC,Indep.,,,,,,
372112,1950-03-17,,1950,postseason,NIT,final,City College of New York,Bradley,393,29,69,61,,,MVC,,1,,,,NIT-FINAL
372113,1950-03-17,,1950,postseason,NIT,final,St. John's,Duquesne,279,73,69,67,,Indep.,Indep.,9,6,,,,NIT-THIRD-PLACE
372114,1950-03-22,,1950,postseason,NCAA,final,City College of New York,Ohio State,393,216,56,55,1,,Big Ten,,,,,,"NCAA Men's Tourn., East - Regional Semifinal"
372115,1950-03-23,,1950,postseason,NCAA,final,Baylor,BYU,20,18,56,55,1,,,,,,,,"NCAA Men's Tourn., West - Regional Semifinal"
372116,1950-03-23,,1950,postseason,NCAA,final,Bradley,UCLA,29,313,73,59,1,MVC,Pac-12,,,,,,"NCAA Men's Tourn., West - Regional Semifinal"
372117,1950-03-23,,1950,postseason,NCAA,final,Holy Cross,NC State,111,185,74,87,1,Indep.,SoCon,,,,,,"NCAA Men's Tourn., East - Regional Semifinal"
372118,1950-03-24,,1950,postseason,NCAA,final,Baylor,Bradley,20,29,66,68,1,,MVC,,,,,,"NCAA Men's Tourn., West - Regional Final"
372119,1950-03-24,,1950,postseason,NCAA,final,BYU,UCLA,18,313,83,62,1,,Pac-12,,,,,,"NCAA Men's Tourn., West - Regional Third Place"
372120,1950-03-24,,1950,postseason,NCAA,final,City College of New York,NC State,393,185,78,73,1,,SoCon,,,,,,"NCAA Men's Tourn., East - Regional Final"
372121,1950-03-24,,1950,postseason,NCAA,final,Holy Cross,Ohio State,111,216,52,72,1,Indep.,Big Ten,,,,,,"NCAA Men's Tourn., East - Regional Third Place"
372122,1950-03-27,,1950,postseason,NCAA,final,Baylor,NC State,20,185,41,53,1,,SoCon,,,,,,"NCAA Men's Tourn., National - National Third Place"
372123,1950-03-27,,1950,postseason,NCAA,final,Bradley,City College of New York,29,393,68,71,1,MVC,,,,,,,"NCAA Men's Tourn., National - National Final"
