id,date,start_et,season,season_type,tournament,status,home,away,home_id,away_id,home_points,away_points,neutral,home_conf,away_conf,home_seed,away_seed,venue,city,state,notes
240649,1964-11-30,,1965,regular,,final,Oregon State,San Francisco,224,259,58,66,,Pac-12,WCC,,,,,,
240707,1964-11-30,,1965,regular,,final,Virginia,William & Mary,339,353,72,58,,ACC,SoCon,,,,,,
240713,1964-11-30,,1965,regular,,final,Davidson,Wake Forest,63,342,95,88,,SoCon,ACC,,,,,,
240744,1964-11-30,,1965,regular,,final,Western Michigan,Northwestern,351,212,81,95,,MAC,Big Ten,,,,,,
240748,1964-11-30,,1965,regular,,final,Detroit Mercy,Purdue,69,236,81,84,,Indep.,Big Ten,,,,,,
240779,1964-11-30,,1965,regular,,final,West Virginia,The Citadel,347,299,73,75,,SoCon,SoCon,,,,,,
241121,1964-11-30,,1965,regular,,final,Boston University,Massachusetts,27,161,89,93,,Indep.,,,,,,,
241151,1964-11-30,,1965,regular,,final,Dartmouth,Vermont,62,337,73,65,,Ivy,Indep.,,,,,,
241201,1964-11-30,,1965,regular,,final,Stanford,Santa Clara,281,261,69,60,,Pac-12,WCC,,,,,,
241280,1964-11-30,,1965,regular,,final,Utah State,Idaho State,329,116,107,60,,Indep.,Big Sky,,,,,,
241334,1964-11-30,,1965,regular,,final,Duquesne,St. Francis (PA),73,278,99,83,,Indep.,Indep.,,,,,,
241508,1964-11-30,,1965,regular,,final,Utah,New Mexico State,331,192,98,65,,UAC,Indep.,,,,,,
241557,1964-11-30,,1965,regular,,final,Idaho,Washington State,117,344,76,54,,Big Sky,Pac-12,,,,,,
241591,1964-11-30,,1965,regular,,final,Saint Joseph's,Fairfield,251,83,95,64,,,Indep.,,,,,,
241630,1964-11-30,,1965,regular,,final,SMU,Oklahoma City,248,1476,89,76,,,,,,,,,
241652,1964-11-30,,1965,regular,,final,Wisconsin,Houston,355,113,76,65,,Big Ten,Indep.,,,,,,
241671,1964-11-30,,1965,regular,,final,George Washington,Cincinnati,96,51,72,80,,SoCon,MVC,,,,,,
241732,1964-11-30,,1965,regular,,final,Memphis,Texas A&M,163,293,82,73,,Indep.,,,,,,,
241752,1964-11-30,,1965,regular,,final,Seattle U,Arizona,262,11,71,76,,Indep.,UAC,,,,,,
241823,1964-11-30,,1965,regular,,final,NC State,Furman,185,93,73,60,,ACC,SoCon,,,,,,
241864,1964-11-30,,1965,regular,,final,North Carolina,Clemson,200,52,77,59,,ACC,ACC,,,,,,
241901,1964-11-30,,1965,regular,,final,Georgia Tech,Auburn,101,16,52,60,,Indep.,SEC,,,,,,
241941,1964-11-30,,1965,regular,,final,LSU,Loyola New Orleans,136,650,88,78,,SEC,,,,,,,
242087,1964-11-30,,1965,regular,,final,Indiana,Ohio,121,215,81,70,,Big Ten,MAC,,,,,,
242211,1964-11-30,,1965,regular,,final,Colorado,Denver,56,68,86,74,,,Indep.,,,,,,
242233,1964-11-30,,1965,regular,,final,Arkansas,Kansas,12,131,60,65,,,,,,,,,
240671,1964-12-01,,1965,regular,,final,Florida,VMI,87,334,68,59,,SEC,SoCon,,,,,,
240697,1964-12-01,,1965,regular,,final,Princeton,Lafayette,234,138,83,74,,Ivy,,,,,,,
240732,1964-12-01,,1965,regular,,final,Kansas State,Creighton,132,61,96,82,,,Indep.,,,,,,
241075,1964-12-01,,1965,regular,,final,Maryland,Penn State,160,226,72,71,,ACC,Indep.,,,,,,
241137,1964-12-01,,1965,regular,,final,Yale,Colgate,360,55,77,71,,Ivy,Indep.,,,,,,
241257,1964-12-01,,1965,regular,,final,Tennessee,Richmond,292,242,97,66,,SEC,SoCon,,,,,,
241440,1964-12-01,,1965,regular,,final,Penn State (Beaver),Rutgers,1353,245,100,75,,,Indep.,,,,,,
241574,1964-12-01,,1965,regular,,final,Temple,Gettysburg,289,1189,72,59,,,,,,,,,
241792,1964-12-01,,1965,regular,,final,Dayton,Niagara,64,194,95,64,,Indep.,Indep.,,,,,,
240417,1964-12-02,,1965,regular,,final,Manhattan,Colgate,155,55,76,62,,Indep.,Indep.,,,,,,
240602,1964-12-02,,1965,regular,,final,North Texas,Hardin-Simmons,204,772,65,87,,MVC,,,,,,,
240611,1964-12-02,,1965,regular,,final,Florida State,VMI,90,334,76,72,,Indep.,SoCon,,,,,,
240690,1964-12-02,,1965,regular,,final,Brown,Rhode Island,30,240,65,75,,Ivy,Indep.,,,,,,
240702,1964-12-02,,1965,regular,,final,Maryland,George Washington,160,96,83,80,,ACC,SoCon,,,,,,
241219,1964-12-02,,1965,regular,,final,San José State,Stanford,260,281,59,61,,WCC,Pac-12,,,,,,
241353,1964-12-02,,1965,regular,,final,Boston College,Dartmouth,26,62,104,76,,Indep.,Ivy,,,,,,
241422,1964-12-02,,1965,regular,,final,Vanderbilt,Rice,336,241,78,49,,SEC,,,,,,,
241522,1964-12-02,,1965,regular,,final,Ohio State,Saint Louis,216,252,70,79,,Big Ten,MVC,,,,,,
241542,1964-12-02,,1965,regular,,final,Georgia,North Carolina,98,200,64,61,,SEC,ACC,,,,,,
241902,1964-12-02,,1965,regular,,final,Georgia Tech,SMU,101,248,83,75,,Indep.,,,,,,,
242162,1964-12-02,,1965,regular,,final,Wyoming,Nebraska,358,188,94,68,,UAC,MVC,,,,,,
242234,1964-12-02,,1965,regular,,final,Kansas,New Mexico,131,191,59,40,,,UAC,,,,,,
240631,1964-12-03,,1965,regular,,final,Arizona,Pepperdine,11,228,78,49,,UAC,WCC,,,,,,
240645,1964-12-03,,1965,regular,,final,Utah,Loyola Marymount,331,153,99,67,,UAC,WCC,,,,,,
240950,1964-12-03,,1965,regular,,final,Tulane,Baylor,303,20,87,102,,SEC,,,,,,,
240963,1964-12-03,,1965,regular,,final,Maine-Farmington,Vermont,1078,337,83,60,,,Indep.,,,,,,
241169,1964-12-03,,1965,regular,,final,Boston University,Rutgers,27,245,62,61,,Indep.,Indep.,,,,,,
241240,1964-12-03,,1965,regular,,final,Pittsburgh,Virginia Tech,229,340,74,69,,Indep.,SoCon,,,,,,
241281,1964-12-03,,1965,regular,,final,Utah State,Butler,329,34,88,84,,Indep.,,,,,,,
241307,1964-12-03,,1965,regular,,final,Colorado State,Air Force,57,2,68,66,,Indep.,Indep.,,,,,,
241335,1964-12-03,,1965,regular,,final,Duquesne,Miami,73,168,95,99,,Indep.,Indep.,,,,,,
241631,1964-12-03,,1965,regular,,final,Oklahoma City,Centenary (LA),1476,367,78,76,,,Indep.,,,,,,
241753,1964-12-03,,1965,regular,,final,Oklahoma,Seattle U,217,262,81,98,,,Indep.,,,,,,
241965,1964-12-03,,1965,regular,,final,Kentucky,Iowa,135,124,85,77,,SEC,Big Ten,,,,,,
242007,1964-12-03,,1965,regular,,final,BYU,Oregon,18,223,99,70,,UAC,Pac-12,,,,,,
242110,1964-12-03,,1965,regular,,final,Illinois,UCLA,118,313,110,83,,Big Ten,Pac-12,,,,,,
242132,1964-12-03,,1965,regular,,final,Minnesota,Drake,173,70,67,60,,Big Ten,MVC,,,,,,
242212,1964-12-03,,1965,regular,,final,Denver,Colorado,68,56,84,73,,Indep.,,,,,,,
240479,1964-12-04,,1965,regular,,final,Rhode Island,New Hampshire,240,190,110,78,,Indep.,Indep.,,,,,,
240569,1964-12-04,,1965,regular,,final,Pittsburgh,Miami,229,168,71,85,,Indep.,Indep.,,,,,,
240575,1964-12-04,,1965,regular,,final,Fordham,Fairfield,91,83,70,73,,Indep.,Indep.,,,,,,
240596,1964-12-04,,1965,regular,,final,Cornell,Colgate,60,55,97,71,,Ivy,Indep.,,,,,,
240614,1964-12-04,,1965,regular,,final,St. Bonaventure,Kent State,277,134,73,69,,Indep.,MAC,,,,,,
240633,1964-12-04,,1965,regular,,final,Arizona State,Pepperdine,10,228,92,69,,UAC,WCC,,,,,,
240646,1964-12-04,,1965,regular,,final,Utah,Butler,331,34,95,66,,UAC,,,,,,,
240652,1964-12-04,,1965,regular,,final,San Francisco,Stanford,259,281,77,50,,WCC,Pac-12,,,,,,
240692,1964-12-04,,1965,regular,,final,Lafayette,Columbia,138,58,90,86,,,Ivy,,,,,,
240698,1964-12-04,,1965,regular,,final,Army,Princeton,15,234,60,64,,Indep.,Ivy,,,,,,
240729,1964-12-04,,1965,regular,,final,Ole Miss,Texas,220,295,67,94,,SEC,,,,,,,
240739,1964-12-04,,1965,regular,,final,Vanderbilt,SMU,336,248,99,67,,SEC,,,,,,,
240757,1964-12-04,,1965,regular,,final,Villanova,Xavier,338,359,93,89,,Indep.,Indep.,,,,,,
240780,1964-12-04,,1965,regular,,final,Furman,West Virginia,93,347,61,65,,SoCon,SoCon,,,,,,
240888,1964-12-04,,1965,regular,,final,Virginia,Maryland,339,160,61,59,,ACC,ACC,,,,,,
240964,1964-12-04,,1965,regular,,final,Maine-Farmington,Vermont,1078,337,103,84,,,Indep.,,,,,,
240972,1964-12-04,,1965,regular,,final,Canisius,Murray State,42,184,81,92,,Indep.,OVC,,,,,,
241007,1964-12-04,,1965,regular,,final,UC Santa Barbara,Idaho,311,117,76,68,,WCC,Big Sky,,,,,,
241068,1964-12-04,,1965,regular,,final,William & Mary,East Carolina,353,74,86,62,,SoCon,,,,,,,
241076,1964-12-04,,1965,regular,,final,Penn State,Syracuse,226,286,81,59,,Indep.,Indep.,,,,,,
241092,1964-12-04,,1965,regular,,final,Bowling Green,Western Kentucky,28,350,77,90,,MAC,OVC,,,,,,
241138,1964-12-04,,1965,regular,,final,Yale,UConn,360,314,47,68,,Ivy,Indep.,,,,,,
241170,1964-12-04,,1965,regular,,final,Rutgers,Massachusetts,245,161,82,93,,Indep.,,,,,,,
241188,1964-12-04,,1965,regular,,final,Idaho State,Pacific,116,225,55,73,,Big Sky,WCC,,,,,,
241258,1964-12-04,,1965,regular,,final,Richmond,George Washington,242,96,80,67,,SoCon,SoCon,,,,,,
241282,1964-12-04,,1965,regular,,final,Utah State,Loyola Marymount,329,153,96,69,,Indep.,WCC,,,,,,
241298,1964-12-04,,1965,regular,,final,Denver,Colorado State,68,57,65,79,,Indep.,Indep.,,,,,,
241316,1964-12-04,,1965,regular,,final,Wyoming,Weber State,358,345,89,75,,UAC,Big Sky,,,,,,
241336,1964-12-04,,1965,regular,,final,Duquesne,Virginia Tech,73,340,99,84,,Indep.,SoCon,,,,,,
241390,1964-12-04,,1965,regular,,final,New Mexico,Texas Tech,191,298,72,57,,UAC,,,,,,,
241441,1964-12-04,,1965,regular,,final,Navy,Penn State (Beaver),187,1353,58,61,,Indep.,,,,,,,
241523,1964-12-04,,1965,regular,,final,TCU,Ohio State,287,216,79,84,,,Big Ten,,,,,,
241543,1964-12-04,,1965,regular,,final,South Carolina,North Carolina,266,200,71,82,,ACC,ACC,,,,,,
241558,1964-12-04,,1965,regular,,final,Gonzaga,Washington State,102,344,72,71,,Big Sky,Pac-12,,,,,,
241575,1964-12-04,,1965,regular,,final,St. John's,Temple,279,289,60,50,,Indep.,,,,,,,
241592,1964-12-04,,1965,regular,,final,Saint Joseph's,Davidson,251,63,77,64,,,SoCon,,,,,,
241611,1964-12-04,,1965,regular,,final,Delaware,La Salle,66,137,47,97,,,,,,,,,
241672,1964-12-04,,1965,regular,,final,Cincinnati,Miami (OH),51,167,55,65,,MVC,MAC,,,,,,
241709,1964-12-04,,1965,regular,,final,Tulsa,Seattle U,304,262,98,76,,MVC,Indep.,,,,,,
241793,1964-12-04,,1965,regular,,final,Dayton,Eastern Kentucky,64,78,73,71,,Indep.,OVC,,,,,,
241810,1964-12-04,,1965,regular,,final,Marquette,Louisville,157,150,60,73,,Indep.,MVC,,,,,,
241824,1964-12-04,,1965,regular,,final,Wake Forest,NC State,342,185,86,80,,ACC,ACC,,,,,,
241842,1964-12-04,,1965,regular,,final,Duke,Michigan,72,170,79,86,,ACC,Big Ten,,,,,,
241865,1964-12-04,,1965,regular,,final,Clemson,Georgia,52,98,72,60,,ACC,SEC,,,,,,
241885,1964-12-04,,1965,regular,,final,Auburn,Florida State,16,90,92,68,,SEC,Indep.,,,,,,
241903,1964-12-04,,1965,regular,,final,Georgia Tech,Rice,101,241,71,56,,Indep.,,,,,,,
241942,1964-12-04,,1965,regular,,final,LSU,Baylor,136,20,72,84,,SEC,,,,,,,
241988,1964-12-04,,1965,regular,,final,Oregon State,Washington,224,343,67,63,,Pac-12,Pac-12,,,,,,
242008,1964-12-04,,1965,regular,,final,BYU,Oregon,18,223,98,79,,UAC,Pac-12,,,,,,
242031,1964-12-04,,1965,regular,,final,California,Saint Mary's,40,253,62,44,,Pac-12,WCC,,,,,,
242052,1964-12-04,,1965,regular,,final,Michigan State,Western Michigan,169,351,89,80,,Big Ten,MAC,,,,,,
242088,1964-12-04,,1965,regular,,final,Kansas State,Indiana,132,121,70,74,,,Big Ten,,,,,,
242111,1964-12-04,,1965,regular,,final,Saint Louis,Illinois,252,118,79,64,,MVC,Big Ten,,,,,,
242163,1964-12-04,,1965,regular,,final,Nebraska,Purdue,188,236,96,85,,MVC,Big Ten,,,,,,
242176,1964-12-04,,1965,regular,,final,Missouri,Arkansas,177,12,81,71,,,,,,,,,
242192,1964-12-04,,1965,regular,,final,Iowa State,Minnesota,125,173,53,63,,,Big Ten,,,,,,
242235,1964-12-04,,1965,regular,,final,Kansas,Northwestern,131,212,55,58,,,Big Ten,,,,,,
241354,1964-12-05,,1965,regular,,final,Georgetown,Boston College,97,26,71,89,,Indep.,Indep.,,,,,,
240662,1964-12-06,,1965,regular,,final,Centenary (LA),Ole Miss,367,220,67,68,,Indep.,SEC,,,,,,
240668,1964-12-06,,1965,regular,,final,Alabama,Florida State,5,90,76,73,,SEC,Indep.,,,,,,
240721,1964-12-06,,1965,regular,,final,Arizona,Texas Tech,11,298,77,75,,UAC,,,,,,,
240973,1964-12-06,,1965,regular,,final,Bradley,Murray State,29,184,76,74,,MVC,OVC,,,,,,
241220,1964-12-06,,1965,regular,,final,San José State,Idaho,260,117,77,67,,WCC,Big Sky,,,,,,
241283,1964-12-06,,1965,regular,,final,Utah State,Pacific,329,225,98,74,,Indep.,WCC,,,,,,
241317,1964-12-06,,1965,regular,,final,Wyoming,Montana,358,179,94,66,,UAC,Big Sky,,,,,,
241632,1964-12-06,,1965,regular,,final,North Texas,Oklahoma City,204,1476,73,81,,MVC,,,,,,,
241653,1964-12-06,,1965,regular,,final,Houston,Ohio State,113,216,69,77,,Indep.,Big Ten,,,,,,
241866,1964-12-06,,1965,regular,,final,Clemson,The Citadel,52,299,90,75,,ACC,SoCon,,,,,,
241904,1964-12-06,,1965,regular,,final,Georgia Tech,Tennessee,101,292,52,66,,Indep.,SEC,,,,,,
241943,1964-12-06,,1965,regular,,final,LSU,Texas,136,295,83,75,,SEC,,,,,,,
241966,1964-12-06,,1965,regular,,final,North Carolina,Kentucky,200,135,82,67,,ACC,SEC,,,,,,
242009,1964-12-06,,1965,regular,,final,Washington,Oregon,343,223,60,61,,Pac-12,Pac-12,,,,,,
242089,1964-12-06,,1965,regular,,final,Indiana,Oklahoma,121,217,87,69,,Big Ten,,,,,,,
242177,1964-12-06,,1965,regular,,final,Michigan,Missouri,170,177,91,61,,Big Ten,,,,,,,
240382,1964-12-07,,1965,regular,,final,Rutgers,Georgetown,245,97,80,74,,Indep.,Indep.,,,,,,
240495,1964-12-07,,1965,regular,,final,Davidson,Furman,63,93,113,82,,SoCon,SoCon,,,,,,
240550,1964-12-07,,1965,regular,,final,William & Mary,George Washington,353,96,54,44,,SoCon,SoCon,,,,,,
240758,1964-12-07,,1965,regular,,final,Villanova,Princeton,338,234,61,60,,Indep.,Ivy,,,,,,
240797,1964-12-07,,1965,regular,,final,Minnesota,Marquette,173,157,78,59,,Big Ten,Indep.,,,,,,
241040,1964-12-07,,1965,regular,,final,Gettysburg,Bucknell,1189,32,67,44,,,,,,,,,
241093,1964-12-07,,1965,regular,,final,Vanderbilt,Western Kentucky,336,350,94,79,,SEC,OVC,,,,,,
241259,1964-12-07,,1965,regular,,final,West Virginia,Richmond,347,242,67,65,,SoCon,SoCon,,,,,,
241404,1964-12-07,,1965,regular,,final,Holy Cross,St. John's,111,279,74,77,,Indep.,Indep.,,,,,,
241478,1964-12-07,,1965,regular,,final,Wake Forest,South Carolina,342,266,73,54,,ACC,ACC,,,,,,
241593,1964-12-07,,1965,regular,,final,Saint Joseph's,Saint Peter's,251,254,98,82,,,,,,,,,
241612,1964-12-07,,1965,regular,,final,La Salle,Miami,137,168,90,86,,,Indep.,,,,,,
241710,1964-12-07,,1965,regular,,final,SMU,Tulsa,248,304,50,69,,,MVC,,,,,,
241754,1964-12-07,,1965,regular,,final,Seattle U,Arizona State,262,10,79,78,,Indep.,UAC,,,,,,
241825,1964-12-07,,1965,regular,,final,Maryland,NC State,160,185,62,63,,ACC,ACC,,,,,,
242053,1964-12-07,,1965,regular,,final,Notre Dame,Michigan State,213,169,100,93,,Indep.,Big Ten,,,,,,
242069,1964-12-07,,1965,regular,,final,Pittsburgh,Wisconsin,229,355,63,80,,Indep.,Big Ten,,,,,,
242112,1964-12-07,,1965,regular,,final,Illinois,Bowling Green,118,28,100,62,,Big Ten,MAC,,,,,,
240423,1964-12-08,,1965,regular,,final,Eastern Kentucky,Marshall,78,158,94,66,,OVC,MAC,,,,,,
240522,1964-12-08,,1965,regular,,final,Western Michigan,Idaho State,351,116,62,59,,MAC,Big Sky,,,,,,
240650,1964-12-08,,1965,regular,,final,Oregon State,Arizona State,224,10,66,52,,Pac-12,UAC,,,,,,
240672,1964-12-08,,1965,regular,,final,Florida State,Florida,90,87,51,50,,Indep.,SEC,,,,,,
240708,1964-12-08,,1965,regular,,final,VMI,Virginia,334,339,95,75,,SoCon,ACC,,,,,,
240766,1964-12-08,,1965,regular,,final,Syracuse,Cornell,286,60,72,73,,Indep.,Ivy,,,,,,
241027,1964-12-08,,1965,regular,,final,Fairfield,Seton Hall,83,263,93,83,,Indep.,Indep.,,,,,,
241111,1964-12-08,,1965,regular,,final,UConn,Harvard,314,107,78,63,,Indep.,Ivy,,,,,,
241122,1964-12-08,,1965,regular,,final,Rhode Island,Massachusetts,240,161,67,79,,Indep.,,,,,,,
241139,1964-12-08,,1965,regular,,final,Fordham,Yale,91,360,70,76,,Indep.,Ivy,,,,,,
241370,1964-12-08,,1965,regular,,final,Providence,Brown,235,30,93,63,,Indep.,Ivy,,,,,,
241442,1964-12-08,,1965,regular,,final,Penn State (Beaver),Delaware,1353,66,77,34,,,,,,,,,
241524,1964-12-08,,1965,regular,,final,Ohio State,Butler,216,34,67,66,,Big Ten,,,,,,,
241576,1964-12-08,,1965,regular,,final,Lehigh,Temple,141,289,34,80,,,,,,,,,
241654,1964-12-08,,1965,regular,,final,North Texas,Houston,204,113,60,48,,MVC,Indep.,,,,,,
241689,1964-12-08,,1965,regular,,final,Wichita State,UTEP,352,327,73,55,,MVC,Indep.,,,,,,
241794,1964-12-08,,1965,regular,,final,Miami (OH),Dayton,167,64,95,88,,MAC,Indep.,,,,,,
241923,1964-12-08,,1965,regular,,final,Mississippi State,Georgia Tech,174,101,65,83,,SEC,Indep.,,,,,,
242152,1964-12-08,,1965,regular,,final,Oklahoma State,Arkansas,218,12,66,52,,,,,,,,,
242178,1964-12-08,,1965,regular,,final,Air Force,Missouri,2,177,82,76,,Indep.,,,,,,,
242193,1964-12-08,,1965,regular,,final,Kentucky,Iowa State,135,125,100,74,,SEC,,,,,,,
240461,1964-12-09,,1965,regular,,final,Manhattan,Rhode Island,155,240,77,66,,Indep.,Indep.,,,,,,
240466,1964-12-09,,1965,regular,,final,Niagara,Miami,194,168,67,74,,Indep.,Indep.,,,,,,
241260,1964-12-09,,1965,regular,,final,Richmond,Furman,242,93,71,86,,SoCon,SoCon,,,,,,
241355,1964-12-09,,1965,regular,,final,New York University,Boston College,392,26,84,102,,Indep.,Indep.,,,,,,
241462,1964-12-09,,1965,regular,,final,Notre Dame,Detroit Mercy,213,69,107,86,,Indep.,Indep.,,,,,,
241509,1964-12-09,,1965,regular,,final,New Mexico,New Mexico State,191,192,86,38,,UAC,Indep.,,,,,,
241544,1964-12-09,,1965,regular,,final,North Carolina,Tulane,200,303,111,74,,ACC,SEC,,,,,,
241655,1964-12-09,,1965,regular,,final,TCU,Houston,287,113,62,67,,,Indep.,,,,,,
241711,1964-12-09,,1965,regular,,final,Loyola New Orleans,Tulsa,650,304,57,56,,,MVC,,,,,,
241733,1964-12-09,,1965,regular,,final,Texas A&M,Memphis,293,163,81,71,,,Indep.,,,,,,
242214,1964-12-09,,1965,regular,,final,Colorado,Drake,56,70,58,60,,,MVC,,,,,,
240370,1964-12-10,,1965,regular,,final,Saint Peter's,Georgetown,254,97,76,77,,,Indep.,,,,,,
240451,1964-12-10,,1965,regular,,final,Morehead State,Idaho State,181,116,58,56,,OVC,Big Sky,,,,,,
240480,1964-12-10,,1965,regular,,final,Vermont,New Hampshire,337,190,81,76,,Indep.,Indep.,,,,,,
240514,1964-12-10,,1965,regular,,final,William & Mary,Furman,353,93,64,65,,SoCon,SoCon,,,,,,
240655,1964-12-10,,1965,regular,,final,UCLA,Arizona State,313,10,107,76,,Pac-12,UAC,,,,,,
240693,1964-12-10,,1965,regular,,final,Columbia,Lehigh,58,141,80,66,,Ivy,,,,,,,
240699,1964-12-10,,1965,regular,,final,Princeton,Colgate,234,55,81,53,,Ivy,Indep.,,,,,,
240733,1964-12-10,,1965,regular,,final,Kansas State,Loyola Chicago,132,151,77,67,,,Indep.,,,,,,
240781,1964-12-10,,1965,regular,,final,West Virginia,VMI,347,334,79,73,,SoCon,SoCon,,,,,,
240818,1964-12-10,,1965,regular,,final,Colorado State,UTEP,57,327,50,63,,Indep.,Indep.,,,,,,
241633,1964-12-10,,1965,regular,,final,Oklahoma City,Wyoming,1476,358,99,90,,,UAC,,,,,,
241690,1964-12-10,,1965,regular,,final,Wichita State,BYU,352,18,93,76,,MVC,UAC,,,,,,
242010,1964-12-10,,1965,regular,,final,Idaho,Oregon,117,223,53,63,,Big Sky,Pac-12,,,,,,
242032,1964-12-10,,1965,regular,,final,California,Arizona,40,11,57,55,,Pac-12,UAC,,,,,,
240404,1964-12-11,,1965,regular,,final,Lehigh,Bucknell,141,32,60,55,,,,,,,,,
240438,1964-12-11,,1965,regular,,final,Portland,Gonzaga,230,102,80,69,,Indep.,Big Sky,,,,,,
240525,1964-12-11,,1965,regular,,final,Marshall,Ohio,158,215,81,106,,MAC,MAC,,,,,,
240530,1964-12-11,,1965,regular,,final,Western Michigan,Miami (OH),351,167,70,82,,MAC,MAC,,,,,,
240551,1964-12-11,,1965,regular,,final,The Citadel,George Washington,299,96,69,68,,SoCon,SoCon,,,,,,
240586,1964-12-11,,1965,regular,,final,Canisius,Xavier,42,359,91,85,,Indep.,Indep.,,,,,,
240597,1964-12-11,,1965,regular,,final,Cornell,Army,60,15,65,61,,Ivy,Indep.,,,,,,
240615,1964-12-11,,1965,regular,,final,St. Bonaventure,St. Francis (PA),277,278,88,68,,Indep.,Indep.,,,,,,
240694,1964-12-11,,1965,regular,,final,Columbia,Fordham,58,91,80,85,,Ivy,Indep.,,,,,,
240700,1964-12-11,,1965,regular,,final,Princeton,Navy,234,187,77,67,,Ivy,Indep.,,,,,,
240717,1964-12-11,,1965,regular,,final,TCU,Loyola New Orleans,287,650,73,82,,,,,,,,,
240723,1964-12-11,,1965,regular,,final,Arkansas,Hardin-Simmons,12,772,68,63,,,,,,,,,
240734,1964-12-11,,1965,regular,,final,Texas,Oklahoma,295,217,73,86,,,,,,,,,
240749,1964-12-11,,1965,regular,,final,Butler,Purdue,34,236,64,80,,,Big Ten,,,,,,
240753,1964-12-11,,1965,regular,,final,DePaul,Middle Tennessee,65,171,89,68,,Indep.,OVC,,,,,,
240782,1964-12-11,,1965,regular,,final,Maryland,West Virginia,160,347,73,80,,ACC,SoCon,,,,,,
240873,1964-12-11,,1965,regular,,final,Utah,Saint Mary's,331,253,101,67,,UAC,WCC,,,,,,
241019,1964-12-11,,1965,regular,,final,Lafayette,Delaware,138,66,98,71,,,,,,,,,
241077,1964-12-11,,1965,regular,,final,Kansas State,Penn State,132,226,59,60,,,Indep.,,,,,,
241123,1964-12-11,,1965,regular,,final,Massachusetts,Maine-Farmington,161,1078,82,70,,,,,,,,,
241140,1964-12-11,,1965,regular,,final,Yale,Holy Cross,360,111,66,68,,Ivy,Indep.,,,,,,
241171,1964-12-11,,1965,regular,,final,Rutgers,Colgate,245,55,79,52,,Indep.,Indep.,,,,,,
241221,1964-12-11,,1965,regular,,final,San José State,Arizona,260,11,66,59,,WCC,UAC,,,,,,
241241,1964-12-11,,1965,regular,,final,Virginia Tech,Vanderbilt,340,336,69,64,,SoCon,SEC,,,,,,
241261,1964-12-11,,1965,regular,,final,Richmond,Virginia,242,339,72,66,,SoCon,ACC,,,,,,
241299,1964-12-11,,1965,regular,,final,Denver,UTEP,68,327,56,55,,Indep.,Indep.,,,,,,
241318,1964-12-11,,1965,regular,,final,Texas Tech,Wyoming,298,358,98,87,,,UAC,,,,,,
241337,1964-12-11,,1965,regular,,final,Toledo,Duquesne,300,73,65,67,,MAC,Indep.,,,,,,
241356,1964-12-11,,1965,regular,,final,Boston College,UConn,26,314,81,85,,Indep.,Indep.,,,,,,
241371,1964-12-11,,1965,regular,,final,St. Francis Brooklyn,Providence,364,235,55,86,,Indep.,Indep.,,,,,,
241405,1964-12-11,,1965,regular,,final,St. John's,Miami,279,168,79,77,,Indep.,Indep.,,,,,,
241423,1964-12-11,,1965,regular,,final,Centenary (LA),Rice,367,241,81,78,,Indep.,,,,,,,
241443,1964-12-11,,1965,regular,,final,Penn State (Beaver),Tulane,1353,303,88,57,,,SEC,,,,,,
241498,1964-12-11,,1965,regular,,final,Iowa,Creighton,124,61,98,83,,Big Ten,Indep.,,,,,,
241510,1964-12-11,,1965,regular,,final,Marquette,New Mexico State,157,192,62,54,,Indep.,Indep.,,,,,,
241577,1964-12-11,,1965,regular,,final,Temple,Boston University,289,27,73,62,,,Indep.,,,,,,
241613,1964-12-11,,1965,regular,,final,Niagara,La Salle,194,137,59,67,,Indep.,,,,,,,
241673,1964-12-11,,1965,regular,,final,Cincinnati,Louisville,51,150,67,57,,MVC,MVC,,,,,,
241691,1964-12-11,,1965,regular,,final,Wichita State,BYU,352,18,81,65,,MVC,UAC,,,,,,
241734,1964-12-11,,1965,regular,,final,Memphis,Alabama,163,5,83,73,,Indep.,SEC,,,,,,
241755,1964-12-11,,1965,regular,,final,Seattle U,UC Santa Barbara,262,311,75,55,,Indep.,WCC,,,,,,
241795,1964-12-11,,1965,regular,,final,Dayton,Idaho State,64,116,71,53,,Indep.,Big Sky,,,,,,
241827,1964-12-11,,1965,regular,,final,NC State,USC,185,323,78,69,,ACC,Pac-12,,,,,,
241844,1964-12-11,,1965,regular,,final,Duke,South Carolina,72,266,111,72,,ACC,ACC,,,,,,
241944,1964-12-11,,1965,regular,,final,SMU,LSU,248,136,98,75,,,SEC,,,,,,
241967,1964-12-11,,1965,regular,,final,Kentucky,Syracuse,135,286,110,77,,SEC,Indep.,,,,,,
241989,1964-12-11,,1965,regular,,final,Washington,Washington State,343,344,70,66,,Pac-12,Pac-12,,,,,,
242033,1964-12-11,,1965,regular,,final,California,San Francisco,40,259,55,65,,Pac-12,WCC,,,,,,
242070,1964-12-11,,1965,regular,,final,Wisconsin,Bowling Green,355,28,87,56,,Big Ten,MAC,,,,,,
242090,1964-12-11,,1965,regular,,final,Indiana,North Carolina,121,200,107,81,,Big Ten,ACC,,,,,,
242133,1964-12-11,,1965,regular,,final,Michigan State,Drake,169,70,75,91,,Big Ten,MVC,,,,,,
242153,1964-12-11,,1965,regular,,final,UCLA,Oklahoma State,313,218,68,52,,Pac-12,,,,,,,
242164,1964-12-11,,1965,regular,,final,Nebraska,Michigan,188,170,74,73,,MVC,Big Ten,,,,,,
242179,1964-12-11,,1965,regular,,final,Missouri,Saint Louis,177,252,62,56,,,MVC,,,,,,
242194,1964-12-11,,1965,regular,,final,Air Force,Iowa State,2,125,67,63,,Indep.,,,,,,,
242215,1964-12-11,,1965,regular,,final,Northwestern,Colorado,212,56,87,80,,Big Ten,,,,,,,
242237,1964-12-11,,1965,regular,,final,Kansas,Loyola Chicago,131,151,80,60,,,Indep.,,,,,,
241028,1964-12-12,,1965,regular,,final,Georgetown,Seton Hall,97,263,78,66,,Indep.,Indep.,,,,,,
240531,1964-12-13,,1965,regular,,final,Miami (OH),Marshall,167,158,114,90,,MAC,MAC,,,,,,
240552,1964-12-13,,1965,regular,,final,Furman,George Washington,93,96,57,81,,SoCon,SoCon,,,,,,
240603,1964-12-13,,1965,regular,,final,North Texas,Loyola New Orleans,204,650,74,61,,MVC,,,,,,,
240605,1964-12-13,,1965,regular,,final,Loyola Chicago,Middle Tennessee,151,171,117,85,,Indep.,OVC,,,,,,
240683,1964-12-13,,1965,regular,,final,Detroit Mercy,Xavier,69,359,123,110,,Indep.,Indep.,,,,,,
240735,1964-12-13,,1965,regular,,final,Oklahoma,Hardin-Simmons,217,772,78,67,,,,,,,,,
240767,1964-12-13,,1965,regular,,final,Eastern Kentucky,Syracuse,78,286,79,69,,OVC,Indep.,,,,,,
240783,1964-12-13,,1965,regular,,final,West Virginia,William & Mary,347,353,72,63,,SoCon,SoCon,,,,,,
240965,1964-12-13,,1965,regular,,final,Rhode Island,Maine-Farmington,240,1078,90,82,,Indep.,,,,,,,
241172,1964-12-13,,1965,regular,,final,Rutgers,Princeton,245,234,79,92,,Indep.,Ivy,,,,,,
241242,1964-12-13,,1965,regular,,final,Wake Forest,Virginia Tech,342,340,75,74,,ACC,SoCon,,,,,,
241511,1964-12-13,,1965,regular,,final,Murray State,New Mexico State,184,192,72,69,,OVC,Indep.,,,,,,
241656,1964-12-13,,1965,regular,,final,Texas A&M,Houston,293,113,74,67,,,Indep.,,,,,,
241692,1964-12-13,,1965,regular,,final,Michigan,Wichita State,170,352,87,85,,Big Ten,MVC,,,,,,
242091,1964-12-13,,1965,regular,,final,Indiana,DePaul,121,65,91,78,,Big Ten,Indep.,,,,,,
242134,1964-12-13,,1965,regular,,final,Drake,Idaho State,70,116,56,41,,MVC,Big Sky,,,,,,
242154,1964-12-13,,1965,regular,,final,Texas,Oklahoma State,295,218,69,73,,,,,,,,,
242195,1964-12-13,,1965,regular,,final,New Mexico,Iowa State,191,125,87,54,,UAC,,,,,,,
240419,1964-12-14,,1965,regular,,final,Portland,UC Santa Barbara,230,311,65,69,,Indep.,WCC,,,,,,
240496,1964-12-14,,1965,regular,,final,Davidson,VMI,63,334,91,69,,SoCon,SoCon,,,,,,
240874,1964-12-14,,1965,regular,,final,Miami,Saint Mary's,168,253,89,77,,Indep.,WCC,,,,,,
241029,1964-12-14,,1965,regular,,final,Fordham,Seton Hall,91,263,67,69,,Indep.,Indep.,,,,,,
241049,1964-12-14,,1965,regular,,final,Villanova,Toledo,338,300,95,60,,Indep.,MAC,,,,,,
241078,1964-12-14,,1965,regular,,final,Gettysburg,Penn State,1189,226,39,53,,,Indep.,,,,,,
241124,1964-12-14,,1965,regular,,final,UConn,Massachusetts,314,161,77,67,,Indep.,,,,,,,
241262,1964-12-14,,1965,regular,,final,Richmond,The Citadel,242,299,75,76,,SoCon,SoCon,,,,,,
241357,1964-12-14,,1965,regular,,final,Boston College,Harvard,26,107,83,72,,Indep.,Ivy,,,,,,
241559,1964-12-14,,1965,regular,,final,Washington State,Idaho,344,117,75,70,,Pac-12,Big Sky,,,,,,
241594,1964-12-14,,1965,regular,,final,Saint Joseph's,St. John's,251,279,71,56,,,Indep.,,,,,,
241634,1964-12-14,,1965,regular,,final,Oklahoma City,SMU,1476,248,81,72,,,,,,,,,
241712,1964-12-14,,1965,regular,,final,Arkansas,Tulsa,12,304,65,64,,,MVC,,,,,,
242113,1964-12-14,,1965,regular,,final,Wisconsin,Illinois,355,118,56,70,,Big Ten,Big Ten,,,,,,
240374,1964-12-15,,1965,regular,,final,La Salle,Seattle U,137,262,74,76,,,Indep.,,,,,,
240587,1964-12-15,,1965,regular,,final,Army,Canisius,15,42,93,65,,Indep.,Indep.,,,,,,
240636,1964-12-15,,1965,regular,,final,Cornell,Colorado State,60,57,65,67,,Ivy,Indep.,,,,,,
240726,1964-12-15,,1965,regular,,final,North Texas,Baylor,204,20,81,86,,MVC,,,,,,,
240736,1964-12-15,,1965,regular,,final,Texas Tech,Oklahoma,298,217,79,85,,,,,,,,,
241020,1964-12-15,,1965,regular,,final,Navy,Delaware,187,66,92,49,,Indep.,,,,,,,
241141,1964-12-15,,1965,regular,,final,Yale,Brown,360,30,54,68,,Ivy,Ivy,,,,,,
241173,1964-12-15,,1965,regular,,final,Rutgers,Columbia,245,58,101,89,,Indep.,Ivy,,,,,,
241424,1964-12-15,,1965,regular,,final,Rice,Texas A&M,241,293,60,69,,,,,,,,,
241560,1964-12-15,,1965,regular,,final,Gonzaga,Washington State,102,344,54,49,,Big Sky,Pac-12,,,,,,
241578,1964-12-15,,1965,regular,,final,Temple,Penn State,289,226,63,73,,,Indep.,,,,,,
241657,1964-12-15,,1965,regular,,final,Houston,Auburn,113,16,50,48,,Indep.,SEC,,,,,,
241811,1964-12-15,,1965,regular,,final,Louisville,Syracuse,150,286,67,62,,MVC,Indep.,,,,,,
241867,1964-12-15,,1965,regular,,final,Clemson,Duke,52,72,79,80,,ACC,ACC,,,,,,
242216,1964-12-15,,1965,regular,,final,Colorado,Wyoming,56,358,68,63,,,UAC,,,,,,
240411,1964-12-16,,1965,regular,,final,Marshall,The Citadel,158,299,84,96,,MAC,SoCon,,,,,,
240515,1964-12-16,,1965,regular,,final,William & Mary,VMI,353,334,66,63,,SoCon,SoCon,,,,,,
240591,1964-12-16,,1965,regular,,final,Holy Cross,Fairfield,111,83,92,89,,Indep.,Indep.,,,,,,
240701,1964-12-16,,1965,regular,,final,Saint Louis,Princeton,252,234,90,71,,MVC,Ivy,,,,,,
240718,1964-12-16,,1965,regular,,final,Loyola New Orleans,TCU,650,287,91,81,,,,,,,,,
240875,1964-12-16,,1965,regular,,final,Tennessee Tech,Saint Mary's,291,253,73,74,,OVC,WCC,,,,,,
240889,1964-12-16,,1965,regular,,final,Wake Forest,Virginia,342,339,88,75,,ACC,ACC,,,,,,
240966,1964-12-16,,1965,regular,,final,Maine-Farmington,UConn,1078,314,62,89,,,Indep.,,,,,,
240992,1964-12-16,,1965,regular,,final,Bowling Green,Miami (OH),28,167,54,91,,MAC,MAC,,,,,,
241050,1964-12-16,,1965,regular,,final,Toledo,St. Francis (PA),300,278,98,74,,MAC,Indep.,,,,,,
241284,1964-12-16,,1965,regular,,final,Bradley,Utah State,29,329,75,69,,MVC,Indep.,,,,,,
241338,1964-12-16,,1965,regular,,final,Duquesne,Colorado State,73,57,75,56,,Indep.,Indep.,,,,,,
241372,1964-12-16,,1965,regular,,final,Creighton,Providence,61,235,90,95,,Indep.,Indep.,,,,,,
241479,1964-12-16,,1965,regular,,final,South Carolina,Furman,266,93,71,79,,ACC,SoCon,,,,,,
241658,1964-12-16,,1965,regular,,final,Houston,Texas A&M,113,293,59,49,,Indep.,,,,,,,
241828,1964-12-16,,1965,regular,,final,Fordham,NC State,91,185,64,65,,Indep.,ACC,,,,,,
242196,1964-12-16,,1965,regular,,final,Iowa State,Drake,125,70,82,75,,,MVC,,,,,,
242238,1964-12-16,,1965,regular,,final,Cincinnati,Kansas,51,131,76,72,,MVC,,,,,,,
240691,1964-12-17,,1965,regular,,final,Rhode Island,Brown,240,30,99,78,,Indep.,Ivy,,,,,,
240727,1964-12-17,,1965,regular,,final,Vanderbilt,Baylor,336,20,97,78,,SEC,,,,,,,
240798,1964-12-17,,1965,regular,,final,Marquette,UCLA,157,313,52,61,,Indep.,Pac-12,,,,,,
240821,1964-12-17,,1965,regular,,final,Cornell,Columbia,60,58,79,73,,Ivy,Ivy,,,,,,
240892,1964-12-17,,1965,regular,,final,Maryland,Wake Forest,160,342,82,64,,ACC,ACC,,,,,,
241021,1964-12-17,,1965,regular,,final,Delaware,Lehigh,66,141,62,73,,,,,,,,,
241125,1964-12-17,,1965,regular,,final,Massachusetts,New Hampshire,161,190,93,78,,,Indep.,,,,,,
241222,1964-12-17,,1965,regular,,final,Utah,San José State,331,260,94,75,,UAC,WCC,,,,,,
241243,1964-12-17,,1965,regular,,final,Virginia Tech,Alabama,340,5,53,72,,SoCon,SEC,,,,,,
241512,1964-12-17,,1965,regular,,final,Hardin-Simmons,New Mexico State,772,192,91,54,,,Indep.,,,,,,
241561,1964-12-17,,1965,regular,,final,Arizona State,Washington State,10,344,88,77,,UAC,Pac-12,,,,,,
241770,1964-12-17,,1965,regular,,final,BYU,Santa Clara,18,261,102,82,,UAC,WCC,,,,,,
241968,1964-12-17,,1965,regular,,final,Kentucky,West Virginia,135,347,102,78,,SEC,SoCon,,,,,,
241990,1964-12-17,,1965,regular,,final,Washington,Kansas State,343,132,66,73,,Pac-12,,,,,,,
242114,1964-12-17,,1965,regular,,final,Dayton,Illinois,64,118,86,104,,Indep.,Big Ten,,,,,,
242165,1964-12-17,,1965,regular,,final,Texas,Nebraska,295,188,77,73,,,MVC,,,,,,
240388,1964-12-18,,1965,regular,,final,Army,Manhattan,15,155,81,62,,Indep.,Indep.,,,,,,
240541,1964-12-18,,1965,regular,,final,Xavier,Kent State,359,134,76,80,,Indep.,MAC,,,,,,
240570,1964-12-18,,1965,regular,,final,Pittsburgh,Bucknell,229,32,65,59,,Indep.,,,,,,,
240576,1964-12-18,,1965,regular,,final,Fordham,UConn,91,314,67,70,,Indep.,Indep.,,,,,,
240588,1964-12-18,,1965,regular,,final,Canisius,Georgetown,42,97,105,94,,Indep.,Indep.,,,,,,
240637,1964-12-18,,1965,regular,,final,St. Bonaventure,Colorado State,277,57,81,86,,Indep.,Indep.,,,,,,
240673,1964-12-18,,1965,regular,,final,Miami,Florida,168,87,67,58,,Indep.,SEC,,,,,,
240745,1964-12-18,,1965,regular,,final,Northwestern,Creighton,212,61,70,82,,Big Ten,Indep.,,,,,,
240750,1964-12-18,,1965,regular,,final,Purdue,Wake Forest,236,342,86,83,,Big Ten,ACC,,,,,,
240759,1964-12-18,,1965,regular,,final,Villanova,Niagara,338,194,70,45,,Indep.,Indep.,,,,,,
240876,1964-12-18,,1965,regular,,final,Loyola New Orleans,Saint Mary's,650,253,87,76,,,WCC,,,,,,
240897,1964-12-18,,1965,regular,,final,Saint Louis,Bradley,252,29,76,73,,MVC,MVC,,,,,,
240938,1964-12-18,,1965,regular,,final,Oregon State,Stanford,224,281,61,60,,Pac-12,Pac-12,,,,,,
240951,1964-12-18,,1965,regular,,final,SMU,Tulane,248,303,80,58,,,SEC,,,,,,
240975,1964-12-18,,1965,regular,,final,Arizona State,Murray State,10,184,107,96,,UAC,OVC,,,,,,
241030,1964-12-18,,1965,regular,,final,Seton Hall,Boston University,263,27,64,63,,Indep.,Indep.,,,,,,
241051,1964-12-18,,1965,regular,,final,Toledo,The Citadel,300,299,82,78,,MAC,SoCon,,,,,,
241263,1964-12-18,,1965,regular,,final,East Carolina,Richmond,74,242,81,79,,,SoCon,,,,,,
241285,1964-12-18,,1965,regular,,final,Minnesota,Utah State,173,329,88,69,,Big Ten,Indep.,,,,,,
241373,1964-12-18,,1965,regular,,final,Iowa,Providence,124,235,70,71,,Big Ten,Indep.,,,,,,
241463,1964-12-18,,1965,regular,,final,St. John's,Notre Dame,279,213,76,72,,Indep.,Indep.,,,,,,
241525,1964-12-18,,1965,regular,,final,Davidson,Ohio State,63,216,87,64,,SoCon,Big Ten,,,,,,
241635,1964-12-18,,1965,regular,,final,Hardin-Simmons,Oklahoma City,772,1476,92,99,,,,,,,,,
241674,1964-12-18,,1965,regular,,final,Cincinnati,Centenary (LA),51,367,84,74,,MVC,Indep.,,,,,,
241713,1964-12-18,,1965,regular,,final,Tulsa,Memphis,304,163,80,63,,MVC,Indep.,,,,,,
241756,1964-12-18,,1965,regular,,final,Duquesne,Seattle U,73,262,80,74,,Indep.,Indep.,,,,,,
241771,1964-12-18,,1965,regular,,final,BYU,Santa Clara,18,261,109,80,,UAC,WCC,,,,,,
241812,1964-12-18,,1965,regular,,final,Louisville,DePaul,150,65,70,69,,MVC,Indep.,,,,,,
241845,1964-12-18,,1965,regular,,final,Virginia,Duke,339,72,91,104,,ACC,ACC,,,,,,
241905,1964-12-18,,1965,regular,,final,Georgia,Georgia Tech,98,101,79,66,,SEC,Indep.,,,,,,
241925,1964-12-18,,1965,regular,,final,Virginia Tech,Mississippi State,340,174,104,75,,SoCon,SEC,,,,,,
241991,1964-12-18,,1965,regular,,final,Washington,Kansas State,343,132,71,62,,Pac-12,,,,,,,
242034,1964-12-18,,1965,regular,,final,Utah,California,331,40,99,74,,UAC,Pac-12,,,,,,
242054,1964-12-18,,1965,regular,,final,Butler,Michigan State,34,169,90,89,,,Big Ten,,,,,,
242072,1964-12-18,,1965,regular,,final,Marquette,Wisconsin,157,355,62,61,,Indep.,Big Ten,,,,,,
242092,1964-12-18,,1965,regular,,final,Detroit Mercy,Indiana,69,121,89,108,,Indep.,Big Ten,,,,,,
242115,1964-12-18,,1965,regular,,final,Kentucky,Illinois,135,118,86,91,,SEC,Big Ten,,,,,,
242135,1964-12-18,,1965,regular,,final,Drake,Wichita State,70,352,60,71,,MVC,MVC,,,,,,
242156,1964-12-18,,1965,regular,,final,Vanderbilt,Oklahoma State,336,218,60,58,,SEC,,,,,,,
242217,1964-12-18,,1965,regular,,final,Houston,Colorado,113,56,70,61,,Indep.,,,,,,,
242239,1964-12-18,,1965,regular,,final,Maryland,Kansas,160,131,61,63,,ACC,,,,,,,
242166,1964-12-19,,1965,regular,,final,Texas Tech,Nebraska,298,188,82,78,,,MVC,,,,,,
240664,1964-12-20,,1965,regular,,final,Florida State,Tennessee,90,292,43,65,,Indep.,SEC,,,,,,
240695,1964-12-20,,1965,regular,,final,Columbia,Georgetown,58,97,85,97,,Ivy,Indep.,,,,,,
240719,1964-12-20,,1965,regular,,final,TCU,Centenary (LA),287,367,75,84,,,Indep.,,,,,,
240737,1964-12-20,,1965,regular,,final,Bradley,Oklahoma,29,217,83,75,,MVC,,,,,,,
240751,1964-12-20,,1965,regular,,final,Purdue,Ohio,236,215,79,73,,Big Ten,MAC,,,,,,
240962,1964-12-20,,1965,regular,,final,Butler,Tulane,34,303,84,67,,,SEC,,,,,,
241052,1964-12-20,,1965,regular,,final,Toledo,Gonzaga,300,102,86,81,,MAC,Big Sky,,,,,,
241202,1964-12-20,,1965,regular,,final,Utah,Santa Clara,331,261,87,83,,UAC,WCC,,,,,,
241264,1964-12-20,,1965,regular,,final,Richmond,Alabama,242,5,70,80,,SoCon,SEC,,,,,,
241286,1964-12-20,,1965,regular,,final,Utah State,San José State,329,260,86,73,,Indep.,WCC,,,,,,
241319,1964-12-20,,1965,regular,,final,Wyoming,Idaho State,358,116,104,64,,UAC,Big Sky,,,,,,
241359,1964-12-20,,1965,regular,,final,Saint Mary's,Boston College,253,26,62,78,,WCC,Indep.,,,,,,
241374,1964-12-20,,1965,regular,,final,Providence,Bowling Green,235,28,78,65,,Indep.,MAC,,,,,,
241547,1964-12-20,,1965,regular,,final,Florida,North Carolina,87,200,73,54,,SEC,ACC,,,,,,
241675,1964-12-20,,1965,regular,,final,Cincinnati,Denver,51,68,99,64,,MVC,Indep.,,,,,,
241735,1964-12-20,,1965,regular,,final,Memphis,Seattle U,163,262,77,89,,Indep.,Indep.,,,,,,
241906,1964-12-20,,1965,regular,,final,Georgia Tech,William & Mary,101,353,91,73,,Indep.,SoCon,,,,,,
242011,1964-12-20,,1965,regular,,final,Kansas State,Oregon,132,223,92,58,,,Pac-12,,,,,,
242167,1964-12-20,,1965,regular,,final,Nebraska,California,188,40,87,80,,MVC,Pac-12,,,,,,
242218,1964-12-20,,1965,regular,,final,Texas Tech,Colorado,298,56,85,83,,,,,,,,,
242240,1964-12-20,,1965,regular,,final,St. John's,Kansas,279,131,56,71,,Indep.,,,,,,,
240667,1964-12-21,,1965,regular,,final,Vanderbilt,Miami (OH),336,167,74,68,,SEC,MAC,,,,,,
240684,1964-12-21,,1965,regular,,final,Detroit Mercy,Colorado State,69,57,75,73,,Indep.,Indep.,,,,,,
240709,1964-12-21,,1965,regular,,final,Davidson,Virginia,63,339,86,74,,SoCon,ACC,,,,,,
240741,1964-12-21,,1965,regular,,final,Minnesota,Loyola Chicago,173,151,89,75,,Big Ten,Indep.,,,,,,
240760,1964-12-21,,1965,regular,,final,St. Francis (PA),Villanova,278,338,58,101,,Indep.,Indep.,,,,,,
240933,1964-12-21,,1965,regular,,final,USC,UCLA,323,313,75,84,,Pac-12,Pac-12,,,,,,
241189,1964-12-21,,1965,regular,,final,Pacific,Arizona State,225,10,92,87,,WCC,UAC,,,,,,
241339,1964-12-21,,1965,regular,,final,Duquesne,Gonzaga,73,102,83,69,,Indep.,Big Sky,,,,,,
241636,1964-12-21,,1965,regular,,final,Creighton,Oklahoma City,61,1476,79,82,,Indep.,,,,,,,
241772,1964-12-21,,1965,regular,,final,BYU,Ohio State,18,216,112,71,,UAC,Big Ten,,,,,,
241868,1964-12-21,,1965,regular,,final,Georgia,Clemson,98,52,93,75,,SEC,ACC,,,,,,
241969,1964-12-21,,1965,regular,,final,Saint Louis,Kentucky,252,135,80,75,,MVC,SEC,,,,,,
242012,1964-12-21,,1965,regular,,final,Stanford,Oregon,281,223,74,56,,Pac-12,Pac-12,,,,,,
242055,1964-12-21,,1965,regular,,final,Michigan State,Loyola New Orleans,169,650,94,70,,Big Ten,,,,,,,
242168,1964-12-21,,1965,regular,,final,Nebraska,California,188,40,63,59,,MVC,Pac-12,,,,,,
242180,1964-12-21,,1965,regular,,final,Rice,Missouri,241,177,72,81,,,,,,,,,
242197,1964-12-21,,1965,regular,,final,Iowa State,Marquette,125,157,73,64,,,Indep.,,,,,,
240616,1964-12-22,,1965,regular,,final,Xavier,St. Bonaventure,359,277,100,78,,Indep.,Indep.,,,,,,
240746,1964-12-22,,1965,regular,,final,Northwestern,Ohio,212,215,67,88,,Big Ten,MAC,,,,,,
240813,1964-12-22,,1965,regular,,final,Arizona,UTEP,11,327,77,40,,UAC,Indep.,,,,,,
241203,1964-12-22,,1965,regular,,final,USC,Santa Clara,323,261,69,66,,Pac-12,WCC,,,,,,
241287,1964-12-22,,1965,regular,,final,San Francisco,Utah State,259,329,86,71,,WCC,Indep.,,,,,,
241531,1964-12-22,,1965,regular,,final,Michigan,Butler,170,34,99,81,,Big Ten,,,,,,,
241595,1964-12-22,,1965,regular,,final,Saint Joseph's,Bowling Green,251,28,60,54,,,MAC,,,,,,
241676,1964-12-22,,1965,regular,,final,Cincinnati,Oregon State,51,224,71,56,,MVC,Pac-12,,,,,,
241757,1964-12-22,,1965,regular,,final,DePaul,Seattle U,65,262,91,77,,Indep.,Indep.,,,,,,
241797,1964-12-22,,1965,regular,,final,Dayton,Army,64,15,41,33,,Indep.,Indep.,,,,,,
242181,1964-12-22,,1965,regular,,final,SMU,Missouri,248,177,78,73,,,,,,,,,
240647,1964-12-25,,1965,regular,,final,Utah,Army,331,15,87,65,,UAC,Indep.,,,,,,
240799,1964-12-25,,1965,regular,,final,Loyola Chicago,Marquette,151,157,83,71,,Indep.,Indep.,,,,,,
240949,1964-12-25,,1965,regular,,final,Stanford,Tulane,281,303,93,65,,Pac-12,SEC,,,,,,
241596,1964-12-25,,1965,regular,,final,Saint Joseph's,Holy Cross,251,111,82,63,,,Indep.,,,,,,
241659,1964-12-25,,1965,regular,,final,Houston,Rhode Island,113,240,74,68,,Indep.,Indep.,,,,,,
241714,1964-12-25,,1965,regular,,final,Tulsa,Florida State,304,90,72,74,,MVC,Indep.,,,,,,
241813,1964-12-25,,1965,regular,,final,Bradley,Louisville,29,150,74,82,,MVC,MVC,,,,,,
242035,1964-12-25,,1965,regular,,final,California,Wyoming,40,358,74,75,,Pac-12,UAC,,,,,,
240376,1964-12-27,,1965,regular,,final,Miami,Yale,168,360,86,71,,Indep.,Ivy,,,,,,
240452,1964-12-27,,1965,regular,,final,West Texas A&M,Idaho State,1440,116,99,88,,Indep.,Big Sky,,,,,,
240604,1964-12-27,,1965,regular,,final,Hardin-Simmons,North Texas,772,204,78,73,,,MVC,,,,,,
240656,1964-12-27,,1965,regular,,final,UCLA,Arizona,313,11,99,79,,Pac-12,UAC,,,,,,
240665,1964-12-27,,1965,regular,,final,Portland,Tennessee,230,292,59,70,,Indep.,SEC,,,,,,
240669,1964-12-27,,1965,regular,,final,Davidson,Alabama,63,5,79,62,,SoCon,SEC,,,,,,
240728,1964-12-27,,1965,regular,,final,Furman,Baylor,93,20,78,89,,SoCon,,,,,,,
241069,1964-12-27,,1965,regular,,final,East Tennessee State,East Carolina,75,74,66,75,,OVC,,,,,,,
241126,1964-12-27,,1965,regular,,final,Bradley,Massachusetts,29,161,101,73,,MVC,,,,,,,
241320,1964-12-27,,1965,regular,,final,Stanford,Wyoming,281,358,88,75,,Pac-12,UAC,,,,,,
241445,1964-12-27,,1965,regular,,final,Penn State (Beaver),Pittsburgh,1353,229,71,59,,,Indep.,,,,,,
241499,1964-12-27,,1965,regular,,final,USC,Iowa,323,124,65,71,,Pac-12,Big Ten,,,,,,
241526,1964-12-27,,1965,regular,,final,Ohio State,Dartmouth,216,62,90,59,,Big Ten,Ivy,,,,,,
241532,1964-12-27,,1965,regular,,final,Manhattan,Michigan,155,170,77,90,,Indep.,Big Ten,,,,,,
241615,1964-12-27,,1965,regular,,final,St. John's,La Salle,279,137,78,71,,Indep.,,,,,,,
241637,1964-12-27,,1965,regular,,final,Oklahoma City,Rice,1476,241,93,63,,,,,,,,,
241736,1964-12-27,,1965,regular,,final,Memphis,SMU,163,248,95,92,,Indep.,,,,,,,
242036,1964-12-27,,1965,regular,,final,California,Tulane,40,303,86,59,,Pac-12,SEC,,,,,,
242117,1964-12-27,,1965,regular,,final,Saint Joseph's,Illinois,251,118,75,71,,,Big Ten,,,,,,
240408,1964-12-28,,1965,regular,,final,Centenary (LA),VMI,367,334,86,91,,Indep.,SoCon,,,,,,
240448,1964-12-28,,1965,regular,,final,Hardin-Simmons,Idaho State,772,116,77,61,,,Big Sky,,,,,,
240606,1964-12-28,,1965,regular,,final,Loyola Chicago,Western Michigan,151,351,87,79,,Indep.,MAC,,,,,,
240640,1964-12-28,,1965,regular,,final,UTEP,William & Mary,327,353,56,50,,Indep.,SoCon,,,,,,
240703,1964-12-28,,1965,regular,,final,Miami,Maryland,168,160,80,73,,Indep.,ACC,,,,,,
240714,1964-12-28,,1965,regular,,final,Florida,Wake Forest,87,342,82,65,,SEC,ACC,,,,,,
240742,1964-12-28,,1965,regular,,final,UCLA,Minnesota,313,173,93,77,,Pac-12,Big Ten,,,,,,
240752,1964-12-28,,1965,regular,,final,Portland,Purdue,230,236,94,74,,Indep.,Big Ten,,,,,,
240896,1964-12-28,,1965,regular,,final,West Texas A&M,North Texas,1440,204,70,75,,Indep.,MVC,,,,,,
241053,1964-12-28,,1965,regular,,final,Toledo,Butler,300,34,84,62,,MAC,,,,,,,
241080,1964-12-28,,1965,regular,,final,Detroit Mercy,Penn State,69,226,73,75,,Indep.,Indep.,,,,,,
241265,1964-12-28,,1965,regular,,final,Georgetown,Richmond,97,242,79,73,,Indep.,SoCon,,,,,,
241446,1964-12-28,,1965,regular,,final,Penn State (Beaver),New York University,1353,392,66,70,,,Indep.,,,,,,
241638,1964-12-28,,1965,regular,,final,Oklahoma City,Xavier,1476,359,90,75,,,Indep.,,,,,,
241695,1964-12-28,,1965,regular,,final,Saint Joseph's,Wichita State,251,352,76,69,,,MVC,,,,,,
241888,1964-12-28,,1965,regular,,final,Furman,Auburn,93,16,86,107,,SoCon,SEC,,,,,,
242057,1964-12-28,,1965,regular,,final,USC,Michigan State,323,169,100,69,,Pac-12,Big Ten,,,,,,
242095,1964-12-28,,1965,regular,,final,Memphis,Indiana,163,121,68,91,,Indep.,Big Ten,,,,,,
242118,1964-12-28,,1965,regular,,final,Villanova,Illinois,338,118,65,74,,Indep.,Big Ten,,,,,,
240389,1964-12-29,,1965,regular,,final,Portland,Army,230,15,67,68,,Indep.,Indep.,,,,,,
240412,1964-12-29,,1965,regular,,final,East Tennessee State,The Citadel,75,299,63,65,,OVC,SoCon,,,,,,
240563,1964-12-29,,1965,regular,,final,Georgetown,Lehigh,97,141,70,63,,Indep.,,,,,,,
240657,1964-12-29,,1965,regular,,final,UCLA,Utah,313,331,104,74,,Pac-12,UAC,,,,,,
240660,1964-12-29,,1965,regular,,final,USC,Arizona,323,11,55,57,,Pac-12,UAC,,,,,,
240731,1964-12-29,,1965,regular,,final,Florida,Texas,87,295,62,49,,SEC,,,,,,,
240769,1964-12-29,,1965,regular,,final,Manhattan,Syracuse,155,286,64,87,,Indep.,Indep.,,,,,,
241392,1964-12-29,,1965,regular,,final,UTEP,New Mexico,327,191,47,55,,Indep.,UAC,,,,,,
241639,1964-12-29,,1965,regular,,final,Oklahoma City,DePaul,1476,65,60,67,,,Indep.,,,,,,
241758,1964-12-29,,1965,regular,,final,Seattle U,Gonzaga,262,102,111,87,,Indep.,Big Sky,,,,,,
241798,1964-12-29,,1965,regular,,final,Dayton,Dartmouth,64,62,98,70,,Indep.,Ivy,,,,,,
241846,1964-12-29,,1965,regular,,final,Ohio State,Duke,216,72,89,94,,Big Ten,ACC,,,,,,
240601,1964-12-30,,1965,regular,,final,Loyola Chicago,Saint Louis,151,252,57,90,,Indep.,MVC,,,,,,
240710,1964-12-30,,1965,regular,,final,Canisius,Virginia,42,339,61,64,,Indep.,ACC,,,,,,
241244,1964-12-30,,1965,regular,,final,Virginia Tech,The Citadel,340,299,90,94,,SoCon,SoCon,,,,,,
240641,1964-12-31,,1965,regular,,final,UTEP,Rhode Island,327,240,81,62,,Indep.,Indep.,,,,,,
241513,1964-12-31,,1965,regular,,final,Montana,New Mexico State,179,192,76,65,,Big Sky,Indep.,,,,,,
240409,1965-01-01,,1965,regular,,final,East Tennessee State,Centenary (LA),75,367,76,90,,OVC,Indep.,,,,,,
240516,1965-01-01,,1965,regular,,final,Davidson,William & Mary,63,353,77,57,,SoCon,SoCon,,,,,,
240553,1965-01-01,,1965,regular,,final,George Washington,VMI,96,334,70,62,,SoCon,SoCon,,,,,,
240599,1965-01-01,,1965,regular,,final,Canisius,Cornell,42,60,84,95,,Indep.,Ivy,,,,,,
240634,1965-01-01,,1965,regular,,final,Arizona State,Rhode Island,10,240,102,93,,UAC,Indep.,,,,,,
240743,1965-01-01,,1965,regular,,final,Minnesota,Detroit Mercy,173,69,80,66,,Big Ten,Indep.,,,,,,
240784,1965-01-01,,1965,regular,,final,West Virginia,Furman,347,93,106,85,,SoCon,SoCon,,,,,,
240800,1965-01-01,,1965,regular,,final,DePaul,Marquette,65,157,72,54,,Indep.,Indep.,,,,,,
240918,1965-01-01,,1965,regular,,final,Vanderbilt,Tennessee,336,292,77,72,,SEC,SEC,,,,,,
240925,1965-01-01,,1965,regular,,final,Ole Miss,Alabama,220,5,87,91,,SEC,SEC,,,,,,
240954,1965-01-01,,1965,regular,,final,Florida,Tulane,87,303,85,53,,SEC,SEC,,,,,,
240993,1965-01-01,,1965,regular,,final,Bowling Green,Ohio,28,215,69,84,,MAC,MAC,,,,,,
241008,1965-01-01,,1965,regular,,final,Montana,Idaho,179,117,58,77,,Big Sky,Big Sky,,,,,,
241054,1965-01-01,,1965,regular,,final,Toledo,Miami (OH),300,167,66,95,,MAC,MAC,,,,,,
241308,1965-01-01,,1965,regular,,final,Creighton,Air Force,61,2,80,69,,Indep.,Indep.,,,,,,
241342,1965-01-01,,1965,regular,,final,Duquesne,Columbia,73,58,102,65,,Indep.,Ivy,,,,,,
241393,1965-01-01,,1965,regular,,final,New Mexico,Denver,191,68,67,45,,UAC,Indep.,,,,,,
241489,1965-01-01,,1965,regular,,final,Saint Peter's,New York University,254,392,79,101,,,Indep.,,,,,,
241534,1965-01-01,,1965,regular,,final,St. John's,Michigan,279,170,75,74,,Indep.,Big Ten,,,,,,
241597,1965-01-01,,1965,regular,,final,Providence,Saint Joseph's,235,251,65,61,,Indep.,,,,,,,
241679,1965-01-01,,1965,regular,,final,Cincinnati,Princeton,51,234,71,69,,MVC,Ivy,,,,,,
241696,1965-01-01,,1965,regular,,final,Wichita State,North Texas,352,204,107,88,,MVC,MVC,,,,,,
241737,1965-01-01,,1965,regular,,final,Memphis,Fordham,163,91,71,73,,Indep.,Indep.,,,,,,
241759,1965-01-01,,1965,regular,,final,Montana State,Seattle U,180,262,77,76,,Big Sky,Indep.,,,,,,
241829,1965-01-01,,1965,regular,,final,NC State,Yale,185,360,91,66,,ACC,Ivy,,,,,,
241909,1965-01-01,,1965,regular,,final,Ohio State,Georgia Tech,216,101,73,68,,Big Ten,Indep.,,,,,,
241926,1965-01-01,,1965,regular,,final,Mississippi State,Auburn,174,16,70,71,,SEC,SEC,,,,,,
241949,1965-01-01,,1965,regular,,final,LSU,Georgia,136,98,70,69,,SEC,SEC,,,,,,
241971,1965-01-01,,1965,regular,,final,Kentucky,Dartmouth,135,62,107,67,,SEC,Ivy,,,,,,
242137,1965-01-01,,1965,regular,,final,Saint Louis,Drake,252,70,62,55,,MVC,MVC,,,,,,
240394,1965-01-03,,1965,regular,,final,Austin Peay,Middle Tennessee,17,171,77,82,,OVC,OVC,,,,,,
240410,1965-01-03,,1965,regular,,final,Tennessee Tech,Centenary (LA),291,367,127,90,,OVC,Indep.,,,,,,
240413,1965-01-03,,1965,regular,,final,VMI,The Citadel,334,299,71,70,,SoCon,SoCon,,,,,,
240424,1965-01-03,,1965,regular,,final,Morehead State,Eastern Kentucky,181,78,77,82,,OVC,OVC,,,,,,
240578,1965-01-03,,1965,regular,,final,Loyola New Orleans,Fordham,650,91,82,79,,,Indep.,,,,,,
240904,1965-01-03,,1965,regular,,final,Kansas State,Oklahoma,132,217,71,69,,,,,,,,,
240957,1965-01-03,,1965,regular,,final,Tulane,Georgia,303,98,83,86,,SEC,SEC,,,,,,
241009,1965-01-03,,1965,regular,,final,Weber State,Idaho,345,117,105,71,,Big Sky,Big Sky,,,,,,
241245,1965-01-03,,1965,regular,,final,Virginia Tech,Virginia,340,339,73,56,,SoCon,ACC,,,,,,
241266,1965-01-03,,1965,regular,,final,Davidson,Richmond,63,242,97,67,,SoCon,SoCon,,,,,,
241375,1965-01-03,,1965,regular,,final,Fairfield,Providence,83,235,65,72,,Indep.,Indep.,,,,,,
241465,1965-01-03,,1965,regular,,final,Notre Dame,Western Michigan,213,351,115,87,,Indep.,MAC,,,,,,
241548,1965-01-03,,1965,regular,,final,Maryland,North Carolina,160,200,76,68,,ACC,ACC,,,,,,
241661,1965-01-03,,1965,regular,,final,Houston,Oklahoma City,113,1476,61,54,,Indep.,,,,,,,
241697,1965-01-03,,1965,regular,,final,Bradley,Wichita State,29,352,79,85,,MVC,MVC,,,,,,
241717,1965-01-03,,1965,regular,,final,Saint Louis,Tulsa,252,304,54,53,,MVC,MVC,,,,,,
241760,1965-01-03,,1965,regular,,final,Idaho State,Seattle U,116,262,74,75,,Big Sky,Indep.,,,,,,
241799,1965-01-03,,1965,regular,,final,Xavier,Dayton,359,64,79,83,,Indep.,Indep.,,,,,,
241830,1965-01-03,,1965,regular,,final,NC State,South Carolina,185,266,68,49,,ACC,ACC,,,,,,
241889,1965-01-03,,1965,regular,,final,Ole Miss,Auburn,220,16,53,77,,SEC,SEC,,,,,,
241927,1965-01-03,,1965,regular,,final,Mississippi State,Alabama,174,5,96,68,,SEC,SEC,,,,,,
241950,1965-01-03,,1965,regular,,final,Florida,LSU,87,136,102,62,,SEC,SEC,,,,,,
242074,1965-01-03,,1965,regular,,final,Iowa,Wisconsin,124,355,92,62,,Big Ten,Big Ten,,,,,,
242119,1965-01-03,,1965,regular,,final,Illinois,Indiana,118,121,86,81,,Big Ten,Big Ten,,,,,,
242138,1965-01-03,,1965,regular,,final,Louisville,Drake,150,70,76,64,,MVC,MVC,,,,,,
242200,1965-01-03,,1965,regular,,final,Iowa State,Oklahoma State,125,218,52,54,,,,,,,,,
242221,1965-01-03,,1965,regular,,final,Missouri,Colorado,177,56,63,58,,,,,,,,,
242244,1965-01-03,,1965,regular,,final,Nebraska,Kansas,188,131,56,66,,MVC,,,,,,,
240517,1965-01-04,,1965,regular,,final,William & Mary,The Citadel,353,299,64,70,,SoCon,SoCon,,,,,,
240564,1965-01-04,,1965,regular,,final,Navy,Georgetown,187,97,73,76,,Indep.,Indep.,,,,,,
240592,1965-01-04,,1965,regular,,final,UConn,Holy Cross,314,111,62,77,,Indep.,Indep.,,,,,,
240685,1965-01-04,,1965,regular,,final,Detroit Mercy,Canisius,69,42,76,69,,Indep.,Indep.,,,,,,
240770,1965-01-04,,1965,regular,,final,Cornell,Syracuse,60,286,106,96,,Ivy,Indep.,,,,,,
240846,1965-01-04,,1965,regular,,final,Texas,Texas Tech,295,298,62,66,,,,,,,,,
240852,1965-01-04,,1965,regular,,final,Texas A&M,Baylor,293,20,77,80,,,,,,,,,
240862,1965-01-04,,1965,regular,,final,TCU,Arkansas,287,12,70,88,,,,,,,,,
241097,1965-01-04,,1965,regular,,final,Western Kentucky,Murray State,350,184,71,70,,OVC,OVC,,,,,,
241406,1965-01-04,,1965,regular,,final,George Washington,St. John's,96,279,70,72,,SoCon,Indep.,,,,,,
241426,1965-01-04,,1965,regular,,final,Rice,SMU,241,248,62,64,,,,,,,,,
241738,1965-01-04,,1965,regular,,final,Memphis,DePaul,163,65,70,99,,Indep.,Indep.,,,,,,
241848,1965-01-04,,1965,regular,,final,Duke,Penn State,72,226,121,88,,ACC,Indep.,,,,,,
241870,1965-01-04,,1965,regular,,final,Clemson,Furman,52,93,80,66,,ACC,SoCon,,,,,,
241972,1965-01-04,,1965,regular,,final,Kentucky,Vanderbilt,135,336,79,97,,SEC,SEC,,,,,,
240381,1965-01-05,,1965,regular,,final,Tennessee Tech,East Tennessee State,291,75,83,70,,OVC,OVC,,,,,,
240527,1965-01-05,,1965,regular,,final,Western Michigan,Ohio,351,215,70,91,,MAC,MAC,,,,,,
240542,1965-01-05,,1965,regular,,final,Kent State,Miami (OH),134,167,47,68,,MAC,MAC,,,,,,
240761,1965-01-05,,1965,regular,,final,St. Francis Brooklyn,Villanova,364,338,49,78,,Indep.,Indep.,,,,,,
240785,1965-01-05,,1965,regular,,final,West Virginia,VMI,347,334,87,79,,SoCon,SoCon,,,,,,
240801,1965-01-05,,1965,regular,,final,Marquette,Loyola Chicago,157,151,71,69,,Indep.,Indep.,,,,,,
240947,1965-01-05,,1965,regular,,final,Boston University,New Hampshire,27,190,87,72,,Indep.,Indep.,,,,,,
241055,1965-01-05,,1965,regular,,final,Bowling Green,Toledo,28,300,73,69,,MAC,MAC,,,,,,
241376,1965-01-05,,1965,regular,,final,Boston College,Providence,26,235,79,89,,Indep.,Indep.,,,,,,
241549,1965-01-05,,1965,regular,,final,Wake Forest,North Carolina,342,200,107,85,,ACC,ACC,,,,,,
241580,1965-01-05,,1965,regular,,final,Delaware,Temple,66,289,46,65,,,,,,,,,
241776,1965-01-05,,1965,regular,,final,BYU,Seattle U,18,262,92,72,,UAC,Indep.,,,,,,
241815,1965-01-05,,1965,regular,,final,Louisville,La Salle,150,137,92,80,,MVC,,,,,,,
241831,1965-01-05,,1965,regular,,final,Virginia,NC State,339,185,67,73,,ACC,ACC,,,,,,
240487,1965-01-06,,1965,regular,,final,Xavier,Loyola New Orleans,359,650,94,79,,Indep.,,,,,,,
240593,1965-01-06,,1965,regular,,final,Rhode Island,Holy Cross,240,111,98,75,,Indep.,Indep.,,,,,,
240676,1965-01-06,,1965,regular,,final,Georgia,Florida State,98,90,55,64,,SEC,Indep.,,,,,,
241289,1965-01-06,,1965,regular,,final,Utah,Utah State,331,329,84,86,,UAC,Indep.,,,,,,
241321,1965-01-06,,1965,regular,,final,Wyoming,Arizona,358,11,60,62,,UAC,UAC,,,,,,
241343,1965-01-06,,1965,regular,,final,Iona,Duquesne,123,73,63,61,,Indep.,Indep.,,,,,,
241394,1965-01-06,,1965,regular,,final,New Mexico,Arizona State,191,10,69,48,,UAC,UAC,,,,,,
241490,1965-01-06,,1965,regular,,final,New York University,Davidson,392,63,73,82,,Indep.,SoCon,,,,,,
241598,1965-01-06,,1965,regular,,final,Lehigh,Saint Joseph's,141,251,55,85,,,,,,,,,
241718,1965-01-06,,1965,regular,,final,Tulsa,Bradley,304,29,69,71,,MVC,MVC,,,,,,
241871,1965-01-06,,1965,regular,,final,Clemson,Maryland,52,160,65,67,,ACC,ACC,,,,,,
240414,1965-01-07,,1965,regular,,final,The Citadel,Furman,299,93,99,96,,SoCon,SoCon,,,,,,
240439,1965-01-07,,1965,regular,,final,Portland,Gonzaga,230,102,81,90,,Indep.,Big Sky,,,,,,
240786,1965-01-07,,1965,regular,,final,George Washington,West Virginia,96,347,79,74,,SoCon,SoCon,,,,,,
240879,1965-01-07,,1965,regular,,final,Saint Mary's,Pepperdine,253,228,55,52,,WCC,WCC,,,,,,
240934,1965-01-07,,1965,regular,,final,Oregon State,USC,224,323,65,63,,Pac-12,Pac-12,,,,,,
241113,1965-01-07,,1965,regular,,final,Harvard,Columbia,107,58,93,80,,Ivy,Ivy,,,,,,
241127,1965-01-07,,1965,regular,,final,Massachusetts,Vermont,161,337,120,84,,,Indep.,,,,,,
241142,1965-01-07,,1965,regular,,final,Princeton,Yale,234,360,57,56,,Ivy,Ivy,,,,,,
241152,1965-01-07,,1965,regular,,final,Dartmouth,Cornell,62,60,91,95,,Ivy,Ivy,,,,,,
241174,1965-01-07,,1965,regular,,final,Rutgers,Navy,245,187,87,93,,Indep.,Indep.,,,,,,
241191,1965-01-07,,1965,regular,,final,Pacific,Loyola Marymount,225,153,94,84,,WCC,WCC,,,,,,
241207,1965-01-07,,1965,regular,,final,Santa Clara,UC Santa Barbara,261,311,69,58,,WCC,WCC,,,,,,
241226,1965-01-07,,1965,regular,,final,San Francisco,San José State,259,260,77,53,,WCC,WCC,,,,,,
241301,1965-01-07,,1965,regular,,final,Colorado State,Denver,57,68,74,70,,Indep.,Indep.,,,,,,
241447,1965-01-07,,1965,regular,,final,Penn State (Beaver),Brown,1353,30,73,63,,,Ivy,,,,,,
241480,1965-01-07,,1965,regular,,final,South Carolina,Virginia,266,339,64,60,,ACC,ACC,,,,,,
241566,1965-01-07,,1965,regular,,final,Stanford,Washington State,281,344,70,43,,Pac-12,Pac-12,,,,,,
242016,1965-01-07,,1965,regular,,final,UCLA,Oregon,313,223,91,74,,Pac-12,Pac-12,,,,,,
242037,1965-01-07,,1965,regular,,final,California,Washington,40,343,46,55,,Pac-12,Pac-12,,,,,,
240368,1965-01-08,,1965,regular,,final,Utah,Idaho,331,117,80,63,,UAC,Big Sky,,,,,,
240395,1965-01-08,,1965,regular,,final,Eastern Kentucky,Austin Peay,78,17,103,76,,OVC,OVC,,,,,,
240405,1965-01-08,,1965,regular,,final,Colgate,Bucknell,55,32,52,64,,Indep.,,,,,,,
240453,1965-01-08,,1965,regular,,final,Weber State,Idaho State,345,116,64,55,,Big Sky,Big Sky,,,,,,
240467,1965-01-08,,1965,regular,,final,Morehead State,Middle Tennessee,181,171,96,73,,OVC,OVC,,,,,,
240471,1965-01-08,,1965,regular,,final,Montana,Montana State,179,180,74,76,,Big Sky,Big Sky,,,,,,
240502,1965-01-08,,1965,regular,,final,UConn,Vermont,314,337,111,66,,Indep.,Indep.,,,,,,
240532,1965-01-08,,1965,regular,,final,Marshall,Miami (OH),158,167,73,96,,MAC,MAC,,,,,,
240554,1965-01-08,,1965,regular,,final,George Washington,William & Mary,96,353,56,50,,SoCon,SoCon,,,,,,
240579,1965-01-08,,1965,regular,,final,Rhode Island,Fordham,240,91,100,96,,Indep.,Indep.,,,,,,
240612,1965-01-08,,1965,regular,,final,Florida State,Miami,90,168,67,66,,Indep.,Indep.,,,,,,
240624,1965-01-08,,1965,regular,,final,San Francisco,UC Santa Barbara,259,311,102,69,,WCC,WCC,,,,,,
240771,1965-01-08,,1965,regular,,final,Syracuse,Pittsburgh,286,229,97,73,,Indep.,Indep.,,,,,,
240802,1965-01-08,,1965,regular,,final,Marquette,Xavier,157,359,80,73,,Indep.,Indep.,,,,,,
240825,1965-01-08,,1965,regular,,final,Princeton,Brown,234,30,80,58,,Ivy,Ivy,,,,,,
240837,1965-01-08,,1965,regular,,final,SMU,Texas A&M,248,293,89,77,,,,,,,,,
240847,1965-01-08,,1965,regular,,final,TCU,Texas,287,295,77,64,,,,,,,,,
240863,1965-01-08,,1965,regular,,final,Texas Tech,Arkansas,298,12,93,78,,,,,,,,,
240880,1965-01-08,,1965,regular,,final,Saint Mary's,Loyola Marymount,253,153,76,73,,WCC,WCC,,,,,,
240898,1965-01-08,,1965,regular,,final,North Texas,Bradley,204,29,64,71,,MVC,MVC,,,,,,
240926,1965-01-08,,1965,regular,,final,Alabama,Ole Miss,5,220,107,72,,SEC,SEC,,,,,,
240931,1965-01-08,,1965,regular,,final,Oregon State,UCLA,224,313,53,83,,Pac-12,Pac-12,,,,,,
240946,1965-01-08,,1965,regular,,final,Boston University,Holy Cross,27,111,66,86,,Indep.,Indep.,,,,,,
240958,1965-01-08,,1965,regular,,final,Tulane,Tennessee,303,292,63,80,,SEC,SEC,,,,,,
240978,1965-01-08,,1965,regular,,final,East Tennessee State,Murray State,75,184,69,68,,OVC,OVC,,,,,,
240994,1965-01-08,,1965,regular,,final,Bowling Green,Western Michigan,28,351,88,77,,MAC,MAC,,,,,,
241022,1965-01-08,,1965,regular,,final,Georgetown,Delaware,97,66,91,64,,Indep.,,,,,,,
241031,1965-01-08,,1965,regular,,final,Army,Seton Hall,15,263,73,71,,Indep.,Indep.,,,,,,
241041,1965-01-08,,1965,regular,,final,Lehigh,Gettysburg,141,1189,62,58,,,,,,,,,
241056,1965-01-08,,1965,regular,,final,Ohio,Toledo,215,300,86,68,,MAC,MAC,,,,,,
241098,1965-01-08,,1965,regular,,final,Tennessee Tech,Western Kentucky,291,350,78,87,,OVC,OVC,,,,,,
241114,1965-01-08,,1965,regular,,final,Harvard,Cornell,107,60,53,91,,Ivy,Ivy,,,,,,
241153,1965-01-08,,1965,regular,,final,Dartmouth,Columbia,62,58,77,85,,Ivy,Ivy,,,,,,
241192,1965-01-08,,1965,regular,,final,Pacific,Pepperdine,225,228,96,71,,WCC,WCC,,,,,,
241227,1965-01-08,,1965,regular,,final,San José State,Santa Clara,260,261,65,83,,WCC,WCC,,,,,,
241246,1965-01-08,,1965,regular,,final,Virginia Tech,Wake Forest,340,342,85,86,,SoCon,ACC,,,,,,
241267,1965-01-08,,1965,regular,,final,Richmond,West Virginia,242,347,74,71,,SoCon,SoCon,,,,,,
241309,1965-01-08,,1965,regular,,final,Air Force,Denver,2,68,60,62,,Indep.,Indep.,,,,,,
241322,1965-01-08,,1965,regular,,final,Wyoming,Arizona State,358,10,105,82,,UAC,UAC,,,,,,
241344,1965-01-08,,1965,regular,,final,St. Bonaventure,Duquesne,277,73,67,65,,Indep.,Indep.,,,,,,
241377,1965-01-08,,1965,regular,,final,Canisius,Providence,42,235,60,86,,Indep.,Indep.,,,,,,
241395,1965-01-08,,1965,regular,,final,New Mexico,Arizona,191,11,64,42,,UAC,UAC,,,,,,
241407,1965-01-08,,1965,regular,,final,St. John's,Loyola New Orleans,279,650,74,54,,Indep.,,,,,,,
241427,1965-01-08,,1965,regular,,final,Baylor,Rice,20,241,56,59,,,,,,,,,
241448,1965-01-08,,1965,regular,,final,Penn State (Beaver),Yale,1353,360,80,64,,,Ivy,,,,,,
241481,1965-01-08,,1965,regular,,final,South Carolina,Maryland,266,160,70,75,,ACC,ACC,,,,,,
241527,1965-01-08,,1965,regular,,final,Purdue,Ohio State,236,216,71,64,,Big Ten,Big Ten,,,,,,
241581,1965-01-08,,1965,regular,,final,Temple,Navy,289,187,67,60,,,Indep.,,,,,,
241599,1965-01-08,,1965,regular,,final,Saint Joseph's,Boston College,251,26,93,71,,,Indep.,,,,,,
241640,1965-01-08,,1965,regular,,final,Oklahoma City,West Texas A&M,1476,1440,86,59,,,Indep.,,,,,,
241662,1965-01-08,,1965,regular,,final,Houston,Notre Dame,113,213,80,110,,Indep.,Indep.,,,,,,
241698,1965-01-08,,1965,regular,,final,Cincinnati,Wichita State,51,352,61,65,,MVC,MVC,,,,,,
241719,1965-01-08,,1965,regular,,final,Tulsa,Louisville,304,150,76,62,,MVC,MVC,,,,,,
241739,1965-01-08,,1965,regular,,final,Memphis,Creighton,163,61,72,66,,Indep.,Indep.,,,,,,
241777,1965-01-08,,1965,regular,,final,Utah State,BYU,329,18,90,99,,Indep.,UAC,,,,,,
241800,1965-01-08,,1965,regular,,final,Detroit Mercy,Dayton,69,64,76,74,,Indep.,Indep.,,,,,,
241849,1965-01-08,,1965,regular,,final,Duke,North Carolina,72,200,62,65,,ACC,ACC,,,,,,
241872,1965-01-08,,1965,regular,,final,Clemson,Virginia,52,339,99,72,,ACC,ACC,,,,,,
241890,1965-01-08,,1965,regular,,final,Auburn,Florida,16,87,74,63,,SEC,SEC,,,,,,
241910,1965-01-08,,1965,regular,,final,Furman,Georgia Tech,93,101,85,96,,SoCon,Indep.,,,,,,
241928,1965-01-08,,1965,regular,,final,Mississippi State,Vanderbilt,174,336,70,94,,SEC,SEC,,,,,,
241973,1965-01-08,,1965,regular,,final,LSU,Kentucky,136,135,66,79,,SEC,SEC,,,,,,
241994,1965-01-08,,1965,regular,,final,Stanford,Washington,281,343,80,68,,Pac-12,Pac-12,,,,,,
242017,1965-01-08,,1965,regular,,final,Oregon,USC,223,323,81,74,,Pac-12,Pac-12,,,,,,
242038,1965-01-08,,1965,regular,,final,California,Washington State,40,344,63,46,,Pac-12,Pac-12,,,,,,
242059,1965-01-08,,1965,regular,,final,Michigan State,Iowa,169,124,78,85,,Big Ten,Big Ten,,,,,,
242075,1965-01-08,,1965,regular,,final,Minnesota,Wisconsin,173,355,81,57,,Big Ten,Big Ten,,,,,,
242096,1965-01-08,,1965,regular,,final,Indiana,Northwestern,121,212,86,73,,Big Ten,Big Ten,,,,,,
242120,1965-01-08,,1965,regular,,final,Michigan,Illinois,170,118,89,83,,Big Ten,Big Ten,,,,,,
242139,1965-01-08,,1965,regular,,final,Drake,Saint Louis,70,252,63,66,,MVC,MVC,,,,,,
242170,1965-01-08,,1965,regular,,final,Oklahoma State,Nebraska,218,188,93,54,,,MVC,,,,,,
242201,1965-01-08,,1965,regular,,final,Oklahoma,Iowa State,217,125,72,73,,,,,,,,,
242222,1965-01-08,,1965,regular,,final,Colorado,Kansas State,56,132,80,77,,,,,,,,,
242245,1965-01-08,,1965,regular,,final,Kansas,Missouri,131,177,73,66,,,,,,,,,
240367,1965-01-10,,1965,regular,,final,Auburn,Ole Miss,16,220,67,52,,SEC,SEC,,,,,,
240396,1965-01-10,,1965,regular,,final,Morehead State,Austin Peay,181,17,83,71,,OVC,OVC,,,,,,
240425,1965-01-10,,1965,regular,,final,Eastern Kentucky,Middle Tennessee,78,171,99,69,,OVC,OVC,,,,,,
240497,1965-01-10,,1965,regular,,final,The Citadel,Davidson,299,63,81,100,,SoCon,SoCon,,,,,,
240787,1965-01-10,,1965,regular,,final,West Virginia,Pittsburgh,347,229,86,72,,SoCon,Indep.,,,,,,
240913,1965-01-10,,1965,regular,,final,Georgia,Vanderbilt,98,336,62,75,,SEC,SEC,,,,,,
240979,1965-01-10,,1965,regular,,final,Tennessee Tech,Murray State,291,184,93,91,,OVC,OVC,,,,,,
241099,1965-01-10,,1965,regular,,final,East Tennessee State,Western Kentucky,75,350,69,70,,OVC,OVC,,,,,,
241247,1965-01-10,,1965,regular,,final,William & Mary,Virginia Tech,353,340,75,89,,SoCon,SoCon,,,,,,
241408,1965-01-10,,1965,regular,,final,St. John's,Creighton,279,61,72,66,,Indep.,Indep.,,,,,,
241466,1965-01-10,,1965,regular,,final,Saint Louis,Notre Dame,252,213,75,67,,MVC,Indep.,,,,,,
241641,1965-01-10,,1965,regular,,final,Oklahoma City,Hardin-Simmons,1476,772,89,82,,,,,,,,,
241816,1965-01-10,,1965,regular,,final,North Texas,Louisville,204,150,68,70,,MVC,MVC,,,,,,
241929,1965-01-10,,1965,regular,,final,Alabama,Mississippi State,5,174,95,83,,SEC,SEC,,,,,,
241951,1965-01-10,,1965,regular,,final,LSU,Tennessee,136,292,54,58,,SEC,SEC,,,,,,
241974,1965-01-10,,1965,regular,,final,Tulane,Kentucky,303,135,72,102,,SEC,SEC,,,,,,
242076,1965-01-10,,1965,regular,,final,Wisconsin,Purdue,355,236,76,66,,Big Ten,Big Ten,,,,,,
242097,1965-01-10,,1965,regular,,final,Iowa,Indiana,124,121,76,85,,Big Ten,Big Ten,,,,,,
242171,1965-01-10,,1965,regular,,final,Oklahoma,Nebraska,217,188,89,82,,,MVC,,,,,,
242202,1965-01-10,,1965,regular,,final,Oklahoma State,Iowa State,218,125,67,48,,,,,,,,,
242246,1965-01-10,,1965,regular,,final,Colorado,Kansas,56,131,61,59,,,,,,,,,
240433,1965-01-11,,1965,regular,,final,Iona,Fairfield,123,83,58,63,,Indep.,Indep.,,,,,,
240503,1965-01-11,,1965,regular,,final,New Hampshire,UConn,190,314,62,82,,Indep.,Indep.,,,,,,
240625,1965-01-11,,1965,regular,,final,San Francisco,Portland,259,230,86,59,,WCC,Indep.,,,,,,
240833,1965-01-11,,1965,regular,,final,Texas A&M,TCU,293,287,72,71,,,,,,,,,
240853,1965-01-11,,1965,regular,,final,Texas,Baylor,295,20,95,74,,,,,,,,,
240995,1965-01-11,,1965,regular,,final,Bowling Green,Kent State,28,134,71,65,,MAC,MAC,,,,,,
241143,1965-01-11,,1965,regular,,final,Yale,Brown,360,30,87,55,,Ivy,Ivy,,,,,,
241175,1965-01-11,,1965,regular,,final,Rutgers,Delaware,245,66,91,77,,Indep.,,,,,,,
241268,1965-01-11,,1965,regular,,final,Richmond,VMI,242,334,71,65,,SoCon,SoCon,,,,,,
241361,1965-01-11,,1965,regular,,final,Rhode Island,Boston College,240,26,105,107,,Indep.,Indep.,,,,,,
241428,1965-01-11,,1965,regular,,final,Arkansas,Rice,12,241,79,61,,,,,,,,,
241680,1965-01-11,,1965,regular,,final,Cincinnati,Dayton,51,64,76,65,,MVC,Indep.,,,,,,
241873,1965-01-11,,1965,regular,,final,Duke,Clemson,72,52,106,81,,ACC,ACC,,,,,,
241911,1965-01-11,,1965,regular,,final,Georgia Tech,Wake Forest,101,342,78,97,,Indep.,ACC,,,,,,
240486,1965-01-12,,1965,regular,,final,Xavier,St. Francis (PA),359,278,99,87,,Indep.,Indep.,,,,,,
240533,1965-01-12,,1965,regular,,final,Miami (OH),Ohio,167,215,58,48,,MAC,MAC,,,,,,
240565,1965-01-12,,1965,regular,,final,Georgetown,George Washington,97,96,81,73,,Indep.,SoCon,,,,,,
240607,1965-01-12,,1965,regular,,final,Marshall,Loyola Chicago,158,151,90,98,,MAC,Indep.,,,,,,
240704,1965-01-12,,1965,regular,,final,Maryland,Navy,160,187,77,58,,ACC,Indep.,,,,,,
240772,1965-01-12,,1965,regular,,final,Syracuse,Colgate,286,55,91,52,,Indep.,Indep.,,,,,,
241042,1965-01-12,,1965,regular,,final,Bucknell,Gettysburg,32,1189,70,51,,,,,,,,,
241154,1965-01-12,,1965,regular,,final,Dartmouth,Harvard,62,107,80,96,,Ivy,Ivy,,,,,,
241600,1965-01-12,,1965,regular,,final,Saint Joseph's,Seton Hall,251,263,115,81,,,Indep.,,,,,,
241619,1965-01-12,,1965,regular,,final,La Salle,Duquesne,137,73,83,69,,,Indep.,,,,,,
241720,1965-01-12,,1965,regular,,final,North Texas,Tulsa,204,304,57,63,,MVC,MVC,,,,,,
241832,1965-01-12,,1965,regular,,final,North Carolina,NC State,200,185,62,65,,ACC,ACC,,,,,,
241952,1965-01-12,,1965,regular,,final,LSU,Tulane,136,303,79,67,,SEC,SEC,,,,,,
242077,1965-01-12,,1965,regular,,final,Wisconsin,Marquette,355,157,58,59,,Big Ten,Indep.,,,,,,
242140,1965-01-12,,1965,regular,,final,Creighton,Drake,61,70,67,76,,Indep.,MVC,,,,,,
240440,1965-01-13,,1965,regular,,final,Gonzaga,Montana,102,179,91,79,,Big Sky,Big Sky,,,,,,
240788,1965-01-13,,1965,regular,,final,West Virginia,Davidson,347,63,77,86,,SoCon,SoCon,,,,,,
240893,1965-01-13,,1965,regular,,final,Wake Forest,Maryland,342,160,85,93,,ACC,ACC,,,,,,
241269,1965-01-13,,1965,regular,,final,Virginia Tech,Richmond,340,242,68,58,,SoCon,SoCon,,,,,,
241323,1965-01-13,,1965,regular,,final,Wyoming,Denver,358,68,81,76,,UAC,Indep.,,,,,,
241740,1965-01-13,,1965,regular,,final,Loyola New Orleans,Memphis,650,163,65,71,,,Indep.,,,,,,
241930,1965-01-13,,1965,regular,,final,Mississippi State,Florida,174,87,59,74,,SEC,SEC,,,,,,
240638,1965-01-14,,1965,regular,,final,Idaho State,Colorado State,116,57,57,64,,Big Sky,Indep.,,,,,,
240810,1965-01-14,,1965,regular,,final,Arizona State,Utah,10,331,90,97,,UAC,UAC,,,,,,
240822,1965-01-14,,1965,regular,,final,Columbia,Princeton,58,234,68,78,,Ivy,Ivy,,,,,,
240939,1965-01-14,,1965,regular,,final,USC,Stanford,323,281,75,59,,Pac-12,Pac-12,,,,,,
241010,1965-01-14,,1965,regular,,final,Idaho,Montana State,117,180,79,82,,Big Sky,Big Sky,,,,,,
241155,1965-01-14,,1965,regular,,final,Holy Cross,Dartmouth,111,62,93,74,,Indep.,Ivy,,,,,,
241176,1965-01-14,,1965,regular,,final,Bucknell,Rutgers,32,245,66,70,,,Indep.,,,,,,
241449,1965-01-14,,1965,regular,,final,Cornell,Penn State (Beaver),60,1353,76,65,,Ivy,,,,,,,
241761,1965-01-14,,1965,regular,,final,Seattle U,West Texas A&M,262,1440,103,57,,Indep.,Indep.,,,,,,
241778,1965-01-14,,1965,regular,,final,Arizona,BYU,11,18,75,73,,UAC,UAC,,,,,,
241995,1965-01-14,,1965,regular,,final,Washington,Oregon State,343,224,79,70,,Pac-12,Pac-12,,,,,,
242018,1965-01-14,,1965,regular,,final,Washington State,Oregon,344,223,75,68,,Pac-12,Pac-12,,,,,,
242039,1965-01-14,,1965,regular,,final,UCLA,California,313,40,76,54,,Pac-12,Pac-12,,,,,,
240397,1965-01-15,,1965,regular,,final,Austin Peay,East Tennessee State,17,75,72,70,,OVC,OVC,,,,,,
240441,1965-01-15,,1965,regular,,final,Gonzaga,Montana State,102,180,77,69,,Big Sky,Big Sky,,,,,,
240468,1965-01-15,,1965,regular,,final,Middle Tennessee,Tennessee Tech,171,291,100,109,,OVC,OVC,,,,,,
240504,1965-01-15,,1965,regular,,final,UConn,Rhode Island,314,240,78,68,,Indep.,Indep.,,,,,,
240543,1965-01-15,,1965,regular,,final,Western Michigan,Kent State,351,134,89,73,,MAC,MAC,,,,,,
240555,1965-01-15,,1965,regular,,final,Navy,George Washington,187,96,71,78,,Indep.,SoCon,,,,,,
240571,1965-01-15,,1965,regular,,final,Army,Pittsburgh,15,229,88,63,,Indep.,Indep.,,,,,,
240580,1965-01-15,,1965,regular,,final,Georgetown,Fordham,97,91,69,67,,Indep.,Indep.,,,,,,
240589,1965-01-15,,1965,regular,,final,Canisius,Morehead State,42,181,93,74,,Indep.,OVC,,,,,,
240617,1965-01-15,,1965,regular,,final,Niagara,St. Bonaventure,194,277,66,71,,Indep.,Indep.,,,,,,
240803,1965-01-15,,1965,regular,,final,Detroit Mercy,Marquette,69,157,79,67,,Indep.,Indep.,,,,,,
240814,1965-01-15,,1965,regular,,final,Arizona,Utah,11,331,57,48,,UAC,UAC,,,,,,
240819,1965-01-15,,1965,regular,,final,Cornell,Princeton,60,234,70,69,,Ivy,Ivy,,,,,,
240864,1965-01-15,,1965,regular,,final,Baylor,Arkansas,20,12,84,75,,,,,,,,,
240910,1965-01-15,,1965,regular,,final,Ole Miss,Florida,220,87,39,60,,SEC,SEC,,,,,,
240940,1965-01-15,,1965,regular,,final,UCLA,Stanford,313,281,80,66,,Pac-12,Pac-12,,,,,,
240996,1965-01-15,,1965,regular,,final,Miami (OH),Bowling Green,167,28,74,58,,MAC,MAC,,,,,,
241011,1965-01-15,,1965,regular,,final,Idaho,Montana,117,179,91,68,,Big Sky,Big Sky,,,,,,
241043,1965-01-15,,1965,regular,,final,Delaware,Gettysburg,66,1189,65,79,,,,,,,,,
241081,1965-01-15,,1965,regular,,final,West Virginia,Penn State,347,226,79,80,,SoCon,Indep.,,,,,,
241100,1965-01-15,,1965,regular,,final,Western Kentucky,Eastern Kentucky,350,78,70,95,,OVC,OVC,,,,,,
241115,1965-01-15,,1965,regular,,final,Harvard,Brown,107,30,68,70,,Ivy,Ivy,,,,,,
241156,1965-01-15,,1965,regular,,final,New Hampshire,Dartmouth,190,62,79,85,,Indep.,Ivy,,,,,,
241193,1965-01-15,,1965,regular,,final,Saint Mary's,Pacific,253,225,52,61,,WCC,WCC,,,,,,
241208,1965-01-15,,1965,regular,,final,San Francisco,Santa Clara,259,261,89,77,,WCC,WCC,,,,,,
241228,1965-01-15,,1965,regular,,final,UC Santa Barbara,San José State,311,260,65,72,,WCC,WCC,,,,,,
241270,1965-01-15,,1965,regular,,final,Richmond,William & Mary,242,353,59,61,,SoCon,SoCon,,,,,,
241290,1965-01-15,,1965,regular,,final,Utah State,Colorado State,329,57,78,89,,Indep.,Indep.,,,,,,
241310,1965-01-15,,1965,regular,,final,UTEP,Air Force,327,2,60,57,,Indep.,Indep.,,,,,,
241396,1965-01-15,,1965,regular,,final,New Mexico,Wyoming,191,358,74,81,,UAC,UAC,,,,,,
241409,1965-01-15,,1965,regular,,final,Seton Hall,St. John's,263,279,69,76,,Indep.,Indep.,,,,,,
241429,1965-01-15,,1965,regular,,final,Rice,Texas A&M,241,293,55,93,,,,,,,,,
241450,1965-01-15,,1965,regular,,final,Columbia,Penn State (Beaver),58,1353,62,73,,Ivy,,,,,,,
241467,1965-01-15,,1965,regular,,final,Notre Dame,Butler,213,34,94,57,,Indep.,,,,,,,
241535,1965-01-15,,1965,regular,,final,Northwestern,Michigan,212,170,68,90,,Big Ten,Big Ten,,,,,,
241550,1965-01-15,,1965,regular,,final,Virginia,North Carolina,339,200,80,87,,ACC,ACC,,,,,,
241567,1965-01-15,,1965,regular,,final,Washington State,Oregon State,344,224,64,53,,Pac-12,Pac-12,,,,,,
241601,1965-01-15,,1965,regular,,final,Saint Joseph's,Lafayette,251,138,82,68,,,,,,,,,
241620,1965-01-15,,1965,regular,,final,Syracuse,La Salle,286,137,104,81,,Indep.,,,,,,,
241642,1965-01-15,,1965,regular,,final,Denver,Oklahoma City,68,1476,94,76,,Indep.,,,,,,,
241663,1965-01-15,,1965,regular,,final,Houston,North Texas,113,204,117,83,,Indep.,MVC,,,,,,
241681,1965-01-15,,1965,regular,,final,Cincinnati,Bradley,51,29,80,104,,MVC,MVC,,,,,,
241699,1965-01-15,,1965,regular,,final,Wichita State,Saint Louis,352,252,75,64,,MVC,MVC,,,,,,
241741,1965-01-15,,1965,regular,,final,Florida State,Memphis,90,163,74,61,,Indep.,Indep.,,,,,,
241762,1965-01-15,,1965,regular,,final,Seattle U,West Texas A&M,262,1440,90,70,,Indep.,Indep.,,,,,,
241779,1965-01-15,,1965,regular,,final,Arizona State,BYU,10,18,102,111,,UAC,UAC,,,,,,
241801,1965-01-15,,1965,regular,,final,Dayton,DePaul,64,65,59,63,,Indep.,Indep.,,,,,,
241833,1965-01-15,,1965,regular,,final,NC State,Maryland,185,160,73,67,,ACC,ACC,,,,,,
241850,1965-01-15,,1965,regular,,final,Duke,Wake Forest,72,342,105,77,,ACC,ACC,,,,,,
241912,1965-01-15,,1965,regular,,final,Louisville,Georgia Tech,150,101,63,66,,MVC,Indep.,,,,,,
241931,1965-01-15,,1965,regular,,final,Mississippi State,Georgia,174,98,79,74,,SEC,SEC,,,,,,
241975,1965-01-15,,1965,regular,,final,Tennessee,Kentucky,292,135,77,58,,SEC,SEC,,,,,,
242019,1965-01-15,,1965,regular,,final,Washington,Oregon,343,223,58,65,,Pac-12,Pac-12,,,,,,
242040,1965-01-15,,1965,regular,,final,USC,California,323,40,75,55,,Pac-12,Pac-12,,,,,,
242060,1965-01-15,,1965,regular,,final,Iowa,Michigan State,124,169,111,68,,Big Ten,Big Ten,,,,,,
242098,1965-01-15,,1965,regular,,final,Ohio State,Indiana,216,121,72,84,,Big Ten,Big Ten,,,,,,
242121,1965-01-15,,1965,regular,,final,Illinois,Minnesota,118,173,75,72,,Big Ten,Big Ten,,,,,,
242184,1965-01-15,,1965,regular,,final,Missouri,Kansas State,177,132,80,68,,,,,,,,,
242247,1965-01-15,,1965,regular,,final,Iowa State,Kansas,125,131,60,72,,,,,,,,,
240398,1965-01-17,,1965,regular,,final,Austin Peay,Tennessee Tech,17,291,83,85,,OVC,OVC,,,,,,
240678,1965-01-17,,1965,regular,,final,Butler,Bradley,34,29,80,74,,,MVC,,,,,,
240919,1965-01-17,,1965,regular,,final,Georgia,Tennessee,98,292,57,76,,SEC,SEC,,,,,,
240980,1965-01-17,,1965,regular,,final,Murray State,Eastern Kentucky,184,78,86,84,,OVC,OVC,,,,,,
241012,1965-01-17,,1965,regular,,final,Idaho,Oregon State,117,224,48,60,,Big Sky,Pac-12,,,,,,
241101,1965-01-17,,1965,regular,,final,Western Kentucky,Morehead State,350,181,93,65,,OVC,OVC,,,,,,
241514,1965-01-17,,1965,regular,,final,New Mexico State,Air Force,192,2,59,77,,Indep.,Indep.,,,,,,
241664,1965-01-17,,1965,regular,,final,Houston,TCU,113,287,108,87,,Indep.,,,,,,,
241913,1965-01-17,,1965,regular,,final,Georgia Tech,VMI,101,334,82,71,,Indep.,SoCon,,,,,,
241976,1965-01-17,,1965,regular,,final,Kentucky,Auburn,135,16,73,67,,SEC,SEC,,,,,,
242099,1965-01-17,,1965,regular,,final,Indiana,Iowa,121,124,68,74,,Big Ten,Big Ten,,,,,,
242203,1965-01-17,,1965,regular,,final,Nebraska,Iowa State,188,125,88,77,,MVC,,,,,,,
240600,1965-01-18,,1965,regular,,final,Colgate,Cornell,55,60,83,92,,Indep.,Ivy,,,,,,
241157,1965-01-18,,1965,regular,,final,Harvard,Dartmouth,107,62,91,79,,Ivy,Ivy,,,,,,
241345,1965-01-18,,1965,regular,,final,Duquesne,DePaul,73,65,73,69,,Indep.,Indep.,,,,,,
241468,1965-01-18,,1965,regular,,final,Purdue,Notre Dame,236,213,78,74,,Big Ten,Indep.,,,,,,
241682,1965-01-18,,1965,regular,,final,Louisville,Cincinnati,150,51,82,80,,MVC,MVC,,,,,,
241914,1965-01-19,,1965,regular,,final,Florida State,Georgia Tech,90,101,72,65,,Indep.,Indep.,,,,,,
242248,1965-01-19,,1965,regular,,final,Kansas State,Kansas,132,131,71,63,,,,,,,,,
240674,1965-01-20,,1965,regular,,final,Florida,Miami,87,168,86,69,,SEC,Indep.,,,,,,
240981,1965-01-20,,1965,regular,,final,Murray State,Austin Peay,184,17,97,75,,OVC,OVC,,,,,,
241291,1965-01-20,,1965,regular,,final,UTEP,Utah State,327,329,68,62,,Indep.,Indep.,,,,,,
240454,1965-01-21,,1965,regular,,final,Montana State,Idaho State,180,116,77,67,,Big Sky,Big Sky,,,,,,
240472,1965-01-21,,1965,regular,,final,Montana,Weber State,179,345,75,74,,Big Sky,Big Sky,,,,,,
241324,1965-01-21,,1965,regular,,final,Denver,Wyoming,68,358,92,105,,Indep.,UAC,,,,,,
241763,1965-01-21,,1965,regular,,final,Seattle U,Idaho,262,117,89,72,,Indep.,Big Sky,,,,,,
241996,1965-01-21,,1965,regular,,final,Washington State,Washington,344,343,56,53,,Pac-12,Pac-12,,,,,,
240399,1965-01-22,,1965,regular,,final,Middle Tennessee,Austin Peay,171,17,125,95,,OVC,OVC,,,,,,
240455,1965-01-22,,1965,regular,,final,Montana,Idaho State,179,116,66,71,,Big Sky,Big Sky,,,,,,
240462,1965-01-22,,1965,regular,,final,Navy,Manhattan,187,155,75,70,,Indep.,Indep.,,,,,,
240464,1965-01-22,,1965,regular,,final,Marshall,Morehead State,158,181,82,84,,MAC,OVC,,,,,,
240475,1965-01-22,,1965,regular,,final,Montana State,Weber State,180,345,72,83,,Big Sky,Big Sky,,,,,,
240484,1965-01-22,,1965,regular,,final,Rhode Island,Vermont,240,337,93,60,,Indep.,Indep.,,,,,,
240528,1965-01-22,,1965,regular,,final,Ohio,Western Michigan,215,351,89,76,,MAC,MAC,,,,,,
240544,1965-01-22,,1965,regular,,final,Miami (OH),Kent State,167,134,87,55,,MAC,MAC,,,,,,
240558,1965-01-22,,1965,regular,,final,Colgate,Lafayette,55,138,92,76,,Indep.,,,,,,,
240642,1965-01-22,,1965,regular,,final,West Texas A&M,UTEP,1440,327,56,54,,Indep.,Indep.,,,,,,
240762,1965-01-22,,1965,regular,,final,Villanova,Detroit Mercy,338,69,72,70,,Indep.,Indep.,,,,,,
240997,1965-01-22,,1965,regular,,final,DePaul,Bowling Green,65,28,94,64,,Indep.,MAC,,,,,,
241082,1965-01-22,,1965,regular,,final,Penn State,Pittsburgh,226,229,59,40,,Indep.,Indep.,,,,,,
241248,1965-01-22,,1965,regular,,final,Virginia Tech,East Carolina,340,74,89,63,,SoCon,,,,,,,
241292,1965-01-22,,1965,regular,,final,Arizona State,Utah State,10,329,99,93,,UAC,Indep.,,,,,,
241325,1965-01-22,,1965,regular,,final,Wyoming,Colorado State,358,57,77,68,,UAC,Indep.,,,,,,
241346,1965-01-22,,1965,regular,,final,Xavier,Duquesne,359,73,96,90,,Indep.,Indep.,,,,,,
241378,1965-01-22,,1965,regular,,final,Providence,Seton Hall,235,263,88,81,,Indep.,Indep.,,,,,,
241410,1965-01-22,,1965,regular,,final,St. John's,St. Francis Brooklyn,279,364,75,61,,Indep.,Indep.,,,,,,
241469,1965-01-22,,1965,regular,,final,Notre Dame,Toledo,213,300,113,65,,Indep.,MAC,,,,,,
241528,1965-01-22,,1965,regular,,final,Minnesota,Ohio State,173,216,97,77,,Big Ten,Big Ten,,,,,,
241536,1965-01-22,,1965,regular,,final,Michigan,Purdue,170,236,103,84,,Big Ten,Big Ten,,,,,,
241583,1965-01-22,,1965,regular,,final,Fordham,Temple,91,289,57,51,,Indep.,,,,,,,
241643,1965-01-22,,1965,regular,,final,Air Force,Oklahoma City,2,1476,86,74,,Indep.,,,,,,,
241721,1965-01-22,,1965,regular,,final,Tulsa,Loyola Marymount,304,153,70,59,,MVC,WCC,,,,,,
241780,1965-01-22,,1965,regular,,final,BYU,Utah,18,331,98,67,,UAC,UAC,,,,,,
241817,1965-01-22,,1965,regular,,final,Dayton,Louisville,64,150,83,78,,Indep.,MVC,,,,,,
241892,1965-01-22,,1965,regular,,final,Auburn,Georgia,16,98,95,65,,SEC,SEC,,,,,,
241915,1965-01-22,,1965,regular,,final,Tennessee,Georgia Tech,292,101,55,48,,SEC,Indep.,,,,,,
241932,1965-01-22,,1965,regular,,final,Mississippi State,Ole Miss,174,220,101,72,,SEC,SEC,,,,,,
241977,1965-01-22,,1965,regular,,final,Florida,Kentucky,87,135,84,68,,SEC,SEC,,,,,,
241997,1965-01-22,,1965,regular,,final,Washington,Idaho,343,117,90,76,,Pac-12,Big Sky,,,,,,
242020,1965-01-22,,1965,regular,,final,Washington State,Oregon,344,223,69,74,,Pac-12,Pac-12,,,,,,
242061,1965-01-22,,1965,regular,,final,Michigan State,Northwestern,169,212,75,76,,Big Ten,Big Ten,,,,,,
242141,1965-01-22,,1965,regular,,final,Drake,Cincinnati,70,51,89,80,,MVC,MVC,,,,,,
242172,1965-01-22,,1965,regular,,final,Nebraska,Oklahoma State,188,218,53,55,,MVC,,,,,,,
242249,1965-01-22,,1965,regular,,final,Kansas,Iowa State,131,125,58,64,,,,,,,,,
240371,1965-01-24,,1965,regular,,final,Middle Tennessee,East Tennessee State,171,75,100,99,,OVC,OVC,,,,,,
240686,1965-01-24,,1965,regular,,final,Detroit Mercy,Xavier,69,359,108,92,,Indep.,Indep.,,,,,,
240906,1965-01-24,,1965,regular,,final,Purdue,Minnesota,236,173,81,85,,Big Ten,Big Ten,,,,,,
240911,1965-01-24,,1965,regular,,final,Ole Miss,Vanderbilt,220,336,70,84,,SEC,SEC,,,,,,
240927,1965-01-24,,1965,regular,,final,Alabama,Florida,5,87,51,67,,SEC,SEC,,,,,,
241644,1965-01-24,,1965,regular,,final,West Texas A&M,Oklahoma City,1440,1476,68,86,,Indep.,,,,,,,
241802,1965-01-24,,1965,regular,,final,Dayton,Loyola Marymount,64,153,89,71,,Indep.,WCC,,,,,,
241834,1965-01-24,,1965,regular,,final,NC State,Centenary (LA),185,367,79,64,,ACC,Indep.,,,,,,
241893,1965-01-24,,1965,regular,,final,Florida State,Auburn,90,16,58,55,,Indep.,SEC,,,,,,
241933,1965-01-24,,1965,regular,,final,Georgia Tech,Mississippi State,101,174,75,73,,Indep.,SEC,,,,,,
241978,1965-01-24,,1965,regular,,final,Georgia,Kentucky,98,135,82,102,,SEC,SEC,,,,,,
242204,1965-01-24,,1965,regular,,final,Iowa State,Oklahoma,125,217,87,81,,,,,,,,,
240619,1965-01-25,,1965,regular,,final,Fairfield,St. Bonaventure,83,277,68,88,,Indep.,Indep.,,,,,,
240789,1965-01-25,,1965,regular,,final,Pittsburgh,West Virginia,229,347,75,76,,Indep.,SoCon,,,,,,
240838,1965-01-25,,1965,regular,,final,Texas Tech,SMU,298,248,107,89,,,,,,,,,
241158,1965-01-25,,1965,regular,,final,Boston University,Dartmouth,27,62,67,65,,Indep.,Ivy,,,,,,
241379,1965-01-25,,1965,regular,,final,Rhode Island,Providence,240,235,56,73,,Indep.,Indep.,,,,,,
241482,1965-01-25,,1965,regular,,final,Furman,South Carolina,93,266,81,66,,SoCon,ACC,,,,,,
241621,1965-01-25,,1965,regular,,final,Lafayette,La Salle,138,137,73,91,,,,,,,,,
242062,1965-01-25,,1965,regular,,final,Michigan State,Michigan,169,170,98,103,,Big Ten,Big Ten,,,,,,
240490,1965-01-26,,1965,regular,,final,Xavier,Loyola Marymount,359,153,72,63,,Indep.,WCC,,,,,,
240510,1965-01-26,,1965,regular,,final,St. Francis Brooklyn,Manhattan,364,155,67,74,,Indep.,Indep.,,,,,,
240545,1965-01-26,,1965,regular,,final,Kent State,Marshall,134,158,91,89,,MAC,MAC,,,,,,
240928,1965-01-26,,1965,regular,,final,Georgia,Alabama,98,5,67,72,,SEC,SEC,,,,,,
241013,1965-01-26,,1965,regular,,final,Montana State,Idaho,180,117,84,64,,Big Sky,Big Sky,,,,,,
241032,1965-01-26,,1965,regular,,final,Seton Hall,Colgate,263,55,85,80,,Indep.,Indep.,,,,,,
241584,1965-01-26,,1965,regular,,final,Temple,UConn,289,314,60,71,,,Indep.,,,,,,
241603,1965-01-26,,1965,regular,,final,Saint Joseph's,Centenary (LA),251,367,117,90,,,Indep.,,,,,,
241803,1965-01-26,,1965,regular,,final,Dayton,Canisius,64,42,88,72,,Indep.,Indep.,,,,,,
240632,1965-01-27,,1965,regular,,final,Arizona,San Francisco,11,259,71,56,,UAC,WCC,,,,,,
240653,1965-01-27,,1965,regular,,final,Stanford,UC Santa Barbara,281,311,87,57,,Pac-12,WCC,,,,,,
241071,1965-01-27,,1965,regular,,final,Davidson,East Carolina,63,74,82,68,,SoCon,,,,,,,
241249,1965-01-27,,1965,regular,,final,Virginia Tech,Furman,340,93,104,81,,SoCon,SoCon,,,,,,
241380,1965-01-27,,1965,regular,,final,Providence,St. Bonaventure,235,277,77,76,,Indep.,Indep.,,,,,,
241397,1965-01-27,,1965,regular,,final,UTEP,New Mexico,327,191,58,69,,Indep.,UAC,,,,,,
241483,1965-01-27,,1965,regular,,final,South Carolina,Richmond,266,242,73,60,,ACC,SoCon,,,,,,
241665,1965-01-27,,1965,regular,,final,Houston,Baylor,113,20,80,78,,Indep.,,,,,,,
241764,1965-01-27,,1965,regular,,final,Portland,Seattle U,230,262,70,78,,Indep.,Indep.,,,,,,
242142,1965-01-27,,1965,regular,,final,Drake,Tulsa,70,304,60,58,,MVC,MVC,,,,,,
242223,1965-01-27,,1965,regular,,final,Oklahoma State,Colorado,218,56,59,55,,,,,,,,,
240998,1965-01-28,,1965,regular,,final,Syracuse,Bowling Green,286,28,80,79,,Indep.,MAC,,,,,,
241128,1965-01-28,,1965,regular,,final,Massachusetts,Pittsburgh,161,229,74,89,,,Indep.,,,,,,
241302,1965-01-28,,1965,regular,,final,Denver,USC,68,323,79,78,,Indep.,Pac-12,,,,,,
241326,1965-01-28,,1965,regular,,final,Wyoming,San José State,358,260,92,70,,UAC,WCC,,,,,,
241362,1965-01-28,,1965,regular,,final,Fairfield,Boston College,83,26,88,96,,Indep.,Indep.,,,,,,
241491,1965-01-28,,1965,regular,,final,New York University,Iona,392,123,62,60,,Indep.,Indep.,,,,,,
241502,1965-01-28,,1965,regular,,final,UCLA,Iowa,313,124,82,87,,Pac-12,Big Ten,,,,,,
241622,1965-01-28,,1965,regular,,final,Loyola New Orleans,La Salle,650,137,69,72,,,,,,,,,
241700,1965-01-28,,1965,regular,,final,Loyola Chicago,Wichita State,151,352,93,92,,Indep.,MVC,,,,,,
241781,1965-01-28,,1965,regular,,final,Air Force,BYU,2,18,77,110,,Indep.,UAC,,,,,,
241916,1965-01-28,,1965,regular,,final,Georgia Tech,Arkansas,101,12,93,83,,Indep.,,,,,,,
242021,1965-01-28,,1965,regular,,final,Oregon,Oregon State,223,224,59,53,,Pac-12,Pac-12,,,,,,
240406,1965-01-29,,1965,regular,,final,Rhode Island,Bucknell,240,32,74,69,,Indep.,,,,,,,
240426,1965-01-29,,1965,regular,,final,East Tennessee State,Eastern Kentucky,75,78,81,93,,OVC,OVC,,,,,,
240435,1965-01-29,,1965,regular,,final,VMI,Furman,334,93,98,83,,SoCon,SoCon,,,,,,
240442,1965-01-29,,1965,regular,,final,Montana,Gonzaga,179,102,83,82,,Big Sky,Big Sky,,,,,,
240477,1965-01-29,,1965,regular,,final,Tennessee Tech,Morehead State,291,181,90,77,,OVC,OVC,,,,,,
240491,1965-01-29,,1965,regular,,final,Pepperdine,Loyola Marymount,228,153,79,89,,WCC,WCC,,,,,,
240505,1965-01-29,,1965,regular,,final,Vermont,UConn,337,314,60,107,,Indep.,Indep.,,,,,,
240523,1965-01-29,,1965,regular,,final,Marshall,Western Michigan,158,351,110,99,,MAC,MAC,,,,,,
240546,1965-01-29,,1965,regular,,final,Kent State,Ohio,134,215,70,72,,MAC,MAC,,,,,,
240581,1965-01-29,,1965,regular,,final,Fordham,Army,91,15,60,53,,Indep.,Indep.,,,,,,
240635,1965-01-29,,1965,regular,,final,Arizona State,San Francisco,10,259,75,91,,UAC,WCC,,,,,,
240654,1965-01-29,,1965,regular,,final,UC Santa Barbara,Stanford,311,281,85,84,,WCC,Pac-12,,,,,,
240658,1965-01-29,,1965,regular,,final,Loyola Chicago,UCLA,151,313,72,85,,Indep.,Pac-12,,,,,,
240661,1965-01-29,,1965,regular,,final,Colorado State,USC,57,323,65,80,,Indep.,Pac-12,,,,,,
240670,1965-01-29,,1965,regular,,final,Florida State,Alabama,90,5,66,75,,Indep.,SEC,,,,,,
240755,1965-01-29,,1965,regular,,final,DePaul,Niagara,65,194,97,59,,Indep.,Indep.,,,,,,
240834,1965-01-29,,1965,regular,,final,TCU,Texas Tech,287,298,94,108,,,,,,,,,
240839,1965-01-29,,1965,regular,,final,SMU,Texas,248,295,79,89,,,,,,,,,
240920,1965-01-29,,1965,regular,,final,Tennessee,Georgia,292,98,83,49,,SEC,SEC,,,,,,
240955,1965-01-29,,1965,regular,,final,Ole Miss,Tulane,220,303,62,60,,SEC,SEC,,,,,,
240982,1965-01-29,,1965,regular,,final,Murray State,Centenary (LA),184,367,93,76,,OVC,Indep.,,,,,,
240999,1965-01-29,,1965,regular,,final,Canisius,Bowling Green,42,28,63,74,,Indep.,MAC,,,,,,
241057,1965-01-29,,1965,regular,,final,Detroit Mercy,Toledo,69,300,97,66,,Indep.,MAC,,,,,,
241083,1965-01-29,,1965,regular,,final,Penn State,Colgate,226,55,95,65,,Indep.,Indep.,,,,,,
241102,1965-01-29,,1965,regular,,final,Western Kentucky,Middle Tennessee,350,171,134,84,,OVC,OVC,,,,,,
241159,1965-01-29,,1965,regular,,final,Dartmouth,Pittsburgh,62,229,80,70,,Ivy,Indep.,,,,,,
241177,1965-01-29,,1965,regular,,final,Lafayette,Rutgers,138,245,72,90,,,Indep.,,,,,,
241250,1965-01-29,,1965,regular,,final,Virginia Tech,West Virginia,340,347,82,74,,SoCon,SoCon,,,,,,
241271,1965-01-29,,1965,regular,,final,The Citadel,Richmond,299,242,81,83,,SoCon,SoCon,,,,,,
241293,1965-01-29,,1965,regular,,final,Utah State,Utah,329,331,104,111,,Indep.,UAC,,,,,,
241327,1965-01-29,,1965,regular,,final,Air Force,Wyoming,2,358,62,75,,Indep.,UAC,,,,,,
241363,1965-01-29,,1965,regular,,final,Seton Hall,Boston College,263,26,73,78,,Indep.,Indep.,,,,,,
241411,1965-01-29,,1965,regular,,final,Marquette,St. John's,157,279,78,50,,Indep.,Indep.,,,,,,
241452,1965-01-29,,1965,regular,,final,Penn State (Beaver),Princeton,1353,234,72,83,,,Ivy,,,,,,
241515,1965-01-29,,1965,regular,,final,New Mexico State,New Mexico,192,191,37,62,,Indep.,UAC,,,,,,
241537,1965-01-29,,1965,regular,,final,Purdue,Michigan,236,170,81,98,,Big Ten,Big Ten,,,,,,
241551,1965-01-29,,1965,regular,,final,North Carolina,Maryland,200,160,80,91,,ACC,ACC,,,,,,
241585,1965-01-29,,1965,regular,,final,Temple,New York University,289,392,77,68,,,Indep.,,,,,,
241604,1965-01-29,,1965,regular,,final,Xavier,Saint Joseph's,359,251,78,93,,Indep.,,,,,,,
241645,1965-01-29,,1965,regular,,final,Miami,Oklahoma City,168,1476,115,92,,Indep.,,,,,,,
241666,1965-01-29,,1965,regular,,final,Houston,Texas A&M,113,293,79,74,,Indep.,,,,,,,
241683,1965-01-29,,1965,regular,,final,Cincinnati,Saint Louis,51,252,67,66,,MVC,MVC,,,,,,
241701,1965-01-29,,1965,regular,,final,Wichita State,Louisville,352,150,96,76,,MVC,MVC,,,,,,
241722,1965-01-29,,1965,regular,,final,Bradley,Tulsa,29,304,74,58,,MVC,MVC,,,,,,
241742,1965-01-29,,1965,regular,,final,Arizona,Memphis,11,163,99,64,,UAC,Indep.,,,,,,
241782,1965-01-29,,1965,regular,,final,Denver,BYU,68,18,85,96,,Indep.,UAC,,,,,,
241804,1965-01-29,,1965,regular,,final,Dayton,Miami (OH),64,167,54,52,,Indep.,MAC,,,,,,
241835,1965-01-29,,1965,regular,,final,NC State,Virginia,185,339,92,69,,ACC,ACC,,,,,,
241874,1965-01-29,,1965,regular,,final,Clemson,South Carolina,52,266,94,87,,ACC,ACC,,,,,,
241894,1965-01-29,,1965,regular,,final,Vanderbilt,Auburn,336,16,105,77,,SEC,SEC,,,,,,
241953,1965-01-29,,1965,regular,,final,Mississippi State,LSU,174,136,76,74,,SEC,SEC,,,,,,
241979,1965-01-29,,1965,regular,,final,Kentucky,Florida,135,87,78,61,,SEC,SEC,,,,,,
242022,1965-01-29,,1965,regular,,final,Oregon State,Oregon,224,223,53,48,,Pac-12,Pac-12,,,,,,
242041,1965-01-29,,1965,regular,,final,Santa Clara,California,261,40,60,80,,WCC,Pac-12,,,,,,
242063,1965-01-29,,1965,regular,,final,Northwestern,Michigan State,212,169,77,75,,Big Ten,Big Ten,,,,,,
242078,1965-01-29,,1965,regular,,final,Ohio State,Wisconsin,216,355,98,86,,Big Ten,Big Ten,,,,,,
242143,1965-01-29,,1965,regular,,final,Drake,North Texas,70,204,88,71,,MVC,MVC,,,,,,
242185,1965-01-29,,1965,regular,,final,Oklahoma State,Missouri,218,177,63,55,,,,,,,,,
242205,1965-01-29,,1965,regular,,final,Iowa State,Kansas State,125,132,91,76,,,,,,,,,
242224,1965-01-29,,1965,regular,,final,Oklahoma,Colorado,217,56,70,71,,,,,,,,,
241347,1965-01-30,,1965,regular,,final,Duquesne,Villanova,73,338,55,71,,Indep.,Indep.,,,,,,
240385,1965-01-31,,1965,regular,,final,Morehead State,East Tennessee State,181,75,80,91,,OVC,OVC,,,,,,
240427,1965-01-31,,1965,regular,,final,Eastern Kentucky,Tennessee Tech,78,291,108,90,,OVC,OVC,,,,,,
240518,1965-01-31,,1965,regular,,final,Furman,William & Mary,93,353,64,68,,SoCon,SoCon,,,,,,
240679,1965-01-31,,1965,regular,,final,Arizona State,Bradley,10,29,92,81,,UAC,MVC,,,,,,
240790,1965-01-31,,1965,regular,,final,West Virginia,George Washington,347,96,111,90,,SoCon,SoCon,,,,,,
240840,1965-01-31,,1965,regular,,final,SMU,TCU,248,287,110,94,,,,,,,,,
240921,1965-01-31,,1965,regular,,final,Tennessee,Florida,292,87,75,43,,SEC,SEC,,,,,,
241103,1965-01-31,,1965,regular,,final,Austin Peay,Western Kentucky,17,350,74,78,,OVC,OVC,,,,,,
241412,1965-01-31,,1965,regular,,final,Loyola Chicago,St. John's,151,279,87,92,,Indep.,Indep.,,,,,,
241646,1965-01-31,,1965,regular,,final,Loyola New Orleans,Oklahoma City,650,1476,88,91,,,,,,,,,
241723,1965-01-31,,1965,regular,,final,Tulsa,San Francisco,304,259,59,53,,MVC,WCC,,,,,,
241743,1965-01-31,,1965,regular,,final,Pepperdine,Memphis,228,163,90,116,,WCC,Indep.,,,,,,
241765,1965-01-31,,1965,regular,,final,Seattle U,Montana State,262,180,101,83,,Indep.,Big Sky,,,,,,
241851,1965-01-31,,1965,regular,,final,Duke,Maryland,72,160,82,64,,ACC,ACC,,,,,,
241875,1965-01-31,,1965,regular,,final,Wake Forest,Clemson,342,52,82,75,,ACC,ACC,,,,,,
241935,1965-01-31,,1965,regular,,final,Mississippi State,Tulane,174,303,70,73,,SEC,SEC,,,,,,
241954,1965-01-31,,1965,regular,,final,Ole Miss,LSU,220,136,56,58,,SEC,SEC,,,,,,
241980,1965-01-31,,1965,regular,,final,Kentucky,Georgia,135,98,96,64,,SEC,SEC,,,,,,
242079,1965-01-31,,1965,regular,,final,Notre Dame,Wisconsin,213,355,90,98,,Indep.,Big Ten,,,,,,
242144,1965-01-31,,1965,regular,,final,Drake,Creighton,70,61,76,67,,MVC,Indep.,,,,,,
242186,1965-01-31,,1965,regular,,final,Oklahoma,Missouri,217,177,87,74,,,,,,,,,
240465,1965-02-01,,1965,regular,,final,Morehead State,Marshall,181,158,103,94,,OVC,MAC,,,,,,
240498,1965-02-01,,1965,regular,,final,VMI,Davidson,334,63,78,84,,SoCon,SoCon,,,,,,
240534,1965-02-01,,1965,regular,,final,Miami,Miami (OH),168,167,100,85,,Indep.,MAC,,,,,,
240773,1965-02-01,,1965,regular,,final,Syracuse,Niagara,286,194,83,76,,Indep.,Indep.,,,,,,
240854,1965-02-01,,1965,regular,,final,Texas Tech,Baylor,298,20,74,77,,,,,,,,,
240881,1965-02-01,,1965,regular,,final,Portland,Saint Mary's,230,253,69,55,,Indep.,WCC,,,,,,
240901,1965-02-01,,1965,regular,,final,Minnesota,Northwestern,173,212,70,66,,Big Ten,Big Ten,,,,,,
240983,1965-02-01,,1965,regular,,final,Middle Tennessee,Murray State,171,184,76,90,,OVC,OVC,,,,,,
241160,1965-02-01,,1965,regular,,final,Dartmouth,Holy Cross,62,111,71,81,,Ivy,Indep.,,,,,,
241272,1965-02-01,,1965,regular,,final,Richmond,Virginia Tech,242,340,74,94,,SoCon,SoCon,,,,,,
241348,1965-02-01,,1965,regular,,final,Duquesne,Kent State,73,134,81,59,,Indep.,MAC,,,,,,
241364,1965-02-01,,1965,regular,,final,Massachusetts,Boston College,161,26,97,109,,,Indep.,,,,,,
241430,1965-02-01,,1965,regular,,final,Texas,Rice,295,241,76,63,,,,,,,,,
241744,1965-02-01,,1965,regular,,final,Santa Clara,Memphis,261,163,92,79,,WCC,Indep.,,,,,,
240519,1965-02-02,,1965,regular,,final,The Citadel,William & Mary,299,353,70,79,,SoCon,SoCon,,,,,,
240559,1965-02-02,,1965,regular,,final,Lehigh,Lafayette,141,138,39,59,,,,,,,,,
240582,1965-02-02,,1965,regular,,final,Fordham,Iona,91,123,74,56,,Indep.,Indep.,,,,,,
240680,1965-02-02,,1965,regular,,final,Arizona,Bradley,11,29,85,83,,UAC,MVC,,,,,,
240687,1965-02-02,,1965,regular,,final,Western Michigan,Detroit Mercy,351,69,87,96,,MAC,Indep.,,,,,,
240763,1965-02-02,,1965,regular,,final,Villanova,Canisius,338,42,89,78,,Indep.,Indep.,,,,,,
240812,1965-02-02,,1965,regular,,final,UTEP,Arizona State,327,10,73,60,,Indep.,UAC,,,,,,
240865,1965-02-02,,1965,regular,,final,Arkansas,Texas A&M,12,293,79,82,,,,,,,,,
241033,1965-02-02,,1965,regular,,final,St. Francis Brooklyn,Seton Hall,364,263,61,59,,Indep.,Indep.,,,,,,
241058,1965-02-02,,1965,regular,,final,Toledo,Bowling Green,300,28,91,86,,MAC,MAC,,,,,,
241084,1965-02-02,,1965,regular,,final,West Virginia,Penn State,347,226,72,89,,SoCon,Indep.,,,,,,
241178,1965-02-02,,1965,regular,,final,UConn,Rutgers,314,245,103,73,,Indep.,Indep.,,,,,,
241484,1965-02-02,,1965,regular,,final,South Carolina,Wake Forest,266,342,77,70,,ACC,ACC,,,,,,
241586,1965-02-02,,1965,regular,,final,Temple,Virginia,289,339,84,59,,,ACC,,,,,,
241605,1965-02-02,,1965,regular,,final,Georgetown,Saint Joseph's,97,251,72,80,,Indep.,,,,,,,
241805,1965-02-02,,1965,regular,,final,Dayton,Xavier,64,359,112,81,,Indep.,Indep.,,,,,,
241852,1965-02-02,,1965,regular,,final,NC State,Duke,185,72,74,84,,ACC,ACC,,,,,,
241917,1965-02-02,,1965,regular,,final,Georgia Tech,Clemson,101,52,93,78,,Indep.,ACC,,,,,,
242206,1965-02-02,,1965,regular,,final,Drake,Iowa State,70,125,66,52,,MVC,,,,,,,
240648,1965-02-03,,1965,regular,,final,Utah,Montana,331,179,109,92,,UAC,Big Sky,,,,,,
240774,1965-02-03,,1965,regular,,final,Manhattan,Syracuse,155,286,94,80,,Indep.,Indep.,,,,,,
241251,1965-02-03,,1965,regular,,final,Furman,Virginia Tech,93,340,82,102,,SoCon,SoCon,,,,,,
241381,1965-02-03,,1965,regular,,final,Providence,DePaul,235,65,72,70,,Indep.,Indep.,,,,,,
241485,1965-02-03,,1965,regular,,final,Richmond,South Carolina,242,266,76,58,,SoCon,ACC,,,,,,
241492,1965-02-03,,1965,regular,,final,New York University,Boston University,392,27,99,69,,Indep.,Indep.,,,,,,
241647,1965-02-03,,1965,regular,,final,Oklahoma City,Saint Louis,1476,252,75,77,,,MVC,,,,,,
241684,1965-02-03,,1965,regular,,final,Cincinnati,North Texas,51,204,80,53,,MVC,MVC,,,,,,
241724,1965-02-03,,1965,regular,,final,Louisville,Tulsa,150,304,73,67,,MVC,MVC,,,,,,
241783,1965-02-03,,1965,regular,,final,BYU,Marquette,18,157,91,64,,UAC,Indep.,,,,,,
242100,1965-02-03,,1965,regular,,final,Indiana,Loyola Chicago,121,151,109,82,,Big Ten,Indep.,,,,,,
240415,1965-02-04,,1965,regular,,final,The Citadel,VMI,299,334,84,72,,SoCon,SoCon,,,,,,
240421,1965-02-04,,1965,regular,,final,Pepperdine,UC Santa Barbara,228,311,65,75,,WCC,WCC,,,,,,
240556,1965-02-04,,1965,regular,,final,Davidson,George Washington,63,96,119,83,,SoCon,SoCon,,,,,,
240826,1965-02-04,,1965,regular,,final,Brown,Princeton,30,234,49,69,,Ivy,Ivy,,,,,,
241044,1965-02-04,,1965,regular,,final,Gettysburg,Navy,1189,187,49,74,,,Indep.,,,,,,
241116,1965-02-04,,1965,regular,,final,Columbia,Harvard,58,107,86,77,,Ivy,Ivy,,,,,,
241161,1965-02-04,,1965,regular,,final,Cornell,Dartmouth,60,62,110,84,,Ivy,Ivy,,,,,,
241179,1965-02-04,,1965,regular,,final,Rutgers,Army,245,15,68,76,,Indep.,Indep.,,,,,,
241194,1965-02-04,,1965,regular,,final,San Francisco,Pacific,259,225,104,64,,WCC,WCC,,,,,,
241209,1965-02-04,,1965,regular,,final,Santa Clara,Saint Mary's,261,253,80,62,,WCC,WCC,,,,,,
241229,1965-02-04,,1965,regular,,final,Loyola Marymount,San José State,153,260,63,72,,WCC,WCC,,,,,,
241453,1965-02-04,,1965,regular,,final,Yale,Penn State (Beaver),360,1353,68,80,,Ivy,,,,,,,
241568,1965-02-04,,1965,regular,,final,UCLA,Washington State,313,344,93,41,,Pac-12,Pac-12,,,,,,
241766,1965-02-04,,1965,regular,,final,Seattle U,Idaho State,262,116,97,78,,Indep.,Big Sky,,,,,,
241998,1965-02-04,,1965,regular,,final,USC,Washington,323,343,77,78,,Pac-12,Pac-12,,,,,,
242023,1965-02-04,,1965,regular,,final,Oregon,Stanford,223,281,75,77,,Pac-12,Pac-12,,,,,,
242042,1965-02-04,,1965,regular,,final,Oregon State,California,224,40,74,57,,Pac-12,Pac-12,,,,,,
240383,1965-02-05,,1965,regular,,final,Canisius,Fairfield,42,83,67,84,,Indep.,Indep.,,,,,,
240400,1965-02-05,,1965,regular,,final,Austin Peay,Morehead State,17,181,81,73,,OVC,OVC,,,,,,
240418,1965-02-05,,1965,regular,,final,Colgate,Lehigh,55,141,75,66,,Indep.,,,,,,,
240428,1965-02-05,,1965,regular,,final,Middle Tennessee,Eastern Kentucky,171,78,83,95,,OVC,OVC,,,,,,
240436,1965-02-05,,1965,regular,,final,Furman,VMI,93,334,67,69,,SoCon,SoCon,,,,,,
240443,1965-02-05,,1965,regular,,final,Montana State,Gonzaga,180,102,57,67,,Big Sky,Big Sky,,,,,,
240492,1965-02-05,,1965,regular,,final,Loyola Marymount,UC Santa Barbara,153,311,87,64,,WCC,WCC,,,,,,
240547,1965-02-05,,1965,regular,,final,Kent State,Western Michigan,134,351,75,73,,MAC,MAC,,,,,,
240560,1965-02-05,,1965,regular,,final,Bucknell,Lafayette,32,138,45,58,,,,,,,,,
240583,1965-02-05,,1965,regular,,final,Pittsburgh,Fordham,229,91,53,66,,Indep.,Indep.,,,,,,
240608,1965-02-05,,1965,regular,,final,Loyola Chicago,Miami (OH),151,167,74,79,,Indep.,MAC,,,,,,
240764,1965-02-05,,1965,regular,,final,Villanova,DePaul,338,65,85,67,,Indep.,Indep.,,,,,,
240775,1965-02-05,,1965,regular,,final,Georgetown,Syracuse,97,286,81,95,,Indep.,Indep.,,,,,,
240815,1965-02-05,,1965,regular,,final,UTEP,Arizona,327,11,51,39,,Indep.,UAC,,,,,,
240848,1965-02-05,,1965,regular,,final,Texas A&M,Texas,293,295,63,65,,,,,,,,,
240855,1965-02-05,,1965,regular,,final,TCU,Baylor,287,20,85,87,,,,,,,,,
240866,1965-02-05,,1965,regular,,final,Arkansas,SMU,12,248,76,84,,,,,,,,,
240882,1965-02-05,,1965,regular,,final,Saint Mary's,San Francisco,253,259,60,83,,WCC,WCC,,,,,,
240941,1965-02-05,,1965,regular,,final,Oregon State,Stanford,224,281,48,51,,Pac-12,Pac-12,,,,,,
240952,1965-02-05,,1965,regular,,final,Tulane,Vanderbilt,303,336,67,85,,SEC,SEC,,,,,,
240967,1965-02-05,,1965,regular,,final,UConn,Maine-Farmington,314,1078,95,59,,Indep.,,,,,,,
240984,1965-02-05,,1965,regular,,final,Murray State,Tennessee Tech,184,291,92,79,,OVC,OVC,,,,,,
241000,1965-02-05,,1965,regular,,final,Ohio,Bowling Green,215,28,77,60,,MAC,MAC,,,,,,
241034,1965-02-05,,1965,regular,,final,St. Bonaventure,Seton Hall,277,263,79,63,,Indep.,Indep.,,,,,,
241059,1965-02-05,,1965,regular,,final,Toledo,Marshall,300,158,78,71,,MAC,MAC,,,,,,
241085,1965-02-05,,1965,regular,,final,Penn State,Navy,226,187,84,56,,Indep.,Indep.,,,,,,
241104,1965-02-05,,1965,regular,,final,Western Kentucky,East Tennessee State,350,75,96,79,,OVC,OVC,,,,,,
241117,1965-02-05,,1965,regular,,final,Cornell,Harvard,60,107,78,66,,Ivy,Ivy,,,,,,
241129,1965-02-05,,1965,regular,,final,Vermont,Massachusetts,337,161,58,96,,Indep.,,,,,,,
241144,1965-02-05,,1965,regular,,final,Yale,Princeton,360,234,62,67,,Ivy,Ivy,,,,,,
241162,1965-02-05,,1965,regular,,final,Columbia,Dartmouth,58,62,108,87,,Ivy,Ivy,,,,,,
241210,1965-02-05,,1965,regular,,final,Santa Clara,Pacific,261,225,62,64,,WCC,WCC,,,,,,
241230,1965-02-05,,1965,regular,,final,Pepperdine,San José State,228,260,71,56,,WCC,WCC,,,,,,
241252,1965-02-05,,1965,regular,,final,Virginia Tech,George Washington,340,96,92,74,,SoCon,SoCon,,,,,,
241273,1965-02-05,,1965,regular,,final,Richmond,East Carolina,242,74,66,65,,SoCon,,,,,,,
241303,1965-02-05,,1965,regular,,final,Utah,Denver,331,68,94,84,,UAC,Indep.,,,,,,
241311,1965-02-05,,1965,regular,,final,Air Force,Marquette,2,157,75,73,,Indep.,Indep.,,,,,,
241328,1965-02-05,,1965,regular,,final,Colorado State,Wyoming,57,358,82,77,,Indep.,UAC,,,,,,
241382,1965-02-05,,1965,regular,,final,Niagara,Providence,194,235,55,74,,Indep.,Indep.,,,,,,
241413,1965-02-05,,1965,regular,,final,Army,St. John's,15,279,58,56,,Indep.,Indep.,,,,,,
241431,1965-02-05,,1965,regular,,final,Texas Tech,Rice,298,241,102,69,,,,,,,,,
241454,1965-02-05,,1965,regular,,final,Brown,Penn State (Beaver),30,1353,52,66,,Ivy,,,,,,,
241470,1965-02-05,,1965,regular,,final,Detroit Mercy,Notre Dame,69,213,77,74,,Indep.,Indep.,,,,,,
241503,1965-02-05,,1965,regular,,final,Iowa,Northwestern,124,212,78,72,,Big Ten,Big Ten,,,,,,
241516,1965-02-05,,1965,regular,,final,Arizona State,New Mexico State,10,192,92,67,,UAC,Indep.,,,,,,
241569,1965-02-05,,1965,regular,,final,USC,Washington State,323,344,59,57,,Pac-12,Pac-12,,,,,,
241606,1965-02-05,,1965,regular,,final,Wake Forest,Saint Joseph's,342,251,91,117,,ACC,,,,,,,
241648,1965-02-05,,1965,regular,,final,Oklahoma City,Creighton,1476,61,72,87,,,Indep.,,,,,,
241667,1965-02-05,,1965,regular,,final,Houston,Loyola New Orleans,113,650,104,80,,Indep.,,,,,,,
241702,1965-02-05,,1965,regular,,final,Saint Louis,Wichita State,252,352,64,72,,MVC,MVC,,,,,,
241725,1965-02-05,,1965,regular,,final,Cincinnati,Tulsa,51,304,66,69,,MVC,MVC,,,,,,
241745,1965-02-05,,1965,regular,,final,Memphis,Florida State,163,90,70,81,,Indep.,Indep.,,,,,,
241784,1965-02-05,,1965,regular,,final,Utah State,BYU,329,18,80,89,,Indep.,UAC,,,,,,
241818,1965-02-05,,1965,regular,,final,Louisville,North Texas,150,204,98,71,,MVC,MVC,,,,,,
241853,1965-02-05,,1965,regular,,final,Duke,West Virginia,72,347,109,89,,ACC,SoCon,,,,,,
241876,1965-02-05,,1965,regular,,final,Clemson,NC State,52,185,74,78,,ACC,ACC,,,,,,
241895,1965-02-05,,1965,regular,,final,Georgia,Auburn,98,16,62,60,,SEC,SEC,,,,,,
241936,1965-02-05,,1965,regular,,final,Tennessee,Mississippi State,292,174,77,57,,SEC,SEC,,,,,,
241955,1965-02-05,,1965,regular,,final,LSU,Alabama,136,5,67,64,,SEC,SEC,,,,,,
241981,1965-02-05,,1965,regular,,final,Kentucky,Ole Miss,135,220,102,65,,SEC,SEC,,,,,,
241999,1965-02-05,,1965,regular,,final,UCLA,Washington,313,343,78,75,,Pac-12,Pac-12,,,,,,
242043,1965-02-05,,1965,regular,,final,Oregon,California,223,40,83,71,,Pac-12,Pac-12,,,,,,
242064,1965-02-05,,1965,regular,,final,Michigan State,Minnesota,169,173,79,88,,Big Ten,Big Ten,,,,,,
242080,1965-02-05,,1965,regular,,final,Wisconsin,Ohio State,355,216,71,73,,Big Ten,Big Ten,,,,,,
242123,1965-02-05,,1965,regular,,final,Illinois,Purdue,118,236,121,93,,Big Ten,Big Ten,,,,,,
242145,1965-02-05,,1965,regular,,final,Bradley,Drake,29,70,73,52,,MVC,MVC,,,,,,
242187,1965-02-05,,1965,regular,,final,Missouri,Oklahoma State,177,218,49,42,,,,,,,,,
242207,1965-02-05,,1965,regular,,final,Kansas State,Iowa State,132,125,82,71,,,,,,,,,
242225,1965-02-05,,1965,regular,,final,Colorado,Nebraska,56,188,62,52,,,MVC,,,,,,
242250,1965-02-05,,1965,regular,,final,Kansas,Oklahoma,131,217,77,68,,,,,,,,,
241896,1965-02-06,,1965,regular,,final,Florida,Auburn,87,16,79,83,,SEC,SEC,,,,,,
240401,1965-02-07,,1965,regular,,final,Austin Peay,Eastern Kentucky,17,78,64,69,,OVC,OVC,,,,,,
240469,1965-02-07,,1965,regular,,final,Middle Tennessee,Morehead State,171,181,87,82,,OVC,OVC,,,,,,
240535,1965-02-07,,1965,regular,,final,Miami (OH),Xavier,167,359,97,68,,MAC,Indep.,,,,,,
240682,1965-02-07,,1965,regular,,final,Creighton,Canisius,61,42,91,64,,Indep.,Indep.,,,,,,
240688,1965-02-07,,1965,regular,,final,Detroit Mercy,Loyola Chicago,69,151,78,76,,Indep.,Indep.,,,,,,
240791,1965-02-07,,1965,regular,,final,Davidson,West Virginia,63,347,103,80,,SoCon,SoCon,,,,,,
240922,1965-02-07,,1965,regular,,final,Ole Miss,Tennessee,220,292,50,96,,SEC,SEC,,,,,,
240960,1965-02-07,,1965,regular,,final,Tulane,Alabama,303,5,68,83,,SEC,SEC,,,,,,
240985,1965-02-07,,1965,regular,,final,Murray State,East Tennessee State,184,75,85,71,,OVC,OVC,,,,,,
241060,1965-02-07,,1965,regular,,final,Toledo,Portland,300,230,74,65,,MAC,Indep.,,,,,,
241073,1965-02-07,,1965,regular,,final,The Citadel,East Carolina,299,74,71,81,,SoCon,,,,,,,
241105,1965-02-07,,1965,regular,,final,Western Kentucky,Tennessee Tech,350,291,92,83,,OVC,OVC,,,,,,
241304,1965-02-07,,1965,regular,,final,Utah State,Denver,329,68,91,62,,Indep.,Indep.,,,,,,
241471,1965-02-07,,1965,regular,,final,Butler,Notre Dame,34,213,72,94,,,Indep.,,,,,,
241538,1965-02-07,,1965,regular,,final,Michigan,Iowa,170,124,81,66,,Big Ten,Big Ten,,,,,,
241685,1965-02-07,,1965,regular,,final,Bradley,Cincinnati,29,51,85,69,,MVC,MVC,,,,,,
241703,1965-02-07,,1965,regular,,final,Duquesne,Wichita State,73,352,75,72,,Indep.,MVC,,,,,,
241956,1965-02-07,,1965,regular,,final,LSU,Vanderbilt,136,336,85,96,,SEC,SEC,,,,,,
241982,1965-02-07,,1965,regular,,final,Kentucky,Mississippi State,135,174,74,56,,SEC,SEC,,,,,,
242101,1965-02-07,,1965,regular,,final,Indiana,Michigan State,121,169,112,94,,Big Ten,Big Ten,,,,,,
242124,1965-02-07,,1965,regular,,final,Illinois,Ohio State,118,216,86,71,,Big Ten,Big Ten,,,,,,
242226,1965-02-07,,1965,regular,,final,Colorado,Oklahoma,56,217,57,55,,,,,,,,,
242251,1965-02-07,,1965,regular,,final,Missouri,Kansas,177,131,60,71,,,,,,,,,
240434,1965-02-08,,1965,regular,,final,Fairfield,Saint Peter's,83,254,83,77,,Indep.,,,,,,,
240566,1965-02-08,,1965,regular,,final,George Washington,Georgetown,96,97,73,68,,SoCon,Indep.,,,,,,
240696,1965-02-08,,1965,regular,,final,Columbia,Colgate,58,55,62,67,,Ivy,Indep.,,,,,,
240831,1965-02-08,,1965,regular,,final,Texas A&M,Texas Tech,293,298,76,82,,,,,,,,,
240856,1965-02-08,,1965,regular,,final,Baylor,SMU,20,248,74,76,,,,,,,,,
240867,1965-02-08,,1965,regular,,final,Texas,Arkansas,295,12,81,65,,,,,,,,,
241130,1965-02-08,,1965,regular,,final,Massachusetts,UConn,161,314,63,70,,,Indep.,,,,,,
241414,1965-02-08,,1965,regular,,final,Villanova,St. John's,338,279,52,43,,Indep.,Indep.,,,,,,
241432,1965-02-08,,1965,regular,,final,Rice,TCU,241,287,75,94,,,,,,,,,
241553,1965-02-08,,1965,regular,,final,North Carolina,Wake Forest,200,342,107,91,,ACC,ACC,,,,,,
241854,1965-02-08,,1965,regular,,final,Duke,NC State,72,185,78,67,,ACC,ACC,,,,,,
241877,1965-02-08,,1965,regular,,final,Furman,Clemson,93,52,74,61,,SoCon,ACC,,,,,,
241918,1965-02-08,,1965,regular,,final,Georgia Tech,Georgia,101,98,73,62,,Indep.,SEC,,,,,,
242173,1965-02-08,,1965,regular,,final,Kansas State,Nebraska,132,188,57,62,,,MVC,,,,,,
240390,1965-02-09,,1965,regular,,final,Army,Colgate,15,55,89,51,,Indep.,Indep.,,,,,,
240520,1965-02-09,,1965,regular,,final,VMI,William & Mary,334,353,61,57,,SoCon,SoCon,,,,,,
240529,1965-02-09,,1965,regular,,final,Ohio,Marshall,215,158,103,85,,MAC,MAC,,,,,,
240620,1965-02-09,,1965,regular,,final,Iona,St. Bonaventure,123,277,63,74,,Indep.,Indep.,,,,,,
240792,1965-02-09,,1965,regular,,final,West Virginia,Maryland,347,160,78,87,,SoCon,ACC,,,,,,
241001,1965-02-09,,1965,regular,,final,Kent State,Bowling Green,134,28,77,67,,MAC,MAC,,,,,,
241023,1965-02-09,,1965,regular,,final,Delaware,Lafayette,66,138,63,79,,,,,,,,,
241061,1965-02-09,,1965,regular,,final,Toledo,Western Michigan,300,351,97,80,,MAC,MAC,,,,,,
241086,1965-02-09,,1965,regular,,final,Bucknell,Penn State,32,226,61,79,,,Indep.,,,,,,
241195,1965-02-09,,1965,regular,,final,UC Santa Barbara,Pacific,311,225,82,69,,WCC,WCC,,,,,,
241472,1965-02-09,,1965,regular,,final,Notre Dame,DePaul,213,65,62,59,,Indep.,Indep.,,,,,,
241493,1965-02-09,,1965,regular,,final,New York University,Holy Cross,392,111,84,73,,Indep.,Indep.,,,,,,
241517,1965-02-09,,1965,regular,,final,New Mexico State,UTEP,192,327,64,78,,Indep.,Indep.,,,,,,
241624,1965-02-09,,1965,regular,,final,La Salle,Gettysburg,137,1189,91,68,,,,,,,,,
241746,1965-02-09,,1965,regular,,final,Marquette,Memphis,157,163,70,82,,Indep.,Indep.,,,,,,
241957,1965-02-09,,1965,regular,,final,Loyola New Orleans,LSU,650,136,76,89,,,SEC,,,,,,
240499,1965-02-10,,1965,regular,,final,Furman,Davidson,93,63,50,55,,SoCon,SoCon,,,,,,
240584,1965-02-10,,1965,regular,,final,Fordham,St. Francis Brooklyn,91,364,40,47,,Indep.,Indep.,,,,,,
240894,1965-02-10,,1965,regular,,final,North Texas,Saint Louis,204,252,60,83,,MVC,MVC,,,,,,
241035,1965-02-10,,1965,regular,,final,Seton Hall,Niagara,263,194,85,77,,Indep.,Indep.,,,,,,
241074,1965-02-10,,1965,regular,,final,East Carolina,East Tennessee State,74,75,81,73,,,OVC,,,,,,
241180,1965-02-10,,1965,regular,,final,Manhattan,Rutgers,155,245,111,88,,Indep.,Indep.,,,,,,
241231,1965-02-10,,1965,regular,,final,San José State,Saint Mary's,260,253,56,55,,WCC,WCC,,,,,,
241274,1965-02-10,,1965,regular,,final,George Washington,Richmond,96,242,72,51,,SoCon,SoCon,,,,,,
241383,1965-02-10,,1965,regular,,final,Providence,St. Francis (PA),235,278,88,69,,Indep.,Indep.,,,,,,
241398,1965-02-10,,1965,regular,,final,New Mexico,Utah,191,331,65,64,,UAC,UAC,,,,,,
241785,1965-02-10,,1965,regular,,final,Wyoming,BYU,358,18,94,96,,UAC,UAC,,,,,,
241855,1965-02-10,,1965,regular,,final,Duke,Virginia,72,339,136,72,,ACC,ACC,,,,,,
242146,1965-02-10,,1965,regular,,final,Tulsa,Drake,304,70,67,48,,MVC,MVC,,,,,,
240391,1965-02-11,,1965,regular,,final,Bucknell,Army,32,15,49,64,,,Indep.,,,,,,
240456,1965-02-11,,1965,regular,,final,Idaho State,Montana State,116,180,71,77,,Big Sky,Big Sky,,,,,,
240473,1965-02-11,,1965,regular,,final,Weber State,Montana,345,179,98,75,,Big Sky,Big Sky,,,,,,
240626,1965-02-11,,1965,regular,,final,San Francisco,Pepperdine,259,228,92,69,,WCC,WCC,,,,,,
240827,1965-02-11,,1965,regular,,final,Brown,Columbia,30,58,59,66,,Ivy,Ivy,,,,,,
240942,1965-02-11,,1965,regular,,final,Stanford,Oregon State,281,224,45,47,,Pac-12,Pac-12,,,,,,
241014,1965-02-11,,1965,regular,,final,Idaho,Gonzaga,117,102,85,65,,Big Sky,Big Sky,,,,,,
241118,1965-02-11,,1965,regular,,final,Princeton,Harvard,234,107,76,55,,Ivy,Ivy,,,,,,
241131,1965-02-11,,1965,regular,,final,Massachusetts,Rhode Island,161,240,103,90,,,Indep.,,,,,,
241145,1965-02-11,,1965,regular,,final,Cornell,Yale,60,360,67,83,,Ivy,Ivy,,,,,,
241211,1965-02-11,,1965,regular,,final,Santa Clara,Loyola Marymount,261,153,85,76,,WCC,WCC,,,,,,
241232,1965-02-11,,1965,regular,,final,Pacific,San José State,225,260,72,56,,WCC,WCC,,,,,,
241455,1965-02-11,,1965,regular,,final,Penn State (Beaver),Dartmouth,1353,62,87,67,,,Ivy,,,,,,
241570,1965-02-11,,1965,regular,,final,Washington State,USC,344,323,65,88,,Pac-12,Pac-12,,,,,,
241625,1965-02-11,,1965,regular,,final,La Salle,Creighton,137,61,66,84,,,Indep.,,,,,,
241649,1965-02-11,,1965,regular,,final,Portland,Oklahoma City,230,1476,59,66,,Indep.,,,,,,,
242000,1965-02-11,,1965,regular,,final,Washington,UCLA,343,313,73,83,,Pac-12,Pac-12,,,,,,
242044,1965-02-11,,1965,regular,,final,California,Oregon,40,223,72,52,,Pac-12,Pac-12,,,,,,
240366,1965-02-12,,1965,regular,,final,Arizona State,Arizona,10,11,76,69,,UAC,UAC,,,,,,
240402,1965-02-12,,1965,regular,,final,Tennessee Tech,Austin Peay,291,17,99,73,,OVC,OVC,,,,,,
240449,1965-02-12,,1965,regular,,final,West Texas A&M,Hardin-Simmons,1440,772,95,74,,Indep.,,,,,,,
240457,1965-02-12,,1965,regular,,final,Idaho State,Montana,116,179,96,80,,Big Sky,Big Sky,,,,,,
240476,1965-02-12,,1965,regular,,final,Montana State,Weber State,180,345,84,101,,Big Sky,Big Sky,,,,,,
240485,1965-02-12,,1965,regular,,final,Vermont,Rhode Island,337,240,69,90,,Indep.,Indep.,,,,,,
240488,1965-02-12,,1965,regular,,final,Miami,Loyola New Orleans,168,650,115,86,,Indep.,,,,,,,
240536,1965-02-12,,1965,regular,,final,Miami (OH),Western Michigan,167,351,93,68,,MAC,MAC,,,,,,
240548,1965-02-12,,1965,regular,,final,Marshall,Kent State,158,134,72,80,,MAC,MAC,,,,,,
240572,1965-02-12,,1965,regular,,final,William & Mary,Pittsburgh,353,229,63,61,,SoCon,Indep.,,,,,,
240590,1965-02-12,,1965,regular,,final,Canisius,Manhattan,42,155,85,83,,Indep.,Indep.,,,,,,
240594,1965-02-12,,1965,regular,,final,Holy Cross,UConn,111,314,76,87,,Indep.,Indep.,,,,,,
240627,1965-02-12,,1965,regular,,final,San Francisco,Loyola Marymount,259,153,82,68,,WCC,WCC,,,,,,
240705,1965-02-12,,1965,regular,,final,Georgetown,Maryland,97,160,67,85,,Indep.,ACC,,,,,,
240712,1965-02-12,,1965,regular,,final,Navy,Virginia,187,339,85,65,,Indep.,ACC,,,,,,
240765,1965-02-12,,1965,regular,,final,St. Bonaventure,Villanova,277,338,64,77,,Indep.,Indep.,,,,,,
240793,1965-02-12,,1965,regular,,final,Syracuse,West Virginia,286,347,83,81,,Indep.,SoCon,,,,,,
240804,1965-02-12,,1965,regular,,final,Marquette,DePaul,157,65,61,67,,Indep.,Indep.,,,,,,
240828,1965-02-12,,1965,regular,,final,Brown,Cornell,30,60,60,90,,Ivy,Ivy,,,,,,
240841,1965-02-12,,1965,regular,,final,SMU,Texas Tech,248,298,72,82,,,,,,,,,
240857,1965-02-12,,1965,regular,,final,Baylor,Texas A&M,20,293,84,77,,,,,,,,,
240868,1965-02-12,,1965,regular,,final,Arkansas,TCU,12,287,96,72,,,,,,,,,
240883,1965-02-12,,1965,regular,,final,UC Santa Barbara,Saint Mary's,311,253,83,72,,WCC,WCC,,,,,,
240914,1965-02-12,,1965,regular,,final,Georgia,Ole Miss,98,220,90,68,,SEC,SEC,,,,,,
240923,1965-02-12,,1965,regular,,final,Tennessee,Vanderbilt,292,336,79,66,,SEC,SEC,,,,,,
240961,1965-02-12,,1965,regular,,final,Alabama,Tulane,5,303,108,81,,SEC,SEC,,,,,,
240968,1965-02-12,,1965,regular,,final,New Hampshire,Maine-Farmington,190,1078,67,84,,Indep.,,,,,,,
240986,1965-02-12,,1965,regular,,final,Eastern Kentucky,Murray State,78,184,103,73,,OVC,OVC,,,,,,
241024,1965-02-12,,1965,regular,,final,Delaware,Bucknell,66,32,65,81,,,,,,,,,
241036,1965-02-12,,1965,regular,,final,Seton Hall,St. Francis (PA),263,278,116,95,,Indep.,Indep.,,,,,,
241045,1965-02-12,,1965,regular,,final,Gettysburg,Lafayette,1189,138,48,66,,,,,,,,,
241087,1965-02-12,,1965,regular,,final,Penn State,Army,226,15,59,44,,Indep.,Indep.,,,,,,
241106,1965-02-12,,1965,regular,,final,Morehead State,Western Kentucky,181,350,66,55,,OVC,OVC,,,,,,
241146,1965-02-12,,1965,regular,,final,Yale,Columbia,360,58,72,71,,Ivy,Ivy,,,,,,
241163,1965-02-12,,1965,regular,,final,Princeton,Dartmouth,234,62,103,64,,Ivy,Ivy,,,,,,
241181,1965-02-12,,1965,regular,,final,Lehigh,Rutgers,141,245,51,68,,,Indep.,,,,,,
241212,1965-02-12,,1965,regular,,final,Santa Clara,Pepperdine,261,228,84,75,,WCC,WCC,,,,,,
241253,1965-02-12,,1965,regular,,final,George Washington,Virginia Tech,96,340,84,83,,SoCon,SoCon,,,,,,
241275,1965-02-12,,1965,regular,,final,Richmond,Davidson,242,63,73,83,,SoCon,SoCon,,,,,,
241305,1965-02-12,,1965,regular,,final,Denver,Colorado State,68,57,65,60,,Indep.,Indep.,,,,,,
241312,1965-02-12,,1965,regular,,final,Portland,Air Force,230,2,73,57,,Indep.,Indep.,,,,,,
241329,1965-02-12,,1965,regular,,final,Wyoming,Utah,358,331,111,102,,UAC,UAC,,,,,,
241365,1965-02-12,,1965,regular,,final,Boston College,Boston University,26,27,94,86,,Indep.,Indep.,,,,,,
241384,1965-02-12,,1965,regular,,final,Providence,Duquesne,235,73,83,75,,Indep.,Indep.,,,,,,
241415,1965-02-12,,1965,regular,,final,St. John's,Niagara,279,194,82,62,,Indep.,Indep.,,,,,,
241433,1965-02-12,,1965,regular,,final,Rice,Texas,241,295,72,75,,,,,,,,,
241456,1965-02-12,,1965,regular,,final,Penn State (Beaver),Harvard,1353,107,82,64,,,Ivy,,,,,,
241473,1965-02-12,,1965,regular,,final,Notre Dame,Ohio,213,215,94,86,,Indep.,MAC,,,,,,
241494,1965-02-12,,1965,regular,,final,St. Francis Brooklyn,New York University,364,392,68,88,,Indep.,Indep.,,,,,,
241529,1965-02-12,,1965,regular,,final,Ohio State,Iowa,216,124,81,82,,Big Ten,Big Ten,,,,,,
241571,1965-02-12,,1965,regular,,final,Washington State,UCLA,344,313,68,70,,Pac-12,Pac-12,,,,,,
241668,1965-02-12,,1965,regular,,final,Houston,Centenary (LA),113,367,95,84,,Indep.,Indep.,,,,,,
241704,1965-02-12,,1965,regular,,final,Wichita State,Cincinnati,352,51,79,64,,MVC,MVC,,,,,,
241726,1965-02-12,,1965,regular,,final,Tulsa,Saint Louis,304,252,59,66,,MVC,MVC,,,,,,
241747,1965-02-12,,1965,regular,,final,Memphis,Dayton,163,64,77,71,,Indep.,Indep.,,,,,,
241767,1965-02-12,,1965,regular,,final,Idaho,Seattle U,117,262,76,97,,Big Sky,Indep.,,,,,,
241786,1965-02-12,,1965,regular,,final,New Mexico,BYU,191,18,89,70,,UAC,UAC,,,,,,
241819,1965-02-12,,1965,regular,,final,Louisville,Bradley,150,29,80,78,,MVC,MVC,,,,,,
241856,1965-02-12,,1965,regular,,final,Wake Forest,Duke,342,72,80,93,,ACC,ACC,,,,,,
241878,1965-02-12,,1965,regular,,final,South Carolina,Clemson,266,52,67,72,,ACC,ACC,,,,,,
241919,1965-02-12,,1965,regular,,final,NC State,Georgia Tech,185,101,97,68,,ACC,Indep.,,,,,,
241937,1965-02-12,,1965,regular,,final,Florida,Mississippi State,87,174,68,51,,SEC,SEC,,,,,,
241958,1965-02-12,,1965,regular,,final,Auburn,LSU,16,136,101,60,,SEC,SEC,,,,,,
242001,1965-02-12,,1965,regular,,final,Washington,USC,343,323,70,78,,Pac-12,Pac-12,,,,,,
242024,1965-02-12,,1965,regular,,final,Stanford,Oregon,281,223,73,62,,Pac-12,Pac-12,,,,,,
242045,1965-02-12,,1965,regular,,final,California,Oregon State,40,224,55,53,,Pac-12,Pac-12,,,,,,
242065,1965-02-12,,1965,regular,,final,Michigan,Michigan State,170,169,98,83,,Big Ten,Big Ten,,,,,,
242081,1965-02-12,,1965,regular,,final,Purdue,Wisconsin,236,355,83,74,,Big Ten,Big Ten,,,,,,
242102,1965-02-12,,1965,regular,,final,Northwestern,Indiana,212,121,76,86,,Big Ten,Big Ten,,,,,,
242125,1965-02-12,,1965,regular,,final,Minnesota,Illinois,173,118,105,90,,Big Ten,Big Ten,,,,,,
242147,1965-02-12,,1965,regular,,final,North Texas,Drake,204,70,58,66,,MVC,MVC,,,,,,
242158,1965-02-12,,1965,regular,,final,Kansas State,Oklahoma State,132,218,49,52,,,,,,,,,
242208,1965-02-12,,1965,regular,,final,Missouri,Iowa State,177,125,81,89,,,,,,,,,
242227,1965-02-12,,1965,regular,,final,Nebraska,Colorado,188,56,66,59,,MVC,,,,,,,
242252,1965-02-12,,1965,regular,,final,Oklahoma,Kansas,217,131,57,74,,,,,,,,,
240375,1965-02-14,,1965,regular,,final,Seattle U,Oklahoma City,262,1476,85,82,,Indep.,,,,,,,
240403,1965-02-14,,1965,regular,,final,East Tennessee State,Austin Peay,75,17,72,63,,OVC,OVC,,,,,,
240463,1965-02-14,,1965,regular,,final,Manhattan,Saint Peter's,155,254,77,71,,Indep.,,,,,,,
240470,1965-02-14,,1965,regular,,final,Tennessee Tech,Middle Tennessee,291,171,87,79,,OVC,OVC,,,,,,
240643,1965-02-14,,1965,regular,,final,UTEP,Centenary (LA),327,367,68,55,,Indep.,Indep.,,,,,,
240905,1965-02-14,,1965,regular,,final,Oklahoma,Kansas State,217,132,80,65,,,,,,,,,
240907,1965-02-14,,1965,regular,,final,Northwestern,Purdue,212,236,87,92,,Big Ten,Big Ten,,,,,,
240912,1965-02-14,,1965,regular,,final,Florida,Ole Miss,87,220,85,53,,SEC,SEC,,,,,,
240987,1965-02-14,,1965,regular,,final,Morehead State,Murray State,181,184,78,69,,OVC,OVC,,,,,,
241107,1965-02-14,,1965,regular,,final,Eastern Kentucky,Western Kentucky,78,350,80,69,,OVC,OVC,,,,,,
241182,1965-02-14,,1965,regular,,final,Rutgers,Gettysburg,245,1189,79,73,,Indep.,,,,,,,
241416,1965-02-14,,1965,regular,,final,St. John's,West Virginia,279,347,80,61,,Indep.,SoCon,,,,,,
241705,1965-02-14,,1965,regular,,final,Wichita State,Loyola Chicago,352,151,80,77,,MVC,Indep.,,,,,,
241897,1965-02-14,,1965,regular,,final,Auburn,Tulane,16,303,87,73,,SEC,SEC,,,,,,
241920,1965-02-14,,1965,regular,,final,Georgia Tech,Florida State,101,90,77,76,,Indep.,Indep.,,,,,,
241938,1965-02-14,,1965,regular,,final,Georgia,Mississippi State,98,174,82,62,,SEC,SEC,,,,,,
241959,1965-02-14,,1965,regular,,final,Alabama,LSU,5,136,90,78,,SEC,SEC,,,,,,
242103,1965-02-14,,1965,regular,,final,Indiana,Michigan,121,170,95,96,,Big Ten,Big Ten,,,,,,
242188,1965-02-14,,1965,regular,,final,Nebraska,Missouri,188,177,74,92,,MVC,,,,,,,
242228,1965-02-14,,1965,regular,,final,Iowa State,Colorado,125,56,71,79,,,,,,,,,
242253,1965-02-14,,1965,regular,,final,Oklahoma State,Kansas,218,131,68,64,,,,,,,,,
240416,1965-02-15,,1965,regular,,final,Furman,The Citadel,93,299,57,69,,SoCon,SoCon,,,,,,
240776,1965-02-15,,1965,regular,,final,Colgate,Syracuse,55,286,90,93,,Indep.,Indep.,,,,,,
240823,1965-02-15,,1965,regular,,final,Columbia,Cornell,58,60,80,89,,Ivy,Ivy,,,,,,
240842,1965-02-15,,1965,regular,,final,TCU,SMU,287,248,95,96,,,,,,,,,
240849,1965-02-15,,1965,regular,,final,Texas Tech,Texas,298,295,87,73,,,,,,,,,
240869,1965-02-15,,1965,regular,,final,Arkansas,Baylor,12,20,78,73,,,,,,,,,
240945,1965-02-15,,1965,regular,,final,UConn,Boston University,314,27,89,78,,Indep.,Indep.,,,,,,
241233,1965-02-15,,1965,regular,,final,San José State,Santa Clara,260,261,65,63,,WCC,WCC,,,,,,
241254,1965-02-15,,1965,regular,,final,Virginia Tech,William & Mary,340,353,76,57,,SoCon,SoCon,,,,,,
241276,1965-02-15,,1965,regular,,final,VMI,Richmond,334,242,80,81,,SoCon,SoCon,,,,,,
241366,1965-02-15,,1965,regular,,final,Fordham,Boston College,91,26,78,89,,Indep.,Indep.,,,,,,
241385,1965-02-15,,1965,regular,,final,Providence,Rhode Island,235,240,88,72,,Indep.,Indep.,,,,,,
241434,1965-02-15,,1965,regular,,final,Texas A&M,Rice,293,241,104,93,,,,,,,,,
241518,1965-02-15,,1965,regular,,final,New Mexico State,Hardin-Simmons,192,772,76,75,,Indep.,,,,,,,
241587,1965-02-15,,1965,regular,,final,Temple,Pittsburgh,289,229,71,65,,,Indep.,,,,,,
241608,1965-02-15,,1965,regular,,final,Bucknell,Saint Joseph's,32,251,57,94,,,,,,,,,
241626,1965-02-15,,1965,regular,,final,La Salle,Seton Hall,137,263,101,71,,,Indep.,,,,,,
241727,1965-02-15,,1965,regular,,final,Tulsa,Xavier,304,359,81,65,,MVC,Indep.,,,,,,
241806,1965-02-15,,1965,regular,,final,Loyola New Orleans,Dayton,650,64,69,94,,,Indep.,,,,,,
241879,1965-02-15,,1965,regular,,final,Clemson,Wake Forest,52,342,84,65,,ACC,ACC,,,,,,
241983,1965-02-15,,1965,regular,,final,Vanderbilt,Kentucky,336,135,91,90,,SEC,SEC,,,,,,
242082,1965-02-15,,1965,regular,,final,Wisconsin,Minnesota,355,173,91,101,,Big Ten,Big Ten,,,,,,
242126,1965-02-15,,1965,regular,,final,Illinois,Ohio State,118,216,95,72,,Big Ten,Big Ten,,,,,,
240481,1965-02-16,,1965,regular,,final,New Hampshire,Vermont,190,337,93,76,,Indep.,Indep.,,,,,,
240511,1965-02-16,,1965,regular,,final,Niagara,St. Francis Brooklyn,194,364,81,69,,Indep.,Indep.,,,,,,
240537,1965-02-16,,1965,regular,,final,Ohio,Miami (OH),215,167,65,55,,MAC,MAC,,,,,,
240561,1965-02-16,,1965,regular,,final,Lafayette,Lehigh,138,141,66,53,,,,,,,,,
240609,1965-02-16,,1965,regular,,final,Western Michigan,Loyola Chicago,351,151,81,94,,MAC,Indep.,,,,,,
240890,1965-02-16,,1965,regular,,final,Maryland,Virginia,160,339,52,47,,ACC,ACC,,,,,,
241015,1965-02-16,,1965,regular,,final,Gonzaga,Idaho,102,117,67,61,,Big Sky,Big Sky,,,,,,
241062,1965-02-16,,1965,regular,,final,Toledo,Kent State,300,134,80,69,,MAC,MAC,,,,,,
241132,1965-02-16,,1965,regular,,final,Army,Massachusetts,15,161,82,67,,Indep.,,,,,,,
241350,1965-02-16,,1965,regular,,final,Duquesne,St. Francis (PA),73,278,108,91,,Indep.,Indep.,,,,,,
241474,1965-02-16,,1965,regular,,final,Bowling Green,Notre Dame,28,213,72,88,,MAC,Indep.,,,,,,
241820,1965-02-16,,1965,regular,,final,Louisville,Saint Louis,150,252,63,70,,MVC,MVC,,,,,,
241836,1965-02-16,,1965,regular,,final,NC State,North Carolina,185,200,68,69,,ACC,ACC,,,,,,
241857,1965-02-16,,1965,regular,,final,South Carolina,Duke,266,72,59,87,,ACC,ACC,,,,,,
240557,1965-02-17,,1965,regular,,final,VMI,George Washington,334,96,87,79,,SoCon,SoCon,,,,,,
240644,1965-02-17,,1965,regular,,final,UTEP,West Texas A&M,327,1440,71,45,,Indep.,Indep.,,,,,,
241046,1965-02-17,,1965,regular,,final,Gettysburg,Delaware,1189,66,78,64,,,,,,,,,
241108,1965-02-17,,1965,regular,,final,Middle Tennessee,Western Kentucky,171,350,83,94,,OVC,OVC,,,,,,
241133,1965-02-17,,1965,regular,,final,Massachusetts,Holy Cross,161,111,84,100,,,Indep.,,,,,,
241183,1965-02-17,,1965,regular,,final,Rutgers,Fordham,245,91,65,67,,Indep.,Indep.,,,,,,
241213,1965-02-17,,1965,regular,,final,UC Santa Barbara,Santa Clara,311,261,66,63,,WCC,WCC,,,,,,
241234,1965-02-17,,1965,regular,,final,San José State,San Francisco,260,259,52,53,,WCC,WCC,,,,,,
241277,1965-02-17,,1965,regular,,final,Furman,Richmond,93,242,76,91,,SoCon,SoCon,,,,,,
241306,1965-02-17,,1965,regular,,final,Denver,Utah State,68,329,66,67,,Indep.,Indep.,,,,,,
241495,1965-02-17,,1965,regular,,final,New York University,Georgetown,392,97,78,73,,Indep.,Indep.,,,,,,
241588,1965-02-17,,1965,regular,,final,Manhattan,Temple,155,289,80,65,,Indep.,,,,,,,
241686,1965-02-17,,1965,regular,,final,North Texas,Cincinnati,204,51,54,53,,MVC,MVC,,,,,,
241728,1965-02-17,,1965,regular,,final,Tulsa,Wichita State,304,352,75,64,,MVC,MVC,,,,,,
242148,1965-02-17,,1965,regular,,final,Drake,Bradley,70,29,72,57,,MVC,MVC,,,,,,
240756,1965-02-18,,1965,regular,,final,DePaul,Portland,65,230,77,64,,Indep.,Indep.,,,,,,
240829,1965-02-18,,1965,regular,,final,Cornell,Brown,60,30,96,61,,Ivy,Ivy,,,,,,
240884,1965-02-18,,1965,regular,,final,Pepperdine,Saint Mary's,228,253,55,68,,WCC,WCC,,,,,,
240932,1965-02-18,,1965,regular,,final,UCLA,Oregon State,313,224,73,55,,Pac-12,Pac-12,,,,,,
240948,1965-02-18,,1965,regular,,final,Boston University,Rhode Island,27,240,67,81,,Indep.,Indep.,,,,,,
241088,1965-02-18,,1965,regular,,final,Colgate,Penn State,55,226,76,85,,Indep.,Indep.,,,,,,
241147,1965-02-18,,1965,regular,,final,Columbia,Yale,58,360,82,96,,Ivy,Ivy,,,,,,
241164,1965-02-18,,1965,regular,,final,Dartmouth,Princeton,62,234,57,83,,Ivy,Ivy,,,,,,
241196,1965-02-18,,1965,regular,,final,Loyola Marymount,Pacific,153,225,78,80,,WCC,WCC,,,,,,
241330,1965-02-18,,1965,regular,,final,Arizona,Wyoming,11,358,78,77,,UAC,UAC,,,,,,
241399,1965-02-18,,1965,regular,,final,Arizona State,New Mexico,10,191,71,65,,UAC,UAC,,,,,,
241457,1965-02-18,,1965,regular,,final,Harvard,Penn State (Beaver),107,1353,76,67,,Ivy,,,,,,,
242002,1965-02-18,,1965,regular,,final,Washington,Stanford,343,281,56,65,,Pac-12,Pac-12,,,,,,
242025,1965-02-18,,1965,regular,,final,USC,Oregon,323,223,77,56,,Pac-12,Pac-12,,,,,,
242046,1965-02-18,,1965,regular,,final,Washington State,California,344,40,60,53,,Pac-12,Pac-12,,,,,,
240384,1965-02-19,,1965,regular,,final,Canisius,Portland,42,230,66,56,,Indep.,Indep.,,,,,,
240429,1965-02-19,,1965,regular,,final,Eastern Kentucky,East Tennessee State,78,75,74,68,,OVC,OVC,,,,,,
240458,1965-02-19,,1965,regular,,final,Idaho State,Weber State,116,345,75,79,,Big Sky,Big Sky,,,,,,
240474,1965-02-19,,1965,regular,,final,Montana State,Montana,180,179,84,78,,Big Sky,Big Sky,,,,,,
240478,1965-02-19,,1965,regular,,final,Morehead State,Tennessee Tech,181,291,90,74,,OVC,OVC,,,,,,
240483,1965-02-19,,1965,regular,,final,Niagara,Saint Peter's,194,254,67,81,,Indep.,,,,,,,
240500,1965-02-19,,1965,regular,,final,Davidson,The Citadel,63,299,62,50,,SoCon,SoCon,,,,,,
240538,1965-02-19,,1965,regular,,final,Xavier,Miami (OH),359,167,62,82,,Indep.,MAC,,,,,,
240562,1965-02-19,,1965,regular,,final,Lafayette,Bucknell,138,32,66,49,,,,,,,,,
240567,1965-02-19,,1965,regular,,final,Fairfield,Georgetown,83,97,88,84,,Indep.,Indep.,,,,,,
240573,1965-02-19,,1965,regular,,final,George Washington,Pittsburgh,96,229,92,79,,SoCon,Indep.,,,,,,
240628,1965-02-19,,1965,regular,,final,UC Santa Barbara,San Francisco,311,259,66,73,,WCC,WCC,,,,,,
240689,1965-02-19,,1965,regular,,final,St. Bonaventure,Detroit Mercy,277,69,84,71,,Indep.,Indep.,,,,,,
240706,1965-02-19,,1965,regular,,final,Navy,Maryland,187,160,57,70,,Indep.,ACC,,,,,,
240805,1965-02-19,,1965,regular,,final,Bradley,Marquette,29,157,77,56,,MVC,Indep.,,,,,,
240830,1965-02-19,,1965,regular,,final,Columbia,Brown,58,30,74,72,,Ivy,Ivy,,,,,,
240843,1965-02-19,,1965,regular,,final,Texas,SMU,295,248,70,73,,,,,,,,,
240858,1965-02-19,,1965,regular,,final,Baylor,TCU,20,287,97,88,,,,,,,,,
240870,1965-02-19,,1965,regular,,final,Texas A&M,Arkansas,293,12,91,77,,,,,,,,,
240885,1965-02-19,,1965,regular,,final,Loyola Marymount,Saint Mary's,153,253,75,83,,WCC,WCC,,,,,,
240902,1965-02-19,,1965,regular,,final,Northwestern,Minnesota,212,173,77,88,,Big Ten,Big Ten,,,,,,
240909,1965-02-19,,1965,regular,,final,Vanderbilt,Florida,336,87,80,78,,SEC,SEC,,,,,,
240929,1965-02-19,,1965,regular,,final,Alabama,Tennessee,5,292,63,58,,SEC,SEC,,,,,,
240935,1965-02-19,,1965,regular,,final,USC,Oregon State,323,224,64,38,,Pac-12,Pac-12,,,,,,
240956,1965-02-19,,1965,regular,,final,Tulane,Ole Miss,303,220,87,71,,SEC,SEC,,,,,,
240969,1965-02-19,,1965,regular,,final,Maine-Farmington,Rhode Island,1078,240,82,85,,,Indep.,,,,,,
240988,1965-02-19,,1965,regular,,final,Austin Peay,Murray State,17,184,89,96,,OVC,OVC,,,,,,
241002,1965-02-19,,1965,regular,,final,Western Michigan,Bowling Green,351,28,81,83,,MAC,MAC,,,,,,
241047,1965-02-19,,1965,regular,,final,Gettysburg,Lehigh,1189,141,69,43,,,,,,,,,
241063,1965-02-19,,1965,regular,,final,Toledo,Marshall,300,158,82,76,,MAC,MAC,,,,,,
241089,1965-02-19,,1965,regular,,final,Syracuse,Penn State,286,226,62,70,,Indep.,Indep.,,,,,,
241119,1965-02-19,,1965,regular,,final,Harvard,Princeton,107,234,72,82,,Ivy,Ivy,,,,,,
241134,1965-02-19,,1965,regular,,final,New Hampshire,Massachusetts,190,161,63,78,,Indep.,,,,,,,
241148,1965-02-19,,1965,regular,,final,Cornell,Yale,60,360,71,69,,Ivy,Ivy,,,,,,
241184,1965-02-19,,1965,regular,,final,Delaware,Rutgers,66,245,81,78,,,Indep.,,,,,,
241197,1965-02-19,,1965,regular,,final,Pepperdine,Pacific,228,225,69,64,,WCC,WCC,,,,,,
241255,1965-02-19,,1965,regular,,final,West Virginia,Virginia Tech,347,340,127,73,,SoCon,SoCon,,,,,,
241278,1965-02-19,,1965,regular,,final,William & Mary,Richmond,353,242,87,77,,SoCon,SoCon,,,,,,
241294,1965-02-19,,1965,regular,,final,Colorado State,Utah State,57,329,89,74,,Indep.,Indep.,,,,,,
241331,1965-02-19,,1965,regular,,final,Arizona State,Wyoming,10,358,95,88,,UAC,UAC,,,,,,
241400,1965-02-19,,1965,regular,,final,Arizona,New Mexico,11,191,66,70,,UAC,UAC,,,,,,
241417,1965-02-19,,1965,regular,,final,Fordham,St. John's,91,279,60,46,,Indep.,Indep.,,,,,,
241435,1965-02-19,,1965,regular,,final,Rice,Texas Tech,241,298,67,77,,,,,,,,,
241458,1965-02-19,,1965,regular,,final,Dartmouth,Penn State (Beaver),62,1353,70,74,,Ivy,,,,,,,
241496,1965-02-19,,1965,regular,,final,Army,New York University,15,392,70,62,,Indep.,Indep.,,,,,,
241504,1965-02-19,,1965,regular,,final,Iowa,Purdue,124,236,101,85,,Big Ten,Big Ten,,,,,,
241519,1965-02-19,,1965,regular,,final,New Mexico State,West Texas A&M,192,1440,67,78,,Indep.,Indep.,,,,,,
241539,1965-02-19,,1965,regular,,final,Michigan,Ohio State,170,216,100,61,,Big Ten,Big Ten,,,,,,
241572,1965-02-19,,1965,regular,,final,Washington State,Stanford,344,281,59,58,,Pac-12,Pac-12,,,,,,
241589,1965-02-19,,1965,regular,,final,Wake Forest,Temple,342,289,89,80,,ACC,,,,,,,
241627,1965-02-19,,1965,regular,,final,La Salle,Western Kentucky,137,350,91,77,,,OVC,,,,,,
241650,1965-02-19,,1965,regular,,final,Oklahoma City,Denver,1476,68,90,65,,,Indep.,,,,,,
241669,1965-02-19,,1965,regular,,final,Miami,Houston,168,113,103,91,,Indep.,Indep.,,,,,,
241706,1965-02-19,,1965,regular,,final,North Texas,Wichita State,204,352,67,69,,MVC,MVC,,,,,,
241729,1965-02-19,,1965,regular,,final,Tulsa,Cincinnati,304,51,84,71,,MVC,MVC,,,,,,
241748,1965-02-19,,1965,regular,,final,Memphis,Loyola New Orleans,163,650,84,54,,Indep.,,,,,,,
241787,1965-02-19,,1965,regular,,final,Utah,BYU,331,18,99,108,,UAC,UAC,,,,,,
241807,1965-02-19,,1965,regular,,final,Loyola Chicago,Dayton,151,64,72,83,,Indep.,Indep.,,,,,,
241921,1965-02-19,,1965,regular,,final,Georgia,Georgia Tech,98,101,91,66,,SEC,Indep.,,,,,,
241960,1965-02-19,,1965,regular,,final,Mississippi State,LSU,174,136,76,94,,SEC,SEC,,,,,,
241984,1965-02-19,,1965,regular,,final,Auburn,Kentucky,16,135,88,69,,SEC,SEC,,,,,,
242026,1965-02-19,,1965,regular,,final,UCLA,Oregon,313,223,74,64,,Pac-12,Pac-12,,,,,,
242047,1965-02-19,,1965,regular,,final,Washington,California,343,40,64,66,,Pac-12,Pac-12,,,,,,
242104,1965-02-19,,1965,regular,,final,Indiana,Wisconsin,121,355,100,87,,Big Ten,Big Ten,,,,,,
242127,1965-02-19,,1965,regular,,final,Michigan State,Illinois,169,118,94,113,,Big Ten,Big Ten,,,,,,
242149,1965-02-19,,1965,regular,,final,Drake,Louisville,70,150,84,65,,MVC,MVC,,,,,,
242189,1965-02-19,,1965,regular,,final,Missouri,Oklahoma,177,217,89,82,,,,,,,,,
242209,1965-02-19,,1965,regular,,final,Iowa State,Nebraska,125,188,65,69,,,MVC,,,,,,
242229,1965-02-19,,1965,regular,,final,Colorado,Oklahoma State,56,218,57,54,,,,,,,,,
242254,1965-02-19,,1965,regular,,final,Kansas,Kansas State,131,132,86,66,,,,,,,,,
241351,1965-02-20,,1965,regular,,final,Duquesne,Seton Hall,73,263,83,65,,Indep.,Indep.,,,,,,
240386,1965-02-21,,1965,regular,,final,East Tennessee State,Morehead State,75,181,75,96,,OVC,OVC,,,,,,
240430,1965-02-21,,1965,regular,,final,Tennessee Tech,Eastern Kentucky,291,78,81,99,,OVC,OVC,,,,,,
240610,1965-02-21,,1965,regular,,final,Ohio,Loyola Chicago,215,151,84,76,,MAC,Indep.,,,,,,
240806,1965-02-21,,1965,regular,,final,Marquette,Creighton,157,61,68,78,,Indep.,Indep.,,,,,,
240891,1965-02-21,,1965,regular,,final,Virginia,Wake Forest,339,342,72,74,,ACC,ACC,,,,,,
240915,1965-02-21,,1965,regular,,final,Vanderbilt,Georgia,336,98,89,72,,SEC,SEC,,,,,,
240989,1965-02-21,,1965,regular,,final,Murray State,Loyola New Orleans,184,650,83,73,,OVC,,,,,,,
241003,1965-02-21,,1965,regular,,final,Bowling Green,Marshall,28,158,114,93,,MAC,MAC,,,,,,
241109,1965-02-21,,1965,regular,,final,Western Kentucky,Austin Peay,350,17,116,77,,OVC,OVC,,,,,,
241367,1965-02-21,,1965,regular,,final,Holy Cross,Boston College,111,26,94,95,,Indep.,Indep.,,,,,,
241768,1965-02-21,,1965,regular,,final,Utah State,Seattle U,329,262,71,67,,Indep.,Indep.,,,,,,
241898,1965-02-21,,1965,regular,,final,Tennessee,Auburn,292,16,69,38,,SEC,SEC,,,,,,
241939,1965-02-21,,1965,regular,,final,Tulane,Mississippi State,303,174,72,91,,SEC,SEC,,,,,,
241961,1965-02-21,,1965,regular,,final,Ole Miss,LSU,220,136,56,60,,SEC,SEC,,,,,,
241985,1965-02-21,,1965,regular,,final,Alabama,Kentucky,5,135,75,71,,SEC,SEC,,,,,,
242066,1965-02-21,,1965,regular,,final,Ohio State,Michigan State,216,169,101,90,,Big Ten,Big Ten,,,,,,
242105,1965-02-21,,1965,regular,,final,Purdue,Indiana,236,121,82,70,,Big Ten,Big Ten,,,,,,
242230,1965-02-21,,1965,regular,,final,Colorado,Missouri,56,177,75,80,,,,,,,,,
240364,1965-02-22,,1965,regular,,final,Minnesota,Michigan,173,170,85,88,,Big Ten,Big Ten,,,,,,
240493,1965-02-22,,1965,regular,,final,Pepperdine,Loyola Marymount,228,153,78,71,,WCC,WCC,,,,,,
240675,1965-02-22,,1965,regular,,final,Florida,Florida State,87,90,77,65,,SEC,Indep.,,,,,,
240777,1965-02-22,,1965,regular,,final,Syracuse,Canisius,286,42,79,63,,Indep.,Indep.,,,,,,
240835,1965-02-22,,1965,regular,,final,TCU,Texas A&M,287,293,95,102,,,,,,,,,
240859,1965-02-22,,1965,regular,,final,Baylor,Texas Tech,20,298,88,86,,,,,,,,,
240871,1965-02-22,,1965,regular,,final,Arkansas,Texas,12,295,72,74,,,,,,,,,
241025,1965-02-22,,1965,regular,,final,Lehigh,Delaware,141,66,64,49,,,,,,,,,
241198,1965-02-22,,1965,regular,,final,Pacific,Saint Mary's,225,253,77,87,,WCC,WCC,,,,,,
241214,1965-02-22,,1965,regular,,final,Santa Clara,San Francisco,261,259,68,90,,WCC,WCC,,,,,,
241235,1965-02-22,,1965,regular,,final,San José State,UC Santa Barbara,260,311,73,55,,WCC,WCC,,,,,,
241386,1965-02-22,,1965,regular,,final,Villanova,Providence,338,235,71,57,,Indep.,Indep.,,,,,,
241436,1965-02-22,,1965,regular,,final,SMU,Rice,248,241,100,80,,,,,,,,,
241555,1965-02-22,,1965,regular,,final,North Carolina,Virginia,200,339,105,101,,ACC,ACC,,,,,,
241651,1965-02-22,,1965,regular,,final,Oklahoma City,North Texas,1476,204,93,79,,,MVC,,,,,,
241859,1965-02-22,,1965,regular,,final,Maryland,Duke,160,72,85,82,,ACC,ACC,,,,,,
242083,1965-02-22,,1965,regular,,final,Wisconsin,Northwestern,355,212,93,87,,Big Ten,Big Ten,,,,,,
242128,1965-02-22,,1965,regular,,final,Illinois,Iowa,118,124,97,80,,Big Ten,Big Ten,,,,,,
242159,1965-02-22,,1965,regular,,final,Oklahoma State,Oklahoma,218,217,64,54,,,,,,,,,
242255,1965-02-22,,1965,regular,,final,Kansas,Nebraska,131,188,71,62,,,MVC,,,,,,
240482,1965-02-23,,1965,regular,,final,New Hampshire,Rhode Island,190,240,77,90,,Indep.,Indep.,,,,,,
240506,1965-02-23,,1965,regular,,final,Manhattan,UConn,155,314,75,80,,Indep.,Indep.,,,,,,
240512,1965-02-23,,1965,regular,,final,Iona,St. Francis Brooklyn,123,364,73,64,,Indep.,Indep.,,,,,,
240990,1965-02-23,,1965,regular,,final,Murray State,Middle Tennessee,184,171,91,89,,OVC,OVC,,,,,,
241037,1965-02-23,,1965,regular,,final,Seton Hall,Saint Peter's,263,254,79,78,,Indep.,,,,,,,
241064,1965-02-23,,1965,regular,,final,Western Michigan,Toledo,351,300,81,77,,MAC,MAC,,,,,,
241090,1965-02-23,,1965,regular,,final,Penn State,Bucknell,226,32,68,52,,Indep.,,,,,,,
241352,1965-02-23,,1965,regular,,final,Duquesne,St. Bonaventure,73,277,99,65,,Indep.,Indep.,,,,,,
241368,1965-02-23,,1965,regular,,final,Boston University,Boston College,27,26,85,90,,Indep.,Indep.,,,,,,
241475,1965-02-23,,1965,regular,,final,New York University,Notre Dame,392,213,60,54,,Indep.,Indep.,,,,,,
241520,1965-02-23,,1965,regular,,final,UTEP,New Mexico State,327,192,107,51,,Indep.,Indep.,,,,,,
241590,1965-02-23,,1965,regular,,final,Temple,Lafayette,289,138,79,54,,,,,,,,,
241628,1965-02-23,,1965,regular,,final,La Salle,Georgetown,137,97,88,80,,,Indep.,,,,,,
241687,1965-02-23,,1965,regular,,final,Cincinnati,Saint Louis,51,252,69,60,,MVC,MVC,,,,,,
241821,1965-02-23,,1965,regular,,final,Louisville,Dayton,150,64,70,75,,MVC,Indep.,,,,,,
240372,1965-02-24,,1965,regular,,final,Marshall,Eastern Kentucky,158,78,92,94,,MAC,OVC,,,,,,
241135,1965-02-24,,1965,regular,,final,Massachusetts,Boston University,161,27,87,83,,,Indep.,,,,,,
241236,1965-02-24,,1965,regular,,final,San José State,Loyola Marymount,260,153,67,62,,WCC,WCC,,,,,,
241295,1965-02-24,,1965,regular,,final,Utah State,Montana State,329,180,98,71,,Indep.,Big Sky,,,,,,
241730,1965-02-24,,1965,regular,,final,Tulsa,North Texas,304,204,87,77,,MVC,MVC,,,,,,
241749,1965-02-24,,1965,regular,,final,Xavier,Memphis,359,163,95,74,,Indep.,Indep.,,,,,,
240422,1965-02-25,,1965,regular,,final,UC Santa Barbara,Pepperdine,311,228,79,63,,WCC,WCC,,,,,,
240811,1965-02-25,,1965,regular,,final,Utah,Arizona State,331,10,79,90,,UAC,UAC,,,,,,
240824,1965-02-25,,1965,regular,,final,Princeton,Columbia,234,58,93,60,,Ivy,Ivy,,,,,,
240836,1965-02-25,,1965,regular,,final,Texas Tech,TCU,298,287,93,91,,,,,,,,,
240943,1965-02-25,,1965,regular,,final,Stanford,UCLA,281,313,67,83,,Pac-12,Pac-12,,,,,,
241016,1965-02-25,,1965,regular,,final,Idaho,Idaho State,117,116,120,94,,Big Sky,Big Sky,,,,,,
241149,1965-02-25,,1965,regular,,final,Yale,Harvard,360,107,68,51,,Ivy,Ivy,,,,,,
241165,1965-02-25,,1965,regular,,final,Brown,Dartmouth,30,62,71,63,,Ivy,Ivy,,,,,,
241199,1965-02-25,,1965,regular,,final,Pacific,San Francisco,225,259,67,65,,WCC,WCC,,,,,,
241215,1965-02-25,,1965,regular,,final,Santa Clara,Saint Mary's,261,253,67,66,,WCC,WCC,,,,,,
241313,1965-02-25,,1965,regular,,final,Colorado State,Air Force,57,2,72,62,,Indep.,Indep.,,,,,,
241401,1965-02-25,,1965,regular,,final,Wyoming,New Mexico,358,191,83,65,,UAC,UAC,,,,,,
241419,1965-02-25,,1965,regular,,final,Syracuse,St. John's,286,279,68,59,,Indep.,Indep.,,,,,,
241459,1965-02-25,,1965,regular,,final,Penn State (Beaver),Cornell,1353,60,79,70,,,Ivy,,,,,,
241486,1965-02-25,,1965,regular,,final,Virginia,South Carolina,339,266,70,59,,ACC,ACC,,,,,,
241573,1965-02-25,,1965,regular,,final,Oregon State,Washington State,224,344,66,51,,Pac-12,Pac-12,,,,,,
241769,1965-02-25,,1965,regular,,final,Seattle U,Portland,262,230,84,82,,Indep.,Indep.,,,,,,
241788,1965-02-25,,1965,regular,,final,BYU,Arizona,18,11,92,88,,UAC,UAC,,,,,,
241882,1965-02-25,,1965,regular,,final,Maryland,Clemson,160,52,88,71,,ACC,ACC,,,,,,
241922,1965-02-25,,1965,regular,,final,Auburn,Georgia Tech,16,101,54,59,,SEC,Indep.,,,,,,
242027,1965-02-25,,1965,regular,,final,Oregon,Washington,223,343,76,82,,Pac-12,Pac-12,,,,,,
242048,1965-02-25,,1965,regular,,final,California,USC,40,323,67,68,,Pac-12,Pac-12,,,,,,
240373,1965-02-26,,1965,regular,,final,Eastern Kentucky,Morehead State,78,181,100,85,,OVC,OVC,,,,,,
240392,1965-02-26,,1965,regular,,final,Navy,Army,187,15,52,62,,Indep.,Indep.,,,,,,
240407,1965-02-26,,1965,regular,,final,Bucknell,Lehigh,32,141,85,54,,,,,,,,,
240431,1965-02-26,,1965,regular,,final,East Tennessee State,Tennessee Tech,75,291,75,90,,OVC,OVC,,,,,,
240444,1965-02-26,,1965,regular,,final,Gonzaga,Idaho State,102,116,74,53,,Big Sky,Big Sky,,,,,,
240460,1965-02-26,,1965,regular,,final,Saint Peter's,Iona,254,123,77,65,,,Indep.,,,,,,
240494,1965-02-26,,1965,regular,,final,UC Santa Barbara,Loyola Marymount,311,153,80,61,,WCC,WCC,,,,,,
240507,1965-02-26,,1965,regular,,final,UConn,New Hampshire,314,190,109,61,,Indep.,Indep.,,,,,,
240524,1965-02-26,,1965,regular,,final,Western Michigan,Marshall,351,158,100,85,,MAC,MAC,,,,,,
240549,1965-02-26,,1965,regular,,final,Ohio,Kent State,215,134,95,75,,MAC,MAC,,,,,,
240621,1965-02-26,,1965,regular,,final,St. Bonaventure,Niagara,277,194,87,69,,Indep.,Indep.,,,,,,
240639,1965-02-26,,1965,regular,,final,Colorado State,Montana State,57,180,91,71,,Indep.,Big Sky,,,,,,
240807,1965-02-26,,1965,regular,,final,Xavier,Marquette,359,157,56,55,,Indep.,Indep.,,,,,,
240816,1965-02-26,,1965,regular,,final,Utah,Arizona,331,11,100,72,,UAC,UAC,,,,,,
240820,1965-02-26,,1965,regular,,final,Princeton,Cornell,234,60,107,84,,Ivy,Ivy,,,,,,
240850,1965-02-26,,1965,regular,,final,Texas,Texas A&M,295,293,86,71,,,,,,,,,
240860,1965-02-26,,1965,regular,,final,SMU,Baylor,248,20,80,70,,,,,,,,,
240886,1965-02-26,,1965,regular,,final,San Francisco,Saint Mary's,259,253,65,52,,WCC,WCC,,,,,,
240916,1965-02-26,,1965,regular,,final,Georgia,Florida,98,87,74,83,,SEC,SEC,,,,,,
240930,1965-02-26,,1965,regular,,final,Vanderbilt,Alabama,336,5,75,54,,SEC,SEC,,,,,,
240944,1965-02-26,,1965,regular,,final,Stanford,USC,281,323,87,71,,Pac-12,Pac-12,,,,,,
241004,1965-02-26,,1965,regular,,final,Bowling Green,Detroit Mercy,28,69,73,75,,MAC,Indep.,,,,,,
241017,1965-02-26,,1965,regular,,final,Idaho,Weber State,117,345,103,106,,Big Sky,Big Sky,,,,,,
241065,1965-02-26,,1965,regular,,final,Miami (OH),Toledo,167,300,78,64,,MAC,MAC,,,,,,
241091,1965-02-26,,1965,regular,,final,Pittsburgh,Penn State,229,226,72,83,,Indep.,Indep.,,,,,,
241110,1965-02-26,,1965,regular,,final,Murray State,Western Kentucky,184,350,103,91,,OVC,OVC,,,,,,
241120,1965-02-26,,1965,regular,,final,Brown,Harvard,30,107,71,89,,Ivy,Ivy,,,,,,
241136,1965-02-26,,1965,regular,,final,Maine-Farmington,Massachusetts,1078,161,86,93,,,,,,,,,
241166,1965-02-26,,1965,regular,,final,Yale,Dartmouth,360,62,94,80,,Ivy,Ivy,,,,,,
241185,1965-02-26,,1965,regular,,final,Rutgers,Lafayette,245,138,74,67,,Indep.,,,,,,,
241216,1965-02-26,,1965,regular,,final,Pacific,Santa Clara,225,261,87,88,,WCC,WCC,,,,,,
241237,1965-02-26,,1965,regular,,final,San José State,Pepperdine,260,228,82,68,,WCC,WCC,,,,,,
241332,1965-02-26,,1965,regular,,final,Wyoming,Air Force,358,2,74,71,,UAC,Indep.,,,,,,
241387,1965-02-26,,1965,regular,,final,Holy Cross,Providence,111,235,64,75,,Indep.,Indep.,,,,,,
241402,1965-02-26,,1965,regular,,final,Denver,New Mexico,68,191,68,58,,Indep.,UAC,,,,,,
241420,1965-02-26,,1965,regular,,final,Canisius,St. John's,42,279,85,75,,Indep.,Indep.,,,,,,
241437,1965-02-26,,1965,regular,,final,Rice,Arkansas,241,12,64,77,,,,,,,,,
241460,1965-02-26,,1965,regular,,final,Penn State (Beaver),Columbia,1353,58,71,58,,,Ivy,,,,,,
241476,1965-02-26,,1965,regular,,final,DePaul,Notre Dame,65,213,67,83,,Indep.,Indep.,,,,,,
241487,1965-02-26,,1965,regular,,final,Maryland,South Carolina,160,266,73,59,,ACC,ACC,,,,,,
241497,1965-02-26,,1965,regular,,final,Fordham,New York University,91,392,58,52,,Indep.,Indep.,,,,,,
241505,1965-02-26,,1965,regular,,final,Purdue,Iowa,236,124,76,68,,Big Ten,Big Ten,,,,,,
241521,1965-02-26,,1965,regular,,final,West Texas A&M,New Mexico State,1440,192,100,77,,Indep.,Indep.,,,,,,
241530,1965-02-26,,1965,regular,,final,Ohio State,Northwestern,216,212,100,87,,Big Ten,Big Ten,,,,,,
241670,1965-02-26,,1965,regular,,final,Oklahoma City,Houston,1476,113,85,79,,,Indep.,,,,,,
241707,1965-02-26,,1965,regular,,final,Wichita State,Bradley,352,29,73,77,,MVC,MVC,,,,,,
241750,1965-02-26,,1965,regular,,final,Villanova,Memphis,338,163,91,58,,Indep.,Indep.,,,,,,
241789,1965-02-26,,1965,regular,,final,BYU,Arizona State,18,10,104,91,,UAC,UAC,,,,,,
241808,1965-02-26,,1965,regular,,final,Dayton,St. Francis (PA),64,278,80,43,,Indep.,Indep.,,,,,,
241822,1965-02-26,,1965,regular,,final,Saint Louis,Louisville,252,150,78,65,,MVC,MVC,,,,,,
241838,1965-02-26,,1965,regular,,final,NC State,Wake Forest,185,342,87,81,,ACC,ACC,,,,,,
241860,1965-02-26,,1965,regular,,final,North Carolina,Duke,200,72,71,66,,ACC,ACC,,,,,,
241883,1965-02-26,,1965,regular,,final,Virginia,Clemson,339,52,69,67,,ACC,ACC,,,,,,
241940,1965-02-26,,1965,regular,,final,Ole Miss,Mississippi State,220,174,77,78,,SEC,SEC,,,,,,
241962,1965-02-26,,1965,regular,,final,Tulane,LSU,303,136,74,77,,SEC,SEC,,,,,,
241986,1965-02-26,,1965,regular,,final,Kentucky,Tennessee,135,292,61,60,,SEC,SEC,,,,,,
242003,1965-02-26,,1965,regular,,final,Oregon State,Washington,224,343,54,45,,Pac-12,Pac-12,,,,,,
242028,1965-02-26,,1965,regular,,final,Washington State,Oregon,344,223,71,61,,Pac-12,Pac-12,,,,,,
242049,1965-02-26,,1965,regular,,final,California,UCLA,40,313,68,83,,Pac-12,Pac-12,,,,,,
242084,1965-02-26,,1965,regular,,final,Wisconsin,Michigan State,355,169,99,89,,Big Ten,Big Ten,,,,,,
242106,1965-02-26,,1965,regular,,final,Minnesota,Indiana,173,121,100,88,,Big Ten,Big Ten,,,,,,
242129,1965-02-26,,1965,regular,,final,Illinois,Michigan,118,170,79,80,,Big Ten,Big Ten,,,,,,
242150,1965-02-26,,1965,regular,,final,Cincinnati,Drake,51,70,66,58,,MVC,MVC,,,,,,
242174,1965-02-26,,1965,regular,,final,Nebraska,Oklahoma,188,217,67,63,,MVC,,,,,,,
242231,1965-02-26,,1965,regular,,final,Kansas State,Colorado,132,56,65,50,,,,,,,,,
240432,1965-02-28,,1965,regular,,final,East Tennessee State,Middle Tennessee,75,171,106,74,,OVC,OVC,,,,,,
240445,1965-02-28,,1965,regular,,final,Gonzaga,Weber State,102,345,77,68,,Big Sky,Big Sky,,,,,,
240539,1965-02-28,,1965,regular,,final,Miami (OH),Eastern Kentucky,167,78,82,68,,MAC,OVC,,,,,,
240613,1965-02-28,,1965,regular,,final,Miami,Florida State,168,90,82,75,,Indep.,Indep.,,,,,,
240924,1965-02-28,,1965,regular,,final,Florida,Tennessee,87,292,58,56,,SEC,SEC,,,,,,
241296,1965-02-28,,1965,regular,,final,Utah State,Portland,329,230,72,66,,Indep.,Indep.,,,,,,
241477,1965-02-28,,1965,regular,,final,Notre Dame,Creighton,213,61,92,74,,Indep.,Indep.,,,,,,
241731,1965-02-28,,1965,regular,,final,Wichita State,Tulsa,352,304,59,48,,MVC,MVC,,,,,,
241899,1965-02-28,,1965,regular,,final,Auburn,Vanderbilt,16,336,64,79,,SEC,SEC,,,,,,
241987,1965-02-28,,1965,regular,,final,Kentucky,Alabama,135,5,78,72,,SEC,SEC,,,,,,
242067,1965-02-28,,1965,regular,,final,Michigan State,Purdue,169,236,110,92,,Big Ten,Big Ten,,,,,,
242107,1965-02-28,,1965,regular,,final,Indiana,Ohio State,121,216,110,90,,Big Ten,Big Ten,,,,,,
242160,1965-02-28,,1965,regular,,final,Oklahoma State,Kansas State,218,132,69,60,,,,,,,,,
242256,1965-02-28,,1965,regular,,final,Kansas,Colorado,131,56,68,62,,,,,,,,,
240369,1965-03-01,,1965,regular,,final,Arkansas,Texas Tech,12,298,80,87,,,,,,,,,
240450,1965-03-01,,1965,regular,,final,Hardin-Simmons,West Texas A&M,772,1440,54,50,,,Indep.,,,,,,
240808,1965-03-01,,1965,regular,,final,Marquette,Detroit Mercy,157,69,76,90,,Indep.,Indep.,,,,,,
240844,1965-03-01,,1965,regular,,final,Texas A&M,SMU,293,248,94,81,,,,,,,,,
240851,1965-03-01,,1965,regular,,final,Texas,TCU,295,287,84,63,,,,,,,,,
240899,1965-03-01,,1965,regular,,final,Bradley,North Texas,29,204,102,77,,MVC,MVC,,,,,,
240970,1965-03-01,,1965,regular,,final,Maine-Farmington,New Hampshire,1078,190,105,70,,,Indep.,,,,,,
240991,1965-03-01,,1965,regular,,final,Murray State,Morehead State,184,181,84,75,,OVC,OVC,,,,,,
241026,1965-03-01,,1965,regular,,final,Bucknell,Delaware,32,66,85,69,,,,,,,,,
241238,1965-03-01,,1965,regular,,final,San José State,Pacific,260,225,68,58,,WCC,WCC,,,,,,
241388,1965-03-01,,1965,regular,,final,Providence,Massachusetts,235,161,102,75,,Indep.,,,,,,,
241438,1965-03-01,,1965,regular,,final,Rice,Baylor,241,20,72,79,,,,,,,,,
241506,1965-03-01,,1965,regular,,final,Iowa,Minnesota,124,173,70,78,,Big Ten,Big Ten,,,,,,
242085,1965-03-01,,1965,regular,,final,Michigan,Wisconsin,170,355,98,75,,Big Ten,Big Ten,,,,,,
242130,1965-03-01,,1965,regular,,final,Northwestern,Illinois,212,118,70,93,,Big Ten,Big Ten,,,,,,
242190,1965-03-01,,1965,regular,,final,Missouri,Nebraska,177,188,84,66,,,MVC,,,,,,
240508,1965-03-02,,1965,regular,,final,Colgate,UConn,55,314,66,101,,Indep.,Indep.,,,,,,
240778,1965-03-02,,1965,regular,,final,Niagara,Syracuse,194,286,64,95,,Indep.,Indep.,,,,,,
240817,1965-03-02,,1965,regular,,final,Arizona,Arizona State,11,10,97,87,,UAC,UAC,,,,,,
241005,1965-03-02,,1965,regular,,final,Bowling Green,Loyola Chicago,28,151,88,82,,MAC,Indep.,,,,,,
241038,1965-03-02,,1965,regular,,final,Seton Hall,Villanova,263,338,63,84,,Indep.,Indep.,,,,,,
241066,1965-03-02,,1965,regular,,final,Kent State,Toledo,134,300,71,73,,MAC,MAC,,,,,,
241167,1965-03-02,,1965,regular,,final,Dartmouth,Brown,62,30,84,70,,Ivy,Ivy,,,,,,
241186,1965-03-02,,1965,regular,,final,Rutgers,Lehigh,245,141,78,62,,Indep.,,,,,,,
241314,1965-03-02,,1965,regular,,final,Denver,Air Force,68,2,64,60,,Indep.,Indep.,,,,,,
241461,1965-03-02,,1965,regular,,final,Princeton,Penn State (Beaver),234,1353,81,71,,Ivy,,,,,,,
241610,1965-03-02,,1965,regular,,final,Saint Joseph's,St. Bonaventure,251,277,95,87,,,Indep.,,,,,,
241688,1965-03-02,,1965,regular,,final,Cincinnati,Xavier,51,359,102,72,,MVC,Indep.,,,,,,
241708,1965-03-02,,1965,regular,,final,Louisville,Wichita State,150,352,79,70,,MVC,MVC,,,,,,
241751,1965-03-02,,1965,regular,,final,Memphis,Duquesne,163,73,87,93,,Indep.,Indep.,,,,,,
240446,1965-03-03,,1965,regular,,final,Weber State,Gonzaga,345,102,86,67,,Big Sky,Big Sky,,,,,,
240738,1965-03-03,,1965,regular,,final,Loyola New Orleans,Oklahoma,650,217,80,94,,,,,,,,,
240832,1965-03-03,,1965,regular,,final,Texas Tech,Texas A&M,298,293,98,73,,,,,,,,,
240861,1965-03-03,,1965,regular,,final,Baylor,Texas,20,295,75,79,,,,,,,,,
240872,1965-03-03,,1965,regular,,final,SMU,Arkansas,248,12,88,75,,,,,,,,,
240895,1965-03-03,,1965,regular,,final,Saint Louis,North Texas,252,204,90,73,,MVC,MVC,,,,,,
240971,1965-03-03,,1965,regular,,final,Boston University,Maine-Farmington,27,1078,77,68,,Indep.,,,,,,,
241048,1965-03-03,,1965,regular,,final,Lafayette,Gettysburg,138,1189,84,63,,,,,,,,,
241297,1965-03-03,,1965,regular,,final,Montana State,Utah State,180,329,71,69,,Big Sky,Indep.,,,,,,
241369,1965-03-03,,1965,regular,,final,Boston College,Holy Cross,26,111,111,89,,Indep.,Indep.,,,,,,
241439,1965-03-03,,1965,regular,,final,TCU,Rice,287,241,98,86,,,,,,,,,
241839,1965-03-03,,1965,regular,,final,NC State,Virginia,185,339,106,69,,ACC,ACC,,,,,,
240629,1965-03-04,,1965,regular,,final,Pepperdine,San Francisco,228,259,76,100,,WCC,WCC,,,,,,
240917,1965-03-04,,1965,regular,,final,Florida,Georgia,87,98,90,66,,SEC,SEC,,,,,,
240936,1965-03-04,,1965,regular,,final,USC,UCLA,323,313,71,77,,Pac-12,Pac-12,,,,,,
241018,1965-03-04,,1965,regular,,final,Idaho State,Idaho,116,117,104,92,,Big Sky,Big Sky,,,,,,
241039,1965-03-04,,1965,regular,,final,Seton Hall,Iona,263,123,71,59,,Indep.,Indep.,,,,,,
241150,1965-03-04,,1965,regular,,final,Harvard,Yale,107,360,85,83,,Ivy,Ivy,,,,,,
241200,1965-03-04,,1965,regular,,final,Pacific,UC Santa Barbara,225,311,86,81,,WCC,WCC,,,,,,
241217,1965-03-04,,1965,regular,,final,Loyola Marymount,Santa Clara,153,261,76,79,,WCC,WCC,,,,,,
241239,1965-03-04,,1965,regular,,final,Saint Mary's,San José State,253,260,58,64,,WCC,WCC,,,,,,
241389,1965-03-04,,1965,regular,,final,Brown,Providence,30,235,65,90,,Ivy,Indep.,,,,,,
241403,1965-03-04,,1965,regular,,final,Utah,New Mexico,331,191,78,76,,UAC,UAC,,,,,,
241790,1965-03-04,,1965,regular,,final,BYU,Wyoming,18,358,102,87,,UAC,UAC,,,,,,
241840,1965-03-04,,1965,regular,,final,NC State,Maryland,185,160,76,67,,ACC,ACC,,,,,,
242004,1965-03-04,,1965,regular,,final,Washington,Washington State,343,344,74,78,,Pac-12,Pac-12,,,,,,
242029,1965-03-04,,1965,regular,,final,Oregon State,Oregon,224,223,69,50,,Pac-12,Pac-12,,,,,,
242050,1965-03-04,,1965,regular,,final,California,Stanford,40,281,79,86,,Pac-12,Pac-12,,,,,,
240365,1965-03-05,,1965,regular,,final,Iowa,Illinois,124,118,94,84,,Big Ten,Big Ten,,,,,,
240447,1965-03-05,,1965,regular,,final,Idaho State,Gonzaga,116,102,101,97,,Big Sky,Big Sky,,,,,,
240509,1965-03-05,,1965,regular,,final,Rhode Island,UConn,240,314,73,88,,Indep.,Indep.,,,,,,
240513,1965-03-05,,1965,regular,,final,Saint Peter's,St. Francis Brooklyn,254,364,77,70,,,Indep.,,,,,,
240568,1965-03-05,,1965,regular,,final,Georgetown,Manhattan,97,155,89,75,,Indep.,Indep.,,,,,,
240574,1965-03-05,,1965,regular,,final,Miami (OH),Pittsburgh,167,229,89,66,,MAC,Indep.,,,,,,
240595,1965-03-05,,1965,regular,,final,Holy Cross,Fordham,111,91,65,79,,Indep.,Indep.,,,,,,
240630,1965-03-05,,1965,regular,,final,Loyola Marymount,San Francisco,153,259,72,100,,WCC,WCC,,,,,,
240677,1965-03-05,,1965,regular,,final,Florida State,Georgia,90,98,85,83,,Indep.,SEC,,,,,,
240809,1965-03-05,,1965,regular,,final,Marquette,Villanova,157,338,69,73,,Indep.,Indep.,,,,,,
240887,1965-03-05,,1965,regular,,final,Saint Mary's,UC Santa Barbara,253,311,62,64,,WCC,WCC,,,,,,
240900,1965-03-05,,1965,regular,,final,Bradley,Saint Louis,29,252,94,91,,MVC,MVC,,,,,,
240937,1965-03-05,,1965,regular,,final,USC,UCLA,323,313,50,52,,Pac-12,Pac-12,,,,,,
240953,1965-03-05,,1965,regular,,final,Vanderbilt,Tulane,336,303,85,62,,SEC,SEC,,,,,,
241006,1965-03-05,,1965,regular,,final,Marshall,Bowling Green,158,28,94,108,,MAC,MAC,,,,,,
241067,1965-03-05,,1965,regular,,final,Toledo,Ohio,300,215,61,87,,MAC,MAC,,,,,,
241168,1965-03-05,,1965,regular,,final,Dartmouth,Yale,62,360,58,81,,Ivy,Ivy,,,,,,
241187,1965-03-05,,1965,regular,,final,Penn State,Rutgers,226,245,88,75,,Indep.,Indep.,,,,,,
241218,1965-03-05,,1965,regular,,final,Santa Clara,Pepperdine,261,228,104,94,,WCC,WCC,,,,,,
241315,1965-03-05,,1965,regular,,final,Air Force,Colorado State,2,57,71,67,,Indep.,Indep.,,,,,,
241333,1965-03-05,,1965,regular,,final,Utah,Wyoming,331,358,102,107,,UAC,UAC,,,,,,
241540,1965-03-05,,1965,regular,,final,Michigan,Minnesota,170,173,91,78,,Big Ten,Big Ten,,,,,,
241791,1965-03-05,,1965,regular,,final,BYU,New Mexico,18,191,70,67,,UAC,UAC,,,,,,
241809,1965-03-05,,1965,regular,,final,DePaul,Dayton,65,64,64,71,,Indep.,Indep.,,,,,,
241863,1965-03-05,,1965,regular,,final,NC State,Duke,185,72,91,85,,ACC,ACC,,,,,,
241963,1965-03-05,,1965,regular,,final,Tennessee,LSU,292,136,83,60,,SEC,SEC,,,,,,
242005,1965-03-05,,1965,regular,,final,Washington State,Washington,344,343,55,76,,Pac-12,Pac-12,,,,,,
242030,1965-03-05,,1965,regular,,final,Oregon,Oregon State,223,224,61,64,,Pac-12,Pac-12,,,,,,
242051,1965-03-05,,1965,regular,,final,Stanford,California,281,40,72,59,,Pac-12,Pac-12,,,,,,
242068,1965-03-05,,1965,regular,,final,Michigan State,Ohio State,169,216,75,97,,Big Ten,Big Ten,,,,,,
242086,1965-03-05,,1965,regular,,final,Northwestern,Wisconsin,212,355,76,88,,Big Ten,Big Ten,,,,,,
242108,1965-03-05,,1965,regular,,final,Indiana,Purdue,121,236,90,79,,Big Ten,Big Ten,,,,,,
242151,1965-03-05,,1965,regular,,final,Wichita State,Drake,352,70,76,74,,MVC,MVC,,,,,,
242191,1965-03-05,,1965,regular,,final,Kansas State,Missouri,132,177,58,67,,,,,,,,,
242232,1965-03-05,,1965,regular,,final,Colorado,Iowa State,56,125,90,65,,,,,,,,,
242257,1965-03-05,,1965,regular,,final,Kansas,Oklahoma State,131,218,58,64,,,,,,,,,
240908,1965-03-07,,1965,regular,,final,Purdue,Northwestern,236,212,82,87,,Big Ten,Big Ten,,,,,,
240959,1965-03-07,,1965,regular,,final,Tennessee,Tulane,292,303,102,62,,SEC,SEC,,,,,,
241541,1965-03-07,,1965,regular,,final,Ohio State,Michigan,216,170,93,85,,Big Ten,Big Ten,,,,,,
241964,1965-03-07,,1965,regular,,final,Vanderbilt,LSU,336,136,106,69,,SEC,SEC,,,,,,
242006,1965-03-07,,1965,regular,,final,Idaho,Washington,117,343,87,99,,Big Sky,Pac-12,,,,,,
242109,1965-03-07,,1965,regular,,final,Wisconsin,Indiana,355,121,73,92,,Big Ten,Big Ten,,,,,,
242161,1965-03-07,,1965,regular,,final,Oklahoma,Oklahoma State,217,218,66,89,,,,,,,,,
242175,1965-03-07,,1965,regular,,final,Nebraska,Kansas State,188,132,67,79,,MVC,,,,,,,
242210,1965-03-07,,1965,regular,,final,Iowa State,Missouri,125,177,78,65,,,,,,,,,
371540,1965-03-07,,1965,postseason,NCAA,final,Colorado State,Oklahoma City,57,1476,68,70,1,Indep.,,,,,,,"NCAA Men's Tourn., West - First Round"
371541,1965-03-07,,1965,postseason,NCAA,final,UConn,Saint Joseph's,314,251,61,67,1,Indep.,,,,,,,"NCAA Men's Tourn., East - First Round"
371542,1965-03-07,,1965,postseason,NCAA,final,Houston,Notre Dame,113,213,99,98,1,Indep.,Indep.,,,,,,"NCAA Men's Tourn., Midwest - First Round"
371543,1965-03-07,,1965,postseason,NCAA,final,Penn State,Princeton,226,234,58,60,1,Indep.,Ivy,,,,,,"NCAA Men's Tourn., East - First Round"
371544,1965-03-07,,1965,postseason,NCAA,final,Providence,West Virginia,235,347,91,67,1,Indep.,SoCon,,,,,,"NCAA Men's Tourn., East - First Round"
241507,1965-03-08,,1965,regular,,final,Minnesota,Iowa,173,124,85,84,,Big Ten,Big Ten,,,,,,
242131,1965-03-08,,1965,regular,,final,Illinois,Michigan State,118,169,121,89,,Big Ten,Big Ten,,,,,,
371545,1965-03-08,,1965,postseason,NCAA,final,Dayton,Ohio,64,215,66,65,1,Indep.,MAC,,,,,,"NCAA Men's Tourn., Mideast - First Round"
371546,1965-03-08,,1965,postseason,NCAA,final,DePaul,Eastern Kentucky,65,78,99,52,1,Indep.,OVC,,,,,,"NCAA Men's Tourn., Mideast - First Round"
371547,1965-03-10,,1965,postseason,NIT,final,Manhattan,UTEP,155,327,71,53,,Indep.,Indep.,,,,,,NIT-FIRST-ROUND
371548,1965-03-10,,1965,postseason,NIT,final,St. John's,Boston College,279,26,114,92,,Indep.,Indep.,,,,,,NIT-FIRST-ROUND
371549,1965-03-11,,1965,postseason,NCAA,final,BYU,UCLA,18,313,76,100,1,UAC,Pac-12,,,,,,"NCAA Men's Tourn., West - Regional Semifinal"
371550,1965-03-11,,1965,postseason,NCAA,final,Dayton,Michigan,64,170,71,98,1,Indep.,Big Ten,,,,,,"NCAA Men's Tourn., Mideast - Regional Semifinal"
371551,1965-03-11,,1965,postseason,NCAA,final,DePaul,Vanderbilt,65,336,78,83,1,Indep.,SEC,,,,,,"NCAA Men's Tourn., Mideast - Regional Semifinal"
371552,1965-03-11,,1965,postseason,NCAA,final,Houston,Oklahoma State,113,218,60,75,1,Indep.,,,,,,,"NCAA Men's Tourn., Midwest - Regional Semifinal"
371553,1965-03-11,,1965,postseason,NCAA,final,NC State,Princeton,185,234,48,66,1,ACC,Ivy,,,,,,"NCAA Men's Tourn., East - Regional Semifinal"
371554,1965-03-11,,1965,postseason,NCAA,final,Oklahoma City,San Francisco,1476,259,67,91,1,,WCC,,,,,,"NCAA Men's Tourn., West - Regional Semifinal"
371555,1965-03-11,,1965,postseason,NCAA,final,Providence,Saint Joseph's,235,251,81,73,1,Indep.,,,,,,,"NCAA Men's Tourn., East - Regional Semifinal"
371556,1965-03-11,,1965,postseason,NCAA,final,SMU,Wichita State,248,352,81,86,1,,MVC,,,,,,"NCAA Men's Tourn., Midwest - Regional Semifinal"
371557,1965-03-12,,1965,postseason,NCAA,final,BYU,Oklahoma City,18,1476,102,112,1,UAC,,,,,,,"NCAA Men's Tourn., West - Regional Third Place"
371558,1965-03-12,,1965,postseason,NCAA,final,Dayton,DePaul,64,65,75,69,1,Indep.,Indep.,,,,,,"NCAA Men's Tourn., Mideast - Regional Third Place"
371559,1965-03-12,,1965,postseason,NIT,final,Fordham,Western Kentucky,91,350,53,57,,Indep.,OVC,,,,,,NIT-FIRST-ROUND
371560,1965-03-12,,1965,postseason,NCAA,final,Houston,SMU,113,248,87,89,1,Indep.,,,,,,,"NCAA Men's Tourn., Midwest - Regional Third Place"
371561,1965-03-12,,1965,postseason,NIT,final,La Salle,Detroit Mercy,137,69,86,93,,,Indep.,,,,,,NIT-FIRST-ROUND
371562,1965-03-12,,1965,postseason,NCAA,final,Michigan,Vanderbilt,170,336,87,85,1,Big Ten,SEC,,,,,,"NCAA Men's Tourn., Mideast - Regional Final"
371563,1965-03-12,,1965,postseason,NIT,final,New York University,Bradley,392,29,71,70,,Indep.,MVC,,,,,,NIT-FIRST-ROUND
371564,1965-03-12,,1965,postseason,NCAA,final,NC State,Saint Joseph's,185,251,103,81,1,ACC,,,,,,,"NCAA Men's Tourn., East - Regional Third Place"
371565,1965-03-12,,1965,postseason,NCAA,final,Oklahoma State,Wichita State,218,352,46,54,1,,MVC,,,,,,"NCAA Men's Tourn., Midwest - Regional Final"
371566,1965-03-12,,1965,postseason,NCAA,final,Princeton,Providence,234,235,109,69,1,Ivy,Indep.,,,,,,"NCAA Men's Tourn., East - Regional Final"
371567,1965-03-12,,1965,postseason,NIT,final,Saint Louis,Army,252,15,66,70,,MVC,Indep.,,,,,,NIT-FIRST-ROUND
371568,1965-03-12,,1965,postseason,NCAA,final,San Francisco,UCLA,259,313,93,101,1,WCC,Pac-12,,,,,,"NCAA Men's Tourn., West - Regional Final"
371569,1965-03-14,,1965,postseason,NIT,final,Manhattan,Villanova,155,338,71,73,,Indep.,Indep.,,8,,,,NIT-QUARTERFINAL
371570,1965-03-14,,1965,postseason,NIT,final,St. John's,New Mexico,279,191,61,54,,Indep.,UAC,,,,,,NIT-QUARTERFINAL
371571,1965-03-15,,1965,postseason,NIT,final,New York University,Detroit Mercy,392,69,87,76,,Indep.,Indep.,,,,,,NIT-QUARTERFINAL
371572,1965-03-15,,1965,postseason,NIT,final,Western Kentucky,Army,350,15,54,58,,OVC,Indep.,,,,,,NIT-QUARTERFINAL
371573,1965-03-17,,1965,postseason,NIT,final,New York University,Villanova,392,338,69,91,,Indep.,Indep.,,8,,,,NIT-SEMIFINAL
371574,1965-03-17,,1965,postseason,NIT,final,St. John's,Army,279,15,67,60,,Indep.,Indep.,,,,,,NIT-SEMIFINAL
371575,1965-03-18,,1965,postseason,NCAA,final,Michigan,Princeton,170,234,93,76,1,Big Ten,Ivy,,,,,,"NCAA Men's Tourn., National - National Semifinal"
371576,1965-03-18,,1965,postseason,NCAA,final,UCLA,Wichita State,313,352,108,89,1,Pac-12,MVC,,,,,,"NCAA Men's Tourn., National - National Semifinal"
371577,1965-03-19,,1965,postseason,NIT,final,St. John's,Villanova,279,338,55,51,,Indep.,Indep.,,8,,,,NIT-FINAL
371578,1965-03-19,,1965,postseason,NCAA,final,Michigan,UCLA,170,313,80,91,1,Big Ten,Pac-12,,,,,,"NCAA Men's Tourn., National - National Final"
371579,1965-03-19,,1965,postseason,NIT,final,New York University,Army,392,15,74,75,,Indep.,Indep.,,,,,,NIT-THIRD-PLACE
371580,1965-03-19,,1965,postseason,NCAA,final,Princeton,Wichita State,234,352,118,82,1,Ivy,MVC,,,,,,"NCAA Men's Tourn., National - National Third Place"
