id,date,start_et,season,season_type,tournament,status,home,away,home_id,away_id,home_points,away_points,neutral,home_conf,away_conf,home_seed,away_seed,venue,city,state,notes
254635,1971-11-30,,1972,regular,,final,Illinois State,Oral Roberts,119,222,93,95,,Indep.,Indep.,,,,,,
254900,1971-11-30,,1972,regular,,final,Utah,Loyola Marymount,331,153,96,79,,UAC,WCC,,,,,,
254909,1971-11-30,,1972,regular,,final,Arizona State,USC,10,323,95,78,,UAC,Pac-12,,,,,,
254944,1971-11-30,,1972,regular,,final,Maryland,Brown,160,30,100,83,,ACC,Ivy,,,,,,
254957,1971-11-30,,1972,regular,,final,Wake Forest,Canisius,342,42,87,94,,ACC,Indep.,,,,,,
254987,1971-11-30,,1972,regular,,final,Texas,Ole Miss,295,220,78,79,,,SEC,,,,,,
255011,1971-11-30,,1972,regular,,final,Kent State,Purdue,134,236,75,82,,MAC,Big Ten,,,,,,
255271,1971-11-30,,1972,regular,,final,Centenary (LA),Lamar,367,139,91,97,,Indep.,Southland,,,,,,
255298,1971-11-30,,1972,regular,,final,Eastern Kentucky,Louisiana,78,148,105,99,,OVC,Southland,,,,,,
255381,1971-11-30,,1972,regular,,final,Gettysburg,Pittsburgh,1189,229,67,80,,,Indep.,,,,,,
255409,1971-11-30,,1972,regular,,final,West Virginia,East Carolina,347,74,103,86,,Indep.,SoCon,,,,,,
255429,1971-11-30,,1972,regular,,final,Bucknell,Penn State,32,226,70,84,,,Indep.,,,,,,
255450,1971-11-30,,1972,regular,,final,Texas Tech,Western Kentucky,298,350,95,87,,,OVC,,,,,,
255503,1971-11-30,,1972,regular,,final,Yale,Fordham,360,91,82,119,,Ivy,Indep.,,,,,,
255521,1971-11-30,,1972,regular,,final,Dartmouth,UConn,62,314,107,89,,Ivy,Indep.,,,,,,
255540,1971-11-30,,1972,regular,,final,Princeton,Rutgers,234,245,99,68,,Ivy,Indep.,,,,,,
255682,1971-11-30,,1972,regular,,final,Colorado State,Denver,57,68,86,61,,UAC,Indep.,,,,,,
255913,1971-11-30,,1972,regular,,final,Iowa,Hardin-Simmons,124,772,80,58,,Big Ten,,,,,,,
255952,1971-11-30,,1972,regular,,final,Notre Dame,Michigan,213,170,83,101,,Indep.,Big Ten,,,,,,
255982,1971-11-30,,1972,regular,,final,Gonzaga,Washington State,102,344,77,65,,Big Sky,Pac-12,,,,,,
256043,1971-11-30,,1972,regular,,final,La Salle,Lehigh,137,141,64,69,,,,,,,,,
256063,1971-11-30,,1972,regular,,final,Oklahoma City,TCU,1476,287,78,87,,,,,,,,,
256086,1971-11-30,,1972,regular,,final,Stanford,Houston,281,113,67,87,,Pac-12,Indep.,,,,,,
256223,1971-11-30,,1972,regular,,final,Dayton,Bowling Green,64,28,87,78,,Indep.,MAC,,,,,,
256241,1971-11-30,,1972,regular,,final,Florida,Louisville,87,150,70,69,,SEC,MVC,,,,,,
256275,1971-11-30,,1972,regular,,final,Duke,Richmond,72,242,54,42,,ACC,SoCon,,,,,,
256319,1971-11-30,,1972,regular,,final,Auburn,South Carolina,16,266,63,84,,SEC,Indep.,,,,,,
256335,1971-11-30,,1972,regular,,final,Georgia Tech,Ohio State,101,216,55,63,,Indep.,Big Ten,,,,,,
256359,1971-11-30,,1972,regular,,final,Mississippi State,South Alabama,174,265,71,66,,SEC,Indep.,,,,,,
256400,1971-11-30,,1972,regular,,final,Kentucky,Northwestern,135,212,94,85,,SEC,Big Ten,,,,,,
256422,1971-11-30,,1972,regular,,final,Washington,Portland,343,230,76,63,,Pac-12,Indep.,,,,,,
256441,1971-11-30,,1972,regular,,final,Oregon,Montana,223,179,69,65,,Pac-12,Big Sky,,,,,,
256524,1971-11-30,,1972,regular,,final,Indiana,Ball State,121,19,84,77,,Big Ten,Indep.,,,,,,
256545,1971-11-30,,1972,regular,,final,Illinois,Butler,118,34,73,71,,Big Ten,,,,,,,
256603,1971-11-30,,1972,regular,,final,Nebraska,Wyoming,188,358,81,63,,MVC,UAC,,,,,,
256620,1971-11-30,,1972,regular,,final,Missouri,Michigan State,177,169,77,67,,,Big Ten,,,,,,
256658,1971-11-30,,1972,regular,,final,Colorado,San Diego State,56,257,68,79,,,Big West,,,,,,
256682,1971-11-30,,1972,regular,,final,Kansas,Xavier,131,359,75,57,,,Indep.,,,,,,
254646,1971-12-01,,1972,regular,,final,Manhattan,Rhode Island,155,240,70,88,,Indep.,Indep.,,,,,,
255002,1971-12-01,,1972,regular,,final,SMU,Vanderbilt,248,336,89,79,,,SEC,,,,,,
255451,1971-12-01,,1972,regular,,final,Baylor,Western Kentucky,20,350,84,94,,,OVC,,,,,,
255618,1971-12-01,,1972,regular,,final,Hawai'i,Oregon State,108,224,89,71,,Indep.,Pac-12,,,,,,
255727,1971-12-01,,1972,regular,,final,Duquesne,Morehead State,73,181,76,63,,Indep.,OVC,,,,,,
255966,1971-12-01,,1972,regular,,final,North Carolina,Rice,200,241,127,69,,ACC,,,,,,,
256087,1971-12-01,,1972,regular,,final,California,Houston,40,113,82,81,,Pac-12,Indep.,,,,,,
256638,1971-12-01,,1972,regular,,final,Iowa State,Arizona,125,11,71,54,,,UAC,,,,,,
254906,1971-12-02,,1972,regular,,final,San Francisco,Stanford,259,281,76,67,,WCC,Pac-12,,,,,,
254907,1971-12-02,,1972,regular,,final,UCLA,The Citadel,313,299,105,49,,Pac-12,SoCon,,,,,,
254918,1971-12-02,,1972,regular,,final,Creighton,Montana State,61,180,101,78,,Indep.,Big Sky,,,,,,
255430,1971-12-02,,1972,regular,,final,Penn State,Princeton,226,234,72,70,,Indep.,Ivy,,,,,,
255599,1971-12-02,,1972,regular,,final,Utah,San José State,331,260,87,59,,UAC,Big West,,,,,,
255619,1971-12-02,,1972,regular,,final,Hawai'i,Oregon State,108,224,76,73,,Indep.,Pac-12,,,,,,
255707,1971-12-02,,1972,regular,,final,Wyoming,Idaho State,358,116,90,79,,UAC,Big Sky,,,,,,
255983,1971-12-02,,1972,regular,,final,Washington State,Montana,344,179,73,55,,Pac-12,Big Sky,,,,,,
256203,1971-12-02,,1972,regular,,final,BYU,Kansas State,18,132,78,72,,UAC,,,,,,,
256604,1971-12-02,,1972,regular,,final,Nebraska,San Diego State,188,257,61,63,,MVC,Big West,,,,,,
254467,1971-12-03,,1972,regular,,final,BYU,Saint Joseph's,18,251,73,72,,UAC,,,,,,,
254475,1971-12-03,,1972,regular,,final,William & Mary,Furman,353,93,110,91,,SoCon,SoCon,,,,,,
254547,1971-12-03,,1972,regular,,final,Rider,Bucknell,243,32,86,56,,,,,,,,,
254696,1971-12-03,,1972,regular,,final,West Texas A&M,UT Arlington,1440,324,100,84,,MVC,Southland,,,,,,
254792,1971-12-03,,1972,regular,,final,Boston University,Georgetown,27,97,103,93,,Indep.,Indep.,,,,,,
254815,1971-12-03,,1972,regular,,final,Fordham,Fairfield,91,83,81,79,,Indep.,Indep.,,,,,,
254861,1971-12-03,,1972,regular,,final,Florida State,Eastern Kentucky,90,78,96,83,,Indep.,OVC,,,,,,
254910,1971-12-03,,1972,regular,,final,USC,San Francisco,323,259,102,82,,Pac-12,WCC,,,,,,
254945,1971-12-03,,1972,regular,,final,George Washington,Maryland,96,160,96,118,,,ACC,,,,,,
254988,1971-12-03,,1972,regular,,final,Texas,Alabama,295,5,85,83,,,SEC,,,,,,
255008,1971-12-03,,1972,regular,,final,Northwestern,Ohio,212,215,76,65,,Big Ten,MAC,,,,,,
255019,1971-12-03,,1972,regular,,final,Detroit Mercy,Villanova,69,338,64,83,,Indep.,Indep.,,,,,,
255028,1971-12-03,,1972,regular,,final,Syracuse,Army,286,15,91,77,,Indep.,Indep.,,,,,,
255147,1971-12-03,,1972,regular,,final,Fresno State,Saint Mary's,92,253,89,93,,Big West,WCC,,,,,,
255158,1971-12-03,,1972,regular,,final,Long Beach State,UNLV,145,322,83,72,,Big West,WCC,,,,,,
255308,1971-12-03,,1972,regular,,final,Marquette,Bowling Green,157,28,84,64,,Indep.,MAC,,,,,,
255382,1971-12-03,,1972,regular,,final,Gettysburg,Lehigh,1189,141,60,61,,,,,,,,,
255410,1971-12-03,,1972,regular,,final,East Carolina,Jacksonville,74,127,68,77,,SoCon,Indep.,,,,,,
255431,1971-12-03,,1972,regular,,final,Penn State,Cornell,226,60,99,75,,Indep.,Ivy,,,,,,
255452,1971-12-03,,1972,regular,,final,Western Kentucky,Louisiana,350,148,84,105,,OVC,Southland,,,,,,
255470,1971-12-03,,1972,regular,,final,Seton Hall,Harvard,263,107,81,80,,Indep.,Ivy,,,,,,
255483,1971-12-03,,1972,regular,,final,Massachusetts,Vermont,161,337,112,65,,,Indep.,,,,,,
255504,1971-12-03,,1972,regular,,final,UConn,Yale,314,360,66,64,,Indep.,Ivy,,,,,,
255541,1971-12-03,,1972,regular,,final,Colgate,Rutgers,55,245,80,92,,Indep.,Indep.,,,,,,
255647,1971-12-03,,1972,regular,,final,Virginia Tech,Richmond,340,242,83,58,,Indep.,SoCon,,,,,,
255669,1971-12-03,,1972,regular,,final,Utah,Utah State,331,329,93,74,,UAC,Indep.,,,,,,
255708,1971-12-03,,1972,regular,,final,Denver,Wyoming,68,358,69,72,,Indep.,UAC,,,,,,
255762,1971-12-03,,1972,regular,,final,Providence,Brown,235,30,81,61,,Indep.,Ivy,,,,,,
255799,1971-12-03,,1972,regular,,final,St. John's,Vanderbilt,279,336,98,81,,Indep.,SEC,,,,,,
255822,1971-12-03,,1972,regular,,final,Wake Forest,Rice,342,241,100,62,,ACC,,,,,,,
255842,1971-12-03,,1972,regular,,final,Penn State (Beaver),Navy,1353,187,94,74,,,Indep.,,,,,,
255914,1971-12-03,,1972,regular,,final,UCLA,Iowa,313,124,106,72,,Pac-12,Big Ten,,,,,,
255921,1971-12-03,,1972,regular,,final,New Mexico,New Mexico State,191,192,78,76,,UAC,MVC,,,,,,
255953,1971-12-03,,1972,regular,,final,Michigan,Western Michigan,170,351,90,69,,Big Ten,MAC,,,,,,
255967,1971-12-03,,1972,regular,,final,Pittsburgh,North Carolina,229,200,75,90,,Indep.,ACC,,,,,,
256000,1971-12-03,,1972,regular,,final,Temple,Holy Cross,289,111,68,69,,,Indep.,,,,,,
256044,1971-12-03,,1972,regular,,final,Hofstra,La Salle,110,137,58,56,,,,,,,,,
256064,1971-12-03,,1972,regular,,final,Oklahoma City,Baylor,1476,20,82,86,,,,,,,,,
256088,1971-12-03,,1972,regular,,final,Houston,Tennessee,113,292,67,65,,Indep.,SEC,,,,,,
256224,1971-12-03,,1972,regular,,final,Saint Louis,Dayton,252,64,75,71,,MVC,Indep.,,,,,,
256258,1971-12-03,,1972,regular,,final,NC State,Georgia,185,98,92,81,,ACC,SEC,,,,,,
256276,1971-12-03,,1972,regular,,final,Duke,Virginia,72,339,77,86,,ACC,ACC,,,,,,
256442,1971-12-03,,1972,regular,,final,Ohio State,Oregon,216,223,68,57,,Big Ten,Pac-12,,,,,,
256465,1971-12-03,,1972,regular,,final,California,Arizona,40,11,79,76,,Pac-12,UAC,,,,,,
256491,1971-12-03,,1972,regular,,final,Michigan State,South Alabama,169,265,87,72,,Big Ten,Indep.,,,,,,
256508,1971-12-03,,1972,regular,,final,Tulane,Wisconsin,303,355,72,70,,Indep.,Big Ten,,,,,,
256525,1971-12-03,,1972,regular,,final,Indiana,Miami (OH),121,167,65,50,,Big Ten,MAC,,,,,,
256546,1971-12-03,,1972,regular,,final,Oklahoma,Illinois,217,118,65,70,,,Big Ten,,,,,,
256568,1971-12-03,,1972,regular,,final,Butler,Drake,34,70,77,87,,,MVC,,,,,,
256591,1971-12-03,,1972,regular,,final,Memphis,Oklahoma State,163,218,84,68,,MVC,,,,,,,
256605,1971-12-03,,1972,regular,,final,Nebraska,Wichita State,188,352,61,74,,MVC,MVC,,,,,,
256621,1971-12-03,,1972,regular,,final,Missouri,Arkansas,177,12,74,73,,,,,,,,,
256639,1971-12-03,,1972,regular,,final,Iowa State,Minnesota,125,173,58,72,,,Big Ten,,,,,,
256659,1971-12-03,,1972,regular,,final,Air Force,Colorado,2,56,78,77,,Indep.,,,,,,,
256683,1971-12-03,,1972,regular,,final,Kansas,Kentucky,131,135,69,79,,,SEC,,,,,,
254668,1971-12-05,,1972,regular,,final,Morehead State,Oral Roberts,181,222,103,105,,OVC,Indep.,,,,,,
254856,1971-12-05,,1972,regular,,final,North Texas,Centenary (LA),204,367,69,60,,MVC,Indep.,,,,,,
254892,1971-12-05,,1972,regular,,final,Arizona State,UC Santa Barbara,10,311,91,71,,UAC,Big West,,,,,,
254915,1971-12-05,,1972,regular,,final,Georgia,South Alabama,98,265,85,70,,SEC,Indep.,,,,,,
254919,1971-12-05,,1972,regular,,final,Creighton,Idaho State,61,116,77,66,,Indep.,Big Sky,,,,,,
254996,1971-12-05,,1972,regular,,final,Texas Tech,Oklahoma,298,217,80,70,,,,,,,,,
255004,1971-12-05,,1972,regular,,final,Bradley,Minnesota,29,173,74,67,,MVC,Big Ten,,,,,,
255245,1971-12-05,,1972,regular,,final,Maine-Farmington,New Hampshire,1078,190,66,61,,,Indep.,,,,,,
255326,1971-12-05,,1972,regular,,final,Oregon State,Idaho,224,117,84,67,,Pac-12,Big Sky,,,,,,
255341,1971-12-05,,1972,regular,,final,Jacksonville,Tennessee Tech,127,291,86,72,,Indep.,OVC,,,,,,
255522,1971-12-05,,1972,regular,,final,Vermont,Dartmouth,337,62,76,90,,Indep.,Ivy,,,,,,
255578,1971-12-05,,1972,regular,,final,Stanford,Santa Clara,281,261,68,79,,Pac-12,WCC,,,,,,
255695,1971-12-05,,1972,regular,,final,Air Force,San José State,2,260,67,74,,Indep.,Big West,,,,,,
255746,1971-12-05,,1972,regular,,final,Boston College,Vanderbilt,26,336,75,82,,Indep.,SEC,,,,,,
255823,1971-12-05,,1972,regular,,final,Rice,The Citadel,241,299,73,69,,,SoCon,,,,,,
255862,1971-12-05,,1972,regular,,final,Notre Dame,Western Michigan,213,351,83,77,,Indep.,MAC,,,,,,
255922,1971-12-05,,1972,regular,,final,New Mexico State,New Mexico,192,191,94,79,,MVC,UAC,,,,,,
255939,1971-12-05,,1972,regular,,final,Ohio State,Utah State,216,329,71,60,,Big Ten,Indep.,,,,,,
255968,1971-12-05,,1972,regular,,final,Princeton,North Carolina,234,200,89,73,,Ivy,ACC,,,,,,
255984,1971-12-05,,1972,regular,,final,Washington State,Gonzaga,344,102,82,61,,Pac-12,Big Sky,,,,,,
256065,1971-12-05,,1972,regular,,final,Oklahoma City,Texas,1476,295,83,90,,,,,,,,,
256089,1971-12-05,,1972,regular,,final,Louisiana,Houston,148,113,97,88,,Southland,Indep.,,,,,,
256149,1971-12-05,,1972,regular,,final,Texas A&M,Tulsa,293,304,79,90,,,MVC,,,,,,
256259,1971-12-05,,1972,regular,,final,West Virginia,NC State,347,185,87,75,,Indep.,ACC,,,,,,
256377,1971-12-05,,1972,regular,,final,Baylor,LSU,20,136,81,77,,,SEC,,,,,,
256401,1971-12-05,,1972,regular,,final,Kansas State,Kentucky,132,135,64,71,,,SEC,,,,,,
256443,1971-12-05,,1972,regular,,final,Villanova,Oregon,338,223,78,73,,Indep.,Pac-12,,,,,,
256509,1971-12-05,,1972,regular,,final,Loyola New Orleans,Wisconsin,650,355,66,67,,,Big Ten,,,,,,
256606,1971-12-05,,1972,regular,,final,Duquesne,Nebraska,73,188,75,53,,Indep.,MVC,,,,,,
256622,1971-12-05,,1972,regular,,final,Missouri,Montana State,177,180,89,57,,,Big Sky,,,,,,
256660,1971-12-05,,1972,regular,,final,Colorado,Washington,56,343,67,72,,,Pac-12,,,,,,
256684,1971-12-05,,1972,regular,,final,Indiana,Kansas,121,131,59,56,,Big Ten,,,,,,,
254505,1971-12-06,,1972,regular,,final,Weber State,West Texas A&M,345,1440,70,64,,Big Sky,MVC,,,,,,
254548,1971-12-06,,1972,regular,,final,Lehigh,Bucknell,141,32,69,78,,,,,,,,,
254707,1971-12-06,,1972,regular,,final,Rhode Island,Boston University,240,27,88,73,,Indep.,Indep.,,,,,,
254849,1971-12-06,,1972,regular,,final,Cornell,Colgate,60,55,95,93,,Ivy,Indep.,,,,,,
255012,1971-12-06,,1972,regular,,final,Purdue,Northern Illinois,236,208,112,85,,Big Ten,,,,,,,
255272,1971-12-06,,1972,regular,,final,Lamar,TCU,139,287,76,95,,Southland,,,,,,,
255284,1971-12-06,,1972,regular,,final,Baylor,Abilene Christian,20,1,78,73,,,Southland,,,,,,
255342,1971-12-06,,1972,regular,,final,Jacksonville,Florida State,127,90,83,90,,Indep.,Indep.,,,,,,
255432,1971-12-06,,1972,regular,,final,Columbia,Penn State,58,226,50,73,,Ivy,Indep.,,,,,,
255542,1971-12-06,,1972,regular,,final,Rutgers,St. Francis Brooklyn,245,364,109,70,,Indep.,Indep.,,,,,,
255683,1971-12-06,,1972,regular,,final,Denver,San José State,68,260,79,66,,Indep.,Big West,,,,,,
255709,1971-12-06,,1972,regular,,final,Wyoming,Montana,358,179,88,75,,UAC,Big Sky,,,,,,
255800,1971-12-06,,1972,regular,,final,Georgetown,St. John's,97,279,67,107,,Indep.,Indep.,,,,,,
255915,1971-12-06,,1972,regular,,final,UTEP,Iowa,327,124,65,57,,UAC,Big Ten,,,,,,
256001,1971-12-06,,1972,regular,,final,Hofstra,Temple,110,289,58,71,,,,,,,,,
256169,1971-12-06,,1972,regular,,final,Memphis,Marquette,163,157,73,74,,MVC,Indep.,,,,,,
256277,1971-12-06,,1972,regular,,final,Duke,Penn State (Beaver),72,1353,49,50,,ACC,,,,,,,
256640,1971-12-06,,1972,regular,,final,Drake,Iowa State,70,125,80,83,,MVC,,,,,,,
254614,1971-12-07,,1972,regular,,final,Hardin-Simmons,Idaho State,772,116,73,67,,,Big Sky,,,,,,
254649,1971-12-07,,1972,regular,,final,Marshall,Saint Peter's,158,254,106,71,,Indep.,Indep.,,,,,,
254726,1971-12-07,,1972,regular,,final,UConn,Fairfield,314,83,69,76,,Indep.,Indep.,,,,,,
254958,1971-12-07,,1972,regular,,final,William & Mary,Wake Forest,353,342,60,75,,SoCon,ACC,,,,,,
254994,1971-12-07,,1972,regular,,final,Kansas State,Texas,132,295,87,60,,,,,,,,,
255172,1971-12-07,,1972,regular,,final,Virginia,Maryland,339,160,78,57,,ACC,ACC,,,,,,
255383,1971-12-07,,1972,regular,,final,Lafayette,Gettysburg,138,1189,108,83,,,,,,,,,
255411,1971-12-07,,1972,regular,,final,East Carolina,Davidson,74,63,67,57,,SoCon,SoCon,,,,,,
255484,1971-12-07,,1972,regular,,final,Massachusetts,Holy Cross,161,111,93,82,,,Indep.,,,,,,
255505,1971-12-07,,1972,regular,,final,Brown,Yale,30,360,72,68,,Ivy,Ivy,,,,,,
255523,1971-12-07,,1972,regular,,final,Dartmouth,Harvard,62,107,86,68,,Ivy,Ivy,,,,,,
255648,1971-12-07,,1972,regular,,final,Richmond,East Tennessee State,242,75,66,68,,SoCon,OVC,,,,,,
256045,1971-12-07,,1972,regular,,final,La Salle,Niagara,137,194,70,71,,,Indep.,,,,,,
256066,1971-12-07,,1972,regular,,final,Oklahoma City,SMU,1476,248,102,87,,,,,,,,,
256242,1971-12-07,,1972,regular,,final,Louisville,Dayton,150,64,88,60,,MVC,Indep.,,,,,,
256661,1971-12-07,,1972,regular,,final,Colorado,Wichita State,56,352,55,70,,,MVC,,,,,,
256685,1971-12-07,,1972,regular,,final,Kansas,Notre Dame,131,213,88,72,,,Indep.,,,,,,
254564,1971-12-08,,1972,regular,,final,Colgate,Lehigh,55,141,102,91,,Indep.,,,,,,,
254672,1971-12-08,,1972,regular,,final,New Hampshire,Rhode Island,190,240,73,80,,Indep.,Indep.,,,,,,
254887,1971-12-08,,1972,regular,,final,Arizona,San Diego State,11,257,67,69,,UAC,Big West,,,,,,
254997,1971-12-08,,1972,regular,,final,Oklahoma,Stetson,217,283,94,78,,,Indep.,,,,,,
255005,1971-12-08,,1972,regular,,final,Minnesota,Butler,173,34,77,56,,Big Ten,,,,,,,
255029,1971-12-08,,1972,regular,,final,Syracuse,Cornell,286,60,95,82,,Indep.,Ivy,,,,,,
255670,1971-12-08,,1972,regular,,final,Utah State,West Texas A&M,329,1440,100,82,,Indep.,MVC,,,,,,
255684,1971-12-08,,1972,regular,,final,North Texas,Denver,204,68,72,68,,MVC,Indep.,,,,,,
255710,1971-12-08,,1972,regular,,final,TCU,Wyoming,287,358,84,79,,,UAC,,,,,,
255747,1971-12-08,,1972,regular,,final,Boston College,Canisius,26,42,76,58,,Indep.,Indep.,,,,,,
255843,1971-12-08,,1972,regular,,final,Manhattan,Penn State (Beaver),155,1353,66,87,,Indep.,,,,,,,
256204,1971-12-08,,1972,regular,,final,BYU,New Mexico State,18,192,90,80,,UAC,MVC,,,,,,
254573,1971-12-09,,1972,regular,,final,St. Francis (PA),Eastern Kentucky,278,78,96,74,,Indep.,OVC,,,,,,
254911,1971-12-09,,1972,regular,,final,USC,Loyola Marymount,323,153,85,65,,Pac-12,WCC,,,,,,
254916,1971-12-09,,1972,regular,,final,Vanderbilt,Bradley,336,29,82,80,,SEC,MVC,,,,,,
255042,1971-12-09,,1972,regular,,final,West Virginia,Columbia,347,58,106,53,,Indep.,Ivy,,,,,,
255246,1971-12-09,,1972,regular,,final,Maine-Farmington,Boston University,1078,27,50,39,,,Indep.,,,,,,
255273,1971-12-09,,1972,regular,,final,Lamar,Baylor,139,20,64,79,,Southland,,,,,,,
255299,1971-12-09,,1972,regular,,final,Louisiana,Texas Pan American,148,1535,102,83,,Southland,,,,,,,
255543,1971-12-09,,1972,regular,,final,Northwestern,Rutgers,212,245,72,68,,Big Ten,Indep.,,,,,,
255728,1971-12-09,,1972,regular,,final,Duquesne,Iowa,73,124,80,75,,Indep.,Big Ten,,,,,,
255876,1971-12-09,,1972,regular,,final,Santa Clara,South Carolina,261,266,66,77,,WCC,Indep.,,,,,,
256090,1971-12-09,,1972,regular,,final,Houston,Arizona State,113,10,97,98,,Indep.,UAC,,,,,,
256130,1971-12-09,,1972,regular,,final,Wichita State,SMU,352,248,91,69,,MVC,,,,,,,
256260,1971-12-09,,1972,regular,,final,NC State,Purdue,185,236,84,71,,ACC,Big Ten,,,,,,
256444,1971-12-09,,1972,regular,,final,Oregon,Portland,223,230,73,68,,Pac-12,Indep.,,,,,,
256466,1971-12-09,,1972,regular,,final,San Francisco,California,259,40,63,64,,WCC,Pac-12,,,,,,
256547,1971-12-09,,1972,regular,,final,Tulane,Illinois,303,118,68,79,,Indep.,Big Ten,,,,,,
256592,1971-12-09,,1972,regular,,final,Oklahoma State,Oregon State,218,224,72,76,,,Pac-12,,,,,,
256623,1971-12-09,,1972,regular,,final,Missouri,Pacific,177,225,64,54,,,Big West,,,,,,
256641,1971-12-09,,1972,regular,,final,UCLA,Iowa State,313,125,110,81,,Pac-12,,,,,,,
256662,1971-12-09,,1972,regular,,final,Colorado,Texas Tech,56,298,89,77,,,,,,,,,
254479,1971-12-10,,1972,regular,,final,Murray State,Illinois State,184,119,85,74,,OVC,Indep.,,,,,,
254508,1971-12-10,,1972,regular,,final,Army,Hofstra,15,110,78,64,,Indep.,,,,,,,
254513,1971-12-10,,1972,regular,,final,Centenary (LA),Arkansas State,367,13,64,76,,Indep.,Southland,,,,,,
254549,1971-12-10,,1972,regular,,final,Colgate,Bucknell,55,32,84,68,,Indep.,,,,,,,
254669,1971-12-10,,1972,regular,,final,Morehead State,Saint Peter's,181,254,131,92,,OVC,Indep.,,,,,,
254697,1971-12-10,,1972,regular,,final,UT Arlington,Hardin-Simmons,324,772,118,117,,Southland,,,,,,,
254721,1971-12-10,,1972,regular,,final,Davidson,Furman,63,93,86,93,,SoCon,SoCon,,,,,,
254727,1971-12-10,,1972,regular,,final,UConn,Vermont,314,337,98,61,,Indep.,Indep.,,,,,,
254744,1971-12-10,,1972,regular,,final,William & Mary,The Citadel,353,299,74,67,,SoCon,SoCon,,,,,,
254777,1971-12-10,,1972,regular,,final,Marshall,George Washington,158,96,97,73,,Indep.,,,,,,,
254816,1971-12-10,,1972,regular,,final,Fordham,Lafayette,91,138,81,75,,Indep.,,,,,,,
254850,1971-12-10,,1972,regular,,final,Cornell,Fairfield,60,83,74,86,,Ivy,Indep.,,,,,,
254912,1971-12-10,,1972,regular,,final,USC,Utah,323,331,79,67,,Pac-12,UAC,,,,,,
254931,1971-12-10,,1972,regular,,final,Rhode Island,Brown,240,30,102,84,,Indep.,Ivy,,,,,,
254975,1971-12-10,,1972,regular,,final,UCLA,Texas A&M,313,293,117,53,,Pac-12,,,,,,,
254984,1971-12-10,,1972,regular,,final,Arkansas,Southern Illinois,12,273,92,93,,,Indep.,,,,,,
254989,1971-12-10,,1972,regular,,final,Texas,Stetson,295,283,86,58,,,Indep.,,,,,,
255015,1971-12-10,,1972,regular,,final,Niagara,DePaul,194,65,108,87,,Indep.,Indep.,,,,,,
255020,1971-12-10,,1972,regular,,final,Princeton,Villanova,234,338,82,68,,Ivy,Indep.,,,,,,
255030,1971-12-10,,1972,regular,,final,Syracuse,Navy,286,187,90,80,,Indep.,Indep.,,,,,,
255043,1971-12-10,,1972,regular,,final,West Virginia,Northwestern,347,212,98,94,,Indep.,Big Ten,,,,,,
255240,1971-12-10,,1972,regular,,final,Tulane,Baylor,303,20,78,90,,Indep.,,,,,,,
255300,1971-12-10,,1972,regular,,final,Louisiana,Long Beach State,148,145,90,83,,Southland,Big West,,,,,,
255309,1971-12-10,,1972,regular,,final,Bowling Green,Ball State,28,19,104,89,,MAC,Indep.,,,,,,
255357,1971-12-10,,1972,regular,,final,Lehigh,Delaware,141,66,64,83,,,,,,,,,
255506,1971-12-10,,1972,regular,,final,Yale,Holy Cross,360,111,90,94,,Ivy,Indep.,,,,,,
255544,1971-12-10,,1972,regular,,final,Columbia,Rutgers,58,245,54,65,,Ivy,Indep.,,,,,,
255579,1971-12-10,,1972,regular,,final,San Francisco,Santa Clara,259,261,70,60,,WCC,WCC,,,,,,
255600,1971-12-10,,1972,regular,,final,Nevada,San José State,189,260,82,76,,WCC,Big West,,,,,,
255649,1971-12-10,,1972,regular,,final,Richmond,VMI,242,334,73,61,,SoCon,SoCon,,,,,,
255696,1971-12-10,,1972,regular,,final,Colorado State,Air Force,57,2,109,75,,UAC,Indep.,,,,,,
255711,1971-12-10,,1972,regular,,final,North Texas,Wyoming,204,358,94,76,,MVC,UAC,,,,,,
255783,1971-12-10,,1972,regular,,final,New Mexico,Texas Tech,191,298,82,63,,UAC,,,,,,,
255801,1971-12-10,,1972,regular,,final,St. John's,Seton Hall,279,263,103,84,,Indep.,Indep.,,,,,,
255824,1971-12-10,,1972,regular,,final,Rice,Lamar,241,139,67,65,,,Southland,,,,,,
255863,1971-12-10,,1972,regular,,final,Notre Dame,Saint Louis,213,252,80,92,,Indep.,MVC,,,,,,
255940,1971-12-10,,1972,regular,,final,Ohio,Ohio State,215,216,79,68,,MAC,Big Ten,,,,,,
255969,1971-12-10,,1972,regular,,final,North Carolina,Virginia Tech,200,340,93,60,,ACC,Indep.,,,,,,
256002,1971-12-10,,1972,regular,,final,American University,Temple,8,289,51,65,,,,,,,,,
256024,1971-12-10,,1972,regular,,final,Saint Joseph's,Providence,251,235,72,65,,,Indep.,,,,,,
256067,1971-12-10,,1972,regular,,final,TCU,Oklahoma City,287,1476,115,111,,,,,,,,,
256091,1971-12-10,,1972,regular,,final,Houston,Arizona State,113,10,88,76,,Indep.,UAC,,,,,,
256107,1971-12-10,,1972,regular,,final,Cincinnati,Miami (OH),51,167,89,73,,Indep.,MAC,,,,,,
256131,1971-12-10,,1972,regular,,final,Kansas State,Wichita State,132,352,89,73,,,MVC,,,,,,
256150,1971-12-10,,1972,regular,,final,La Salle,Tulsa,137,304,77,80,,,MVC,,,,,,
256171,1971-12-10,,1972,regular,,final,Vanderbilt,Memphis,336,163,83,82,,SEC,MVC,,,,,,
256205,1971-12-10,,1972,regular,,final,BYU,Creighton,18,61,86,68,,UAC,Indep.,,,,,,
256225,1971-12-10,,1972,regular,,final,Dayton,Xavier,64,359,69,66,,Indep.,Indep.,,,,,,
256278,1971-12-10,,1972,regular,,final,Duke,East Carolina,72,74,71,62,,ACC,SoCon,,,,,,
256300,1971-12-10,,1972,regular,,final,Clemson,Purdue,52,236,72,66,,ACC,Big Ten,,,,,,
256336,1971-12-10,,1972,regular,,final,Georgia Tech,Auburn,101,16,62,76,,Indep.,SEC,,,,,,
256445,1971-12-10,,1972,regular,,final,Oregon,Gonzaga,223,102,87,69,,Pac-12,Big Sky,,,,,,
256492,1971-12-10,,1972,regular,,final,Michigan State,Western Michigan,169,351,66,65,,Big Ten,MAC,,,,,,
256548,1971-12-10,,1972,regular,,final,Loyola New Orleans,Illinois,650,118,74,94,,,Big Ten,,,,,,
256569,1971-12-10,,1972,regular,,final,Drake,Pacific,70,225,69,72,,MVC,Big West,,,,,,
256593,1971-12-10,,1972,regular,,final,Oklahoma State,Oregon State,218,224,56,70,,,Pac-12,,,,,,
256607,1971-12-10,,1972,regular,,final,Nebraska,SMU,188,248,84,76,,MVC,,,,,,,
256642,1971-12-10,,1972,regular,,final,UC Santa Barbara,Iowa State,311,125,85,70,,Big West,,,,,,,
256686,1971-12-10,,1972,regular,,final,Kansas,Louisville,131,150,65,74,,,MVC,,,,,,
254499,1971-12-11,,1972,regular,,final,Iona,New Hampshire,123,190,48,53,,Indep.,Indep.,,,,,,
254650,1971-12-12,,1972,regular,,final,Morehead State,Marshall,181,158,82,105,,OVC,Indep.,,,,,,
254946,1971-12-12,,1972,regular,,final,Maryland,Georgetown,160,97,79,46,,ACC,Indep.,,,,,,
254995,1971-12-12,,1972,regular,,final,Kansas State,Creighton,132,61,90,68,,,Indep.,,,,,,
254998,1971-12-12,,1972,regular,,final,Oklahoma,Alabama,217,5,79,73,,,SEC,,,,,,
255247,1971-12-12,,1972,regular,,final,Maine-Farmington,Rhode Island,1078,240,58,53,,,Indep.,,,,,,
255471,1971-12-12,,1972,regular,,final,Boston University,Harvard,27,107,77,104,,Indep.,Ivy,,,,,,
255916,1971-12-12,,1972,regular,,final,Iowa,Nevada,124,189,87,85,,Big Ten,WCC,,,,,,
255923,1971-12-12,,1972,regular,,final,New Mexico State,Arizona,192,11,89,73,,MVC,UAC,,,,,,
255954,1971-12-12,,1972,regular,,final,Marquette,Michigan,157,170,81,52,,Indep.,Big Ten,,,,,,
255985,1971-12-12,,1972,regular,,final,Idaho,Washington State,117,344,59,77,,Big Sky,Pac-12,,,,,,
256226,1971-12-12,,1972,regular,,final,Eastern Kentucky,Dayton,78,64,98,91,,OVC,Indep.,,,,,,
256360,1971-12-12,,1972,regular,,final,Auburn,Mississippi State,16,174,85,75,,SEC,SEC,,,,,,
256493,1971-12-12,,1972,regular,,final,Kentucky,Michigan State,135,169,85,91,,SEC,Big Ten,,,,,,
256594,1971-12-12,,1972,regular,,final,Arkansas,Oklahoma State,12,218,90,76,,,,,,,,,
256624,1971-12-12,,1972,regular,,final,Missouri,St. Francis (PA),177,278,104,96,,,Indep.,,,,,,
254622,1971-12-13,,1972,regular,,final,Hofstra,Manhattan,110,155,69,60,,,Indep.,,,,,,
254936,1971-12-13,,1972,regular,,final,Fordham,Columbia,91,58,88,70,,Indep.,Ivy,,,,,,
254940,1971-12-13,,1972,regular,,final,Navy,Princeton,187,234,58,73,,Indep.,Ivy,,,,,,
255485,1971-12-13,,1972,regular,,final,Massachusetts,UConn,161,314,69,67,,,Indep.,,,,,,
255650,1971-12-13,,1972,regular,,final,Richmond,Davidson,242,63,66,100,,SoCon,SoCon,,,,,,
255802,1971-12-13,,1972,regular,,final,St. John's,American University,279,8,83,76,,Indep.,,,,,,,
255896,1971-12-13,,1972,regular,,final,Purdue,Indiana State,236,122,106,84,,Big Ten,Indep.,,,,,,
256108,1971-12-13,,1972,regular,,final,Bowling Green,Cincinnati,28,51,72,83,,MAC,Indep.,,,,,,
256182,1971-12-13,,1972,regular,,final,Saint Mary's,Seattle U,253,262,88,111,,WCC,WCC,,,,,,
256643,1971-12-13,,1972,regular,,final,Iowa State,Illinois State,125,119,106,85,,,Indep.,,,,,,
254480,1971-12-14,,1972,regular,,final,Bradley,Murray State,29,184,74,75,,MVC,OVC,,,,,,
254532,1971-12-14,,1972,regular,,final,Boise State,Idaho State,25,116,78,76,,Big Sky,Big Sky,,,,,,
254714,1971-12-14,,1972,regular,,final,Long Beach State,Loyola Marymount,145,153,73,67,,Big West,WCC,,,,,,
254737,1971-12-14,,1972,regular,,final,St. Francis Brooklyn,New Hampshire,364,190,66,64,,Indep.,Indep.,,,,,,
254893,1971-12-14,,1972,regular,,final,Northern Arizona,Arizona State,206,10,71,96,,Big Sky,UAC,,,,,,
254951,1971-12-14,,1972,regular,,final,William & Mary,Virginia,353,339,62,82,,SoCon,ACC,,,,,,
255016,1971-12-14,,1972,regular,,final,St. Bonaventure,DePaul,277,65,80,66,,Indep.,Indep.,,,,,,
255433,1971-12-14,,1972,regular,,final,Syracuse,Penn State,286,226,73,70,,Indep.,Indep.,,,,,,
255472,1971-12-14,,1972,regular,,final,Holy Cross,Harvard,111,107,87,96,,Indep.,Ivy,,,,,,
255507,1971-12-14,,1972,regular,,final,Yale,Brown,360,30,73,70,,Ivy,Ivy,,,,,,
255563,1971-12-14,,1972,regular,,final,Pacific,Portland,225,230,84,64,,Big West,Indep.,,,,,,
256025,1971-12-14,,1972,regular,,final,Saint Joseph's,Nevada,251,189,128,66,,,WCC,,,,,,
256527,1971-12-14,,1972,regular,,final,Ohio,Indiana,215,121,79,70,,MAC,Big Ten,,,,,,
256595,1971-12-14,,1972,regular,,final,Oklahoma State,BYU,218,18,74,84,,,UAC,,,,,,
255013,1971-12-15,,1972,regular,,final,Purdue,Miami (OH),236,167,85,58,,Big Ten,MAC,,,,,,
255453,1971-12-15,,1972,regular,,final,Western Kentucky,Butler,350,34,91,69,,OVC,,,,,,,
255486,1971-12-15,,1972,regular,,final,Manhattan,Massachusetts,155,161,83,85,,Indep.,,,,,,,
255729,1971-12-15,,1972,regular,,final,Duquesne,Nevada,73,189,110,77,,Indep.,WCC,,,,,,
256549,1971-12-15,,1972,regular,,final,Illinois,Georgia,118,98,84,78,,Big Ten,SEC,,,,,,
254899,1971-12-16,,1972,regular,,final,UTEP,Loyola Chicago,327,151,77,54,,UAC,Indep.,,,,,,
254902,1971-12-16,,1972,regular,,final,Oregon State,San Diego State,224,257,96,90,,Pac-12,Big West,,,,,,
254947,1971-12-16,,1972,regular,,final,Maryland,Canisius,160,42,86,77,,ACC,Indep.,,,,,,
254962,1971-12-16,,1972,regular,,final,Arizona,Cal State LA,11,1053,81,86,,UAC,,,,,,,
255248,1971-12-16,,1972,regular,,final,Fairleigh Dickinson,Maine-Farmington,84,1078,65,55,,Indep.,,,,,,,
255285,1971-12-16,,1972,regular,,final,Hardin-Simmons,Abilene Christian,772,1,69,71,,,Southland,,,,,,
255434,1971-12-16,,1972,regular,,final,Tennessee,Penn State,292,226,57,55,,SEC,Indep.,,,,,,
255508,1971-12-16,,1972,regular,,final,Utah,Yale,331,360,87,75,,UAC,Ivy,,,,,,
255580,1971-12-16,,1972,regular,,final,Long Beach State,Santa Clara,145,261,80,59,,Big West,WCC,,,,,,
255712,1971-12-16,,1972,regular,,final,Wyoming,Denver,358,68,78,74,,UAC,Indep.,,,,,,
256361,1971-12-16,,1972,regular,,final,Marshall,Mississippi State,158,174,95,69,,Indep.,SEC,,,,,,
256424,1971-12-16,,1972,regular,,final,Washington,Kansas State,343,132,96,90,,Pac-12,,,,,,,
256608,1971-12-16,,1972,regular,,final,Nebraska,Idaho,188,117,90,49,,MVC,Big Sky,,,,,,
256625,1971-12-16,,1972,regular,,final,Kentucky,Missouri,135,177,83,79,,SEC,,,,,,,
256687,1971-12-16,,1972,regular,,final,Kansas,BYU,131,18,83,67,,,UAC,,,,,,
254615,1971-12-17,,1972,regular,,final,Hardin-Simmons,Northern Illinois,772,208,94,111,,,,,,,,,
254687,1971-12-17,,1972,regular,,final,Pepperdine,South Alabama,228,265,97,73,,WCC,Indep.,,,,,,
254841,1971-12-17,,1972,regular,,final,Holy Cross,UConn,111,314,96,77,,Indep.,Indep.,,,,,,
254903,1971-12-17,,1972,regular,,final,Oregon State,Portland,224,230,88,58,,Pac-12,Indep.,,,,,,
254914,1971-12-17,,1972,regular,,final,Army,Florida,15,87,71,80,,Indep.,SEC,,,,,,
255057,1971-12-17,,1972,regular,,final,Marquette,Fordham,157,91,87,68,,Indep.,Indep.,,,,,,
255258,1971-12-17,,1972,regular,,final,Murray State,Oral Roberts,184,222,94,87,,OVC,Indep.,,,,,,
255310,1971-12-17,,1972,regular,,final,Bowling Green,St. Bonaventure,28,277,87,84,,MAC,Indep.,,,,,,
255343,1971-12-17,,1972,regular,,final,Jacksonville,William & Mary,127,353,83,72,,Indep.,SoCon,,,,,,
255412,1971-12-17,,1972,regular,,final,The Citadel,East Carolina,299,74,89,86,,SoCon,SoCon,,,,,,
255487,1971-12-17,,1972,regular,,final,Harvard,Massachusetts,107,161,80,78,,Ivy,,,,,,,
255546,1971-12-17,,1972,regular,,final,Rutgers,Syracuse,245,286,81,83,,Indep.,Indep.,,,,,,
255601,1971-12-17,,1972,regular,,final,Stanford,San José State,281,260,65,59,,Pac-12,Big West,,,,,,
255620,1971-12-17,,1972,regular,,final,Hawai'i,Florida State,108,90,30,10,,Indep.,Indep.,,,,,,
255671,1971-12-17,,1972,regular,,final,Utah State,Kent State,329,134,68,61,,Indep.,MAC,,,,,,
255763,1971-12-17,,1972,regular,,final,DePaul,Providence,65,235,64,75,,Indep.,Indep.,,,,,,
255804,1971-12-17,,1972,regular,,final,Marshall,St. John's,158,279,110,107,,Indep.,Indep.,,,,,,
255877,1971-12-17,,1972,regular,,final,South Carolina,Virginia Tech,266,340,77,76,,Indep.,Indep.,,,,,,
255924,1971-12-17,,1972,regular,,final,Arizona State,New Mexico State,10,192,85,88,,UAC,MVC,,,,,,
255941,1971-12-17,,1972,regular,,final,Butler,Ohio State,34,216,70,82,,,Big Ten,,,,,,
255986,1971-12-17,,1972,regular,,final,Utah,Washington State,331,344,74,60,,UAC,Pac-12,,,,,,
256026,1971-12-17,,1972,regular,,final,Niagara,Saint Joseph's,194,251,88,67,,Indep.,,,,,,,
256132,1971-12-17,,1972,regular,,final,Wichita State,Southern Illinois,352,273,91,83,,MVC,Indep.,,,,,,
256151,1971-12-17,,1972,regular,,final,Tulsa,Texas Tech,304,298,99,84,,MVC,,,,,,,
256173,1971-12-17,,1972,regular,,final,UTEP,Memphis,327,163,85,79,,UAC,MVC,,,,,,
256183,1971-12-17,,1972,regular,,final,Montana State,Seattle U,180,262,86,80,,Big Sky,WCC,,,,,,
256227,1971-12-17,,1972,regular,,final,Dayton,Miami (OH),64,167,51,58,,Indep.,MAC,,,,,,
256301,1971-12-17,,1972,regular,,final,Indiana State,Clemson,122,52,77,82,,Indep.,ACC,,,,,,
256320,1971-12-17,,1972,regular,,final,Auburn,Xavier,16,359,60,71,,SEC,Indep.,,,,,,
256337,1971-12-17,,1972,regular,,final,SMU,Georgia Tech,248,101,93,70,,,Indep.,,,,,,
256402,1971-12-17,,1972,regular,,final,Kentucky,Princeton,135,234,96,82,,SEC,Ivy,,,,,,
256425,1971-12-17,,1972,regular,,final,Washington,Kansas State,343,132,75,66,,Pac-12,,,,,,,
256446,1971-12-17,,1972,regular,,final,Oregon,Weber State,223,345,69,67,,Pac-12,Big Sky,,,,,,
256495,1971-12-17,,1972,regular,,final,Tennessee,Michigan State,292,169,85,61,,SEC,Big Ten,,,,,,
256510,1971-12-17,,1972,regular,,final,Wisconsin,Pittsburgh,355,229,80,63,,Big Ten,Indep.,,,,,,
256528,1971-12-17,,1972,regular,,final,Indiana,Notre Dame,121,213,94,29,,Big Ten,Indep.,,,,,,
256609,1971-12-17,,1972,regular,,final,Nebraska,La Salle,188,137,75,60,,MVC,,,,,,,
256644,1971-12-17,,1972,regular,,final,Iowa State,Iowa,125,124,97,94,,,Big Ten,,,,,,
256688,1971-12-17,,1972,regular,,final,Kansas,USC,131,323,77,87,,,Pac-12,,,,,,
254517,1971-12-19,,1972,regular,,final,Texas Pan American,Austin Peay,1535,17,92,76,,,OVC,,,,,,
254888,1971-12-19,,1972,regular,,final,Arizona,South Alabama,11,265,66,76,,UAC,Indep.,,,,,,
254894,1971-12-19,,1972,regular,,final,Arizona State,Fresno State,10,92,95,75,,UAC,Big West,,,,,,
254904,1971-12-19,,1972,regular,,final,Oregon State,Weber State,224,345,82,75,,Pac-12,Big Sky,,,,,,
254963,1971-12-19,,1972,regular,,final,Oral Roberts,Cal State LA,222,1053,123,113,,Indep.,,,,,,,
255031,1971-12-19,,1972,regular,,final,American University,Syracuse,8,286,78,74,,,Indep.,,,,,,
255249,1971-12-19,,1972,regular,,final,Marshall,Maine-Farmington,158,1078,100,68,,Indep.,,,,,,,
255581,1971-12-19,,1972,regular,,final,Santa Clara,Kent State,261,134,79,65,,WCC,MAC,,,,,,
255602,1971-12-19,,1972,regular,,final,Creighton,San José State,61,260,70,59,,Indep.,Big West,,,,,,
255730,1971-12-19,,1972,regular,,final,Duquesne,Harvard,73,107,77,72,,Indep.,Ivy,,,,,,
255748,1971-12-19,,1972,regular,,final,St. Bonaventure,Boston College,277,26,86,66,,Indep.,Indep.,,,,,,
255925,1971-12-19,,1972,regular,,final,New Mexico State,San Francisco,192,259,91,84,,MVC,WCC,,,,,,
255942,1971-12-19,,1972,regular,,final,Ohio State,Brown,216,30,62,56,,Big Ten,Ivy,,,,,,
255955,1971-12-19,,1972,regular,,final,Michigan,Ohio,170,215,87,81,,Big Ten,MAC,,,,,,
256070,1971-12-19,,1972,regular,,final,Denver,Oklahoma City,68,1476,83,76,,Indep.,,,,,,,
256092,1971-12-19,,1972,regular,,final,Houston,Washington State,113,344,84,73,,Indep.,Pac-12,,,,,,
256184,1971-12-19,,1972,regular,,final,Seattle U,Utah State,262,329,90,77,,WCC,Indep.,,,,,,
256338,1971-12-19,,1972,regular,,final,Georgia Tech,William & Mary,101,353,83,71,,Indep.,SoCon,,,,,,
256378,1971-12-19,,1972,regular,,final,Georgia,LSU,98,136,115,95,,SEC,SEC,,,,,,
256496,1971-12-19,,1972,regular,,final,Butler,Michigan State,34,169,71,77,,,Big Ten,,,,,,
256645,1971-12-19,,1972,regular,,final,Iowa State,USC,125,323,86,89,,,Pac-12,,,,,,
254528,1971-12-20,,1972,regular,,final,Tennessee Tech,Ball State,291,19,75,73,,OVC,Indep.,,,,,,
254566,1971-12-20,,1972,regular,,final,Montana State,UC Santa Barbara,180,311,48,80,,Big Sky,Big West,,,,,,
254937,1971-12-20,,1972,regular,,final,UConn,Columbia,314,58,68,62,,Indep.,Ivy,,,,,,
254941,1971-12-20,,1972,regular,,final,Princeton,Stanford,234,281,88,85,,Ivy,Pac-12,,,,,,
254978,1971-12-20,,1972,regular,,final,Colorado State,TCU,57,287,109,78,,UAC,,,,,,,
255058,1971-12-20,,1972,regular,,final,Marquette,Minnesota,157,173,55,40,,Indep.,Big Ten,,,,,,
255488,1971-12-20,,1972,regular,,final,Hofstra,Massachusetts,110,161,60,56,,,,,,,,,
255509,1971-12-20,,1972,regular,,final,Wake Forest,Yale,342,360,75,85,,ACC,Ivy,,,,,,
255603,1971-12-20,,1972,regular,,final,Purdue,San José State,236,260,88,62,,Big Ten,Big West,,,,,,
255956,1971-12-20,,1972,regular,,final,Michigan,Toledo,170,300,72,88,,Big Ten,MAC,,,,,,
256111,1971-12-20,,1972,regular,,final,Cincinnati,Clemson,51,52,93,64,,Indep.,ACC,,,,,,
256243,1971-12-20,,1972,regular,,final,Louisville,Alabama,150,5,89,70,,MVC,SEC,,,,,,
256262,1971-12-20,,1972,regular,,final,NC State,Davidson,185,63,79,67,,ACC,SoCon,,,,,,
256610,1971-12-20,,1972,regular,,final,Iowa,Nebraska,124,188,86,77,,Big Ten,MVC,,,,,,
256663,1971-12-20,,1972,regular,,final,UTEP,Colorado,327,56,83,57,,UAC,,,,,,,
254567,1971-12-21,,1972,regular,,final,Montana,UC Santa Barbara,179,311,43,46,,Big Sky,Big West,,,,,,
254616,1971-12-21,,1972,regular,,final,Northern Illinois,Hardin-Simmons,208,772,97,71,,,,,,,,,
254857,1971-12-21,,1972,regular,,final,Western Michigan,Loyola Chicago,351,151,72,74,,MAC,Indep.,,,,,,
254889,1971-12-21,,1972,regular,,final,San Francisco,Arizona,259,11,70,62,,WCC,UAC,,,,,,
254896,1971-12-21,,1972,regular,,final,Colorado State,Kent State,57,134,83,70,,UAC,MAC,,,,,,
254932,1971-12-21,,1972,regular,,final,Xavier,Brown,359,30,90,65,,Indep.,Ivy,,,,,,
254948,1971-12-21,,1972,regular,,final,Maryland,Holy Cross,160,111,102,79,,ACC,Indep.,,,,,,
254980,1971-12-21,,1972,regular,,final,Texas Tech,Fresno State,298,92,98,85,,,Big West,,,,,,
255021,1971-12-21,,1972,regular,,final,Villanova,Rider,338,243,75,70,,Indep.,,,,,,,
255250,1971-12-21,,1972,regular,,final,Oral Roberts,Maine-Farmington,222,1078,110,66,,Indep.,,,,,,,
255366,1971-12-21,,1972,regular,,final,Long Island University,Seton Hall,146,263,78,76,,Indep.,Indep.,,,,,,
255621,1971-12-21,,1972,regular,,final,Hawai'i,Florida State,108,90,81,76,,Indep.,Indep.,,,,,,
255764,1971-12-21,,1972,regular,,final,Providence,St. Francis Brooklyn,235,364,81,71,,Indep.,Indep.,,,,,,
255784,1971-12-21,,1972,regular,,final,New Mexico,Texas A&M,191,293,95,73,,UAC,,,,,,,
255825,1971-12-21,,1972,regular,,final,Rice,William & Mary,241,353,88,76,,,SoCon,,,,,,
255864,1971-12-21,,1972,regular,,final,UCLA,Notre Dame,313,213,114,56,,Pac-12,Indep.,,,,,,
256004,1971-12-21,,1972,regular,,final,Temple,Stanford,289,281,76,64,,,Pac-12,,,,,,
256133,1971-12-21,,1972,regular,,final,Wichita State,Kansas State,352,132,69,66,,MVC,,,,,,,
256152,1971-12-21,,1972,regular,,final,Bradley,Tulsa,29,304,89,79,,MVC,MVC,,,,,,
256206,1971-12-21,,1972,regular,,final,Utah State,BYU,329,18,84,87,,Indep.,UAC,,,,,,
256244,1971-12-21,,1972,regular,,final,Louisville,SMU,150,248,96,62,,MVC,,,,,,,
256339,1971-12-21,,1972,regular,,final,Georgia Tech,Furman,101,93,108,91,,Indep.,SoCon,,,,,,
256379,1971-12-21,,1972,regular,,final,Florida,LSU,87,136,92,81,,SEC,SEC,,,,,,
256529,1971-12-21,,1972,regular,,final,Butler,Indiana,34,121,74,85,,,Big Ten,,,,,,
256664,1971-12-21,,1972,regular,,final,New Mexico State,Colorado,192,56,71,53,,MVC,,,,,,,
254979,1971-12-22,,1972,regular,,final,UCLA,TCU,313,287,119,81,,Pac-12,,,,,,,
255009,1971-12-22,,1972,regular,,final,Utah,Northwestern,331,212,88,69,,UAC,Big Ten,,,,,,
255149,1971-12-22,,1972,regular,,final,Saint Mary's,Gonzaga,253,102,84,86,,WCC,Big Sky,,,,,,
255731,1971-12-22,,1972,regular,,final,Duquesne,Saint Peter's,73,254,119,88,,Indep.,Indep.,,,,,,
255806,1971-12-22,,1972,regular,,final,New Mexico,St. John's,191,279,92,95,,UAC,Indep.,,,,,,
255844,1971-12-22,,1972,regular,,final,Western Kentucky,Penn State (Beaver),350,1353,79,88,,OVC,,,,,,,
255878,1971-12-22,,1972,regular,,final,Pittsburgh,South Carolina,229,266,59,69,,Indep.,Indep.,,,,,,
256112,1971-12-22,,1972,regular,,final,Cincinnati,Ohio,51,215,104,67,,Indep.,MAC,,,,,,
256281,1971-12-22,,1972,regular,,final,Duke,Dayton,72,64,68,66,,ACC,Indep.,,,,,,
256426,1971-12-22,,1972,regular,,final,Pacific,Washington,225,343,86,71,,Big West,Pac-12,,,,,,
256550,1971-12-22,,1972,regular,,final,Illinois,Vanderbilt,118,336,92,95,,Big Ten,SEC,,,,,,
256570,1971-12-22,,1972,regular,,final,Minnesota,Drake,173,70,70,56,,Big Ten,MVC,,,,,,
256611,1971-12-22,,1972,regular,,final,Nebraska,San José State,188,260,80,63,,MVC,Big West,,,,,,
256646,1971-12-22,,1972,regular,,final,Arkansas,Iowa State,12,125,93,96,,,,,,,,,
254890,1971-12-26,,1972,regular,,final,UC Santa Barbara,Arizona,311,11,97,63,,Big West,UAC,,,,,,
254964,1971-12-26,,1972,regular,,final,Texas Pan American,Cal State LA,1535,1053,96,95,,,,,,,,,
254981,1971-12-26,,1972,regular,,final,Eastern Kentucky,Texas Tech,78,298,95,92,,OVC,,,,,,,
254990,1971-12-26,,1972,regular,,final,Texas,Centenary (LA),295,367,81,77,,,Indep.,,,,,,
255059,1971-12-26,,1972,regular,,final,Marquette,Georgetown,157,97,88,44,,Indep.,Indep.,,,,,,
255367,1971-12-26,,1972,regular,,final,Loyola Marymount,Seton Hall,153,263,104,82,,WCC,Indep.,,,,,,
255489,1971-12-26,,1972,regular,,final,Villanova,Massachusetts,338,161,100,83,,Indep.,,,,,,,
255510,1971-12-26,,1972,regular,,final,Saint Louis,Yale,252,360,95,70,,MVC,Ivy,,,,,,
255622,1971-12-26,,1972,regular,,final,Hawai'i,Northwestern,108,212,85,83,,Indep.,Big Ten,,,,,,
255672,1971-12-26,,1972,regular,,final,Utah State,Arkansas,329,12,95,94,,Indep.,,,,,,,
256047,1971-12-26,,1972,regular,,final,La Salle,Boston College,137,26,61,62,,,Indep.,,,,,,
256071,1971-12-26,,1972,regular,,final,Oklahoma City,North Texas,1476,204,85,79,,,MVC,,,,,,
256093,1971-12-26,,1972,regular,,final,Houston,LSU,113,136,100,66,,Indep.,SEC,,,,,,
256113,1971-12-26,,1972,regular,,final,Butler,Cincinnati,34,51,79,75,,,Indep.,,,,,,
254751,1971-12-27,,1972,regular,,final,Northern Illinois,Western Michigan,208,351,83,68,,,MAC,,,,,,
254938,1971-12-27,,1972,regular,,final,Florida,Columbia,87,58,87,47,,SEC,Ivy,,,,,,
255022,1971-12-27,,1972,regular,,final,Villanova,Tennessee,338,292,76,67,,Indep.,SEC,,,,,,
255060,1971-12-27,,1972,regular,,final,Marquette,Marshall,157,158,74,72,,Indep.,Indep.,,,,,,
255159,1971-12-27,,1972,regular,,final,UNLV,Baylor,322,20,79,81,,WCC,,,,,,,
255312,1971-12-27,,1972,regular,,final,Detroit Mercy,Bowling Green,69,28,86,78,,Indep.,MAC,,,,,,
255697,1971-12-27,,1972,regular,,final,The Citadel,Air Force,299,2,61,60,,SoCon,Indep.,,,,,,
255714,1971-12-27,,1972,regular,,final,Utah State,Wyoming,329,358,85,92,,Indep.,UAC,,,,,,
255766,1971-12-27,,1972,regular,,final,Fordham,Providence,91,235,77,72,,Indep.,Indep.,,,,,,
255926,1971-12-27,,1972,regular,,final,New Mexico State,Pepperdine,192,228,89,82,,MVC,WCC,,,,,,
256048,1971-12-27,,1972,regular,,final,La Salle,Fairfield,137,83,108,96,,,Indep.,,,,,,
256094,1971-12-27,,1972,regular,,final,Houston,Michigan State,113,169,106,73,,Indep.,Big Ten,,,,,,
254728,1971-12-28,,1972,regular,,final,Oral Roberts,UConn,222,314,106,88,,Indep.,Indep.,,,,,,
254745,1971-12-28,,1972,regular,,final,Stetson,William & Mary,283,353,67,94,,Indep.,SoCon,,,,,,
254778,1971-12-28,,1972,regular,,final,Rider,George Washington,243,96,69,78,,,,,,,,,
254808,1971-12-28,,1972,regular,,final,Pittsburgh,Navy,229,187,88,78,,Indep.,Indep.,,,,,,
254853,1971-12-28,,1972,regular,,final,Saint Louis,Loyola Chicago,252,151,87,62,,MVC,Indep.,,,,,,
254901,1971-12-28,,1972,regular,,final,Fordham,Utah,91,331,74,67,,Indep.,UAC,,,,,,
254954,1971-12-28,,1972,regular,,final,The Citadel,Virginia,299,339,72,77,,SoCon,ACC,,,,,,
254991,1971-12-28,,1972,regular,,final,UCLA,Texas,313,295,115,65,,Pac-12,,,,,,,
255160,1971-12-28,,1972,regular,,final,UNLV,Southern Illinois,322,273,91,90,,WCC,Indep.,,,,,,
255454,1971-12-28,,1972,regular,,final,Maryland,Western Kentucky,160,350,103,68,,ACC,OVC,,,,,,
255511,1971-12-28,,1972,regular,,final,SMU,Yale,248,360,81,80,,,Ivy,,,,,,
255732,1971-12-28,,1972,regular,,final,Duquesne,Wake Forest,73,342,56,55,,Indep.,ACC,,,,,,
255927,1971-12-28,,1972,regular,,final,New Mexico State,Montana State,192,180,95,85,,MVC,Big Sky,,,,,,
256072,1971-12-28,,1972,regular,,final,Oklahoma City,Army,1476,15,89,82,,,Indep.,,,,,,
256321,1971-12-28,,1972,regular,,final,Furman,Auburn,93,16,78,103,,SoCon,SEC,,,,,,
256470,1971-12-28,,1972,regular,,final,Hawai'i,California,108,40,87,79,,Indep.,Pac-12,,,,,,
254715,1971-12-29,,1972,regular,,final,Oral Roberts,Loyola Marymount,222,153,103,86,,Indep.,WCC,,,,,,
254755,1971-12-29,,1972,regular,,final,Marshall,Ohio,158,215,88,81,,Indep.,MAC,,,,,,
254800,1971-12-29,,1972,regular,,final,Rider,American University,243,8,60,84,,,,,,,,,
254831,1971-12-29,,1972,regular,,final,Canisius,Long Island University,42,146,86,76,,Indep.,Indep.,,,,,,
254842,1971-12-29,,1972,regular,,final,Furman,Holy Cross,93,111,88,104,,SoCon,Indep.,,,,,,
255301,1971-12-29,,1972,regular,,final,Louisiana,Cal State LA,148,1053,113,102,,Southland,,,,,,,
255623,1971-12-29,,1972,regular,,final,Hawai'i,Arizona State,108,10,87,77,,Indep.,UAC,,,,,,
255673,1971-12-29,,1972,regular,,final,Colorado State,Utah State,57,329,81,68,,UAC,Indep.,,,,,,
255808,1971-12-29,,1972,regular,,final,Maryland,St. John's,160,279,90,69,,ACC,Indep.,,,,,,
255826,1971-12-29,,1972,regular,,final,Vanderbilt,Rice,336,241,105,87,,SEC,,,,,,,
255881,1971-12-29,,1972,regular,,final,Villanova,South Carolina,338,266,77,76,,Indep.,Indep.,,,,,,
255944,1971-12-29,,1972,regular,,final,UCLA,Ohio State,313,216,79,53,,Pac-12,Big Ten,,,,,,
256049,1971-12-29,,1972,regular,,final,La Salle,Massachusetts,137,161,82,75,,,,,,,,,
256073,1971-12-29,,1972,regular,,final,Oklahoma City,Eastern Kentucky,1476,78,78,83,,,OVC,,,,,,
256114,1971-12-29,,1972,regular,,final,Cincinnati,Kent State,51,134,80,67,,Indep.,MAC,,,,,,
256185,1971-12-29,,1972,regular,,final,Pacific,Seattle U,225,262,83,85,,Big West,WCC,,,,,,
256571,1971-12-29,,1972,regular,,final,Iowa,Drake,124,70,89,83,,Big Ten,MVC,,,,,,
255368,1971-12-30,,1972,regular,,final,Pepperdine,Seton Hall,228,263,63,66,,WCC,Indep.,,,,,,
256174,1971-12-30,,1972,regular,,final,Memphis,Arkansas,163,12,92,77,,MVC,,,,,,,
256228,1971-12-30,,1972,regular,,final,Dayton,East Carolina,64,74,86,72,,Indep.,SoCon,,,,,,
254746,1971-12-31,,1972,regular,,final,Davidson,William & Mary,63,353,81,68,,SoCon,SoCon,,,,,,
255512,1971-12-31,,1972,regular,,final,Xavier,Yale,359,360,75,69,,Indep.,Ivy,,,,,,
256074,1971-12-31,,1972,regular,,final,San Francisco,Oklahoma City,259,1476,75,77,,WCC,,,,,,,
256363,1971-12-31,,1972,regular,,final,Mississippi State,Vanderbilt,174,336,76,69,,SEC,SEC,,,,,,
254456,1972-01-01,,1972,regular,,final,Boston College,Fairfield,26,83,100,78,,Indep.,Indep.,,,,,,
254471,1972-01-02,,1972,regular,,final,Tulsa,Trinity (TX),304,551,96,70,,MVC,Southland,,,,,,
254484,1972-01-02,,1972,regular,,final,Ball State,Butler,19,34,92,85,,Indep.,,,,,,,
254503,1972-01-02,,1972,regular,,final,Stetson,Lehigh,283,141,58,57,,Indep.,,,,,,,
254709,1972-01-02,,1972,regular,,final,New Hampshire,Boston University,190,27,77,66,,Indep.,Indep.,,,,,,
254747,1972-01-02,,1972,regular,,final,The Citadel,William & Mary,299,353,68,59,,SoCon,SoCon,,,,,,
254809,1972-01-02,,1972,regular,,final,Pittsburgh,George Washington,229,96,99,81,,Indep.,,,,,,,
254854,1972-01-02,,1972,regular,,final,Saint Louis,South Alabama,252,265,78,61,,MVC,Indep.,,,,,,
255173,1972-01-02,,1972,regular,,final,Wake Forest,Virginia,342,339,64,74,,ACC,ACC,,,,,,
255217,1972-01-02,,1972,regular,,final,Florida,Alabama,87,5,79,77,,SEC,SEC,,,,,,
255526,1972-01-02,,1972,regular,,final,Stanford,Dartmouth,281,62,102,85,,Pac-12,Ivy,,,,,,
255565,1972-01-02,,1972,regular,,final,Pacific,UNLV,225,322,111,82,,Big West,WCC,,,,,,
255604,1972-01-02,,1972,regular,,final,San José State,Nevada,260,189,102,62,,Big West,WCC,,,,,,
255928,1972-01-02,,1972,regular,,final,New Mexico State,UTEP,192,327,59,75,,MVC,UAC,,,,,,
255945,1972-01-02,,1972,regular,,final,Ohio State,Creighton,216,61,94,76,,Big Ten,Indep.,,,,,,
256007,1972-01-02,,1972,regular,,final,Pepperdine,Temple,228,289,79,87,,WCC,,,,,,,
256095,1972-01-02,,1972,regular,,final,Dayton,Houston,64,113,73,69,,Indep.,Indep.,,,,,,
256134,1972-01-02,,1972,regular,,final,Wichita State,Bradley,352,29,71,69,,MVC,MVC,,,,,,
256186,1972-01-02,,1972,regular,,final,Seattle U,Portland,262,230,93,60,,WCC,Indep.,,,,,,
256323,1972-01-02,,1972,regular,,final,Auburn,Ole Miss,16,220,65,69,,SEC,SEC,,,,,,
256381,1972-01-02,,1972,regular,,final,LSU,Vanderbilt,136,336,73,80,,SEC,SEC,,,,,,
256472,1972-01-02,,1972,regular,,final,California,Oklahoma City,40,1476,127,67,,Pac-12,,,,,,,
256513,1972-01-02,,1972,regular,,final,Marquette,Wisconsin,157,355,72,60,,Indep.,Big Ten,,,,,,
256572,1972-01-02,,1972,regular,,final,Drake,Cincinnati,70,51,78,81,,MVC,Indep.,,,,,,
256596,1972-01-02,,1972,regular,,final,Arkansas State,Oklahoma State,13,218,88,76,,Southland,,,,,,,
256692,1972-01-02,,1972,regular,,final,Iowa,Kansas,124,131,81,68,,Big Ten,,,,,,,
254863,1972-01-03,,1972,regular,,final,Saint Louis,Florida State,252,90,62,63,,MVC,Indep.,,,,,,
254999,1972-01-03,,1972,regular,,final,SMU,Oklahoma,248,217,96,92,,,,,,,,,
255007,1972-01-03,,1972,regular,,final,Minnesota,Loyola Chicago,173,151,84,59,,Big Ten,Indep.,,,,,,
255313,1972-01-03,,1972,regular,,final,Bowling Green,Niagara,28,194,74,88,,MAC,Indep.,,,,,,
255624,1972-01-03,,1972,regular,,final,Loyola Marymount,Hawai'i,153,108,88,78,,WCC,Indep.,,,,,,
255653,1972-01-03,,1972,regular,,final,Richmond,Canisius,242,42,55,69,,SoCon,Indep.,,,,,,
255686,1972-01-03,,1972,regular,,final,South Alabama,Denver,265,68,58,64,,Indep.,Indep.,,,,,,
255809,1972-01-03,,1972,regular,,final,St. John's,Davidson,279,63,84,88,,Indep.,SoCon,,,,,,
255900,1972-01-03,,1972,regular,,final,Indiana State,Morehead State,122,181,95,89,,Indep.,OVC,,,,,,
255957,1972-01-03,,1972,regular,,final,Princeton,Michigan,234,170,91,82,,Ivy,Big Ten,,,,,,
256008,1972-01-03,,1972,regular,,final,Long Beach State,Temple,145,289,95,82,,Big West,,,,,,,
256364,1972-01-03,,1972,regular,,final,Mississippi State,Arkansas,174,12,78,75,,SEC,,,,,,,
256531,1972-01-03,,1972,regular,,final,Northern Illinois,Indiana,208,121,85,71,,,Big Ten,,,,,,
256629,1972-01-03,,1972,regular,,final,Ohio,Missouri,215,177,76,78,,MAC,,,,,,,
256668,1972-01-03,,1972,regular,,final,Tulane,Colorado,303,56,74,75,,Indep.,,,,,,,
254558,1972-01-04,,1972,regular,,final,Furman,The Citadel,93,299,101,86,,SoCon,SoCon,,,,,,
254682,1972-01-04,,1972,regular,,final,Oral Roberts,St. Francis (PA),222,278,125,104,,Indep.,Indep.,,,,,,
254729,1972-01-04,,1972,regular,,final,UConn,Colgate,314,55,80,86,,Indep.,Indep.,,,,,,
254770,1972-01-04,,1972,regular,,final,Miami (OH),Kent State,167,134,54,60,,MAC,MAC,,,,,,
254817,1972-01-04,,1972,regular,,final,Fordham,Rhode Island,91,240,90,81,,Indep.,Indep.,,,,,,
254832,1972-01-04,,1972,regular,,final,Fairleigh Dickinson,Long Island University,84,146,79,73,,Indep.,Indep.,,,,,,
255032,1972-01-04,,1972,regular,,final,Holy Cross,Syracuse,111,286,99,93,,Indep.,Indep.,,,,,,
255369,1972-01-04,,1972,regular,,final,Seton Hall,Lafayette,263,138,74,75,,Indep.,,,,,,,
255394,1972-01-04,,1972,regular,,final,Western Michigan,Toledo,351,300,84,88,,MAC,MAC,,,,,,
255547,1972-01-04,,1972,regular,,final,Rutgers,Pittsburgh,245,229,92,76,,Indep.,Indep.,,,,,,
255768,1972-01-04,,1972,regular,,final,Providence,Boston College,235,26,86,68,,Indep.,Indep.,,,,,,
256264,1972-01-04,,1972,regular,,final,Maryland,NC State,160,185,83,70,,ACC,ACC,,,,,,
256342,1972-01-04,,1972,regular,,final,Georgia Tech,Clemson,101,52,57,66,,Indep.,ACC,,,,,,
256597,1972-01-04,,1972,regular,,final,Oklahoma State,Baylor,218,20,64,68,,,,,,,,,
254457,1972-01-05,,1972,regular,,final,San Diego State,Long Beach State,257,145,75,89,,Big West,Big West,,,,,,
254603,1972-01-05,,1972,regular,,final,Weber State,Gonzaga,345,102,84,48,,Big Sky,Big Sky,,,,,,
254651,1972-01-05,,1972,regular,,final,Marshall,Morehead State,158,181,98,103,,Indep.,OVC,,,,,,
254880,1972-01-05,,1972,regular,,final,Nevada,San Francisco,189,259,60,97,,WCC,WCC,,,,,,
254982,1972-01-05,,1972,regular,,final,Texas Tech,Arkansas State,298,13,75,68,,,Southland,,,,,,
255150,1972-01-05,,1972,regular,,final,Loyola Marymount,Saint Mary's,153,253,79,82,,WCC,WCC,,,,,,
255182,1972-01-05,,1972,regular,,final,West Texas A&M,North Texas,1440,204,79,69,,MVC,MVC,,,,,,
255302,1972-01-05,,1972,regular,,final,Louisiana,Eastern Kentucky,148,78,87,80,,Southland,OVC,,,,,,
255328,1972-01-05,,1972,regular,,final,Northern Arizona,Idaho,206,117,64,54,,Big Sky,Big Sky,,,,,,
255585,1972-01-05,,1972,regular,,final,UNLV,Santa Clara,322,261,50,55,,WCC,WCC,,,,,,
255654,1972-01-05,,1972,regular,,final,East Carolina,Richmond,74,242,67,68,,SoCon,SoCon,,,,,,
256175,1972-01-05,,1972,regular,,final,Bradley,Memphis,29,163,95,79,,MVC,MVC,,,,,,
256187,1972-01-05,,1972,regular,,final,Pepperdine,Seattle U,228,262,95,103,,WCC,WCC,,,,,,
256382,1972-01-05,,1972,regular,,final,LSU,Georgetown,136,97,90,71,,SEC,Indep.,,,,,,
256573,1972-01-05,,1972,regular,,final,Drake,Wichita State,70,352,61,58,,MVC,MVC,,,,,,
256669,1972-01-05,,1972,regular,,final,Houston,Colorado,113,56,70,66,,Indep.,,,,,,,
254533,1972-01-06,,1972,regular,,final,Montana State,Boise State,180,25,87,79,,Big Sky,Big Sky,,,,,,
254626,1972-01-06,,1972,regular,,final,Montana,Idaho State,179,116,64,62,,Big Sky,Big Sky,,,,,,
254977,1972-01-06,,1972,regular,,final,George Washington,Texas A&M,96,293,64,72,,,,,,,,,
255078,1972-01-06,,1972,regular,,final,Utah,Arizona,331,11,76,78,,UAC,UAC,,,,,,
255098,1972-01-06,,1972,regular,,final,Brown,Columbia,30,58,77,72,,Ivy,Ivy,,,,,,
255227,1972-01-06,,1972,regular,,final,Oregon State,UCLA,224,313,72,78,,Pac-12,Pac-12,,,,,,
255474,1972-01-06,,1972,regular,,final,Princeton,Harvard,234,107,74,67,,Ivy,Ivy,,,,,,
255513,1972-01-06,,1972,regular,,final,Yale,Cornell,360,60,92,82,,Ivy,Ivy,,,,,,
255566,1972-01-06,,1972,regular,,final,Cal State LA,Pacific,1053,225,64,70,,,Big West,,,,,,
255605,1972-01-06,,1972,regular,,final,UC Santa Barbara,San José State,311,260,73,67,,Big West,Big West,,,,,,
255715,1972-01-06,,1972,regular,,final,Wyoming,UTEP,358,327,59,67,,UAC,UAC,,,,,,
255786,1972-01-06,,1972,regular,,final,Colorado State,New Mexico,57,191,93,65,,UAC,UAC,,,,,,
255847,1972-01-06,,1972,regular,,final,Penn State (Beaver),Dartmouth,1353,62,92,62,,,Ivy,,,,,,
255990,1972-01-06,,1972,regular,,final,Stanford,Washington State,281,344,76,54,,Pac-12,Pac-12,,,,,,
256208,1972-01-06,,1972,regular,,final,BYU,Arizona State,18,10,111,102,,UAC,UAC,,,,,,
256450,1972-01-06,,1972,regular,,final,Oregon,USC,223,323,46,66,,Pac-12,Pac-12,,,,,,
256473,1972-01-06,,1972,regular,,final,California,Washington,40,343,63,79,,Pac-12,Pac-12,,,,,,
254530,1972-01-07,,1972,regular,,final,Ball State,Northern Illinois,19,208,83,103,,Indep.,,,,,,,
254534,1972-01-07,,1972,regular,,final,Montana,Boise State,179,25,71,73,,Big Sky,Big Sky,,,,,,
254596,1972-01-07,,1972,regular,,final,Long Beach State,Fresno State,145,92,98,78,,Big West,Big West,,,,,,
254604,1972-01-07,,1972,regular,,final,Northern Arizona,Gonzaga,206,102,88,82,,Big Sky,Big Sky,,,,,,
254627,1972-01-07,,1972,regular,,final,Montana State,Idaho State,180,116,75,72,,Big Sky,Big Sky,,,,,,
254676,1972-01-07,,1972,regular,,final,Saint Peter's,Niagara,254,194,92,112,,Indep.,Indep.,,,,,,
254686,1972-01-07,,1972,regular,,final,Tennessee Tech,Texas Pan American,291,1535,85,92,,OVC,,,,,,,
254710,1972-01-07,,1972,regular,,final,Colgate,Boston University,55,27,112,79,,Indep.,Indep.,,,,,,
254730,1972-01-07,,1972,regular,,final,Rhode Island,UConn,240,314,57,52,,Indep.,Indep.,,,,,,
254752,1972-01-07,,1972,regular,,final,Marshall,Western Michigan,158,351,102,77,,Indep.,MAC,,,,,,
254843,1972-01-07,,1972,regular,,final,Holy Cross,Fordham,111,91,71,68,,Indep.,Indep.,,,,,,
254864,1972-01-07,,1972,regular,,final,Florida State,East Tennessee State,90,75,106,63,,Indep.,OVC,,,,,,
254869,1972-01-07,,1972,regular,,final,Kent State,St. Bonaventure,134,277,63,76,,MAC,Indep.,,,,,,
254983,1972-01-07,,1972,regular,,final,Southern Illinois,Texas Tech,273,298,81,88,,Indep.,,,,,,,
254993,1972-01-07,,1972,regular,,final,Texas,Georgetown,295,97,78,70,,,Indep.,,,,,,
255023,1972-01-07,,1972,regular,,final,Canisius,Villanova,42,338,65,69,,Indep.,Indep.,,,,,,
255044,1972-01-07,,1972,regular,,final,West Virginia,Davidson,347,63,95,78,,Indep.,SoCon,,,,,,
255072,1972-01-07,,1972,regular,,final,Utah,Arizona State,331,10,72,64,,UAC,UAC,,,,,,
255086,1972-01-07,,1972,regular,,final,Colorado State,UTEP,57,327,63,62,,UAC,UAC,,,,,,
255099,1972-01-07,,1972,regular,,final,Brown,Cornell,30,60,101,88,,Ivy,Ivy,,,,,,
255151,1972-01-07,,1972,regular,,final,Pepperdine,Saint Mary's,228,253,102,81,,WCC,WCC,,,,,,
255161,1972-01-07,,1972,regular,,final,UNLV,San Francisco,322,259,69,78,,WCC,WCC,,,,,,
255184,1972-01-07,,1972,regular,,final,Bradley,North Texas,29,204,90,72,,MVC,MVC,,,,,,
255203,1972-01-07,,1972,regular,,final,Vanderbilt,Georgia,336,98,80,76,,SEC,SEC,,,,,,
255229,1972-01-07,,1972,regular,,final,Oregon State,USC,224,323,75,87,,Pac-12,Pac-12,,,,,,
255251,1972-01-07,,1972,regular,,final,Vermont,Maine-Farmington,337,1078,55,59,,Indep.,,,,,,,
255314,1972-01-07,,1972,regular,,final,Bowling Green,Ohio,28,215,69,91,,MAC,MAC,,,,,,
255329,1972-01-07,,1972,regular,,final,Weber State,Idaho,345,117,106,50,,Big Sky,Big Sky,,,,,,
255358,1972-01-07,,1972,regular,,final,Bucknell,Delaware,32,66,66,68,,,,,,,,,
255384,1972-01-07,,1972,regular,,final,Gettysburg,Rider,1189,243,80,84,,,,,,,,,
255395,1972-01-07,,1972,regular,,final,Toledo,Miami (OH),300,167,67,57,,MAC,MAC,,,,,,
255415,1972-01-07,,1972,regular,,final,East Carolina,VMI,74,334,62,57,,SoCon,SoCon,,,,,,
255438,1972-01-07,,1972,regular,,final,Penn State,Seton Hall,226,263,76,68,,Indep.,Indep.,,,,,,
255514,1972-01-07,,1972,regular,,final,Yale,Columbia,360,58,71,61,,Ivy,Ivy,,,,,,
255527,1972-01-07,,1972,regular,,final,Princeton,Dartmouth,234,62,84,73,,Ivy,Ivy,,,,,,
255567,1972-01-07,,1972,regular,,final,UC Santa Barbara,Pacific,311,225,63,56,,Big West,Big West,,,,,,
255586,1972-01-07,,1972,regular,,final,Nevada,Santa Clara,189,261,54,98,,WCC,WCC,,,,,,
255606,1972-01-07,,1972,regular,,final,Cal State LA,San José State,1053,260,80,67,,,Big West,,,,,,
255625,1972-01-07,,1972,regular,,final,Centenary (LA),Hawai'i,367,108,91,96,,Indep.,Indep.,,,,,,
255655,1972-01-07,,1972,regular,,final,Richmond,William & Mary,242,353,68,73,,SoCon,SoCon,,,,,,
255787,1972-01-07,,1972,regular,,final,Wyoming,New Mexico,358,191,69,62,,UAC,UAC,,,,,,
255810,1972-01-07,,1972,regular,,final,St. John's,Syracuse,279,286,83,86,,Indep.,Indep.,,,,,,
255848,1972-01-07,,1972,regular,,final,Penn State (Beaver),Harvard,1353,107,81,52,,,Ivy,,,,,,
255901,1972-01-07,,1972,regular,,final,Illinois State,Indiana State,119,122,66,69,,Indep.,Indep.,,,,,,
255929,1972-01-07,,1972,regular,,final,UT Arlington,New Mexico State,324,192,59,71,,Southland,MVC,,,,,,
255946,1972-01-07,,1972,regular,,final,Purdue,Ohio State,236,216,70,78,,Big Ten,Big Ten,,,,,,
255973,1972-01-07,,1972,regular,,final,North Carolina,Furman,200,93,118,66,,ACC,SoCon,,,,,,
256009,1972-01-07,,1972,regular,,final,Navy,Temple,187,289,65,61,,Indep.,,,,,,,
256029,1972-01-07,,1972,regular,,final,Boston College,Saint Joseph's,26,251,68,82,,Indep.,,,,,,,
256051,1972-01-07,,1972,regular,,final,La Salle,Lafayette,137,138,66,86,,,,,,,,,
256075,1972-01-07,,1972,regular,,final,Baylor,Oklahoma City,20,1476,90,87,,,,,,,,,
256096,1972-01-07,,1972,regular,,final,Houston,Rice,113,241,101,73,,Indep.,,,,,,,
256115,1972-01-07,,1972,regular,,final,Cincinnati,Louisville,51,150,76,84,,Indep.,MVC,,,,,,
256188,1972-01-07,,1972,regular,,final,Utah State,Seattle U,329,262,66,70,,Indep.,WCC,,,,,,
256209,1972-01-07,,1972,regular,,final,BYU,Arizona,18,11,88,67,,UAC,UAC,,,,,,
256265,1972-01-07,,1972,regular,,final,NC State,Virginia,185,339,73,84,,ACC,ACC,,,,,,
256303,1972-01-07,,1972,regular,,final,Clemson,Maryland,52,160,63,61,,ACC,ACC,,,,,,
256324,1972-01-07,,1972,regular,,final,Auburn,Florida,16,87,79,74,,SEC,SEC,,,,,,
256343,1972-01-07,,1972,regular,,final,Georgia Tech,Alabama,101,5,85,90,,Indep.,SEC,,,,,,
256365,1972-01-07,,1972,regular,,final,Tennessee,Mississippi State,292,174,82,49,,SEC,SEC,,,,,,
256383,1972-01-07,,1972,regular,,final,LSU,Loyola New Orleans,136,650,103,85,,SEC,,,,,,,
256404,1972-01-07,,1972,regular,,final,Kentucky,Ole Miss,135,220,93,82,,SEC,SEC,,,,,,
256430,1972-01-07,,1972,regular,,final,Stanford,Washington,281,343,85,80,,Pac-12,Pac-12,,,,,,
256451,1972-01-07,,1972,regular,,final,Oregon,UCLA,223,313,68,93,,Pac-12,Pac-12,,,,,,
256474,1972-01-07,,1972,regular,,final,California,Washington State,40,344,79,76,,Pac-12,Pac-12,,,,,,
256498,1972-01-07,,1972,regular,,final,Michigan,Michigan State,170,169,83,75,,Big Ten,Big Ten,,,,,,
256514,1972-01-07,,1972,regular,,final,Wisconsin,Iowa,355,124,81,80,,Big Ten,Big Ten,,,,,,
256532,1972-01-07,,1972,regular,,final,Minnesota,Indiana,173,121,52,51,,Big Ten,Big Ten,,,,,,
256553,1972-01-07,,1972,regular,,final,Northwestern,Illinois,212,118,63,67,,Big Ten,Big Ten,,,,,,
256574,1972-01-07,,1972,regular,,final,Tulsa,Drake,304,70,94,76,,MVC,MVC,,,,,,
256614,1972-01-07,,1972,regular,,final,Nebraska,Oklahoma State,188,218,73,59,,MVC,,,,,,,
256648,1972-01-07,,1972,regular,,final,Iowa State,Oklahoma,125,217,72,77,,,,,,,,,
255882,1972-01-08,,1972,regular,,final,South Carolina,Marquette,266,157,71,72,,Indep.,Indep.,,,,,,
254574,1972-01-09,,1972,regular,,final,Eastern Kentucky,Oral Roberts,78,222,96,102,,OVC,Indep.,,,,,,
254617,1972-01-09,,1972,regular,,final,South Alabama,Hardin-Simmons,265,772,72,84,,Indep.,,,,,,,
254636,1972-01-09,,1972,regular,,final,Morehead State,Illinois State,181,119,104,94,,OVC,Indep.,,,,,,
254644,1972-01-09,,1972,regular,,final,Northern Illinois,Loyola New Orleans,208,650,93,79,,,,,,,,,
254653,1972-01-09,,1972,regular,,final,Middle Tennessee,Texas Pan American,171,1535,64,72,,OVC,,,,,,,
254698,1972-01-09,,1972,regular,,final,Butler,UT Arlington,34,324,82,87,,,Southland,,,,,,
254833,1972-01-09,,1972,regular,,final,Long Island University,Niagara,146,194,70,76,,Indep.,Indep.,,,,,,
255045,1972-01-09,,1972,regular,,final,Pittsburgh,West Virginia,229,347,91,76,,Indep.,Indep.,,,,,,
255197,1972-01-09,,1972,regular,,final,Vanderbilt,Florida,336,87,104,87,,SEC,SEC,,,,,,
255209,1972-01-09,,1972,regular,,final,Tennessee,Ole Miss,292,220,73,70,,SEC,SEC,,,,,,
255242,1972-01-09,,1972,regular,,final,The Citadel,Tulane,299,303,61,67,,SoCon,Indep.,,,,,,
255346,1972-01-09,,1972,regular,,final,Jacksonville,East Tennessee State,127,75,95,75,,Indep.,OVC,,,,,,
255769,1972-01-09,,1972,regular,,final,Providence,Villanova,235,338,76,69,,Indep.,Indep.,,,,,,
255827,1972-01-09,,1972,regular,,final,Rice,Hawai'i,241,108,65,84,,,Indep.,,,,,,
256076,1972-01-09,,1972,regular,,final,SMU,Oklahoma City,248,1476,88,97,,,,,,,,,
256135,1972-01-09,,1972,regular,,final,Wichita State,Loyola Chicago,352,151,71,57,,MVC,Indep.,,,,,,
256325,1972-01-09,,1972,regular,,final,Auburn,Georgia,16,98,99,93,,SEC,SEC,,,,,,
256384,1972-01-09,,1972,regular,,final,LSU,Alabama,136,5,80,101,,SEC,SEC,,,,,,
256405,1972-01-09,,1972,regular,,final,Kentucky,Mississippi State,135,174,104,76,,SEC,SEC,,,,,,
256615,1972-01-09,,1972,regular,,final,Nebraska,Oklahoma,188,217,77,70,,MVC,,,,,,,
254599,1972-01-10,,1972,regular,,final,Furman,Manhattan,93,155,105,95,,SoCon,Indep.,,,,,,
254623,1972-01-10,,1972,regular,,final,Iona,Hofstra,123,110,70,82,,Indep.,,,,,,,
254673,1972-01-10,,1972,regular,,final,New Hampshire,Vermont,190,337,82,58,,Indep.,Indep.,,,,,,
254699,1972-01-10,,1972,regular,,final,Ball State,UT Arlington,19,324,83,82,,Indep.,Southland,,,,,,
254870,1972-01-10,,1972,regular,,final,St. Bonaventure,Xavier,277,359,70,51,,Indep.,Indep.,,,,,,
254881,1972-01-10,,1972,regular,,final,San Francisco,Georgetown,259,97,100,76,,WCC,Indep.,,,,,,
254925,1972-01-10,,1972,regular,,final,Detroit Mercy,St. Francis (PA),69,278,101,82,,Indep.,Indep.,,,,,,
255061,1972-01-10,,1972,regular,,final,Nevada,Marquette,189,157,55,82,,WCC,Indep.,,,,,,
255849,1972-01-10,,1972,regular,,final,Princeton,Penn State (Beaver),234,1353,69,56,,Ivy,,,,,,,
255917,1972-01-10,,1972,regular,,final,Northwestern,Iowa,212,124,67,76,,Big Ten,Big Ten,,,,,,
256030,1972-01-10,,1972,regular,,final,Rider,Saint Joseph's,243,251,63,77,,,,,,,,,
256052,1972-01-10,,1972,regular,,final,Western Kentucky,La Salle,350,137,103,84,,OVC,,,,,,,
256515,1972-01-10,,1972,regular,,final,Michigan State,Wisconsin,169,355,83,76,,Big Ten,Big Ten,,,,,,
256554,1972-01-10,,1972,regular,,final,Illinois,Michigan,118,170,70,75,,Big Ten,Big Ten,,,,,,
256575,1972-01-10,,1972,regular,,final,West Texas A&M,Drake,1440,70,87,78,,MVC,MVC,,,,,,
256598,1972-01-10,,1972,regular,,final,Oklahoma State,Texas,218,295,61,67,,,,,,,,,
254473,1972-01-11,,1972,regular,,final,Ohio,Kent State,215,134,85,74,,MAC,MAC,,,,,,
254711,1972-01-11,,1972,regular,,final,Boston University,Vermont,27,337,85,62,,Indep.,Indep.,,,,,,
254738,1972-01-11,,1972,regular,,final,Fairfield,St. Francis Brooklyn,83,364,87,73,,Indep.,Indep.,,,,,,
254761,1972-01-11,,1972,regular,,final,Miami (OH),Western Michigan,167,351,86,64,,MAC,MAC,,,,,,
254810,1972-01-11,,1972,regular,,final,Davidson,Pittsburgh,63,229,78,91,,SoCon,Indep.,,,,,,
254939,1972-01-11,,1972,regular,,final,Columbia,Lafayette,58,138,64,100,,Ivy,,,,,,,
254955,1972-01-11,,1972,regular,,final,Virginia,George Washington,339,96,97,76,,ACC,,,,,,,
255033,1972-01-11,,1972,regular,,final,Syracuse,Canisius,286,42,106,93,,Indep.,Indep.,,,,,,
255046,1972-01-11,,1972,regular,,final,West Virginia,Bucknell,347,32,88,73,,Indep.,,,,,,,
255385,1972-01-11,,1972,regular,,final,Gettysburg,Delaware,1189,66,82,83,,,,,,,,,
255396,1972-01-11,,1972,regular,,final,Toledo,Butler,300,34,78,55,,MAC,,,,,,,
255416,1972-01-11,,1972,regular,,final,Saint Peter's,East Carolina,254,74,98,80,,Indep.,SoCon,,,,,,
255626,1972-01-11,,1972,regular,,final,UConn,Hawai'i,314,108,71,77,,Indep.,Indep.,,,,,,
255749,1972-01-11,,1972,regular,,final,Dartmouth,Boston College,62,26,93,88,,Ivy,Indep.,,,,,,
255883,1972-01-11,,1972,regular,,final,South Carolina,Manhattan,266,155,116,78,,Indep.,Indep.,,,,,,
256136,1972-01-11,,1972,regular,,final,Arkansas State,Wichita State,13,352,84,74,,Southland,MVC,,,,,,
256248,1972-01-11,,1972,regular,,final,Dayton,Louisville,64,150,64,71,,Indep.,MVC,,,,,,
256285,1972-01-11,,1972,regular,,final,NC State,Duke,185,72,85,58,,ACC,ACC,,,,,,
256304,1972-01-11,,1972,regular,,final,Clemson,North Carolina,52,200,61,81,,ACC,ACC,,,,,,
256344,1972-01-11,,1972,regular,,final,Rice,Georgia Tech,241,101,87,74,,,Indep.,,,,,,
256385,1972-01-11,,1972,regular,,final,Memphis,LSU,163,136,82,65,,MVC,SEC,,,,,,
254469,1972-01-12,,1972,regular,,final,Texas A&M,Trinity (TX),293,551,98,58,,,Southland,,,,,,
254509,1972-01-12,,1972,regular,,final,Army,Colgate,15,55,104,92,,Indep.,Indep.,,,,,,
254700,1972-01-12,,1972,regular,,final,UT Arlington,Centenary (LA),324,367,82,81,,Southland,Indep.,,,,,,
254716,1972-01-12,,1972,regular,,final,Loyola Marymount,Nevada,153,189,91,61,,WCC,WCC,,,,,,
254965,1972-01-12,,1972,regular,,final,Long Beach State,Cal State LA,145,1053,103,83,,Big West,,,,,,,
255162,1972-01-12,,1972,regular,,final,UNLV,Pepperdine,322,228,92,83,,WCC,WCC,,,,,,
255568,1972-01-12,,1972,regular,,final,Pacific,Georgetown,225,97,105,73,,Big West,Indep.,,,,,,
255587,1972-01-12,,1972,regular,,final,Saint Mary's,Santa Clara,253,261,65,81,,WCC,WCC,,,,,,
255656,1972-01-12,,1972,regular,,final,Richmond,Furman,242,93,66,92,,SoCon,SoCon,,,,,,
255674,1972-01-12,,1972,regular,,final,Utah State,Weber State,329,345,67,69,,Indep.,Big Sky,,,,,,
256031,1972-01-12,,1972,regular,,final,Saint Joseph's,Hofstra,251,110,80,66,,,,,,,,,
256153,1972-01-12,,1972,regular,,final,Tulsa,Saint Louis,304,252,61,72,,MVC,MVC,,,,,,
256189,1972-01-12,,1972,regular,,final,San Francisco,Seattle U,259,262,86,62,,WCC,WCC,,,,,,
254458,1972-01-13,,1972,regular,,final,San Diego State,UC Santa Barbara,257,311,73,64,,Big West,Big West,,,,,,
254933,1972-01-13,,1972,regular,,final,Brown,George Washington,30,96,81,69,,Ivy,,,,,,,
255079,1972-01-13,,1972,regular,,final,Arizona,Colorado State,11,57,78,74,,UAC,UAC,,,,,,
255233,1972-01-13,,1972,regular,,final,UCLA,Stanford,313,281,118,79,,Pac-12,Pac-12,,,,,,
255252,1972-01-13,,1972,regular,,final,New Hampshire,Maine-Farmington,190,1078,58,42,,Indep.,,,,,,,
255607,1972-01-13,,1972,regular,,final,Fresno State,San José State,92,260,79,78,,Big West,Big West,,,,,,
255716,1972-01-13,,1972,regular,,final,Arizona State,Wyoming,10,358,81,67,,UAC,UAC,,,,,,
256116,1972-01-13,,1972,regular,,final,Washington,Cincinnati,343,51,91,81,,Pac-12,Indep.,,,,,,
256475,1972-01-13,,1972,regular,,final,USC,California,323,40,102,69,,Pac-12,Pac-12,,,,,,
254485,1972-01-14,,1972,regular,,final,Illinois State,Ball State,119,19,99,92,,Indep.,Indep.,,,,,,
254495,1972-01-14,,1972,regular,,final,Trinity (TX),Hardin-Simmons,551,772,86,92,,Southland,,,,,,,
254518,1972-01-14,,1972,regular,,final,Austin Peay,Eastern Kentucky,17,78,90,93,,OVC,OVC,,,,,,
254535,1972-01-14,,1972,regular,,final,Boise State,Idaho State,25,116,92,87,,Big Sky,Big Sky,,,,,,
254559,1972-01-14,,1972,regular,,final,VMI,The Citadel,334,299,62,68,,SoCon,SoCon,,,,,,
254568,1972-01-14,,1972,regular,,final,Long Beach State,UC Santa Barbara,145,311,75,57,,Big West,Big West,,,,,,
254584,1972-01-14,,1972,regular,,final,Middle Tennessee,East Tennessee State,171,75,74,68,,OVC,OVC,,,,,,
254589,1972-01-14,,1972,regular,,final,Saint Peter's,Fairfield,254,83,82,83,,Indep.,Indep.,,,,,,
254659,1972-01-14,,1972,regular,,final,Montana State,Montana,180,179,59,57,,Big Sky,Big Sky,,,,,,
254678,1972-01-14,,1972,regular,,final,Northern Arizona,Weber State,206,345,82,74,,Big Sky,Big Sky,,,,,,
254689,1972-01-14,,1972,regular,,final,Pepperdine,Nevada,228,189,92,70,,WCC,WCC,,,,,,
254771,1972-01-14,,1972,regular,,final,Western Michigan,Kent State,351,134,68,66,,MAC,MAC,,,,,,
254784,1972-01-14,,1972,regular,,final,Lafayette,Rider,138,243,83,92,,,,,,,,,
254822,1972-01-14,,1972,regular,,final,Canisius,Niagara,42,194,72,73,,Indep.,Indep.,,,,,,
254920,1972-01-14,,1972,regular,,final,Southern Illinois,Creighton,273,61,89,83,,Indep.,Indep.,,,,,,
254966,1972-01-14,,1972,regular,,final,San Diego State,Cal State LA,257,1053,90,85,,Big West,,,,,,,
255024,1972-01-14,,1972,regular,,final,Xavier,Villanova,359,338,60,68,,Indep.,Indep.,,,,,,
255034,1972-01-14,,1972,regular,,final,Syracuse,Manhattan,286,155,84,72,,Indep.,Indep.,,,,,,
255062,1972-01-14,,1972,regular,,final,Marquette,Detroit Mercy,157,69,68,66,,Indep.,Indep.,,,,,,
255087,1972-01-14,,1972,regular,,final,Arizona State,Colorado State,10,57,99,71,,UAC,UAC,,,,,,
255094,1972-01-14,,1972,regular,,final,Cornell,Columbia,60,58,74,87,,Ivy,Ivy,,,,,,
255110,1972-01-14,,1972,regular,,final,Texas A&M,SMU,293,248,79,71,,,,,,,,,
255125,1972-01-14,,1972,regular,,final,Texas Tech,Baylor,298,20,73,67,,,,,,,,,
255135,1972-01-14,,1972,regular,,final,TCU,Arkansas,287,12,95,77,,,,,,,,,
255152,1972-01-14,,1972,regular,,final,San Francisco,Saint Mary's,259,253,92,75,,WCC,WCC,,,,,,
255163,1972-01-14,,1972,regular,,final,Loyola Marymount,UNLV,153,322,84,101,,WCC,WCC,,,,,,
255188,1972-01-14,,1972,regular,,final,Minnesota,Northwestern,173,212,84,60,,Big Ten,Big Ten,,,,,,
255210,1972-01-14,,1972,regular,,final,Georgia,Tennessee,98,292,57,59,,SEC,SEC,,,,,,
255218,1972-01-14,,1972,regular,,final,Alabama,Vanderbilt,5,336,79,76,,SEC,SEC,,,,,,
255234,1972-01-14,,1972,regular,,final,USC,Stanford,323,281,65,63,,Pac-12,Pac-12,,,,,,
255253,1972-01-14,,1972,regular,,final,UConn,Maine-Farmington,314,1078,72,69,,Indep.,,,,,,,
255259,1972-01-14,,1972,regular,,final,Murray State,Morehead State,184,181,65,81,,OVC,OVC,,,,,,
255274,1972-01-14,,1972,regular,,final,Lamar,Centenary (LA),139,367,70,83,,Southland,Indep.,,,,,,
255286,1972-01-14,,1972,regular,,final,Abilene Christian,Oklahoma City,1,1476,91,89,,Southland,,,,,,,
255303,1972-01-14,,1972,regular,,final,Louisiana,West Texas A&M,148,1440,134,94,,Southland,MVC,,,,,,
255315,1972-01-14,,1972,regular,,final,Miami (OH),Bowling Green,167,28,80,69,,MAC,MAC,,,,,,
255370,1972-01-14,,1972,regular,,final,Iona,Seton Hall,123,263,61,67,,Indep.,Indep.,,,,,,
255386,1972-01-14,,1972,regular,,final,Gettysburg,Bucknell,1189,32,61,60,,,,,,,,,
255397,1972-01-14,,1972,regular,,final,Ohio,Toledo,215,300,71,64,,MAC,MAC,,,,,,
255417,1972-01-14,,1972,regular,,final,East Carolina,Furman,74,93,82,73,,SoCon,SoCon,,,,,,
255439,1972-01-14,,1972,regular,,final,Penn State,West Virginia,226,347,77,64,,Indep.,Indep.,,,,,,
255455,1972-01-14,,1972,regular,,final,Western Kentucky,Tennessee Tech,350,291,72,75,,OVC,OVC,,,,,,
255569,1972-01-14,,1972,regular,,final,Fresno State,Pacific,92,225,67,84,,Big West,Big West,,,,,,
255627,1972-01-14,,1972,regular,,final,Portland,Hawai'i,230,108,87,90,,Indep.,Indep.,,,,,,
255637,1972-01-14,,1972,regular,,final,Virginia Tech,Wake Forest,340,342,70,60,,Indep.,ACC,,,,,,
255657,1972-01-14,,1972,regular,,final,Davidson,Richmond,63,242,112,80,,SoCon,SoCon,,,,,,
255699,1972-01-14,,1972,regular,,final,Navy,Air Force,187,2,55,53,,Indep.,Indep.,,,,,,
255717,1972-01-14,,1972,regular,,final,Arizona,Wyoming,11,358,75,66,,UAC,UAC,,,,,,
255734,1972-01-14,,1972,regular,,final,St. Bonaventure,Duquesne,277,73,91,96,,Indep.,Indep.,,,,,,
255750,1972-01-14,,1972,regular,,final,Boston College,Holy Cross,26,111,71,70,,Indep.,Indep.,,,,,,
255788,1972-01-14,,1972,regular,,final,New Mexico,UTEP,191,327,68,44,,UAC,UAC,,,,,,
255811,1972-01-14,,1972,regular,,final,St. John's,St. Francis Brooklyn,279,364,112,55,,Indep.,Indep.,,,,,,
255828,1972-01-14,,1972,regular,,final,Texas,Rice,295,241,87,63,,,,,,,,,
255865,1972-01-14,,1972,regular,,final,Tulane,Notre Dame,303,213,78,87,,Indep.,Indep.,,,,,,
255902,1972-01-14,,1972,regular,,final,Butler,Indiana State,34,122,66,81,,,Indep.,,,,,,
255958,1972-01-14,,1972,regular,,final,Ohio State,Michigan,216,170,84,73,,Big Ten,Big Ten,,,,,,
255974,1972-01-14,,1972,regular,,final,Virginia,North Carolina,339,200,79,85,,ACC,ACC,,,,,,
255991,1972-01-14,,1972,regular,,final,Washington State,Idaho,344,117,82,60,,Pac-12,Big Sky,,,,,,
256010,1972-01-14,,1972,regular,,final,Temple,Fordham,289,91,75,60,,,Indep.,,,,,,
256032,1972-01-14,,1972,regular,,final,Saint Joseph's,St. Francis (PA),251,278,77,79,,,Indep.,,,,,,
256053,1972-01-14,,1972,regular,,final,Loyola New Orleans,La Salle,650,137,86,80,,,,,,,,,
256117,1972-01-14,,1972,regular,,final,Oregon State,Cincinnati,224,51,88,68,,Pac-12,Indep.,,,,,,
256137,1972-01-14,,1972,regular,,final,Wichita State,Saint Louis,352,252,57,49,,MVC,MVC,,,,,,
256154,1972-01-14,,1972,regular,,final,Memphis,Tulsa,163,304,99,72,,MVC,MVC,,,,,,
256190,1972-01-14,,1972,regular,,final,Santa Clara,Seattle U,261,262,86,83,,WCC,WCC,,,,,,
256210,1972-01-14,,1972,regular,,final,Utah,BYU,331,18,61,67,,UAC,UAC,,,,,,
256229,1972-01-14,,1972,regular,,final,Dayton,DePaul,64,65,72,75,,Indep.,Indep.,,,,,,
256249,1972-01-14,,1972,regular,,final,Bradley,Louisville,29,150,71,75,,MVC,MVC,,,,,,
256305,1972-01-14,,1972,regular,,final,Duke,Clemson,72,52,71,69,,ACC,ACC,,,,,,
256366,1972-01-14,,1972,regular,,final,Mississippi State,Ole Miss,174,220,66,68,,SEC,SEC,,,,,,
256386,1972-01-14,,1972,regular,,final,LSU,Auburn,136,16,73,77,,SEC,SEC,,,,,,
256406,1972-01-14,,1972,regular,,final,Florida,Kentucky,87,135,72,70,,SEC,SEC,,,,,,
256452,1972-01-14,,1972,regular,,final,Oregon,New Mexico State,223,192,76,82,,Pac-12,MVC,,,,,,
256476,1972-01-14,,1972,regular,,final,UCLA,California,313,40,82,43,,Pac-12,Pac-12,,,,,,
256533,1972-01-14,,1972,regular,,final,Indiana,Wisconsin,121,355,64,66,,Big Ten,Big Ten,,,,,,
256555,1972-01-14,,1972,regular,,final,Illinois,Purdue,118,236,74,85,,Big Ten,Big Ten,,,,,,
256576,1972-01-14,,1972,regular,,final,North Texas,Drake,204,70,55,54,,MVC,MVC,,,,,,
256630,1972-01-14,,1972,regular,,final,Oklahoma,Missouri,217,177,78,77,,,,,,,,,
256649,1972-01-14,,1972,regular,,final,Kansas State,Iowa State,132,125,69,53,,,,,,,,,
256670,1972-01-14,,1972,regular,,final,Nebraska,Colorado,188,56,67,55,,MVC,,,,,,,
256693,1972-01-14,,1972,regular,,final,Kansas,Oklahoma State,131,218,85,58,,,,,,,,,
256097,1972-01-15,,1972,regular,,final,Florida State,Houston,90,113,86,79,,Indep.,Indep.,,,,,,
254519,1972-01-16,,1972,regular,,final,Austin Peay,Morehead State,17,181,113,104,,OVC,OVC,,,,,,
254546,1972-01-16,,1972,regular,,final,Butler,Oral Roberts,34,222,107,118,,,Indep.,,,,,,
254594,1972-01-16,,1972,regular,,final,St. Francis (PA),Fairleigh Dickinson,278,84,62,64,,Indep.,Indep.,,,,,,
254654,1972-01-16,,1972,regular,,final,Middle Tennessee,Tennessee Tech,171,291,66,55,,OVC,OVC,,,,,,
254772,1972-01-16,,1972,regular,,final,Ball State,Kent State,19,134,80,69,,Indep.,MAC,,,,,,
255000,1972-01-16,,1972,regular,,final,Oklahoma,Arkansas State,217,13,62,53,,,Southland,,,,,,
255211,1972-01-16,,1972,regular,,final,Florida,Tennessee,87,292,50,61,,SEC,SEC,,,,,,
255260,1972-01-16,,1972,regular,,final,Murray State,Eastern Kentucky,184,78,72,69,,OVC,OVC,,,,,,
255347,1972-01-16,,1972,regular,,final,Jacksonville,South Alabama,127,265,120,65,,Indep.,Indep.,,,,,,
255456,1972-01-16,,1972,regular,,final,Western Kentucky,East Tennessee State,350,75,95,72,,OVC,OVC,,,,,,
255570,1972-01-16,,1972,regular,,final,Pacific,Montana State,225,180,102,58,,Big West,Big Sky,,,,,,
255884,1972-01-16,,1972,regular,,final,South Carolina,St. Bonaventure,266,277,61,59,,Indep.,Indep.,,,,,,
256011,1972-01-16,,1972,regular,,final,Temple,Delaware,289,66,82,68,,,,,,,,,
256077,1972-01-16,,1972,regular,,final,Hardin-Simmons,Oklahoma City,772,1476,100,102,,,,,,,,,
256138,1972-01-16,,1972,regular,,final,West Texas A&M,Wichita State,1440,352,65,70,,MVC,MVC,,,,,,
256191,1972-01-16,,1972,regular,,final,Loyola Marymount,Seattle U,153,262,100,103,,WCC,WCC,,,,,,
256306,1972-01-16,,1972,regular,,final,NC State,Clemson,185,52,58,46,,ACC,ACC,,,,,,
256345,1972-01-16,,1972,regular,,final,Georgia Tech,Notre Dame,101,213,82,62,,Indep.,Indep.,,,,,,
256387,1972-01-16,,1972,regular,,final,LSU,Tulane,136,303,76,58,,SEC,Indep.,,,,,,
256407,1972-01-16,,1972,regular,,final,Georgia,Kentucky,98,135,85,73,,SEC,SEC,,,,,,
256477,1972-01-16,,1972,regular,,final,California,New Mexico State,40,192,89,91,,Pac-12,MVC,,,,,,
256631,1972-01-16,,1972,regular,,final,Oklahoma State,Missouri,218,177,67,74,,,,,,,,,
256671,1972-01-16,,1972,regular,,final,Iowa State,Colorado,125,56,76,59,,,,,,,,,
256694,1972-01-16,,1972,regular,,final,Kansas,Kansas State,131,132,66,63,,,,,,,,,
254474,1972-01-17,,1972,regular,,final,Vanderbilt,Cornell,336,60,101,80,,SEC,Ivy,,,,,,
254569,1972-01-17,,1972,regular,,final,UC Santa Barbara,Montana State,311,180,71,57,,Big West,Big Sky,,,,,,
254605,1972-01-17,,1972,regular,,final,Portland,Gonzaga,230,102,77,68,,Indep.,Big Sky,,,,,,
254722,1972-01-17,,1972,regular,,final,VMI,Davidson,334,63,57,73,,SoCon,SoCon,,,,,,
255047,1972-01-17,,1972,regular,,final,West Virginia,Lafayette,347,138,83,87,,Indep.,,,,,,,
255164,1972-01-17,,1972,regular,,final,Nevada,UNLV,189,322,68,93,,WCC,WCC,,,,,,
255185,1972-01-17,,1972,regular,,final,Saint Louis,Bradley,252,29,64,59,,MVC,MVC,,,,,,
255491,1972-01-17,,1972,regular,,final,Vermont,Massachusetts,337,161,49,71,,Indep.,,,,,,,
255528,1972-01-17,,1972,regular,,final,Harvard,Dartmouth,107,62,86,94,,Ivy,Ivy,,,,,,
255687,1972-01-17,,1972,regular,,final,Denver,Colorado State,68,57,45,47,,Indep.,UAC,,,,,,
256499,1972-01-17,,1972,regular,,final,Northwestern,Michigan State,212,169,76,69,,Big Ten,Big Ten,,,,,,
256516,1972-01-17,,1972,regular,,final,Wisconsin,Minnesota,355,173,59,65,,Big Ten,Big Ten,,,,,,
256577,1972-01-17,,1972,regular,,final,Drake,Memphis,70,163,70,81,,MVC,MVC,,,,,,
254514,1972-01-18,,1972,regular,,final,The Citadel,Arkansas State,299,13,86,48,,SoCon,Southland,,,,,,
254753,1972-01-18,,1972,regular,,final,Ball State,Western Michigan,19,351,60,70,,Indep.,MAC,,,,,,
254762,1972-01-18,,1972,regular,,final,Marshall,Miami (OH),158,167,81,63,,Indep.,MAC,,,,,,
254811,1972-01-18,,1972,regular,,final,Pittsburgh,Bucknell,229,32,91,67,,Indep.,,,,,,,
254844,1972-01-18,,1972,regular,,final,Holy Cross,Colgate,111,55,80,78,,Indep.,Indep.,,,,,,
254865,1972-01-18,,1972,regular,,final,Florida State,South Alabama,90,265,105,72,,Indep.,Indep.,,,,,,
255063,1972-01-18,,1972,regular,,final,Marquette,Loyola Chicago,157,151,80,70,,Indep.,Indep.,,,,,,
255287,1972-01-18,,1972,regular,,final,Air Force,Abilene Christian,2,1,70,76,,Indep.,Southland,,,,,,
255359,1972-01-18,,1972,regular,,final,Delaware,Rider,66,243,71,66,,,,,,,,,
255371,1972-01-18,,1972,regular,,final,Seton Hall,Fordham,263,91,74,81,,Indep.,Indep.,,,,,,
255398,1972-01-18,,1972,regular,,final,Toledo,Bowling Green,300,28,76,53,,MAC,MAC,,,,,,
255440,1972-01-18,,1972,regular,,final,Penn State,Gettysburg,226,1189,85,53,,Indep.,,,,,,,
255638,1972-01-18,,1972,regular,,final,Ohio,Virginia Tech,215,340,88,79,,MAC,Indep.,,,,,,
255770,1972-01-18,,1972,regular,,final,Fairfield,Providence,83,235,75,87,,Indep.,Indep.,,,,,,
255885,1972-01-18,,1972,regular,,final,South Carolina,Niagara,266,194,80,69,,Indep.,Indep.,,,,,,
255975,1972-01-18,,1972,regular,,final,North Carolina,Wake Forest,200,342,92,77,,ACC,ACC,,,,,,
256118,1972-01-18,,1972,regular,,final,Dayton,Cincinnati,64,51,76,60,,Indep.,Indep.,,,,,,
256139,1972-01-18,,1972,regular,,final,North Texas,Wichita State,204,352,74,63,,MVC,MVC,,,,,,
256286,1972-01-18,,1972,regular,,final,Duke,Canisius,72,42,86,58,,ACC,Indep.,,,,,,
256307,1972-01-18,,1972,regular,,final,Clemson,Furman,52,93,74,72,,ACC,SoCon,,,,,,
254628,1972-01-19,,1972,regular,,final,Idaho State,Oral Roberts,116,222,85,86,,Big Sky,Indep.,,,,,,
254779,1972-01-19,,1972,regular,,final,George Washington,VMI,96,334,104,66,,,SoCon,,,,,,
255675,1972-01-19,,1972,regular,,final,Utah State,Utah,329,331,59,66,,Indep.,UAC,,,,,,
255866,1972-01-19,,1972,regular,,final,Notre Dame,Duquesne,213,73,79,84,,Indep.,Indep.,,,,,,
256012,1972-01-19,,1972,regular,,final,Temple,St. John's,289,279,79,65,,,Indep.,,,,,,
256054,1972-01-19,,1972,regular,,final,La Salle,American University,137,8,59,53,,,,,,,,,
256078,1972-01-19,,1972,regular,,final,Oklahoma City,Loyola New Orleans,1476,650,98,86,,,,,,,,,
256155,1972-01-19,,1972,regular,,final,Tulsa,Creighton,304,61,76,75,,MVC,Indep.,,,,,,
256192,1972-01-19,,1972,regular,,final,Seattle U,Nevada,262,189,117,69,,WCC,WCC,,,,,,
256346,1972-01-19,,1972,regular,,final,Georgia Tech,Tulane,101,303,94,78,,Indep.,Indep.,,,,,,
254459,1972-01-20,,1972,regular,,final,UC Santa Barbara,San Diego State,311,257,66,69,,Big West,Big West,,,,,,
254554,1972-01-20,,1972,regular,,final,Centenary (LA),Hardin-Simmons,367,772,111,91,,Indep.,,,,,,,
255095,1972-01-20,,1972,regular,,final,Columbia,Cornell,58,60,58,71,,Ivy,Ivy,,,,,,
255588,1972-01-20,,1972,regular,,final,UCLA,Santa Clara,313,261,92,57,,Pac-12,WCC,,,,,,
255628,1972-01-20,,1972,regular,,final,Hawai'i,Pepperdine,108,228,94,85,,Indep.,WCC,,,,,,
254477,1972-01-21,,1972,regular,,final,Utah,Stanford,331,281,80,68,,UAC,Pac-12,,,,,,
254486,1972-01-21,,1972,regular,,final,Southern Illinois,Ball State,273,19,74,81,,Indep.,Indep.,,,,,,
254506,1972-01-21,,1972,regular,,final,West Texas A&M,Weber State,1440,345,87,77,,MVC,Big Sky,,,,,,
254520,1972-01-21,,1972,regular,,final,East Tennessee State,Austin Peay,75,17,79,80,,OVC,OVC,,,,,,
254536,1972-01-21,,1972,regular,,final,Idaho State,Boise State,116,25,75,65,,Big Sky,Big Sky,,,,,,
254550,1972-01-21,,1972,regular,,final,Bucknell,Lehigh,32,141,64,62,,,,,,,,,
254575,1972-01-21,,1972,regular,,final,Eastern Kentucky,Middle Tennessee,78,171,85,53,,OVC,OVC,,,,,,
254600,1972-01-21,,1972,regular,,final,VMI,Furman,334,93,62,97,,SoCon,SoCon,,,,,,
254701,1972-01-21,,1972,regular,,final,Arkansas State,UT Arlington,13,324,86,79,,Southland,Southland,,,,,,
254739,1972-01-21,,1972,regular,,final,St. Francis Brooklyn,Fairleigh Dickinson,364,84,68,71,,Indep.,Indep.,,,,,,
254763,1972-01-21,,1972,regular,,final,Ohio,Miami (OH),215,167,77,91,,MAC,MAC,,,,,,
254802,1972-01-21,,1972,regular,,final,George Washington,American University,96,8,69,85,,,,,,,,,
254858,1972-01-21,,1972,regular,,final,Loyola Chicago,Long Beach State,151,145,58,79,,Indep.,Big West,,,,,,
254871,1972-01-21,,1972,regular,,final,Canisius,St. Bonaventure,42,277,73,70,,Indep.,Indep.,,,,,,
254891,1972-01-21,,1972,regular,,final,Arizona,Northern Arizona,11,206,70,65,,UAC,Big Sky,,,,,,
254895,1972-01-21,,1972,regular,,final,San Diego State,Arizona State,257,10,73,76,,Big West,UAC,,,,,,
254926,1972-01-21,,1972,regular,,final,Xavier,Detroit Mercy,359,69,66,70,,Indep.,Indep.,,,,,,
254942,1972-01-21,,1972,regular,,final,Princeton,Fordham,234,91,75,79,,Ivy,Indep.,,,,,,
254949,1972-01-21,,1972,regular,,final,Navy,Maryland,187,160,60,85,,Indep.,ACC,,,,,,
255001,1972-01-21,,1972,regular,,final,Oklahoma,South Alabama,217,265,72,75,,,Indep.,,,,,,
255048,1972-01-21,,1972,regular,,final,Davidson,West Virginia,63,347,101,80,,SoCon,Indep.,,,,,,
255064,1972-01-21,,1972,regular,,final,Marquette,DePaul,157,65,70,61,,Indep.,Indep.,,,,,,
255111,1972-01-21,,1972,regular,,final,SMU,TCU,248,287,81,71,,,,,,,,,
255126,1972-01-21,,1972,regular,,final,Baylor,Texas,20,295,75,77,,,,,,,,,
255136,1972-01-21,,1972,regular,,final,Arkansas,Texas A&M,12,293,110,89,,,,,,,,,
255165,1972-01-21,,1972,regular,,final,UNLV,Cal State LA,322,1053,95,89,,WCC,,,,,,,
255261,1972-01-21,,1972,regular,,final,Tennessee Tech,Murray State,291,184,59,57,,OVC,OVC,,,,,,
255275,1972-01-21,,1972,regular,,final,Lamar,Trinity (TX),139,551,103,77,,Southland,Southland,,,,,,
255316,1972-01-21,,1972,regular,,final,Bowling Green,Marshall,28,158,80,103,,MAC,Indep.,,,,,,
255330,1972-01-21,,1972,regular,,final,Gonzaga,Idaho,102,117,55,58,,Big Sky,Big Sky,,,,,,
255372,1972-01-21,,1972,regular,,final,Seton Hall,Georgetown,263,97,98,72,,Indep.,Indep.,,,,,,
255399,1972-01-21,,1972,regular,,final,Toledo,Western Michigan,300,351,89,82,,MAC,MAC,,,,,,
255418,1972-01-21,,1972,regular,,final,East Carolina,William & Mary,74,353,79,71,,SoCon,SoCon,,,,,,
255441,1972-01-21,,1972,regular,,final,Army,Penn State,15,226,72,65,,Indep.,Indep.,,,,,,
255457,1972-01-21,,1972,regular,,final,Morehead State,Western Kentucky,181,350,74,77,,OVC,OVC,,,,,,
255492,1972-01-21,,1972,regular,,final,Iona,Massachusetts,123,161,56,80,,Indep.,,,,,,,
255548,1972-01-21,,1972,regular,,final,Lafayette,Rutgers,138,245,81,70,,,Indep.,,,,,,
255629,1972-01-21,,1972,regular,,final,Hawai'i,Pepperdine,108,228,125,88,,Indep.,WCC,,,,,,
255688,1972-01-21,,1972,regular,,final,UCLA,Denver,313,68,108,61,,Pac-12,Indep.,,,,,,
255700,1972-01-21,,1972,regular,,final,Montana,Air Force,179,2,70,63,,Big Sky,Indep.,,,,,,
255718,1972-01-21,,1972,regular,,final,Wyoming,Colorado State,358,57,66,68,,UAC,UAC,,,,,,
255735,1972-01-21,,1972,regular,,final,Rhode Island,Duquesne,240,73,91,83,,Indep.,Indep.,,,,,,
255771,1972-01-21,,1972,regular,,final,Providence,Niagara,235,194,89,79,,Indep.,Indep.,,,,,,
255789,1972-01-21,,1972,regular,,final,Saint Louis,New Mexico,252,191,67,73,,MVC,UAC,,,,,,
255812,1972-01-21,,1972,regular,,final,St. John's,Villanova,279,338,71,69,,Indep.,Indep.,,,,,,
255829,1972-01-21,,1972,regular,,final,Rice,Texas Tech,241,298,85,89,,,,,,,,,
255930,1972-01-21,,1972,regular,,final,UTEP,New Mexico State,327,192,65,63,,UAC,MVC,,,,,,
255959,1972-01-21,,1972,regular,,final,Michigan,Northwestern,170,212,83,79,,Big Ten,Big Ten,,,,,,
255992,1972-01-21,,1972,regular,,final,Washington State,Oregon State,344,224,71,77,,Pac-12,Pac-12,,,,,,
256013,1972-01-21,,1972,regular,,final,Temple,Manhattan,289,155,72,62,,,Indep.,,,,,,
256156,1972-01-21,,1972,regular,,final,Cincinnati,Tulsa,51,304,81,74,,Indep.,MVC,,,,,,
256176,1972-01-21,,1972,regular,,final,Memphis,North Texas,163,204,91,60,,MVC,MVC,,,,,,
256211,1972-01-21,,1972,regular,,final,BYU,Utah State,18,329,101,82,,UAC,Indep.,,,,,,
256230,1972-01-21,,1972,regular,,final,Kent State,Dayton,134,64,56,58,,MAC,Indep.,,,,,,
256266,1972-01-21,,1972,regular,,final,NC State,Pittsburgh,185,229,80,73,,ACC,Indep.,,,,,,
256287,1972-01-21,,1972,regular,,final,Duke,North Carolina,72,200,76,74,,ACC,ACC,,,,,,
256308,1972-01-21,,1972,regular,,final,Clemson,Virginia Tech,52,340,85,73,,ACC,Indep.,,,,,,
256326,1972-01-21,,1972,regular,,final,Alabama,Auburn,5,16,89,66,,SEC,SEC,,,,,,
256347,1972-01-21,,1972,regular,,final,Georgia Tech,Florida State,101,90,69,71,,Indep.,Indep.,,,,,,
256388,1972-01-21,,1972,regular,,final,LSU,Georgia,136,98,69,68,,SEC,SEC,,,,,,
256408,1972-01-21,,1972,regular,,final,Kentucky,Tennessee,135,292,72,70,,SEC,SEC,,,,,,
256453,1972-01-21,,1972,regular,,final,Washington,Oregon,343,223,85,55,,Pac-12,Pac-12,,,,,,
256478,1972-01-21,,1972,regular,,final,San José State,California,260,40,86,83,,Big West,Pac-12,,,,,,
256500,1972-01-21,,1972,regular,,final,Michigan State,Minnesota,169,173,57,67,,Big Ten,Big Ten,,,,,,
256534,1972-01-21,,1972,regular,,final,Ohio State,Indiana,216,121,80,74,,Big Ten,Big Ten,,,,,,
256578,1972-01-21,,1972,regular,,final,Drake,Louisville,70,150,77,79,,MVC,MVC,,,,,,
256599,1972-01-21,,1972,regular,,final,Oklahoma State,Kansas State,218,132,64,66,,,,,,,,,
256650,1972-01-21,,1972,regular,,final,Missouri,Iowa State,177,125,89,75,,,,,,,,,
256695,1972-01-21,,1972,regular,,final,Colorado,Kansas,56,131,74,69,,,,,,,,,
254521,1972-01-23,,1972,regular,,final,Tennessee Tech,Austin Peay,291,17,94,77,,OVC,OVC,,,,,,
254618,1972-01-23,,1972,regular,,final,Hardin-Simmons,South Alabama,772,265,96,79,,,Indep.,,,,,,
254642,1972-01-23,,1972,regular,,final,Rider,Lehigh,243,141,91,84,,,,,,,,,
254655,1972-01-23,,1972,regular,,final,Morehead State,Middle Tennessee,181,171,64,63,,OVC,OVC,,,,,,
254660,1972-01-23,,1972,regular,,final,Montana,Montana State,179,180,75,66,,Big Sky,Big Sky,,,,,,
254818,1972-01-23,,1972,regular,,final,Army,Fordham,15,91,71,81,,Indep.,Indep.,,,,,,
254834,1972-01-23,,1972,regular,,final,West Texas A&M,Long Island University,1440,146,84,69,,MVC,Indep.,,,,,,
254968,1972-01-23,,1972,regular,,final,Arizona State,Cal State LA,10,1053,96,89,,UAC,,,,,,,
255262,1972-01-23,,1972,regular,,final,East Tennessee State,Murray State,75,184,57,53,,OVC,OVC,,,,,,
255288,1972-01-23,,1972,regular,,final,Arkansas State,Abilene Christian,13,1,95,72,,Southland,Southland,,,,,,
255348,1972-01-23,,1972,regular,,final,Jacksonville,Stetson,127,283,107,82,,Indep.,Indep.,,,,,,
255458,1972-01-23,,1972,regular,,final,Eastern Kentucky,Western Kentucky,78,350,96,78,,OVC,OVC,,,,,,
255719,1972-01-23,,1972,regular,,final,Wyoming,Creighton,358,61,76,65,,UAC,Indep.,,,,,,
255736,1972-01-23,,1972,regular,,final,Duquesne,Xavier,73,359,65,57,,Indep.,Indep.,,,,,,
255867,1972-01-23,,1972,regular,,final,Notre Dame,Marquette,213,157,62,71,,Indep.,Indep.,,,,,,
255931,1972-01-23,,1972,regular,,final,New Mexico State,UT Arlington,192,324,96,68,,MVC,Southland,,,,,,
256250,1972-01-23,,1972,regular,,final,Louisville,North Texas,150,204,95,72,,MVC,MVC,,,,,,
256327,1972-01-23,,1972,regular,,final,Georgia,Auburn,98,16,79,72,,SEC,SEC,,,,,,
256389,1972-01-23,,1972,regular,,final,LSU,Florida,136,87,84,73,,SEC,SEC,,,,,,
256409,1972-01-23,,1972,regular,,final,Kentucky,Vanderbilt,135,336,106,80,,SEC,SEC,,,,,,
256431,1972-01-23,,1972,regular,,final,Washington,Oregon State,343,224,86,73,,Pac-12,Pac-12,,,,,,
256454,1972-01-23,,1972,regular,,final,Washington State,Oregon,344,223,73,56,,Pac-12,Pac-12,,,,,,
256479,1972-01-23,,1972,regular,,final,Santa Clara,California,261,40,79,89,,WCC,Pac-12,,,,,,
256600,1972-01-23,,1972,regular,,final,Oklahoma,Oklahoma State,217,218,82,68,,,,,,,,,
256696,1972-01-23,,1972,regular,,final,Kansas,Iowa State,131,125,74,71,,,,,,,,,
254679,1972-01-24,,1972,regular,,final,Weber State,Northern Arizona,345,206,86,68,,Big Sky,Big Sky,,,,,,
254717,1972-01-24,,1972,regular,,final,UC Santa Barbara,Loyola Marymount,311,153,78,75,,Big West,WCC,,,,,,
254731,1972-01-24,,1972,regular,,final,UConn,Boston University,314,27,67,70,,Indep.,Indep.,,,,,,
254748,1972-01-24,,1972,regular,,final,William & Mary,VMI,353,334,76,59,,SoCon,SoCon,,,,,,
255025,1972-01-24,,1972,regular,,final,Villanova,St. Bonaventure,338,277,87,72,,Indep.,Indep.,,,,,,
255106,1972-01-24,,1972,regular,,final,Texas A&M,TCU,293,287,81,74,,,,,,,,,
255119,1972-01-24,,1972,regular,,final,Texas,Texas Tech,295,298,69,79,,,,,,,,,
255137,1972-01-24,,1972,regular,,final,SMU,Arkansas,248,12,85,71,,,,,,,,,
255243,1972-01-24,,1972,regular,,final,Tulane,Loyola New Orleans,303,650,73,69,,Indep.,,,,,,,
255276,1972-01-24,,1972,regular,,final,Lamar,Oral Roberts,139,222,95,109,,Southland,Indep.,,,,,,
255608,1972-01-24,,1972,regular,,final,San José State,San Francisco,260,259,69,65,,Big West,WCC,,,,,,
255813,1972-01-24,,1972,regular,,final,St. John's,Hofstra,279,110,72,64,,Indep.,,,,,,,
255830,1972-01-24,,1972,regular,,final,Rice,Baylor,241,20,70,88,,,,,,,,,
255947,1972-01-24,,1972,regular,,final,Minnesota,Ohio State,173,216,44,50,,Big Ten,Big Ten,,,,,,
255960,1972-01-24,,1972,regular,,final,Michigan,Iowa,170,124,90,86,,Big Ten,Big Ten,,,,,,
256079,1972-01-24,,1972,regular,,final,UT Arlington,Oklahoma City,324,1476,87,110,,Southland,,,,,,,
256348,1972-01-24,,1972,regular,,final,Alabama,Georgia Tech,5,101,99,68,,SEC,Indep.,,,,,,
254560,1972-01-25,,1972,regular,,final,Stetson,The Citadel,283,299,70,85,,Indep.,SoCon,,,,,,
254640,1972-01-25,,1972,regular,,final,Iona,Saint Peter's,123,254,71,80,,Indep.,Indep.,,,,,,
254740,1972-01-25,,1972,regular,,final,St. Francis Brooklyn,Manhattan,364,155,75,111,,Indep.,Indep.,,,,,,
254754,1972-01-25,,1972,regular,,final,Western Michigan,Northern Illinois,351,208,96,106,,MAC,,,,,,,
254812,1972-01-25,,1972,regular,,final,Lafayette,Pittsburgh,138,229,91,78,,,Indep.,,,,,,
254835,1972-01-25,,1972,regular,,final,Centenary (LA),Long Island University,367,146,80,71,,Indep.,Indep.,,,,,,
254943,1972-01-25,,1972,regular,,final,Davidson,Princeton,63,234,81,74,,SoCon,Ivy,,,,,,
255199,1972-01-25,,1972,regular,,final,Ole Miss,Vanderbilt,220,336,92,65,,SEC,SEC,,,,,,
255304,1972-01-25,,1972,regular,,final,Trinity (TX),Louisiana,551,148,67,90,,Southland,Southland,,,,,,
255317,1972-01-25,,1972,regular,,final,Bowling Green,Kent State,28,134,65,75,,MAC,MAC,,,,,,
255349,1972-01-25,,1972,regular,,final,Florida State,Jacksonville,90,127,82,84,,Indep.,Indep.,,,,,,
255387,1972-01-25,,1972,regular,,final,Rider,Gettysburg,243,1189,106,60,,,,,,,,,
255400,1972-01-25,,1972,regular,,final,Detroit Mercy,Toledo,69,300,77,73,,Indep.,MAC,,,,,,
255549,1972-01-25,,1972,regular,,final,Rutgers,Delaware,245,66,78,73,,Indep.,,,,,,,
255639,1972-01-25,,1972,regular,,final,West Virginia,Virginia Tech,347,340,101,105,,Indep.,Indep.,,,,,,
255772,1972-01-25,,1972,regular,,final,USC,Providence,323,235,66,70,,Pac-12,Indep.,,,,,,
255903,1972-01-25,,1972,regular,,final,Ball State,Indiana State,19,122,78,80,,Indep.,Indep.,,,,,,
256014,1972-01-25,,1972,regular,,final,George Washington,Temple,96,289,73,76,,,,,,,,,
256033,1972-01-25,,1972,regular,,final,Saint Joseph's,Xavier,251,359,75,63,,,Indep.,,,,,,
256231,1972-01-25,,1972,regular,,final,Miami (OH),Dayton,167,64,60,66,,MAC,Indep.,,,,,,
256251,1972-01-25,,1972,regular,,final,Louisville,Saint Louis,150,252,77,59,,MVC,MVC,,,,,,
256288,1972-01-25,,1972,regular,,final,Duke,Wake Forest,72,342,77,66,,ACC,ACC,,,,,,
256616,1972-01-25,,1972,regular,,final,Oklahoma State,Nebraska,218,188,63,64,,,MVC,,,,,,
254691,1972-01-26,,1972,regular,,final,Vermont,Rhode Island,337,240,55,75,,Indep.,Indep.,,,,,,
254793,1972-01-26,,1972,regular,,final,Georgetown,William & Mary,97,353,85,78,,Indep.,SoCon,,,,,,
255676,1972-01-26,,1972,regular,,final,Portland,Utah State,230,329,84,87,,Indep.,Indep.,,,,,,
255720,1972-01-26,,1972,regular,,final,Wyoming,Utah,358,331,58,61,,UAC,UAC,,,,,,
255751,1972-01-26,,1972,regular,,final,Duquesne,Boston College,73,26,93,79,,Indep.,Indep.,,,,,,
256140,1972-01-26,,1972,regular,,final,Memphis,Wichita State,163,352,71,69,,MVC,MVC,,,,,,
256157,1972-01-26,,1972,regular,,final,Tulsa,Arkansas State,304,13,86,60,,MVC,Southland,,,,,,
256193,1972-01-26,,1972,regular,,final,Seattle U,USC,262,323,65,64,,WCC,Pac-12,,,,,,
256212,1972-01-26,,1972,regular,,final,Colorado State,BYU,57,18,68,75,,UAC,UAC,,,,,,
256579,1972-01-26,,1972,regular,,final,Drake,North Texas,70,204,76,70,,MVC,MVC,,,,,,
254537,1972-01-27,,1972,regular,,final,Boise State,Northern Arizona,25,206,92,86,,Big Sky,Big Sky,,,,,,
254570,1972-01-27,,1972,regular,,final,UC Santa Barbara,Fresno State,311,92,81,68,,Big West,Big West,,,,,,
254606,1972-01-27,,1972,regular,,final,Montana State,Gonzaga,180,102,61,79,,Big Sky,Big Sky,,,,,,
254629,1972-01-27,,1972,regular,,final,Idaho State,Weber State,116,345,67,63,,Big Sky,Big Sky,,,,,,
254908,1972-01-27,,1972,regular,,final,Loyola Chicago,UCLA,151,313,64,92,,Indep.,Pac-12,,,,,,
255080,1972-01-27,,1972,regular,,final,UTEP,Arizona,327,11,68,50,,UAC,UAC,,,,,,
255305,1972-01-27,,1972,regular,,final,Cal State LA,Louisiana,1053,148,99,88,,,Southland,,,,,,
255331,1972-01-27,,1972,regular,,final,Montana,Idaho,179,117,78,61,,Big Sky,Big Sky,,,,,,
255571,1972-01-27,,1972,regular,,final,Pacific,San Diego State,225,257,92,72,,Big West,Big West,,,,,,
255609,1972-01-27,,1972,regular,,final,San José State,Long Beach State,260,145,72,73,,Big West,Big West,,,,,,
255790,1972-01-27,,1972,regular,,final,New Mexico,Arizona State,191,10,71,63,,UAC,UAC,,,,,,
256267,1972-01-27,,1972,regular,,final,NC State,Lehigh,185,141,97,64,,ACC,,,,,,,
256455,1972-01-27,,1972,regular,,final,Oregon State,Oregon,224,223,70,72,,Pac-12,Pac-12,,,,,,
254472,1972-01-28,,1972,regular,,final,Saint Louis,Southern Illinois,252,273,93,61,,MVC,Indep.,,,,,,
254515,1972-01-28,,1972,regular,,final,Texas Pan American,Arkansas State,1535,13,82,80,,,Southland,,,,,,
254538,1972-01-28,,1972,regular,,final,Boise State,Weber State,25,345,43,49,,Big Sky,Big Sky,,,,,,
254551,1972-01-28,,1972,regular,,final,Bucknell,Colgate,32,55,83,88,,,Indep.,,,,,,
254555,1972-01-28,,1972,regular,,final,Loyola New Orleans,Centenary (LA),650,367,104,93,,,Indep.,,,,,,
254576,1972-01-28,,1972,regular,,final,Tennessee Tech,Eastern Kentucky,291,78,93,104,,OVC,OVC,,,,,,
254585,1972-01-28,,1972,regular,,final,East Tennessee State,Morehead State,75,181,83,81,,OVC,OVC,,,,,,
254607,1972-01-28,,1972,regular,,final,Montana,Gonzaga,179,102,63,66,,Big Sky,Big Sky,,,,,,
254630,1972-01-28,,1972,regular,,final,Idaho State,Northern Arizona,116,206,92,73,,Big Sky,Big Sky,,,,,,
254647,1972-01-28,,1972,regular,,final,Manhattan,Navy,155,187,67,62,,Indep.,Indep.,,,,,,
254712,1972-01-28,,1972,regular,,final,Boston University,Fairfield,27,83,56,71,,Indep.,Indep.,,,,,,
254718,1972-01-28,,1972,regular,,final,Loyola Marymount,Pepperdine,153,228,82,86,,WCC,WCC,,,,,,
254732,1972-01-28,,1972,regular,,final,Vermont,UConn,337,314,52,63,,Indep.,Indep.,,,,,,
254764,1972-01-28,,1972,regular,,final,Miami (OH),Ball State,167,19,68,65,,MAC,Indep.,,,,,,
254773,1972-01-28,,1972,regular,,final,Kent State,Ohio,134,215,88,74,,MAC,MAC,,,,,,
254803,1972-01-28,,1972,regular,,final,American University,Rhode Island,8,240,69,64,,,Indep.,,,,,,
254845,1972-01-28,,1972,regular,,final,Georgetown,Holy Cross,97,111,83,85,,Indep.,Indep.,,,,,,
254872,1972-01-28,,1972,regular,,final,St. Bonaventure,Niagara,277,194,76,73,,Indep.,Indep.,,,,,,
254934,1972-01-28,,1972,regular,,final,Furman,Brown,93,30,86,72,,SoCon,Ivy,,,,,,
254960,1972-01-28,,1972,regular,,final,Wake Forest,Davidson,342,63,66,80,,ACC,SoCon,,,,,,
254969,1972-01-28,,1972,regular,,final,Cal State LA,Fresno State,1053,92,105,82,,,Big West,,,,,,
255026,1972-01-28,,1972,regular,,final,DePaul,Villanova,65,338,83,94,,Indep.,Indep.,,,,,,
255049,1972-01-28,,1972,regular,,final,George Washington,West Virginia,96,347,72,69,,,Indep.,,,,,,
255065,1972-01-28,,1972,regular,,final,Loyola Chicago,Marquette,151,157,67,69,,Indep.,Indep.,,,,,,
255076,1972-01-28,,1972,regular,,final,UTEP,Arizona State,327,10,70,49,,UAC,UAC,,,,,,
255088,1972-01-28,,1972,regular,,final,Colorado State,Utah,57,331,91,73,,UAC,UAC,,,,,,
255112,1972-01-28,,1972,regular,,final,Texas Tech,SMU,298,248,69,85,,,,,,,,,
255127,1972-01-28,,1972,regular,,final,Texas A&M,Baylor,293,20,85,75,,,,,,,,,
255138,1972-01-28,,1972,regular,,final,Texas,Arkansas,295,12,117,93,,,,,,,,,
255153,1972-01-28,,1972,regular,,final,Saint Mary's,Portland,253,230,94,90,,WCC,Indep.,,,,,,
255191,1972-01-28,,1972,regular,,final,Kansas State,Oklahoma,132,217,70,58,,,,,,,,,
255193,1972-01-28,,1972,regular,,final,Northwestern,Purdue,212,236,75,78,,Big Ten,Big Ten,,,,,,
255204,1972-01-28,,1972,regular,,final,Ole Miss,Georgia,220,98,74,80,,SEC,SEC,,,,,,
255219,1972-01-28,,1972,regular,,final,Tennessee,Alabama,292,5,79,77,,SEC,SEC,,,,,,
255263,1972-01-28,,1972,regular,,final,Middle Tennessee,Murray State,171,184,64,73,,OVC,OVC,,,,,,
255277,1972-01-28,,1972,regular,,final,Lamar,UT Arlington,139,324,105,93,,Southland,Southland,,,,,,
255289,1972-01-28,,1972,regular,,final,Trinity (TX),Abilene Christian,551,1,59,72,,Southland,Southland,,,,,,
255318,1972-01-28,,1972,regular,,final,Western Michigan,Bowling Green,351,28,92,83,,MAC,MAC,,,,,,
255332,1972-01-28,,1972,regular,,final,Montana State,Idaho,180,117,82,70,,Big Sky,Big Sky,,,,,,
255350,1972-01-28,,1972,regular,,final,Jacksonville,Saint Peter's,127,254,132,100,,Indep.,Indep.,,,,,,
255360,1972-01-28,,1972,regular,,final,Delaware,Lafayette,66,138,83,70,,,,,,,,,
255373,1972-01-28,,1972,regular,,final,Seton Hall,St. Francis Brooklyn,263,364,73,71,,Indep.,Indep.,,,,,,
255419,1972-01-28,,1972,regular,,final,VMI,East Carolina,334,74,56,66,,SoCon,SoCon,,,,,,
255442,1972-01-28,,1972,regular,,final,Pittsburgh,Penn State,229,226,62,74,,Indep.,Indep.,,,,,,
255459,1972-01-28,,1972,regular,,final,Western Kentucky,Austin Peay,350,17,106,73,,OVC,OVC,,,,,,
255550,1972-01-28,,1972,regular,,final,Gettysburg,Rutgers,1189,245,61,60,,,Indep.,,,,,,
255589,1972-01-28,,1972,regular,,final,Santa Clara,USC,261,323,83,73,,WCC,Pac-12,,,,,,
255610,1972-01-28,,1972,regular,,final,San José State,San Diego State,260,257,65,63,,Big West,Big West,,,,,,
255640,1972-01-28,,1972,regular,,final,Virginia Tech,William & Mary,340,353,87,65,,Indep.,SoCon,,,,,,
255701,1972-01-28,,1972,regular,,final,Stanford,Air Force,281,2,92,66,,Pac-12,Indep.,,,,,,
255752,1972-01-28,,1972,regular,,final,Detroit Mercy,Boston College,69,26,76,68,,Indep.,Indep.,,,,,,
255773,1972-01-28,,1972,regular,,final,Massachusetts,Providence,161,235,55,64,,,Indep.,,,,,,
255791,1972-01-28,,1972,regular,,final,New Mexico,Arizona,191,11,61,55,,UAC,UAC,,,,,,
255814,1972-01-28,,1972,regular,,final,Dartmouth,St. John's,62,279,66,100,,Ivy,Indep.,,,,,,
255831,1972-01-28,,1972,regular,,final,TCU,Rice,287,241,69,55,,,,,,,,,
255851,1972-01-28,,1972,regular,,final,Penn State (Beaver),Princeton,1353,234,82,59,,,Ivy,,,,,,
255868,1972-01-28,,1972,regular,,final,Notre Dame,UCLA,213,313,32,57,,Indep.,Pac-12,,,,,,
255904,1972-01-28,,1972,regular,,final,Indiana State,Illinois State,122,119,76,91,,Indep.,Indep.,,,,,,
255918,1972-01-28,,1972,regular,,final,Iowa,Minnesota,124,173,50,61,,Big Ten,Big Ten,,,,,,
255932,1972-01-28,,1972,regular,,final,New Mexico State,West Texas A&M,192,1440,101,92,,MVC,MVC,,,,,,
255961,1972-01-28,,1972,regular,,final,Michigan,Ohio State,170,216,88,78,,Big Ten,Big Ten,,,,,,
255976,1972-01-28,,1972,regular,,final,North Carolina,Maryland,200,160,92,72,,ACC,ACC,,,,,,
255993,1972-01-28,,1972,regular,,final,Washington State,Nevada,344,189,106,65,,Pac-12,WCC,,,,,,
256015,1972-01-28,,1972,regular,,final,Syracuse,Temple,286,289,84,77,,Indep.,,,,,,,
256056,1972-01-28,,1972,regular,,final,Canisius,La Salle,42,137,78,80,,Indep.,,,,,,,
256080,1972-01-28,,1972,regular,,final,Oklahoma City,Denver,1476,68,108,85,,,Indep.,,,,,,
256098,1972-01-28,,1972,regular,,final,Houston,Long Island University,113,146,104,79,,Indep.,Indep.,,,,,,
256119,1972-01-28,,1972,regular,,final,Richmond,Cincinnati,242,51,80,89,,SoCon,Indep.,,,,,,
256158,1972-01-28,,1972,regular,,final,Wichita State,Tulsa,352,304,92,60,,MVC,MVC,,,,,,
256213,1972-01-28,,1972,regular,,final,Wyoming,BYU,358,18,74,101,,UAC,UAC,,,,,,
256252,1972-01-28,,1972,regular,,final,Louisville,Bradley,150,29,52,46,,MVC,MVC,,,,,,
256328,1972-01-28,,1972,regular,,final,Vanderbilt,Auburn,336,16,85,77,,SEC,SEC,,,,,,
256349,1972-01-28,,1972,regular,,final,Clemson,Georgia Tech,52,101,83,70,,ACC,Indep.,,,,,,
256367,1972-01-28,,1972,regular,,final,Mississippi State,Florida,174,87,69,68,,SEC,SEC,,,,,,
256410,1972-01-28,,1972,regular,,final,Kentucky,LSU,135,136,89,71,,SEC,SEC,,,,,,
256432,1972-01-28,,1972,regular,,final,Washington,Seattle U,343,262,91,79,,Pac-12,WCC,,,,,,
256535,1972-01-28,,1972,regular,,final,Michigan State,Indiana,169,121,83,73,,Big Ten,Big Ten,,,,,,
256580,1972-01-28,,1972,regular,,final,Drake,Tulane,70,303,90,82,,MVC,Indep.,,,,,,
256651,1972-01-28,,1972,regular,,final,Iowa State,Oklahoma State,125,218,75,72,,,,,,,,,
256672,1972-01-28,,1972,regular,,final,Colorado,Missouri,56,177,67,79,,,,,,,,,
256697,1972-01-28,,1972,regular,,final,Kansas,Nebraska,131,188,57,55,,,MVC,,,,,,
255572,1972-01-29,,1972,regular,,final,Pacific,Long Beach State,225,145,104,86,,Big West,Big West,,,,,,
254487,1972-01-30,,1972,regular,,final,Butler,Ball State,34,19,88,86,,,Indep.,,,,,,
254522,1972-01-30,,1972,regular,,final,Austin Peay,Middle Tennessee,17,171,50,54,,OVC,OVC,,,,,,
254577,1972-01-30,,1972,regular,,final,Eastern Kentucky,East Tennessee State,78,75,66,68,,OVC,OVC,,,,,,
254670,1972-01-30,,1972,regular,,final,Morehead State,Tennessee Tech,181,291,101,90,,OVC,OVC,,,,,,
254702,1972-01-30,,1972,regular,,final,Trinity (TX),UT Arlington,551,324,60,61,,Southland,Southland,,,,,,
254866,1972-01-30,,1972,regular,,final,Florida State,Texas Pan American,90,1535,109,83,,Indep.,,,,,,,
255200,1972-01-30,,1972,regular,,final,Ole Miss,Florida,220,87,86,72,,SEC,SEC,,,,,,
255290,1972-01-30,,1972,regular,,final,Lamar,Abilene Christian,139,1,79,70,,Southland,Southland,,,,,,
255351,1972-01-30,,1972,regular,,final,Jacksonville,Furman,127,93,91,90,,Indep.,SoCon,,,,,,
255460,1972-01-30,,1972,regular,,final,Murray State,Western Kentucky,184,350,70,71,,OVC,OVC,,,,,,
255815,1972-01-30,,1972,regular,,final,Rhode Island,St. John's,240,279,73,86,,Indep.,Indep.,,,,,,
255905,1972-01-30,,1972,regular,,final,Indiana State,Tulane,122,303,80,82,,Indep.,Indep.,,,,,,
256120,1972-01-30,,1972,regular,,final,William & Mary,Cincinnati,353,51,52,65,,SoCon,Indep.,,,,,,
256232,1972-01-30,,1972,regular,,final,Niagara,Dayton,194,64,88,69,,Indep.,Indep.,,,,,,
256268,1972-01-30,,1972,regular,,final,NC State,Maryland,185,160,65,66,,ACC,ACC,,,,,,
256309,1972-01-30,,1972,regular,,final,Clemson,Virginia,52,339,58,62,,ACC,ACC,,,,,,
256390,1972-01-30,,1972,regular,,final,Tennessee,LSU,292,136,62,63,,SEC,SEC,,,,,,
256411,1972-01-30,,1972,regular,,final,Kentucky,Alabama,135,5,77,74,,SEC,SEC,,,,,,
256480,1972-01-30,,1972,regular,,final,Utah State,California,329,40,96,87,,Indep.,Pac-12,,,,,,
254463,1972-01-31,,1972,regular,,final,Pacific,Illinois State,225,119,107,94,,Big West,Indep.,,,,,,
254756,1972-01-31,,1972,regular,,final,Ohio,VMI,215,334,98,60,,MAC,SoCon,,,,,,
254785,1972-01-31,,1972,regular,,final,Lafayette,Bucknell,138,32,85,66,,,,,,,,,
254804,1972-01-31,,1972,regular,,final,Georgetown,American University,97,8,75,82,,Indep.,,,,,,,
254846,1972-01-31,,1972,regular,,final,Holy Cross,Boston University,111,27,64,65,,Indep.,Indep.,,,,,,
254859,1972-01-31,,1972,regular,,final,Loyola Chicago,Western Michigan,151,351,83,77,,Indep.,MAC,,,,,,
255113,1972-01-31,,1972,regular,,final,SMU,Texas,248,295,85,80,,,,,,,,,
255128,1972-01-31,,1972,regular,,final,Baylor,TCU,20,287,93,77,,,,,,,,,
255139,1972-01-31,,1972,regular,,final,Arkansas,Texas Tech,12,298,73,76,,,,,,,,,
255420,1972-01-31,,1972,regular,,final,Davidson,East Carolina,63,74,92,79,,SoCon,SoCon,,,,,,
255658,1972-01-31,,1972,regular,,final,Richmond,The Citadel,242,299,75,68,,SoCon,SoCon,,,,,,
255832,1972-01-31,,1972,regular,,final,Rice,Texas A&M,241,293,70,80,,,,,,,,,
255948,1972-01-31,,1972,regular,,final,Ohio State,Iowa,216,124,82,77,,Big Ten,Big Ten,,,,,,
256368,1972-01-31,,1972,regular,,final,Mississippi State,Georgia,174,98,62,58,,SEC,SEC,,,,,,
256501,1972-01-31,,1972,regular,,final,Michigan State,Notre Dame,169,213,98,74,,Big Ten,Indep.,,,,,,
256581,1972-01-31,,1972,regular,,final,Drake,West Texas A&M,70,1440,74,68,,MVC,MVC,,,,,,
256617,1972-01-31,,1972,regular,,final,Nebraska,Kansas State,188,132,61,60,,MVC,,,,,,,
256698,1972-01-31,,1972,regular,,final,Missouri,Kansas,177,131,64,60,,,,,,,,,
254494,1972-02-01,,1972,regular,,final,Iona,Fairleigh Dickinson,123,84,52,59,,Indep.,Indep.,,,,,,
254656,1972-02-01,,1972,regular,,final,Middle Tennessee,St. Francis (PA),171,278,81,73,,OVC,Indep.,,,,,,
254780,1972-02-01,,1972,regular,,final,Navy,George Washington,187,96,67,84,,Indep.,,,,,,,
254823,1972-02-01,,1972,regular,,final,Colgate,Canisius,55,42,72,87,,Indep.,Indep.,,,,,,
254836,1972-02-01,,1972,regular,,final,Long Island University,Hofstra,146,110,67,68,,Indep.,,,,,,,
254873,1972-02-01,,1972,regular,,final,St. Bonaventure,Northern Illinois,277,208,96,81,,Indep.,,,,,,,
255401,1972-02-01,,1972,regular,,final,Miami (OH),Toledo,167,300,67,65,,MAC,MAC,,,,,,
255443,1972-02-01,,1972,regular,,final,Penn State,Syracuse,226,286,81,76,,Indep.,Indep.,,,,,,
255702,1972-02-01,,1972,regular,,final,Denver,Air Force,68,2,54,52,,Indep.,Indep.,,,,,,
255753,1972-02-01,,1972,regular,,final,Boston College,Rhode Island,26,240,64,63,,Indep.,Indep.,,,,,,
255889,1972-02-01,,1972,regular,,final,South Carolina,Stetson,266,283,98,64,,Indep.,Indep.,,,,,,
255906,1972-02-01,,1972,regular,,final,Southern Illinois,Indiana State,273,122,73,68,,Indep.,Indep.,,,,,,
256081,1972-02-01,,1972,regular,,final,Oklahoma City,UT Arlington,1476,324,89,71,,,Southland,,,,,,
256253,1972-02-01,,1972,regular,,final,Louisville,Memphis,150,163,69,77,,MVC,MVC,,,,,,
256310,1972-02-01,,1972,regular,,final,Virginia Tech,Clemson,340,52,48,44,,Indep.,ACC,,,,,,
256350,1972-02-01,,1972,regular,,final,Georgia Tech,Georgia,101,98,82,78,,Indep.,SEC,,,,,,
256391,1972-02-01,,1972,regular,,final,LSU,Ole Miss,136,220,67,66,,SEC,SEC,,,,,,
254468,1972-02-02,,1972,regular,,final,Arkansas State,Louisiana,13,148,73,87,,Southland,Southland,,,,,,
254470,1972-02-02,,1972,regular,,final,Creighton,North Texas,61,204,58,49,,Indep.,MVC,,,,,,
254539,1972-02-02,,1972,regular,,final,Northern Arizona,Boise State,206,25,87,76,,Big Sky,Big Sky,,,,,,
254631,1972-02-02,,1972,regular,,final,Weber State,Idaho State,345,116,89,75,,Big Sky,Big Sky,,,,,,
254723,1972-02-02,,1972,regular,,final,Davidson,VMI,63,334,84,61,,SoCon,SoCon,,,,,,
254794,1972-02-02,,1972,regular,,final,UConn,Georgetown,314,97,89,81,,Indep.,Indep.,,,,,,
254882,1972-02-02,,1972,regular,,final,San Francisco,Pepperdine,259,228,97,81,,WCC,WCC,,,,,,
255154,1972-02-02,,1972,regular,,final,Nevada,Saint Mary's,189,253,82,102,,WCC,WCC,,,,,,
255352,1972-02-02,,1972,regular,,final,Furman,Jacksonville,93,127,87,102,,SoCon,Indep.,,,,,,
255493,1972-02-02,,1972,regular,,final,Massachusetts,New Hampshire,161,190,83,50,,,Indep.,,,,,,
255590,1972-02-02,,1972,regular,,final,Santa Clara,Loyola Marymount,261,153,97,93,,WCC,WCC,,,,,,
255869,1972-02-02,,1972,regular,,final,Notre Dame,West Virginia,213,347,87,97,,Indep.,Indep.,,,,,,
255977,1972-02-02,,1972,regular,,final,Wake Forest,North Carolina,342,200,59,71,,ACC,ACC,,,,,,
256141,1972-02-02,,1972,regular,,final,Bradley,Wichita State,29,352,76,77,,MVC,MVC,,,,,,
256159,1972-02-02,,1972,regular,,final,Saint Louis,Tulsa,252,304,63,61,,MVC,MVC,,,,,,
256194,1972-02-02,,1972,regular,,final,Seattle U,UNLV,262,322,93,109,,WCC,WCC,,,,,,
256214,1972-02-02,,1972,regular,,final,BYU,New Mexico,18,191,70,62,,UAC,UAC,,,,,,
254460,1972-02-03,,1972,regular,,final,San Diego State,Fresno State,257,92,73,72,,Big West,Big West,,,,,,
254608,1972-02-03,,1972,regular,,final,Gonzaga,Montana State,102,180,68,48,,Big Sky,Big Sky,,,,,,
254637,1972-02-03,,1972,regular,,final,Long Beach State,Illinois State,145,119,88,63,,Big West,Indep.,,,,,,
254693,1972-02-03,,1972,regular,,final,Tennessee Tech,St. Francis (PA),291,278,88,91,,OVC,Indep.,,,,,,
254786,1972-02-03,,1972,regular,,final,Lafayette,Boston University,138,27,104,89,,,Indep.,,,,,,
255073,1972-02-03,,1972,regular,,final,Utah,UTEP,331,327,76,61,,UAC,UAC,,,,,,
255100,1972-02-03,,1972,regular,,final,Cornell,Brown,60,30,73,89,,Ivy,Ivy,,,,,,
255333,1972-02-03,,1972,regular,,final,Idaho,Montana,117,179,40,55,,Big Sky,Big Sky,,,,,,
255375,1972-02-03,,1972,regular,,final,Holy Cross,Seton Hall,111,263,81,79,,Indep.,Indep.,,,,,,
255515,1972-02-03,,1972,regular,,final,Columbia,Yale,58,360,85,69,,Ivy,Ivy,,,,,,
255529,1972-02-03,,1972,regular,,final,Dartmouth,Princeton,62,234,81,79,,Ivy,Ivy,,,,,,
255551,1972-02-03,,1972,regular,,final,Rutgers,Lehigh,245,141,108,76,,Indep.,,,,,,,
255852,1972-02-03,,1972,regular,,final,Harvard,Penn State (Beaver),107,1353,60,84,,Ivy,,,,,,,
256099,1972-02-03,,1972,regular,,final,Houston,Florida State,113,90,94,86,,Indep.,Indep.,,,,,,
256269,1972-02-03,,1972,regular,,final,Virginia,NC State,339,185,69,68,,ACC,ACC,,,,,,
256433,1972-02-03,,1972,regular,,final,Washington,Washington State,343,344,103,92,,Pac-12,Pac-12,,,,,,
256481,1972-02-03,,1972,regular,,final,Stanford,California,281,40,93,86,,Pac-12,Pac-12,,,,,,
254488,1972-02-04,,1972,regular,,final,Ball State,Southern Illinois,19,273,87,74,,Indep.,Indep.,,,,,,
254540,1972-02-04,,1972,regular,,final,Weber State,Boise State,345,25,80,62,,Big Sky,Big Sky,,,,,,
254578,1972-02-04,,1972,regular,,final,Morehead State,Eastern Kentucky,181,78,94,93,,OVC,OVC,,,,,,
254609,1972-02-04,,1972,regular,,final,Gonzaga,Montana,102,179,53,69,,Big Sky,Big Sky,,,,,,
254619,1972-02-04,,1972,regular,,final,Hardin-Simmons,Texas Pan American,772,1535,77,74,,,,,,,,,
254632,1972-02-04,,1972,regular,,final,Northern Arizona,Idaho State,206,116,69,65,,Big Sky,Big Sky,,,,,,
254724,1972-02-04,,1972,regular,,final,The Citadel,Davidson,299,63,70,77,,SoCon,SoCon,,,,,,
254741,1972-02-04,,1972,regular,,final,Hofstra,St. Francis Brooklyn,110,364,86,70,,,Indep.,,,,,,
254757,1972-02-04,,1972,regular,,final,Ohio,Western Michigan,215,351,80,79,,MAC,MAC,,,,,,
254774,1972-02-04,,1972,regular,,final,Kent State,Northern Illinois,134,208,65,77,,MAC,,,,,,,
254787,1972-02-04,,1972,regular,,final,Lafayette,Colgate,138,55,111,85,,,Indep.,,,,,,
254813,1972-02-04,,1972,regular,,final,William & Mary,Pittsburgh,353,229,73,68,,SoCon,Indep.,,,,,,
254824,1972-02-04,,1972,regular,,final,Canisius,Manhattan,42,155,88,86,,Indep.,Indep.,,,,,,
254883,1972-02-04,,1972,regular,,final,San Francisco,Loyola Marymount,259,153,79,66,,WCC,WCC,,,,,,
254927,1972-02-04,,1972,regular,,final,St. Bonaventure,Detroit Mercy,277,69,66,67,,Indep.,Indep.,,,,,,
254970,1972-02-04,,1972,regular,,final,UC Santa Barbara,Cal State LA,311,1053,110,81,,Big West,,,,,,,
255050,1972-02-04,,1972,regular,,final,West Virginia,Navy,347,187,84,81,,Indep.,Indep.,,,,,,
255066,1972-02-04,,1972,regular,,final,DePaul,Marquette,65,157,61,79,,Indep.,Indep.,,,,,,
255081,1972-02-04,,1972,regular,,final,Arizona,Arizona State,11,10,78,91,,UAC,UAC,,,,,,
255101,1972-02-04,,1972,regular,,final,Columbia,Brown,58,30,72,78,,Ivy,Ivy,,,,,,
255104,1972-02-04,,1972,regular,,final,Texas A&M,Texas Tech,293,298,68,63,,,,,,,,,
255120,1972-02-04,,1972,regular,,final,TCU,Texas,287,295,88,75,,,,,,,,,
255129,1972-02-04,,1972,regular,,final,SMU,Baylor,248,20,74,70,,,,,,,,,
255166,1972-02-04,,1972,regular,,final,Saint Mary's,UNLV,253,322,80,99,,WCC,WCC,,,,,,
255205,1972-02-04,,1972,regular,,final,Florida,Georgia,87,98,63,74,,SEC,SEC,,,,,,
255230,1972-02-04,,1972,regular,,final,UCLA,USC,313,323,81,56,,Pac-12,Pac-12,,,,,,
255254,1972-02-04,,1972,regular,,final,Maine-Farmington,UConn,1078,314,52,51,,,Indep.,,,,,,
255264,1972-02-04,,1972,regular,,final,Murray State,Austin Peay,184,17,96,67,,OVC,OVC,,,,,,
255278,1972-02-04,,1972,regular,,final,Arkansas State,Lamar,13,139,76,85,,Southland,Southland,,,,,,
255291,1972-02-04,,1972,regular,,final,Abilene Christian,UT Arlington,1,324,86,90,,Southland,Southland,,,,,,
255319,1972-02-04,,1972,regular,,final,Bowling Green,Miami (OH),28,167,77,75,,MAC,MAC,,,,,,
255334,1972-02-04,,1972,regular,,final,Idaho,Montana State,117,180,84,86,,Big Sky,Big Sky,,,,,,
255388,1972-02-04,,1972,regular,,final,Delaware,Gettysburg,66,1189,90,64,,,,,,,,,
255421,1972-02-04,,1972,regular,,final,Furman,East Carolina,93,74,107,84,,SoCon,SoCon,,,,,,
255444,1972-02-04,,1972,regular,,final,Georgetown,Penn State,97,226,62,63,,Indep.,Indep.,,,,,,
255461,1972-02-04,,1972,regular,,final,Middle Tennessee,Western Kentucky,171,350,78,67,,OVC,OVC,,,,,,
255475,1972-02-04,,1972,regular,,final,Harvard,Princeton,107,234,66,91,,Ivy,Ivy,,,,,,
255494,1972-02-04,,1972,regular,,final,Syracuse,Massachusetts,286,161,90,85,,Indep.,,,,,,,
255516,1972-02-04,,1972,regular,,final,Cornell,Yale,60,360,87,91,,Ivy,Ivy,,,,,,
255552,1972-02-04,,1972,regular,,final,Rutgers,Boston University,245,27,86,53,,Indep.,Indep.,,,,,,
255591,1972-02-04,,1972,regular,,final,Santa Clara,Pepperdine,261,228,106,85,,WCC,WCC,,,,,,
255611,1972-02-04,,1972,regular,,final,San José State,Pacific,260,225,72,70,,Big West,Big West,,,,,,
255659,1972-02-04,,1972,regular,,final,Richmond,Virginia Tech,242,340,65,82,,SoCon,Indep.,,,,,,
255689,1972-02-04,,1972,regular,,final,Tulane,Denver,303,68,77,69,,Indep.,Indep.,,,,,,
255721,1972-02-04,,1972,regular,,final,Colorado State,Wyoming,57,358,80,70,,UAC,UAC,,,,,,
255774,1972-02-04,,1972,regular,,final,Providence,Rhode Island,235,240,77,67,,Indep.,Indep.,,,,,,
255792,1972-02-04,,1972,regular,,final,Utah,New Mexico,331,191,69,80,,UAC,UAC,,,,,,
255816,1972-02-04,,1972,regular,,final,St. John's,Army,279,15,70,73,,Indep.,Indep.,,,,,,
255833,1972-02-04,,1972,regular,,final,Arkansas,Rice,12,241,103,95,,,,,,,,,
255853,1972-02-04,,1972,regular,,final,Dartmouth,Penn State (Beaver),62,1353,66,86,,Ivy,,,,,,,
255907,1972-02-04,,1972,regular,,final,Indiana State,Butler,122,34,80,84,,Indep.,,,,,,,
255919,1972-02-04,,1972,regular,,final,Minnesota,Iowa,173,124,53,52,,Big Ten,Big Ten,,,,,,
255933,1972-02-04,,1972,regular,,final,Utah State,New Mexico State,329,192,92,102,,Indep.,MVC,,,,,,
255962,1972-02-04,,1972,regular,,final,Purdue,Michigan,236,170,84,74,,Big Ten,Big Ten,,,,,,
256016,1972-02-04,,1972,regular,,final,Wake Forest,Temple,342,289,57,51,,ACC,,,,,,,
256058,1972-02-04,,1972,regular,,final,La Salle,Notre Dame,137,213,71,97,,,Indep.,,,,,,
256082,1972-02-04,,1972,regular,,final,Loyola New Orleans,Oklahoma City,650,1476,89,90,,,,,,,,,
256121,1972-02-04,,1972,regular,,final,Cincinnati,Toledo,51,300,87,89,,Indep.,MAC,,,,,,
256142,1972-02-04,,1972,regular,,final,Saint Louis,Wichita State,252,352,63,60,,MVC,MVC,,,,,,
256160,1972-02-04,,1972,regular,,final,Tulsa,Bradley,304,29,73,88,,MVC,MVC,,,,,,
256177,1972-02-04,,1972,regular,,final,Memphis,South Alabama,163,265,88,71,,MVC,Indep.,,,,,,
256215,1972-02-04,,1972,regular,,final,BYU,UTEP,18,327,57,53,,UAC,UAC,,,,,,
256233,1972-02-04,,1972,regular,,final,Xavier,Dayton,359,64,77,66,,Indep.,Indep.,,,,,,
256289,1972-02-04,,1972,regular,,final,Maryland,Duke,160,72,77,58,,ACC,ACC,,,,,,
256311,1972-02-04,,1972,regular,,final,Clemson,South Carolina,52,266,58,62,,ACC,Indep.,,,,,,
256329,1972-02-04,,1972,regular,,final,Auburn,Tennessee,16,292,67,76,,SEC,SEC,,,,,,
256351,1972-02-04,,1972,regular,,final,Air Force,Georgia Tech,2,101,75,53,,Indep.,Indep.,,,,,,
256369,1972-02-04,,1972,regular,,final,Alabama,Mississippi State,5,174,77,71,,SEC,SEC,,,,,,
256412,1972-02-04,,1972,regular,,final,Vanderbilt,Kentucky,336,135,80,85,,SEC,SEC,,,,,,
256456,1972-02-04,,1972,regular,,final,Oregon,Oregon State,223,224,71,63,,Pac-12,Pac-12,,,,,,
256482,1972-02-04,,1972,regular,,final,California,Stanford,40,281,84,70,,Pac-12,Pac-12,,,,,,
256517,1972-02-04,,1972,regular,,final,Ohio State,Wisconsin,216,355,79,69,,Big Ten,Big Ten,,,,,,
256536,1972-02-04,,1972,regular,,final,Indiana,Michigan State,121,169,83,69,,Big Ten,Big Ten,,,,,,
256557,1972-02-04,,1972,regular,,final,Illinois,Northwestern,118,212,68,59,,Big Ten,Big Ten,,,,,,
256582,1972-02-04,,1972,regular,,final,Louisville,Drake,150,70,92,75,,MVC,MVC,,,,,,
256632,1972-02-04,,1972,regular,,final,Kansas State,Missouri,132,177,69,67,,,,,,,,,
256673,1972-02-04,,1972,regular,,final,Oklahoma,Colorado,217,56,78,65,,,,,,,,,
256699,1972-02-04,,1972,regular,,final,Iowa State,Kansas,125,131,84,83,,,,,,,,,
255353,1972-02-05,,1972,regular,,final,Creighton,Jacksonville,61,127,71,66,,Indep.,Indep.,,,,,,
255754,1972-02-05,,1972,regular,,final,Fordham,Boston College,91,26,65,58,,Indep.,Indep.,,,,,,
254481,1972-02-06,,1972,regular,,final,South Carolina,DePaul,266,65,91,67,,Indep.,Indep.,,,,,,
254482,1972-02-06,,1972,regular,,final,Arkansas State,Trinity (TX),13,551,84,64,,Southland,Southland,,,,,,
254492,1972-02-06,,1972,regular,,final,Fairfield,Fairleigh Dickinson,83,84,68,50,,Indep.,Indep.,,,,,,
254561,1972-02-06,,1972,regular,,final,The Citadel,Stetson,299,283,93,68,,SoCon,Indep.,,,,,,
254586,1972-02-06,,1972,regular,,final,Tennessee Tech,East Tennessee State,291,75,73,66,,OVC,OVC,,,,,,
254643,1972-02-06,,1972,regular,,final,Lehigh,Rider,141,243,85,82,,,,,,,,,
254677,1972-02-06,,1972,regular,,final,St. Francis (PA),Niagara,278,194,72,82,,Indep.,Indep.,,,,,,
254703,1972-02-06,,1972,regular,,final,Hardin-Simmons,UT Arlington,772,324,68,62,,,Southland,,,,,,
254867,1972-02-06,,1972,regular,,final,South Alabama,Florida State,265,90,81,104,,Indep.,Indep.,,,,,,
255212,1972-02-06,,1972,regular,,final,Vanderbilt,Tennessee,336,292,75,81,,SEC,SEC,,,,,,
255220,1972-02-06,,1972,regular,,final,Alabama,Ole Miss,5,220,93,88,,SEC,SEC,,,,,,
255641,1972-02-06,,1972,regular,,final,Virginia,Virginia Tech,339,340,107,85,,ACC,Indep.,,,,,,
255677,1972-02-06,,1972,regular,,final,Montana State,Utah State,180,329,86,87,,Big Sky,Indep.,,,,,,
255738,1972-02-06,,1972,regular,,final,Duquesne,Murray State,73,184,72,66,,Indep.,OVC,,,,,,
255908,1972-02-06,,1972,regular,,final,Morehead State,Indiana State,181,122,87,79,,OVC,Indep.,,,,,,
255934,1972-02-06,,1972,regular,,final,Portland,New Mexico State,230,192,50,108,,Indep.,MVC,,,,,,
256017,1972-02-06,,1972,regular,,final,Penn State,Temple,226,289,66,68,,Indep.,,,,,,,
256100,1972-02-06,,1972,regular,,final,Houston,Denver,113,68,98,69,,Indep.,Indep.,,,,,,
256234,1972-02-06,,1972,regular,,final,Western Kentucky,Dayton,350,64,76,74,,OVC,Indep.,,,,,,
256270,1972-02-06,,1972,regular,,final,North Carolina,NC State,200,185,101,78,,ACC,ACC,,,,,,
256392,1972-02-06,,1972,regular,,final,LSU,Mississippi State,136,174,62,60,,SEC,SEC,,,,,,
256413,1972-02-06,,1972,regular,,final,Auburn,Kentucky,16,135,72,78,,SEC,SEC,,,,,,
256618,1972-02-06,,1972,regular,,final,Oklahoma,Nebraska,217,188,72,70,,,MVC,,,,,,
256652,1972-02-06,,1972,regular,,final,Iowa State,Missouri,125,177,72,77,,,,,,,,,
256674,1972-02-06,,1972,regular,,final,Oklahoma State,Colorado,218,56,72,53,,,,,,,,,
256700,1972-02-06,,1972,regular,,final,Kansas,Georgia Tech,131,101,93,65,,,Indep.,,,,,,
254725,1972-02-07,,1972,regular,,final,Furman,Davidson,93,63,75,79,,SoCon,SoCon,,,,,,
254733,1972-02-07,,1972,regular,,final,New Hampshire,UConn,190,314,65,77,,Indep.,Indep.,,,,,,
254838,1972-02-07,,1972,regular,,final,Long Island University,George Washington,146,96,76,72,,Indep.,,,,,,,
254847,1972-02-07,,1972,regular,,final,Rhode Island,Holy Cross,240,111,93,86,,Indep.,Indep.,,,,,,
255107,1972-02-07,,1972,regular,,final,Texas Tech,TCU,298,287,81,85,,,,,,,,,
255121,1972-02-07,,1972,regular,,final,Texas,Texas A&M,295,293,80,71,,,,,,,,,
255140,1972-02-07,,1972,regular,,final,Baylor,Arkansas,20,12,93,84,,,,,,,,,
255194,1972-02-07,,1972,regular,,final,Purdue,Northwestern,236,212,67,73,,Big Ten,Big Ten,,,,,,
255279,1972-02-07,,1972,regular,,final,Texas Pan American,Lamar,1535,139,109,95,,,Southland,,,,,,
255306,1972-02-07,,1972,regular,,final,Louisiana,West Texas A&M,148,1440,78,67,,Southland,MVC,,,,,,
255553,1972-02-07,,1972,regular,,final,Rutgers,Manhattan,245,155,77,78,,Indep.,Indep.,,,,,,
255775,1972-02-07,,1972,regular,,final,Providence,Canisius,235,42,69,64,,Indep.,Indep.,,,,,,
255834,1972-02-07,,1972,regular,,final,Rice,SMU,241,248,65,74,,,,,,,,,
255870,1972-02-07,,1972,regular,,final,Notre Dame,St. John's,213,279,75,86,,Indep.,Indep.,,,,,,
255949,1972-02-07,,1972,regular,,final,Iowa,Ohio State,124,216,80,67,,Big Ten,Big Ten,,,,,,
256537,1972-02-07,,1972,regular,,final,Indiana,Minnesota,121,173,61,42,,Big Ten,Big Ten,,,,,,
256558,1972-02-07,,1972,regular,,final,Michigan State,Illinois,169,118,89,79,,Big Ten,Big Ten,,,,,,
254510,1972-02-08,,1972,regular,,final,Iona,Army,123,15,71,69,,Indep.,Indep.,,,,,,
254638,1972-02-08,,1972,regular,,final,Illinois State,Northern Illinois,119,208,85,99,,Indep.,,,,,,,
254788,1972-02-08,,1972,regular,,final,Lehigh,Lafayette,141,138,74,87,,,,,,,,,
254805,1972-02-08,,1972,regular,,final,American University,Navy,8,187,70,63,,,Indep.,,,,,,
254814,1972-02-08,,1972,regular,,final,Pittsburgh,Kent State,229,134,75,68,,Indep.,MAC,,,,,,
254921,1972-02-08,,1972,regular,,final,Creighton,St. Bonaventure,61,277,73,88,,Indep.,Indep.,,,,,,
255027,1972-02-08,,1972,regular,,final,Villanova,Niagara,338,194,83,89,,Indep.,Indep.,,,,,,
255035,1972-02-08,,1972,regular,,final,Syracuse,Fordham,286,91,90,89,,Indep.,Indep.,,,,,,
255067,1972-02-08,,1972,regular,,final,Marquette,Xavier,157,359,89,59,,Indep.,Indep.,,,,,,
255167,1972-02-08,,1972,regular,,final,UNLV,Nevada,322,189,76,69,,WCC,WCC,,,,,,
255389,1972-02-08,,1972,regular,,final,Bucknell,Gettysburg,32,1189,76,55,,,,,,,,,
255402,1972-02-08,,1972,regular,,final,Toledo,Morehead State,300,181,105,88,,MAC,OVC,,,,,,
255660,1972-02-08,,1972,regular,,final,Richmond,East Carolina,242,74,74,80,,SoCon,SoCon,,,,,,
255739,1972-02-08,,1972,regular,,final,Maryland,Duquesne,160,73,85,71,,ACC,Indep.,,,,,,
255755,1972-02-08,,1972,regular,,final,Boston College,Massachusetts,26,161,75,74,,Indep.,,,,,,,
255909,1972-02-08,,1972,regular,,final,Indiana State,Ball State,122,19,60,57,,Indep.,Indep.,,,,,,
256035,1972-02-08,,1972,regular,,final,Fairfield,Saint Joseph's,83,251,78,97,,Indep.,,,,,,,
256083,1972-02-08,,1972,regular,,final,Oklahoma City,Hardin-Simmons,1476,772,95,94,,,,,,,,,
256143,1972-02-08,,1972,regular,,final,Louisville,Wichita State,150,352,65,64,,MVC,MVC,,,,,,
256195,1972-02-08,,1972,regular,,final,Seattle U,Saint Mary's,262,253,92,83,,WCC,WCC,,,,,,
256290,1972-02-08,,1972,regular,,final,Wake Forest,Duke,342,72,62,57,,ACC,ACC,,,,,,
256393,1972-02-08,,1972,regular,,final,Tulane,LSU,303,136,71,75,,Indep.,SEC,,,,,,
254496,1972-02-09,,1972,regular,,final,Hardin-Simmons,Trinity (TX),772,551,86,59,,,Southland,,,,,,
254595,1972-02-09,,1972,regular,,final,Fairleigh Dickinson,Rider,84,243,65,69,,Indep.,,,,,,,
254597,1972-02-09,,1972,regular,,final,Fresno State,Long Beach State,92,145,76,69,,Big West,Big West,,,,,,
255642,1972-02-09,,1972,regular,,final,William & Mary,Virginia Tech,353,340,69,90,,SoCon,Indep.,,,,,,
255793,1972-02-09,,1972,regular,,final,New Mexico,Wyoming,191,358,76,64,,UAC,UAC,,,,,,
255854,1972-02-09,,1972,regular,,final,Columbia,Penn State (Beaver),58,1353,59,69,,Ivy,,,,,,,
256018,1972-02-09,,1972,regular,,final,Seton Hall,Temple,263,289,58,71,,Indep.,,,,,,,
256101,1972-02-09,,1972,regular,,final,Houston,Centenary (LA),113,367,100,83,,Indep.,Indep.,,,,,,
256161,1972-02-09,,1972,regular,,final,North Texas,Tulsa,204,304,69,75,,MVC,MVC,,,,,,
256178,1972-02-09,,1972,regular,,final,Saint Louis,Memphis,252,163,76,72,,MVC,MVC,,,,,,
256196,1972-02-09,,1972,regular,,final,Portland,Seattle U,230,262,62,65,,Indep.,WCC,,,,,,
256235,1972-02-09,,1972,regular,,final,Dayton,Loyola Chicago,64,151,91,90,,Indep.,Indep.,,,,,,
256583,1972-02-09,,1972,regular,,final,Bradley,Drake,29,70,85,69,,MVC,MVC,,,,,,
254500,1972-02-10,,1972,regular,,final,Montana State,Weber State,180,345,53,68,,Big Sky,Big Sky,,,,,,
254610,1972-02-10,,1972,regular,,final,Gonzaga,Idaho State,102,116,90,75,,Big Sky,Big Sky,,,,,,
254661,1972-02-10,,1972,regular,,final,Montana,Northern Arizona,179,206,88,67,,Big Sky,Big Sky,,,,,,
255036,1972-02-10,,1972,regular,,final,Syracuse,Pittsburgh,286,229,99,109,,Indep.,Indep.,,,,,,
255074,1972-02-10,,1972,regular,,final,Arizona State,Utah,10,331,91,85,,UAC,UAC,,,,,,
255089,1972-02-10,,1972,regular,,final,UTEP,Colorado State,327,57,77,70,,UAC,UAC,,,,,,
255092,1972-02-10,,1972,regular,,final,Cornell,Princeton,60,234,69,96,,Ivy,Ivy,,,,,,
255235,1972-02-10,,1972,regular,,final,Stanford,Oregon State,281,224,64,68,,Pac-12,Pac-12,,,,,,
255335,1972-02-10,,1972,regular,,final,Idaho,Boise State,117,25,78,72,,Big Sky,Big Sky,,,,,,
255517,1972-02-10,,1972,regular,,final,Yale,Harvard,360,107,74,92,,Ivy,Ivy,,,,,,
255530,1972-02-10,,1972,regular,,final,Brown,Dartmouth,30,62,94,88,,Ivy,Ivy,,,,,,
255573,1972-02-10,,1972,regular,,final,Pacific,UC Santa Barbara,225,311,80,67,,Big West,Big West,,,,,,
255612,1972-02-10,,1972,regular,,final,San José State,Cal State LA,260,1053,84,73,,Big West,,,,,,,
255994,1972-02-10,,1972,regular,,final,UCLA,Washington State,313,344,89,58,,Pac-12,Pac-12,,,,,,
256216,1972-02-10,,1972,regular,,final,Arizona,BYU,11,18,78,86,,UAC,UAC,,,,,,
256352,1972-02-10,,1972,regular,,final,Georgia Tech,NC State,101,185,70,87,,Indep.,ACC,,,,,,
256434,1972-02-10,,1972,regular,,final,USC,Washington,323,343,85,68,,Pac-12,Pac-12,,,,,,
256483,1972-02-10,,1972,regular,,final,California,Oregon,40,223,79,77,,Pac-12,Pac-12,,,,,,
254454,1972-02-11,,1972,regular,,final,Idaho,Idaho State,117,116,61,87,,Big Sky,Big Sky,,,,,,
254461,1972-02-11,,1972,regular,,final,Long Beach State,San Diego State,145,257,85,68,,Big West,Big West,,,,,,
254476,1972-02-11,,1972,regular,,final,Seattle U,Oklahoma City,262,1476,99,102,,WCC,,,,,,,
254497,1972-02-11,,1972,regular,,final,Southern Illinois,Illinois State,273,119,83,90,,Indep.,Indep.,,,,,,
254523,1972-02-11,,1972,regular,,final,Morehead State,Austin Peay,181,17,100,97,,OVC,OVC,,,,,,
254541,1972-02-11,,1972,regular,,final,Gonzaga,Boise State,102,25,70,57,,Big Sky,Big Sky,,,,,,
254556,1972-02-11,,1972,regular,,final,Centenary (LA),Loyola New Orleans,367,650,98,89,,Indep.,,,,,,,
254590,1972-02-11,,1972,regular,,final,Manhattan,Fairfield,155,83,92,75,,Indep.,Indep.,,,,,,
254598,1972-02-11,,1972,regular,,final,Oral Roberts,Fresno State,222,92,120,76,,Indep.,Big West,,,,,,
254601,1972-02-11,,1972,regular,,final,Furman,VMI,93,334,104,66,,SoCon,SoCon,,,,,,
254641,1972-02-11,,1972,regular,,final,Niagara,Iona,194,123,98,83,,Indep.,Indep.,,,,,,
254657,1972-02-11,,1972,regular,,final,Tennessee Tech,Middle Tennessee,291,171,59,58,,OVC,OVC,,,,,,
254662,1972-02-11,,1972,regular,,final,Montana,Weber State,179,345,62,60,,Big Sky,Big Sky,,,,,,
254666,1972-02-11,,1972,regular,,final,Northern Arizona,Montana State,206,180,98,104,,Big Sky,Big Sky,,,,,,
254674,1972-02-11,,1972,regular,,final,Vermont,New Hampshire,337,190,55,69,,Indep.,Indep.,,,,,,
254704,1972-02-11,,1972,regular,,final,UT Arlington,Arkansas State,324,13,75,71,,Southland,Southland,,,,,,
254719,1972-02-11,,1972,regular,,final,Pepperdine,Loyola Marymount,228,153,105,107,,WCC,WCC,,,,,,
254765,1972-02-11,,1972,regular,,final,Miami (OH),Ohio,167,215,66,69,,MAC,MAC,,,,,,
254781,1972-02-11,,1972,regular,,final,George Washington,Army,96,15,79,67,,,Indep.,,,,,,
254789,1972-02-11,,1972,regular,,final,Bucknell,Lafayette,32,138,74,84,,,,,,,,,
254825,1972-02-11,,1972,regular,,final,Canisius,Saint Peter's,42,254,96,95,,Indep.,Indep.,,,,,,
254928,1972-02-11,,1972,regular,,final,Detroit Mercy,Xavier,69,359,69,56,,Indep.,Indep.,,,,,,
254950,1972-02-11,,1972,regular,,final,Long Island University,Maryland,146,160,60,78,,Indep.,ACC,,,,,,
255052,1972-02-11,,1972,regular,,final,West Virginia,Syracuse,347,286,79,85,,Indep.,Indep.,,,,,,
255082,1972-02-11,,1972,regular,,final,Arizona,Utah,11,331,73,82,,UAC,UAC,,,,,,
255096,1972-02-11,,1972,regular,,final,Columbia,Princeton,58,234,57,80,,Ivy,Ivy,,,,,,
255114,1972-02-11,,1972,regular,,final,SMU,Texas A&M,248,293,75,71,,,,,,,,,
255130,1972-02-11,,1972,regular,,final,Baylor,Texas Tech,20,298,74,80,,,,,,,,,
255141,1972-02-11,,1972,regular,,final,Arkansas,TCU,12,287,90,98,,,,,,,,,
255174,1972-02-11,,1972,regular,,final,Virginia,Wake Forest,339,342,74,67,,ACC,ACC,,,,,,
255189,1972-02-11,,1972,regular,,final,Northwestern,Minnesota,212,173,55,78,,Big Ten,Big Ten,,,,,,
255206,1972-02-11,,1972,regular,,final,Georgia,Vanderbilt,98,336,98,91,,SEC,SEC,,,,,,
255239,1972-02-11,,1972,regular,,final,Florida State,Tulane,90,303,94,84,,Indep.,Indep.,,,,,,
255255,1972-02-11,,1972,regular,,final,Boston University,Maine-Farmington,27,1078,60,53,,Indep.,,,,,,,
255265,1972-02-11,,1972,regular,,final,Eastern Kentucky,Murray State,78,184,74,72,,OVC,OVC,,,,,,
255280,1972-02-11,,1972,regular,,final,Trinity (TX),Lamar,551,139,78,92,,Southland,Southland,,,,,,
255292,1972-02-11,,1972,regular,,final,Abilene Christian,Texas Pan American,1,1535,109,92,,Southland,,,,,,,
255320,1972-02-11,,1972,regular,,final,Marshall,Bowling Green,158,28,91,67,,Indep.,MAC,,,,,,
255361,1972-02-11,,1972,regular,,final,Rider,Delaware,243,66,82,81,,,,,,,,,
255390,1972-02-11,,1972,regular,,final,Lehigh,Gettysburg,141,1189,54,56,,,,,,,,,
255403,1972-02-11,,1972,regular,,final,Toledo,Kent State,300,134,78,69,,MAC,MAC,,,,,,
255422,1972-02-11,,1972,regular,,final,East Carolina,The Citadel,74,299,91,83,,SoCon,SoCon,,,,,,
255445,1972-02-11,,1972,regular,,final,Navy,Penn State,187,226,59,68,,Indep.,Indep.,,,,,,
255462,1972-02-11,,1972,regular,,final,East Tennessee State,Western Kentucky,75,350,76,70,,OVC,OVC,,,,,,
255476,1972-02-11,,1972,regular,,final,Brown,Harvard,30,107,72,78,,Ivy,Ivy,,,,,,
255495,1972-02-11,,1972,regular,,final,UConn,Massachusetts,314,161,58,56,,Indep.,,,,,,,
255531,1972-02-11,,1972,regular,,final,Yale,Dartmouth,360,62,101,91,,Ivy,Ivy,,,,,,
255554,1972-02-11,,1972,regular,,final,Georgetown,Rutgers,97,245,58,72,,Indep.,Indep.,,,,,,
255574,1972-02-11,,1972,regular,,final,Pacific,Cal State LA,225,1053,113,95,,Big West,,,,,,,
255592,1972-02-11,,1972,regular,,final,Santa Clara,San Francisco,261,259,73,68,,WCC,WCC,,,,,,
255613,1972-02-11,,1972,regular,,final,San José State,UC Santa Barbara,260,311,65,63,,Big West,Big West,,,,,,
255661,1972-02-11,,1972,regular,,final,Richmond,Rhode Island,242,240,84,76,,SoCon,Indep.,,,,,,
255690,1972-02-11,,1972,regular,,final,Utah State,Denver,329,68,97,74,,Indep.,Indep.,,,,,,
255703,1972-02-11,,1972,regular,,final,Marquette,Air Force,157,2,79,56,,Indep.,Indep.,,,,,,
255722,1972-02-11,,1972,regular,,final,UTEP,Wyoming,327,358,73,51,,UAC,UAC,,,,,,
255756,1972-02-11,,1972,regular,,final,Boston College,Seton Hall,26,263,82,71,,Indep.,Indep.,,,,,,
255794,1972-02-11,,1972,regular,,final,New Mexico,Colorado State,191,57,77,75,,UAC,UAC,,,,,,
255817,1972-02-11,,1972,regular,,final,St. John's,Fordham,279,91,78,60,,Indep.,Indep.,,,,,,
255835,1972-02-11,,1972,regular,,final,Rice,Texas,241,295,67,83,,,,,,,,,
255855,1972-02-11,,1972,regular,,final,Cornell,Penn State (Beaver),60,1353,61,98,,Ivy,,,,,,,
255871,1972-02-11,,1972,regular,,final,Notre Dame,DePaul,213,65,93,78,,Indep.,Indep.,,,,,,
255890,1972-02-11,,1972,regular,,final,South Carolina,Davidson,266,63,86,71,,Indep.,SoCon,,,,,,
255910,1972-02-11,,1972,regular,,final,Northern Illinois,Indiana State,208,122,66,61,,,Indep.,,,,,,
255935,1972-02-11,,1972,regular,,final,West Texas A&M,New Mexico State,1440,192,83,80,,MVC,MVC,,,,,,
255950,1972-02-11,,1972,regular,,final,Ohio State,Purdue,216,236,64,62,,Big Ten,Big Ten,,,,,,
255995,1972-02-11,,1972,regular,,final,USC,Washington State,323,344,78,66,,Pac-12,Pac-12,,,,,,
256059,1972-02-11,,1972,regular,,final,Holy Cross,La Salle,111,137,85,79,,Indep.,,,,,,,
256123,1972-02-11,,1972,regular,,final,Cincinnati,Jacksonville,51,127,88,84,,Indep.,Indep.,,,,,,
256144,1972-02-11,,1972,regular,,final,Loyola Chicago,Wichita State,151,352,64,88,,Indep.,MVC,,,,,,
256162,1972-02-11,,1972,regular,,final,Tulsa,Louisville,304,150,66,84,,MVC,MVC,,,,,,
256179,1972-02-11,,1972,regular,,final,North Texas,Memphis,204,163,80,87,,MVC,MVC,,,,,,
256217,1972-02-11,,1972,regular,,final,Arizona State,BYU,10,18,99,95,,UAC,UAC,,,,,,
256236,1972-02-11,,1972,regular,,final,Dayton,Western Michigan,64,351,85,80,,Indep.,MAC,,,,,,
256291,1972-02-11,,1972,regular,,final,Duke,William & Mary,72,353,87,69,,ACC,SoCon,,,,,,
256330,1972-02-11,,1972,regular,,final,Florida,Auburn,87,16,100,103,,SEC,SEC,,,,,,
256353,1972-02-11,,1972,regular,,final,Georgia Tech,North Carolina,101,200,73,118,,Indep.,ACC,,,,,,
256370,1972-02-11,,1972,regular,,final,Mississippi State,Tennessee,174,292,61,71,,SEC,SEC,,,,,,
256394,1972-02-11,,1972,regular,,final,Alabama,LSU,5,136,103,99,,SEC,SEC,,,,,,
256414,1972-02-11,,1972,regular,,final,Ole Miss,Kentucky,220,135,82,90,,SEC,SEC,,,,,,
256435,1972-02-11,,1972,regular,,final,UCLA,Washington,313,343,109,70,,Pac-12,Pac-12,,,,,,
256457,1972-02-11,,1972,regular,,final,Stanford,Oregon,281,223,82,78,,Pac-12,Pac-12,,,,,,
256484,1972-02-11,,1972,regular,,final,California,Oregon State,40,224,68,74,,Pac-12,Pac-12,,,,,,
256502,1972-02-11,,1972,regular,,final,Iowa,Michigan State,124,169,91,100,,Big Ten,Big Ten,,,,,,
256538,1972-02-11,,1972,regular,,final,Wisconsin,Indiana,355,121,76,84,,Big Ten,Big Ten,,,,,,
256559,1972-02-11,,1972,regular,,final,Michigan,Illinois,170,118,105,83,,Big Ten,Big Ten,,,,,,
256584,1972-02-11,,1972,regular,,final,Drake,Saint Louis,70,252,62,67,,MVC,MVC,,,,,,
256633,1972-02-11,,1972,regular,,final,Missouri,Oklahoma State,177,218,80,64,,,,,,,,,
256653,1972-02-11,,1972,regular,,final,Nebraska,Iowa State,188,125,76,71,,MVC,,,,,,,
256675,1972-02-11,,1972,regular,,final,Colorado,Kansas State,56,132,71,89,,,,,,,,,
256701,1972-02-11,,1972,regular,,final,Kansas,Oklahoma,131,217,77,74,,,,,,,,,
255740,1972-02-12,,1972,regular,,final,Duquesne,American University,73,8,78,74,,Indep.,,,,,,,
255776,1972-02-12,,1972,regular,,final,St. Bonaventure,Providence,277,235,98,82,,Indep.,Indep.,,,,,,
254478,1972-02-13,,1972,regular,,final,The Citadel,VMI,299,334,87,60,,SoCon,SoCon,,,,,,
254491,1972-02-13,,1972,regular,,final,East Tennessee State,Middle Tennessee,75,171,40,64,,OVC,OVC,,,,,,
254524,1972-02-13,,1972,regular,,final,Eastern Kentucky,Austin Peay,78,17,104,87,,OVC,OVC,,,,,,
254591,1972-02-13,,1972,regular,,final,Fairfield,Niagara,83,194,68,67,,Indep.,Indep.,,,,,,
254624,1972-02-13,,1972,regular,,final,Saint Peter's,Hofstra,254,110,85,82,,Indep.,,,,,,,
254683,1972-02-13,,1972,regular,,final,Oral Roberts,Trinity (TX),222,551,103,82,,Indep.,Southland,,,,,,
254795,1972-02-13,,1972,regular,,final,Navy,Georgetown,187,97,70,66,,Indep.,Indep.,,,,,,
255068,1972-02-13,,1972,regular,,final,Marquette,Butler,157,34,90,76,,Indep.,,,,,,,
255198,1972-02-13,,1972,regular,,final,Florida,Vanderbilt,87,336,74,90,,SEC,SEC,,,,,,
255213,1972-02-13,,1972,regular,,final,Ole Miss,Tennessee,220,292,58,68,,SEC,SEC,,,,,,
255221,1972-02-13,,1972,regular,,final,Alabama,Georgia,5,98,99,91,,SEC,SEC,,,,,,
255266,1972-02-13,,1972,regular,,final,Morehead State,Murray State,181,184,89,80,,OVC,OVC,,,,,,
255293,1972-02-13,,1972,regular,,final,Abilene Christian,Arkansas State,1,13,72,79,,Southland,Southland,,,,,,
255423,1972-02-13,,1972,regular,,final,East Carolina,St. Francis (PA),74,278,67,56,,SoCon,Indep.,,,,,,
255463,1972-02-13,,1972,regular,,final,Tennessee Tech,Western Kentucky,291,350,81,71,,OVC,OVC,,,,,,
255643,1972-02-13,,1972,regular,,final,Virginia Tech,Tulane,340,303,76,55,,Indep.,Indep.,,,,,,
255662,1972-02-13,,1972,regular,,final,Furman,Richmond,93,242,113,97,,SoCon,SoCon,,,,,,
255691,1972-02-13,,1972,regular,,final,Portland,Denver,230,68,57,50,,Indep.,Indep.,,,,,,
255872,1972-02-13,,1972,regular,,final,Notre Dame,Bowling Green,213,28,92,65,,Indep.,MAC,,,,,,
256102,1972-02-13,,1972,regular,,final,Houston,Loyola New Orleans,113,650,104,86,,Indep.,,,,,,,
256395,1972-02-13,,1972,regular,,final,Auburn,LSU,16,136,85,77,,SEC,SEC,,,,,,
256415,1972-02-13,,1972,regular,,final,Mississippi State,Kentucky,174,135,55,63,,SEC,SEC,,,,,,
256676,1972-02-13,,1972,regular,,final,Colorado,Iowa State,56,125,82,75,,,,,,,,,
254782,1972-02-14,,1972,regular,,final,Lehigh,George Washington,141,96,74,84,,,,,,,,,
255115,1972-02-14,,1972,regular,,final,TCU,SMU,287,248,93,84,,,,,,,,,
255131,1972-02-14,,1972,regular,,final,Texas,Baylor,295,20,90,70,,,,,,,,,
255142,1972-02-14,,1972,regular,,final,Texas A&M,Arkansas,293,12,86,85,,,,,,,,,
255496,1972-02-14,,1972,regular,,final,Massachusetts,Boston University,161,27,112,89,,,Indep.,,,,,,
255532,1972-02-14,,1972,regular,,final,Holy Cross,Dartmouth,111,62,84,83,,Indep.,Ivy,,,,,,
255555,1972-02-14,,1972,regular,,final,Army,Rutgers,15,245,72,73,,Indep.,Indep.,,,,,,
255777,1972-02-14,,1972,regular,,final,Rhode Island,Providence,240,235,75,73,,Indep.,Indep.,,,,,,
255818,1972-02-14,,1972,regular,,final,Boston College,St. John's,26,279,70,66,,Indep.,Indep.,,,,,,
255836,1972-02-14,,1972,regular,,final,Texas Tech,Rice,298,241,80,76,,,,,,,,,
256354,1972-02-14,,1972,regular,,final,Auburn,Georgia Tech,16,101,91,77,,SEC,Indep.,,,,,,
256518,1972-02-14,,1972,regular,,final,Purdue,Wisconsin,236,355,65,84,,Big Ten,Big Ten,,,,,,
256560,1972-02-14,,1972,regular,,final,Iowa,Illinois,124,118,87,84,,Big Ten,Big Ten,,,,,,
256634,1972-02-14,,1972,regular,,final,Missouri,Nebraska,177,188,80,65,,,MVC,,,,,,
256702,1972-02-14,,1972,regular,,final,Kansas State,Kansas,132,131,78,66,,,,,,,,,
254489,1972-02-15,,1972,regular,,final,Ball State,Illinois State,19,119,71,98,,Indep.,Indep.,,,,,,
254565,1972-02-15,,1972,regular,,final,Colgate,Fairfield,55,83,78,71,,Indep.,Indep.,,,,,,
254680,1972-02-15,,1972,regular,,final,Northern Illinois,Southern Illinois,208,273,96,82,,,Indep.,,,,,,
254734,1972-02-15,,1972,regular,,final,UConn,New Hampshire,314,190,65,73,,Indep.,Indep.,,,,,,
254758,1972-02-15,,1972,regular,,final,Ohio,Marshall,215,158,76,95,,MAC,Indep.,,,,,,
254775,1972-02-15,,1972,regular,,final,Kent State,Miami (OH),134,167,78,77,,MAC,MAC,,,,,,
254790,1972-02-15,,1972,regular,,final,Rider,Lafayette,243,138,87,84,,,,,,,,,
254826,1972-02-15,,1972,regular,,final,St. Francis (PA),Canisius,278,42,84,95,,Indep.,Indep.,,,,,,
254874,1972-02-15,,1972,regular,,final,St. Francis Brooklyn,St. Bonaventure,364,277,58,94,,Indep.,Indep.,,,,,,
255037,1972-02-15,,1972,regular,,final,Syracuse,Bucknell,286,32,91,74,,Indep.,,,,,,,
255053,1972-02-15,,1972,regular,,final,West Virginia,William & Mary,347,353,87,71,,Indep.,SoCon,,,,,,
255180,1972-02-15,,1972,regular,,final,Saint Louis,North Texas,252,204,88,75,,MVC,MVC,,,,,,
255201,1972-02-15,,1972,regular,,final,Vanderbilt,Ole Miss,336,220,89,83,,SEC,SEC,,,,,,
255321,1972-02-15,,1972,regular,,final,Bowling Green,Western Michigan,28,351,74,75,,MAC,MAC,,,,,,
255354,1972-02-15,,1972,regular,,final,Marquette,Jacksonville,157,127,88,79,,Indep.,Indep.,,,,,,
255362,1972-02-15,,1972,regular,,final,American University,Delaware,8,66,84,68,,,,,,,,,
255446,1972-02-15,,1972,regular,,final,Penn State,Virginia,226,339,86,74,,Indep.,ACC,,,,,,
255663,1972-02-15,,1972,regular,,final,Richmond,The Citadel,242,299,79,99,,SoCon,SoCon,,,,,,
255741,1972-02-15,,1972,regular,,final,Villanova,Duquesne,338,73,102,81,,Indep.,Indep.,,,,,,
255891,1972-02-15,,1972,regular,,final,UNLV,South Carolina,322,266,71,84,,WCC,Indep.,,,,,,
255978,1972-02-15,,1972,regular,,final,Maryland,North Carolina,160,200,79,77,,ACC,ACC,,,,,,
256020,1972-02-15,,1972,regular,,final,Pittsburgh,Temple,229,289,74,89,,Indep.,,,,,,,
256036,1972-02-15,,1972,regular,,final,Saint Joseph's,Georgetown,251,97,81,70,,,Indep.,,,,,,
256124,1972-02-15,,1972,regular,,final,Cincinnati,Xavier,51,359,76,71,,Indep.,Indep.,,,,,,
256237,1972-02-15,,1972,regular,,final,Dayton,Detroit Mercy,64,69,70,78,,Indep.,Indep.,,,,,,
256292,1972-02-15,,1972,regular,,final,Davidson,Duke,63,72,74,72,,SoCon,ACC,,,,,,
256314,1972-02-15,,1972,regular,,final,Wake Forest,Clemson,342,52,59,51,,ACC,ACC,,,,,,
254501,1972-02-16,,1972,regular,,final,Weber State,Montana State,345,180,62,49,,Big Sky,Big Sky,,,,,,
254531,1972-02-16,,1972,regular,,final,Northern Illinois,Ball State,208,19,103,88,,,Indep.,,,,,,
254663,1972-02-16,,1972,regular,,final,Northern Arizona,Montana,206,179,80,54,,Big Sky,Big Sky,,,,,,
254692,1972-02-16,,1972,regular,,final,Rhode Island,Vermont,240,337,77,71,,Indep.,Indep.,,,,,,
254884,1972-02-16,,1972,regular,,final,Pepperdine,San Francisco,228,259,75,82,,WCC,WCC,,,,,,
255168,1972-02-16,,1972,regular,,final,UNLV,Saint Mary's,322,253,108,80,,WCC,WCC,,,,,,
255307,1972-02-16,,1972,regular,,final,Lamar,Louisiana,139,148,106,119,,Southland,Southland,,,,,,
255376,1972-02-16,,1972,regular,,final,Seton Hall,Army,263,15,72,76,,Indep.,Indep.,,,,,,
255575,1972-02-16,,1972,regular,,final,San Diego State,Pacific,257,225,84,82,,Big West,Big West,,,,,,
255593,1972-02-16,,1972,regular,,final,Loyola Marymount,Santa Clara,153,261,81,72,,WCC,WCC,,,,,,
255614,1972-02-16,,1972,regular,,final,Long Beach State,San José State,145,260,88,51,,Big West,Big West,,,,,,
255692,1972-02-16,,1972,regular,,final,Denver,Portland,68,230,79,62,,Indep.,Indep.,,,,,,
256103,1972-02-16,,1972,regular,,final,Centenary (LA),Houston,367,113,82,93,,Indep.,Indep.,,,,,,
256163,1972-02-16,,1972,regular,,final,Tulsa,West Texas A&M,304,1440,95,87,,MVC,MVC,,,,,,
256197,1972-02-16,,1972,regular,,final,Nevada,Seattle U,189,262,84,105,,WCC,WCC,,,,,,
254542,1972-02-17,,1972,regular,,final,Boise State,Gonzaga,25,102,83,78,,Big Sky,Big Sky,,,,,,
254971,1972-02-17,,1972,regular,,final,Fresno State,Cal State LA,92,1053,82,86,,Big West,,,,,,,
255090,1972-02-17,,1972,regular,,final,Colorado State,Arizona State,57,10,80,88,,UAC,UAC,,,,,,
255236,1972-02-17,,1972,regular,,final,Oregon State,Stanford,224,281,87,62,,Pac-12,Pac-12,,,,,,
255336,1972-02-17,,1972,regular,,final,Idaho State,Idaho,116,117,86,66,,Big Sky,Big Sky,,,,,,
255477,1972-02-17,,1972,regular,,final,Harvard,Cornell,107,60,99,81,,Ivy,Ivy,,,,,,
255518,1972-02-17,,1972,regular,,final,Princeton,Yale,234,360,73,60,,Ivy,Ivy,,,,,,
255533,1972-02-17,,1972,regular,,final,Dartmouth,Columbia,62,58,86,87,,Ivy,Ivy,,,,,,
255723,1972-02-17,,1972,regular,,final,Wyoming,Arizona,358,11,71,55,,UAC,UAC,,,,,,
255856,1972-02-17,,1972,regular,,final,Penn State (Beaver),Brown,1353,30,90,66,,,Ivy,,,,,,
256084,1972-02-17,,1972,regular,,final,Hawai'i,Oklahoma City,108,1476,117,97,,Indep.,,,,,,,
256180,1972-02-17,,1972,regular,,final,Memphis,Bradley,163,29,70,59,,MVC,MVC,,,,,,
256485,1972-02-17,,1972,regular,,final,Oregon,California,223,40,67,71,,Pac-12,Pac-12,,,,,,
254511,1972-02-18,,1972,regular,,final,Army,Manhattan,15,155,83,87,,Indep.,Indep.,,,,,,
254525,1972-02-18,,1972,regular,,final,Austin Peay,Tennessee Tech,17,291,73,74,,OVC,OVC,,,,,,
254552,1972-02-18,,1972,regular,,final,Bucknell,Rider,32,243,84,91,,,,,,,,,
254562,1972-02-18,,1972,regular,,final,The Citadel,Furman,299,93,75,80,,SoCon,SoCon,,,,,,
254571,1972-02-18,,1972,regular,,final,Fresno State,UC Santa Barbara,92,311,76,79,,Big West,Big West,,,,,,
254611,1972-02-18,,1972,regular,,final,Idaho State,Gonzaga,116,102,85,75,,Big Sky,Big Sky,,,,,,
254658,1972-02-18,,1972,regular,,final,Middle Tennessee,Morehead State,171,181,68,71,,OVC,OVC,,,,,,
254664,1972-02-18,,1972,regular,,final,Weber State,Montana,345,179,71,60,,Big Sky,Big Sky,,,,,,
254667,1972-02-18,,1972,regular,,final,Montana State,Northern Arizona,180,206,69,86,,Big Sky,Big Sky,,,,,,
254684,1972-02-18,,1972,regular,,final,Oral Roberts,West Texas A&M,222,1440,114,84,,Indep.,MVC,,,,,,
254742,1972-02-18,,1972,regular,,final,St. Francis Brooklyn,Iona,364,123,88,84,,Indep.,Indep.,,,,,,
254776,1972-02-18,,1972,regular,,final,Kent State,Western Michigan,134,351,75,69,,MAC,MAC,,,,,,
254806,1972-02-18,,1972,regular,,final,American University,Hofstra,8,110,91,76,,,,,,,,,
254875,1972-02-18,,1972,regular,,final,St. Bonaventure,Long Island University,277,146,89,69,,Indep.,Indep.,,,,,,
254885,1972-02-18,,1972,regular,,final,Loyola Marymount,San Francisco,153,259,65,66,,WCC,WCC,,,,,,
255038,1972-02-18,,1972,regular,,final,Syracuse,UConn,286,314,98,69,,Indep.,Indep.,,,,,,
255069,1972-02-18,,1972,regular,,final,Marquette,Creighton,157,61,70,61,,Indep.,Indep.,,,,,,
255083,1972-02-18,,1972,regular,,final,Colorado State,Arizona,57,11,87,67,,UAC,UAC,,,,,,
255102,1972-02-18,,1972,regular,,final,Princeton,Brown,234,30,91,75,,Ivy,Ivy,,,,,,
255108,1972-02-18,,1972,regular,,final,TCU,Texas A&M,287,293,67,75,,,,,,,,,
255122,1972-02-18,,1972,regular,,final,Texas Tech,Texas,298,295,81,76,,,,,,,,,
255143,1972-02-18,,1972,regular,,final,Arkansas,SMU,12,248,88,74,,,,,,,,,
255155,1972-02-18,,1972,regular,,final,Saint Mary's,Nevada,253,189,91,89,,WCC,WCC,,,,,,
255186,1972-02-18,,1972,regular,,final,North Texas,Bradley,204,29,54,71,,MVC,MVC,,,,,,
255214,1972-02-18,,1972,regular,,final,Tennessee,Georgia,292,98,71,68,,SEC,SEC,,,,,,
255244,1972-02-18,,1972,regular,,final,Loyola New Orleans,Tulane,650,303,89,73,,,Indep.,,,,,,
255256,1972-02-18,,1972,regular,,final,Maine-Farmington,Vermont,1078,337,83,60,,,Indep.,,,,,,
255267,1972-02-18,,1972,regular,,final,Murray State,East Tennessee State,184,75,67,58,,OVC,OVC,,,,,,
255281,1972-02-18,,1972,regular,,final,Lamar,Arkansas State,139,13,87,71,,Southland,Southland,,,,,,
255294,1972-02-18,,1972,regular,,final,UT Arlington,Abilene Christian,324,1,79,80,,Southland,Southland,,,,,,
255337,1972-02-18,,1972,regular,,final,Boise State,Idaho,25,117,84,66,,Big Sky,Big Sky,,,,,,
255363,1972-02-18,,1972,regular,,final,Delaware,Lehigh,66,141,66,67,,,,,,,,,
255391,1972-02-18,,1972,regular,,final,Gettysburg,Lafayette,1189,138,78,87,,,,,,,,,
255404,1972-02-18,,1972,regular,,final,Bowling Green,Toledo,28,300,42,65,,MAC,MAC,,,,,,
255424,1972-02-18,,1972,regular,,final,William & Mary,East Carolina,353,74,67,64,,SoCon,SoCon,,,,,,
255464,1972-02-18,,1972,regular,,final,Western Kentucky,Eastern Kentucky,350,78,93,88,,OVC,OVC,,,,,,
255478,1972-02-18,,1972,regular,,final,Harvard,Columbia,107,58,102,100,,Ivy,Ivy,,,,,,
255497,1972-02-18,,1972,regular,,final,Massachusetts,Rhode Island,161,240,109,64,,,Indep.,,,,,,
255534,1972-02-18,,1972,regular,,final,Dartmouth,Cornell,62,60,97,72,,Ivy,Ivy,,,,,,
255556,1972-02-18,,1972,regular,,final,Fordham,Rutgers,91,245,102,90,,Indep.,Indep.,,,,,,
255576,1972-02-18,,1972,regular,,final,Long Beach State,Pacific,145,225,68,62,,Big West,Big West,,,,,,
255594,1972-02-18,,1972,regular,,final,Pepperdine,Santa Clara,228,261,84,111,,WCC,WCC,,,,,,
255615,1972-02-18,,1972,regular,,final,San Diego State,San José State,257,260,80,73,,Big West,Big West,,,,,,
255664,1972-02-18,,1972,regular,,final,Richmond,West Virginia,242,347,99,87,,SoCon,Indep.,,,,,,
255704,1972-02-18,,1972,regular,,final,Air Force,Portland,2,230,66,53,,Indep.,Indep.,,,,,,
255724,1972-02-18,,1972,regular,,final,Wyoming,Arizona State,358,10,68,65,,UAC,UAC,,,,,,
255757,1972-02-18,,1972,regular,,final,Boston College,Penn State,26,226,64,68,,Indep.,Indep.,,,,,,
255778,1972-02-18,,1972,regular,,final,Providence,Holy Cross,235,111,104,68,,Indep.,Indep.,,,,,,
255795,1972-02-18,,1972,regular,,final,UTEP,New Mexico,327,191,65,42,,UAC,UAC,,,,,,
255819,1972-02-18,,1972,regular,,final,Niagara,St. John's,194,279,90,93,,Indep.,Indep.,,,,,,
255837,1972-02-18,,1972,regular,,final,Baylor,Rice,20,241,79,72,,,,,,,,,
255857,1972-02-18,,1972,regular,,final,Penn State (Beaver),Yale,1353,360,71,62,,,Ivy,,,,,,
255963,1972-02-18,,1972,regular,,final,Northwestern,Michigan,212,170,75,81,,Big Ten,Big Ten,,,,,,
255996,1972-02-18,,1972,regular,,final,Washington State,USC,344,323,65,73,,Pac-12,Pac-12,,,,,,
256085,1972-02-18,,1972,regular,,final,Hawai'i,Oklahoma City,108,1476,109,95,,Indep.,,,,,,,
256104,1972-02-18,,1972,regular,,final,Houston,South Carolina,113,266,95,85,,Indep.,Indep.,,,,,,
256125,1972-02-18,,1972,regular,,final,Cincinnati,George Washington,51,96,97,79,,Indep.,,,,,,,
256145,1972-02-18,,1972,regular,,final,Wichita State,Louisville,352,150,60,69,,MVC,MVC,,,,,,
256181,1972-02-18,,1972,regular,,final,Memphis,Saint Louis,163,252,73,70,,MVC,MVC,,,,,,
256198,1972-02-18,,1972,regular,,final,UNLV,Seattle U,322,262,87,101,,WCC,WCC,,,,,,
256218,1972-02-18,,1972,regular,,final,BYU,Utah,18,331,79,66,,UAC,UAC,,,,,,
256271,1972-02-18,,1972,regular,,final,NC State,Wake Forest,185,342,84,76,,ACC,ACC,,,,,,
256293,1972-02-18,,1972,regular,,final,Virginia,Duke,339,72,76,86,,ACC,ACC,,,,,,
256315,1972-02-18,,1972,regular,,final,Maryland,Clemson,160,52,67,57,,ACC,ACC,,,,,,
256331,1972-02-18,,1972,regular,,final,Auburn,Alabama,16,5,78,79,,SEC,SEC,,,,,,
256355,1972-02-18,,1972,regular,,final,Florida State,Georgia Tech,90,101,108,50,,Indep.,Indep.,,,,,,
256371,1972-02-18,,1972,regular,,final,Ole Miss,Mississippi State,220,174,65,64,,SEC,SEC,,,,,,
256396,1972-02-18,,1972,regular,,final,Vanderbilt,LSU,336,136,104,83,,SEC,SEC,,,,,,
256416,1972-02-18,,1972,regular,,final,Kentucky,Florida,135,87,95,68,,SEC,SEC,,,,,,
256436,1972-02-18,,1972,regular,,final,Washington,UCLA,343,313,83,100,,Pac-12,Pac-12,,,,,,
256458,1972-02-18,,1972,regular,,final,Oregon,Stanford,223,281,79,91,,Pac-12,Pac-12,,,,,,
256486,1972-02-18,,1972,regular,,final,Oregon State,California,224,40,74,68,,Pac-12,Pac-12,,,,,,
256503,1972-02-18,,1972,regular,,final,Purdue,Michigan State,236,169,92,68,,Big Ten,Big Ten,,,,,,
256519,1972-02-18,,1972,regular,,final,Minnesota,Wisconsin,173,355,76,73,,Big Ten,Big Ten,,,,,,
256539,1972-02-18,,1972,regular,,final,Indiana,Iowa,121,124,86,79,,Big Ten,Big Ten,,,,,,
256561,1972-02-18,,1972,regular,,final,Illinois,Ohio State,118,216,64,62,,Big Ten,Big Ten,,,,,,
256585,1972-02-18,,1972,regular,,final,Drake,Tulsa,70,304,82,84,,MVC,MVC,,,,,,
256601,1972-02-18,,1972,regular,,final,Oklahoma State,Oklahoma,218,217,73,80,,,,,,,,,
256654,1972-02-18,,1972,regular,,final,Iowa State,Kansas State,125,132,54,68,,,,,,,,,
256677,1972-02-18,,1972,regular,,final,Missouri,Colorado,177,56,59,52,,,,,,,,,
256703,1972-02-18,,1972,regular,,final,Nebraska,Kansas,188,131,99,78,,MVC,,,,,,,
254796,1972-02-19,,1972,regular,,final,Georgetown,Hofstra,97,110,109,97,,Indep.,,,,,,,
256060,1972-02-19,,1972,regular,,final,Duquesne,La Salle,73,137,81,69,,Indep.,,,,,,,
254483,1972-02-20,,1972,regular,,final,Trinity (TX),Arkansas State,551,13,75,98,,Southland,Southland,,,,,,
254526,1972-02-20,,1972,regular,,final,Austin Peay,East Tennessee State,17,75,68,67,,OVC,OVC,,,,,,
254579,1972-02-20,,1972,regular,,final,Middle Tennessee,Eastern Kentucky,171,78,91,92,,OVC,OVC,,,,,,
254652,1972-02-20,,1972,regular,,final,St. Francis (PA),Marshall,278,158,80,95,,Indep.,Indep.,,,,,,
254705,1972-02-20,,1972,regular,,final,Centenary (LA),UT Arlington,367,324,87,76,,Indep.,Southland,,,,,,
255054,1972-02-20,,1972,regular,,final,Furman,West Virginia,93,347,99,96,,SoCon,Indep.,,,,,,
255181,1972-02-20,,1972,regular,,final,North Texas,Saint Louis,204,252,69,76,,MVC,MVC,,,,,,
255215,1972-02-20,,1972,regular,,final,Tennessee,Florida,292,87,55,52,,SEC,SEC,,,,,,
255222,1972-02-20,,1972,regular,,final,Vanderbilt,Alabama,336,5,111,91,,SEC,SEC,,,,,,
255268,1972-02-20,,1972,regular,,final,Murray State,Tennessee Tech,184,291,68,66,,OVC,OVC,,,,,,
255282,1972-02-20,,1972,regular,,final,Lamar,Texas Pan American,139,1535,93,102,,Southland,,,,,,,
255355,1972-02-20,,1972,regular,,final,South Alabama,Jacksonville,265,127,59,82,,Indep.,Indep.,,,,,,
255377,1972-02-20,,1972,regular,,final,Seton Hall,Fairfield,263,83,77,70,,Indep.,Indep.,,,,,,
255465,1972-02-20,,1972,regular,,final,Western Kentucky,Morehead State,350,181,103,97,,OVC,OVC,,,,,,
255678,1972-02-20,,1972,regular,,final,Utah State,Montana State,329,180,100,76,,Indep.,Big Sky,,,,,,
255758,1972-02-20,,1972,regular,,final,Villanova,Boston College,338,26,92,70,,Indep.,Indep.,,,,,,
255936,1972-02-20,,1972,regular,,final,New Mexico State,Denver,192,68,81,46,,MVC,Indep.,,,,,,
255997,1972-02-20,,1972,regular,,final,Washington State,UCLA,344,313,55,85,,Pac-12,Pac-12,,,,,,
256238,1972-02-20,,1972,regular,,final,Davidson,Dayton,63,64,85,69,,SoCon,Indep.,,,,,,
256316,1972-02-20,,1972,regular,,final,Virginia,Clemson,339,52,62,60,,ACC,ACC,,,,,,
256372,1972-02-20,,1972,regular,,final,Mississippi State,Auburn,174,16,62,60,,SEC,SEC,,,,,,
256417,1972-02-20,,1972,regular,,final,Kentucky,Georgia,135,98,87,63,,SEC,SEC,,,,,,
256437,1972-02-20,,1972,regular,,final,Washington,USC,343,323,78,62,,Pac-12,Pac-12,,,,,,
256602,1972-02-20,,1972,regular,,final,Kansas State,Oklahoma State,132,218,74,52,,,,,,,,,
256704,1972-02-20,,1972,regular,,final,Kansas,Colorado,131,56,71,59,,,,,,,,,
254749,1972-02-21,,1972,regular,,final,VMI,William & Mary,334,353,37,35,,SoCon,SoCon,,,,,,
254860,1972-02-21,,1972,regular,,final,Ohio,Loyola Chicago,215,151,84,76,,MAC,Indep.,,,,,,
255116,1972-02-21,,1972,regular,,final,SMU,Texas Tech,248,298,87,73,,,,,,,,,
255132,1972-02-21,,1972,regular,,final,Baylor,Texas A&M,20,293,95,101,,,,,,,,,
255144,1972-02-21,,1972,regular,,final,Arkansas,Texas,12,295,86,92,,,,,,,,,
255169,1972-02-21,,1972,regular,,final,UNLV,Loyola Marymount,322,153,74,78,,WCC,WCC,,,,,,
255295,1972-02-21,,1972,regular,,final,Abilene Christian,Hardin-Simmons,1,772,52,55,,Southland,,,,,,,
255425,1972-02-21,,1972,regular,,final,George Washington,East Carolina,96,74,84,74,,,SoCon,,,,,,
255557,1972-02-21,,1972,regular,,final,Rutgers,UConn,245,314,89,86,,Indep.,Indep.,,,,,,
255665,1972-02-21,,1972,regular,,final,Maryland,Richmond,160,242,76,61,,ACC,SoCon,,,,,,
255820,1972-02-21,,1972,regular,,final,St. John's,Holy Cross,279,111,73,76,,Indep.,Indep.,,,,,,
255838,1972-02-21,,1972,regular,,final,Rice,TCU,241,287,68,75,,,,,,,,,
255873,1972-02-21,,1972,regular,,final,Notre Dame,Fordham,213,91,72,89,,Indep.,Indep.,,,,,,
255911,1972-02-21,,1972,regular,,final,Indiana State,Southern Illinois,122,273,91,82,,Indep.,Indep.,,,,,,
256520,1972-02-21,,1972,regular,,final,Wisconsin,Purdue,355,236,66,60,,Big Ten,Big Ten,,,,,,
256562,1972-02-21,,1972,regular,,final,Illinois,Indiana,118,121,71,90,,Big Ten,Big Ten,,,,,,
256586,1972-02-21,,1972,regular,,final,Wichita State,Drake,352,70,95,71,,MVC,MVC,,,,,,
254592,1972-02-22,,1972,regular,,final,St. Francis (PA),Fairfield,278,83,74,80,,Indep.,Indep.,,,,,,
254625,1972-02-22,,1972,regular,,final,Rider,Hofstra,243,110,81,76,,,,,,,,,
254639,1972-02-22,,1972,regular,,final,Northern Illinois,Illinois State,208,119,85,86,,,Indep.,,,,,,
254743,1972-02-22,,1972,regular,,final,St. Francis Brooklyn,Saint Peter's,364,254,98,114,,Indep.,Indep.,,,,,,
254766,1972-02-22,,1972,regular,,final,Miami (OH),Xavier,167,359,84,73,,MAC,Indep.,,,,,,
254791,1972-02-22,,1972,regular,,final,Lafayette,Lehigh,138,141,95,90,,,,,,,,,
254876,1972-02-22,,1972,regular,,final,St. Bonaventure,Canisius,277,42,95,77,,Indep.,Indep.,,,,,,
254956,1972-02-22,,1972,regular,,final,Virginia,Pittsburgh,339,229,84,74,,ACC,Indep.,,,,,,
255322,1972-02-22,,1972,regular,,final,Kent State,Bowling Green,134,28,82,78,,MAC,MAC,,,,,,
255356,1972-02-22,,1972,regular,,final,Jacksonville,Florida State,127,90,61,70,,Indep.,Indep.,,,,,,
255364,1972-02-22,,1972,regular,,final,Delaware,Bucknell,66,32,82,75,,,,,,,,,
255447,1972-02-22,,1972,regular,,final,West Virginia,Penn State,347,226,79,80,,Indep.,Indep.,,,,,,
255742,1972-02-22,,1972,regular,,final,DePaul,Duquesne,65,73,65,70,,Indep.,Indep.,,,,,,
255892,1972-02-22,,1972,regular,,final,South Carolina,Toledo,266,300,94,72,,Indep.,MAC,,,,,,
256021,1972-02-22,,1972,regular,,final,Temple,Rhode Island,289,240,108,64,,,Indep.,,,,,,
256038,1972-02-22,,1972,regular,,final,American University,Saint Joseph's,8,251,53,59,,,,,,,,,
256126,1972-02-22,,1972,regular,,final,Louisville,Cincinnati,150,51,93,73,,MVC,Indep.,,,,,,
256294,1972-02-22,,1972,regular,,final,Duke,NC State,72,185,74,73,,ACC,ACC,,,,,,
256356,1972-02-22,,1972,regular,,final,North Carolina,Georgia Tech,200,101,87,66,,ACC,Indep.,,,,,,
254516,1972-02-23,,1972,regular,,final,Arkansas State,Centenary (LA),13,367,85,88,,Southland,Indep.,,,,,,
254720,1972-02-23,,1972,regular,,final,Nevada,Loyola Marymount,189,153,81,105,,WCC,WCC,,,,,,
254797,1972-02-23,,1972,regular,,final,Manhattan,Georgetown,155,97,86,72,,Indep.,Indep.,,,,,,
254855,1972-02-23,,1972,regular,,final,Fordham,Saint Louis,91,252,71,75,,Indep.,MVC,,,,,,
255156,1972-02-23,,1972,regular,,final,Saint Mary's,San Francisco,253,259,72,106,,WCC,WCC,,,,,,
255170,1972-02-23,,1972,regular,,final,Pepperdine,UNLV,228,322,68,70,,WCC,WCC,,,,,,
255378,1972-02-23,,1972,regular,,final,Villanova,Seton Hall,338,263,104,62,,Indep.,Indep.,,,,,,
255498,1972-02-23,,1972,regular,,final,New Hampshire,Massachusetts,190,161,61,56,,Indep.,,,,,,,
255577,1972-02-23,,1972,regular,,final,Pacific,Fresno State,225,92,91,86,,Big West,Big West,,,,,,
255666,1972-02-23,,1972,regular,,final,VMI,Richmond,334,242,79,74,,SoCon,SoCon,,,,,,
255679,1972-02-23,,1972,regular,,final,West Texas A&M,Utah State,1440,329,82,80,,MVC,Indep.,,,,,,
255796,1972-02-23,,1972,regular,,final,Arizona,New Mexico,11,191,53,51,,UAC,UAC,,,,,,
256146,1972-02-23,,1972,regular,,final,Wichita State,Memphis,352,163,98,108,,MVC,MVC,,,,,,
256164,1972-02-23,,1972,regular,,final,Tulsa,Oklahoma City,304,1476,100,101,,MVC,,,,,,,
256199,1972-02-23,,1972,regular,,final,Seattle U,Santa Clara,262,261,77,74,,WCC,WCC,,,,,,
254543,1972-02-24,,1972,regular,,final,Boise State,Montana State,25,180,87,76,,Big Sky,Big Sky,,,,,,
254572,1972-02-24,,1972,regular,,final,UC Santa Barbara,Long Beach State,311,145,66,80,,Big West,Big West,,,,,,
254612,1972-02-24,,1972,regular,,final,Gonzaga,Weber State,102,345,76,68,,Big Sky,Big Sky,,,,,,
254620,1972-02-24,,1972,regular,,final,Texas Pan American,Hardin-Simmons,1535,772,74,75,,,,,,,,,
254633,1972-02-24,,1972,regular,,final,Idaho State,Montana,116,179,66,55,,Big Sky,Big Sky,,,,,,
255077,1972-02-24,,1972,regular,,final,Arizona State,UTEP,10,327,77,74,,UAC,UAC,,,,,,
255091,1972-02-24,,1972,regular,,final,Utah,Colorado State,331,57,66,68,,UAC,UAC,,,,,,
255097,1972-02-24,,1972,regular,,final,Princeton,Columbia,234,58,75,72,,Ivy,Ivy,,,,,,
255231,1972-02-24,,1972,regular,,final,USC,Oregon State,323,224,61,65,,Pac-12,Pac-12,,,,,,
255338,1972-02-24,,1972,regular,,final,Idaho,Northern Arizona,117,206,69,71,,Big Sky,Big Sky,,,,,,
255479,1972-02-24,,1972,regular,,final,Harvard,Brown,107,30,80,78,,Ivy,Ivy,,,,,,
255535,1972-02-24,,1972,regular,,final,Dartmouth,Yale,62,360,84,73,,Ivy,Ivy,,,,,,
255630,1972-02-24,,1972,regular,,final,Hawai'i,San Diego State,108,257,94,75,,Indep.,Big West,,,,,,
255858,1972-02-24,,1972,regular,,final,Penn State (Beaver),Cornell,1353,60,111,82,,,Ivy,,,,,,
256061,1972-02-24,,1972,regular,,final,La Salle,Syracuse,137,286,80,87,,,Indep.,,,,,,
256127,1972-02-24,,1972,regular,,final,Cincinnati,Louisiana,51,148,86,82,,Indep.,Southland,,,,,,
256219,1972-02-24,,1972,regular,,final,BYU,Wyoming,18,358,70,56,,UAC,UAC,,,,,,
256459,1972-02-24,,1972,regular,,final,UCLA,Oregon,313,223,92,70,,Pac-12,Pac-12,,,,,,
254455,1972-02-25,,1972,regular,,final,Fordham,Georgetown,91,97,106,78,,Indep.,Indep.,,,,,,
254512,1972-02-25,,1972,regular,,final,Army,Navy,15,187,60,61,,Indep.,Indep.,,,,,,
254527,1972-02-25,,1972,regular,,final,Austin Peay,Middle Tennessee,17,171,84,74,,OVC,OVC,,,,,,
254544,1972-02-25,,1972,regular,,final,Boise State,Montana,25,179,94,63,,Big Sky,Big Sky,,,,,,
254563,1972-02-25,,1972,regular,,final,The Citadel,Fairleigh Dickinson,299,84,46,67,,SoCon,Indep.,,,,,,
254580,1972-02-25,,1972,regular,,final,East Tennessee State,Eastern Kentucky,75,78,89,86,,OVC,OVC,,,,,,
254613,1972-02-25,,1972,regular,,final,Gonzaga,Northern Arizona,102,206,88,72,,Big Sky,Big Sky,,,,,,
254634,1972-02-25,,1972,regular,,final,Idaho State,Montana State,116,180,91,68,,Big Sky,Big Sky,,,,,,
254671,1972-02-25,,1972,regular,,final,Tennessee Tech,Morehead State,291,181,96,98,,OVC,OVC,,,,,,
254681,1972-02-25,,1972,regular,,final,Southern Illinois,Northern Illinois,273,208,93,97,,Indep.,,,,,,,
254690,1972-02-25,,1972,regular,,final,Nevada,Pepperdine,189,228,88,89,,WCC,WCC,,,,,,
254735,1972-02-25,,1972,regular,,final,UConn,Rhode Island,314,240,78,89,,Indep.,Indep.,,,,,,
254767,1972-02-25,,1972,regular,,final,Western Michigan,Miami (OH),351,167,86,82,,MAC,MAC,,,,,,
254827,1972-02-25,,1972,regular,,final,Canisius,Fairfield,42,83,107,91,,Indep.,Indep.,,,,,,
254839,1972-02-25,,1972,regular,,final,Long Island University,St. Francis Brooklyn,146,364,78,64,,Indep.,Indep.,,,,,,
254972,1972-02-25,,1972,regular,,final,Cal State LA,Long Beach State,1053,145,60,62,,,Big West,,,,,,
255018,1972-02-25,,1972,regular,,final,Xavier,DePaul,359,65,71,62,,Indep.,Indep.,,,,,,
255039,1972-02-25,,1972,regular,,final,Syracuse,George Washington,286,96,98,84,,Indep.,,,,,,,
255055,1972-02-25,,1972,regular,,final,West Virginia,Manhattan,347,155,78,77,,Indep.,Indep.,,,,,,
255070,1972-02-25,,1972,regular,,final,Detroit Mercy,Marquette,69,157,70,49,,Indep.,Indep.,,,,,,
255084,1972-02-25,,1972,regular,,final,Arizona,UTEP,11,327,48,63,,UAC,UAC,,,,,,
255093,1972-02-25,,1972,regular,,final,Princeton,Cornell,234,60,90,65,,Ivy,Ivy,,,,,,
255117,1972-02-25,,1972,regular,,final,Texas,SMU,295,248,93,81,,,,,,,,,
255133,1972-02-25,,1972,regular,,final,TCU,Baylor,287,20,95,84,,,,,,,,,
255145,1972-02-25,,1972,regular,,final,Texas Tech,Arkansas,298,12,86,85,,,,,,,,,
255192,1972-02-25,,1972,regular,,final,Oklahoma,Kansas State,217,132,71,80,,,,,,,,,
255207,1972-02-25,,1972,regular,,final,Georgia,Ole Miss,98,220,79,69,,SEC,SEC,,,,,,
255223,1972-02-25,,1972,regular,,final,Alabama,Tennessee,5,292,82,67,,SEC,SEC,,,,,,
255228,1972-02-25,,1972,regular,,final,UCLA,Oregon State,313,224,91,72,,Pac-12,Pac-12,,,,,,
255283,1972-02-25,,1972,regular,,final,UT Arlington,Lamar,324,139,96,92,,Southland,Southland,,,,,,
255296,1972-02-25,,1972,regular,,final,Abilene Christian,Trinity (TX),1,551,58,56,,Southland,Southland,,,,,,
255323,1972-02-25,,1972,regular,,final,Loyola Chicago,Bowling Green,151,28,74,77,,Indep.,MAC,,,,,,
255339,1972-02-25,,1972,regular,,final,Idaho,Weber State,117,345,56,82,,Big Sky,Big Sky,,,,,,
255365,1972-02-25,,1972,regular,,final,Lafayette,Delaware,138,66,64,63,,,,,,,,,
255379,1972-02-25,,1972,regular,,final,Saint Peter's,Seton Hall,254,263,83,71,,Indep.,Indep.,,,,,,
255392,1972-02-25,,1972,regular,,final,American University,Gettysburg,8,1189,83,70,,,,,,,,,
255405,1972-02-25,,1972,regular,,final,Toledo,Ohio,300,215,56,65,,MAC,MAC,,,,,,
255448,1972-02-25,,1972,regular,,final,Penn State,Pittsburgh,226,229,70,78,,Indep.,Indep.,,,,,,
255466,1972-02-25,,1972,regular,,final,Western Kentucky,Murray State,350,184,73,68,,OVC,OVC,,,,,,
255499,1972-02-25,,1972,regular,,final,Massachusetts,Maine-Farmington,161,1078,100,66,,,,,,,,,
255519,1972-02-25,,1972,regular,,final,Harvard,Yale,107,360,88,72,,Ivy,Ivy,,,,,,
255536,1972-02-25,,1972,regular,,final,Dartmouth,Brown,62,30,82,79,,Ivy,Ivy,,,,,,
255558,1972-02-25,,1972,regular,,final,Rutgers,Bucknell,245,32,91,66,,Indep.,,,,,,,
255595,1972-02-25,,1972,regular,,final,Santa Clara,Saint Mary's,261,253,107,65,,WCC,WCC,,,,,,
255616,1972-02-25,,1972,regular,,final,San José State,Fresno State,260,92,80,72,,Big West,Big West,,,,,,
255631,1972-02-25,,1972,regular,,final,Hawai'i,San Diego State,108,257,91,83,,Indep.,Big West,,,,,,
255644,1972-02-25,,1972,regular,,final,Kent State,Virginia Tech,134,340,63,70,,MAC,Indep.,,,,,,
255667,1972-02-25,,1972,regular,,final,William & Mary,Richmond,353,242,85,62,,SoCon,SoCon,,,,,,
255705,1972-02-25,,1972,regular,,final,Air Force,Denver,2,68,59,54,,Indep.,Indep.,,,,,,
255725,1972-02-25,,1972,regular,,final,Utah,Wyoming,331,358,70,47,,UAC,UAC,,,,,,
255759,1972-02-25,,1972,regular,,final,Holy Cross,Boston College,111,26,77,90,,Indep.,Indep.,,,,,,
255797,1972-02-25,,1972,regular,,final,Arizona State,New Mexico,10,191,82,69,,UAC,UAC,,,,,,
255839,1972-02-25,,1972,regular,,final,Texas A&M,Rice,293,241,69,73,,,,,,,,,
255859,1972-02-25,,1972,regular,,final,Penn State (Beaver),Columbia,1353,58,79,62,,,Ivy,,,,,,
255874,1972-02-25,,1972,regular,,final,Creighton,Notre Dame,61,213,104,77,,Indep.,Indep.,,,,,,
255937,1972-02-25,,1972,regular,,final,New Mexico State,Utah State,192,329,108,88,,MVC,Indep.,,,,,,
255951,1972-02-25,,1972,regular,,final,Northwestern,Ohio State,212,216,74,76,,Big Ten,Big Ten,,,,,,
255964,1972-02-25,,1972,regular,,final,Michigan,Minnesota,170,173,64,51,,Big Ten,Big Ten,,,,,,
255980,1972-02-25,,1972,regular,,final,Virginia,North Carolina,339,200,78,91,,ACC,ACC,,,,,,
256039,1972-02-25,,1972,regular,,final,St. John's,Saint Joseph's,279,251,77,70,,Indep.,,,,,,,
256165,1972-02-25,,1972,regular,,final,Tulsa,Memphis,304,163,90,91,,MVC,MVC,,,,,,
256200,1972-02-25,,1972,regular,,final,Seattle U,San Francisco,262,259,65,74,,WCC,WCC,,,,,,
256220,1972-02-25,,1972,regular,,final,BYU,Colorado State,18,57,105,85,,UAC,UAC,,,,,,
256239,1972-02-25,,1972,regular,,final,Dayton,Louisiana,64,148,86,103,,Indep.,Southland,,,,,,
256272,1972-02-25,,1972,regular,,final,NC State,East Carolina,185,74,92,57,,ACC,SoCon,,,,,,
256295,1972-02-25,,1972,regular,,final,Duke,Maryland,72,160,68,59,,ACC,ACC,,,,,,
256317,1972-02-25,,1972,regular,,final,Clemson,Wake Forest,52,342,63,70,,ACC,ACC,,,,,,
256332,1972-02-25,,1972,regular,,final,Auburn,Vanderbilt,16,336,87,93,,SEC,SEC,,,,,,
256373,1972-02-25,,1972,regular,,final,Florida,Mississippi State,87,174,88,80,,SEC,SEC,,,,,,
256418,1972-02-25,,1972,regular,,final,LSU,Kentucky,136,135,88,71,,SEC,SEC,,,,,,
256438,1972-02-25,,1972,regular,,final,Washington,Stanford,343,281,90,78,,Pac-12,Pac-12,,,,,,
256460,1972-02-25,,1972,regular,,final,USC,Oregon,323,223,75,66,,Pac-12,Pac-12,,,,,,
256487,1972-02-25,,1972,regular,,final,Washington State,California,344,40,78,81,,Pac-12,Pac-12,,,,,,
256504,1972-02-25,,1972,regular,,final,Michigan State,Iowa,169,124,98,102,,Big Ten,Big Ten,,,,,,
256540,1972-02-25,,1972,regular,,final,Purdue,Indiana,236,121,70,69,,Big Ten,Big Ten,,,,,,
256563,1972-02-25,,1972,regular,,final,Illinois,Wisconsin,118,355,91,86,,Big Ten,Big Ten,,,,,,
256678,1972-02-25,,1972,regular,,final,Colorado,Nebraska,56,188,67,57,,,MVC,,,,,,
256705,1972-02-25,,1972,regular,,final,Kansas,Missouri,131,177,93,80,,,,,,,,,
254877,1972-02-26,,1972,regular,,final,Niagara,St. Bonaventure,194,277,80,74,,Indep.,Indep.,,,,,,
255779,1972-02-26,,1972,regular,,final,Duquesne,Providence,73,235,72,67,,Indep.,Indep.,,,,,,
256254,1972-02-26,,1972,regular,,final,Saint Louis,Louisville,252,150,78,84,,MVC,MVC,,,,,,
254557,1972-02-27,,1972,regular,,final,Hardin-Simmons,Centenary (LA),772,367,93,97,,,Indep.,,,,,,
254581,1972-02-27,,1972,regular,,final,Tennessee Tech,Eastern Kentucky,291,78,78,95,,OVC,OVC,,,,,,
254587,1972-02-27,,1972,regular,,final,Morehead State,East Tennessee State,181,75,124,99,,OVC,OVC,,,,,,
254593,1972-02-27,,1972,regular,,final,Fairfield,Vermont,83,337,86,60,,Indep.,Indep.,,,,,,
254706,1972-02-27,,1972,regular,,final,UT Arlington,Trinity (TX),324,551,95,81,,Southland,Southland,,,,,,
254807,1972-02-27,,1972,regular,,final,American University,Rider,8,243,88,83,,,,,,,,,
255071,1972-02-27,,1972,regular,,final,Xavier,Marquette,359,157,55,63,,Indep.,Indep.,,,,,,
255202,1972-02-27,,1972,regular,,final,Florida,Ole Miss,87,220,74,87,,SEC,SEC,,,,,,
255269,1972-02-27,,1972,regular,,final,Murray State,Middle Tennessee,184,171,52,46,,OVC,OVC,,,,,,
255297,1972-02-27,,1972,regular,,final,Abilene Christian,Lamar,1,139,98,103,,Southland,Southland,,,,,,
255324,1972-02-27,,1972,regular,,final,Bowling Green,Northern Illinois,28,208,81,102,,MAC,,,,,,,
255467,1972-02-27,,1972,regular,,final,Austin Peay,Western Kentucky,17,350,74,83,,OVC,OVC,,,,,,
255480,1972-02-27,,1972,regular,,final,Harvard,Oral Roberts,107,222,99,100,,Ivy,Indep.,,,,,,
255680,1972-02-27,,1972,regular,,final,Utah State,Colorado State,329,57,93,84,,Indep.,UAC,,,,,,
255894,1972-02-27,,1972,regular,,final,South Carolina,Notre Dame,266,213,109,83,,Indep.,Indep.,,,,,,
255998,1972-02-27,,1972,regular,,final,Washington State,Stanford,344,281,68,66,,Pac-12,Pac-12,,,,,,
256105,1972-02-27,,1972,regular,,final,Jacksonville,Houston,127,113,110,108,,Indep.,Indep.,,,,,,
256128,1972-02-27,,1972,regular,,final,Cincinnati,Saint Louis,51,252,68,65,,Indep.,MVC,,,,,,
256357,1972-02-27,,1972,regular,,final,Tulane,Georgia Tech,303,101,78,74,,Indep.,Indep.,,,,,,
256374,1972-02-27,,1972,regular,,final,Georgia,Mississippi State,98,174,87,82,,SEC,SEC,,,,,,
256397,1972-02-27,,1972,regular,,final,LSU,Tennessee,136,292,66,78,,SEC,SEC,,,,,,
256419,1972-02-27,,1972,regular,,final,Alabama,Kentucky,5,135,73,70,,SEC,SEC,,,,,,
256488,1972-02-27,,1972,regular,,final,Washington,California,343,40,90,78,,Pac-12,Pac-12,,,,,,
256587,1972-02-27,,1972,regular,,final,Drake,Bradley,70,29,67,68,,MVC,MVC,,,,,,
256679,1972-02-27,,1972,regular,,final,Colorado,Oklahoma,56,217,66,74,,,,,,,,,
254545,1972-02-28,,1972,regular,,final,Idaho State,Boise State,116,25,94,78,,Big Sky,Big Sky,,,,,,
254713,1972-02-28,,1972,regular,,final,Boston University,Oral Roberts,27,222,78,87,,Indep.,Indep.,,,,,,
254798,1972-02-28,,1972,regular,,final,Georgetown,George Washington,97,96,83,88,,Indep.,,,,,,,
254840,1972-02-28,,1972,regular,,final,Long Island University,Iona,146,123,77,67,,Indep.,Indep.,,,,,,
255109,1972-02-28,,1972,regular,,final,TCU,Texas Tech,287,298,89,88,,,,,,,,,
255123,1972-02-28,,1972,regular,,final,Texas A&M,Texas,293,295,73,80,,,,,,,,,
255146,1972-02-28,,1972,regular,,final,Arkansas,Baylor,12,20,131,109,,,,,,,,,
255195,1972-02-28,,1972,regular,,final,Minnesota,Purdue,173,236,48,43,,Big Ten,Big Ten,,,,,,
255449,1972-02-28,,1972,regular,,final,Penn State,Kent State,226,134,61,51,,Indep.,MAC,,,,,,
255500,1972-02-28,,1972,regular,,final,Rhode Island,Massachusetts,240,161,71,63,,Indep.,,,,,,,
255537,1972-02-28,,1972,regular,,final,Dartmouth,New Hampshire,62,190,69,68,,Ivy,Indep.,,,,,,
255693,1972-02-28,,1972,regular,,final,Denver,Loyola Chicago,68,151,81,70,,Indep.,Indep.,,,,,,
255760,1972-02-28,,1972,regular,,final,UConn,Boston College,314,26,39,41,,Indep.,Indep.,,,,,,
255840,1972-02-28,,1972,regular,,final,SMU,Rice,248,241,78,69,,,,,,,,,
256255,1972-02-28,,1972,regular,,final,North Texas,Louisville,204,150,85,90,,MVC,MVC,,,,,,
256273,1972-02-28,,1972,regular,,final,NC State,North Carolina,185,200,85,84,,ACC,ACC,,,,,,
256521,1972-02-28,,1972,regular,,final,Wisconsin,Michigan State,355,169,101,74,,Big Ten,Big Ten,,,,,,
256541,1972-02-28,,1972,regular,,final,Indiana,Michigan,121,170,79,75,,Big Ten,Big Ten,,,,,,
256564,1972-02-28,,1972,regular,,final,Ohio State,Illinois,216,118,103,70,,Big Ten,Big Ten,,,,,,
254759,1972-02-29,,1972,regular,,final,Western Michigan,Ohio,351,215,100,83,,MAC,MAC,,,,,,
254878,1972-02-29,,1972,regular,,final,Fairfield,St. Bonaventure,83,277,76,95,,Indep.,Indep.,,,,,,
255040,1972-02-29,,1972,regular,,final,Niagara,Syracuse,194,286,79,87,,Indep.,Indep.,,,,,,
255179,1972-02-29,,1972,regular,,final,Maryland,Wake Forest,160,342,64,56,,ACC,ACC,,,,,,
255241,1972-02-29,,1972,regular,,final,Tulane,Marquette,303,157,60,73,,Indep.,Indep.,,,,,,
255340,1972-02-29,,1972,regular,,final,Idaho,Gonzaga,117,102,69,85,,Big Sky,Big Sky,,,,,,
255406,1972-02-29,,1972,regular,,final,Toledo,DePaul,300,65,70,66,,MAC,Indep.,,,,,,
255559,1972-02-29,,1972,regular,,final,Rutgers,Navy,245,187,80,72,,Indep.,Indep.,,,,,,
255645,1972-02-29,,1972,regular,,final,Virginia Tech,West Virginia,340,347,82,83,,Indep.,Indep.,,,,,,
255681,1972-02-29,,1972,regular,,final,Weber State,Utah State,345,329,65,67,,Big Sky,Indep.,,,,,,
255726,1972-02-29,,1972,regular,,final,Wyoming,Air Force,358,2,68,61,,UAC,Indep.,,,,,,
255743,1972-02-29,,1972,regular,,final,Detroit Mercy,Duquesne,69,73,79,71,,Indep.,Indep.,,,,,,
255875,1972-02-29,,1972,regular,,final,Notre Dame,Villanova,213,338,75,78,,Indep.,Indep.,,,,,,
255895,1972-02-29,,1972,regular,,final,South Carolina,Creighton,266,61,81,64,,Indep.,Indep.,,,,,,
255912,1972-02-29,,1972,regular,,final,Northern Illinois,Indiana State,208,122,94,80,,,Indep.,,,,,,
256318,1972-02-29,,1972,regular,,final,Clemson,Duke,52,72,59,40,,ACC,ACC,,,,,,
256655,1972-02-29,,1972,regular,,final,Oklahoma State,Iowa State,218,125,62,64,,,,,,,,,
254602,1972-03-01,,1972,regular,,final,Furman,VMI,93,334,126,80,,SoCon,SoCon,,,,,,
254645,1972-03-01,,1972,regular,,final,Loyola New Orleans,South Alabama,650,265,87,84,,,Indep.,,,,,,
254648,1972-03-01,,1972,regular,,final,Manhattan,Saint Peter's,155,254,98,95,,Indep.,Indep.,,,,,,
254675,1972-03-01,,1972,regular,,final,Rhode Island,New Hampshire,240,190,83,62,,Indep.,Indep.,,,,,,
254768,1972-03-01,,1972,regular,,final,Miami (OH),Marshall,167,158,77,71,,MAC,Indep.,,,,,,
254886,1972-03-01,,1972,regular,,final,San Francisco,Nevada,259,189,113,65,,WCC,WCC,,,,,,
255157,1972-03-01,,1972,regular,,final,Saint Mary's,Pepperdine,253,228,76,95,,WCC,WCC,,,,,,
255183,1972-03-01,,1972,regular,,final,North Texas,West Texas A&M,204,1440,70,72,,MVC,MVC,,,,,,
255596,1972-03-01,,1972,regular,,final,Santa Clara,UNLV,261,322,87,81,,WCC,WCC,,,,,,
255694,1972-03-01,,1972,regular,,final,Denver,Utah State,68,329,94,85,,Indep.,Indep.,,,,,,
255821,1972-03-01,,1972,regular,,final,Providence,St. John's,235,279,73,65,,Indep.,Indep.,,,,,,
256166,1972-03-01,,1972,regular,,final,Tulsa,Wichita State,304,352,88,83,,MVC,MVC,,,,,,
256201,1972-03-01,,1972,regular,,final,Seattle U,Loyola Marymount,262,153,102,89,,WCC,WCC,,,,,,
256256,1972-03-01,,1972,regular,,final,Memphis,Louisville,163,150,80,65,,MVC,MVC,,,,,,
256398,1972-03-01,,1972,regular,,final,Mississippi State,LSU,174,136,89,71,,SEC,SEC,,,,,,
256588,1972-03-01,,1972,regular,,final,Saint Louis,Drake,252,70,99,79,,MVC,MVC,,,,,,
254750,1972-03-02,,1972,regular,,final,Furman,William & Mary,93,353,93,74,,SoCon,SoCon,,,,,,
254922,1972-03-02,,1972,regular,,final,St. Francis (PA),Creighton,278,61,79,68,,Indep.,Indep.,,,,,,
254973,1972-03-02,,1972,regular,,final,Cal State LA,San Diego State,1053,257,92,85,,,Big West,,,,,,
255103,1972-03-02,,1972,regular,,final,Brown,Princeton,30,234,56,80,,Ivy,Ivy,,,,,,
255237,1972-03-02,,1972,regular,,final,Stanford,USC,281,323,65,71,,Pac-12,Pac-12,,,,,,
255481,1972-03-02,,1972,regular,,final,Columbia,Harvard,58,107,84,86,,Ivy,Ivy,,,,,,
255538,1972-03-02,,1972,regular,,final,Cornell,Dartmouth,60,62,90,92,,Ivy,Ivy,,,,,,
255597,1972-03-02,,1972,regular,,final,Santa Clara,Nevada,261,189,86,54,,WCC,WCC,,,,,,
255798,1972-03-02,,1972,regular,,final,New Mexico,Utah,191,331,77,58,,UAC,UAC,,,,,,
255860,1972-03-02,,1972,regular,,final,Yale,Penn State (Beaver),360,1353,65,86,,Ivy,,,,,,,
255999,1972-03-02,,1972,regular,,final,Oregon State,Washington State,224,344,99,64,,Pac-12,Pac-12,,,,,,
256022,1972-03-02,,1972,regular,,final,Temple,Lafayette,289,138,87,85,,,,,,,,,
256041,1972-03-02,,1972,regular,,final,Saint Joseph's,Rider,251,243,82,77,,,,,,,,,
256221,1972-03-02,,1972,regular,,final,UTEP,BYU,327,18,73,69,,UAC,UAC,,,,,,
256461,1972-03-02,,1972,regular,,final,Oregon,Washington,223,343,75,81,,Pac-12,Pac-12,,,,,,
256489,1972-03-02,,1972,regular,,final,California,UCLA,40,313,71,85,,Pac-12,Pac-12,,,,,,
256656,1972-03-02,,1972,regular,,final,Oklahoma,Iowa State,217,125,82,77,,,,,,,,,
254462,1972-03-03,,1972,regular,,final,Fresno State,San Diego State,92,257,80,90,,Big West,Big West,,,,,,
254465,1972-03-03,,1972,regular,,final,South Carolina,Clemson,266,52,77,64,,Indep.,ACC,,,,,,
254498,1972-03-03,,1972,regular,,final,Illinois State,Southern Illinois,119,273,88,84,,Indep.,Indep.,,,,,,
254582,1972-03-03,,1972,regular,,final,Morehead State,Eastern Kentucky,181,78,91,121,,OVC,OVC,,,,,,
254588,1972-03-03,,1972,regular,,final,East Tennessee State,Tennessee Tech,75,291,83,75,,OVC,OVC,,,,,,
254736,1972-03-03,,1972,regular,,final,UConn,Manhattan,314,155,71,83,,Indep.,Indep.,,,,,,
254769,1972-03-03,,1972,regular,,final,Xavier,Miami (OH),359,167,78,74,,Indep.,MAC,,,,,,
254828,1972-03-03,,1972,regular,,final,Niagara,Canisius,194,42,77,87,,Indep.,Indep.,,,,,,
254848,1972-03-03,,1972,regular,,final,Fairfield,Holy Cross,83,111,86,82,,Indep.,Indep.,,,,,,
254930,1972-03-03,,1972,regular,,final,Western Michigan,Detroit Mercy,351,69,98,85,,MAC,Indep.,,,,,,
254974,1972-03-03,,1972,regular,,final,Cal State LA,UC Santa Barbara,1053,311,72,70,,,Big West,,,,,,
255041,1972-03-03,,1972,regular,,final,Colgate,Syracuse,55,286,76,90,,Indep.,Indep.,,,,,,
255056,1972-03-03,,1972,regular,,final,West Virginia,Pittsburgh,347,229,104,90,,Indep.,Indep.,,,,,,
255075,1972-03-03,,1972,regular,,final,UTEP,Utah,327,331,80,60,,UAC,UAC,,,,,,
255085,1972-03-03,,1972,regular,,final,Arizona State,Arizona,10,11,83,75,,UAC,UAC,,,,,,
255105,1972-03-03,,1972,regular,,final,Texas Tech,Texas A&M,298,293,61,71,,,,,,,,,
255124,1972-03-03,,1972,regular,,final,Texas,TCU,295,287,72,65,,,,,,,,,
255134,1972-03-03,,1972,regular,,final,Baylor,SMU,20,248,87,96,,,,,,,,,
255171,1972-03-03,,1972,regular,,final,San Francisco,UNLV,259,322,90,83,,WCC,WCC,,,,,,
255175,1972-03-03,,1972,regular,,final,Maryland,Virginia,160,339,45,42,,ACC,ACC,,,,,,
255187,1972-03-03,,1972,regular,,final,Bradley,Saint Louis,29,252,86,73,,MVC,MVC,,,,,,
255208,1972-03-03,,1972,regular,,final,Georgia,Florida,98,87,75,72,,SEC,SEC,,,,,,
255238,1972-03-03,,1972,regular,,final,Stanford,UCLA,281,313,73,102,,Pac-12,Pac-12,,,,,,
255257,1972-03-03,,1972,regular,,final,Rhode Island,Maine-Farmington,240,1078,89,68,,Indep.,,,,,,,
255270,1972-03-03,,1972,regular,,final,Austin Peay,Murray State,17,184,70,68,,OVC,OVC,,,,,,
255325,1972-03-03,,1972,regular,,final,Ohio,Bowling Green,215,28,105,84,,MAC,MAC,,,,,,
255407,1972-03-03,,1972,regular,,final,Kent State,Toledo,134,300,57,59,,MAC,MAC,,,,,,
255428,1972-03-03,,1972,regular,,final,Furman,East Carolina,93,74,75,77,,SoCon,SoCon,,,,,,
255468,1972-03-03,,1972,regular,,final,Western Kentucky,Middle Tennessee,350,171,85,71,,OVC,OVC,,,,,,
255482,1972-03-03,,1972,regular,,final,Cornell,Harvard,60,107,94,95,,Ivy,Ivy,,,,,,
255501,1972-03-03,,1972,regular,,final,Fordham,Massachusetts,91,161,77,76,,Indep.,,,,,,,
255520,1972-03-03,,1972,regular,,final,Yale,Princeton,360,234,62,76,,Ivy,Ivy,,,,,,
255539,1972-03-03,,1972,regular,,final,Columbia,Dartmouth,58,62,73,107,,Ivy,Ivy,,,,,,
255560,1972-03-03,,1972,regular,,final,Penn State,Rutgers,226,245,77,66,,Indep.,Indep.,,,,,,
255617,1972-03-03,,1972,regular,,final,Pacific,San José State,225,260,81,73,,Big West,Big West,,,,,,
255706,1972-03-03,,1972,regular,,final,Tulane,Air Force,303,2,56,64,,Indep.,Indep.,,,,,,
255761,1972-03-03,,1972,regular,,final,Boston College,Georgetown,26,97,78,69,,Indep.,Indep.,,,,,,
255780,1972-03-03,,1972,regular,,final,Seton Hall,Providence,263,235,68,78,,Indep.,Indep.,,,,,,
255841,1972-03-03,,1972,regular,,final,Rice,Arkansas,241,12,108,113,,,,,,,,,
255861,1972-03-03,,1972,regular,,final,Brown,Penn State (Beaver),30,1353,33,37,,Ivy,,,,,,,
255920,1972-03-03,,1972,regular,,final,Iowa,Purdue,124,236,85,87,,Big Ten,Big Ten,,,,,,
256106,1972-03-03,,1972,regular,,final,Denver,Houston,68,113,91,94,,Indep.,Indep.,,,,,,
256129,1972-03-03,,1972,regular,,final,Cincinnati,Florida State,51,90,88,64,,Indep.,Indep.,,,,,,
256147,1972-03-03,,1972,regular,,final,Wichita State,West Texas A&M,352,1440,103,73,,MVC,MVC,,,,,,
256167,1972-03-03,,1972,regular,,final,Tulsa,North Texas,304,204,89,86,,MVC,MVC,,,,,,
256202,1972-03-03,,1972,regular,,final,Seattle U,Pepperdine,262,228,106,88,,WCC,WCC,,,,,,
256222,1972-03-03,,1972,regular,,final,New Mexico,BYU,191,18,60,61,,UAC,UAC,,,,,,
256240,1972-03-03,,1972,regular,,final,Dayton,Notre Dame,64,213,86,74,,Indep.,Indep.,,,,,,
256274,1972-03-03,,1972,regular,,final,Wake Forest,NC State,342,185,78,86,,ACC,ACC,,,,,,
256296,1972-03-03,,1972,regular,,final,North Carolina,Duke,200,72,93,69,,ACC,ACC,,,,,,
256333,1972-03-03,,1972,regular,,final,Tennessee,Auburn,292,16,80,70,,SEC,SEC,,,,,,
256375,1972-03-03,,1972,regular,,final,Mississippi State,Alabama,174,5,97,91,,SEC,SEC,,,,,,
256399,1972-03-03,,1972,regular,,final,Ole Miss,LSU,220,136,101,78,,SEC,SEC,,,,,,
256439,1972-03-03,,1972,regular,,final,Oregon State,Washington,224,343,69,70,,Pac-12,Pac-12,,,,,,
256462,1972-03-03,,1972,regular,,final,Oregon,Washington State,223,344,69,77,,Pac-12,Pac-12,,,,,,
256490,1972-03-03,,1972,regular,,final,California,USC,40,323,84,74,,Pac-12,Pac-12,,,,,,
256505,1972-03-03,,1972,regular,,final,Michigan State,Michigan,169,170,96,92,,Big Ten,Big Ten,,,,,,
256522,1972-03-03,,1972,regular,,final,Wisconsin,Northwestern,355,212,82,90,,Big Ten,Big Ten,,,,,,
256542,1972-03-03,,1972,regular,,final,Indiana,Ohio State,121,216,65,57,,Big Ten,Big Ten,,,,,,
256565,1972-03-03,,1972,regular,,final,Minnesota,Illinois,173,118,91,62,,Big Ten,Big Ten,,,,,,
256589,1972-03-03,,1972,regular,,final,Memphis,Drake,163,70,70,69,,MVC,MVC,,,,,,
256635,1972-03-03,,1972,regular,,final,Nebraska,Missouri,188,177,54,61,,MVC,,,,,,,
256680,1972-03-03,,1972,regular,,final,Kansas State,Colorado,132,56,73,55,,,,,,,,,
256706,1972-03-03,,1972,regular,,final,Oklahoma State,Kansas,218,131,76,72,,,,,,,,,
255744,1972-03-04,,1972,regular,,final,Duquesne,St. Francis (PA),73,278,82,72,,Indep.,Indep.,,,,,,
255938,1972-03-04,,1972,regular,,final,New Mexico State,Marquette,192,157,73,69,,MVC,Indep.,,,,,,
254685,1972-03-05,,1972,regular,,final,Texas Pan American,Oral Roberts,1535,222,91,108,,,Indep.,,,,,,
254829,1972-03-05,,1972,regular,,final,Xavier,Canisius,359,42,88,67,,Indep.,Indep.,,,,,,
254923,1972-03-05,,1972,regular,,final,Creighton,Southern Illinois,61,273,100,88,,Indep.,Indep.,,,,,,
255216,1972-03-05,,1972,regular,,final,Tennessee,Vanderbilt,292,336,87,74,,SEC,SEC,,,,,,
255224,1972-03-05,,1972,regular,,final,Ole Miss,Alabama,220,5,68,75,,SEC,SEC,,,,,,
255646,1972-03-05,,1972,regular,,final,Virginia Tech,Eastern Kentucky,340,78,103,75,,Indep.,OVC,,,,,,
255781,1972-03-05,,1972,regular,,final,Jacksonville,Providence,127,235,76,90,,Indep.,Indep.,,,,,,
256148,1972-03-05,,1972,regular,,final,Wichita State,North Texas,352,204,81,66,,MVC,MVC,,,,,,
256168,1972-03-05,,1972,regular,,final,Louisville,Tulsa,150,304,102,83,,MVC,MVC,,,,,,
256420,1972-03-05,,1972,regular,,final,Kentucky,Auburn,135,16,102,67,,SEC,SEC,,,,,,
256590,1972-03-05,,1972,regular,,final,DePaul,Drake,65,70,94,76,,Indep.,MVC,,,,,,
256657,1972-03-05,,1972,regular,,final,Iowa State,Nebraska,125,188,76,67,,,MVC,,,,,,
256707,1972-03-05,,1972,regular,,final,Oklahoma,Kansas,217,131,84,82,,,,,,,,,
254935,1972-03-06,,1972,regular,,final,Brown,Rhode Island,30,240,72,77,,Ivy,Indep.,,,,,,
255196,1972-03-06,,1972,regular,,final,Purdue,Minnesota,236,173,48,49,,Big Ten,Big Ten,,,,,,
256358,1972-03-06,,1972,regular,,final,Georgia,Georgia Tech,98,101,93,78,,SEC,Indep.,,,,,,
256506,1972-03-06,,1972,regular,,final,Ohio State,Michigan State,216,169,92,73,,Big Ten,Big Ten,,,,,,
256523,1972-03-06,,1972,regular,,final,Michigan,Wisconsin,170,355,93,70,,Big Ten,Big Ten,,,,,,
256543,1972-03-06,,1972,regular,,final,Northwestern,Indiana,212,121,67,72,,Big Ten,Big Ten,,,,,,
256566,1972-03-06,,1972,regular,,final,Illinois,Iowa,118,124,91,84,,Big Ten,Big Ten,,,,,,
256636,1972-03-06,,1972,regular,,final,Missouri,Kansas State,177,132,76,79,,,,,,,,,
254493,1972-03-07,,1972,regular,,final,Fairfield,Iona,83,123,78,66,,Indep.,Indep.,,,,,,
255502,1972-03-07,,1972,regular,,final,Maine-Farmington,Massachusetts,1078,161,83,79,,,,,,,,,
255598,1972-03-07,,1972,regular,,final,San Francisco,Santa Clara,259,261,63,56,,WCC,WCC,,,,,,
255225,1972-03-08,,1972,regular,,final,Alabama,Georgia,5,98,101,73,,SEC,SEC,,,,,,
255782,1972-03-08,,1972,regular,,final,Brown,Providence,30,235,61,72,,Ivy,Indep.,,,,,,
256334,1972-03-08,,1972,regular,,final,Ole Miss,Auburn,220,16,89,83,,SEC,SEC,,,,,,
256376,1972-03-08,,1972,regular,,final,Vanderbilt,Mississippi State,336,174,104,82,,SEC,SEC,,,,,,
256421,1972-03-08,,1972,regular,,final,Tennessee,Kentucky,292,135,66,67,,SEC,SEC,,,,,,
255232,1972-03-09,,1972,regular,,final,USC,UCLA,323,313,66,79,,Pac-12,Pac-12,,,,,,
256440,1972-03-09,,1972,regular,,final,Washington State,Washington,344,343,63,96,,Pac-12,Pac-12,,,,,,
256463,1972-03-09,,1972,regular,,final,Oregon,Oregon State,223,224,68,78,,Pac-12,Pac-12,,,,,,
255226,1972-03-10,,1972,regular,,final,Alabama,Florida,5,87,86,82,,SEC,SEC,,,,,,
255965,1972-03-10,,1972,regular,,final,Iowa,Michigan,124,170,95,69,,Big Ten,Big Ten,,,,,,
256464,1972-03-10,,1972,regular,,final,Oregon State,Oregon,224,223,60,57,,Pac-12,Pac-12,,,,,,
256507,1972-03-10,,1972,regular,,final,Michigan State,Northwestern,169,212,57,54,,Big Ten,Big Ten,,,,,,
256544,1972-03-10,,1972,regular,,final,Indiana,Purdue,121,236,62,48,,Big Ten,Big Ten,,,,,,
256567,1972-03-10,,1972,regular,,final,Wisconsin,Illinois,355,118,97,84,,Big Ten,Big Ten,,,,,,
256619,1972-03-10,,1972,regular,,final,Kansas State,Nebraska,132,188,81,76,,,MVC,,,,,,
256637,1972-03-10,,1972,regular,,final,Missouri,Oklahoma,177,217,76,62,,,,,,,,,
256681,1972-03-10,,1972,regular,,final,Colorado,Oklahoma State,56,218,61,59,,,,,,,,,
371238,1972-03-10,,1972,postseason,NCAA,final,BYU,Long Beach State,18,145,90,95,1,UAC,Big West,,,,,,"NCAA Men's Tourn., West - First Round"
371239,1972-03-10,,1972,postseason,NCAA,final,East Carolina,Villanova,74,338,70,85,1,SoCon,Indep.,,,,,,"NCAA Men's Tourn., East - First Round"
371240,1972-03-10,,1972,postseason,NCAA,final,Eastern Kentucky,Florida State,78,90,81,83,1,OVC,Indep.,,,,,,"NCAA Men's Tourn., Mideast - First Round"
371241,1972-03-10,,1972,postseason,NCAA,final,Hawai'i,Weber State,108,345,64,91,1,Indep.,Big Sky,,,,,,"NCAA Men's Tourn., West - First Round"
371242,1972-03-10,,1972,postseason,NCAA,final,Houston,Texas,113,295,74,85,1,Indep.,,,,,,,"NCAA Men's Tourn., Midwest - First Round"
371243,1972-03-10,,1972,postseason,NCAA,final,Louisiana,Marshall,148,158,112,101,1,Southland,Indep.,,,,,,"NCAA Men's Tourn., Midwest - First Round"
371244,1972-03-10,,1972,postseason,NCAA,final,Marquette,Ohio,157,215,73,49,1,Indep.,MAC,,,,,,"NCAA Men's Tourn., Mideast - First Round"
371245,1972-03-10,,1972,postseason,NCAA,final,Pennsylvania,Providence,227,235,76,60,1,Ivy,Indep.,,,,,,"NCAA Men's Tourn., East - First Round"
371246,1972-03-10,,1972,postseason,NCAA,final,South Carolina,Temple,266,289,53,51,1,Indep.,,,,,,,"NCAA Men's Tourn., East - First Round"
371247,1972-03-15,,1972,postseason,NCAA,final,Florida State,Minnesota,90,173,70,56,1,Indep.,Big Ten,,,,,,"NCAA Men's Tourn., Mideast - Regional Semifinal"
371248,1972-03-15,,1972,postseason,NCAA,final,Kansas State,Texas,132,295,66,55,1,,,,,,,,"NCAA Men's Tourn., Midwest - Regional Semifinal"
371249,1972-03-15,,1972,postseason,NCAA,final,Kentucky,Marquette,135,157,85,69,1,SEC,Indep.,,,,,,"NCAA Men's Tourn., Mideast - Regional Semifinal"
371250,1972-03-15,,1972,postseason,NCAA,final,Long Beach State,San Francisco,145,259,75,55,1,Big West,WCC,,,,,,"NCAA Men's Tourn., West - Regional Semifinal"
371251,1972-03-15,,1972,postseason,NCAA,final,Louisiana,Louisville,148,150,84,88,1,Southland,MVC,,,,,,"NCAA Men's Tourn., Midwest - Regional Semifinal"
371252,1972-03-15,,1972,postseason,NCAA,final,North Carolina,South Carolina,200,266,92,69,1,ACC,Indep.,,,,,,"NCAA Men's Tourn., East - Regional Semifinal"
371253,1972-03-15,,1972,postseason,NCAA,final,Pennsylvania,Villanova,227,338,78,67,1,Ivy,Indep.,,,,,,"NCAA Men's Tourn., East - Regional Semifinal"
371254,1972-03-15,,1972,postseason,NCAA,final,UCLA,Weber State,313,345,90,58,1,Pac-12,Big Sky,,,,,,"NCAA Men's Tourn., West - Regional Semifinal"
371255,1972-03-16,,1972,postseason,NIT,final,Virginia,Lafayette,339,138,71,72,,ACC,,20,,,,,NIT-FIRST-ROUND
371256,1972-03-16,,1972,postseason,NIT,final,Fordham,Jacksonville,91,127,75,94,,Indep.,Indep.,,,,,,NIT-FIRST-ROUND
371257,1972-03-17,,1972,postseason,NIT,final,Memphis,Oral Roberts,163,222,74,94,,MVC,Indep.,13,16,,,,NIT-FIRST-ROUND
371258,1972-03-17,,1972,postseason,NIT,final,Saint Joseph's,Maryland,251,160,55,67,,,ACC,,14,,,,NIT-FIRST-ROUND
371259,1972-03-17,,1972,postseason,NIT,final,Davidson,Syracuse,63,286,77,81,,SoCon,Indep.,,,,,,NIT-FIRST-ROUND
371260,1972-03-17,,1972,postseason,NCAA,final,Florida State,Kentucky,90,135,73,54,1,Indep.,SEC,,,,,,"NCAA Men's Tourn., Mideast - Regional Final"
371261,1972-03-17,,1972,postseason,NCAA,final,Kansas State,Louisville,132,150,65,72,1,,MVC,,,,,,"NCAA Men's Tourn., Midwest - Regional Final"
371262,1972-03-17,,1972,postseason,NCAA,final,Long Beach State,UCLA,145,313,57,73,1,Big West,Pac-12,,,,,,"NCAA Men's Tourn., West - Regional Final"
371263,1972-03-17,,1972,postseason,NCAA,final,Louisiana,Texas,148,295,100,70,1,Southland,,,,,,,"NCAA Men's Tourn., Midwest - Regional Third Place"
371264,1972-03-17,,1972,postseason,NCAA,final,Marquette,Minnesota,157,173,72,77,1,Indep.,Big Ten,,,,,,"NCAA Men's Tourn., Mideast - Regional Third Place"
371265,1972-03-17,,1972,postseason,NCAA,final,North Carolina,Pennsylvania,200,227,73,59,1,ACC,Ivy,,,,,,"NCAA Men's Tourn., East - Regional Final"
371266,1972-03-17,,1972,postseason,NCAA,final,South Carolina,Villanova,266,338,90,78,1,Indep.,Indep.,,,,,,"NCAA Men's Tourn., East - Regional Third Place"
371267,1972-03-17,,1972,postseason,NIT,final,St. John's,Missouri,279,177,82,81,,Indep.,,,,,,,NIT-FIRST-ROUND
371268,1972-03-18,,1972,postseason,NIT,final,Indiana,Princeton,121,234,60,68,,Big Ten,Ivy,17,,,,,NIT-FIRST-ROUND
371269,1972-03-18,,1972,postseason,NIT,final,UTEP,Niagara,327,194,57,76,,UAC,Indep.,,,,,,NIT-FIRST-ROUND
371270,1972-03-19,,1972,postseason,NIT,final,Syracuse,Maryland,286,160,65,71,,Indep.,ACC,,14,,,,NIT-QUARTERFINAL
371271,1972-03-19,,1972,postseason,NIT,final,Lafayette,Jacksonville,138,127,76,87,,,Indep.,,,,,,NIT-QUARTERFINAL
371272,1972-03-19,,1972,postseason,NCAA,final,San Francisco,Weber State,259,345,74,64,1,WCC,Big Sky,,,,,,"NCAA Men's Tourn., West - Regional Third Place"
371273,1972-03-20,,1972,postseason,NIT,final,St. John's,Oral Roberts,279,222,94,78,,Indep.,Indep.,,16,,,,NIT-QUARTERFINAL
371274,1972-03-20,,1972,postseason,NIT,final,Princeton,Niagara,234,194,60,65,,Ivy,Indep.,,,,,,NIT-QUARTERFINAL
371275,1972-03-22,,1972,postseason,NIT,final,Jacksonville,Maryland,127,160,77,91,,Indep.,ACC,,14,,,,NIT-SEMIFINAL
371276,1972-03-22,,1972,postseason,NCAA,final,Florida State,North Carolina,90,200,79,75,1,Indep.,ACC,,,,,,"NCAA Men's Tourn., National - National Semifinal"
371277,1972-03-22,,1972,postseason,NCAA,final,Louisville,UCLA,150,313,77,96,1,MVC,Pac-12,,,,,,"NCAA Men's Tourn., National - National Semifinal"
371278,1972-03-22,,1972,postseason,NIT,final,St. John's,Niagara,279,194,67,69,,Indep.,Indep.,,,,,,NIT-SEMIFINAL
371279,1972-03-24,,1972,postseason,NIT,final,Niagara,Maryland,194,160,69,100,,Indep.,ACC,,14,,,,NIT-FINAL
371280,1972-03-24,,1972,postseason,NCAA,final,Florida State,UCLA,90,313,76,81,1,Indep.,Pac-12,,,,,,"NCAA Men's Tourn., National - National Final"
371281,1972-03-24,,1972,postseason,NCAA,final,Louisville,North Carolina,150,200,91,105,1,MVC,ACC,,,,,,"NCAA Men's Tourn., National - National Third Place"
371282,1972-03-24,,1972,postseason,NIT,final,St. John's,Jacksonville,279,127,80,83,,Indep.,Indep.,,,,,,NIT-THIRD-PLACE
