id,date,start_et,season,season_type,tournament,status,home,away,home_id,away_id,home_points,away_points,neutral,home_conf,away_conf,home_seed,away_seed,venue,city,state,notes
261558,1974-11-28,,1975,regular,,final,Arizona,Northern Illinois,11,208,103,85,,UAC,Indep.,,,,,,
261559,1974-11-28,,1975,regular,,final,BYU,Texas,18,295,80,72,,UAC,,,,,,,
261560,1974-11-28,,1975,regular,,final,Cal State LA,Long Beach State,1053,145,72,81,,,Big West,,,,,,
261561,1974-11-28,,1975,regular,,final,Clemson,Ole Miss,52,220,93,80,,ACC,SEC,,,,,,
261562,1974-11-28,,1975,regular,,final,Massachusetts,Dartmouth,161,62,86,59,,,Ivy,,,,,,
261563,1974-11-28,,1975,regular,,final,Idaho State,Denver,116,68,98,68,,Big Sky,Indep.,,,,,,
261564,1974-11-28,,1975,regular,,final,Georgia,Georgia Tech,98,101,86,67,,SEC,Indep.,,,,,,
261565,1974-11-28,,1975,regular,,final,Hawai'i,Rutgers,108,245,70,75,,Indep.,Indep.,,,,,,
261566,1974-11-28,,1975,regular,,final,Jacksonville,Samford,127,256,102,72,,Indep.,Indep.,,,,,,
261567,1974-11-28,,1975,regular,,final,La Salle,Army,137,15,76,71,,,Indep.,,,,,,
261568,1974-11-28,,1975,regular,,final,USC,LSU,323,136,100,87,,Pac-12,SEC,,,,,,
261570,1974-11-28,,1975,regular,,final,New Mexico State,Houston Christian,192,112,82,53,,MVC,Indep.,,,,,,
261571,1974-11-28,,1975,regular,,final,Oklahoma City,Oklahoma State,1476,218,85,89,,,,,,,,,
261573,1974-11-28,,1975,regular,,final,UC Santa Barbara,San Francisco,311,259,74,85,,Indep.,WCC,,,,,,
261574,1974-11-28,,1975,regular,,final,SMU,Texas Pan American,248,1535,60,78,,,,,,,,,
261575,1974-11-28,,1975,regular,,final,Temple,Hofstra,289,110,72,65,,,,,,,,,
261577,1974-11-28,,1975,regular,,final,UNLV,Cal State Fullerton,322,37,75,56,,WCC,Big West,,,,,,
261578,1974-11-28,,1975,regular,,final,UCLA,Wichita State,313,352,85,74,,Pac-12,MVC,,,,,,
261579,1974-11-29,,1975,regular,,final,Rider,American University,243,8,78,66,,,,,,,,,
261580,1974-11-29,,1975,regular,,final,Eastern Michigan,Bowling Green,79,28,71,74,,MAC,MAC,,,,,,
261581,1974-11-29,,1975,regular,,final,Buffalo,Syracuse,33,286,65,81,,Indep.,Indep.,,,,,,
261582,1974-11-29,,1975,regular,,final,Butler,Cleveland State,34,53,80,75,,,Indep.,,,,,,
261583,1974-11-29,,1975,regular,,final,Canisius,Niagara,42,194,99,72,,Indep.,Indep.,,,,,,
261584,1974-11-29,,1975,regular,,final,The Citadel,Charleston Southern,299,47,107,92,,SoCon,Indep.,,,,,,
261585,1974-11-29,,1975,regular,,final,Clemson,Penn State (Beaver),52,1353,75,76,,ACC,,,,,,,
261586,1974-11-29,,1975,regular,,final,California,Colorado,40,56,98,78,,Pac-12,,,,,,,
261587,1974-11-29,,1975,regular,,final,Pacific,Santa Clara,225,261,88,89,,Big West,WCC,,,,,,
261588,1974-11-29,,1975,regular,,final,Colorado State,Montana,57,179,48,54,,UAC,Big Sky,,,,,,
261590,1974-11-29,,1975,regular,,final,Utah,Denver,331,68,119,94,,UAC,Indep.,,,,,,
261591,1974-11-29,,1975,regular,,final,UCLA,DePaul,313,65,79,64,,Pac-12,Indep.,,,,,,
261592,1974-11-29,,1975,regular,,final,Duke,Cornell,72,60,100,62,,ACC,Ivy,,,,,,
261593,1974-11-29,,1975,regular,,final,Eastern Kentucky,Louisiana Tech,78,149,74,70,,OVC,Southland,,,,,,
261594,1974-11-29,,1975,regular,,final,Northeastern,Fairfield,205,83,67,61,,Indep.,Indep.,,,,,,
261595,1974-11-29,,1975,regular,,final,Indiana,Tennessee Tech,121,291,113,60,,Big Ten,OVC,,,,,,
261596,1974-11-29,,1975,regular,,final,Purdue,Indiana State,236,122,98,80,,Big Ten,Indep.,,,,,,
261597,1974-11-29,,1975,regular,,final,Iowa,VCU,124,333,95,80,,Big Ten,Indep.,,,,,,
261598,1974-11-29,,1975,regular,,final,Kentucky,Northwestern,135,212,97,70,,SEC,Big Ten,,,,,,
261599,1974-11-29,,1975,regular,,final,Kansas State,Montana State,132,180,96,73,,,Big Sky,,,,,,
261600,1974-11-29,,1975,regular,,final,Stanford,LSU,281,136,92,80,,Pac-12,SEC,,,,,,
261602,1974-11-29,,1975,regular,,final,Michigan,Toledo,170,300,78,64,,Big Ten,MAC,,,,,,
261603,1974-11-29,,1975,regular,,final,Baylor,Murray State,20,184,76,86,,,OVC,,,,,,
261604,1974-11-29,,1975,regular,,final,NC State,East Carolina,185,74,98,81,,ACC,SoCon,,,,,,
261605,1974-11-29,,1975,regular,,final,North Texas,UT Arlington,204,324,89,85,,MVC,Southland,,,,,,
261606,1974-11-29,,1975,regular,,final,Oregon,Saint Mary's,223,253,83,68,,Pac-12,WCC,,,,,,
261607,1974-11-29,,1975,regular,,final,Oregon State,Gonzaga,224,102,84,59,,Pac-12,Big Sky,,,,,,
261608,1974-11-29,,1975,regular,,final,Ohio State,Ball State,216,19,91,64,,Big Ten,Indep.,,,,,,
261609,1974-11-29,,1975,regular,,final,Princeton,Fordham,234,91,70,47,,Ivy,Indep.,,,,,,
261610,1974-11-29,,1975,regular,,final,Maryland,Richmond,160,242,106,81,,ACC,SoCon,,,,,,
261611,1974-11-29,,1975,regular,,final,Southern Miss,Georgia State,275,100,74,60,,Indep.,Indep.,,,,,,
261612,1974-11-29,,1975,regular,,final,Saint Louis,Illinois State,252,119,83,81,,Indep.,Indep.,,,,,,
261613,1974-11-29,,1975,regular,,final,TCU,Texas Pan American,287,1535,70,68,,,,,,,,,
261614,1974-11-29,,1975,regular,,final,Tennessee,Milwaukee,292,172,85,65,,SEC,Indep.,,,,,,
261615,1974-11-29,,1975,regular,,final,UTEP,Houston Christian,327,112,68,54,,UAC,Indep.,,,,,,
261616,1974-11-29,,1975,regular,,final,VMI,Virginia Tech,334,340,64,96,,SoCon,Indep.,,,,,,
261617,1974-11-29,,1975,regular,,final,Wisconsin,Ohio,355,215,71,62,,Big Ten,MAC,,,,,,
261618,1974-11-29,,1975,regular,,final,West Virginia,Georgia Southern,347,99,82,52,,Indep.,Indep.,,,,,,
261619,1974-11-29,,1975,regular,,final,UConn,Yale,314,360,88,73,,Indep.,Ivy,,,,,,
261620,1974-11-30,,1975,regular,,final,Rhode Island,Brown,240,30,66,76,,Indep.,Ivy,,,,,,
261622,1974-12-01,,1975,regular,,final,Arkansas State,Georgia Southern,13,99,74,72,,Southland,Indep.,,,,,,
261623,1974-12-01,,1975,regular,,final,Auburn,South Florida,16,271,77,52,,SEC,Indep.,,,,,,
261624,1974-12-01,,1975,regular,,final,Seattle U,California,262,40,71,73,,WCC,Pac-12,,,,,,
261625,1974-12-01,,1975,regular,,final,Dartmouth,Vermont,62,337,72,92,,Ivy,Indep.,,,,,,
261626,1974-12-01,,1975,regular,,final,Eastern Kentucky,Charleston Southern,78,47,106,82,,OVC,Indep.,,,,,,
261627,1974-12-01,,1975,regular,,final,Portland State,Gonzaga,231,102,87,91,,Indep.,Big Sky,,,,,,
261628,1974-12-01,,1975,regular,,final,UL Monroe,Hardin-Simmons,316,772,93,80,,Indep.,,,,,,,
261629,1974-12-01,,1975,regular,,final,Houston,Louisville,113,150,87,91,,Indep.,MVC,,,,,,
261630,1974-12-01,,1975,regular,,final,Indiana State,Louisiana Tech,122,149,77,72,,Indep.,Southland,,,,,,
261631,1974-12-01,,1975,regular,,final,Miami (OH),Kentucky,167,135,73,80,,MAC,SEC,,,,,,
261632,1974-12-01,,1975,regular,,final,Idaho State,Loyola Marymount,116,153,92,70,,Big Sky,WCC,,,,,,
261633,1974-12-01,,1975,regular,,final,Missouri,Rice,177,241,92,67,,,,,,,,,
261634,1974-12-01,,1975,regular,,final,Samford,Mississippi State,256,174,80,91,,Indep.,SEC,,,,,,
261635,1974-12-01,,1975,regular,,final,Michigan State,Central Michigan,169,45,82,78,,Big Ten,MAC,,,,,,
261636,1974-12-01,,1975,regular,,final,Texas,Murray State,295,184,69,79,,,OVC,,,,,,
261637,1974-12-01,,1975,regular,,final,Mercer,North Carolina A&T,164,198,76,65,,Indep.,MEAC,,,,,,
261638,1974-12-01,,1975,regular,,final,Oklahoma City,TCU,1476,287,95,91,,,,,,,,,
261639,1974-12-01,,1975,regular,,final,Oklahoma State,Alabama,218,5,67,74,,,SEC,,,,,,
261640,1974-12-01,,1975,regular,,final,Oral Roberts,Milwaukee,222,172,85,70,,Indep.,Indep.,,,,,,
261641,1974-12-01,,1975,regular,,final,Ohio State,Butler,216,34,96,69,,Big Ten,,,,,,,
261642,1974-12-01,,1975,regular,,final,Providence,Cal State Fullerton,235,37,79,69,,Indep.,Big West,,,,,,
261643,1974-12-01,,1975,regular,,final,Utah,Rutgers,331,245,92,89,,UAC,Indep.,,,,,,
261644,1974-12-01,,1975,regular,,final,South Carolina,Bucknell,266,32,88,74,,Indep.,,,,,,,
261645,1974-12-01,,1975,regular,,final,Vanderbilt,St. John's,336,279,63,53,,SEC,Indep.,,,,,,
261646,1974-12-01,,1975,regular,,final,Boise State,Utah State,25,329,96,87,,Big Sky,Indep.,,,,,,
261647,1974-12-01,,1975,regular,,final,Florida,Virginia Tech,87,340,85,86,,SEC,Indep.,,,,,,
261648,1974-12-01,,1975,regular,,final,San Diego State,Washington State,257,344,67,76,,Big West,Pac-12,,,,,,
261649,1974-12-02,,1975,regular,,final,App State,Charleston Southern,9,47,78,84,,SoCon,Indep.,,,,,,
261650,1974-12-02,,1975,regular,,final,Austin Peay,South Alabama,17,265,94,92,,OVC,Indep.,,,,,,
261651,1974-12-02,,1975,regular,,final,Boston University,Rhode Island,27,240,67,65,,Indep.,Indep.,,,,,,
261652,1974-12-02,,1975,regular,,final,Fairleigh Dickinson,Buffalo,84,33,81,57,,Indep.,Indep.,,,,,,
261653,1974-12-02,,1975,regular,,final,Fresno State,Cal State LA,92,1053,69,71,,Big West,,,,,,,
261654,1974-12-02,,1975,regular,,final,UConn,Cal State Fullerton,314,37,78,63,,Indep.,Big West,,,,,,
261655,1974-12-02,,1975,regular,,final,George Washington,Delaware,96,66,103,92,,,,,,,,,
261656,1974-12-02,,1975,regular,,final,Drake,Iowa,70,124,81,86,,MVC,Big Ten,,,,,,
261657,1974-12-02,,1975,regular,,final,Florida State,Illinois State,90,119,72,70,,Indep.,Indep.,,,,,,
261658,1974-12-02,,1975,regular,,final,Bradley,Iowa State,29,125,93,72,,MVC,,,,,,,
261659,1974-12-02,,1975,regular,,final,Lamar,Centenary (LA),139,367,78,99,,Southland,Indep.,,,,,,
261660,1974-12-02,,1975,regular,,final,Harvard,Massachusetts,107,161,71,74,,Ivy,,,,,,,
261661,1974-12-02,,1975,regular,,final,Minnesota,Montana State,173,180,78,58,,Big Ten,Big Sky,,,,,,
261662,1974-12-02,,1975,regular,,final,New Mexico,New Mexico State,191,192,59,58,,UAC,MVC,,,,,,
261663,1974-12-02,,1975,regular,,final,Ohio,Cleveland State,215,53,85,71,,MAC,Indep.,,,,,,
261664,1974-12-02,,1975,regular,,final,Purdue,Ball State,236,19,104,77,,Big Ten,Indep.,,,,,,
261665,1974-12-02,,1975,regular,,final,St. Francis Brooklyn,Hofstra,364,110,72,73,,Indep.,,,,,,,
261666,1974-12-02,,1975,regular,,final,San José State,Nevada,260,189,75,76,,Big West,WCC,,,,,,
261667,1974-12-02,,1975,regular,,final,North Texas,SMU,204,248,87,89,,MVC,,,,,,,
261668,1974-12-02,,1975,regular,,final,Texas A&M,Houston Christian,293,112,84,77,,,Indep.,,,,,,
261669,1974-12-02,,1975,regular,,final,West Chester,Temple,476,289,27,39,,,,,,,,,
261670,1974-12-02,,1975,regular,,final,West Virginia,Pittsburgh,347,229,82,78,,Indep.,Indep.,,,,,,
261671,1974-12-03,,1975,regular,,final,Cleveland State,Bowling Green,53,28,90,93,,Indep.,MAC,,,,,,
261672,1974-12-03,,1975,regular,,final,Long Island University,Buffalo,146,33,72,75,,Indep.,Indep.,,,,,,
261673,1974-12-03,,1975,regular,,final,Clemson,Furman,52,93,82,69,,ACC,SoCon,,,,,,
261674,1974-12-03,,1975,regular,,final,Colorado,Saint Louis,56,252,85,81,,,Indep.,,,,,,
261675,1974-12-03,,1975,regular,,final,Duke,East Carolina,72,74,79,73,,ACC,SoCon,,,,,,
261676,1974-12-03,,1975,regular,,final,Kansas,Indiana,131,121,70,74,,,Big Ten,,,,,,
261677,1974-12-03,,1975,regular,,final,Lehigh,La Salle,141,137,66,89,,,,,,,,,
261678,1974-12-03,,1975,regular,,final,LSU,Tulane,136,303,80,78,,SEC,Indep.,,,,,,
261679,1974-12-03,,1975,regular,,final,Mississippi State,Arkansas,174,12,72,75,,SEC,,,,,,,
261680,1974-12-03,,1975,regular,,final,Charlotte,Hardin-Simmons,48,772,106,65,,Indep.,,,,,,,
261681,1974-12-03,,1975,regular,,final,Vermont,New Hampshire,337,190,80,64,,Indep.,Indep.,,,,,,
261682,1974-12-03,,1975,regular,,final,Notre Dame,Northwestern,213,212,100,84,,Indep.,Big Ten,,,,,,
261683,1974-12-03,,1975,regular,,final,Princeton,Navy,234,187,66,55,,Ivy,Indep.,,,,,,
261684,1974-12-03,,1975,regular,,final,Providence,Brown,235,30,78,75,,Indep.,Ivy,,,,,,
261685,1974-12-03,,1975,regular,,final,Long Beach State,San Francisco,145,259,84,94,,Big West,WCC,,,,,,
261686,1974-12-03,,1975,regular,,final,Saint Joseph's,Rider,251,243,71,69,,,,,,,,,
261687,1974-12-03,,1975,regular,,final,Cornell,Syracuse,60,286,49,78,,Ivy,Indep.,,,,,,
261688,1974-12-03,,1975,regular,,final,Centenary (LA),Texas,367,295,96,71,,Indep.,,,,,,,
261689,1974-12-03,,1975,regular,,final,North Carolina,East Tennessee State,200,75,93,71,,ACC,OVC,,,,,,
261690,1974-12-03,,1975,regular,,final,Utah,Loyola Marymount,331,153,97,69,,UAC,WCC,,,,,,
261691,1974-12-03,,1975,regular,,final,Virginia,Kent State,339,134,58,40,,ACC,MAC,,,,,,
261692,1974-12-03,,1975,regular,,final,Wake Forest,Maryland,342,160,78,99,,ACC,ACC,,,,,,
261693,1974-12-03,,1975,regular,,final,Wisconsin,Saint Mary's,355,253,60,62,,Big Ten,WCC,,,,,,
261694,1974-12-03,,1975,regular,,final,Western Michigan,Eastern Michigan,351,79,80,65,,MAC,MAC,,,,,,
261695,1974-12-03,,1975,regular,,final,Fordham,Yale,91,360,72,57,,Indep.,Ivy,,,,,,
261696,1974-12-04,,1975,regular,,final,App State,VMI,9,334,81,98,,SoCon,SoCon,,,,,,
261697,1974-12-04,,1975,regular,,final,Miami (OH),Cincinnati,167,51,68,63,,MAC,Indep.,,,,,,
261698,1974-12-04,,1975,regular,,final,Dartmouth,Holy Cross,62,111,70,94,,Ivy,Indep.,,,,,,
261699,1974-12-04,,1975,regular,,final,Fairfield,Manhattan,83,155,74,86,,Indep.,Indep.,,,,,,
261700,1974-12-04,,1975,regular,,final,William & Mary,George Washington,353,96,50,61,,SoCon,,,,,,,
261701,1974-12-04,,1975,regular,,final,Hawai'i,Oregon State,108,224,53,73,,Indep.,Pac-12,,,,,,
261702,1974-12-04,,1975,regular,,final,San Diego State,Idaho State,257,116,76,67,,Big West,Big Sky,,,,,,
261703,1974-12-04,,1975,regular,,final,Kansas State,SMU,132,248,64,58,,,,,,,,,
261704,1974-12-04,,1975,regular,,final,Dayton,Louisville,64,150,65,76,,Indep.,MVC,,,,,,
261705,1974-12-04,,1975,regular,,final,Morehead State,Charleston Southern,181,47,105,85,,OVC,Indep.,,,,,,
261706,1974-12-04,,1975,regular,,final,Stetson,Marshall,283,158,73,58,,Indep.,Indep.,,,,,,
261707,1974-12-04,,1975,regular,,final,Oklahoma City,Baylor,1476,20,79,66,,,,,,,,,
261708,1974-12-04,,1975,regular,,final,Pittsburgh,Penn State,229,226,79,88,,Indep.,Indep.,,,,,,
261709,1974-12-04,,1975,regular,,final,Richmond,Cal State Fullerton,242,37,79,83,,SoCon,Big West,,,,,,
261710,1974-12-04,,1975,regular,,final,Rutgers,Columbia,245,58,114,85,,Indep.,Ivy,,,,,,
261711,1974-12-04,,1975,regular,,final,Gonzaga,Seattle U,102,262,50,53,,Big Sky,WCC,,,,,,
261712,1974-12-04,,1975,regular,,final,DePaul,Saint Mary's,65,253,77,70,,Indep.,WCC,,,,,,
261713,1974-12-04,,1975,regular,,final,VCU,Hardin-Simmons,333,772,112,74,,Indep.,,,,,,,
261716,1974-12-05,,1975,regular,,final,Weber State,BYU,345,18,76,63,,Big Sky,UAC,,,,,,
261717,1974-12-05,,1975,regular,,final,California,Purdue,40,236,76,73,,Pac-12,Big Ten,,,,,,
261719,1974-12-05,,1975,regular,,final,Creighton,Santa Clara,61,261,65,62,,Indep.,WCC,,,,,,
261720,1974-12-05,,1975,regular,,final,Delaware State,North Carolina A&T,67,198,72,73,,MEAC,MEAC,,,,,,
261722,1974-12-05,,1975,regular,,final,Hawai'i,Oregon State,108,224,59,63,,Indep.,Pac-12,,,,,,
261723,1974-12-05,,1975,regular,,final,Hofstra,Iona,110,123,103,81,,,Indep.,,,,,,
261724,1974-12-05,,1975,regular,,final,South Carolina State,Howard,267,114,101,81,,MEAC,MEAC,,,,,,
261725,1974-12-05,,1975,regular,,final,Jacksonville,South Florida,127,271,78,80,,Indep.,Indep.,,,,,,
261726,1974-12-05,,1975,regular,,final,Missouri,Portland,177,230,89,71,,,Indep.,,,,,,
261729,1974-12-05,,1975,regular,,final,USC,Oklahoma State,323,218,107,88,,Pac-12,,,,,,,
261731,1974-12-05,,1975,regular,,final,Montana State,San José State,180,260,60,72,,Big Sky,Big West,,,,,,
261732,1974-12-05,,1975,regular,,final,UCLA,Loyola Chicago,313,151,84,67,,Pac-12,Indep.,,,,,,
261734,1974-12-05,,1975,regular,,final,Vanderbilt,Virginia Tech,336,340,75,72,,SEC,Indep.,,,,,,
261735,1974-12-05,,1975,regular,,final,Washington,Boise State,343,25,110,76,,Pac-12,Big Sky,,,,,,
261736,1974-12-06,,1975,regular,,final,St. Francis (PA),American University,278,8,79,69,,Indep.,,,,,,,
261737,1974-12-06,,1975,regular,,final,San Diego State,Arizona,257,11,79,81,,Big West,UAC,,,,,,
261738,1974-12-06,,1975,regular,,final,Butler,Auburn,34,16,71,74,,,SEC,,,,,,
261739,1974-12-06,,1975,regular,,final,Boston College,Harvard,26,107,70,66,,Indep.,Ivy,,,,,,
261740,1974-12-06,,1975,regular,,final,Kent State,Bradley,134,29,76,77,,MAC,MVC,,,,,,
261741,1974-12-06,,1975,regular,,final,Fairfield,Brown,83,30,67,73,,Indep.,Ivy,,,,,,
261742,1974-12-06,,1975,regular,,final,Bucknell,Rider,32,243,75,79,,,,,,,,,
261743,1974-12-06,,1975,regular,,final,California,Stetson,40,283,43,59,,Pac-12,Indep.,,,,,,
261744,1974-12-06,,1975,regular,,final,Clemson,App State,52,9,103,57,,ACC,SoCon,,,,,,
261745,1974-12-06,,1975,regular,,final,Columbia,Vermont,58,337,78,82,,Ivy,Indep.,,,,,,
261746,1974-12-06,,1975,regular,,final,Colorado,Fresno State,56,92,75,78,,,Big West,,,,,,
261747,1974-12-06,,1975,regular,,final,Portland,UConn,230,314,64,69,,Indep.,Indep.,,,,,,
261748,1974-12-06,,1975,regular,,final,Creighton,UTEP,61,327,63,69,,Indep.,UAC,,,,,,
261750,1974-12-06,,1975,regular,,final,Dayton,Xavier,64,359,75,66,,Indep.,Indep.,,,,,,
261751,1974-12-06,,1975,regular,,final,Delaware,Lehigh,66,141,102,65,,,,,,,,,
261752,1974-12-06,,1975,regular,,final,Denver,Colorado State,68,57,61,65,,Indep.,UAC,,,,,,
261753,1974-12-06,,1975,regular,,final,Illinois State,Drake,119,70,92,79,,Indep.,MVC,,,,,,
261754,1974-12-06,,1975,regular,,final,Alabama,East Carolina,5,74,99,86,,SEC,SoCon,,,,,,
261755,1974-12-06,,1975,regular,,final,Northeastern,Fairleigh Dickinson,205,84,63,75,,Indep.,Indep.,,,,,,
261756,1974-12-06,,1975,regular,,final,Florida State,Marshall,90,158,90,63,,Indep.,Indep.,,,,,,
261757,1974-12-06,,1975,regular,,final,Georgia State,Georgia Southern,100,99,69,59,,Indep.,Indep.,,,,,,
261758,1974-12-06,,1975,regular,,final,Houston,North Carolina,113,200,87,96,,Indep.,ACC,,,,,,
261759,1974-12-06,,1975,regular,,final,Indiana,Kentucky,121,135,98,74,,Big Ten,SEC,,,,,,
261760,1974-12-06,,1975,regular,,final,Indiana State,Eastern Kentucky,122,78,97,70,,Indep.,OVC,,,,,,
261761,1974-12-06,,1975,regular,,final,Wisconsin,Iowa State,355,125,86,84,,Big Ten,,,,,,,
261762,1974-12-06,,1975,regular,,final,Kansas,Iowa,131,124,89,54,,,Big Ten,,,,,,
261763,1974-12-06,,1975,regular,,final,Kansas State,Texas Tech,132,298,88,65,,,,,,,,,
261766,1974-12-06,,1975,regular,,final,Maryland,Long Island University,160,146,99,84,,ACC,Indep.,,,,,,
261767,1974-12-06,,1975,regular,,final,Massachusetts,Rhode Island,161,240,73,60,,,Indep.,,,,,,
261768,1974-12-06,,1975,regular,,final,UL Monroe,Middle Tennessee,316,171,81,91,,Indep.,OVC,,,,,,
261769,1974-12-06,,1975,regular,,final,Mercer,Tennessee Tech,164,291,76,81,,Indep.,OVC,,,,,,
261770,1974-12-06,,1975,regular,,final,Michigan,Tennessee,170,292,78,74,,Big Ten,SEC,,,,,,
261771,1974-12-06,,1975,regular,,final,Missouri,Mississippi State,177,174,102,78,,,SEC,,,,,,
261772,1974-12-06,,1975,regular,,final,Michigan State,Eastern Michigan,169,79,92,60,,Big Ten,MAC,,,,,,
261773,1974-12-06,,1975,regular,,final,Florida,Charlotte,87,48,89,78,,SEC,Indep.,,,,,,
261774,1974-12-06,,1975,regular,,final,NC State,Virginia,185,339,101,72,,ACC,ACC,,,,,,
261775,1974-12-06,,1975,regular,,final,Maryland Eastern Shore,North Carolina A&T,159,198,79,89,,MEAC,MEAC,,,,,,
261776,1974-12-06,,1975,regular,,final,Arizona State,Nebraska,10,188,83,62,,UAC,MVC,,,,,,
261777,1974-12-06,,1975,regular,,final,Niagara,Saint Peter's,194,254,74,71,,Indep.,Indep.,,,,,,
261778,1974-12-06,,1975,regular,,final,New Mexico State,New Mexico,192,191,65,59,,MVC,UAC,,,,,,
261779,1974-12-06,,1975,regular,,final,Northwestern,Ohio,212,215,71,68,,Big Ten,MAC,,,,,,
261780,1974-12-06,,1975,regular,,final,Notre Dame,Princeton,213,234,80,66,,Indep.,Ivy,,,,,,
261781,1974-12-06,,1975,regular,,final,TCU,Oklahoma City,287,1476,115,113,,,,,,,,,
261782,1974-12-06,,1975,regular,,final,UCLA,Oklahoma State,313,218,82,51,,Pac-12,,,,,,,
261783,1974-12-06,,1975,regular,,final,Duquesne,Oregon,73,223,82,90,,Indep.,Pac-12,,,,,,
261785,1974-12-06,,1975,regular,,final,Texas Pan American,UT Arlington,1535,324,85,61,,,Southland,,,,,,
261786,1974-12-06,,1975,regular,,final,Penn State (Beaver),Navy,1353,187,65,54,,,Indep.,,,,,,
261787,1974-12-06,,1975,regular,,final,Richmond,Furman,242,93,77,84,,SoCon,SoCon,,,,,,
261788,1974-12-06,,1975,regular,,final,Rice,Air Force,241,2,42,58,,,Indep.,,,,,,
261789,1974-12-06,,1975,regular,,final,Rutgers,Colgate,245,55,75,65,,Indep.,Indep.,,,,,,
261790,1974-12-06,,1975,regular,,final,Oklahoma,South Carolina,217,266,90,84,,,Indep.,,,,,,
261791,1974-12-06,,1975,regular,,final,Washington State,Seattle U,344,262,80,72,,Pac-12,WCC,,,,,,
261792,1974-12-06,,1975,regular,,final,Fordham,Seton Hall,91,263,75,64,,Indep.,Indep.,,,,,,
261793,1974-12-06,,1975,regular,,final,Bowling Green,Saint Joseph's,28,251,86,64,,MAC,,,,,,,
261794,1974-12-06,,1975,regular,,final,Gonzaga,San José State,102,260,63,71,,Big Sky,Big West,,,,,,
261795,1974-12-06,,1975,regular,,final,Southern Miss,Lamar,275,139,99,96,,Indep.,Southland,,,,,,
261796,1974-12-06,,1975,regular,,final,Georgetown,St. Bonaventure,97,277,77,57,,Indep.,Indep.,,,,,,
261797,1974-12-06,,1975,regular,,final,Marquette,Saint Mary's,157,253,93,66,,Indep.,WCC,,,,,,
261798,1974-12-06,,1975,regular,,final,Syracuse,Army,286,15,95,59,,Indep.,Indep.,,,,,,
261799,1974-12-06,,1975,regular,,final,Texas A&M,Oral Roberts,293,222,83,84,,,Indep.,,,,,,
261800,1974-12-06,,1975,regular,,final,St. John's,Temple,279,289,88,68,,Indep.,,,,,,,
261801,1974-12-06,,1975,regular,,final,Ole Miss,Texas,220,295,82,74,,SEC,,,,,,,
261802,1974-12-06,,1975,regular,,final,Tulane,Samford,303,256,94,67,,Indep.,Indep.,,,,,,
261803,1974-12-06,,1975,regular,,final,Toledo,Ball State,300,19,82,63,,MAC,Indep.,,,,,,
261804,1974-12-06,,1975,regular,,final,Tulsa,Houston Christian,304,112,97,78,,MVC,Indep.,,,,,,
261805,1974-12-06,,1975,regular,,final,USC,Utah,323,331,102,82,,Pac-12,UAC,,,,,,
261806,1974-12-06,,1975,regular,,final,Utah State,Pacific,329,225,87,73,,Indep.,Big West,,,,,,
261807,1974-12-06,,1975,regular,,final,Vanderbilt,Southern Illinois,336,273,79,72,,SEC,MVC,,,,,,
261808,1974-12-06,,1975,regular,,final,Baylor,VCU,20,333,83,81,,,Indep.,,,,,,
261810,1974-12-06,,1975,regular,,final,The Citadel,William & Mary,299,353,73,82,,SoCon,SoCon,,,,,,
261811,1974-12-06,,1975,regular,,final,Wake Forest,George Washington,342,96,85,77,,ACC,,,,,,,
261812,1974-12-06,,1975,regular,,final,BYU,Wichita State,18,352,69,80,,UAC,MVC,,,,,,
261813,1974-12-06,,1975,regular,,final,Western Kentucky,Arkansas,350,12,74,63,,OVC,,,,,,,
261814,1974-12-06,,1975,regular,,final,West Virginia,Villanova,347,338,86,80,,Indep.,Indep.,,,,,,
261815,1974-12-06,,1975,regular,,final,Holy Cross,Yale,111,360,77,65,,Indep.,Ivy,,,,,,
261816,1974-12-08,,1975,regular,,final,Arkansas,Ole Miss,12,220,73,84,,,SEC,,,,,,
261817,1974-12-08,,1975,regular,,final,Arkansas State,Texas Pan American,13,1535,70,71,,Southland,,,,,,,
261818,1974-12-08,,1975,regular,,final,Brown,Lafayette,30,138,71,75,,Ivy,,,,,,,
261819,1974-12-08,,1975,regular,,final,Buffalo,Niagara,33,194,58,77,,Indep.,Indep.,,,,,,
261820,1974-12-08,,1975,regular,,final,Dayton,Detroit Mercy,64,69,90,76,,Indep.,Indep.,,,,,,
261821,1974-12-08,,1975,regular,,final,Denver,Fresno State,68,92,67,76,,Indep.,Big West,,,,,,
261822,1974-12-08,,1975,regular,,final,Gonzaga,DePaul,102,65,73,80,,Big Sky,Indep.,,,,,,
261823,1974-12-08,,1975,regular,,final,Fairfield,Saint Peter's,83,254,90,78,,Indep.,Indep.,,,,,,
261824,1974-12-08,,1975,regular,,final,Alabama,Georgia Tech,5,101,91,76,,SEC,Indep.,,,,,,
261825,1974-12-08,,1975,regular,,final,West Texas A&M,Houston,1440,113,71,80,,MVC,Indep.,,,,,,
261826,1974-12-08,,1975,regular,,final,Iowa State,Illinois,125,118,71,77,,,Big Ten,,,,,,
261827,1974-12-08,,1975,regular,,final,Jacksonville,Oklahoma,127,217,69,87,,Indep.,,,,,,,
261828,1974-12-08,,1975,regular,,final,Notre Dame,Kansas,213,131,75,59,,Indep.,,,,,,,
261829,1974-12-08,,1975,regular,,final,Kentucky,North Carolina,135,200,90,78,,SEC,ACC,,,,,,
261830,1974-12-08,,1975,regular,,final,Kansas State,Hofstra,132,110,92,60,,,,,,,,,
261831,1974-12-08,,1975,regular,,final,Memphis,Florida State,163,90,70,69,,Indep.,Indep.,,,,,,
261832,1974-12-08,,1975,regular,,final,Marshall,Morehead State,158,181,80,69,,Indep.,OVC,,,,,,
261833,1974-12-08,,1975,regular,,final,New Mexico,Stetson,191,283,90,82,,UAC,Indep.,,,,,,
261834,1974-12-08,,1975,regular,,final,Pacific,San Francisco,225,259,70,67,,Big West,WCC,,,,,,
261835,1974-12-08,,1975,regular,,final,San Diego State,Purdue,257,236,87,91,,Big West,Big Ten,,,,,,
261836,1974-12-08,,1975,regular,,final,Rice,Houston Christian,241,112,87,83,,,Indep.,,,,,,
261837,1974-12-08,,1975,regular,,final,Utah State,Seattle U,329,262,83,72,,Indep.,WCC,,,,,,
261838,1974-12-08,,1975,regular,,final,Montana,San José State,179,260,70,63,,Big Sky,Big West,,,,,,
261839,1974-12-08,,1975,regular,,final,Vanderbilt,Texas Tech,336,298,95,86,,SEC,,,,,,,
261840,1974-12-08,,1975,regular,,final,Hardin-Simmons,VCU,772,333,74,84,,,Indep.,,,,,,
261841,1974-12-08,,1975,regular,,final,Wichita State,Arizona State,352,10,70,72,,MVC,UAC,,,,,,
261842,1974-12-08,,1975,regular,,final,Idaho State,Wyoming,116,358,72,66,,Big Sky,UAC,,,,,,
261843,1974-12-09,,1975,regular,,final,Air Force,Weber State,2,345,56,49,,Indep.,Big Sky,,,,,,
261844,1974-12-09,,1975,regular,,final,Army,Northeastern,15,205,74,77,,Indep.,Indep.,,,,,,
261845,1974-12-09,,1975,regular,,final,Saint Louis,Arizona State,252,10,70,84,,Indep.,UAC,,,,,,
261846,1974-12-09,,1975,regular,,final,Bowling Green,Eastern Michigan,28,79,103,82,,MAC,MAC,,,,,,
261847,1974-12-09,,1975,regular,,final,Cleveland State,Cincinnati,53,51,67,78,,Indep.,Indep.,,,,,,
261848,1974-12-09,,1975,regular,,final,UConn,Vermont,314,337,90,84,,Indep.,Indep.,,,,,,
261849,1974-12-09,,1975,regular,,final,Colgate,Cornell,55,60,60,56,,Indep.,Ivy,,,,,,
261850,1974-12-09,,1975,regular,,final,Texas,Drake,295,70,98,103,,,MVC,,,,,,
261851,1974-12-09,,1975,regular,,final,East Carolina,VMI,74,334,73,68,,SoCon,SoCon,,,,,,
261852,1974-12-09,,1975,regular,,final,Georgia,UL Monroe,98,316,87,86,,SEC,Indep.,,,,,,
261853,1974-12-09,,1975,regular,,final,Oral Roberts,Hofstra,222,110,89,72,,Indep.,,,,,,,
261854,1974-12-09,,1975,regular,,final,Lamar,TCU,139,287,87,90,,Southland,,,,,,,
261855,1974-12-09,,1975,regular,,final,Long Island University,Drexel,146,71,56,54,,Indep.,,,,,,,
261856,1974-12-09,,1975,regular,,final,Boston University,Maine-Farmington,27,1078,94,92,,Indep.,,,,,,,
261857,1974-12-09,,1975,regular,,final,Georgetown,Maryland,97,160,71,104,,Indep.,ACC,,,,,,
261858,1974-12-09,,1975,regular,,final,Massachusetts,Holy Cross,161,111,62,68,,,Indep.,,,,,,
261859,1974-12-09,,1975,regular,,final,Missouri,Indiana State,177,122,93,76,,,Indep.,,,,,,
261860,1974-12-09,,1975,regular,,final,North Texas,Nebraska,204,188,56,69,,MVC,MVC,,,,,,
261861,1974-12-09,,1975,regular,,final,Penn State,Bucknell,226,32,88,83,,Indep.,,,,,,,
261862,1974-12-09,,1975,regular,,final,Syracuse,St. John's,286,279,75,66,,Indep.,Indep.,,,,,,
261863,1974-12-09,,1975,regular,,final,Arizona,UNLV,11,322,85,80,,UAC,WCC,,,,,,
261864,1974-12-09,,1975,regular,,final,Texas A&M,VCU,293,333,98,84,,,Indep.,,,,,,
261865,1974-12-09,,1975,regular,,final,Villanova,Princeton,338,234,70,79,,Indep.,Ivy,,,,,,
261866,1974-12-10,,1975,regular,,final,Rhode Island,Boston College,240,26,67,88,,Indep.,Indep.,,,,,,
261867,1974-12-10,,1975,regular,,final,Butler,Illinois State,34,119,79,78,,,Indep.,,,,,,
261868,1974-12-10,,1975,regular,,final,Louisiana Tech,Eastern Kentucky,149,78,83,77,,Southland,OVC,,,,,,
261869,1974-12-10,,1975,regular,,final,Fairleigh Dickinson,Iona,84,123,77,62,,Indep.,Indep.,,,,,,
261870,1974-12-10,,1975,regular,,final,UT Arlington,Hardin-Simmons,324,772,80,64,,Southland,,,,,,,
261871,1974-12-10,,1975,regular,,final,Notre Dame,Indiana,213,121,84,94,,Indep.,Big Ten,,,,,,
261872,1974-12-10,,1975,regular,,final,Lafayette,La Salle,138,137,58,71,,,,,,,,,
261873,1974-12-10,,1975,regular,,final,Southern Illinois,Michigan,273,170,87,67,,MVC,Big Ten,,,,,,
261874,1974-12-10,,1975,regular,,final,Ball State,Miami (OH),19,167,54,65,,Indep.,MAC,,,,,,
261875,1974-12-10,,1975,regular,,final,Oregon State,Portland State,224,231,76,70,,Pac-12,Indep.,,,,,,
261876,1974-12-10,,1975,regular,,final,St. Francis Brooklyn,Fairfield,364,83,87,110,,Indep.,Indep.,,,,,,
261877,1974-12-10,,1975,regular,,final,South Carolina,Saint Joseph's,266,251,89,54,,Indep.,,,,,,,
261878,1974-12-10,,1975,regular,,final,San José State,Idaho,260,117,75,68,,Big West,Big Sky,,,,,,
261879,1974-12-10,,1975,regular,,final,Virginia,William & Mary,339,353,73,51,,ACC,SoCon,,,,,,
261880,1974-12-10,,1975,regular,,final,Wake Forest,App State,342,9,100,69,,ACC,SoCon,,,,,,
261881,1974-12-10,,1975,regular,,final,Central Michigan,Western Michigan,45,351,81,67,,MAC,MAC,,,,,,
261882,1974-12-10,,1975,regular,,final,Washington State,DePaul,344,65,83,69,,Pac-12,Indep.,,,,,,
261883,1974-12-10,,1975,regular,,final,Purdue,West Virginia,236,347,94,83,,Big Ten,Indep.,,,,,,
261884,1974-12-10,,1975,regular,,final,Brown,Yale,30,360,92,66,,Ivy,Ivy,,,,,,
261885,1974-12-11,,1975,regular,,final,Arkansas,Hofstra,12,110,63,58,,,,,,,,,
261886,1974-12-11,,1975,regular,,final,Colorado,Air Force,56,2,70,65,,,Indep.,,,,,,
261887,1974-12-11,,1975,regular,,final,Iowa,Iowa State,124,125,77,66,,Big Ten,,,,,,,
261888,1974-12-11,,1975,regular,,final,Loyola Marymount,Cal State Fullerton,153,37,76,61,,WCC,Big West,,,,,,
261889,1974-12-11,,1975,regular,,final,Maine-Farmington,New Hampshire,1078,190,79,56,,,Indep.,,,,,,
261890,1974-12-11,,1975,regular,,final,Portland,Northern Colorado,230,207,86,81,,Indep.,,,,,,,
261891,1974-12-11,,1975,regular,,final,Texas,Oklahoma State,295,218,63,73,,,,,,,,,
261892,1974-12-11,,1975,regular,,final,Richmond,Davidson,242,63,67,61,,SoCon,SoCon,,,,,,
261893,1974-12-11,,1975,regular,,final,Manhattan,Rutgers,155,245,77,85,,Indep.,Indep.,,,,,,
261895,1974-12-11,,1975,regular,,final,Southern Miss,Mercer,275,164,101,94,,Indep.,Indep.,,,,,,
261896,1974-12-11,,1975,regular,,final,Tulsa,Arkansas State,304,13,106,91,,MVC,Southland,,,,,,
261897,1974-12-11,,1975,regular,,final,Stetson,Western Kentucky,283,350,68,66,,Indep.,OVC,,,,,,
261898,1974-12-12,,1975,regular,,final,San Francisco,BYU,259,18,103,84,,WCC,UAC,,,,,,
261900,1974-12-12,,1975,regular,,final,Cal State LA,Baylor,1053,20,86,69,,,,,,,,,
261901,1974-12-12,,1975,regular,,final,Georgia Tech,Georgia State,101,100,80,74,,Indep.,Indep.,,,,,,
261903,1974-12-12,,1975,regular,,final,Arizona State,Illinois,10,118,91,69,,UAC,Big Ten,,,,,,
261904,1974-12-12,,1975,regular,,final,Kansas,Fordham,131,91,78,74,,,Indep.,,,,,,
261905,1974-12-12,,1975,regular,,final,Arizona,Kansas State,11,132,67,65,,UAC,,,,,,,
261906,1974-12-12,,1975,regular,,final,Marshall,Long Island University,158,146,90,79,,Indep.,Indep.,,,,,,
261907,1974-12-12,,1975,regular,,final,Oregon,UNLV,223,322,94,77,,Pac-12,WCC,,,,,,
261908,1974-12-12,,1975,regular,,final,Tennessee,Navy,292,187,86,59,,SEC,Indep.,,,,,,
261909,1974-12-12,,1975,regular,,final,USC,Nevada,323,189,97,84,,Pac-12,WCC,,,,,,
261910,1974-12-12,,1975,regular,,final,Utah,Army,331,15,109,84,,UAC,Indep.,,,,,,
261911,1974-12-12,,1975,regular,,final,Utah State,Colorado State,329,57,71,70,,Indep.,UAC,,,,,,
261914,1974-12-13,,1975,regular,,final,The Citadel,App State,299,9,99,94,,SoCon,SoCon,,,,,,
261916,1974-12-13,,1975,regular,,final,Virginia Tech,Auburn,340,16,83,82,,Indep.,SEC,,,,,,
261917,1974-12-13,,1975,regular,,final,Long Beach State,Baylor,145,20,73,69,,Big West,,,,,,,
261918,1974-12-13,,1975,regular,,final,Ball State,Bowling Green,19,28,69,100,,Indep.,MAC,,,,,,
261919,1974-12-13,,1975,regular,,final,Boston College,Northeastern,26,205,103,78,,Indep.,Indep.,,,,,,
261920,1974-12-13,,1975,regular,,final,Cal State Fullerton,Boise State,37,25,91,97,,Big West,Big Sky,,,,,,
261921,1974-12-13,,1975,regular,,final,Bradley,Loyola Chicago,29,151,88,77,,MVC,Indep.,,,,,,
261922,1974-12-13,,1975,regular,,final,Seattle U,BYU,262,18,72,85,,WCC,UAC,,,,,,
261923,1974-12-13,,1975,regular,,final,Canisius,Colgate,42,55,88,61,,Indep.,Indep.,,,,,,
261925,1974-12-13,,1975,regular,,final,St. Francis (PA),Cleveland State,278,53,82,75,,Indep.,Indep.,,,,,,
261926,1974-12-13,,1975,regular,,final,UConn,Rhode Island,314,240,85,68,,Indep.,Indep.,,,,,,
261927,1974-12-13,,1975,regular,,final,Creighton,Saint Louis,61,252,66,64,,Indep.,Indep.,,,,,,
261928,1974-12-13,,1975,regular,,final,Dayton,Michigan,64,170,50,61,,Indep.,Big Ten,,,,,,
261929,1974-12-13,,1975,regular,,final,Delaware,American University,66,8,82,88,,,,,,,,,
261930,1974-12-13,,1975,regular,,final,DePaul,St. Bonaventure,65,277,89,72,,Indep.,Indep.,,,,,,
261931,1974-12-13,,1975,regular,,final,Detroit Mercy,Central Michigan,69,45,69,72,,Indep.,MAC,,,,,,
261932,1974-12-13,,1975,regular,,final,Tennessee,Harvard,292,107,84,69,,SEC,Ivy,,,,,,
261933,1974-12-13,,1975,regular,,final,Arizona,Illinois,11,118,78,66,,UAC,Big Ten,,,,,,
261934,1974-12-13,,1975,regular,,final,Illinois State,Louisiana Tech,119,149,109,81,,Indep.,Southland,,,,,,
261935,1974-12-13,,1975,regular,,final,Indiana,Texas A&M,121,293,90,55,,Big Ten,,,,,,,
261936,1974-12-13,,1975,regular,,final,Iowa State,TCU,125,287,91,90,,,,,,,,,
261937,1974-12-13,,1975,regular,,final,South Florida,Jacksonville,271,127,69,71,,Indep.,Indep.,,,,,,
261938,1974-12-13,,1975,regular,,final,Kansas,Washington,131,343,64,74,,,Pac-12,,,,,,
261939,1974-12-13,,1975,regular,,final,Arizona State,Kansas State,10,132,80,69,,UAC,,,,,,,
261940,1974-12-13,,1975,regular,,final,Lamar,Houston Christian,139,112,94,83,,Southland,Indep.,,,,,,
261941,1974-12-13,,1975,regular,,final,La Salle,Holy Cross,137,111,89,65,,,Indep.,,,,,,
261943,1974-12-13,,1975,regular,,final,Florida State,Louisville,90,150,75,84,,Indep.,MVC,,,,,,
261944,1974-12-13,,1975,regular,,final,Manhattan,Saint Peter's,155,254,75,78,,Indep.,Indep.,,,,,,
261945,1974-12-13,,1975,regular,,final,Centenary (LA),McNeese,367,162,76,71,,Indep.,Southland,,,,,,
261946,1974-12-13,,1975,regular,,final,Memphis,Murray State,163,184,102,77,,Indep.,OVC,,,,,,
261947,1974-12-13,,1975,regular,,final,Minnesota,Northern Illinois,173,208,63,57,,Big Ten,Indep.,,,,,,
261948,1974-12-13,,1975,regular,,final,Portland,Montana,230,179,47,83,,Indep.,Big Sky,,,,,,
261949,1974-12-13,,1975,regular,,final,Marshall,Oral Roberts,158,222,82,73,,Indep.,Indep.,,,,,,
261950,1974-12-13,,1975,regular,,final,Michigan State,Western Michigan,169,351,62,59,,Big Ten,MAC,,,,,,
261951,1974-12-13,,1975,regular,,final,Portland State,Northern Colorado,231,207,107,76,,Indep.,,,,,,,
261953,1974-12-13,,1975,regular,,final,Nebraska,Wichita State,188,352,78,65,,MVC,MVC,,,,,,
261954,1974-12-13,,1975,regular,,final,Texas Tech,New Mexico,298,191,70,50,,,UAC,,,,,,
261955,1974-12-13,,1975,regular,,final,New Mexico State,UTEP,192,327,41,48,,MVC,UAC,,,,,,
261956,1974-12-13,,1975,regular,,final,Oklahoma,Furman,217,93,71,56,,,SoCon,,,,,,
261957,1974-12-13,,1975,regular,,final,Ohio State,Ohio,216,215,96,87,,Big Ten,MAC,,,,,,
261959,1974-12-13,,1975,regular,,final,Princeton,Davidson,234,63,72,56,,Ivy,SoCon,,,,,,
261960,1974-12-13,,1975,regular,,final,Providence,Syracuse,235,286,80,57,,Indep.,Indep.,,,,,,
261961,1974-12-13,,1975,regular,,final,VMI,Richmond,334,242,90,95,,SoCon,SoCon,,,,,,
261962,1974-12-13,,1975,regular,,final,Rice,San Diego State,241,257,75,83,,,Big West,,,,,,
261963,1974-12-13,,1975,regular,,final,Niagara,St. Francis Brooklyn,194,364,83,61,,Indep.,Indep.,,,,,,
261964,1974-12-13,,1975,regular,,final,Pittsburgh,Saint Joseph's,229,251,72,60,,Indep.,,,,,,,
261965,1974-12-13,,1975,regular,,final,SMU,Southern Miss,248,275,85,91,,,Indep.,,,,,,
261966,1974-12-13,,1975,regular,,final,Nevada,Stanford,189,281,70,90,,WCC,Pac-12,,,,,,
261967,1974-12-13,,1975,regular,,final,St. John's,Rutgers,279,245,74,85,,Indep.,Indep.,,,,,,
261968,1974-12-13,,1975,regular,,final,Fresno State,Saint Mary's,92,253,82,93,,Big West,WCC,,,,,,
261970,1974-12-13,,1975,regular,,final,Marquette,Toledo,157,300,64,61,,Indep.,MAC,,,,,,
261971,1974-12-13,,1975,regular,,final,Texas Pan American,Tulsa,1535,304,76,70,,,MVC,,,,,,
261973,1974-12-13,,1975,regular,,final,Utah,West Virginia,331,347,90,78,,UAC,Indep.,,,,,,
261974,1974-12-13,,1975,regular,,final,Wyoming,Denver,358,68,86,70,,UAC,Indep.,,,,,,
261975,1974-12-15,,1975,regular,,final,American University,Howard,8,114,71,56,,,MEAC,,,,,,
261976,1974-12-15,,1975,regular,,final,App State,East Tennessee State,9,75,79,96,,SoCon,OVC,,,,,,
261977,1974-12-15,,1975,regular,,final,Detroit Mercy,Bowling Green,69,28,82,69,,Indep.,MAC,,,,,,
261978,1974-12-15,,1975,regular,,final,Colorado,California,56,40,76,85,,,Pac-12,,,,,,
261979,1974-12-15,,1975,regular,,final,Creighton,Southern Illinois,61,273,81,69,,Indep.,MVC,,,,,,
261980,1974-12-15,,1975,regular,,final,Weber State,Colorado State,345,57,67,58,,Big Sky,UAC,,,,,,
261981,1974-12-15,,1975,regular,,final,DePaul,Rhode Island,65,240,50,48,,Indep.,Indep.,,,,,,
261982,1974-12-15,,1975,regular,,final,Houston Christian,McNeese,112,162,69,66,,Indep.,Southland,,,,,,
261983,1974-12-15,,1975,regular,,final,Houston,USC,113,323,96,97,,Indep.,Pac-12,,,,,,
261984,1974-12-15,,1975,regular,,final,Idaho,Portland,117,230,72,57,,Big Sky,Indep.,,,,,,
261985,1974-12-15,,1975,regular,,final,Indiana,Toledo,121,300,92,70,,Big Ten,MAC,,,,,,
261986,1974-12-15,,1975,regular,,final,Morehead State,Louisiana Tech,181,149,93,89,,OVC,Southland,,,,,,
261987,1974-12-15,,1975,regular,,final,Minnesota,Stanford,173,281,53,52,,Big Ten,Pac-12,,,,,,
261988,1974-12-15,,1975,regular,,final,Boise State,Northern Colorado,25,207,115,98,,Big Sky,,,,,,,
261989,1974-12-15,,1975,regular,,final,South Alabama,Charleston Southern,265,47,101,82,,Indep.,Indep.,,,,,,
261990,1974-12-15,,1975,regular,,final,UNLV,UC Santa Barbara,322,311,84,81,,WCC,Indep.,,,,,,
261991,1974-12-16,,1975,regular,,final,Arizona State,San Diego State,10,257,96,86,,UAC,Big West,,,,,,
261992,1974-12-16,,1975,regular,,final,East Carolina,Georgia State,74,100,88,79,,SoCon,Indep.,,,,,,
261993,1974-12-16,,1975,regular,,final,Furman,Florida,93,87,86,65,,SoCon,SEC,,,,,,
261994,1974-12-16,,1975,regular,,final,Southern Miss,Georgia Tech,275,101,94,86,,Indep.,Indep.,,,,,,
261995,1974-12-16,,1975,regular,,final,Memphis,Brown,163,30,85,83,,Indep.,Ivy,,,,,,
261996,1974-12-16,,1975,regular,,final,Nebraska,San José State,188,260,66,80,,MVC,Big West,,,,,,
261997,1974-12-16,,1975,regular,,final,Syracuse,Penn State,286,226,75,71,,Indep.,Indep.,,,,,,
261998,1974-12-16,,1975,regular,,final,Rutgers,Princeton,245,234,73,67,,Indep.,Ivy,,,,,,
261999,1974-12-16,,1975,regular,,final,Utah State,Utah,329,331,82,88,,Indep.,UAC,,,,,,
262000,1974-12-16,,1975,regular,,final,VCU,Centenary (LA),333,367,76,75,,Indep.,Indep.,,,,,,
262001,1974-12-16,,1975,regular,,final,William & Mary,Davidson,353,63,76,75,,SoCon,SoCon,,,,,,
262002,1974-12-17,,1975,regular,,final,Rice,California,241,40,54,64,,,Pac-12,,,,,,
262003,1974-12-17,,1975,regular,,final,Louisville,Clemson,150,52,90,75,,MVC,ACC,,,,,,
262004,1974-12-17,,1975,regular,,final,La Salle,Canisius,137,42,69,70,,,Indep.,,,,,,
262005,1974-12-17,,1975,regular,,final,Niagara,Long Island University,194,146,78,77,,Indep.,Indep.,,,,,,
262006,1974-12-17,,1975,regular,,final,Tulane,LSU,303,136,82,84,,Indep.,SEC,,,,,,
262007,1974-12-17,,1975,regular,,final,Mercer,South Florida,164,271,81,84,,Indep.,Indep.,,,,,,
262008,1974-12-17,,1975,regular,,final,Loyola Chicago,Minnesota,151,173,53,66,,Indep.,Big Ten,,,,,,
262009,1974-12-17,,1975,regular,,final,Xavier,Morehead State,359,181,63,68,,Indep.,OVC,,,,,,
262010,1974-12-17,,1975,regular,,final,Pittsburgh,Marquette,229,157,65,58,,Indep.,Indep.,,,,,,
262011,1974-12-17,,1975,regular,,final,Ohio State,Virginia Tech,216,340,71,72,,Big Ten,Indep.,,,,,,
262012,1974-12-17,,1975,regular,,final,Temple,Navy,289,187,64,63,,,Indep.,,,,,,
262013,1974-12-17,,1975,regular,,final,UNLV,Rhode Island,322,240,94,80,,WCC,Indep.,,,,,,
262014,1974-12-17,,1975,regular,,final,Wisconsin,Stanford,355,281,67,89,,Big Ten,Pac-12,,,,,,
262015,1974-12-17,,1975,regular,,final,Washington State,Denver,344,68,72,69,,Pac-12,Indep.,,,,,,
262016,1974-12-18,,1975,regular,,final,Baylor,Louisiana Tech,20,149,70,60,,,Southland,,,,,,
262017,1974-12-18,,1975,regular,,final,Georgia,Brown,98,30,75,79,,SEC,Ivy,,,,,,
262018,1974-12-18,,1975,regular,,final,Colorado,San Diego State,56,257,85,84,,,Big West,,,,,,
262019,1974-12-18,,1975,regular,,final,Harvard,Dartmouth,107,62,64,62,,Ivy,Ivy,,,,,,
262020,1974-12-18,,1975,regular,,final,Iowa State,Drake,125,70,64,65,,,MVC,,,,,,
262021,1974-12-18,,1975,regular,,final,Kent State,Ball State,134,19,71,61,,MAC,Indep.,,,,,,
262022,1974-12-18,,1975,regular,,final,Mississippi State,Georgia Tech,174,101,61,64,,SEC,Indep.,,,,,,
262024,1974-12-18,,1975,regular,,final,Montana,Seattle U,179,262,80,61,,Big Sky,WCC,,,,,,
262025,1974-12-18,,1975,regular,,final,DePaul,San José State,65,260,75,73,,Indep.,Big West,,,,,,
262026,1974-12-18,,1975,regular,,final,UTEP,Miami (OH),327,167,72,66,,UAC,MAC,,,,,,
262027,1974-12-18,,1975,regular,,final,Fresno State,Utah State,92,329,79,77,,Big West,Indep.,,,,,,
262028,1974-12-18,,1975,regular,,final,VCU,UL Monroe,333,316,83,75,,Indep.,Indep.,,,,,,
262029,1974-12-19,,1975,regular,,final,Arkansas State,Houston Christian,13,112,83,75,,Southland,Indep.,,,,,,
262030,1974-12-19,,1975,regular,,final,Portland State,Boise State,231,25,106,73,,Indep.,Big Sky,,,,,,
262031,1974-12-19,,1975,regular,,final,BYU,Rhode Island,18,240,82,49,,UAC,Indep.,,,,,,
262032,1974-12-19,,1975,regular,,final,Oregon State,Cal State LA,224,1053,88,75,,Pac-12,,,,,,,
262036,1974-12-19,,1975,regular,,final,Dayton,Texas Tech,64,298,67,76,,Indep.,,,,,,,
262037,1974-12-19,,1975,regular,,final,Stetson,Fairleigh Dickinson,283,84,81,67,,Indep.,Indep.,,,,,,
262038,1974-12-19,,1975,regular,,final,Holy Cross,Iona,111,123,87,46,,Indep.,Indep.,,,,,,
262039,1974-12-19,,1975,regular,,final,Indiana,Creighton,121,61,71,53,,Big Ten,Indep.,,,,,,
262040,1974-12-19,,1975,regular,,final,Kentucky,Washington State,135,344,97,75,,SEC,Pac-12,,,,,,
262042,1974-12-19,,1975,regular,,final,UCLA,Memphis,313,163,113,94,,Pac-12,Indep.,,,,,,
262043,1974-12-19,,1975,regular,,final,Virginia Tech,Michigan,340,170,50,84,,Indep.,Big Ten,,,,,,
262045,1974-12-19,,1975,regular,,final,San Francisco,Michigan State,259,169,78,86,,WCC,Big Ten,,,,,,
262050,1974-12-19,,1975,regular,,final,South Carolina,Princeton,266,234,65,48,,Indep.,Ivy,,,,,,
262051,1974-12-19,,1975,regular,,final,USC,Vanderbilt,323,336,98,93,,Pac-12,SEC,,,,,,
262052,1974-12-19,,1975,regular,,final,UTEP,Texas A&M,327,293,71,69,,UAC,,,,,,,
262053,1974-12-19,,1975,regular,,final,Rutgers,Temple,245,289,75,56,,Indep.,,,,,,,
262055,1974-12-20,,1975,regular,,final,Alabama,Austin Peay,5,17,85,65,,SEC,OVC,,,,,,
262056,1974-12-20,,1975,regular,,final,Army,Niagara,15,194,63,72,,Indep.,Indep.,,,,,,
262057,1974-12-20,,1975,regular,,final,Central Michigan,Ball State,45,19,101,77,,MAC,Indep.,,,,,,
262058,1974-12-20,,1975,regular,,final,Bradley,Saint Louis,29,252,74,66,,MVC,Indep.,,,,,,
262059,1974-12-20,,1975,regular,,final,Butler,Georgia Southern,34,99,86,81,,,Indep.,,,,,,
262060,1974-12-20,,1975,regular,,final,BYU,Denver,18,68,90,89,,UAC,Indep.,,,,,,
262061,1974-12-20,,1975,regular,,final,Canisius,Xavier,42,359,70,68,,Indep.,Indep.,,,,,,
262062,1974-12-20,,1975,regular,,final,Dayton,Clemson,64,52,71,69,,Indep.,ACC,,,,,,
262063,1974-12-20,,1975,regular,,final,Arizona,Colorado,11,56,94,63,,UAC,,,,,,,
262064,1974-12-20,,1975,regular,,final,UC Santa Barbara,Montana,311,179,72,62,,Indep.,Big Sky,,,,,,
262068,1974-12-20,,1975,regular,,final,East Carolina,Mercer,74,164,121,82,,SoCon,Indep.,,,,,,
262069,1974-12-20,,1975,regular,,final,Marshall,Eastern Kentucky,158,78,102,89,,Indep.,OVC,,,,,,
262070,1974-12-20,,1975,regular,,final,South Florida,Fairleigh Dickinson,271,84,69,49,,Indep.,Indep.,,,,,,
262071,1974-12-20,,1975,regular,,final,Florida State,Ohio,90,215,67,60,,Indep.,MAC,,,,,,
262072,1974-12-20,,1975,regular,,final,Houston,Kansas State,113,132,90,91,,Indep.,,,,,,,
262073,1974-12-20,,1975,regular,,final,Indiana State,Loyola Chicago,122,151,69,73,,Indep.,Indep.,,,,,,
262074,1974-12-20,,1975,regular,,final,Iowa,San José State,124,260,103,105,,Big Ten,Big West,,,,,,
262077,1974-12-20,,1975,regular,,final,Hofstra,Long Island University,110,146,73,87,,,Indep.,,,,,,
262078,1974-12-20,,1975,regular,,final,Marquette,Louisville,157,150,69,80,,Indep.,MVC,,,,,,
262079,1974-12-20,,1975,regular,,final,South Carolina,LSU,266,136,77,64,,Indep.,SEC,,,,,,
262080,1974-12-20,,1975,regular,,final,George Washington,Maryland,96,160,67,81,,,ACC,,,,,,
262081,1974-12-20,,1975,regular,,final,Pepperdine,Memphis,228,163,108,111,,WCC,Indep.,,,,,,
262082,1974-12-20,,1975,regular,,final,Michigan,Manhattan,170,155,77,66,,Big Ten,Indep.,,,,,,
262083,1974-12-20,,1975,regular,,final,Furman,Minnesota,93,173,77,66,,SoCon,Big Ten,,,,,,
262084,1974-12-20,,1975,regular,,final,Ole Miss,Tulane,220,303,93,73,,SEC,Indep.,,,,,,
262088,1974-12-20,,1975,regular,,final,Indiana,Nebraska,121,188,97,60,,Big Ten,MVC,,,,,,
262089,1974-12-20,,1975,regular,,final,USC,New Mexico,323,191,84,74,,Pac-12,UAC,,,,,,
262090,1974-12-20,,1975,regular,,final,UCLA,Notre Dame,313,213,85,72,,Pac-12,Indep.,,,,,,
262091,1974-12-20,,1975,regular,,final,Kentucky,Oklahoma State,135,218,90,65,,SEC,,,,,,,
262092,1974-12-20,,1975,regular,,final,Oregon State,Samford,224,256,87,66,,Pac-12,Indep.,,,,,,
262093,1974-12-20,,1975,regular,,final,Ohio State,UT Arlington,216,324,79,64,,Big Ten,Southland,,,,,,
262094,1974-12-20,,1975,regular,,final,Pacific,Cal State LA,225,1053,88,72,,Big West,,,,,,,
262095,1974-12-20,,1975,regular,,final,Penn State (Beaver),Northeastern,1353,205,109,72,,,Indep.,,,,,,
262096,1974-12-20,,1975,regular,,final,Pittsburgh,St. Francis (PA),229,278,85,65,,Indep.,Indep.,,,,,,
262097,1974-12-20,,1975,regular,,final,Providence,DePaul,235,65,85,71,,Indep.,Indep.,,,,,,
262098,1974-12-20,,1975,regular,,final,Texas Pan American,Rice,1535,241,83,81,,,,,,,,,
262099,1974-12-20,,1975,regular,,final,Seattle U,Portland,262,230,69,72,,WCC,Indep.,,,,,,
262100,1974-12-20,,1975,regular,,final,St. Francis Brooklyn,Seton Hall,364,263,89,108,,Indep.,Indep.,,,,,,
262101,1974-12-20,,1975,regular,,final,West Texas A&M,Southern Illinois,1440,273,62,63,,MVC,MVC,,,,,,
262102,1974-12-20,,1975,regular,,final,Georgia,Southern Miss,98,275,102,76,,SEC,Indep.,,,,,,
262104,1974-12-20,,1975,regular,,final,St. John's,Boston College,279,26,75,62,,Indep.,Indep.,,,,,,
262105,1974-12-20,,1975,regular,,final,TCU,Florida,287,87,61,73,,,SEC,,,,,,
262106,1974-12-20,,1975,regular,,final,Eastern Michigan,Toledo,79,300,59,81,,MAC,MAC,,,,,,
262107,1974-12-20,,1975,regular,,final,Arkansas,Tulsa,12,304,60,64,,,MVC,,,,,,
262108,1974-12-20,,1975,regular,,final,Yale,North Carolina,360,200,53,70,,Ivy,ACC,,,,,,
262109,1974-12-20,,1975,regular,,final,UNLV,Illinois State,322,119,99,88,,WCC,Indep.,,,,,,
262110,1974-12-20,,1975,regular,,final,Stanford,Utah State,281,329,74,77,,Pac-12,Indep.,,,,,,
262111,1974-12-20,,1975,regular,,final,VCU,Buffalo,333,33,105,73,,Indep.,Indep.,,,,,,
262112,1974-12-20,,1975,regular,,final,William & Mary,Wake Forest,353,342,59,58,,SoCon,ACC,,,,,,
262114,1974-12-20,,1975,regular,,final,Oklahoma,Wichita State,217,352,77,55,,,MVC,,,,,,
262115,1974-12-20,,1975,regular,,final,Wisconsin,Brown,355,30,79,68,,Big Ten,Ivy,,,,,,
262116,1974-12-20,,1975,regular,,final,Oral Roberts,Western Michigan,222,351,67,70,,Indep.,MAC,,,,,,
262118,1974-12-22,,1975,regular,,final,Butler,Ball State,34,19,74,91,,,Indep.,,,,,,
262119,1974-12-22,,1975,regular,,final,Saint Louis,Drake,252,70,77,71,,Indep.,MVC,,,,,,
262120,1974-12-22,,1975,regular,,final,Stanford,Florida,281,87,80,70,,Pac-12,SEC,,,,,,
262121,1974-12-22,,1975,regular,,final,Ohio State,Georgia Tech,216,101,75,67,,Big Ten,Indep.,,,,,,
262122,1974-12-22,,1975,regular,,final,Georgetown,Eastern Kentucky,97,78,79,69,,Indep.,OVC,,,,,,
262123,1974-12-22,,1975,regular,,final,Indiana State,Central Michigan,122,45,77,88,,Indep.,MAC,,,,,,
262124,1974-12-22,,1975,regular,,final,Kentucky,Kansas,135,131,100,63,,SEC,,,,,,,
262125,1974-12-22,,1975,regular,,final,Texas Pan American,Lamar,1535,139,85,77,,,Southland,,,,,,
262126,1974-12-22,,1975,regular,,final,Cleveland State,Loyola Chicago,53,151,76,73,,Indep.,Indep.,,,,,,
262127,1974-12-22,,1975,regular,,final,Portland State,Montana,231,179,88,69,,Indep.,Big Sky,,,,,,
262128,1974-12-22,,1975,regular,,final,Detroit Mercy,Michigan State,69,169,69,72,,Indep.,Big Ten,,,,,,
262129,1974-12-22,,1975,regular,,final,Nebraska,Vanderbilt,188,336,81,66,,MVC,SEC,,,,,,
262130,1974-12-22,,1975,regular,,final,New Mexico State,Samford,192,256,93,58,,MVC,Indep.,,,,,,
262131,1974-12-22,,1975,regular,,final,Texas,Northwestern,295,212,63,59,,,Big Ten,,,,,,
262132,1974-12-22,,1975,regular,,final,South Florida,Ohio,271,215,63,73,,Indep.,MAC,,,,,,
262133,1974-12-22,,1975,regular,,final,Oklahoma City,Arkansas,1476,12,79,77,,,,,,,,,
262134,1974-12-22,,1975,regular,,final,Oregon,Villanova,223,338,116,77,,Pac-12,Indep.,,,,,,
262135,1974-12-22,,1975,regular,,final,Virginia Tech,Alabama,340,5,73,77,,Indep.,SEC,,,,,,
262136,1974-12-22,,1975,regular,,final,San Diego State,Western Michigan,257,351,60,58,,Big West,MAC,,,,,,
262141,1974-12-25,,1975,regular,,final,Furman,George Washington,93,96,102,76,,SoCon,,,,,,,
262142,1974-12-25,,1975,regular,,final,Hawai'i,San José State,108,260,64,63,,Indep.,Big West,,,,,,
262145,1974-12-25,,1975,regular,,final,Louisville,Western Kentucky,150,350,107,81,,MVC,OVC,,,,,,
262148,1974-12-25,,1975,regular,,final,Oklahoma City,Xavier,1476,359,70,68,,,Indep.,,,,,,
262151,1974-12-25,,1975,regular,,final,Providence,Holy Cross,235,111,76,75,,Indep.,Indep.,,,,,,
262152,1974-12-25,,1975,regular,,final,Penn State,Jacksonville,226,127,75,73,,Indep.,Indep.,,,,,,
262163,1974-12-26,,1975,regular,,final,Santa Clara,Indiana State,261,122,64,65,,WCC,Indep.,,,,,,
262165,1974-12-26,,1975,regular,,final,Detroit Mercy,Eastern Michigan,69,79,60,62,,Indep.,MAC,,,,,,
262166,1974-12-26,,1975,regular,,final,Brown,Drake,30,70,58,70,,Ivy,MVC,,,,,,
262169,1974-12-26,,1975,regular,,final,Maryland,Georgia Tech,160,101,105,67,,ACC,Indep.,,,,,,
262170,1974-12-26,,1975,regular,,final,Oral Roberts,Harvard,222,107,91,84,,Indep.,Ivy,,,,,,
262173,1974-12-26,,1975,regular,,final,Furman,Lafayette,93,138,89,81,,SoCon,,,,,,,
262175,1974-12-26,,1975,regular,,final,Louisville,Florida State,150,90,79,61,,MVC,Indep.,,,,,,
262176,1974-12-26,,1975,regular,,final,LSU,Saint Peter's,136,254,113,101,,SEC,Indep.,,,,,,
262179,1974-12-26,,1975,regular,,final,Minnesota,Navy,173,187,68,35,,Big Ten,Indep.,,,,,,
262180,1974-12-26,,1975,regular,,final,Marquette,Georgia,157,98,100,70,,Indep.,SEC,,,,,,
262183,1974-12-26,,1975,regular,,final,NC State,Kent State,185,134,99,61,,ACC,MAC,,,,,,
262184,1974-12-26,,1975,regular,,final,New Mexico,Army,191,15,95,65,,UAC,Indep.,,,,,,
262187,1974-12-26,,1975,regular,,final,UL Monroe,Rice,316,241,86,71,,Indep.,,,,,,,
262191,1974-12-26,,1975,regular,,final,San Francisco,TCU,259,287,99,86,,WCC,,,,,,,
262192,1974-12-26,,1975,regular,,final,Jacksonville,Temple,127,289,63,52,,Indep.,,,,,,,
262196,1974-12-26,,1975,regular,,final,UNLV,South Alabama,322,265,99,80,,WCC,Indep.,,,,,,
262197,1974-12-26,,1975,regular,,final,Wichita State,Loyola Chicago,352,151,74,82,,MVC,Indep.,,,,,,
262201,1974-12-27,,1975,regular,,final,Oral Roberts,Bowling Green,222,28,95,86,,Indep.,MAC,,,,,,
262203,1974-12-27,,1975,regular,,final,BYU,Utah State,18,329,79,83,,UAC,Indep.,,,,,,
262204,1974-12-27,,1975,regular,,final,Cincinnati,Pepperdine,51,228,107,88,,Indep.,WCC,,,,,,
262205,1974-12-27,,1975,regular,,final,Minnesota,Clemson,173,52,66,52,,Big Ten,ACC,,,,,,
262207,1974-12-27,,1975,regular,,final,Santa Clara,Southern Illinois,261,273,55,65,,WCC,MVC,,,,,,
262208,1974-12-27,,1975,regular,,final,Colorado State,Boise State,57,25,96,65,,UAC,Big Sky,,,,,,
262211,1974-12-27,,1975,regular,,final,DePaul,Marshall,65,158,104,77,,Indep.,Indep.,,,,,,
262212,1974-12-27,,1975,regular,,final,Detroit Mercy,Western Michigan,69,351,65,80,,Indep.,MAC,,,,,,
262213,1974-12-27,,1975,regular,,final,Providence,Drake,235,70,83,73,,Indep.,MVC,,,,,,
262217,1974-12-27,,1975,regular,,final,Hawai'i,Villanova,108,338,75,65,,Indep.,Indep.,,,,,,
262220,1974-12-27,,1975,regular,,final,Illinois State,Fairleigh Dickinson,119,84,72,68,,Indep.,Indep.,,,,,,
262226,1974-12-27,,1975,regular,,final,Long Beach State,Weber State,145,345,58,54,,Big West,Big Sky,,,,,,
262227,1974-12-27,,1975,regular,,final,LSU,Texas,136,295,63,78,,SEC,,,,,,,
262228,1974-12-27,,1975,regular,,final,Maryland,UCLA,160,313,75,81,,ACC,Pac-12,,,,,,
262230,1974-12-27,,1975,regular,,final,Portland State,Montana State,231,180,82,76,,Indep.,Big Sky,,,,,,
262231,1974-12-27,,1975,regular,,final,Marquette,Virginia,157,339,73,55,,Indep.,ACC,,,,,,
262232,1974-12-27,,1975,regular,,final,Indiana State,Mississippi State,122,174,82,72,,Indep.,SEC,,,,,,
262233,1974-12-27,,1975,regular,,final,NC State,Pittsburgh,185,229,86,70,,ACC,Indep.,,,,,,
262234,1974-12-27,,1975,regular,,final,New Mexico,Stanford,191,281,78,63,,UAC,Pac-12,,,,,,
262235,1974-12-27,,1975,regular,,final,UT Arlington,New Mexico State,324,192,56,75,,Southland,MVC,,,,,,
262237,1974-12-27,,1975,regular,,final,Oklahoma City,Charlotte,1476,48,67,64,,,Indep.,,,,,,
262246,1974-12-27,,1975,regular,,final,Manhattan,Seton Hall,155,263,70,66,,Indep.,Indep.,,,,,,
262247,1974-12-27,,1975,regular,,final,San Francisco,UC Santa Barbara,259,311,76,72,,WCC,Indep.,,,,,,
262250,1974-12-27,,1975,regular,,final,Texas Tech,Ole Miss,298,220,90,85,,,SEC,,,,,,
262251,1974-12-27,,1975,regular,,final,UL Monroe,Tulane,316,303,95,73,,Indep.,Indep.,,,,,,
262252,1974-12-27,,1975,regular,,final,Butler,Toledo,34,300,82,70,,,MAC,,,,,,
262255,1974-12-27,,1975,regular,,final,UNLV,Fresno State,322,92,80,64,,WCC,Big West,,,,,,
262256,1974-12-27,,1975,regular,,final,Vanderbilt,Middle Tennessee,336,171,81,68,,SEC,OVC,,,,,,
262257,1974-12-27,,1975,regular,,final,VCU,Saint Peter's,333,254,86,68,,Indep.,Indep.,,,,,,
262258,1974-12-27,,1975,regular,,final,Washington,Bradley,343,29,88,73,,Pac-12,MVC,,,,,,
262262,1974-12-27,,1975,regular,,final,South Florida,Yale,271,360,69,60,,Indep.,Ivy,,,,,,
262263,1974-12-28,,1975,regular,,final,Milwaukee,Air Force,172,2,61,65,,Indep.,Indep.,,,,,,
262264,1974-12-28,,1975,regular,,final,Brown,Holy Cross,30,111,71,92,,Ivy,Indep.,,,,,,
262271,1974-12-28,,1975,regular,,final,Oklahoma City,Centenary (LA),1476,367,80,91,,,Indep.,,,,,,
262275,1974-12-29,,1975,regular,,final,Brown,Rhode Island,30,240,67,61,,Ivy,Indep.,,,,,,
262276,1974-12-29,,1975,regular,,final,BYU,Bradley,18,29,100,87,,UAC,MVC,,,,,,
262277,1974-12-29,,1975,regular,,final,Saint Louis,Cincinnati,252,51,89,68,,Indep.,Indep.,,,,,,
262278,1974-12-29,,1975,regular,,final,William & Mary,Columbia,353,58,75,63,,SoCon,Ivy,,,,,,
262280,1974-12-29,,1975,regular,,final,Dayton,Harvard,64,107,77,64,,Indep.,Ivy,,,,,,
262281,1974-12-29,,1975,regular,,final,DePaul,Northwestern,65,212,77,63,,Indep.,Big Ten,,,,,,
262285,1974-12-29,,1975,regular,,final,Hawai'i,Indiana,108,121,52,69,,Indep.,Big Ten,,,,,,
262289,1974-12-29,,1975,regular,,final,Loyola Chicago,Ohio,151,215,63,75,,Indep.,MAC,,,,,,
262290,1974-12-29,,1975,regular,,final,South Florida,Maine-Farmington,271,1078,78,67,,Indep.,,,,,,,
262293,1974-12-29,,1975,regular,,final,UTEP,New Mexico State,327,192,39,61,,UAC,MVC,,,,,,
262294,1974-12-29,,1975,regular,,final,Butler,Notre Dame,34,213,83,93,,,Indep.,,,,,,
262300,1974-12-29,,1975,regular,,final,Austin Peay,Southern Miss,17,275,91,83,,OVC,Indep.,,,,,,
262301,1974-12-29,,1975,regular,,final,Arizona,Stanford,11,281,80,67,,UAC,Pac-12,,,,,,
262302,1974-12-29,,1975,regular,,final,Providence,St. John's,235,279,78,91,,Indep.,Indep.,,,,,,
262303,1974-12-29,,1975,regular,,final,Fordham,USC,91,323,83,66,,Indep.,Pac-12,,,,,,
262304,1974-12-29,,1975,regular,,final,Utah State,Santa Clara,329,261,98,74,,Indep.,WCC,,,,,,
262305,1974-12-29,,1975,regular,,final,VCU,Texas A&M,333,293,70,84,,Indep.,,,,,,,
262306,1974-12-29,,1975,regular,,final,Virginia Tech,Vermont,340,337,107,87,,Indep.,Indep.,,,,,,
262308,1974-12-29,,1975,regular,,final,Memphis,Wichita State,163,352,91,95,,Indep.,MVC,,,,,,
262309,1974-12-30,,1975,regular,,final,BYU,Davidson,18,63,90,76,,UAC,SoCon,,,,,,
262310,1974-12-30,,1975,regular,,final,Tennessee,Vermont,292,337,115,66,,SEC,Indep.,,,,,,
262311,1974-12-31,,1975,regular,,final,Utah,Nevada,331,189,101,77,,UAC,WCC,,,,,,
262312,1975-01-01,,1975,regular,,final,South Alabama,Austin Peay,265,17,85,91,,Indep.,OVC,,,,,,
262313,1975-01-01,,1975,regular,,final,Cincinnati,New Hampshire,51,190,57,32,,Indep.,Indep.,,,,,,
262314,1975-01-01,,1975,regular,,final,Drexel,Delaware,71,66,66,64,,,,,,,,,
262315,1975-01-01,,1975,regular,,final,Drake,Creighton,70,61,70,71,,MVC,Indep.,,,,,,
262316,1975-01-01,,1975,regular,,final,Ole Miss,Georgia,220,98,83,88,,SEC,SEC,,,,,,
262317,1975-01-01,,1975,regular,,final,Memphis,Georgia State,163,100,102,76,,Indep.,Indep.,,,,,,
262318,1975-01-01,,1975,regular,,final,Florida,Georgia Tech,87,101,90,69,,SEC,Indep.,,,,,,
262319,1975-01-01,,1975,regular,,final,Illinois,Michigan,118,170,84,86,,Big Ten,Big Ten,,,,,,
262320,1975-01-01,,1975,regular,,final,Northwestern,Iowa,212,124,73,75,,Big Ten,Big Ten,,,,,,
262321,1975-01-01,,1975,regular,,final,Maryland,App State,160,9,96,50,,ACC,SoCon,,,,,,
262322,1975-01-01,,1975,regular,,final,Tennessee Tech,Mercer,291,164,100,88,,OVC,Indep.,,,,,,
262323,1975-01-01,,1975,regular,,final,Purdue,Michigan State,236,169,93,86,,Big Ten,Big Ten,,,,,,
262324,1975-01-01,,1975,regular,,final,UT Arlington,Oklahoma City,324,1476,63,65,,Southland,,,,,,,
262325,1975-01-01,,1975,regular,,final,San Diego State,Oklahoma,257,217,74,79,,Big West,,,,,,,
262326,1975-01-01,,1975,regular,,final,San Francisco,Providence,259,235,96,68,,WCC,Indep.,,,,,,
262327,1975-01-01,,1975,regular,,final,Southern Illinois,Samford,273,256,75,62,,MVC,Indep.,,,,,,
262328,1975-01-01,,1975,regular,,final,TCU,Houston Christian,287,112,98,61,,,Indep.,,,,,,
262329,1975-01-01,,1975,regular,,final,Texas Tech,Arizona,298,11,61,62,,,UAC,,,,,,
262331,1975-01-01,,1975,regular,,final,Wisconsin,Minnesota,355,173,46,61,,Big Ten,Big Ten,,,,,,
262332,1975-01-01,,1975,regular,,final,Gonzaga,Washington State,102,344,50,73,,Big Sky,Pac-12,,,,,,
262333,1975-01-01,,1975,regular,,final,Milwaukee,West Texas A&M,172,1440,99,87,,Indep.,MVC,,,,,,
262334,1975-01-01,,1975,regular,,final,Stetson,Yale,283,360,79,66,,Indep.,Ivy,,,,,,
262335,1975-01-02,,1975,regular,,final,Boise State,Portland State,25,231,102,101,,Big Sky,Indep.,,,,,,
262336,1975-01-02,,1975,regular,,final,Washington,Colorado,343,56,90,61,,Pac-12,,,,,,,
262338,1975-01-02,,1975,regular,,final,George Washington,Boston University,96,27,80,71,,,Indep.,,,,,,
262339,1975-01-02,,1975,regular,,final,Houston,Hawai'i,113,108,105,86,,Indep.,Indep.,,,,,,
262340,1975-01-02,,1975,regular,,final,Lafayette,Vermont,138,337,72,65,,,Indep.,,,,,,
262341,1975-01-02,,1975,regular,,final,Montana,Weber State,179,345,68,48,,Big Sky,Big Sky,,,,,,
262342,1975-01-02,,1975,regular,,final,Montana State,Northern Arizona,180,206,74,70,,Big Sky,Big Sky,,,,,,
262343,1975-01-02,,1975,regular,,final,Marquette,DePaul,157,65,61,60,,Indep.,Indep.,,,,,,
262344,1975-01-02,,1975,regular,,final,NC State,Wake Forest,185,342,78,83,,ACC,ACC,,,,,,
262345,1975-01-02,,1975,regular,,final,Baylor,Oklahoma State,20,218,72,79,,,,,,,,,
262346,1975-01-02,,1975,regular,,final,Arizona State,Oregon State,10,224,76,70,,UAC,Pac-12,,,,,,
262347,1975-01-02,,1975,regular,,final,San Francisco,Stanford,259,281,87,82,,WCC,Pac-12,,,,,,
262348,1975-01-02,,1975,regular,,final,UCLA,Davidson,313,63,91,64,,Pac-12,SoCon,,,,,,
262350,1975-01-02,,1975,regular,,final,USC,Villanova,323,338,101,74,,Pac-12,Indep.,,,,,,
262351,1975-01-02,,1975,regular,,final,American University,West Virginia,8,347,82,78,,,Indep.,,,,,,
262352,1975-01-03,,1975,regular,,final,Alabama,Vanderbilt,5,336,104,77,,SEC,SEC,,,,,,
262354,1975-01-03,,1975,regular,,final,Tennessee,Auburn,292,16,96,81,,SEC,SEC,,,,,,
262355,1975-01-03,,1975,regular,,final,Penn State,Boston College,226,26,71,82,,Indep.,Indep.,,,,,,
262356,1975-01-03,,1975,regular,,final,BYU,UL Monroe,18,316,100,81,,UAC,Indep.,,,,,,
262357,1975-01-03,,1975,regular,,final,California,Morehead State,40,181,77,71,,Pac-12,OVC,,,,,,
262358,1975-01-03,,1975,regular,,final,Clemson,Virginia,52,339,86,68,,ACC,ACC,,,,,,
262359,1975-01-03,,1975,regular,,final,Long Beach State,Colorado,145,56,91,77,,Big West,,,,,,,
262360,1975-01-03,,1975,regular,,final,New Hampshire,UConn,190,314,57,56,,Indep.,Indep.,,,,,,
262361,1975-01-03,,1975,regular,,final,Creighton,Butler,61,34,73,60,,Indep.,,,,,,,
262362,1975-01-03,,1975,regular,,final,Santa Clara,Pacific,261,225,67,59,,WCC,Big West,,,,,,
262363,1975-01-03,,1975,regular,,final,UC Santa Barbara,Davidson,311,63,91,75,,Indep.,SoCon,,,,,,
262364,1975-01-03,,1975,regular,,final,Pepperdine,Dayton,228,64,80,79,,WCC,Indep.,,,,,,
262365,1975-01-03,,1975,regular,,final,Maine-Farmington,Delaware,1078,66,67,80,,,,,,,,,
262366,1975-01-03,,1975,regular,,final,Colorado State,Denver,57,68,90,67,,UAC,Indep.,,,,,,
262367,1975-01-03,,1975,regular,,final,Canisius,Detroit Mercy,42,69,56,64,,Indep.,Indep.,,,,,,
262368,1975-01-03,,1975,regular,,final,Rider,Drexel,243,71,65,55,,,,,,,,,
262370,1975-01-03,,1975,regular,,final,East Carolina,The Citadel,74,299,111,81,,SoCon,SoCon,,,,,,
262371,1975-01-03,,1975,regular,,final,Florida State,Eastern Kentucky,90,78,107,75,,Indep.,OVC,,,,,,
262372,1975-01-03,,1975,regular,,final,Mercer,Georgia Tech,164,101,68,70,,Indep.,Indep.,,,,,,
262374,1975-01-03,,1975,regular,,final,UT Arlington,Houston Christian,324,112,75,86,,Southland,Indep.,,,,,,
262375,1975-01-03,,1975,regular,,final,Houston,Texas A&M,113,293,92,72,,Indep.,,,,,,,
262376,1975-01-03,,1975,regular,,final,Iowa,Illinois,124,118,95,70,,Big Ten,Big Ten,,,,,,
262377,1975-01-03,,1975,regular,,final,Illinois State,Southern Illinois,119,273,91,84,,Indep.,MVC,,,,,,
262378,1975-01-03,,1975,regular,,final,Michigan State,Indiana,169,121,55,107,,Big Ten,Big Ten,,,,,,
262379,1975-01-03,,1975,regular,,final,Indiana State,Oral Roberts,122,222,77,88,,Indep.,Indep.,,,,,,
262380,1975-01-03,,1975,regular,,final,Jacksonville,Milwaukee,127,172,100,85,,Indep.,Indep.,,,,,,
262381,1975-01-03,,1975,regular,,final,Kentucky,LSU,135,136,115,80,,SEC,SEC,,,,,,
262382,1975-01-03,,1975,regular,,final,Ohio,Kent State,215,134,68,53,,MAC,MAC,,,,,,
262383,1975-01-03,,1975,regular,,final,La Salle,Hofstra,137,110,91,64,,,,,,,,,
262384,1975-01-03,,1975,regular,,final,San Diego State,Loyola Marymount,257,153,57,55,,Big West,WCC,,,,,,
262385,1975-01-03,,1975,regular,,final,Loyola Chicago,Xavier,151,359,67,62,,Indep.,Indep.,,,,,,
262386,1975-01-03,,1975,regular,,final,Louisville,Bradley,150,29,82,80,,MVC,MVC,,,,,,
262387,1975-01-03,,1975,regular,,final,Middle Tennessee,VMI,171,334,93,89,,OVC,SoCon,,,,,,
262388,1975-01-03,,1975,regular,,final,Memphis,Western Kentucky,163,350,79,72,,Indep.,OVC,,,,,,
262389,1975-01-03,,1975,regular,,final,Michigan,Ohio State,170,216,85,73,,Big Ten,Big Ten,,,,,,
262390,1975-01-03,,1975,regular,,final,Miami (OH),Western Michigan,167,351,67,59,,MAC,MAC,,,,,,
262391,1975-01-03,,1975,regular,,final,Montana,Northern Arizona,179,206,106,75,,Big Sky,Big Sky,,,,,,
262392,1975-01-03,,1975,regular,,final,Montana State,Weber State,180,345,74,85,,Big Sky,Big Sky,,,,,,
262393,1975-01-03,,1975,regular,,final,Texas,Missouri,295,177,60,64,,,,,,,,,
262394,1975-01-03,,1975,regular,,final,Florida,Mississippi State,87,174,94,82,,SEC,SEC,,,,,,
262395,1975-01-03,,1975,regular,,final,Murray State,Samford,184,256,87,88,,OVC,Indep.,,,,,,
262396,1975-01-03,,1975,regular,,final,NC State,North Carolina,185,200,82,67,,ACC,ACC,,,,,,
262397,1975-01-03,,1975,regular,,final,Maryland,Notre Dame,160,213,90,82,,ACC,Indep.,,,,,,
262398,1975-01-03,,1975,regular,,final,Oklahoma City,SMU,1476,248,86,75,,,,,,,,,
262399,1975-01-03,,1975,regular,,final,UCLA,Oklahoma,313,217,111,66,,Pac-12,,,,,,,
262400,1975-01-03,,1975,regular,,final,Oregon,Providence,223,235,86,73,,Pac-12,Indep.,,,,,,
262401,1975-01-03,,1975,regular,,final,Nevada,Oregon State,189,224,75,74,,WCC,Pac-12,,,,,,
262402,1975-01-03,,1975,regular,,final,Princeton,Penn State (Beaver),234,1353,50,49,,Ivy,,,,,,,
262403,1975-01-03,,1975,regular,,final,Minnesota,Purdue,173,236,54,51,,Big Ten,Big Ten,,,,,,
262404,1975-01-03,,1975,regular,,final,Rutgers,Long Island University,245,146,97,87,,Indep.,Indep.,,,,,,
262405,1975-01-03,,1975,regular,,final,South Carolina,Manhattan,266,155,82,63,,Indep.,Indep.,,,,,,
262406,1975-01-03,,1975,regular,,final,Seton Hall,Bucknell,263,32,72,61,,Indep.,,,,,,,
262407,1975-01-03,,1975,regular,,final,Iona,St. Francis Brooklyn,123,364,77,73,,Indep.,Indep.,,,,,,
262409,1975-01-03,,1975,regular,,final,St. John's,Georgetown,279,97,63,67,,Indep.,Indep.,,,,,,
262410,1975-01-03,,1975,regular,,final,Saint Louis,West Texas A&M,252,1440,100,61,,Indep.,MVC,,,,,,
262411,1975-01-03,,1975,regular,,final,Saint Mary's,Fresno State,253,92,78,80,,WCC,Big West,,,,,,
262412,1975-01-03,,1975,regular,,final,Syracuse,Pittsburgh,286,229,77,68,,Indep.,Indep.,,,,,,
262413,1975-01-03,,1975,regular,,final,Rhode Island,Temple,240,289,64,67,,Indep.,,,,,,,
262414,1975-01-03,,1975,regular,,final,Bowling Green,Toledo,28,300,66,64,,MAC,MAC,,,,,,
262415,1975-01-03,,1975,regular,,final,Tulsa,New Mexico State,304,192,56,58,,MVC,MVC,,,,,,
262416,1975-01-03,,1975,regular,,final,USC,Furman,323,93,91,84,,Pac-12,SoCon,,,,,,
262417,1975-01-03,,1975,regular,,final,Utah,Utah State,331,329,83,77,,UAC,Indep.,,,,,,
262418,1975-01-03,,1975,regular,,final,St. Bonaventure,Virginia Tech,277,340,88,69,,Indep.,Indep.,,,,,,
262419,1975-01-03,,1975,regular,,final,Northwestern,Wisconsin,212,355,69,66,,Big Ten,Big Ten,,,,,,
262421,1975-01-03,,1975,regular,,final,Wyoming,Air Force,358,2,70,59,,UAC,Indep.,,,,,,
262422,1975-01-05,,1975,regular,,final,Alabama,Tennessee,5,292,82,78,,SEC,SEC,,,,,,
262423,1975-01-05,,1975,regular,,final,East Tennessee State,App State,75,9,86,72,,OVC,SoCon,,,,,,
262424,1975-01-05,,1975,regular,,final,Arizona,Northern Arizona,11,206,78,77,,UAC,Big Sky,,,,,,
262425,1975-01-05,,1975,regular,,final,Centenary (LA),Arkansas,367,12,74,72,,Indep.,,,,,,,
262426,1975-01-05,,1975,regular,,final,Houston Christian,Arkansas State,112,13,79,90,,Indep.,Southland,,,,,,
262427,1975-01-05,,1975,regular,,final,Auburn,Ole Miss,16,220,104,86,,SEC,SEC,,,,,,
262428,1975-01-05,,1975,regular,,final,Niagara,DePaul,194,65,64,63,,Indep.,Indep.,,,,,,
262429,1975-01-05,,1975,regular,,final,Duquesne,Canisius,73,42,84,74,,Indep.,Indep.,,,,,,
262430,1975-01-05,,1975,regular,,final,Houston,Dayton,113,64,86,85,,Indep.,Indep.,,,,,,
262431,1975-01-05,,1975,regular,,final,Minnesota,Illinois,173,118,75,47,,Big Ten,Big Ten,,,,,,
262432,1975-01-05,,1975,regular,,final,Illinois State,Oral Roberts,119,222,107,98,,Indep.,Indep.,,,,,,
262433,1975-01-05,,1975,regular,,final,Michigan,Indiana,170,121,76,90,,Big Ten,Big Ten,,,,,,
262434,1975-01-05,,1975,regular,,final,Iowa,Purdue,124,236,54,63,,Big Ten,Big Ten,,,,,,
262435,1975-01-05,,1975,regular,,final,Jacksonville,Georgia Southern,127,99,94,78,,Indep.,Indep.,,,,,,
262436,1975-01-05,,1975,regular,,final,Saint Louis,Kansas,252,131,72,79,,Indep.,,,,,,,
262437,1975-01-05,,1975,regular,,final,Georgia,Kentucky,98,135,77,96,,SEC,SEC,,,,,,
262438,1975-01-05,,1975,regular,,final,Stetson,Lehigh,283,141,72,57,,Indep.,,,,,,,
262439,1975-01-05,,1975,regular,,final,LSU,Florida,136,87,92,91,,SEC,SEC,,,,,,
262440,1975-01-05,,1975,regular,,final,San Diego State,Marquette,257,157,54,58,,Big West,Indep.,,,,,,
262441,1975-01-05,,1975,regular,,final,Mississippi State,Vanderbilt,174,336,85,96,,SEC,SEC,,,,,,
262442,1975-01-05,,1975,regular,,final,Michigan State,Ohio State,169,216,88,84,,Big Ten,Big Ten,,,,,,
262443,1975-01-05,,1975,regular,,final,UC Santa Barbara,Oklahoma,311,217,89,71,,Indep.,,,,,,,
262444,1975-01-05,,1975,regular,,final,Oklahoma State,Texas Tech,218,298,62,72,,,,,,,,,
262445,1975-01-05,,1975,regular,,final,Pacific,Morehead State,225,181,86,71,,Big West,OVC,,,,,,
262447,1975-01-05,,1975,regular,,final,South Alabama,VMI,265,334,116,98,,Indep.,SoCon,,,,,,
262448,1975-01-05,,1975,regular,,final,South Carolina,Fordham,266,91,94,67,,Indep.,Indep.,,,,,,
262449,1975-01-05,,1975,regular,,final,Tennessee Tech,South Florida,291,271,63,65,,OVC,Indep.,,,,,,
262451,1975-01-05,,1975,regular,,final,SMU,Tulane,248,303,80,84,,,Indep.,,,,,,
262453,1975-01-05,,1975,regular,,final,Utah State,UL Monroe,329,316,87,85,,Indep.,Indep.,,,,,,
262454,1975-01-06,,1975,regular,,final,Stetson,American University,283,8,71,65,,Indep.,,,,,,,
262455,1975-01-06,,1975,regular,,final,Brown,Rhode Island,30,240,75,66,,Ivy,Indep.,,,,,,
262456,1975-01-06,,1975,regular,,final,Cleveland State,Buffalo,53,33,74,63,,Indep.,Indep.,,,,,,
262457,1975-01-06,,1975,regular,,final,Louisville,Cincinnati,150,51,82,74,,MVC,Indep.,,,,,,
262458,1975-01-06,,1975,regular,,final,Cal State Fullerton,Cal State LA,37,1053,61,55,,Big West,,,,,,,
262459,1975-01-06,,1975,regular,,final,Florida State,Milwaukee,90,172,104,82,,Indep.,Indep.,,,,,,
262460,1975-01-06,,1975,regular,,final,Georgetown,Boston University,97,27,90,75,,Indep.,Indep.,,,,,,
262461,1975-01-06,,1975,regular,,final,Lamar,Baylor,139,20,78,79,,Southland,,,,,,,
262463,1975-01-06,,1975,regular,,final,Ohio,Missouri,215,177,78,65,,MAC,,,,,,,
262464,1975-01-06,,1975,regular,,final,Northeastern,Rider,205,243,72,73,,Indep.,,,,,,,
262465,1975-01-06,,1975,regular,,final,Lafayette,Princeton,138,234,73,67,,,Ivy,,,,,,
262467,1975-01-06,,1975,regular,,final,TCU,Hardin-Simmons,287,772,74,75,,,,,,,,,
262468,1975-01-06,,1975,regular,,final,South Alabama,Texas,265,295,75,80,,Indep.,,,,,,,
262469,1975-01-06,,1975,regular,,final,Wichita State,Long Beach State,352,145,75,46,,MVC,Big West,,,,,,
262470,1975-01-07,,1975,regular,,final,Texas Pan American,Arkansas State,1535,13,89,73,,,Southland,,,,,,
262471,1975-01-07,,1975,regular,,final,Syracuse,Bowling Green,286,28,90,61,,Indep.,MAC,,,,,,
262472,1975-01-07,,1975,regular,,final,Colgate,Bucknell,55,32,59,73,,Indep.,,,,,,,
262473,1975-01-07,,1975,regular,,final,Dartmouth,Maine-Farmington,62,1078,86,87,,Ivy,,,,,,,
262474,1975-01-07,,1975,regular,,final,Maryland,Duke,160,72,83,77,,ACC,ACC,,,,,,
262475,1975-01-07,,1975,regular,,final,Richmond,Duquesne,242,73,90,97,,SoCon,Indep.,,,,,,
262476,1975-01-07,,1975,regular,,final,Saint Peter's,East Carolina,254,74,92,95,,Indep.,SoCon,,,,,,
262477,1975-01-07,,1975,regular,,final,Eastern Kentucky,Marshall,78,158,79,78,,OVC,Indep.,,,,,,
262478,1975-01-07,,1975,regular,,final,Georgia Southern,Mercer,99,164,83,85,,Indep.,Indep.,,,,,,
262479,1975-01-07,,1975,regular,,final,Butler,Indiana State,34,122,67,75,,,Indep.,,,,,,
262480,1975-01-07,,1975,regular,,final,West Virginia,Massachusetts,347,161,89,85,,Indep.,,,,,,,
262481,1975-01-07,,1975,regular,,final,Memphis,La Salle,163,137,84,93,,Indep.,,,,,,,
262482,1975-01-07,,1975,regular,,final,Portland,Marquette,230,157,57,87,,Indep.,Indep.,,,,,,
262484,1975-01-07,,1975,regular,,final,Kent State,Penn State,134,226,61,59,,MAC,Indep.,,,,,,
262485,1975-01-07,,1975,regular,,final,Virginia Tech,South Carolina,340,266,77,81,,Indep.,Indep.,,,,,,
262486,1975-01-07,,1975,regular,,final,Providence,Saint Joseph's,235,251,82,68,,Indep.,,,,,,,
262487,1975-01-07,,1975,regular,,final,Long Island University,St. Bonaventure,146,277,90,83,,Indep.,Indep.,,,,,,
262488,1975-01-07,,1975,regular,,final,Hofstra,St. John's,110,279,50,74,,,Indep.,,,,,,
262489,1975-01-07,,1975,regular,,final,Creighton,Texas Tech,61,298,51,45,,Indep.,,,,,,,
262490,1975-01-07,,1975,regular,,final,The Citadel,Tulane,299,303,57,78,,SoCon,Indep.,,,,,,
262491,1975-01-07,,1975,regular,,final,VCU,Charleston Southern,333,47,116,79,,Indep.,Indep.,,,,,,
262492,1975-01-07,,1975,regular,,final,Wake Forest,Virginia,342,339,83,66,,ACC,ACC,,,,,,
262493,1975-01-07,,1975,regular,,final,Western Michigan,Ball State,351,19,77,54,,MAC,Indep.,,,,,,
262494,1975-01-08,,1975,regular,,final,Bradley,Illinois State,29,119,106,85,,MVC,Indep.,,,,,,
262495,1975-01-08,,1975,regular,,final,North Carolina,Clemson,200,52,74,72,,ACC,ACC,,,,,,
262496,1975-01-08,,1975,regular,,final,DePaul,Manhattan,65,155,90,75,,Indep.,Indep.,,,,,,
262497,1975-01-08,,1975,regular,,final,Drake,Wichita State,70,352,92,106,,MVC,MVC,,,,,,
262498,1975-01-08,,1975,regular,,final,Centenary (LA),Hawai'i,367,108,78,79,,Indep.,Indep.,,,,,,
262499,1975-01-08,,1975,regular,,final,Hardin-Simmons,UT Arlington,772,324,70,50,,,Southland,,,,,,
262500,1975-01-08,,1975,regular,,final,Iona,St. Francis (PA),123,278,56,72,,Indep.,Indep.,,,,,,
262501,1975-01-08,,1975,regular,,final,Oral Roberts,Long Beach State,222,145,91,86,,Indep.,Big West,,,,,,
262502,1975-01-08,,1975,regular,,final,South Florida,Lehigh,271,141,69,62,,Indep.,,,,,,,
262503,1975-01-08,,1975,regular,,final,Louisiana Tech,UL Monroe,149,316,97,92,,Southland,Indep.,,,,,,
262504,1975-01-08,,1975,regular,,final,West Texas A&M,Louisville,1440,150,51,53,,MVC,MVC,,,,,,
262505,1975-01-08,,1975,regular,,final,App State,Charlotte,9,48,61,75,,SoCon,Indep.,,,,,,
262506,1975-01-08,,1975,regular,,final,Northeastern,Vermont,205,337,93,91,,Indep.,Indep.,,,,,,
262507,1975-01-08,,1975,regular,,final,San José State,Portland State,260,231,76,62,,Big West,Indep.,,,,,,
262508,1975-01-08,,1975,regular,,final,SMU,Houston Christian,248,112,98,67,,,Indep.,,,,,,
262509,1975-01-08,,1975,regular,,final,UCLA,Washington,313,343,92,82,,Pac-12,Pac-12,,,,,,
262510,1975-01-09,,1975,regular,,final,Utah,Arizona,331,11,75,74,,UAC,UAC,,,,,,
262511,1975-01-09,,1975,regular,,final,Brown,Columbia,30,58,79,73,,Ivy,Ivy,,,,,,
262512,1975-01-09,,1975,regular,,final,BYU,Arizona State,18,10,80,110,,UAC,UAC,,,,,,
262513,1975-01-09,,1975,regular,,final,Oregon State,California,224,40,70,64,,Pac-12,Pac-12,,,,,,
262514,1975-01-09,,1975,regular,,final,Cal State LA,Cal State Fullerton,1053,37,79,98,,,Big West,,,,,,
262515,1975-01-09,,1975,regular,,final,UConn,Eastern Michigan,314,79,76,60,,Indep.,MAC,,,,,,
262516,1975-01-09,,1975,regular,,final,Santa Clara,Saint Mary's,261,253,82,78,,WCC,WCC,,,,,,
262517,1975-01-09,,1975,regular,,final,UTEP,Colorado State,327,57,44,62,,UAC,UAC,,,,,,
262518,1975-01-09,,1975,regular,,final,Princeton,Dartmouth,234,62,82,68,,Ivy,Ivy,,,,,,
262520,1975-01-09,,1975,regular,,final,Georgia Tech,Boston University,101,27,73,72,,Indep.,Indep.,,,,,,
262521,1975-01-09,,1975,regular,,final,Idaho,Gonzaga,117,102,63,61,,Big Sky,Big Sky,,,,,,
262522,1975-01-09,,1975,regular,,final,Montana,Montana State,179,180,103,77,,Big Sky,Big Sky,,,,,,
262523,1975-01-09,,1975,regular,,final,South Carolina State,North Carolina A&T,267,198,80,78,,MEAC,MEAC,,,,,,
262524,1975-01-09,,1975,regular,,final,New Hampshire,Vermont,190,337,60,69,,Indep.,Indep.,,,,,,
262525,1975-01-09,,1975,regular,,final,New Mexico,Wyoming,191,358,79,62,,UAC,UAC,,,,,,
262526,1975-01-09,,1975,regular,,final,Oregon,Stanford,223,281,84,83,,Pac-12,Pac-12,,,,,,
262527,1975-01-09,,1975,regular,,final,Penn State (Beaver),Harvard,1353,107,103,75,,,Ivy,,,,,,
262528,1975-01-09,,1975,regular,,final,Pepperdine,Nevada,228,189,91,76,,WCC,WCC,,,,,,
262529,1975-01-09,,1975,regular,,final,San Francisco,Seattle U,259,262,60,59,,WCC,WCC,,,,,,
262530,1975-01-09,,1975,regular,,final,Saint Joseph's,Boston College,251,26,84,97,,,Indep.,,,,,,
262531,1975-01-09,,1975,regular,,final,Loyola Marymount,UNLV,153,322,69,82,,WCC,WCC,,,,,,
262532,1975-01-09,,1975,regular,,final,USC,Washington State,323,344,94,80,,Pac-12,Pac-12,,,,,,
262533,1975-01-09,,1975,regular,,final,Yale,Cornell,360,60,70,72,,Ivy,Ivy,,,,,,
262534,1975-01-10,,1975,regular,,final,Air Force,Navy,2,187,48,51,,Indep.,Indep.,,,,,,
262535,1975-01-10,,1975,regular,,final,App State,The Citadel,9,299,69,70,,SoCon,SoCon,,,,,,
262536,1975-01-10,,1975,regular,,final,Samford,Arkansas State,256,13,94,88,,Indep.,Southland,,,,,,
262537,1975-01-10,,1975,regular,,final,Eastern Kentucky,Austin Peay,78,17,73,85,,OVC,OVC,,,,,,
262539,1975-01-10,,1975,regular,,final,Bowling Green,Miami (OH),28,167,64,73,,MAC,MAC,,,,,,
262540,1975-01-10,,1975,regular,,final,Brown,Cornell,30,60,81,58,,Ivy,Ivy,,,,,,
262541,1975-01-10,,1975,regular,,final,Buffalo,Fairfield,33,83,69,86,,Indep.,Indep.,,,,,,
262542,1975-01-10,,1975,regular,,final,BYU,Arizona,18,11,66,83,,UAC,UAC,,,,,,
262543,1975-01-10,,1975,regular,,final,Oregon,California,223,40,58,60,,Pac-12,Pac-12,,,,,,
262544,1975-01-10,,1975,regular,,final,Cincinnati,Temple,51,289,83,63,,Indep.,,,,,,,
262545,1975-01-10,,1975,regular,,final,Colgate,Drexel,55,71,46,50,,Indep.,,,,,,,
262546,1975-01-10,,1975,regular,,final,Fresno State,UC Santa Barbara,92,311,63,70,,Big West,Indep.,,,,,,
262547,1975-01-10,,1975,regular,,final,Dayton,Creighton,64,61,70,71,,Indep.,Indep.,,,,,,
262548,1975-01-10,,1975,regular,,final,Drake,Tulsa,70,304,86,85,,MVC,MVC,,,,,,
262549,1975-01-10,,1975,regular,,final,Duke,South Florida,72,271,95,86,,ACC,Indep.,,,,,,
262550,1975-01-10,,1975,regular,,final,Massachusetts,Duquesne,161,73,98,94,,,Indep.,,,,,,
262551,1975-01-10,,1975,regular,,final,UConn,East Carolina,314,74,79,77,,Indep.,SoCon,,,,,,
262552,1975-01-10,,1975,regular,,final,East Tennessee State,Middle Tennessee,75,171,74,80,,OVC,OVC,,,,,,
262553,1975-01-10,,1975,regular,,final,Georgia Southern,Fairleigh Dickinson,99,84,87,72,,Indep.,Indep.,,,,,,
262554,1975-01-10,,1975,regular,,final,Georgia,Florida,98,87,69,83,,SEC,SEC,,,,,,
262555,1975-01-10,,1975,regular,,final,Marshall,George Washington,158,96,77,66,,Indep.,,,,,,,
262556,1975-01-10,,1975,regular,,final,Princeton,Harvard,234,107,67,57,,Ivy,Ivy,,,,,,
262557,1975-01-10,,1975,regular,,final,TCU,Hawai'i,287,108,69,62,,,Indep.,,,,,,
262558,1975-01-10,,1975,regular,,final,Hofstra,West Chester,110,476,72,62,,,,,,,,,
262559,1975-01-10,,1975,regular,,final,Fordham,Holy Cross,91,111,66,74,,Indep.,Indep.,,,,,,
262560,1975-01-10,,1975,regular,,final,Houston,Rice,113,241,91,70,,Indep.,,,,,,,
262561,1975-01-10,,1975,regular,,final,Idaho,Portland State,117,231,75,80,,Big Sky,Indep.,,,,,,
262562,1975-01-10,,1975,regular,,final,Illinois,Northwestern,118,212,64,60,,Big Ten,Big Ten,,,,,,
262563,1975-01-10,,1975,regular,,final,Indiana,Iowa,121,124,102,49,,Big Ten,Big Ten,,,,,,
262564,1975-01-10,,1975,regular,,final,Ball State,Indiana State,19,122,80,76,,Indep.,Indep.,,,,,,
262565,1975-01-10,,1975,regular,,final,Auburn,Kentucky,16,135,90,85,,SEC,SEC,,,,,,
262566,1975-01-10,,1975,regular,,final,Tulane,Kansas State,303,132,71,57,,Indep.,,,,,,,
262567,1975-01-10,,1975,regular,,final,Kent State,Central Michigan,134,45,77,83,,MAC,MAC,,,,,,
262568,1975-01-10,,1975,regular,,final,Army,Lafayette,15,138,77,79,,Indep.,,,,,,,
262569,1975-01-10,,1975,regular,,final,Lamar,Texas Pan American,139,1535,83,94,,Southland,,,,,,,
262570,1975-01-10,,1975,regular,,final,Niagara,La Salle,194,137,71,81,,Indep.,,,,,,,
262571,1975-01-10,,1975,regular,,final,Northern Illinois,Long Beach State,208,145,80,86,,Indep.,Big West,,,,,,
262572,1975-01-10,,1975,regular,,final,Loyola Marymount,Nevada,153,189,109,84,,WCC,WCC,,,,,,
262573,1975-01-10,,1975,regular,,final,Western Michigan,Loyola Chicago,351,151,81,63,,MAC,Indep.,,,,,,
262574,1975-01-10,,1975,regular,,final,New Mexico State,Louisville,192,150,69,82,,MVC,MVC,,,,,,
262575,1975-01-10,,1975,regular,,final,Vanderbilt,LSU,336,136,91,82,,SEC,SEC,,,,,,
262576,1975-01-10,,1975,regular,,final,Memphis,Southern Miss,163,275,83,77,,Indep.,Indep.,,,,,,
262577,1975-01-10,,1975,regular,,final,Marquette,Manhattan,157,155,66,62,,Indep.,Indep.,,,,,,
262578,1975-01-10,,1975,regular,,final,Mississippi State,Alabama,174,5,71,86,,SEC,SEC,,,,,,
262579,1975-01-10,,1975,regular,,final,Michigan State,Michigan,169,170,86,78,,Big Ten,Big Ten,,,,,,
262580,1975-01-10,,1975,regular,,final,Morehead State,Murray State,181,184,88,93,,OVC,OVC,,,,,,
262581,1975-01-10,,1975,regular,,final,Charlotte,Boston University,48,27,107,72,,Indep.,Indep.,,,,,,
262582,1975-01-10,,1975,regular,,final,New Mexico,Colorado State,191,57,85,70,,UAC,UAC,,,,,,
262583,1975-01-10,,1975,regular,,final,Villanova,Notre Dame,338,213,90,125,,Indep.,Indep.,,,,,,
262584,1975-01-10,,1975,regular,,final,West Texas A&M,North Texas,1440,204,78,84,,MVC,MVC,,,,,,
262585,1975-01-10,,1975,regular,,final,Arkansas,Oklahoma City,12,1476,84,75,,,,,,,,,
262586,1975-01-10,,1975,regular,,final,Oral Roberts,Weber State,222,345,91,89,,Indep.,Big Sky,,,,,,
262587,1975-01-10,,1975,regular,,final,Ohio State,Minnesota,216,173,76,67,,Big Ten,Big Ten,,,,,,
262588,1975-01-10,,1975,regular,,final,Pacific,Illinois State,225,119,82,76,,Big West,Indep.,,,,,,
262589,1975-01-10,,1975,regular,,final,Penn State (Beaver),Dartmouth,1353,62,108,79,,,Ivy,,,,,,
262590,1975-01-10,,1975,regular,,final,Bucknell,Pittsburgh,32,229,72,66,,,Indep.,,,,,,
262591,1975-01-10,,1975,regular,,final,Providence,Jacksonville,235,127,98,87,,Indep.,Indep.,,,,,,
262592,1975-01-10,,1975,regular,,final,Penn State,West Virginia,226,347,59,63,,Indep.,Indep.,,,,,,
262593,1975-01-10,,1975,regular,,final,Richmond,VMI,242,334,95,98,,SoCon,SoCon,,,,,,
262594,1975-01-10,,1975,regular,,final,Santa Clara,Seattle U,261,262,49,52,,WCC,WCC,,,,,,
262595,1975-01-10,,1975,regular,,final,Detroit Mercy,Seton Hall,69,263,78,71,,Indep.,Indep.,,,,,,
262596,1975-01-10,,1975,regular,,final,Saint Peter's,St. Francis Brooklyn,254,364,83,78,,Indep.,Indep.,,,,,,
262597,1975-01-10,,1975,regular,,final,Saint Louis,Southern Illinois,252,273,73,77,,Indep.,MVC,,,,,,
262598,1975-01-10,,1975,regular,,final,Oregon State,Stanford,224,281,63,71,,Pac-12,Pac-12,,,,,,
262599,1975-01-10,,1975,regular,,final,St. Bonaventure,St. Francis (PA),277,278,83,70,,Indep.,Indep.,,,,,,
262601,1975-01-10,,1975,regular,,final,San Francisco,Saint Mary's,259,253,71,74,,WCC,WCC,,,,,,
262602,1975-01-10,,1975,regular,,final,Syracuse,Northeastern,286,205,94,75,,Indep.,Indep.,,,,,,
262603,1975-01-10,,1975,regular,,final,Tennessee,Ole Miss,292,220,102,82,,SEC,SEC,,,,,,
262604,1975-01-10,,1975,regular,,final,Toledo,Ohio,300,215,80,56,,MAC,MAC,,,,,,
262605,1975-01-10,,1975,regular,,final,North Carolina,Howard,200,114,109,67,,ACC,MEAC,,,,,,
262606,1975-01-10,,1975,regular,,final,Pepperdine,UNLV,228,322,82,94,,WCC,WCC,,,,,,
262607,1975-01-10,,1975,regular,,final,Utah,Arizona State,331,10,83,96,,UAC,UAC,,,,,,
262608,1975-01-10,,1975,regular,,final,Utah State,Idaho State,329,116,89,70,,Indep.,Big Sky,,,,,,
262609,1975-01-10,,1975,regular,,final,Maine-Farmington,VCU,1078,333,91,90,,,Indep.,,,,,,
262610,1975-01-10,,1975,regular,,final,Virginia Tech,Virginia,340,339,74,73,,Indep.,ACC,,,,,,
262611,1975-01-10,,1975,regular,,final,Maryland,Wake Forest,160,342,89,73,,ACC,ACC,,,,,,
262612,1975-01-10,,1975,regular,,final,USC,Washington,323,343,89,87,,Pac-12,Pac-12,,,,,,
262613,1975-01-10,,1975,regular,,final,Bradley,Wichita State,29,352,88,73,,MVC,MVC,,,,,,
262614,1975-01-10,,1975,regular,,final,Purdue,Wisconsin,236,355,88,49,,Big Ten,Big Ten,,,,,,
262615,1975-01-10,,1975,regular,,final,Tennessee Tech,Western Kentucky,291,350,80,84,,OVC,OVC,,,,,,
262616,1975-01-10,,1975,regular,,final,UCLA,Washington State,313,344,77,69,,Pac-12,Pac-12,,,,,,
262617,1975-01-10,,1975,regular,,final,UTEP,Wyoming,327,358,66,41,,UAC,UAC,,,,,,
262618,1975-01-10,,1975,regular,,final,Yale,Columbia,360,58,78,69,,Ivy,Ivy,,,,,,
262619,1975-01-12,,1975,regular,,final,Ole Miss,Alabama,220,5,71,74,,SEC,SEC,,,,,,
262620,1975-01-12,,1975,regular,,final,Georgia Southern,Arkansas State,99,13,70,90,,Indep.,Southland,,,,,,
262621,1975-01-12,,1975,regular,,final,Florida,Auburn,87,16,68,84,,SEC,SEC,,,,,,
262622,1975-01-12,,1975,regular,,final,Morehead State,Austin Peay,181,17,99,89,,OVC,OVC,,,,,,
262623,1975-01-12,,1975,regular,,final,VMI,The Citadel,334,299,108,101,,SoCon,SoCon,,,,,,
262624,1975-01-12,,1975,regular,,final,Cleveland State,Creighton,53,61,60,64,,Indep.,Indep.,,,,,,
262625,1975-01-12,,1975,regular,,final,West Chester,Drexel,476,71,55,53,,,,,,,,,
262626,1975-01-12,,1975,regular,,final,Georgia State,Fairleigh Dickinson,100,84,55,52,,Indep.,Indep.,,,,,,
262627,1975-01-12,,1975,regular,,final,Vanderbilt,Georgia,336,98,102,80,,SEC,SEC,,,,,,
262628,1975-01-12,,1975,regular,,final,Hardin-Simmons,McNeese,772,162,66,76,,,Southland,,,,,,
262629,1975-01-12,,1975,regular,,final,Houston Christian,UL Monroe,112,316,80,78,,Indep.,Indep.,,,,,,
262630,1975-01-12,,1975,regular,,final,Texas Tech,Houston,298,113,86,82,,,Indep.,,,,,,
262631,1975-01-12,,1975,regular,,final,Illinois,Wisconsin,118,355,72,56,,Big Ten,Big Ten,,,,,,
262632,1975-01-12,,1975,regular,,final,Indiana,Minnesota,121,173,79,59,,Big Ten,Big Ten,,,,,,
262633,1975-01-12,,1975,regular,,final,Kentucky,Tennessee,135,292,88,82,,SEC,SEC,,,,,,
262634,1975-01-12,,1975,regular,,final,Centenary (LA),Lamar,367,139,105,83,,Indep.,Southland,,,,,,
262635,1975-01-12,,1975,regular,,final,Mercer,Louisiana Tech,164,149,91,66,,Indep.,Southland,,,,,,
262636,1975-01-12,,1975,regular,,final,Tennessee Tech,Middle Tennessee,291,171,65,67,,OVC,OVC,,,,,,
262637,1975-01-12,,1975,regular,,final,Eastern Kentucky,Murray State,78,184,104,95,,OVC,OVC,,,,,,
262638,1975-01-12,,1975,regular,,final,Northern Illinois,Weber State,208,345,87,86,,Indep.,Big Sky,,,,,,
262640,1975-01-12,,1975,regular,,final,Oral Roberts,Oklahoma City,222,1476,98,80,,Indep.,,,,,,,
262641,1975-01-12,,1975,regular,,final,Ohio State,Iowa,216,124,94,77,,Big Ten,Big Ten,,,,,,
262642,1975-01-12,,1975,regular,,final,Pacific,Portland,225,230,80,72,,Big West,Indep.,,,,,,
262643,1975-01-12,,1975,regular,,final,UT Arlington,Texas Pan American,324,1535,75,80,,Southland,,,,,,,
262644,1975-01-12,,1975,regular,,final,Purdue,Northwestern,236,212,73,72,,Big Ten,Big Ten,,,,,,
262645,1975-01-12,,1975,regular,,final,Buffalo,St. Francis (PA),33,278,72,66,,Indep.,Indep.,,,,,,
262646,1975-01-12,,1975,regular,,final,South Alabama,Samford,265,256,119,83,,Indep.,Indep.,,,,,,
262647,1975-01-12,,1975,regular,,final,Tulane,Southern Miss,303,275,85,70,,Indep.,Indep.,,,,,,
262648,1975-01-12,,1975,regular,,final,Utah State,Boise State,329,25,102,87,,Indep.,Big Sky,,,,,,
262649,1975-01-12,,1975,regular,,final,Davidson,Virginia,63,339,56,58,,SoCon,ACC,,,,,,
262650,1975-01-12,,1975,regular,,final,East Tennessee State,Western Kentucky,75,350,89,90,,OVC,OVC,,,,,,
262651,1975-01-13,,1975,regular,,final,Boston College,Boston University,26,27,86,78,,Indep.,Indep.,,,,,,
262652,1975-01-13,,1975,regular,,final,North Texas,Bradley,204,29,69,64,,MVC,MVC,,,,,,
262653,1975-01-13,,1975,regular,,final,Duquesne,St. Bonaventure,73,277,96,91,,Indep.,Indep.,,,,,,
262654,1975-01-13,,1975,regular,,final,Northeastern,Harvard,205,107,67,80,,Indep.,Ivy,,,,,,
262655,1975-01-13,,1975,regular,,final,Marshall,Howard,158,114,77,68,,Indep.,MEAC,,,,,,
262656,1975-01-13,,1975,regular,,final,Vermont,Massachusetts,337,161,69,65,,Indep.,,,,,,,
262657,1975-01-13,,1975,regular,,final,Marquette,South Carolina,157,266,69,60,,Indep.,Indep.,,,,,,
262658,1975-01-13,,1975,regular,,final,St. John's,Rhode Island,279,240,100,75,,Indep.,Indep.,,,,,,
262659,1975-01-13,,1975,regular,,final,Temple,Princeton,289,234,48,59,,,Ivy,,,,,,
262660,1975-01-13,,1975,regular,,final,Denver,Wyoming,68,358,98,82,,Indep.,UAC,,,,,,
262661,1975-01-14,,1975,regular,,final,Central Michigan,Bowling Green,45,28,83,73,,MAC,MAC,,,,,,
262662,1975-01-14,,1975,regular,,final,Colgate,Buffalo,55,33,67,72,,Indep.,Indep.,,,,,,
262663,1975-01-14,,1975,regular,,final,Cincinnati,SMU,51,248,106,74,,Indep.,,,,,,,
262664,1975-01-14,,1975,regular,,final,Duke,Clemson,72,52,75,72,,ACC,ACC,,,,,,
262665,1975-01-14,,1975,regular,,final,UConn,New Hampshire,314,190,73,67,,Indep.,Indep.,,,,,,
262666,1975-01-14,,1975,regular,,final,Eastern Kentucky,Dayton,78,64,65,73,,OVC,Indep.,,,,,,
262667,1975-01-14,,1975,regular,,final,East Carolina,App State,74,9,78,68,,SoCon,SoCon,,,,,,
262668,1975-01-14,,1975,regular,,final,Milwaukee,Fairleigh Dickinson,172,84,77,66,,Indep.,Indep.,,,,,,
262669,1975-01-14,,1975,regular,,final,Fordham,Lafayette,91,138,74,72,,Indep.,,,,,,,
262670,1975-01-14,,1975,regular,,final,South Florida,Florida State,271,90,77,71,,Indep.,Indep.,,,,,,
262671,1975-01-14,,1975,regular,,final,Georgia Tech,Auburn,101,16,75,87,,Indep.,SEC,,,,,,
262672,1975-01-14,,1975,regular,,final,Fairfield,Georgetown,83,97,76,65,,Indep.,Indep.,,,,,,
262673,1975-01-14,,1975,regular,,final,Kansas State,Arkansas,132,12,73,71,,,,,,,,,
262674,1975-01-14,,1975,regular,,final,Eastern Michigan,Kent State,79,134,56,55,,MAC,MAC,,,,,,
262676,1975-01-14,,1975,regular,,final,Ohio,Miami (OH),215,167,92,90,,MAC,MAC,,,,,,
262677,1975-01-14,,1975,regular,,final,Virginia,Penn State,339,226,73,50,,ACC,Indep.,,,,,,
262678,1975-01-14,,1975,regular,,final,George Washington,Richmond,96,242,101,80,,,SoCon,,,,,,
262679,1975-01-14,,1975,regular,,final,Bucknell,St. Francis Brooklyn,32,364,71,63,,,Indep.,,,,,,
262680,1975-01-14,,1975,regular,,final,Western Michigan,Toledo,351,300,73,56,,MAC,MAC,,,,,,
262681,1975-01-14,,1975,regular,,final,Wake Forest,North Carolina,342,200,78,80,,ACC,ACC,,,,,,
262682,1975-01-14,,1975,regular,,final,VCU,Maryland Eastern Shore,333,159,89,57,,Indep.,MEAC,,,,,,
262683,1975-01-14,,1975,regular,,final,Villanova,Niagara,338,194,82,67,,Indep.,Indep.,,,,,,
262684,1975-01-14,,1975,regular,,final,West Virginia,Virginia Tech,347,340,86,87,,Indep.,Indep.,,,,,,
262687,1975-01-15,,1975,regular,,final,Long Beach State,Cal State LA,145,1053,91,70,,Big West,,,,,,,
262688,1975-01-15,,1975,regular,,final,Georgia Southern,Georgia State,99,100,82,73,,Indep.,Indep.,,,,,,
262689,1975-01-15,,1975,regular,,final,South Alabama,Illinois State,265,119,90,88,,Indep.,Indep.,,,,,,
262690,1975-01-15,,1975,regular,,final,Rider,Iona,243,123,59,58,,,Indep.,,,,,,
262691,1975-01-15,,1975,regular,,final,Houston Christian,Lamar,112,139,104,95,,Indep.,Southland,,,,,,
262692,1975-01-15,,1975,regular,,final,LSU,Mississippi State,136,174,84,93,,SEC,SEC,,,,,,
262693,1975-01-15,,1975,regular,,final,Maryland,NC State,160,185,103,85,,ACC,ACC,,,,,,
262694,1975-01-15,,1975,regular,,final,New Mexico State,Bradley,192,29,76,74,,MVC,MVC,,,,,,
262695,1975-01-15,,1975,regular,,final,Oklahoma City,UT Arlington,1476,324,82,63,,,Southland,,,,,,
262696,1975-01-15,,1975,regular,,final,Washington State,Oregon,344,223,68,69,,Pac-12,Pac-12,,,,,,
262697,1975-01-15,,1975,regular,,final,Ball State,Pacific,19,225,69,83,,Indep.,Big West,,,,,,
262698,1975-01-15,,1975,regular,,final,Seattle U,Loyola Marymount,262,153,93,74,,WCC,WCC,,,,,,
262699,1975-01-15,,1975,regular,,final,Southern Miss,Centenary (LA),275,367,75,96,,Indep.,Indep.,,,,,,
262700,1975-01-15,,1975,regular,,final,Saint Mary's,Pepperdine,253,228,71,74,,WCC,WCC,,,,,,
262701,1975-01-15,,1975,regular,,final,Tulsa,Saint Louis,304,252,65,71,,MVC,Indep.,,,,,,
262702,1975-01-15,,1975,regular,,final,Colorado State,Utah State,57,329,71,76,,UAC,Indep.,,,,,,
262703,1975-01-15,,1975,regular,,final,Washington,Oregon State,343,224,63,65,,Pac-12,Pac-12,,,,,,
262704,1975-01-15,,1975,regular,,final,Wichita State,West Texas A&M,352,1440,60,55,,MVC,MVC,,,,,,
262705,1975-01-16,,1975,regular,,final,Arizona State,UTEP,10,327,61,56,,UAC,UAC,,,,,,
262706,1975-01-16,,1975,regular,,final,California,USC,40,323,65,85,,Pac-12,Pac-12,,,,,,
262707,1975-01-16,,1975,regular,,final,Columbia,Cornell,58,60,84,81,,Ivy,Ivy,,,,,,
262708,1975-01-16,,1975,regular,,final,Fresno State,UC Santa Barbara,92,311,63,68,,Big West,Indep.,,,,,,
262709,1975-01-16,,1975,regular,,final,UNLV,Santa Clara,322,261,100,79,,WCC,WCC,,,,,,
262710,1975-01-16,,1975,regular,,final,Northern Colorado,Denver,207,68,112,93,,,Indep.,,,,,,
262711,1975-01-16,,1975,regular,,final,Hawai'i,Montana,108,179,83,69,,Indep.,Big Sky,,,,,,
262712,1975-01-16,,1975,regular,,final,Gonzaga,Idaho,102,117,73,63,,Big Sky,Big Sky,,,,,,
262713,1975-01-16,,1975,regular,,final,Louisiana Tech,Southern Illinois,149,273,58,94,,Southland,MVC,,,,,,
262714,1975-01-16,,1975,regular,,final,Vermont,Maine-Farmington,337,1078,69,59,,Indep.,,,,,,,
262715,1975-01-16,,1975,regular,,final,Arizona,New Mexico,11,191,67,49,,UAC,UAC,,,,,,
262716,1975-01-16,,1975,regular,,final,Nevada,San Francisco,189,259,68,77,,WCC,WCC,,,,,,
262717,1975-01-16,,1975,regular,,final,Stanford,UCLA,281,313,64,60,,Pac-12,Pac-12,,,,,,
262718,1975-01-17,,1975,regular,,final,Air Force,Utah State,2,329,67,81,,Indep.,Indep.,,,,,,
262719,1975-01-17,,1975,regular,,final,Arizona,UTEP,11,327,69,57,,UAC,UAC,,,,,,
262720,1975-01-17,,1975,regular,,final,South Florida,Arkansas State,271,13,70,63,,Indep.,Southland,,,,,,
262721,1975-01-17,,1975,regular,,final,Auburn,Vanderbilt,16,336,93,89,,SEC,SEC,,,,,,
262722,1975-01-17,,1975,regular,,final,Austin Peay,East Tennessee State,17,75,99,80,,OVC,OVC,,,,,,
262723,1975-01-17,,1975,regular,,final,Cleveland State,Ball State,53,19,93,78,,Indep.,Indep.,,,,,,
262724,1975-01-17,,1975,regular,,final,Kent State,Bowling Green,134,28,69,85,,MAC,MAC,,,,,,
262725,1975-01-17,,1975,regular,,final,Boston College,Holy Cross,26,111,70,77,,Indep.,Indep.,,,,,,
262726,1975-01-17,,1975,regular,,final,Boise State,Idaho State,25,116,68,64,,Big Sky,Big Sky,,,,,,
262727,1975-01-17,,1975,regular,,final,Army,Buffalo,15,33,68,70,,Indep.,Indep.,,,,,,
262728,1975-01-17,,1975,regular,,final,Utah,BYU,331,18,91,73,,UAC,UAC,,,,,,
262729,1975-01-17,,1975,regular,,final,California,UCLA,40,313,72,102,,Pac-12,Pac-12,,,,,,
262730,1975-01-17,,1975,regular,,final,Niagara,Canisius,194,42,72,63,,Indep.,Indep.,,,,,,
262731,1975-01-17,,1975,regular,,final,The Citadel,Furman,299,93,65,66,,SoCon,SoCon,,,,,,
262732,1975-01-17,,1975,regular,,final,Cal State LA,Fresno State,1053,92,74,76,,,Big West,,,,,,
262733,1975-01-17,,1975,regular,,final,Clemson,Wake Forest,52,342,80,77,,ACC,ACC,,,,,,
262734,1975-01-17,,1975,regular,,final,Oklahoma,Colorado,217,56,113,62,,,,,,,,,
262735,1975-01-17,,1975,regular,,final,Colgate,UConn,55,314,65,80,,Indep.,Indep.,,,,,,
262736,1975-01-17,,1975,regular,,final,UC Santa Barbara,San Diego State,311,257,67,68,,Indep.,Big West,,,,,,
262737,1975-01-17,,1975,regular,,final,Nevada,Santa Clara,189,261,73,80,,WCC,WCC,,,,,,
262738,1975-01-17,,1975,regular,,final,Dayton,Duquesne,64,73,81,82,,Indep.,Indep.,,,,,,
262739,1975-01-17,,1975,regular,,final,Delaware,West Chester,66,476,87,48,,,,,,,,,
262740,1975-01-17,,1975,regular,,final,Louisville,Drake,150,70,55,53,,MVC,MVC,,,,,,
262741,1975-01-17,,1975,regular,,final,Maryland Eastern Shore,Delaware State,159,67,84,88,,MEAC,MEAC,,,,,,
262742,1975-01-17,,1975,regular,,final,Virginia,Duke,339,72,60,56,,ACC,ACC,,,,,,
262743,1975-01-17,,1975,regular,,final,East Carolina,William & Mary,74,353,66,62,,SoCon,SoCon,,,,,,
262744,1975-01-17,,1975,regular,,final,Middle Tennessee,Eastern Kentucky,171,78,91,70,,OVC,OVC,,,,,,
262745,1975-01-17,,1975,regular,,final,Milwaukee,Eastern Michigan,172,79,71,78,,Indep.,MAC,,,,,,
262746,1975-01-17,,1975,regular,,final,Florida State,Hofstra,90,110,107,71,,Indep.,,,,,,,
262747,1975-01-17,,1975,regular,,final,Hawai'i,Montana,108,179,62,93,,Indep.,Big Sky,,,,,,
262748,1975-01-17,,1975,regular,,final,Houston Christian,Hardin-Simmons,112,772,74,67,,Indep.,,,,,,,
262749,1975-01-17,,1975,regular,,final,Houston,Mercer,113,164,99,98,,Indep.,Indep.,,,,,,
262750,1975-01-17,,1975,regular,,final,Portland State,Idaho,231,117,110,84,,Indep.,Big Sky,,,,,,
262751,1975-01-17,,1975,regular,,final,Illinois,Purdue,118,236,67,86,,Big Ten,Big Ten,,,,,,
262752,1975-01-17,,1975,regular,,final,Northwestern,Indiana,212,121,56,82,,Big Ten,Big Ten,,,,,,
262753,1975-01-17,,1975,regular,,final,Indiana State,Centenary (LA),122,367,74,84,,Indep.,Indep.,,,,,,
262754,1975-01-17,,1975,regular,,final,Iona,Saint Peter's,123,254,80,97,,Indep.,Indep.,,,,,,
262755,1975-01-17,,1975,regular,,final,Iowa State,Oklahoma State,125,218,95,101,,,,,,,,,
262756,1975-01-17,,1975,regular,,final,Oral Roberts,Jacksonville,222,127,73,67,,Indep.,Indep.,,,,,,
262757,1975-01-17,,1975,regular,,final,Kansas,Missouri,131,177,91,86,,,,,,,,,
262758,1975-01-17,,1975,regular,,final,Ole Miss,Kentucky,220,135,82,85,,SEC,SEC,,,,,,
262760,1975-01-17,,1975,regular,,final,Alabama,LSU,5,136,93,67,,SEC,SEC,,,,,,
262761,1975-01-17,,1975,regular,,final,Vermont,Maine-Farmington,337,1078,84,67,,Indep.,,,,,,,
262762,1975-01-17,,1975,regular,,final,Navy,Maryland,187,160,73,87,,Indep.,ACC,,,,,,
262763,1975-01-17,,1975,regular,,final,Iowa,Michigan,124,170,70,75,,Big Ten,Big Ten,,,,,,
262764,1975-01-17,,1975,regular,,final,Miami (OH),Central Michigan,167,45,102,76,,MAC,MAC,,,,,,
262765,1975-01-17,,1975,regular,,final,Mississippi State,Georgia,174,98,65,67,,SEC,SEC,,,,,,
262766,1975-01-17,,1975,regular,,final,Minnesota,Michigan State,173,169,82,71,,Big Ten,Big Ten,,,,,,
262767,1975-01-17,,1975,regular,,final,Murray State,Tennessee Tech,184,291,68,74,,OVC,OVC,,,,,,
262768,1975-01-17,,1975,regular,,final,Northern Arizona,Weber State,206,345,80,76,,Big Sky,Big Sky,,,,,,
262769,1975-01-17,,1975,regular,,final,Charlotte,Samford,48,256,104,70,,Indep.,Indep.,,,,,,
262770,1975-01-17,,1975,regular,,final,NC State,North Carolina,185,200,88,85,,ACC,ACC,,,,,,
262771,1975-01-17,,1975,regular,,final,North Carolina A&T,South Carolina State,198,267,88,72,,MEAC,MEAC,,,,,,
262772,1975-01-17,,1975,regular,,final,Nebraska,Kansas State,188,132,74,61,,MVC,,,,,,,
262773,1975-01-17,,1975,regular,,final,New Hampshire,Rhode Island,190,240,48,68,,Indep.,Indep.,,,,,,
262774,1975-01-17,,1975,regular,,final,UL Monroe,UT Arlington,316,324,78,62,,Indep.,Southland,,,,,,
262775,1975-01-17,,1975,regular,,final,Arizona State,New Mexico,10,191,93,76,,UAC,UAC,,,,,,
262776,1975-01-17,,1975,regular,,final,New Mexico State,North Texas,192,204,85,68,,MVC,MVC,,,,,,
262777,1975-01-17,,1975,regular,,final,Marquette,Notre Dame,157,213,71,68,,Indep.,Indep.,,,,,,
262778,1975-01-17,,1975,regular,,final,Western Michigan,Ohio,351,215,71,66,,MAC,MAC,,,,,,
262779,1975-01-17,,1975,regular,,final,SMU,Oklahoma City,248,1476,86,75,,,,,,,,,
262780,1975-01-17,,1975,regular,,final,Washington,Oregon,343,223,66,68,,Pac-12,Pac-12,,,,,,
262781,1975-01-17,,1975,regular,,final,West Virginia,Pacific,347,225,71,67,,Indep.,Big West,,,,,,
262782,1975-01-17,,1975,regular,,final,Providence,Massachusetts,235,161,86,74,,Indep.,,,,,,,
262783,1975-01-17,,1975,regular,,final,Pittsburgh,Penn State,229,226,84,56,,Indep.,Indep.,,,,,,
262784,1975-01-17,,1975,regular,,final,App State,Richmond,9,242,70,101,,SoCon,SoCon,,,,,,
262785,1975-01-17,,1975,regular,,final,Baylor,Rice,20,241,74,73,,,,,,,,,
262786,1975-01-17,,1975,regular,,final,Rutgers,Lafayette,245,138,66,72,,Indep.,,,,,,,
262787,1975-01-17,,1975,regular,,final,South Carolina,Davidson,266,63,85,68,,Indep.,SoCon,,,,,,
262788,1975-01-17,,1975,regular,,final,Seattle U,Pepperdine,262,228,67,69,,WCC,WCC,,,,,,
262789,1975-01-17,,1975,regular,,final,Georgetown,Seton Hall,97,263,67,84,,Indep.,Indep.,,,,,,
262790,1975-01-17,,1975,regular,,final,Saint Joseph's,George Washington,251,96,62,71,,,,,,,,,
262791,1975-01-17,,1975,regular,,final,Georgia Southern,Southern Miss,99,275,97,76,,Indep.,Indep.,,,,,,
262792,1975-01-17,,1975,regular,,final,Stanford,USC,281,323,67,66,,Pac-12,Pac-12,,,,,,
262793,1975-01-17,,1975,regular,,final,St. John's,St. Francis Brooklyn,279,364,103,63,,Indep.,Indep.,,,,,,
262794,1975-01-17,,1975,regular,,final,Saint Mary's,Loyola Marymount,253,153,87,57,,WCC,WCC,,,,,,
262795,1975-01-17,,1975,regular,,final,Syracuse,American University,286,8,98,84,,Indep.,,,,,,,
262796,1975-01-17,,1975,regular,,final,Fordham,Temple,91,289,60,49,,Indep.,,,,,,,
262797,1975-01-17,,1975,regular,,final,Tennessee,Florida,292,87,59,56,,SEC,SEC,,,,,,
262798,1975-01-17,,1975,regular,,final,Northern Illinois,Toledo,208,300,66,85,,Indep.,MAC,,,,,,
262799,1975-01-17,,1975,regular,,final,Tulsa,West Texas A&M,304,1440,75,77,,MVC,MVC,,,,,,
262800,1975-01-17,,1975,regular,,final,UNLV,San Francisco,322,259,77,75,,WCC,WCC,,,,,,
262801,1975-01-17,,1975,regular,,final,St. Bonaventure,Villanova,277,338,77,70,,Indep.,Indep.,,,,,,
262802,1975-01-17,,1975,regular,,final,Virginia Tech,Fairleigh Dickinson,340,84,60,48,,Indep.,Indep.,,,,,,
262803,1975-01-17,,1975,regular,,final,Saint Louis,Wichita State,252,352,77,67,,Indep.,MVC,,,,,,
262804,1975-01-17,,1975,regular,,final,Wisconsin,Ohio State,355,216,67,69,,Big Ten,Big Ten,,,,,,
262805,1975-01-17,,1975,regular,,final,Western Kentucky,Morehead State,350,181,81,76,,OVC,OVC,,,,,,
262806,1975-01-17,,1975,regular,,final,Washington State,Oregon State,344,224,73,82,,Pac-12,Pac-12,,,,,,
262807,1975-01-17,,1975,regular,,final,Colorado State,Wyoming,57,358,78,60,,UAC,UAC,,,,,,
262808,1975-01-17,,1975,regular,,final,Yale,Lehigh,360,141,90,69,,Ivy,,,,,,,
262809,1975-01-19,,1975,regular,,final,Air Force,Xavier,2,359,54,51,,Indep.,Indep.,,,,,,
262810,1975-01-19,,1975,regular,,final,Arkansas State,Stetson,13,283,51,56,,Southland,Indep.,,,,,,
262811,1975-01-19,,1975,regular,,final,Austin Peay,Tennessee Tech,17,291,69,71,,OVC,OVC,,,,,,
262812,1975-01-19,,1975,regular,,final,Boston College,Dartmouth,26,62,61,55,,Indep.,Ivy,,,,,,
262813,1975-01-19,,1975,regular,,final,Northeastern,Boston University,205,27,73,89,,Indep.,Indep.,,,,,,
262814,1975-01-19,,1975,regular,,final,Canisius,Buffalo,42,33,75,74,,Indep.,Indep.,,,,,,
262815,1975-01-19,,1975,regular,,final,Fairfield,Cornell,83,60,86,76,,Indep.,Ivy,,,,,,
262816,1975-01-19,,1975,regular,,final,Davidson,East Carolina,63,74,91,110,,SoCon,SoCon,,,,,,
262817,1975-01-19,,1975,regular,,final,Georgia Southern,Samford,99,256,110,106,,Indep.,Indep.,,,,,,
262818,1975-01-19,,1975,regular,,final,Houston Christian,UT Arlington,112,324,79,78,,Indep.,Southland,,,,,,
262819,1975-01-19,,1975,regular,,final,Wisconsin,Indiana,355,121,69,89,,Big Ten,Big Ten,,,,,,
262820,1975-01-19,,1975,regular,,final,Kentucky,Alabama,135,5,74,69,,SEC,SEC,,,,,,
262821,1975-01-19,,1975,regular,,final,UL Monroe,Louisiana Tech,316,149,95,78,,Indep.,Southland,,,,,,
262822,1975-01-19,,1975,regular,,final,Georgia,LSU,98,136,89,90,,SEC,SEC,,,,,,
262823,1975-01-19,,1975,regular,,final,Middle Tennessee,Morehead State,171,181,91,87,,OVC,OVC,,,,,,
262824,1975-01-19,,1975,regular,,final,South Alabama,Mercer,265,164,95,94,,Indep.,Indep.,,,,,,
262825,1975-01-19,,1975,regular,,final,Minnesota,Michigan,173,170,67,58,,Big Ten,Big Ten,,,,,,
262826,1975-01-19,,1975,regular,,final,Florida,Ole Miss,87,220,85,80,,SEC,SEC,,,,,,
262827,1975-01-19,,1975,regular,,final,Auburn,Mississippi State,16,174,98,89,,SEC,SEC,,,,,,
262828,1975-01-19,,1975,regular,,final,Iowa,Michigan State,124,169,83,79,,Big Ten,Big Ten,,,,,,
262829,1975-01-19,,1975,regular,,final,Murray State,East Tennessee State,184,75,85,89,,OVC,OVC,,,,,,
262830,1975-01-19,,1975,regular,,final,Northern Arizona,Portland State,206,231,85,96,,Big Sky,Indep.,,,,,,
262831,1975-01-19,,1975,regular,,final,Charlotte,Indiana State,48,122,85,70,,Indep.,Indep.,,,,,,
262832,1975-01-19,,1975,regular,,final,Notre Dame,Holy Cross,213,111,96,91,,Indep.,Indep.,,,,,,
262833,1975-01-19,,1975,regular,,final,Northwestern,Ohio State,212,216,67,77,,Big Ten,Big Ten,,,,,,
262834,1975-01-19,,1975,regular,,final,Niagara,South Carolina,194,266,79,99,,Indep.,Indep.,,,,,,
262835,1975-01-19,,1975,regular,,final,Georgia State,Southern Miss,100,275,70,65,,Indep.,Indep.,,,,,,
262836,1975-01-19,,1975,regular,,final,Vanderbilt,Tennessee,336,292,61,65,,SEC,SEC,,,,,,
262837,1975-01-19,,1975,regular,,final,Oklahoma City,Tulsa,1476,304,105,106,,,MVC,,,,,,
262838,1975-01-19,,1975,regular,,final,Western Kentucky,Eastern Kentucky,350,78,107,82,,OVC,OVC,,,,,,
262839,1975-01-20,,1975,regular,,final,Furman,App State,93,9,91,52,,SoCon,SoCon,,,,,,
262840,1975-01-20,,1975,regular,,final,Arkansas,Texas Tech,12,298,65,62,,,,,,,,,
262841,1975-01-20,,1975,regular,,final,TCU,Baylor,287,20,73,65,,,,,,,,,
262842,1975-01-20,,1975,regular,,final,Bradley,Creighton,29,61,76,82,,MVC,Indep.,,,,,,
262843,1975-01-20,,1975,regular,,final,Bucknell,Drexel,32,71,68,64,,,,,,,,,
262844,1975-01-20,,1975,regular,,final,Marquette,Cincinnati,157,51,58,68,,Indep.,Indep.,,,,,,
262845,1975-01-20,,1975,regular,,final,Lehigh,Colgate,141,55,64,68,,,Indep.,,,,,,
262846,1975-01-20,,1975,regular,,final,Duquesne,West Virginia,73,347,83,100,,Indep.,Indep.,,,,,,
262847,1975-01-20,,1975,regular,,final,Texas Pan American,Hardin-Simmons,1535,772,95,62,,,,,,,,,
262848,1975-01-20,,1975,regular,,final,La Salle,West Chester,137,476,89,72,,,,,,,,,
262849,1975-01-20,,1975,regular,,final,Rhode Island,Massachusetts,240,161,72,73,,Indep.,,,,,,,
262850,1975-01-20,,1975,regular,,final,Rice,Texas A&M,241,293,61,64,,,,,,,,,
262851,1975-01-20,,1975,regular,,final,Delaware,Rutgers,66,245,93,110,,,Indep.,,,,,,
262853,1975-01-20,,1975,regular,,final,SMU,Texas,248,295,74,59,,,,,,,,,
262854,1975-01-21,,1975,regular,,final,American University,Georgetown,8,97,81,80,,,Indep.,,,,,,
262855,1975-01-21,,1975,regular,,final,Morehead State,Ball State,181,19,81,74,,OVC,Indep.,,,,,,
262856,1975-01-21,,1975,regular,,final,Bowling Green,Western Michigan,28,351,64,60,,MAC,MAC,,,,,,
262857,1975-01-21,,1975,regular,,final,Yale,Boston College,360,26,78,103,,Ivy,Indep.,,,,,,
262858,1975-01-21,,1975,regular,,final,Iona,Buffalo,123,33,58,75,,Indep.,Indep.,,,,,,
262859,1975-01-21,,1975,regular,,final,Clemson,Maryland,52,160,83,82,,ACC,ACC,,,,,,
262860,1975-01-21,,1975,regular,,final,Columbia,Lafayette,58,138,72,90,,Ivy,,,,,,,
262861,1975-01-21,,1975,regular,,final,Colorado,Kansas State,56,132,72,87,,,,,,,,,
262862,1975-01-21,,1975,regular,,final,Wake Forest,Duke,342,72,122,109,,ACC,ACC,,,,,,
262863,1975-01-21,,1975,regular,,final,Fordham,Army,91,15,75,67,,Indep.,Indep.,,,,,,
262864,1975-01-21,,1975,regular,,final,Georgia Tech,Alabama,101,5,80,97,,Indep.,SEC,,,,,,
262865,1975-01-21,,1975,regular,,final,Boston University,Holy Cross,27,111,66,96,,Indep.,Indep.,,,,,,
262866,1975-01-21,,1975,regular,,final,Maryland Eastern Shore,Howard,159,114,80,99,,MEAC,MEAC,,,,,,
262867,1975-01-21,,1975,regular,,final,Marshall,Illinois State,158,119,77,80,,Indep.,Indep.,,,,,,
262868,1975-01-21,,1975,regular,,final,Indiana State,Murray State,122,184,84,77,,Indep.,OVC,,,,,,
262869,1975-01-21,,1975,regular,,final,Jacksonville,Hofstra,127,110,87,68,,Indep.,,,,,,,
262870,1975-01-21,,1975,regular,,final,Iowa State,Kansas,125,131,96,81,,,,,,,,,
262871,1975-01-21,,1975,regular,,final,Miami (OH),Kent State,167,134,72,62,,MAC,MAC,,,,,,
262872,1975-01-21,,1975,regular,,final,UConn,Long Island University,314,146,85,83,,Indep.,Indep.,,,,,,
262873,1975-01-21,,1975,regular,,final,Oklahoma State,Missouri,218,177,94,75,,,,,,,,,
262874,1975-01-21,,1975,regular,,final,Oklahoma,Nebraska,217,188,61,68,,,MVC,,,,,,
262875,1975-01-21,,1975,regular,,final,Eastern Michigan,Ohio,79,215,73,71,,MAC,MAC,,,,,,
262876,1975-01-21,,1975,regular,,final,Richmond,East Carolina,242,74,80,101,,SoCon,SoCon,,,,,,
262877,1975-01-21,,1975,regular,,final,St. Francis Brooklyn,Manhattan,364,155,74,87,,Indep.,Indep.,,,,,,
262878,1975-01-21,,1975,regular,,final,St. Bonaventure,Canisius,277,42,76,73,,Indep.,Indep.,,,,,,
262879,1975-01-21,,1975,regular,,final,Seton Hall,St. John's,263,279,72,67,,Indep.,Indep.,,,,,,
262880,1975-01-21,,1975,regular,,final,Temple,Syracuse,289,286,57,62,,,Indep.,,,,,,
262881,1975-01-21,,1975,regular,,final,Central Michigan,Toledo,45,300,64,65,,MAC,MAC,,,,,,
262882,1975-01-21,,1975,regular,,final,North Carolina,Virginia,200,339,85,70,,ACC,ACC,,,,,,
262883,1975-01-21,,1975,regular,,final,UNLV,Nevada,322,189,126,87,,WCC,WCC,,,,,,
262884,1975-01-21,,1975,regular,,final,Utah State,Weber State,329,345,92,66,,Indep.,Big Sky,,,,,,
262885,1975-01-21,,1975,regular,,final,Villanova,Cornell,338,60,88,82,,Indep.,Ivy,,,,,,
262886,1975-01-21,,1975,regular,,final,VMI,William & Mary,334,353,71,69,,SoCon,SoCon,,,,,,
262887,1975-01-22,,1975,regular,,final,Arkansas State,UT Arlington,13,324,85,71,,Southland,Southland,,,,,,
262888,1975-01-22,,1975,regular,,final,North Texas,Drake,204,70,76,83,,MVC,MVC,,,,,,
262889,1975-01-22,,1975,regular,,final,Saint Peter's,Fairleigh Dickinson,254,84,56,52,,Indep.,Indep.,,,,,,
262890,1975-01-22,,1975,regular,,final,Illinois,Tulane,118,303,69,81,,Big Ten,Indep.,,,,,,
262891,1975-01-22,,1975,regular,,final,Lamar,Louisiana Tech,139,149,98,71,,Southland,Southland,,,,,,
262892,1975-01-22,,1975,regular,,final,Saint Louis,Louisville,252,150,70,78,,Indep.,MVC,,,,,,
262893,1975-01-22,,1975,regular,,final,West Texas A&M,New Mexico State,1440,192,58,72,,MVC,MVC,,,,,,
262894,1975-01-22,,1975,regular,,final,Long Beach State,Pacific,145,225,87,56,,Big West,Big West,,,,,,
262895,1975-01-22,,1975,regular,,final,Portland,Seattle U,230,262,60,70,,Indep.,WCC,,,,,,
262896,1975-01-22,,1975,regular,,final,Fresno State,San José State,92,260,74,82,,Big West,Big West,,,,,,
262897,1975-01-22,,1975,regular,,final,Tulsa,Wichita State,304,352,74,63,,MVC,MVC,,,,,,
262898,1975-01-22,,1975,regular,,final,UCLA,UC Santa Barbara,313,311,104,76,,Pac-12,Indep.,,,,,,
262899,1975-01-22,,1975,regular,,final,West Virginia,Lehigh,347,141,90,51,,Indep.,,,,,,,
262900,1975-01-23,,1975,regular,,final,Stanford,Air Force,281,2,69,48,,Pac-12,Indep.,,,,,,
262901,1975-01-23,,1975,regular,,final,Boise State,Gonzaga,25,102,81,84,,Big Sky,Big Sky,,,,,,
262902,1975-01-23,,1975,regular,,final,UTEP,BYU,327,18,86,60,,UAC,UAC,,,,,,
262903,1975-01-23,,1975,regular,,final,Cornell,Columbia,60,58,90,60,,Ivy,Ivy,,,,,,
262904,1975-01-23,,1975,regular,,final,Colorado State,Arizona State,57,10,91,80,,UAC,UAC,,,,,,
262905,1975-01-23,,1975,regular,,final,Idaho State,Idaho,116,117,75,66,,Big Sky,Big Sky,,,,,,
262906,1975-01-23,,1975,regular,,final,La Salle,Duquesne,137,73,88,79,,,Indep.,,,,,,
262907,1975-01-23,,1975,regular,,final,Rhode Island,Maine-Farmington,240,1078,89,64,,Indep.,,,,,,,
262908,1975-01-23,,1975,regular,,final,Oral Roberts,McNeese,222,162,82,80,,Indep.,Southland,,,,,,
262909,1975-01-23,,1975,regular,,final,New Mexico,Utah,191,331,76,66,,UAC,UAC,,,,,,
262910,1975-01-23,,1975,regular,,final,Hardin-Simmons,Oklahoma City,772,1476,59,84,,,,,,,,,
262911,1975-01-23,,1975,regular,,final,Saint Joseph's,Fairfield,251,83,63,56,,,Indep.,,,,,,
262912,1975-01-23,,1975,regular,,final,Wyoming,Arizona,358,11,65,61,,UAC,UAC,,,,,,
262913,1975-01-24,,1975,regular,,final,Alabama,Georgia,5,98,92,68,,SEC,SEC,,,,,,
262914,1975-01-24,,1975,regular,,final,Colorado State,Arizona,57,11,82,85,,UAC,UAC,,,,,,
262915,1975-01-24,,1975,regular,,final,SMU,Arkansas,248,12,69,73,,,,,,,,,
262916,1975-01-24,,1975,regular,,final,Army,Manhattan,15,155,69,81,,Indep.,Indep.,,,,,,
262917,1975-01-24,,1975,regular,,final,Boston College,Syracuse,26,286,79,73,,Indep.,Indep.,,,,,,
262918,1975-01-24,,1975,regular,,final,Lehigh,Bucknell,141,32,62,82,,,,,,,,,
262919,1975-01-24,,1975,regular,,final,New Mexico,BYU,191,18,78,96,,UAC,UAC,,,,,,
262920,1975-01-24,,1975,regular,,final,California,Cal State LA,40,1053,86,77,,Pac-12,,,,,,,
262921,1975-01-24,,1975,regular,,final,Bowling Green,Cincinnati,28,51,79,83,,MAC,Indep.,,,,,,
262922,1975-01-24,,1975,regular,,final,Virginia,Clemson,339,52,64,74,,ACC,ACC,,,,,,
262923,1975-01-24,,1975,regular,,final,Nebraska,Colorado,188,56,85,69,,MVC,,,,,,,
262924,1975-01-24,,1975,regular,,final,Vermont,UConn,337,314,70,69,,Indep.,Indep.,,,,,,
262925,1975-01-24,,1975,regular,,final,Boston University,Dartmouth,27,62,88,81,,Indep.,Ivy,,,,,,
262926,1975-01-24,,1975,regular,,final,Davidson,The Citadel,63,299,90,76,,SoCon,SoCon,,,,,,
262927,1975-01-24,,1975,regular,,final,DePaul,Dayton,65,64,86,80,,Indep.,Indep.,,,,,,
262928,1975-01-24,,1975,regular,,final,Delaware,Lafayette,66,138,82,97,,,,,,,,,
262929,1975-01-24,,1975,regular,,final,Denver,Utah State,68,329,89,114,,Indep.,Indep.,,,,,,
262930,1975-01-24,,1975,regular,,final,Xavier,Detroit Mercy,359,69,87,84,,Indep.,Indep.,,,,,,
262931,1975-01-24,,1975,regular,,final,Drake,Saint Louis,70,252,87,64,,MVC,Indep.,,,,,,
262932,1975-01-24,,1975,regular,,final,Hofstra,Drexel,110,71,80,79,,,,,,,,,
262933,1975-01-24,,1975,regular,,final,Delaware State,Howard,67,114,83,77,,MEAC,MEAC,,,,,,
262934,1975-01-24,,1975,regular,,final,Duke,Princeton,72,234,90,73,,ACC,Ivy,,,,,,
262935,1975-01-24,,1975,regular,,final,VMI,East Carolina,334,74,80,82,,SoCon,SoCon,,,,,,
262936,1975-01-24,,1975,regular,,final,Eastern Kentucky,East Tennessee State,78,75,91,82,,OVC,OVC,,,,,,
262937,1975-01-24,,1975,regular,,final,Fordham,Navy,91,187,71,60,,Indep.,Indep.,,,,,,
262938,1975-01-24,,1975,regular,,final,Canisius,Florida State,42,90,81,75,,Indep.,Indep.,,,,,,
262939,1975-01-24,,1975,regular,,final,San Diego State,Cal State Fullerton,257,37,72,65,,Big West,Big West,,,,,,
262940,1975-01-24,,1975,regular,,final,Idaho State,Gonzaga,116,102,64,52,,Big Sky,Big Sky,,,,,,
262941,1975-01-24,,1975,regular,,final,Georgia Southern,Texas Pan American,99,1535,83,110,,Indep.,,,,,,,
262942,1975-01-24,,1975,regular,,final,Houston Christian,Centenary (LA),112,367,70,88,,Indep.,Indep.,,,,,,
262943,1975-01-24,,1975,regular,,final,Holy Cross,Georgetown,111,97,108,86,,Indep.,Indep.,,,,,,
262944,1975-01-24,,1975,regular,,final,Houston,Nevada,113,189,103,74,,Indep.,WCC,,,,,,
262945,1975-01-24,,1975,regular,,final,Boise State,Idaho,25,117,83,78,,Big Sky,Big Sky,,,,,,
262946,1975-01-24,,1975,regular,,final,Ohio State,Illinois,216,118,62,66,,Big Ten,Big Ten,,,,,,
262947,1975-01-24,,1975,regular,,final,Illinois State,Northern Illinois,119,208,102,79,,Indep.,Indep.,,,,,,
262948,1975-01-24,,1975,regular,,final,Indiana,Purdue,121,236,104,71,,Big Ten,Big Ten,,,,,,
262949,1975-01-24,,1975,regular,,final,Missouri,Iowa State,177,125,87,85,,,,,,,,,
262950,1975-01-24,,1975,regular,,final,Iowa,Minnesota,124,173,53,44,,Big Ten,Big Ten,,,,,,
262951,1975-01-24,,1975,regular,,final,Kansas,Oklahoma State,131,218,71,60,,,,,,,,,
262952,1975-01-24,,1975,regular,,final,Kentucky,Florida,135,87,87,65,,SEC,SEC,,,,,,
262953,1975-01-24,,1975,regular,,final,Kansas State,Oklahoma,132,217,87,72,,,,,,,,,
262954,1975-01-24,,1975,regular,,final,Western Michigan,Kent State,351,134,77,70,,MAC,MAC,,,,,,
262955,1975-01-24,,1975,regular,,final,Lamar,UL Monroe,139,316,77,89,,Southland,Indep.,,,,,,
262956,1975-01-24,,1975,regular,,final,Bradley,Louisville,29,150,65,59,,MVC,MVC,,,,,,
262957,1975-01-24,,1975,regular,,final,LSU,Auburn,136,16,78,87,,SEC,SEC,,,,,,
262958,1975-01-24,,1975,regular,,final,Memphis,North Texas,163,204,103,92,,Indep.,MVC,,,,,,
262959,1975-01-24,,1975,regular,,final,Michigan,Northwestern,170,212,79,58,,Big Ten,Big Ten,,,,,,
262960,1975-01-24,,1975,regular,,final,Ole Miss,Vanderbilt,220,336,66,80,,SEC,SEC,,,,,,
262961,1975-01-24,,1975,regular,,final,Montana State,Montana,180,179,57,70,,Big Sky,Big Sky,,,,,,
262962,1975-01-24,,1975,regular,,final,Morehead State,Tennessee Tech,181,291,91,78,,OVC,OVC,,,,,,
262963,1975-01-24,,1975,regular,,final,Mississippi State,Tennessee,174,292,87,97,,SEC,SEC,,,,,,
262964,1975-01-24,,1975,regular,,final,Murray State,Middle Tennessee,184,171,77,84,,OVC,OVC,,,,,,
262965,1975-01-24,,1975,regular,,final,Weber State,Northern Arizona,345,206,76,77,,Big Sky,Big Sky,,,,,,
262966,1975-01-24,,1975,regular,,final,Charlotte,Georgia State,48,100,75,49,,Indep.,Indep.,,,,,,
262967,1975-01-24,,1975,regular,,final,NC State,Wake Forest,185,342,106,80,,ACC,ACC,,,,,,
262968,1975-01-24,,1975,regular,,final,Notre Dame,UCLA,213,313,84,78,,Indep.,Pac-12,,,,,,
262969,1975-01-24,,1975,regular,,final,Ohio,Central Michigan,215,45,75,68,,MAC,MAC,,,,,,
262970,1975-01-24,,1975,regular,,final,Oregon State,Oregon,224,223,72,71,,Pac-12,Pac-12,,,,,,
262971,1975-01-24,,1975,regular,,final,Fresno State,Pacific,92,225,74,82,,Big West,Big West,,,,,,
262972,1975-01-24,,1975,regular,,final,Providence,Penn State (Beaver),235,1353,65,66,,Indep.,,,,,,,
262973,1975-01-24,,1975,regular,,final,Penn State,St. Francis (PA),226,278,94,74,,Indep.,Indep.,,,,,,
262974,1975-01-24,,1975,regular,,final,Richmond,Virginia Tech,242,340,69,83,,SoCon,Indep.,,,,,,
262975,1975-01-24,,1975,regular,,final,Pittsburgh,Rutgers,229,245,82,79,,Indep.,Indep.,,,,,,
262976,1975-01-24,,1975,regular,,final,South Carolina,Marshall,266,158,93,75,,Indep.,Indep.,,,,,,
262977,1975-01-24,,1975,regular,,final,Seton Hall,Iona,263,123,95,71,,Indep.,Indep.,,,,,,
262978,1975-01-24,,1975,regular,,final,Long Beach State,San José State,145,260,72,66,,Big West,Big West,,,,,,
262979,1975-01-24,,1975,regular,,final,Niagara,St. Bonaventure,194,277,95,88,,Indep.,Indep.,,,,,,
262980,1975-01-24,,1975,regular,,final,Southern Illinois,Stetson,273,283,95,60,,MVC,Indep.,,,,,,
262981,1975-01-24,,1975,regular,,final,American University,St. John's,8,279,68,74,,,Indep.,,,,,,
262982,1975-01-24,,1975,regular,,final,Texas A&M,TCU,293,287,81,69,,,,,,,,,
262984,1975-01-24,,1975,regular,,final,Texas,Texas Tech,295,298,57,59,,,,,,,,,
262985,1975-01-24,,1975,regular,,final,Ball State,Tulane,19,303,98,74,,Indep.,Indep.,,,,,,
262986,1975-01-24,,1975,regular,,final,Miami (OH),Toledo,167,300,62,73,,MAC,MAC,,,,,,
262987,1975-01-24,,1975,regular,,final,West Texas A&M,Tulsa,1440,304,78,82,,MVC,MVC,,,,,,
262988,1975-01-24,,1975,regular,,final,North Carolina,Maryland,200,160,69,66,,ACC,ACC,,,,,,
262989,1975-01-24,,1975,regular,,final,UTEP,Utah,327,331,79,61,,UAC,UAC,,,,,,
262990,1975-01-24,,1975,regular,,final,Furman,William & Mary,93,353,75,58,,SoCon,SoCon,,,,,,
262991,1975-01-24,,1975,regular,,final,Washington,Seattle U,343,262,80,72,,Pac-12,WCC,,,,,,
262992,1975-01-24,,1975,regular,,final,Wichita State,New Mexico State,352,192,64,63,,MVC,MVC,,,,,,
262993,1975-01-24,,1975,regular,,final,Michigan State,Wisconsin,169,355,105,87,,Big Ten,Big Ten,,,,,,
262994,1975-01-24,,1975,regular,,final,Austin Peay,Western Kentucky,17,350,78,75,,OVC,OVC,,,,,,
262995,1975-01-24,,1975,regular,,final,West Virginia,George Washington,347,96,75,83,,Indep.,,,,,,,
262996,1975-01-24,,1975,regular,,final,Wyoming,Arizona State,358,10,67,79,,UAC,UAC,,,,,,
262997,1975-01-24,,1975,regular,,final,Yale,Brown,360,30,85,83,,Ivy,Ivy,,,,,,
262998,1975-01-25,,1975,regular,,final,Colgate,Columbia,55,58,54,63,,Indep.,Ivy,,,,,,
262999,1975-01-26,,1975,regular,,final,Florida,Alabama,87,5,67,73,,SEC,SEC,,,,,,
263000,1975-01-26,,1975,regular,,final,VMI,App State,334,9,73,55,,SoCon,SoCon,,,,,,
263001,1975-01-26,,1975,regular,,final,McNeese,Arkansas State,162,13,74,70,,Southland,Southland,,,,,,
263002,1975-01-26,,1975,regular,,final,Auburn,Georgia,16,98,65,64,,SEC,SEC,,,,,,
263003,1975-01-26,,1975,regular,,final,Middle Tennessee,Austin Peay,171,17,101,60,,OVC,OVC,,,,,,
263004,1975-01-26,,1975,regular,,final,Cincinnati,Loyola Chicago,51,151,76,65,,Indep.,Indep.,,,,,,
263005,1975-01-26,,1975,regular,,final,Furman,Davidson,93,63,97,76,,SoCon,SoCon,,,,,,
263006,1975-01-26,,1975,regular,,final,Duke,NC State,72,185,71,95,,ACC,ACC,,,,,,
263007,1975-01-26,,1975,regular,,final,Tennessee Tech,Eastern Kentucky,291,78,86,71,,OVC,OVC,,,,,,
263008,1975-01-26,,1975,regular,,final,East Tennessee State,Morehead State,75,181,81,80,,OVC,OVC,,,,,,
263009,1975-01-26,,1975,regular,,final,Georgia State,Texas Pan American,100,1535,62,64,,Indep.,,,,,,,
263010,1975-01-26,,1975,regular,,final,UL Monroe,Houston Christian,316,112,81,68,,Indep.,Indep.,,,,,,
263011,1975-01-26,,1975,regular,,final,Houston,Stanford,113,281,74,68,,Indep.,Pac-12,,,,,,
263012,1975-01-26,,1975,regular,,final,Indiana,Illinois,121,118,73,57,,Big Ten,Big Ten,,,,,,
263013,1975-01-26,,1975,regular,,final,Louisiana Tech,Indiana State,149,122,67,63,,Southland,Indep.,,,,,,
263014,1975-01-26,,1975,regular,,final,Niagara,Jacksonville,194,127,78,76,,Indep.,Indep.,,,,,,
263015,1975-01-26,,1975,regular,,final,Vanderbilt,Kentucky,336,135,90,91,,SEC,SEC,,,,,,
263016,1975-01-26,,1975,regular,,final,UT Arlington,Lamar,324,139,80,79,,Southland,Southland,,,,,,
263017,1975-01-26,,1975,regular,,final,Pepperdine,Loyola Marymount,228,153,79,90,,WCC,WCC,,,,,,
263018,1975-01-26,,1975,regular,,final,Tennessee,LSU,292,136,99,79,,SEC,SEC,,,,,,
263019,1975-01-26,,1975,regular,,final,Mississippi State,Ole Miss,174,220,100,80,,SEC,SEC,,,,,,
263020,1975-01-26,,1975,regular,,final,Michigan State,Northwestern,169,212,54,50,,Big Ten,Big Ten,,,,,,
263021,1975-01-26,,1975,regular,,final,New Mexico,Florida State,191,90,84,78,,UAC,Indep.,,,,,,
263022,1975-01-26,,1975,regular,,final,Oral Roberts,Southern Illinois,222,273,78,69,,Indep.,MVC,,,,,,
263023,1975-01-26,,1975,regular,,final,Oregon,Air Force,223,2,77,44,,Pac-12,Indep.,,,,,,
263024,1975-01-26,,1975,regular,,final,Ohio State,Purdue,216,236,93,87,,Big Ten,Big Ten,,,,,,
263026,1975-01-26,,1975,regular,,final,West Virginia,Rutgers,347,245,84,86,,Indep.,Indep.,,,,,,
263027,1975-01-26,,1975,regular,,final,South Florida,South Alabama,271,265,65,74,,Indep.,Indep.,,,,,,
263028,1975-01-26,,1975,regular,,final,Army,Saint Joseph's,15,251,54,69,,Indep.,,,,,,,
263029,1975-01-26,,1975,regular,,final,New Mexico State,Tulsa,192,304,76,64,,MVC,MVC,,,,,,
263030,1975-01-26,,1975,regular,,final,Centenary (LA),VCU,367,333,73,66,,Indep.,Indep.,,,,,,
263031,1975-01-26,,1975,regular,,final,Michigan,Wisconsin,170,355,75,73,,Big Ten,Big Ten,,,,,,
263032,1975-01-26,,1975,regular,,final,Western Kentucky,Murray State,350,184,93,92,,OVC,OVC,,,,,,
263033,1975-01-27,,1975,regular,,final,Baylor,SMU,20,248,66,63,,,,,,,,,
263034,1975-01-27,,1975,regular,,final,Boston University,New Hampshire,27,190,84,71,,Indep.,Indep.,,,,,,
263035,1975-01-27,,1975,regular,,final,California,San José State,40,260,92,85,,Pac-12,Big West,,,,,,
263036,1975-01-27,,1975,regular,,final,Columbia,Fordham,58,91,58,67,,Ivy,Indep.,,,,,,
263037,1975-01-27,,1975,regular,,final,UConn,Fairfield,314,83,87,78,,Indep.,Indep.,,,,,,
263038,1975-01-27,,1975,regular,,final,Georgia Tech,Texas Pan American,101,1535,73,80,,Indep.,,,,,,,
263039,1975-01-27,,1975,regular,,final,American University,Long Island University,8,146,82,81,,,Indep.,,,,,,
263040,1975-01-27,,1975,regular,,final,Massachusetts,Northeastern,161,205,65,57,,,Indep.,,,,,,
263041,1975-01-27,,1975,regular,,final,Western Michigan,Notre Dame,351,213,71,73,,MAC,Indep.,,,,,,
263042,1975-01-27,,1975,regular,,final,Creighton,Oklahoma City,61,1476,61,58,,Indep.,,,,,,,
263043,1975-01-27,,1975,regular,,final,Penn State (Beaver),Princeton,1353,234,75,57,,,Ivy,,,,,,
263044,1975-01-27,,1975,regular,,final,Rice,Arkansas,241,12,67,74,,,,,,,,,
263045,1975-01-27,,1975,regular,,final,South Carolina,Saint Louis,266,252,76,60,,Indep.,Indep.,,,,,,
263046,1975-01-27,,1975,regular,,final,Villanova,St. John's,338,279,63,72,,Indep.,Indep.,,,,,,
263047,1975-01-27,,1975,regular,,final,Texas Tech,Texas A&M,298,293,55,62,,,,,,,,,
263048,1975-01-27,,1975,regular,,final,TCU,Texas,287,295,74,72,,,,,,,,,
263049,1975-01-27,,1975,regular,,final,William & Mary,Virginia Tech,353,340,76,69,,SoCon,Indep.,,,,,,
263050,1975-01-27,,1975,regular,,final,Washington State,Idaho,344,117,76,70,,Pac-12,Big Sky,,,,,,
263051,1975-01-27,,1975,regular,,final,Utah State,Wyoming,329,358,84,69,,Indep.,UAC,,,,,,
263052,1975-01-28,,1975,regular,,final,Army,Iona,15,123,66,60,,Indep.,Indep.,,,,,,
263053,1975-01-28,,1975,regular,,final,Northern Illinois,Ball State,208,19,93,73,,Indep.,Indep.,,,,,,
263054,1975-01-28,,1975,regular,,final,Bowling Green,Ohio,28,215,69,75,,MAC,MAC,,,,,,
263055,1975-01-28,,1975,regular,,final,Clemson,The Citadel,52,299,106,75,,ACC,SoCon,,,,,,
263056,1975-01-28,,1975,regular,,final,Central Michigan,Eastern Michigan,45,79,96,75,,MAC,MAC,,,,,,
263057,1975-01-28,,1975,regular,,final,Niagara,Cornell,194,60,71,70,,Indep.,Ivy,,,,,,
263058,1975-01-28,,1975,regular,,final,Miami (OH),Dayton,167,64,74,62,,MAC,Indep.,,,,,,
263059,1975-01-28,,1975,regular,,final,Marshall,DePaul,158,65,107,96,,Indep.,Indep.,,,,,,
263060,1975-01-28,,1975,regular,,final,St. Francis (PA),Detroit Mercy,278,69,64,59,,Indep.,Indep.,,,,,,
263061,1975-01-28,,1975,regular,,final,Davidson,Duke,63,72,76,113,,SoCon,ACC,,,,,,
263062,1975-01-28,,1975,regular,,final,Fairleigh Dickinson,Rider,84,243,77,75,,Indep.,,,,,,,
263063,1975-01-28,,1975,regular,,final,George Washington,Navy,96,187,80,58,,,Indep.,,,,,,
263064,1975-01-28,,1975,regular,,final,Georgia Southern,Stetson,99,283,81,84,,Indep.,Indep.,,,,,,
263065,1975-01-28,,1975,regular,,final,Georgetown,Saint Peter's,97,254,68,70,,Indep.,Indep.,,,,,,
263066,1975-01-28,,1975,regular,,final,Southern Illinois,Illinois State,273,119,91,61,,MVC,Indep.,,,,,,
263067,1975-01-28,,1975,regular,,final,Iowa State,Kansas State,125,132,93,108,,,,,,,,,
263068,1975-01-28,,1975,regular,,final,Kansas,Colorado,131,56,81,59,,,,,,,,,
263069,1975-01-28,,1975,regular,,final,La Salle,Western Kentucky,137,350,87,91,,,OVC,,,,,,
263070,1975-01-28,,1975,regular,,final,Xavier,Marquette,359,157,55,73,,Indep.,Indep.,,,,,,
263071,1975-01-28,,1975,regular,,final,Oklahoma,Missouri,217,177,66,77,,,,,,,,,
263072,1975-01-28,,1975,regular,,final,Nebraska,Oklahoma State,188,218,73,58,,MVC,,,,,,,
263073,1975-01-28,,1975,regular,,final,Boston College,Providence,26,235,85,77,,Indep.,Indep.,,,,,,
263074,1975-01-28,,1975,regular,,final,Penn State,Syracuse,226,286,88,84,,Indep.,Indep.,,,,,,
263075,1975-01-28,,1975,regular,,final,Jacksonville,Richmond,127,242,66,58,,Indep.,SoCon,,,,,,
263076,1975-01-28,,1975,regular,,final,Hofstra,Saint Joseph's,110,251,60,61,,,,,,,,,
263077,1975-01-28,,1975,regular,,final,St. Bonaventure,St. Francis Brooklyn,277,364,108,89,,Indep.,Indep.,,,,,,
263078,1975-01-28,,1975,regular,,final,Temple,Pittsburgh,289,229,61,70,,,Indep.,,,,,,
263079,1975-01-28,,1975,regular,,final,Kent State,Toledo,134,300,52,48,,MAC,MAC,,,,,,
263080,1975-01-28,,1975,regular,,final,North Carolina,Wake Forest,200,342,101,91,,ACC,ACC,,,,,,
263081,1975-01-28,,1975,regular,,final,Virginia,West Virginia,339,347,87,79,,ACC,Indep.,,,,,,
263082,1975-01-29,,1975,regular,,final,App State,Furman,9,93,59,96,,SoCon,SoCon,,,,,,
263083,1975-01-29,,1975,regular,,final,Boise State,Weber State,25,345,81,76,,Big Sky,Big Sky,,,,,,
263084,1975-01-29,,1975,regular,,final,Boston University,Colgate,27,55,84,65,,Indep.,Indep.,,,,,,
263085,1975-01-29,,1975,regular,,final,Santa Clara,Pepperdine,261,228,78,79,,WCC,WCC,,,,,,
263086,1975-01-29,,1975,regular,,final,Drake,West Texas A&M,70,1440,75,63,,MVC,MVC,,,,,,
263087,1975-01-29,,1975,regular,,final,San Diego State,Fresno State,257,92,73,60,,Big West,Big West,,,,,,
263088,1975-01-29,,1975,regular,,final,Cal State Fullerton,Long Beach State,37,145,67,76,,Big West,Big West,,,,,,
263089,1975-01-29,,1975,regular,,final,Portland,Hawai'i,230,108,79,66,,Indep.,Indep.,,,,,,
263090,1975-01-29,,1975,regular,,final,Houston Christian,Charleston Southern,112,47,80,75,,Indep.,Indep.,,,,,,
263091,1975-01-29,,1975,regular,,final,Manhattan,Holy Cross,155,111,74,76,,Indep.,Indep.,,,,,,
263092,1975-01-29,,1975,regular,,final,Arkansas State,Lamar,13,139,84,67,,Southland,Southland,,,,,,
263093,1975-01-29,,1975,regular,,final,Long Island University,Cleveland State,146,53,72,80,,Indep.,Indep.,,,,,,
263094,1975-01-29,,1975,regular,,final,Louisiana Tech,McNeese,149,162,92,80,,Southland,Southland,,,,,,
263095,1975-01-29,,1975,regular,,final,Louisville,New Mexico State,150,192,51,42,,MVC,MVC,,,,,,
263096,1975-01-29,,1975,regular,,final,Massachusetts,New Hampshire,161,190,85,44,,,Indep.,,,,,,
263097,1975-01-29,,1975,regular,,final,Oklahoma City,Hardin-Simmons,1476,772,73,60,,,,,,,,,
263098,1975-01-29,,1975,regular,,final,Bucknell,Rutgers,32,245,72,94,,,Indep.,,,,,,
263099,1975-01-29,,1975,regular,,final,UNLV,Seattle U,322,262,84,62,,WCC,WCC,,,,,,
263101,1975-01-29,,1975,regular,,final,Southern Miss,Tulane,275,303,81,100,,Indep.,Indep.,,,,,,
263102,1975-01-29,,1975,regular,,final,Saint Louis,North Texas,252,204,93,82,,Indep.,MVC,,,,,,
263103,1975-01-29,,1975,regular,,final,Tulsa,Bradley,304,29,89,91,,MVC,MVC,,,,,,
263104,1975-01-29,,1975,regular,,final,Wichita State,Memphis,352,163,76,78,,MVC,Indep.,,,,,,
263105,1975-01-30,,1975,regular,,final,Northeastern,Colgate,205,55,55,58,,Indep.,Indep.,,,,,,
263106,1975-01-30,,1975,regular,,final,Santa Clara,Loyola Marymount,261,153,92,77,,WCC,WCC,,,,,,
263107,1975-01-30,,1975,regular,,final,Columbia,Dartmouth,58,62,77,78,,Ivy,Ivy,,,,,,
263108,1975-01-30,,1975,regular,,final,North Carolina A&T,Delaware State,198,67,88,86,,MEAC,MEAC,,,,,,
263109,1975-01-30,,1975,regular,,final,Duquesne,Saint Peter's,73,254,72,71,,Indep.,Indep.,,,,,,
263110,1975-01-30,,1975,regular,,final,Georgia Tech,Mercer,101,164,91,80,,Indep.,Indep.,,,,,,
263111,1975-01-30,,1975,regular,,final,Gonzaga,Montana,102,179,51,53,,Big Sky,Big Sky,,,,,,
263112,1975-01-30,,1975,regular,,final,Cornell,Harvard,60,107,67,80,,Ivy,Ivy,,,,,,
263113,1975-01-30,,1975,regular,,final,Howard,South Carolina State,114,267,100,82,,MEAC,MEAC,,,,,,
263114,1975-01-30,,1975,regular,,final,Idaho,Montana State,117,180,93,79,,Big Sky,Big Sky,,,,,,
263115,1975-01-30,,1975,regular,,final,Idaho State,Northern Arizona,116,206,101,77,,Big Sky,Big Sky,,,,,,
263117,1975-01-30,,1975,regular,,final,Brown,Penn State (Beaver),30,1353,67,72,,Ivy,,,,,,,
263118,1975-01-30,,1975,regular,,final,Rhode Island,Vermont,240,337,68,77,,Indep.,Indep.,,,,,,
263119,1975-01-30,,1975,regular,,final,San Francisco,Pepperdine,259,228,97,89,,WCC,WCC,,,,,,
263120,1975-01-30,,1975,regular,,final,Nevada,Saint Mary's,189,253,93,95,,WCC,WCC,,,,,,
263121,1975-01-30,,1975,regular,,final,Temple,American University,289,8,62,63,,,,,,,,,
263122,1975-01-30,,1975,regular,,final,Villanova,St. Francis (PA),338,278,95,84,,Indep.,Indep.,,,,,,
263123,1975-01-30,,1975,regular,,final,Yale,Princeton,360,234,50,62,,Ivy,Ivy,,,,,,
263124,1975-01-31,,1975,regular,,final,Air Force,Denver,2,68,59,68,,Indep.,Indep.,,,,,,
263125,1975-01-31,,1975,regular,,final,Georgia Southern,App State,99,9,104,83,,Indep.,SoCon,,,,,,
263126,1975-01-31,,1975,regular,,final,Arizona,Arizona State,11,10,81,83,,UAC,UAC,,,,,,
263127,1975-01-31,,1975,regular,,final,Baylor,Arkansas,20,12,73,69,,,,,,,,,
263128,1975-01-31,,1975,regular,,final,Arkansas State,UL Monroe,13,316,91,74,,Southland,Indep.,,,,,,
263129,1975-01-31,,1975,regular,,final,Alabama,Auburn,5,16,77,53,,SEC,SEC,,,,,,
263130,1975-01-31,,1975,regular,,final,Boston College,Fordham,26,91,91,74,,Indep.,Indep.,,,,,,
263131,1975-01-31,,1975,regular,,final,Boise State,Northern Arizona,25,206,85,86,,Big Sky,Big Sky,,,,,,
263132,1975-01-31,,1975,regular,,final,Brown,Princeton,30,234,62,61,,Ivy,Ivy,,,,,,
263133,1975-01-31,,1975,regular,,final,Utah State,BYU,329,18,92,84,,Indep.,UAC,,,,,,
263134,1975-01-31,,1975,regular,,final,California,Stanford,40,281,60,46,,Pac-12,Pac-12,,,,,,
263135,1975-01-31,,1975,regular,,final,Cincinnati,Northern Illinois,51,208,85,69,,Indep.,Indep.,,,,,,
263136,1975-01-31,,1975,regular,,final,Clemson,North Carolina,52,200,80,72,,ACC,ACC,,,,,,
263137,1975-01-31,,1975,regular,,final,Central Michigan,Illinois State,45,119,93,82,,MAC,Indep.,,,,,,
263138,1975-01-31,,1975,regular,,final,Colorado,Iowa State,56,125,90,101,,,,,,,,,
263139,1975-01-31,,1975,regular,,final,Creighton,Oral Roberts,61,222,77,62,,Indep.,Indep.,,,,,,
263140,1975-01-31,,1975,regular,,final,Cornell,Dartmouth,60,62,71,60,,Ivy,Ivy,,,,,,
263141,1975-01-31,,1975,regular,,final,Dayton,Loyola Chicago,64,151,76,63,,Indep.,Indep.,,,,,,
263142,1975-01-31,,1975,regular,,final,Delaware,Bucknell,66,32,62,63,,,,,,,,,
263143,1975-01-31,,1975,regular,,final,Detroit Mercy,St. Bonaventure,69,277,86,82,,Indep.,Indep.,,,,,,
263144,1975-01-31,,1975,regular,,final,Drake,New Mexico State,70,192,44,45,,MVC,MVC,,,,,,
263145,1975-01-31,,1975,regular,,final,Duke,Virginia,72,339,85,92,,ACC,ACC,,,,,,
263146,1975-01-31,,1975,regular,,final,Furman,East Carolina,93,74,86,76,,SoCon,SoCon,,,,,,
263147,1975-01-31,,1975,regular,,final,Eastern Kentucky,Morehead State,78,181,86,82,,OVC,OVC,,,,,,
263148,1975-01-31,,1975,regular,,final,Tennessee Tech,East Tennessee State,291,75,85,84,,OVC,OVC,,,,,,
263149,1975-01-31,,1975,regular,,final,Fairleigh Dickinson,Cleveland State,84,53,61,68,,Indep.,Indep.,,,,,,
263150,1975-01-31,,1975,regular,,final,Florida,Vanderbilt,87,336,101,90,,SEC,SEC,,,,,,
263151,1975-01-31,,1975,regular,,final,Cal State Fullerton,Fresno State,37,92,59,62,,Big West,Big West,,,,,,
263152,1975-01-31,,1975,regular,,final,Manhattan,Fairfield,155,83,86,79,,Indep.,Indep.,,,,,,
263153,1975-01-31,,1975,regular,,final,Boston University,George Washington,27,96,62,68,,Indep.,,,,,,,
263154,1975-01-31,,1975,regular,,final,Gonzaga,Montana State,102,180,88,77,,Big Sky,Big Sky,,,,,,
263155,1975-01-31,,1975,regular,,final,Columbia,Harvard,58,107,77,80,,Ivy,Ivy,,,,,,
263156,1975-01-31,,1975,regular,,final,McNeese,Houston Christian,162,112,95,87,,Southland,Indep.,,,,,,
263157,1975-01-31,,1975,regular,,final,Houston,South Carolina,113,266,90,84,,Indep.,Indep.,,,,,,
263158,1975-01-31,,1975,regular,,final,Idaho,Montana,117,179,63,70,,Big Sky,Big Sky,,,,,,
263159,1975-01-31,,1975,regular,,final,Idaho State,Weber State,116,345,59,67,,Big Sky,Big Sky,,,,,,
263160,1975-01-31,,1975,regular,,final,Illinois,Michigan State,118,169,60,75,,Big Ten,Big Ten,,,,,,
263161,1975-01-31,,1975,regular,,final,Ohio State,Indiana,216,121,66,72,,Big Ten,Big Ten,,,,,,
263162,1975-01-31,,1975,regular,,final,Indiana State,Ball State,122,19,82,69,,Indep.,Indep.,,,,,,
263163,1975-01-31,,1975,regular,,final,Kansas State,Kansas,132,131,66,56,,,,,,,,,
263164,1975-01-31,,1975,regular,,final,Kentucky,Mississippi State,135,174,112,79,,SEC,SEC,,,,,,
263165,1975-01-31,,1975,regular,,final,Kent State,Ohio,134,215,74,69,,MAC,MAC,,,,,,
263166,1975-01-31,,1975,regular,,final,Lafayette,Rider,138,243,82,61,,,,,,,,,
263167,1975-01-31,,1975,regular,,final,Syracuse,La Salle,286,137,82,78,,Indep.,,,,,,,
263168,1975-01-31,,1975,regular,,final,San Diego State,Long Beach State,257,145,84,77,,Big West,Big West,,,,,,
263169,1975-01-31,,1975,regular,,final,Iona,Long Island University,123,146,80,103,,Indep.,Indep.,,,,,,
263170,1975-01-31,,1975,regular,,final,Louisville,North Texas,150,204,112,67,,MVC,MVC,,,,,,
263171,1975-01-31,,1975,regular,,final,LSU,Ole Miss,136,220,94,86,,SEC,SEC,,,,,,
263172,1975-01-31,,1975,regular,,final,Maine-Farmington,UConn,1078,314,90,100,,,Indep.,,,,,,
263173,1975-01-31,,1975,regular,,final,Niagara,Massachusetts,194,161,64,65,,Indep.,,,,,,,
263174,1975-01-31,,1975,regular,,final,Samford,Mercer,256,164,79,78,,Indep.,Indep.,,,,,,
263175,1975-01-31,,1975,regular,,final,Purdue,Michigan,236,170,75,67,,Big Ten,Big Ten,,,,,,
263176,1975-01-31,,1975,regular,,final,Northwestern,Minnesota,212,173,57,70,,Big Ten,Big Ten,,,,,,
263177,1975-01-31,,1975,regular,,final,Western Michigan,Miami (OH),351,167,86,73,,MAC,MAC,,,,,,
263178,1975-01-31,,1975,regular,,final,DePaul,Marquette,65,157,69,72,,Indep.,Indep.,,,,,,
263179,1975-01-31,,1975,regular,,final,Missouri,Nebraska,177,188,88,74,,,MVC,,,,,,
263180,1975-01-31,,1975,regular,,final,Austin Peay,Murray State,17,184,80,70,,OVC,OVC,,,,,,
263181,1975-01-31,,1975,regular,,final,NC State,Maryland,185,160,97,98,,ACC,ACC,,,,,,
263182,1975-01-31,,1975,regular,,final,North Carolina A&T,Maryland Eastern Shore,198,159,76,56,,MEAC,MEAC,,,,,,
263183,1975-01-31,,1975,regular,,final,New Mexico,UTEP,191,327,52,53,,UAC,UAC,,,,,,
263184,1975-01-31,,1975,regular,,final,Notre Dame,Xavier,213,359,96,58,,Indep.,Indep.,,,,,,
263185,1975-01-31,,1975,regular,,final,Utah,Oklahoma City,331,1476,87,69,,UAC,,,,,,,
263186,1975-01-31,,1975,regular,,final,Oklahoma State,Oklahoma,218,217,74,65,,,,,,,,,
263187,1975-01-31,,1975,regular,,final,Oregon,Hawai'i,223,108,77,72,,Pac-12,Indep.,,,,,,
263188,1975-01-31,,1975,regular,,final,Texas Pan American,Charleston Southern,1535,47,109,81,,,Indep.,,,,,,
263189,1975-01-31,,1975,regular,,final,Yale,Penn State (Beaver),360,1353,67,79,,Ivy,,,,,,,
263190,1975-01-31,,1975,regular,,final,Pittsburgh,William & Mary,229,353,70,60,,Indep.,SoCon,,,,,,
263191,1975-01-31,,1975,regular,,final,Canisius,Providence,42,235,95,87,,Indep.,Indep.,,,,,,
263192,1975-01-31,,1975,regular,,final,Penn State,Georgetown,226,97,66,77,,Indep.,Indep.,,,,,,
263193,1975-01-31,,1975,regular,,final,Richmond,The Citadel,242,299,80,75,,SoCon,SoCon,,,,,,
263194,1975-01-31,,1975,regular,,final,SMU,Rice,248,241,76,67,,,,,,,,,
263195,1975-01-31,,1975,regular,,final,Navy,Rutgers,187,245,70,75,,Indep.,Indep.,,,,,,
263196,1975-01-31,,1975,regular,,final,Nevada,Seattle U,189,262,86,82,,WCC,WCC,,,,,,
263198,1975-01-31,,1975,regular,,final,St. Francis Brooklyn,St. Francis (PA),364,278,60,73,,Indep.,Indep.,,,,,,
263199,1975-01-31,,1975,regular,,final,San Francisco,Loyola Marymount,259,153,81,71,,WCC,WCC,,,,,,
263200,1975-01-31,,1975,regular,,final,Southern Illinois,West Texas A&M,273,1440,67,50,,MVC,MVC,,,,,,
263201,1975-01-31,,1975,regular,,final,Saint Joseph's,Vermont,251,337,84,70,,,Indep.,,,,,,
263202,1975-01-31,,1975,regular,,final,San José State,Pacific,260,225,92,75,,Big West,Big West,,,,,,
263203,1975-01-31,,1975,regular,,final,Centenary (LA),Southern Miss,367,275,105,81,,Indep.,Indep.,,,,,,
263204,1975-01-31,,1975,regular,,final,Army,St. John's,15,279,77,105,,Indep.,Indep.,,,,,,
263205,1975-01-31,,1975,regular,,final,TCU,Texas Tech,287,298,78,81,,,,,,,,,
263206,1975-01-31,,1975,regular,,final,Georgia,Tennessee,98,292,69,105,,SEC,SEC,,,,,,
263207,1975-01-31,,1975,regular,,final,Texas,Texas A&M,295,293,74,80,,,,,,,,,
263208,1975-01-31,,1975,regular,,final,Toledo,Bowling Green,300,28,63,67,,MAC,MAC,,,,,,
263209,1975-01-31,,1975,regular,,final,Saint Louis,Tulsa,252,304,76,74,,Indep.,MVC,,,,,,
263210,1975-01-31,,1975,regular,,final,UNLV,Saint Mary's,322,253,106,94,,WCC,WCC,,,,,,
263211,1975-01-31,,1975,regular,,final,UCLA,USC,313,323,89,84,,Pac-12,Pac-12,,,,,,
263212,1975-01-31,,1975,regular,,final,Wake Forest,Virginia Tech,342,340,90,72,,ACC,Indep.,,,,,,
263213,1975-01-31,,1975,regular,,final,Washington State,Washington,344,343,70,103,,Pac-12,Pac-12,,,,,,
263214,1975-01-31,,1975,regular,,final,Wichita State,Bradley,352,29,83,76,,MVC,MVC,,,,,,
263215,1975-01-31,,1975,regular,,final,Wisconsin,Iowa,355,124,86,85,,Big Ten,Big Ten,,,,,,
263216,1975-01-31,,1975,regular,,final,Western Kentucky,Middle Tennessee,350,171,95,102,,OVC,OVC,,,,,,
263217,1975-01-31,,1975,regular,,final,West Virginia,Davidson,347,63,97,92,,Indep.,SoCon,,,,,,
263218,1975-02-01,,1975,regular,,final,Duquesne,Villanova,73,338,83,81,,Indep.,Indep.,,,,,,
263219,1975-02-02,,1975,regular,,final,Vanderbilt,Alabama,336,5,72,86,,SEC,SEC,,,,,,
263220,1975-02-02,,1975,regular,,final,Arkansas State,Louisiana Tech,13,149,74,79,,Southland,Southland,,,,,,
263221,1975-02-02,,1975,regular,,final,Auburn,Tennessee,16,292,62,59,,SEC,SEC,,,,,,
263222,1975-02-02,,1975,regular,,final,Ball State,Butler,19,34,79,59,,Indep.,,,,,,,
263223,1975-02-02,,1975,regular,,final,Dayton,Western Kentucky,64,350,86,84,,Indep.,OVC,,,,,,
263224,1975-02-02,,1975,regular,,final,Fairfield,Hofstra,83,110,91,64,,Indep.,,,,,,,
263225,1975-02-02,,1975,regular,,final,Georgia,Ole Miss,98,220,87,93,,SEC,SEC,,,,,,
263226,1975-02-02,,1975,regular,,final,Morehead State,Georgia State,181,100,81,69,,OVC,Indep.,,,,,,
263227,1975-02-02,,1975,regular,,final,Georgia Tech,Samford,101,256,78,75,,Indep.,Indep.,,,,,,
263228,1975-02-02,,1975,regular,,final,George Washington,VMI,96,334,90,79,,,SoCon,,,,,,
263229,1975-02-02,,1975,regular,,final,Howard,Maryland Eastern Shore,114,159,107,84,,MEAC,MEAC,,,,,,
263230,1975-02-02,,1975,regular,,final,Illinois,Minnesota,118,173,50,56,,Big Ten,Big Ten,,,,,,
263231,1975-02-02,,1975,regular,,final,Illinois State,South Alabama,119,265,104,86,,Indep.,Indep.,,,,,,
263232,1975-02-02,,1975,regular,,final,Indiana,Michigan,121,170,74,48,,Big Ten,Big Ten,,,,,,
263233,1975-02-02,,1975,regular,,final,Purdue,Iowa,236,124,107,72,,Big Ten,Big Ten,,,,,,
263234,1975-02-02,,1975,regular,,final,Jacksonville,Furman,127,93,90,92,,Indep.,SoCon,,,,,,
263235,1975-02-02,,1975,regular,,final,LSU,Kentucky,136,135,76,77,,SEC,SEC,,,,,,
263236,1975-02-02,,1975,regular,,final,UT Arlington,McNeese,324,162,67,80,,Southland,Southland,,,,,,
263237,1975-02-02,,1975,regular,,final,Mississippi State,Florida,174,87,104,107,,SEC,SEC,,,,,,
263238,1975-02-02,,1975,regular,,final,Ohio State,Michigan State,216,169,83,101,,Big Ten,Big Ten,,,,,,
263239,1975-02-02,,1975,regular,,final,Murray State,Oral Roberts,184,222,79,90,,OVC,Indep.,,,,,,
263240,1975-02-02,,1975,regular,,final,Charlotte,Georgia Southern,48,99,100,63,,Indep.,Indep.,,,,,,
263241,1975-02-02,,1975,regular,,final,Saint Joseph's,West Chester,251,476,71,54,,,,,,,,,
263242,1975-02-02,,1975,regular,,final,Houston Christian,Southern Miss,112,275,81,72,,Indep.,Indep.,,,,,,
263243,1975-02-02,,1975,regular,,final,Tennessee Tech,Stetson,291,283,61,74,,OVC,Indep.,,,,,,
263244,1975-02-02,,1975,regular,,final,North Carolina,South Florida,200,271,79,72,,ACC,Indep.,,,,,,
263245,1975-02-02,,1975,regular,,final,Eastern Kentucky,Virginia Tech,78,340,81,90,,OVC,Indep.,,,,,,
263246,1975-02-02,,1975,regular,,final,William & Mary,The Citadel,353,299,81,55,,SoCon,SoCon,,,,,,
263247,1975-02-03,,1975,regular,,final,Northern Colorado,Air Force,207,2,56,64,,,Indep.,,,,,,
263248,1975-02-03,,1975,regular,,final,Arkansas,Texas,12,295,56,52,,,,,,,,,
263249,1975-02-03,,1975,regular,,final,Texas Tech,Baylor,298,20,72,61,,,,,,,,,
263250,1975-02-03,,1975,regular,,final,NC State,Clemson,185,52,92,89,,ACC,ACC,,,,,,
263251,1975-02-03,,1975,regular,,final,Lehigh,Lafayette,141,138,57,74,,,,,,,,,
263252,1975-02-03,,1975,regular,,final,North Texas,West Texas A&M,204,1440,53,62,,MVC,MVC,,,,,,
263253,1975-02-03,,1975,regular,,final,Denver,Oklahoma City,68,1476,82,93,,Indep.,,,,,,,
263255,1975-02-03,,1975,regular,,final,Brown,Providence,30,235,62,65,,Ivy,Indep.,,,,,,
263256,1975-02-03,,1975,regular,,final,Davidson,Richmond,63,242,103,79,,SoCon,SoCon,,,,,,
263257,1975-02-03,,1975,regular,,final,Rice,TCU,241,287,88,67,,,,,,,,,
263258,1975-02-03,,1975,regular,,final,Texas A&M,SMU,293,248,102,77,,,,,,,,,
263259,1975-02-03,,1975,regular,,final,St. Bonaventure,Syracuse,277,286,89,97,,Indep.,Indep.,,,,,,
263260,1975-02-03,,1975,regular,,final,Maryland,Virginia,160,339,86,79,,ACC,ACC,,,,,,
263261,1975-02-03,,1975,regular,,final,Wisconsin,Marquette,355,157,63,69,,Big Ten,Indep.,,,,,,
263262,1975-02-04,,1975,regular,,final,Massachusetts,Boston College,161,26,80,71,,,Indep.,,,,,,
263263,1975-02-04,,1975,regular,,final,Oral Roberts,Canisius,222,42,100,93,,Indep.,Indep.,,,,,,
263264,1975-02-04,,1975,regular,,final,Central Michigan,Northern Illinois,45,208,95,67,,MAC,Indep.,,,,,,
263265,1975-02-04,,1975,regular,,final,Colorado,Oklahoma State,56,218,83,62,,,,,,,,,
263266,1975-02-04,,1975,regular,,final,UConn,Boston University,314,27,106,85,,Indep.,Indep.,,,,,,
263267,1975-02-04,,1975,regular,,final,UC Santa Barbara,Long Beach State,311,145,75,71,,Indep.,Big West,,,,,,
263268,1975-02-04,,1975,regular,,final,Santa Clara,San Francisco,261,259,78,98,,WCC,WCC,,,,,,
263269,1975-02-04,,1975,regular,,final,Delaware,Rider,66,243,66,59,,,,,,,,,
263270,1975-02-04,,1975,regular,,final,Duke,Wake Forest,72,342,75,68,,ACC,ACC,,,,,,
263271,1975-02-04,,1975,regular,,final,App State,East Carolina,9,74,78,71,,SoCon,SoCon,,,,,,
263272,1975-02-04,,1975,regular,,final,Marshall,Fairleigh Dickinson,158,84,54,44,,Indep.,Indep.,,,,,,
263273,1975-02-04,,1975,regular,,final,Iona,Fairfield,123,83,70,71,,Indep.,Indep.,,,,,,
263274,1975-02-04,,1975,regular,,final,Mercer,Georgia State,164,100,92,80,,Indep.,Indep.,,,,,,
263275,1975-02-04,,1975,regular,,final,Iowa State,Oklahoma,125,217,89,91,,,,,,,,,
263276,1975-02-04,,1975,regular,,final,Kansas,Nebraska,131,188,72,44,,,MVC,,,,,,
263277,1975-02-04,,1975,regular,,final,Ball State,Kent State,19,134,83,80,,Indep.,MAC,,,,,,
263278,1975-02-04,,1975,regular,,final,Drexel,La Salle,71,137,63,80,,,,,,,,,
263279,1975-02-04,,1975,regular,,final,Loyola Chicago,Western Michigan,151,351,56,76,,Indep.,MAC,,,,,,
263280,1975-02-04,,1975,regular,,final,New Hampshire,Maine-Farmington,190,1078,81,77,,Indep.,,,,,,,
263281,1975-02-04,,1975,regular,,final,Rhode Island,Manhattan,240,155,89,83,,Indep.,Indep.,,,,,,
263282,1975-02-04,,1975,regular,,final,Eastern Michigan,Miami (OH),79,167,57,60,,MAC,MAC,,,,,,
263283,1975-02-04,,1975,regular,,final,Kansas State,Missouri,132,177,91,84,,,,,,,,,
263284,1975-02-04,,1975,regular,,final,Notre Dame,Michigan State,213,169,73,76,,Indep.,Big Ten,,,,,,
263285,1975-02-04,,1975,regular,,final,South Carolina,Pittsburgh,266,229,64,62,,Indep.,Indep.,,,,,,
263286,1975-02-04,,1975,regular,,final,Seattle U,UNLV,262,322,63,77,,WCC,WCC,,,,,,
263287,1975-02-04,,1975,regular,,final,Seton Hall,Villanova,263,338,99,91,,Indep.,Indep.,,,,,,
263288,1975-02-04,,1975,regular,,final,Saint Joseph's,American University,251,8,64,66,,,,,,,,,
263289,1975-02-04,,1975,regular,,final,Virginia Tech,DePaul,340,65,87,74,,Indep.,Indep.,,,,,,
263290,1975-02-05,,1975,regular,,final,Weber State,Boise State,345,25,76,80,,Big Sky,Big Sky,,,,,,
263291,1975-02-05,,1975,regular,,final,Washington,California,343,40,83,57,,Pac-12,Pac-12,,,,,,
263292,1975-02-05,,1975,regular,,final,South Florida,Cincinnati,271,51,80,82,,Indep.,Indep.,,,,,,
263293,1975-02-05,,1975,regular,,final,Bradley,Drake,29,70,66,68,,MVC,MVC,,,,,,
263294,1975-02-05,,1975,regular,,final,San José State,Cal State Fullerton,260,37,75,69,,Big West,Big West,,,,,,
263295,1975-02-05,,1975,regular,,final,Northern Arizona,Idaho State,206,116,72,81,,Big Sky,Big Sky,,,,,,
263296,1975-02-05,,1975,regular,,final,Florida State,Jacksonville,90,127,63,55,,Indep.,Indep.,,,,,,
263298,1975-02-05,,1975,regular,,final,McNeese,Lamar,162,139,104,88,,Southland,Southland,,,,,,
263299,1975-02-05,,1975,regular,,final,UT Arlington,Louisiana Tech,324,149,80,70,,Southland,Southland,,,,,,
263300,1975-02-05,,1975,regular,,final,Fordham,Maryland,91,160,46,65,,Indep.,ACC,,,,,,
263301,1975-02-05,,1975,regular,,final,South Alabama,UL Monroe,265,316,89,74,,Indep.,Indep.,,,,,,
263302,1975-02-05,,1975,regular,,final,New Mexico State,Saint Louis,192,252,55,48,,MVC,Indep.,,,,,,
263303,1975-02-05,,1975,regular,,final,Pacific,San Diego State,225,257,72,74,,Big West,Big West,,,,,,
263304,1975-02-05,,1975,regular,,final,Richmond,William & Mary,242,353,84,75,,SoCon,SoCon,,,,,,
263305,1975-02-05,,1975,regular,,final,Syracuse,Rutgers,286,245,75,76,,Indep.,Indep.,,,,,,
263306,1975-02-05,,1975,regular,,final,Seattle U,Nevada,262,189,86,65,,WCC,WCC,,,,,,
263307,1975-02-05,,1975,regular,,final,St. John's,Niagara,279,194,91,57,,Indep.,Indep.,,,,,,
263308,1975-02-05,,1975,regular,,final,North Texas,Tulsa,204,304,81,84,,MVC,MVC,,,,,,
263309,1975-02-05,,1975,regular,,final,Wichita State,Louisville,352,150,57,62,,MVC,MVC,,,,,,
263310,1975-02-05,,1975,regular,,final,Washington State,Stanford,344,281,58,71,,Pac-12,Pac-12,,,,,,
263311,1975-02-06,,1975,regular,,final,BYU,Colorado State,18,57,88,75,,UAC,UAC,,,,,,
263312,1975-02-06,,1975,regular,,final,Dartmouth,Brown,62,30,71,83,,Ivy,Ivy,,,,,,
263313,1975-02-06,,1975,regular,,final,Delaware State,South Carolina State,67,267,78,63,,MEAC,MEAC,,,,,,
263315,1975-02-06,,1975,regular,,final,Montana,Gonzaga,179,102,55,39,,Big Sky,Big Sky,,,,,,
263316,1975-02-06,,1975,regular,,final,North Carolina A&T,Howard,198,114,78,74,,MEAC,MEAC,,,,,,
263317,1975-02-06,,1975,regular,,final,Montana State,Idaho,180,117,78,69,,Big Sky,Big Sky,,,,,,
263318,1975-02-06,,1975,regular,,final,Hawai'i,Oklahoma City,108,1476,75,67,,Indep.,,,,,,,
263319,1975-02-06,,1975,regular,,final,Oregon,USC,223,323,80,81,,Pac-12,Pac-12,,,,,,
263320,1975-02-06,,1975,regular,,final,Penn State (Beaver),Columbia,1353,58,113,69,,,Ivy,,,,,,
263321,1975-02-06,,1975,regular,,final,Princeton,Cornell,234,60,59,29,,Ivy,Ivy,,,,,,
263322,1975-02-06,,1975,regular,,final,Oregon State,UCLA,224,313,60,67,,Pac-12,Pac-12,,,,,,
263324,1975-02-06,,1975,regular,,final,Saint Mary's,UNLV,253,322,75,81,,WCC,WCC,,,,,,
263325,1975-02-06,,1975,regular,,final,Utah,Wyoming,331,358,81,64,,UAC,UAC,,,,,,
263326,1975-02-07,,1975,regular,,final,Tennessee,Alabama,292,5,65,71,,SEC,SEC,,,,,,
263327,1975-02-07,,1975,regular,,final,Arkansas,Texas A&M,12,293,95,89,,,,,,,,,
263328,1975-02-07,,1975,regular,,final,Colgate,Army,55,15,69,66,,Indep.,Indep.,,,,,,
263329,1975-02-07,,1975,regular,,final,Ole Miss,Auburn,220,16,72,70,,SEC,SEC,,,,,,
263330,1975-02-07,,1975,regular,,final,Austin Peay,Morehead State,17,181,70,66,,OVC,OVC,,,,,,
263331,1975-02-07,,1975,regular,,final,Ball State,Illinois State,19,119,77,65,,Indep.,Indep.,,,,,,
263332,1975-02-07,,1975,regular,,final,Baylor,Texas,20,295,62,63,,,,,,,,,
263333,1975-02-07,,1975,regular,,final,Miami (OH),Bowling Green,167,28,77,62,,MAC,MAC,,,,,,
263334,1975-02-07,,1975,regular,,final,Boston College,Villanova,26,338,94,80,,Indep.,Indep.,,,,,,
263335,1975-02-07,,1975,regular,,final,Northern Arizona,Boise State,206,25,93,106,,Big Sky,Big Sky,,,,,,
263336,1975-02-07,,1975,regular,,final,Bradley,North Texas,29,204,95,82,,MVC,MVC,,,,,,
263337,1975-02-07,,1975,regular,,final,Rider,Bucknell,243,32,85,68,,,,,,,,,
263338,1975-02-07,,1975,regular,,final,BYU,Wyoming,18,358,75,73,,UAC,UAC,,,,,,
263339,1975-02-07,,1975,regular,,final,Washington State,California,344,40,46,56,,Pac-12,Pac-12,,,,,,
263340,1975-02-07,,1975,regular,,final,Canisius,Marshall,42,158,86,69,,Indep.,Indep.,,,,,,
263341,1975-02-07,,1975,regular,,final,Houston,Cincinnati,113,51,83,103,,Indep.,Indep.,,,,,,
263342,1975-02-07,,1975,regular,,final,The Citadel,VMI,299,334,68,82,,SoCon,SoCon,,,,,,
263343,1975-02-07,,1975,regular,,final,Princeton,Columbia,234,58,86,67,,Ivy,Ivy,,,,,,
263344,1975-02-07,,1975,regular,,final,Missouri,Colorado,177,56,93,75,,,,,,,,,
263345,1975-02-07,,1975,regular,,final,San Francisco,Santa Clara,259,261,78,70,,WCC,WCC,,,,,,
263346,1975-02-07,,1975,regular,,final,Utah,Colorado State,331,57,71,63,,UAC,UAC,,,,,,
263347,1975-02-07,,1975,regular,,final,Dartmouth,Yale,62,360,72,66,,Ivy,Ivy,,,,,,
263348,1975-02-07,,1975,regular,,final,Lehigh,Delaware,141,66,62,70,,,,,,,,,
263349,1975-02-07,,1975,regular,,final,Utah State,Denver,329,68,87,81,,Indep.,Indep.,,,,,,
263350,1975-02-07,,1975,regular,,final,Loyola Chicago,Detroit Mercy,151,69,55,66,,Indep.,Indep.,,,,,,
263351,1975-02-07,,1975,regular,,final,Duke,Maryland,72,160,80,104,,ACC,ACC,,,,,,
263352,1975-02-07,,1975,regular,,final,American University,Duquesne,8,73,86,99,,,Indep.,,,,,,
263353,1975-02-07,,1975,regular,,final,East Carolina,Davidson,74,63,101,91,,SoCon,SoCon,,,,,,
263354,1975-02-07,,1975,regular,,final,Long Beach State,Fresno State,145,92,69,71,,Big West,Big West,,,,,,
263356,1975-02-07,,1975,regular,,final,Saint Peter's,George Washington,254,96,60,63,,Indep.,,,,,,,
263357,1975-02-07,,1975,regular,,final,Montana State,Gonzaga,180,102,57,56,,Big Sky,Big Sky,,,,,,
263358,1975-02-07,,1975,regular,,final,Georgetown,Fairleigh Dickinson,97,84,89,54,,Indep.,Indep.,,,,,,
263359,1975-02-07,,1975,regular,,final,Harvard,Brown,107,30,76,77,,Ivy,Ivy,,,,,,
263360,1975-02-07,,1975,regular,,final,Hardin-Simmons,Texas Pan American,772,1535,75,82,,,,,,,,,
263361,1975-02-07,,1975,regular,,final,Centenary (LA),Houston Christian,367,112,96,83,,Indep.,Indep.,,,,,,
263362,1975-02-07,,1975,regular,,final,Manhattan,Hofstra,155,110,75,67,,Indep.,,,,,,,
263363,1975-02-07,,1975,regular,,final,Montana,Idaho,179,117,81,49,,Big Sky,Big Sky,,,,,,
263364,1975-02-07,,1975,regular,,final,Weber State,Idaho State,345,116,55,56,,Big Sky,Big Sky,,,,,,
263365,1975-02-07,,1975,regular,,final,Northwestern,Illinois,212,118,51,47,,Big Ten,Big Ten,,,,,,
263366,1975-02-07,,1975,regular,,final,Iowa,Indiana,124,121,56,79,,Big Ten,Big Ten,,,,,,
263367,1975-02-07,,1975,regular,,final,Iona,Niagara,123,194,59,74,,Indep.,Indep.,,,,,,
263368,1975-02-07,,1975,regular,,final,Nebraska,Iowa State,188,125,75,62,,MVC,,,,,,,
263369,1975-02-07,,1975,regular,,final,Oklahoma,Kansas,217,131,54,69,,,,,,,,,
263370,1975-02-07,,1975,regular,,final,Kentucky,Georgia,135,98,75,61,,SEC,SEC,,,,,,
263371,1975-02-07,,1975,regular,,final,Central Michigan,Kent State,45,134,63,62,,MAC,MAC,,,,,,
263373,1975-02-07,,1975,regular,,final,Loyola Marymount,Pepperdine,153,228,83,71,,WCC,WCC,,,,,,
263374,1975-02-07,,1975,regular,,final,Florida,LSU,87,136,92,76,,SEC,SEC,,,,,,
263375,1975-02-07,,1975,regular,,final,Maine-Farmington,Boston University,1078,27,67,85,,,Indep.,,,,,,
263376,1975-02-07,,1975,regular,,final,Massachusetts,UConn,161,314,76,80,,,Indep.,,,,,,
263377,1975-02-07,,1975,regular,,final,Middle Tennessee,Tennessee Tech,171,291,102,83,,OVC,OVC,,,,,,
263378,1975-02-07,,1975,regular,,final,Marquette,Xavier,157,359,78,55,,Indep.,Indep.,,,,,,
263379,1975-02-07,,1975,regular,,final,Vanderbilt,Mississippi State,336,174,76,72,,SEC,SEC,,,,,,
263380,1975-02-07,,1975,regular,,final,Michigan,Michigan State,170,169,96,84,,Big Ten,Big Ten,,,,,,
263381,1975-02-07,,1975,regular,,final,Murray State,Eastern Kentucky,184,78,79,69,,OVC,OVC,,,,,,
263382,1975-02-07,,1975,regular,,final,Samford,Charlotte,256,48,74,91,,Indep.,Indep.,,,,,,
263384,1975-02-07,,1975,regular,,final,Hawai'i,Oklahoma City,108,1476,98,77,,Indep.,,,,,,,
263385,1975-02-07,,1975,regular,,final,Oklahoma State,Kansas State,218,132,74,87,,,,,,,,,
263386,1975-02-07,,1975,regular,,final,Southern Illinois,Oral Roberts,273,222,77,61,,MVC,Indep.,,,,,,
263387,1975-02-07,,1975,regular,,final,Oregon,UCLA,223,313,103,107,,Pac-12,Pac-12,,,,,,
263388,1975-02-07,,1975,regular,,final,Minnesota,Ohio State,173,216,62,53,,Big Ten,Big Ten,,,,,,
263389,1975-02-07,,1975,regular,,final,Pacific,Cal State Fullerton,225,37,80,75,,Big West,Big West,,,,,,
263390,1975-02-07,,1975,regular,,final,Penn State (Beaver),Cornell,1353,60,83,64,,,Ivy,,,,,,
263391,1975-02-07,,1975,regular,,final,Providence,Seton Hall,235,263,106,101,,Indep.,Indep.,,,,,,
263392,1975-02-07,,1975,regular,,final,Penn State,Navy,226,187,64,66,,Indep.,Indep.,,,,,,
263393,1975-02-07,,1975,regular,,final,Virginia Tech,Richmond,340,242,106,79,,Indep.,SoCon,,,,,,
263394,1975-02-07,,1975,regular,,final,Rice,Texas Tech,241,298,60,86,,,,,,,,,
263395,1975-02-07,,1975,regular,,final,Notre Dame,South Carolina,213,266,66,65,,Indep.,Indep.,,,,,,
263396,1975-02-07,,1975,regular,,final,Maryland Eastern Shore,South Carolina State,159,267,83,96,,MEAC,MEAC,,,,,,
263397,1975-02-07,,1975,regular,,final,Drexel,Saint Joseph's,71,251,51,55,,,,,,,,,
263398,1975-02-07,,1975,regular,,final,San José State,San Diego State,260,257,77,73,,Big West,Big West,,,,,,
263399,1975-02-07,,1975,regular,,final,UL Monroe,Southern Miss,316,275,74,59,,Indep.,Indep.,,,,,,
263400,1975-02-07,,1975,regular,,final,SMU,TCU,248,287,88,67,,,,,,,,,
263401,1975-02-07,,1975,regular,,final,St. Bonaventure,Fairfield,277,83,80,74,,Indep.,Indep.,,,,,,
263403,1975-02-07,,1975,regular,,final,West Texas A&M,Saint Louis,1440,252,58,60,,MVC,Indep.,,,,,,
263404,1975-02-07,,1975,regular,,final,Saint Mary's,Nevada,253,189,68,75,,WCC,WCC,,,,,,
263405,1975-02-07,,1975,regular,,final,Ohio,Toledo,215,300,74,82,,MAC,MAC,,,,,,
263406,1975-02-07,,1975,regular,,final,Tulsa,Louisville,304,150,84,77,,MVC,MVC,,,,,,
263407,1975-02-07,,1975,regular,,final,Oregon State,USC,224,323,78,75,,Pac-12,Pac-12,,,,,,
263408,1975-02-07,,1975,regular,,final,VCU,Mercer,333,164,95,75,,Indep.,Indep.,,,,,,
263409,1975-02-07,,1975,regular,,final,Virginia,Wake Forest,339,342,71,58,,ACC,ACC,,,,,,
263410,1975-02-07,,1975,regular,,final,App State,William & Mary,9,353,59,69,,SoCon,SoCon,,,,,,
263411,1975-02-07,,1975,regular,,final,Washington,Stanford,343,281,69,68,,Pac-12,Pac-12,,,,,,
263412,1975-02-07,,1975,regular,,final,New Mexico State,Wichita State,192,352,72,66,,MVC,MVC,,,,,,
263413,1975-02-07,,1975,regular,,final,Wisconsin,Purdue,355,236,64,69,,Big Ten,Big Ten,,,,,,
263414,1975-02-07,,1975,regular,,final,Western Kentucky,East Tennessee State,350,75,106,83,,OVC,OVC,,,,,,
263415,1975-02-07,,1975,regular,,final,Eastern Michigan,Western Michigan,79,351,62,60,,MAC,MAC,,,,,,
263416,1975-02-07,,1975,regular,,final,Syracuse,West Virginia,286,347,81,84,,Indep.,Indep.,,,,,,
263417,1975-02-08,,1975,regular,,final,Creighton,UC Santa Barbara,61,311,72,61,,Indep.,Indep.,,,,,,
263419,1975-02-08,,1975,regular,,final,Harvard,Yale,107,360,81,64,,Ivy,Ivy,,,,,,
263420,1975-02-09,,1975,regular,,final,Arkansas State,McNeese,13,162,84,101,,Southland,Southland,,,,,,
263421,1975-02-09,,1975,regular,,final,Austin Peay,Eastern Kentucky,17,78,88,74,,OVC,OVC,,,,,,
263422,1975-02-09,,1975,regular,,final,Southern Illinois,Detroit Mercy,273,69,95,62,,MVC,Indep.,,,,,,
263423,1975-02-09,,1975,regular,,final,Duke,Duquesne,72,73,80,73,,ACC,Indep.,,,,,,
263424,1975-02-09,,1975,regular,,final,East Carolina,Furman,74,93,70,71,,SoCon,SoCon,,,,,,
263425,1975-02-09,,1975,regular,,final,Middle Tennessee,East Tennessee State,171,75,85,81,,OVC,OVC,,,,,,
263426,1975-02-09,,1975,regular,,final,Fairfield,St. Francis (PA),83,278,76,61,,Indep.,Indep.,,,,,,
263427,1975-02-09,,1975,regular,,final,Florida,Georgia,87,98,66,65,,SEC,SEC,,,,,,
263428,1975-02-09,,1975,regular,,final,Hardin-Simmons,Centenary (LA),772,367,67,80,,,Indep.,,,,,,
263429,1975-02-09,,1975,regular,,final,Louisiana Tech,Houston Christian,149,112,81,68,,Southland,Indep.,,,,,,
263430,1975-02-09,,1975,regular,,final,Wisconsin,Illinois,355,118,76,70,,Big Ten,Big Ten,,,,,,
263431,1975-02-09,,1975,regular,,final,Minnesota,Indiana,173,121,54,69,,Big Ten,Big Ten,,,,,,
263432,1975-02-09,,1975,regular,,final,Kentucky,Auburn,135,16,119,76,,SEC,SEC,,,,,,
263433,1975-02-09,,1975,regular,,final,Lamar,UT Arlington,139,324,91,85,,Southland,Southland,,,,,,
263434,1975-02-09,,1975,regular,,final,LSU,Vanderbilt,136,336,74,83,,SEC,SEC,,,,,,
263435,1975-02-09,,1975,regular,,final,Memphis,UC Santa Barbara,163,311,74,62,,Indep.,Indep.,,,,,,
263436,1975-02-09,,1975,regular,,final,Mercer,Samford,164,256,81,68,,Indep.,Indep.,,,,,,
263437,1975-02-09,,1975,regular,,final,Alabama,Mississippi State,5,174,83,68,,SEC,SEC,,,,,,
263438,1975-02-09,,1975,regular,,final,Murray State,Morehead State,184,181,79,70,,OVC,OVC,,,,,,
263439,1975-02-09,,1975,regular,,final,Georgia State,Charlotte,100,48,49,57,,Indep.,Indep.,,,,,,
263440,1975-02-09,,1975,regular,,final,New Mexico,Cal State LA,191,1053,79,73,,UAC,,,,,,,
263441,1975-02-09,,1975,regular,,final,Notre Dame,Air Force,213,2,99,66,,Indep.,Indep.,,,,,,
263442,1975-02-09,,1975,regular,,final,Iowa,Ohio State,124,216,69,75,,Big Ten,Big Ten,,,,,,
263443,1975-02-09,,1975,regular,,final,Northwestern,Purdue,212,236,69,55,,Big Ten,Big Ten,,,,,,
263444,1975-02-09,,1975,regular,,final,Richmond,Tulane,242,303,80,79,,SoCon,Indep.,,,,,,
263445,1975-02-09,,1975,regular,,final,Seattle U,Utah State,262,329,61,63,,WCC,Indep.,,,,,,
263446,1975-02-09,,1975,regular,,final,Fairleigh Dickinson,St. Francis Brooklyn,84,364,86,58,,Indep.,Indep.,,,,,,
263447,1975-02-09,,1975,regular,,final,Ole Miss,Tennessee,220,292,88,81,,SEC,SEC,,,,,,
263448,1975-02-09,,1975,regular,,final,West Texas A&M,Wichita State,1440,352,89,63,,MVC,MVC,,,,,,
263449,1975-02-09,,1975,regular,,final,Western Kentucky,Tennessee Tech,350,291,75,69,,OVC,OVC,,,,,,
263450,1975-02-10,,1975,regular,,final,TCU,Arkansas,287,12,61,70,,,,,,,,,
263451,1975-02-10,,1975,regular,,final,Texas A&M,Baylor,293,20,96,66,,,,,,,,,
263452,1975-02-10,,1975,regular,,final,Central Michigan,Buffalo,45,33,97,80,,MAC,Indep.,,,,,,
263453,1975-02-10,,1975,regular,,final,New Hampshire,Dartmouth,190,62,90,84,,Indep.,Ivy,,,,,,
263454,1975-02-10,,1975,regular,,final,VMI,Davidson,334,63,93,94,,SoCon,SoCon,,,,,,
263455,1975-02-10,,1975,regular,,final,Jacksonville,Northern Illinois,127,208,83,70,,Indep.,Indep.,,,,,,
263456,1975-02-10,,1975,regular,,final,Boston University,Massachusetts,27,161,78,94,,Indep.,,,,,,,
263457,1975-02-10,,1975,regular,,final,Ball State,Ohio,19,215,74,82,,Indep.,MAC,,,,,,
263458,1975-02-10,,1975,regular,,final,Providence,Rhode Island,235,240,87,72,,Indep.,Indep.,,,,,,
263459,1975-02-10,,1975,regular,,final,Texas,Rice,295,241,60,59,,,,,,,,,
263460,1975-02-10,,1975,regular,,final,UConn,Rutgers,314,245,90,89,,Indep.,Indep.,,,,,,
263461,1975-02-10,,1975,regular,,final,Texas Tech,SMU,298,248,74,61,,,,,,,,,
263462,1975-02-10,,1975,regular,,final,VCU,Delaware State,333,67,91,60,,Indep.,MEAC,,,,,,
263463,1975-02-11,,1975,regular,,final,Navy,American University,187,8,77,72,,Indep.,,,,,,,
263464,1975-02-11,,1975,regular,,final,Bowling Green,Cleveland State,28,53,69,62,,MAC,Indep.,,,,,,
263465,1975-02-11,,1975,regular,,final,Fairfield,Boston College,83,26,80,74,,Indep.,Indep.,,,,,,
263466,1975-02-11,,1975,regular,,final,Bucknell,Lehigh,32,141,74,64,,,,,,,,,
263467,1975-02-11,,1975,regular,,final,Saint Peter's,Canisius,254,42,72,76,,Indep.,Indep.,,,,,,
263468,1975-02-11,,1975,regular,,final,Cincinnati,Dayton,51,64,79,68,,Indep.,Indep.,,,,,,
263469,1975-02-11,,1975,regular,,final,Wake Forest,Clemson,342,52,54,71,,ACC,ACC,,,,,,
263470,1975-02-11,,1975,regular,,final,Kansas State,Colorado,132,56,80,66,,,,,,,,,
263471,1975-02-11,,1975,regular,,final,Detroit Mercy,Iona,69,123,111,75,,Indep.,Indep.,,,,,,
263472,1975-02-11,,1975,regular,,final,North Carolina,Duke,200,72,78,70,,ACC,ACC,,,,,,
263473,1975-02-11,,1975,regular,,final,St. Francis (PA),George Washington,278,96,64,86,,Indep.,,,,,,,
263474,1975-02-11,,1975,regular,,final,Kansas,Iowa State,131,125,76,62,,,,,,,,,
263475,1975-02-11,,1975,regular,,final,Rider,Lafayette,243,138,64,68,,,,,,,,,
263477,1975-02-11,,1975,regular,,final,McNeese,UL Monroe,162,316,76,75,,Southland,Indep.,,,,,,
263478,1975-02-11,,1975,regular,,final,Missouri,Oklahoma State,177,218,76,66,,,,,,,,,
263479,1975-02-11,,1975,regular,,final,Virginia,NC State,339,185,46,59,,ACC,ACC,,,,,,
263480,1975-02-11,,1975,regular,,final,Nebraska,Oklahoma,188,217,57,65,,MVC,,,,,,,
263481,1975-02-11,,1975,regular,,final,South Carolina,Georgia Southern,266,99,98,72,,Indep.,Indep.,,,,,,
263482,1975-02-11,,1975,regular,,final,Georgetown,Saint Joseph's,97,251,89,70,,Indep.,,,,,,,
263483,1975-02-11,,1975,regular,,final,Xavier,St. Bonaventure,359,277,72,62,,Indep.,Indep.,,,,,,
263484,1975-02-11,,1975,regular,,final,Syracuse,Colgate,286,55,85,63,,Indep.,Indep.,,,,,,
263485,1975-02-11,,1975,regular,,final,Temple,Penn State,289,226,62,53,,,Indep.,,,,,,
263486,1975-02-11,,1975,regular,,final,Virginia Tech,William & Mary,340,353,101,75,,Indep.,SoCon,,,,,,
263487,1975-02-11,,1975,regular,,final,Pittsburgh,West Virginia,229,347,83,77,,Indep.,Indep.,,,,,,
263488,1975-02-12,,1975,regular,,final,Air Force,Texas Pan American,2,1535,90,66,,Indep.,,,,,,,
263489,1975-02-12,,1975,regular,,final,UT Arlington,Arkansas State,324,13,70,75,,Southland,Southland,,,,,,
263490,1975-02-12,,1975,regular,,final,Boston University,Vermont,27,337,95,87,,Indep.,Indep.,,,,,,
263491,1975-02-12,,1975,regular,,final,Manhattan,UConn,155,314,77,69,,Indep.,Indep.,,,,,,
263492,1975-02-12,,1975,regular,,final,Drake,Louisville,70,150,66,86,,MVC,MVC,,,,,,
263493,1975-02-12,,1975,regular,,final,Duquesne,Marshall,73,158,83,72,,Indep.,Indep.,,,,,,
263494,1975-02-12,,1975,regular,,final,Florida State,Georgia State,90,100,81,72,,Indep.,Indep.,,,,,,
263495,1975-02-12,,1975,regular,,final,Northern Arizona,Gonzaga,206,102,90,91,,Big Sky,Big Sky,,,,,,
263496,1975-02-12,,1975,regular,,final,Weber State,Idaho,345,117,81,72,,Big Sky,Big Sky,,,,,,
263497,1975-02-12,,1975,regular,,final,Centenary (LA),Indiana State,367,122,78,74,,Indep.,Indep.,,,,,,
263498,1975-02-12,,1975,regular,,final,Louisiana Tech,Lamar,149,139,115,84,,Southland,Southland,,,,,,
263499,1975-02-12,,1975,regular,,final,Massachusetts,Maine-Farmington,161,1078,85,49,,,,,,,,,
263500,1975-02-12,,1975,regular,,final,Rhode Island,New Hampshire,240,190,79,58,,Indep.,Indep.,,,,,,
263501,1975-02-12,,1975,regular,,final,Stetson,Northern Illinois,283,208,88,47,,Indep.,Indep.,,,,,,
263502,1975-02-12,,1975,regular,,final,New Mexico State,West Texas A&M,192,1440,73,53,,MVC,MVC,,,,,,
263503,1975-02-12,,1975,regular,,final,St. John's,Notre Dame,279,213,67,68,,Indep.,Indep.,,,,,,
263504,1975-02-12,,1975,regular,,final,Cal State Fullerton,Pacific,37,225,52,49,,Big West,Big West,,,,,,
263505,1975-02-12,,1975,regular,,final,Holy Cross,Providence,111,235,69,68,,Indep.,Indep.,,,,,,
263506,1975-02-12,,1975,regular,,final,Furman,Richmond,93,242,97,88,,SoCon,SoCon,,,,,,
263507,1975-02-12,,1975,regular,,final,Southern Illinois,Saint Louis,273,252,79,63,,MVC,Indep.,,,,,,
263508,1975-02-12,,1975,regular,,final,San Diego State,San José State,257,260,95,77,,Big West,Big West,,,,,,
263509,1975-02-12,,1975,regular,,final,Southern Miss,Milwaukee,275,172,100,80,,Indep.,Indep.,,,,,,
263510,1975-02-12,,1975,regular,,final,Bradley,Tulsa,29,304,92,77,,MVC,MVC,,,,,,
263511,1975-02-12,,1975,regular,,final,Wichita State,North Texas,352,204,87,72,,MVC,MVC,,,,,,
263512,1975-02-13,,1975,regular,,final,Boise State,Montana,25,179,66,81,,Big Sky,Big Sky,,,,,,
263513,1975-02-13,,1975,regular,,final,Cornell,Brown,60,30,74,80,,Ivy,Ivy,,,,,,
263514,1975-02-13,,1975,regular,,final,Arizona,BYU,11,18,97,81,,UAC,UAC,,,,,,
263515,1975-02-13,,1975,regular,,final,California,Washington State,40,344,78,64,,Pac-12,Pac-12,,,,,,
263516,1975-02-13,,1975,regular,,final,Santa Clara,Nevada,261,189,81,71,,WCC,WCC,,,,,,
263517,1975-02-13,,1975,regular,,final,South Carolina State,Delaware State,267,67,81,97,,MEAC,MEAC,,,,,,
263518,1975-02-13,,1975,regular,,final,Harvard,Princeton,107,234,55,70,,Ivy,Ivy,,,,,,
263519,1975-02-13,,1975,regular,,final,Hawai'i,Portland,108,230,77,62,,Indep.,Indep.,,,,,,
263520,1975-02-13,,1975,regular,,final,Idaho State,Montana State,116,180,87,77,,Big Sky,Big Sky,,,,,,
263521,1975-02-13,,1975,regular,,final,UL Monroe,Lamar,316,139,82,67,,Indep.,Southland,,,,,,
263522,1975-02-13,,1975,regular,,final,Long Island University,Loyola Chicago,146,151,84,75,,Indep.,Indep.,,,,,,
263523,1975-02-13,,1975,regular,,final,Colorado State,New Mexico,57,191,58,53,,UAC,UAC,,,,,,
263524,1975-02-13,,1975,regular,,final,UCLA,Oregon,313,223,95,66,,Pac-12,Pac-12,,,,,,
263525,1975-02-13,,1975,regular,,final,Dartmouth,Penn State (Beaver),62,1353,70,80,,Ivy,,,,,,,
263526,1975-02-13,,1975,regular,,final,Pepperdine,Seattle U,228,262,88,75,,WCC,WCC,,,,,,
263527,1975-02-13,,1975,regular,,final,Loyola Marymount,Saint Mary's,153,253,84,73,,WCC,WCC,,,,,,
263528,1975-02-13,,1975,regular,,final,San Francisco,UNLV,259,322,113,103,,WCC,WCC,,,,,,
263529,1975-02-13,,1975,regular,,final,USC,Oregon State,323,224,76,80,,Pac-12,Pac-12,,,,,,
263530,1975-02-13,,1975,regular,,final,Arizona State,Utah,10,331,96,90,,UAC,UAC,,,,,,
263531,1975-02-13,,1975,regular,,final,Stanford,Washington,281,343,68,69,,Pac-12,Pac-12,,,,,,
263532,1975-02-13,,1975,regular,,final,Wyoming,UTEP,358,327,43,64,,UAC,UAC,,,,,,
263533,1975-02-13,,1975,regular,,final,Columbia,Yale,58,360,78,74,,Ivy,Ivy,,,,,,
263534,1975-02-14,,1975,regular,,final,Alabama,Ole Miss,5,220,88,79,,SEC,SEC,,,,,,
263535,1975-02-14,,1975,regular,,final,Hofstra,American University,110,8,85,70,,,,,,,,,
263536,1975-02-14,,1975,regular,,final,Arizona,Utah,11,331,93,89,,UAC,UAC,,,,,,
263537,1975-02-14,,1975,regular,,final,Texas A&M,Arkansas,293,12,62,60,,,,,,,,,
263538,1975-02-14,,1975,regular,,final,Auburn,Florida,16,87,76,75,,SEC,SEC,,,,,,
263539,1975-02-14,,1975,regular,,final,Tennessee Tech,Austin Peay,291,17,79,94,,OVC,OVC,,,,,,
263540,1975-02-14,,1975,regular,,final,Georgia Southern,Ball State,99,19,88,75,,Indep.,Indep.,,,,,,
263541,1975-02-14,,1975,regular,,final,Texas,Baylor,295,20,70,69,,,,,,,,,
263542,1975-02-14,,1975,regular,,final,Bowling Green,Kent State,28,134,65,57,,MAC,MAC,,,,,,
263543,1975-02-14,,1975,regular,,final,Georgetown,Boston College,97,26,90,82,,Indep.,Indep.,,,,,,
263544,1975-02-14,,1975,regular,,final,Boise State,Montana State,25,180,105,92,,Big Sky,Big Sky,,,,,,
263545,1975-02-14,,1975,regular,,final,New Hampshire,Boston University,190,27,71,86,,Indep.,Indep.,,,,,,
263546,1975-02-14,,1975,regular,,final,Columbia,Brown,58,30,77,91,,Ivy,Ivy,,,,,,
263547,1975-02-14,,1975,regular,,final,Arizona State,BYU,10,18,99,79,,UAC,UAC,,,,,,
263548,1975-02-14,,1975,regular,,final,California,Washington,40,343,78,71,,Pac-12,Pac-12,,,,,,
263549,1975-02-14,,1975,regular,,final,Canisius,Syracuse,42,286,80,76,,Indep.,Indep.,,,,,,
263550,1975-02-14,,1975,regular,,final,George Washington,Cincinnati,96,51,72,81,,,Indep.,,,,,,
263551,1975-02-14,,1975,regular,,final,UC Santa Barbara,Cal State LA,311,1053,90,75,,Indep.,,,,,,,
263552,1975-02-14,,1975,regular,,final,Clemson,Duke,52,72,100,66,,ACC,ACC,,,,,,
263553,1975-02-14,,1975,regular,,final,Colorado,Nebraska,56,188,62,61,,,MVC,,,,,,
263554,1975-02-14,,1975,regular,,final,Santa Clara,UNLV,261,322,74,81,,WCC,WCC,,,,,,
263555,1975-02-14,,1975,regular,,final,Colorado State,UTEP,57,327,57,60,,UAC,UAC,,,,,,
263556,1975-02-14,,1975,regular,,final,Dartmouth,Princeton,62,234,58,70,,Ivy,Ivy,,,,,,
263557,1975-02-14,,1975,regular,,final,Davidson,Furman,63,93,83,96,,SoCon,SoCon,,,,,,
263558,1975-02-14,,1975,regular,,final,Dayton,South Carolina,64,266,73,93,,Indep.,Indep.,,,,,,
263559,1975-02-14,,1975,regular,,final,Rider,Delaware,243,66,81,76,,,,,,,,,
263560,1975-02-14,,1975,regular,,final,Denver,Texas Pan American,68,1535,66,73,,Indep.,,,,,,,
263561,1975-02-14,,1975,regular,,final,Drake,Bradley,70,29,82,73,,MVC,MVC,,,,,,
263562,1975-02-14,,1975,regular,,final,William & Mary,East Carolina,353,74,66,68,,SoCon,SoCon,,,,,,
263563,1975-02-14,,1975,regular,,final,Fairleigh Dickinson,St. Francis (PA),84,278,77,70,,Indep.,Indep.,,,,,,
263564,1975-02-14,,1975,regular,,final,Fresno State,Long Beach State,92,145,78,84,,Big West,Big West,,,,,,
263565,1975-02-14,,1975,regular,,final,Georgia,Vanderbilt,98,336,78,81,,SEC,SEC,,,,,,
263566,1975-02-14,,1975,regular,,final,Weber State,Gonzaga,345,102,75,67,,Big Sky,Big Sky,,,,,,
263567,1975-02-14,,1975,regular,,final,Hawai'i,Portland,108,230,91,70,,Indep.,Indep.,,,,,,
263568,1975-02-14,,1975,regular,,final,Houston Christian,Louisiana Tech,112,149,72,73,,Indep.,Southland,,,,,,
263569,1975-02-14,,1975,regular,,final,Houston,Southern Miss,113,275,115,85,,Indep.,Indep.,,,,,,
263570,1975-02-14,,1975,regular,,final,Howard,North Carolina A&T,114,198,76,80,,MEAC,MEAC,,,,,,
263571,1975-02-14,,1975,regular,,final,Northern Arizona,Idaho,206,117,111,86,,Big Sky,Big Sky,,,,,,
263572,1975-02-14,,1975,regular,,final,Idaho State,Montana,116,179,49,47,,Big Sky,Big Sky,,,,,,
263573,1975-02-14,,1975,regular,,final,Purdue,Illinois,236,118,114,91,,Big Ten,Big Ten,,,,,,
263574,1975-02-14,,1975,regular,,final,Northern Illinois,Illinois State,208,119,78,107,,Indep.,Indep.,,,,,,
263575,1975-02-14,,1975,regular,,final,Indiana,Northwestern,121,212,82,58,,Big Ten,Big Ten,,,,,,
263576,1975-02-14,,1975,regular,,final,Oral Roberts,Indiana State,222,122,91,69,,Indep.,Indep.,,,,,,
263577,1975-02-14,,1975,regular,,final,Iowa State,Missouri,125,177,86,96,,,,,,,,,
263578,1975-02-14,,1975,regular,,final,Stetson,Jacksonville,283,127,48,47,,Indep.,Indep.,,,,,,
263579,1975-02-14,,1975,regular,,final,Oklahoma State,Kansas,218,131,57,59,,,,,,,,,
263580,1975-02-14,,1975,regular,,final,Tennessee,Kentucky,292,135,103,98,,SEC,SEC,,,,,,
263581,1975-02-14,,1975,regular,,final,Oklahoma,Kansas State,217,132,78,71,,,,,,,,,
263582,1975-02-14,,1975,regular,,final,Bucknell,Lafayette,32,138,73,65,,,,,,,,,
263583,1975-02-14,,1975,regular,,final,Notre Dame,La Salle,213,137,91,75,,Indep.,,,,,,,
263584,1975-02-14,,1975,regular,,final,Mississippi State,LSU,174,136,79,71,,SEC,SEC,,,,,,
263585,1975-02-14,,1975,regular,,final,Navy,Manhattan,187,155,62,63,,Indep.,Indep.,,,,,,
263586,1975-02-14,,1975,regular,,final,UConn,Massachusetts,314,161,75,76,,Indep.,,,,,,,
263587,1975-02-14,,1975,regular,,final,Morehead State,Middle Tennessee,181,171,89,85,,OVC,OVC,,,,,,
263588,1975-02-14,,1975,regular,,final,Memphis,Milwaukee,163,172,81,69,,Indep.,Indep.,,,,,,
263589,1975-02-14,,1975,regular,,final,Mercer,South Alabama,164,265,76,67,,Indep.,Indep.,,,,,,
263590,1975-02-14,,1975,regular,,final,Michigan,Iowa,170,124,99,75,,Big Ten,Big Ten,,,,,,
263591,1975-02-14,,1975,regular,,final,Central Michigan,Miami (OH),45,167,78,74,,MAC,MAC,,,,,,
263592,1975-02-14,,1975,regular,,final,Marquette,Detroit Mercy,157,69,81,62,,Indep.,Indep.,,,,,,
263593,1975-02-14,,1975,regular,,final,Marshall,Rhode Island,158,240,90,85,,Indep.,Indep.,,,,,,
263594,1975-02-14,,1975,regular,,final,Michigan State,Minnesota,169,173,86,81,,Big Ten,Big Ten,,,,,,
263595,1975-02-14,,1975,regular,,final,East Tennessee State,Murray State,75,184,88,75,,OVC,OVC,,,,,,
263596,1975-02-14,,1975,regular,,final,Wake Forest,NC State,342,185,87,89,,ACC,ACC,,,,,,
263597,1975-02-14,,1975,regular,,final,Wyoming,New Mexico,358,191,63,59,,UAC,UAC,,,,,,
263598,1975-02-14,,1975,regular,,final,North Texas,New Mexico State,204,192,59,73,,MVC,MVC,,,,,,
263599,1975-02-14,,1975,regular,,final,Ohio,Western Michigan,215,351,72,76,,MAC,MAC,,,,,,
263600,1975-02-14,,1975,regular,,final,Oklahoma City,Creighton,1476,61,56,68,,,Indep.,,,,,,
263601,1975-02-14,,1975,regular,,final,USC,Oregon,323,223,92,90,,Pac-12,Pac-12,,,,,,
263602,1975-02-14,,1975,regular,,final,San Diego State,Pacific,257,225,78,70,,Big West,Big West,,,,,,
263603,1975-02-14,,1975,regular,,final,Harvard,Penn State (Beaver),107,1353,81,103,,Ivy,,,,,,,
263604,1975-02-14,,1975,regular,,final,Penn State,Army,226,15,81,64,,Indep.,Indep.,,,,,,
263605,1975-02-14,,1975,regular,,final,The Citadel,Richmond,299,242,90,99,,SoCon,SoCon,,,,,,
263606,1975-02-14,,1975,regular,,final,Texas Tech,Rice,298,241,74,63,,,,,,,,,
263607,1975-02-14,,1975,regular,,final,Rutgers,Fordham,245,91,97,90,,Indep.,Indep.,,,,,,
263608,1975-02-14,,1975,regular,,final,South Carolina State,Maryland Eastern Shore,267,159,128,90,,MEAC,MEAC,,,,,,
263609,1975-02-14,,1975,regular,,final,Loyola Marymount,Seattle U,153,262,72,64,,WCC,WCC,,,,,,
263610,1975-02-14,,1975,regular,,final,Seton Hall,Holy Cross,263,111,84,79,,Indep.,Indep.,,,,,,
263611,1975-02-14,,1975,regular,,final,San Francisco,Nevada,259,189,104,73,,WCC,WCC,,,,,,
263612,1975-02-14,,1975,regular,,final,Centenary (LA),Southern Illinois,367,273,71,66,,Indep.,MVC,,,,,,
263614,1975-02-14,,1975,regular,,final,Cal State Fullerton,San José State,37,260,81,79,,Big West,Big West,,,,,,
263615,1975-02-14,,1975,regular,,final,TCU,SMU,287,248,84,64,,,,,,,,,
263616,1975-02-14,,1975,regular,,final,St. Bonaventure,Niagara,277,194,81,71,,Indep.,Indep.,,,,,,
263617,1975-02-14,,1975,regular,,final,Pepperdine,Saint Mary's,228,253,70,72,,WCC,WCC,,,,,,
263618,1975-02-14,,1975,regular,,final,Toledo,Eastern Michigan,300,79,78,64,,MAC,MAC,,,,,,
263619,1975-02-14,,1975,regular,,final,Wichita State,Tulsa,352,304,71,67,,MVC,MVC,,,,,,
263620,1975-02-14,,1975,regular,,final,UCLA,Oregon State,313,224,74,62,,Pac-12,Pac-12,,,,,,
263621,1975-02-14,,1975,regular,,final,North Carolina,Maryland,200,160,74,96,,ACC,ACC,,,,,,
263622,1975-02-14,,1975,regular,,final,Villanova,Fairfield,338,83,78,81,,Indep.,Indep.,,,,,,
263623,1975-02-14,,1975,regular,,final,Pittsburgh,Virginia,229,339,71,70,,Indep.,ACC,,,,,,
263624,1975-02-14,,1975,regular,,final,Ohio State,Wisconsin,216,355,76,70,,Big Ten,Big Ten,,,,,,
263625,1975-02-14,,1975,regular,,final,Eastern Kentucky,Western Kentucky,78,350,75,84,,OVC,OVC,,,,,,
263626,1975-02-14,,1975,regular,,final,Stanford,Washington State,281,344,92,70,,Pac-12,Pac-12,,,,,,
263627,1975-02-14,,1975,regular,,final,Cornell,Yale,60,360,75,65,,Ivy,Ivy,,,,,,
263628,1975-02-15,,1975,regular,,final,Duquesne,DePaul,73,65,66,64,,Indep.,Indep.,,,,,,
263629,1975-02-15,,1975,regular,,final,Louisville,Saint Louis,150,252,75,68,,MVC,Indep.,,,,,,
263630,1975-02-16,,1975,regular,,final,American University,Drexel,8,71,77,67,,,,,,,,,
263631,1975-02-16,,1975,regular,,final,Vanderbilt,Auburn,336,16,85,78,,SEC,SEC,,,,,,
263632,1975-02-16,,1975,regular,,final,East Tennessee State,Austin Peay,75,17,89,90,,OVC,OVC,,,,,,
263633,1975-02-16,,1975,regular,,final,Bowling Green,Loyola Chicago,28,151,91,68,,MAC,Indep.,,,,,,
263634,1975-02-16,,1975,regular,,final,Detroit Mercy,Bradley,69,29,82,75,,Indep.,MVC,,,,,,
263635,1975-02-16,,1975,regular,,final,Davidson,App State,63,9,99,89,,SoCon,SoCon,,,,,,
263636,1975-02-16,,1975,regular,,final,Howard,Delaware State,114,67,85,78,,MEAC,MEAC,,,,,,
263637,1975-02-16,,1975,regular,,final,Eastern Kentucky,Middle Tennessee,78,171,77,83,,OVC,OVC,,,,,,
263638,1975-02-16,,1975,regular,,final,Indiana,Wisconsin,121,355,93,58,,Big Ten,Big Ten,,,,,,
263639,1975-02-16,,1975,regular,,final,Kentucky,Ole Miss,135,220,108,89,,SEC,SEC,,,,,,
263640,1975-02-16,,1975,regular,,final,Lamar,Arkansas State,139,13,90,71,,Southland,Southland,,,,,,
263641,1975-02-16,,1975,regular,,final,Long Island University,St. Francis (PA),146,278,62,60,,Indep.,Indep.,,,,,,
263642,1975-02-16,,1975,regular,,final,McNeese,Louisiana Tech,162,149,91,74,,Southland,Southland,,,,,,
263643,1975-02-16,,1975,regular,,final,LSU,Alabama,136,5,76,80,,SEC,SEC,,,,,,
263644,1975-02-16,,1975,regular,,final,Michigan,Minnesota,170,173,67,65,,Big Ten,Big Ten,,,,,,
263645,1975-02-16,,1975,regular,,final,Butler,Marquette,34,157,55,77,,,Indep.,,,,,,
263646,1975-02-16,,1975,regular,,final,Georgia,Mississippi State,98,174,71,77,,SEC,SEC,,,,,,
263647,1975-02-16,,1975,regular,,final,Michigan State,Iowa,169,124,90,78,,Big Ten,Big Ten,,,,,,
263648,1975-02-16,,1975,regular,,final,Tennessee Tech,Murray State,291,184,103,93,,OVC,OVC,,,,,,
263649,1975-02-16,,1975,regular,,final,Northern Illinois,Charlotte,208,48,58,60,,Indep.,Indep.,,,,,,
263650,1975-02-16,,1975,regular,,final,UT Arlington,UL Monroe,324,316,70,93,,Southland,Indep.,,,,,,
263651,1975-02-16,,1975,regular,,final,Ohio,Fairfield,215,83,80,61,,MAC,Indep.,,,,,,
263652,1975-02-16,,1975,regular,,final,Ohio State,Northwestern,216,212,84,66,,Big Ten,Big Ten,,,,,,
263653,1975-02-16,,1975,regular,,final,Penn State,Colgate,226,55,73,59,,Indep.,Indep.,,,,,,
263654,1975-02-16,,1975,regular,,final,Richmond,West Virginia,242,347,84,82,,SoCon,Indep.,,,,,,
263655,1975-02-16,,1975,regular,,final,Toledo,South Carolina,300,266,78,72,,MAC,Indep.,,,,,,
263656,1975-02-16,,1975,regular,,final,Florida,Tennessee,87,292,84,85,,SEC,SEC,,,,,,
263657,1975-02-16,,1975,regular,,final,Virginia Tech,North Carolina,340,200,75,87,,Indep.,ACC,,,,,,
263658,1975-02-16,,1975,regular,,final,Maryland Eastern Shore,VCU,159,333,75,85,,MEAC,Indep.,,,,,,
263659,1975-02-16,,1975,regular,,final,Morehead State,Western Kentucky,181,350,86,99,,OVC,OVC,,,,,,
263660,1975-02-17,,1975,regular,,final,Air Force,Colorado State,2,57,71,72,,Indep.,UAC,,,,,,
263661,1975-02-17,,1975,regular,,final,Arkansas,TCU,12,287,81,57,,,,,,,,,
263662,1975-02-17,,1975,regular,,final,Baylor,Texas A&M,20,293,55,62,,,,,,,,,
263663,1975-02-17,,1975,regular,,final,Furman,The Citadel,93,299,94,69,,SoCon,SoCon,,,,,,
263664,1975-02-17,,1975,regular,,final,Cleveland State,Fairfield,53,83,75,84,,Indep.,Indep.,,,,,,
263665,1975-02-17,,1975,regular,,final,Milwaukee,Illinois State,172,119,62,100,,Indep.,Indep.,,,,,,
263666,1975-02-17,,1975,regular,,final,Massachusetts,Vermont,161,337,88,83,,,Indep.,,,,,,
263667,1975-02-17,,1975,regular,,final,Rhode Island,Providence,240,235,79,69,,Indep.,Indep.,,,,,,
263668,1975-02-17,,1975,regular,,final,Rice,Texas,241,295,62,68,,,,,,,,,
263669,1975-02-17,,1975,regular,,final,Texas Pan American,Southern Miss,1535,275,97,78,,,Indep.,,,,,,
263670,1975-02-17,,1975,regular,,final,SMU,Texas Tech,248,298,57,60,,,,,,,,,
263671,1975-02-17,,1975,regular,,final,Stetson,Southern Illinois,283,273,70,65,,Indep.,MVC,,,,,,
263672,1975-02-17,,1975,regular,,final,George Washington,Temple,96,289,83,70,,,,,,,,,
263673,1975-02-17,,1975,regular,,final,Utah State,Oral Roberts,329,222,91,83,,Indep.,Indep.,,,,,,
263674,1975-02-18,,1975,regular,,final,Western Michigan,Bowling Green,351,28,64,66,,MAC,MAC,,,,,,
263675,1975-02-18,,1975,regular,,final,Colorado,Oklahoma,56,217,90,87,,,,,,,,,
263676,1975-02-18,,1975,regular,,final,Boston University,UConn,27,314,79,94,,Indep.,Indep.,,,,,,
263677,1975-02-18,,1975,regular,,final,Cornell,Buffalo,60,33,102,89,,Ivy,Indep.,,,,,,
263678,1975-02-18,,1975,regular,,final,Xavier,Dayton,359,64,67,78,,Indep.,Indep.,,,,,,
263679,1975-02-18,,1975,regular,,final,Bucknell,Delaware,32,66,76,82,,,,,,,,,
263680,1975-02-18,,1975,regular,,final,NC State,Duke,185,72,92,78,,ACC,ACC,,,,,,
263681,1975-02-18,,1975,regular,,final,Eastern Michigan,Duquesne,79,73,84,74,,MAC,Indep.,,,,,,
263682,1975-02-18,,1975,regular,,final,Georgia Tech,Clemson,101,52,69,85,,Indep.,ACC,,,,,,
263683,1975-02-18,,1975,regular,,final,Mercer,Georgia Southern,164,99,79,98,,Indep.,Indep.,,,,,,
263684,1975-02-18,,1975,regular,,final,Georgetown,St. Francis (PA),97,278,90,71,,Indep.,Indep.,,,,,,
263685,1975-02-18,,1975,regular,,final,New Hampshire,Holy Cross,190,111,85,96,,Indep.,Indep.,,,,,,
263686,1975-02-18,,1975,regular,,final,Oklahoma State,Iowa State,218,125,95,70,,,,,,,,,
263687,1975-02-18,,1975,regular,,final,Jacksonville,Florida State,127,90,76,71,,Indep.,Indep.,,,,,,
263688,1975-02-18,,1975,regular,,final,Missouri,Kansas,177,131,87,72,,,,,,,,,
263689,1975-02-18,,1975,regular,,final,Kent State,Miami (OH),134,167,50,52,,MAC,MAC,,,,,,
263690,1975-02-18,,1975,regular,,final,Lafayette,Lehigh,138,141,73,60,,,,,,,,,
263691,1975-02-18,,1975,regular,,final,American University,La Salle,8,137,68,62,,,,,,,,,
263692,1975-02-18,,1975,regular,,final,Long Island University,Fairleigh Dickinson,146,84,61,57,,Indep.,Indep.,,,,,,
263693,1975-02-18,,1975,regular,,final,Nevada,Loyola Marymount,189,153,72,88,,WCC,WCC,,,,,,
263694,1975-02-18,,1975,regular,,final,Portland State,Northern Arizona,231,206,103,87,,Indep.,Big Sky,,,,,,
263695,1975-02-18,,1975,regular,,final,Kansas State,Nebraska,132,188,65,64,,,MVC,,,,,,
263696,1975-02-18,,1975,regular,,final,Pittsburgh,Niagara,229,194,80,65,,Indep.,Indep.,,,,,,
263697,1975-02-18,,1975,regular,,final,West Virginia,Penn State,347,226,65,66,,Indep.,Indep.,,,,,,
263698,1975-02-18,,1975,regular,,final,East Carolina,Richmond,74,242,100,76,,SoCon,SoCon,,,,,,
263699,1975-02-18,,1975,regular,,final,St. Bonaventure,Rutgers,277,245,93,91,,Indep.,Indep.,,,,,,
263700,1975-02-18,,1975,regular,,final,Saint Joseph's,St. John's,251,279,73,92,,,Indep.,,,,,,
263701,1975-02-18,,1975,regular,,final,Toledo,Central Michigan,300,45,90,80,,MAC,MAC,,,,,,
263702,1975-02-18,,1975,regular,,final,UNLV,Pepperdine,322,228,123,86,,WCC,WCC,,,,,,
263703,1975-02-18,,1975,regular,,final,Villanova,Canisius,338,42,81,111,,Indep.,Indep.,,,,,,
263704,1975-02-18,,1975,regular,,final,Virginia,Maryland,339,160,51,70,,ACC,ACC,,,,,,
263705,1975-02-18,,1975,regular,,final,William & Mary,VMI,353,334,67,66,,SoCon,SoCon,,,,,,
263706,1975-02-18,,1975,regular,,final,Davidson,Wake Forest,63,342,69,78,,SoCon,ACC,,,,,,
263707,1975-02-19,,1975,regular,,final,Louisiana Tech,Arkansas State,149,13,71,69,,Southland,Southland,,,,,,
263708,1975-02-19,,1975,regular,,final,Cincinnati,Milwaukee,51,172,96,71,,Indep.,Indep.,,,,,,
263709,1975-02-19,,1975,regular,,final,San Diego State,UC Santa Barbara,257,311,77,76,,Big West,Indep.,,,,,,
263710,1975-02-19,,1975,regular,,final,West Texas A&M,Drake,1440,70,81,90,,MVC,MVC,,,,,,
263711,1975-02-19,,1975,regular,,final,Delaware State,Maryland Eastern Shore,67,159,76,74,,MEAC,MEAC,,,,,,
263712,1975-02-19,,1975,regular,,final,UL Monroe,Georgia State,316,100,80,79,,Indep.,Indep.,,,,,,
263713,1975-02-19,,1975,regular,,final,McNeese,UT Arlington,162,324,80,77,,Southland,Southland,,,,,,
263714,1975-02-19,,1975,regular,,final,Fordham,Marquette,91,157,64,101,,Indep.,Indep.,,,,,,
263715,1975-02-19,,1975,regular,,final,Oklahoma City,Virginia Tech,1476,340,85,81,,,Indep.,,,,,,
263716,1975-02-19,,1975,regular,,final,Pacific,Fresno State,225,92,71,80,,Big West,Big West,,,,,,
263717,1975-02-19,,1975,regular,,final,Nevada,Pepperdine,189,228,76,86,,WCC,WCC,,,,,,
263718,1975-02-19,,1975,regular,,final,San José State,Long Beach State,260,145,63,67,,Big West,Big West,,,,,,
263719,1975-02-19,,1975,regular,,final,North Texas,Saint Louis,204,252,66,83,,MVC,Indep.,,,,,,
263720,1975-02-19,,1975,regular,,final,Manhattan,Temple,155,289,87,56,,Indep.,,,,,,,
263721,1975-02-19,,1975,regular,,final,Tulsa,Memphis,304,163,80,88,,MVC,Indep.,,,,,,
263722,1975-02-19,,1975,regular,,final,UNLV,Loyola Marymount,322,153,81,74,,WCC,WCC,,,,,,
263723,1975-02-19,,1975,regular,,final,Washington,USC,343,323,89,88,,Pac-12,Pac-12,,,,,,
263724,1975-02-19,,1975,regular,,final,Louisville,Wichita State,150,352,85,76,,MVC,MVC,,,,,,
263725,1975-02-19,,1975,regular,,final,Washington State,UCLA,344,313,61,69,,Pac-12,Pac-12,,,,,,
263726,1975-02-20,,1975,regular,,final,UTEP,Arizona,327,11,68,61,,UAC,UAC,,,,,,
263727,1975-02-20,,1975,regular,,final,Montana,Boise State,179,25,68,67,,Big Sky,Big Sky,,,,,,
263728,1975-02-20,,1975,regular,,final,California,Oregon,40,223,76,74,,Pac-12,Pac-12,,,,,,
263729,1975-02-20,,1975,regular,,final,Columbia,Princeton,58,234,60,78,,Ivy,Ivy,,,,,,
263730,1975-02-20,,1975,regular,,final,Yale,Dartmouth,360,62,73,79,,Ivy,Ivy,,,,,,
263731,1975-02-20,,1975,regular,,final,Gonzaga,Northern Arizona,102,206,77,75,,Big Sky,Big Sky,,,,,,
263732,1975-02-20,,1975,regular,,final,Brown,Harvard,30,107,63,64,,Ivy,Ivy,,,,,,
263733,1975-02-20,,1975,regular,,final,Hawai'i,Centenary (LA),108,367,93,101,,Indep.,Indep.,,,,,,
263734,1975-02-20,,1975,regular,,final,Idaho,Weber State,117,345,65,71,,Big Sky,Big Sky,,,,,,
263735,1975-02-20,,1975,regular,,final,Montana State,Idaho State,180,116,62,69,,Big Sky,Big Sky,,,,,,
263736,1975-02-20,,1975,regular,,final,New Mexico,Arizona State,191,10,69,76,,UAC,UAC,,,,,,
263737,1975-02-20,,1975,regular,,final,Cornell,Penn State (Beaver),60,1353,75,95,,Ivy,,,,,,,
263738,1975-02-20,,1975,regular,,final,Seattle U,Santa Clara,262,261,80,66,,WCC,WCC,,,,,,
263739,1975-02-20,,1975,regular,,final,Stanford,Oregon State,281,224,68,74,,Pac-12,Pac-12,,,,,,
263740,1975-02-20,,1975,regular,,final,Saint Mary's,San Francisco,253,259,86,83,,WCC,WCC,,,,,,
263741,1975-02-21,,1975,regular,,final,Creighton,Air Force,61,2,76,53,,Indep.,Indep.,,,,,,
263742,1975-02-21,,1975,regular,,final,Texas Tech,Arkansas,298,12,63,55,,,,,,,,,
263743,1975-02-21,,1975,regular,,final,Navy,Army,187,15,72,61,,Indep.,Indep.,,,,,,
263744,1975-02-21,,1975,regular,,final,UTEP,Arizona State,327,10,75,70,,UAC,UAC,,,,,,
263745,1975-02-21,,1975,regular,,final,Austin Peay,Middle Tennessee,17,171,70,65,,OVC,OVC,,,,,,
263746,1975-02-21,,1975,regular,,final,Ball State,Northern Illinois,19,208,81,68,,Indep.,Indep.,,,,,,
263747,1975-02-21,,1975,regular,,final,Baylor,TCU,20,287,81,64,,,,,,,,,
263748,1975-02-21,,1975,regular,,final,Bowling Green,Milwaukee,28,172,88,55,,MAC,Indep.,,,,,,
263749,1975-02-21,,1975,regular,,final,Holy Cross,Boston College,111,26,77,87,,Indep.,Indep.,,,,,,
263750,1975-02-21,,1975,regular,,final,Montana State,Boise State,180,25,81,71,,Big Sky,Big Sky,,,,,,
263751,1975-02-21,,1975,regular,,final,Vermont,Boston University,337,27,71,74,,Indep.,Indep.,,,,,,
263752,1975-02-21,,1975,regular,,final,West Texas A&M,Bradley,1440,29,75,78,,MVC,MVC,,,,,,
263753,1975-02-21,,1975,regular,,final,BYU,Utah,18,331,73,79,,UAC,UAC,,,,,,
263754,1975-02-21,,1975,regular,,final,California,Oregon State,40,224,54,68,,Pac-12,Pac-12,,,,,,
263755,1975-02-21,,1975,regular,,final,Cincinnati,Davidson,51,63,96,81,,Indep.,SoCon,,,,,,
263756,1975-02-21,,1975,regular,,final,Clemson,NC State,52,185,92,70,,ACC,ACC,,,,,,
263757,1975-02-21,,1975,regular,,final,Cleveland State,Eastern Michigan,53,79,68,64,,Indep.,MAC,,,,,,
263758,1975-02-21,,1975,regular,,final,Iowa State,Colorado,125,56,119,96,,,,,,,,,
263759,1975-02-21,,1975,regular,,final,Brown,Dartmouth,30,62,111,81,,Ivy,Ivy,,,,,,
263760,1975-02-21,,1975,regular,,final,Dayton,South Florida,64,271,61,72,,Indep.,Indep.,,,,,,
263761,1975-02-21,,1975,regular,,final,Lafayette,Delaware,138,66,82,69,,,,,,,,,
263762,1975-02-21,,1975,regular,,final,Detroit Mercy,Xavier,69,359,70,59,,Indep.,Indep.,,,,,,
263763,1975-02-21,,1975,regular,,final,New Mexico State,Drake,192,70,85,74,,MVC,MVC,,,,,,
263764,1975-02-21,,1975,regular,,final,The Citadel,East Carolina,299,74,84,87,,SoCon,SoCon,,,,,,
263765,1975-02-21,,1975,regular,,final,Eastern Kentucky,Tennessee Tech,78,291,85,90,,OVC,OVC,,,,,,
263766,1975-02-21,,1975,regular,,final,Morehead State,East Tennessee State,181,75,101,84,,OVC,OVC,,,,,,
263767,1975-02-21,,1975,regular,,final,Florida State,Georgia Southern,90,99,104,71,,Indep.,Indep.,,,,,,
263768,1975-02-21,,1975,regular,,final,Cal State Fullerton,San Diego State,37,257,72,71,,Big West,Big West,,,,,,
263769,1975-02-21,,1975,regular,,final,VMI,Furman,334,93,68,80,,SoCon,SoCon,,,,,,
263770,1975-02-21,,1975,regular,,final,Duke,Georgia Tech,72,101,107,86,,ACC,Indep.,,,,,,
263771,1975-02-21,,1975,regular,,final,Gonzaga,Weber State,102,345,67,60,,Big Sky,Big Sky,,,,,,
263772,1975-02-21,,1975,regular,,final,Georgetown,Manhattan,97,155,101,73,,Indep.,Indep.,,,,,,
263773,1975-02-21,,1975,regular,,final,Hawai'i,Centenary (LA),108,367,95,89,,Indep.,Indep.,,,,,,
263774,1975-02-21,,1975,regular,,final,Hardin-Simmons,Houston Christian,772,112,59,61,,,Indep.,,,,,,
263775,1975-02-21,,1975,regular,,final,Houston,Lamar,113,139,103,77,,Indep.,Southland,,,,,,
263776,1975-02-21,,1975,regular,,final,Idaho,Northern Arizona,117,206,104,108,,Big Sky,Big Sky,,,,,,
263777,1975-02-21,,1975,regular,,final,Montana,Idaho State,179,116,47,36,,Big Sky,Big Sky,,,,,,
263778,1975-02-21,,1975,regular,,final,Illinois,Ohio State,118,216,83,78,,Big Ten,Big Ten,,,,,,
263779,1975-02-21,,1975,regular,,final,Purdue,Indiana,236,121,82,83,,Big Ten,Big Ten,,,,,,
263780,1975-02-21,,1975,regular,,final,Minnesota,Iowa,173,124,68,67,,Big Ten,Big Ten,,,,,,
263781,1975-02-21,,1975,regular,,final,Jacksonville,Marshall,127,158,72,68,,Indep.,Indep.,,,,,,
263782,1975-02-21,,1975,regular,,final,Kansas,Kansas State,131,132,91,53,,,,,,,,,
263783,1975-02-21,,1975,regular,,final,Alabama,Kentucky,5,135,79,84,,SEC,SEC,,,,,,
263784,1975-02-21,,1975,regular,,final,Kent State,Western Michigan,134,351,53,77,,MAC,MAC,,,,,,
263785,1975-02-21,,1975,regular,,final,La Salle,Rutgers,137,245,82,96,,,Indep.,,,,,,
263786,1975-02-21,,1975,regular,,final,Lehigh,Rider,141,243,66,76,,,,,,,,,
263787,1975-02-21,,1975,regular,,final,LSU,Georgia,136,98,96,90,,SEC,SEC,,,,,,
263788,1975-02-21,,1975,regular,,final,UConn,Maine-Farmington,314,1078,80,71,,Indep.,,,,,,,
263789,1975-02-21,,1975,regular,,final,Fairfield,Massachusetts,83,161,78,67,,Indep.,,,,,,,
263790,1975-02-21,,1975,regular,,final,Northwestern,Michigan,212,170,68,69,,Big Ten,Big Ten,,,,,,
263791,1975-02-21,,1975,regular,,final,Ole Miss,Florida,220,87,101,92,,SEC,SEC,,,,,,
263792,1975-02-21,,1975,regular,,final,Nebraska,Missouri,188,177,80,77,,MVC,,,,,,,
263793,1975-02-21,,1975,regular,,final,Mississippi State,Auburn,174,16,74,78,,SEC,SEC,,,,,,
263794,1975-02-21,,1975,regular,,final,New Mexico,Arizona,191,11,56,58,,UAC,UAC,,,,,,
263795,1975-02-21,,1975,regular,,final,DePaul,Notre Dame,65,213,75,70,,Indep.,Indep.,,,,,,
263796,1975-02-21,,1975,regular,,final,Central Michigan,Ohio,45,215,117,88,,MAC,MAC,,,,,,
263797,1975-02-21,,1975,regular,,final,Oklahoma,Oklahoma State,217,218,75,67,,,,,,,,,
263798,1975-02-21,,1975,regular,,final,Stanford,Oregon,281,223,71,70,,Pac-12,Pac-12,,,,,,
263799,1975-02-21,,1975,regular,,final,Pacific,Long Beach State,225,145,61,70,,Big West,Big West,,,,,,
263800,1975-02-21,,1975,regular,,final,Columbia,Penn State (Beaver),58,1353,69,72,,Ivy,,,,,,,
263801,1975-02-21,,1975,regular,,final,Cornell,Princeton,60,234,53,80,,Ivy,Ivy,,,,,,
263802,1975-02-21,,1975,regular,,final,Niagara,Providence,194,235,77,80,,Indep.,Indep.,,,,,,
263803,1975-02-21,,1975,regular,,final,Penn State,Pittsburgh,226,229,69,76,,Indep.,Indep.,,,,,,
263804,1975-02-21,,1975,regular,,final,William & Mary,Richmond,353,242,72,60,,SoCon,SoCon,,,,,,
263805,1975-02-21,,1975,regular,,final,Texas A&M,Rice,293,241,99,66,,,,,,,,,
263806,1975-02-21,,1975,regular,,final,South Carolina,Marquette,266,157,65,68,,Indep.,Indep.,,,,,,
263807,1975-02-21,,1975,regular,,final,Seattle U,San Francisco,262,259,88,75,,WCC,WCC,,,,,,
263808,1975-02-21,,1975,regular,,final,Colgate,Seton Hall,55,263,76,67,,Indep.,Indep.,,,,,,
263810,1975-02-21,,1975,regular,,final,San José State,Fresno State,260,92,69,73,,Big West,Big West,,,,,,
263811,1975-02-21,,1975,regular,,final,Samford,South Alabama,256,265,76,78,,Indep.,Indep.,,,,,,
263812,1975-02-21,,1975,regular,,final,Texas,SMU,295,248,70,62,,,,,,,,,
263813,1975-02-21,,1975,regular,,final,Canisius,St. Bonaventure,42,277,73,78,,Indep.,Indep.,,,,,,
263814,1975-02-21,,1975,regular,,final,St. John's,Iona,279,123,73,47,,Indep.,Indep.,,,,,,
263815,1975-02-21,,1975,regular,,final,George Washington,Syracuse,96,286,64,71,,,Indep.,,,,,,
263816,1975-02-21,,1975,regular,,final,Tennessee,Vanderbilt,292,336,75,71,,SEC,SEC,,,,,,
263817,1975-02-21,,1975,regular,,final,Tulane,Georgia State,303,100,77,68,,Indep.,Indep.,,,,,,
263818,1975-02-21,,1975,regular,,final,Miami (OH),Toledo,167,300,61,62,,MAC,MAC,,,,,,
263819,1975-02-21,,1975,regular,,final,Louisville,Tulsa,150,304,104,79,,MVC,MVC,,,,,,
263820,1975-02-21,,1975,regular,,final,Virginia,North Carolina,339,200,65,62,,ACC,ACC,,,,,,
263821,1975-02-21,,1975,regular,,final,Southern Miss,Utah State,275,329,94,87,,Indep.,Indep.,,,,,,
263822,1975-02-21,,1975,regular,,final,Mercer,VCU,164,333,63,68,,Indep.,Indep.,,,,,,
263823,1975-02-21,,1975,regular,,final,Oral Roberts,Virginia Tech,222,340,93,68,,Indep.,Indep.,,,,,,
263824,1975-02-21,,1975,regular,,final,Wake Forest,Long Island University,342,146,83,82,,ACC,Indep.,,,,,,
263825,1975-02-21,,1975,regular,,final,Washington,UCLA,343,313,103,81,,Pac-12,Pac-12,,,,,,
263826,1975-02-21,,1975,regular,,final,North Texas,Wichita State,204,352,86,80,,MVC,MVC,,,,,,
263827,1975-02-21,,1975,regular,,final,Wisconsin,Michigan State,355,169,103,96,,Big Ten,Big Ten,,,,,,
263828,1975-02-21,,1975,regular,,final,Murray State,Western Kentucky,184,350,91,96,,OVC,OVC,,,,,,
263829,1975-02-21,,1975,regular,,final,Washington State,USC,344,323,68,81,,Pac-12,Pac-12,,,,,,
263830,1975-02-21,,1975,regular,,final,West Virginia,St. Francis (PA),347,278,79,73,,Indep.,Indep.,,,,,,
263831,1975-02-21,,1975,regular,,final,Wyoming,Colorado State,358,57,65,61,,UAC,UAC,,,,,,
263832,1975-02-21,,1975,regular,,final,Yale,Harvard,360,107,86,89,,Ivy,Ivy,,,,,,
263833,1975-02-22,,1975,regular,,final,Saint Mary's,Santa Clara,253,261,78,76,,WCC,WCC,,,,,,
263834,1975-02-22,,1975,regular,,final,Duquesne,Maryland,73,160,82,103,,Indep.,ACC,,,,,,
263835,1975-02-22,,1975,regular,,final,Saint Louis,Memphis,252,163,78,75,,Indep.,Indep.,,,,,,
263836,1975-02-23,,1975,regular,,final,Georgia,Alabama,98,5,64,73,,SEC,SEC,,,,,,
263837,1975-02-23,,1975,regular,,final,American University,West Chester,8,476,87,73,,,,,,,,,
263838,1975-02-23,,1975,regular,,final,UL Monroe,Arkansas State,316,13,85,73,,Indep.,Southland,,,,,,
263839,1975-02-23,,1975,regular,,final,East Tennessee State,Eastern Kentucky,75,78,97,91,,OVC,OVC,,,,,,
263840,1975-02-23,,1975,regular,,final,Florida State,Mercer,90,164,91,68,,Indep.,Indep.,,,,,,
263841,1975-02-23,,1975,regular,,final,McNeese,Georgia State,162,100,84,72,,Southland,Indep.,,,,,,
263842,1975-02-23,,1975,regular,,final,Georgia Tech,Tulane,101,303,74,69,,Indep.,Indep.,,,,,,
263843,1975-02-23,,1975,regular,,final,Stetson,Georgia Southern,283,99,101,72,,Indep.,Indep.,,,,,,
263844,1975-02-23,,1975,regular,,final,Illinois,Indiana,118,121,89,112,,Big Ten,Big Ten,,,,,,
263845,1975-02-23,,1975,regular,,final,Furman,Jacksonville,93,127,80,79,,SoCon,Indep.,,,,,,
263846,1975-02-23,,1975,regular,,final,Florida,Kentucky,87,135,66,58,,SEC,SEC,,,,,,
263847,1975-02-23,,1975,regular,,final,Louisiana Tech,UT Arlington,149,324,83,82,,Southland,Southland,,,,,,
263848,1975-02-23,,1975,regular,,final,Auburn,LSU,16,136,110,96,,SEC,SEC,,,,,,
263849,1975-02-23,,1975,regular,,final,New Hampshire,Massachusetts,190,161,71,93,,Indep.,,,,,,,
263850,1975-02-23,,1975,regular,,final,Vanderbilt,Ole Miss,336,220,86,80,,SEC,SEC,,,,,,
263851,1975-02-23,,1975,regular,,final,Tennessee Tech,Morehead State,291,181,85,77,,OVC,OVC,,,,,,
263852,1975-02-23,,1975,regular,,final,Samford,Marshall,256,158,94,85,,Indep.,Indep.,,,,,,
263853,1975-02-23,,1975,regular,,final,Tennessee,Mississippi State,292,174,109,83,,SEC,SEC,,,,,,
263854,1975-02-23,,1975,regular,,final,Northwestern,Michigan State,212,169,67,66,,Big Ten,Big Ten,,,,,,
263855,1975-02-23,,1975,regular,,final,Middle Tennessee,Murray State,171,184,99,90,,OVC,OVC,,,,,,
263856,1975-02-23,,1975,regular,,final,Oklahoma City,Oral Roberts,1476,222,67,71,,,Indep.,,,,,,
263857,1975-02-23,,1975,regular,,final,Purdue,Ohio State,236,216,84,72,,Big Ten,Big Ten,,,,,,
263858,1975-02-23,,1975,regular,,final,Vermont,Rhode Island,337,240,88,61,,Indep.,Indep.,,,,,,
263859,1975-02-23,,1975,regular,,final,VCU,Canisius,333,42,86,61,,Indep.,Indep.,,,,,,
263860,1975-02-23,,1975,regular,,final,Wisconsin,Michigan,355,170,70,68,,Big Ten,Big Ten,,,,,,
263861,1975-02-23,,1975,regular,,final,Western Kentucky,Austin Peay,350,17,92,76,,OVC,OVC,,,,,,
263862,1975-02-24,,1975,regular,,final,SMU,Baylor,248,20,78,77,,,,,,,,,
263863,1975-02-24,,1975,regular,,final,Boston College,UConn,26,314,68,67,,Indep.,Indep.,,,,,,
263864,1975-02-24,,1975,regular,,final,Cal State LA,Pepperdine,1053,228,82,84,,,WCC,,,,,,
263865,1975-02-24,,1975,regular,,final,Dartmouth,Harvard,62,107,83,87,,Ivy,Ivy,,,,,,
263866,1975-02-24,,1975,regular,,final,Detroit Mercy,Southern Illinois,69,273,65,62,,Indep.,MVC,,,,,,
263867,1975-02-24,,1975,regular,,final,Drake,North Texas,70,204,90,66,,MVC,MVC,,,,,,
263868,1975-02-24,,1975,regular,,final,Houston,Houston Christian,113,112,117,84,,Indep.,Indep.,,,,,,
263869,1975-02-24,,1975,regular,,final,Lamar,McNeese,139,162,86,85,,Southland,Southland,,,,,,
263870,1975-02-24,,1975,regular,,final,St. Francis Brooklyn,Long Island University,364,146,95,85,,Indep.,Indep.,,,,,,
263871,1975-02-24,,1975,regular,,final,Louisville,West Texas A&M,150,1440,75,69,,MVC,MVC,,,,,,
263872,1975-02-24,,1975,regular,,final,North Carolina,NC State,200,185,76,74,,ACC,ACC,,,,,,
263873,1975-02-24,,1975,regular,,final,Notre Dame,Fordham,213,91,98,61,,Indep.,Indep.,,,,,,
263874,1975-02-24,,1975,regular,,final,Villanova,Providence,338,235,67,84,,Indep.,Indep.,,,,,,
263875,1975-02-24,,1975,regular,,final,Arkansas,Rice,12,241,86,51,,,,,,,,,
263876,1975-02-24,,1975,regular,,final,Holy Cross,St. John's,111,279,65,72,,Indep.,Indep.,,,,,,
263877,1975-02-24,,1975,regular,,final,UC Santa Barbara,Saint Mary's,311,253,70,69,,Indep.,WCC,,,,,,
263879,1975-02-24,,1975,regular,,final,Texas A&M,Texas Tech,293,298,63,73,,,,,,,,,
263880,1975-02-24,,1975,regular,,final,Texas,TCU,295,287,63,62,,,,,,,,,
263881,1975-02-24,,1975,regular,,final,Nevada,UNLV,189,322,88,98,,WCC,WCC,,,,,,
263882,1975-02-24,,1975,regular,,final,Virginia,Princeton,339,234,50,55,,ACC,Ivy,,,,,,
263883,1975-02-25,,1975,regular,,final,Ohio,Bowling Green,215,28,66,73,,MAC,MAC,,,,,,
263884,1975-02-25,,1975,regular,,final,Boston University,Northeastern,27,205,92,98,,Indep.,Indep.,,,,,,
263885,1975-02-25,,1975,regular,,final,Cincinnati,Xavier,51,359,66,57,,Indep.,Indep.,,,,,,
263886,1975-02-25,,1975,regular,,final,Maryland,Clemson,160,52,70,64,,ACC,ACC,,,,,,
263887,1975-02-25,,1975,regular,,final,Eastern Michigan,Central Michigan,79,45,76,91,,MAC,MAC,,,,,,
263888,1975-02-25,,1975,regular,,final,Dayton,Miami (OH),64,167,66,78,,Indep.,MAC,,,,,,
263889,1975-02-25,,1975,regular,,final,Lehigh,Drexel,141,71,54,60,,,,,,,,,
263890,1975-02-25,,1975,regular,,final,Duquesne,St. Francis (PA),73,278,107,101,,Indep.,Indep.,,,,,,
263891,1975-02-25,,1975,regular,,final,Georgia State,Mercer,100,164,62,60,,Indep.,Indep.,,,,,,
263892,1975-02-25,,1975,regular,,final,George Washington,Georgetown,96,97,82,78,,,Indep.,,,,,,
263893,1975-02-25,,1975,regular,,final,Illinois State,Indiana State,119,122,99,91,,Indep.,Indep.,,,,,,
263894,1975-02-25,,1975,regular,,final,Morehead State,Marshall,181,158,73,72,,OVC,Indep.,,,,,,
263895,1975-02-25,,1975,regular,,final,Oklahoma State,Nebraska,218,188,58,59,,,MVC,,,,,,
263896,1975-02-25,,1975,regular,,final,Kent State,Pittsburgh,134,229,69,68,,MAC,Indep.,,,,,,
263897,1975-02-25,,1975,regular,,final,Richmond,App State,242,9,101,97,,SoCon,SoCon,,,,,,
263898,1975-02-25,,1975,regular,,final,Rutgers,William & Mary,245,353,88,70,,Indep.,SoCon,,,,,,
263899,1975-02-25,,1975,regular,,final,South Carolina,Canisius,266,42,80,75,,Indep.,Indep.,,,,,,
263900,1975-02-25,,1975,regular,,final,Army,Seton Hall,15,263,91,98,,Indep.,Indep.,,,,,,
263901,1975-02-25,,1975,regular,,final,Syracuse,Niagara,286,194,79,66,,Indep.,Indep.,,,,,,
263902,1975-02-25,,1975,regular,,final,Toledo,Loyola Chicago,300,151,79,42,,MAC,Indep.,,,,,,
263903,1975-02-25,,1975,regular,,final,Virginia Tech,West Virginia,340,347,78,68,,Indep.,Indep.,,,,,,
263904,1975-02-25,,1975,regular,,final,Wake Forest,Fairleigh Dickinson,342,84,89,55,,ACC,Indep.,,,,,,
263905,1975-02-25,,1975,regular,,final,Western Michigan,Northern Illinois,351,208,72,67,,MAC,Indep.,,,,,,
263906,1975-02-26,,1975,regular,,final,Bradley,West Texas A&M,29,1440,75,72,,MVC,MVC,,,,,,
263907,1975-02-26,,1975,regular,,final,Fairfield,Canisius,83,42,95,77,,Indep.,Indep.,,,,,,
263908,1975-02-26,,1975,regular,,final,Wichita State,Drake,352,70,74,79,,MVC,MVC,,,,,,
263909,1975-02-26,,1975,regular,,final,East Tennessee State,Tennessee Tech,75,291,80,78,,OVC,OVC,,,,,,
263911,1975-02-26,,1975,regular,,final,Fresno State,Cal State Fullerton,92,37,64,65,,Big West,Big West,,,,,,
263913,1975-02-26,,1975,regular,,final,Georgia Southern,Jacksonville,99,127,66,70,,Indep.,Indep.,,,,,,
263914,1975-02-26,,1975,regular,,final,Long Beach State,San Diego State,145,257,97,74,,Big West,Big West,,,,,,
263916,1975-02-26,,1975,regular,,final,UL Monroe,McNeese,316,162,73,72,,Indep.,Southland,,,,,,
263917,1975-02-26,,1975,regular,,final,Weber State,Montana,345,179,59,62,,Big Sky,Big Sky,,,,,,
263918,1975-02-26,,1975,regular,,final,Northern Arizona,Montana State,206,180,109,111,,Big Sky,Big Sky,,,,,,
263919,1975-02-26,,1975,regular,,final,Saint Louis,New Mexico State,252,192,78,60,,Indep.,MVC,,,,,,
263920,1975-02-26,,1975,regular,,final,Tulsa,North Texas,304,204,100,97,,MVC,MVC,,,,,,
263921,1975-02-27,,1975,regular,,final,Arizona,Colorado State,11,57,107,97,,UAC,UAC,,,,,,
263922,1975-02-27,,1975,regular,,final,Gonzaga,Boise State,102,25,77,78,,Big Sky,Big Sky,,,,,,
263923,1975-02-27,,1975,regular,,final,Princeton,Brown,234,30,61,57,,Ivy,Ivy,,,,,,
263924,1975-02-27,,1975,regular,,final,BYU,New Mexico,18,191,72,77,,UAC,UAC,,,,,,
263925,1975-02-27,,1975,regular,,final,UCLA,California,313,40,51,47,,Pac-12,Pac-12,,,,,,
263926,1975-02-27,,1975,regular,,final,Cal State LA,Portland State,1053,231,74,73,,,Indep.,,,,,,
263927,1975-02-27,,1975,regular,,final,Pepperdine,Santa Clara,228,261,67,65,,WCC,WCC,,,,,,
263928,1975-02-27,,1975,regular,,final,Dartmouth,Cornell,62,60,95,73,,Ivy,Ivy,,,,,,
263929,1975-02-27,,1975,regular,,final,Florida State,South Florida,90,271,77,64,,Indep.,Indep.,,,,,,
263930,1975-02-27,,1975,regular,,final,Harvard,Columbia,107,58,111,72,,Ivy,Ivy,,,,,,
263932,1975-02-27,,1975,regular,,final,Idaho,Idaho State,117,116,70,66,,Big Sky,Big Sky,,,,,,
263933,1975-02-27,,1975,regular,,final,Indiana State,Butler,122,34,87,74,,Indep.,,,,,,,
263934,1975-02-27,,1975,regular,,final,Massachusetts,Boston University,161,27,92,85,,,Indep.,,,,,,
263935,1975-02-27,,1975,regular,,final,Northeastern,New Hampshire,205,190,62,60,,Indep.,Indep.,,,,,,
263936,1975-02-27,,1975,regular,,final,Oregon,Washington,223,343,97,96,,Pac-12,Pac-12,,,,,,
263937,1975-02-27,,1975,regular,,final,Penn State (Beaver),Yale,1353,360,98,73,,,Ivy,,,,,,
263938,1975-02-27,,1975,regular,,final,Seattle U,Saint Mary's,262,253,72,65,,WCC,WCC,,,,,,
263939,1975-02-27,,1975,regular,,final,Loyola Marymount,San Francisco,153,259,76,85,,WCC,WCC,,,,,,
263940,1975-02-27,,1975,regular,,final,USC,Stanford,323,281,85,77,,Pac-12,Pac-12,,,,,,
263941,1975-02-27,,1975,regular,,final,Utah,UTEP,331,327,65,71,,UAC,UAC,,,,,,
263942,1975-02-27,,1975,regular,,final,VCU,Detroit Mercy,333,69,58,67,,Indep.,Indep.,,,,,,
263943,1975-02-27,,1975,regular,,final,Oregon State,Washington State,224,344,44,41,,Pac-12,Pac-12,,,,,,
263944,1975-02-27,,1975,regular,,final,Arizona State,Wyoming,10,358,94,76,,UAC,UAC,,,,,,
263945,1975-02-28,,1975,regular,,final,Alabama,Florida,5,87,100,75,,SEC,SEC,,,,,,
263946,1975-02-28,,1975,regular,,final,American University,George Washington,8,96,63,73,,,,,,,,,
263947,1975-02-28,,1975,regular,,final,Furman,App State,93,9,75,69,,SoCon,SoCon,,,,,,
263948,1975-02-28,,1975,regular,,final,Arkansas,SMU,12,248,72,50,,,,,,,,,
263949,1975-02-28,,1975,regular,,final,Georgia,Auburn,98,16,93,90,,SEC,SEC,,,,,,
263950,1975-02-28,,1975,regular,,final,Rice,Baylor,241,20,67,85,,,,,,,,,
263951,1975-02-28,,1975,regular,,final,Boston College,New Hampshire,26,190,88,63,,Indep.,Indep.,,,,,,
263952,1975-02-28,,1975,regular,,final,Buffalo,Pittsburgh,33,229,78,107,,Indep.,Indep.,,,,,,
263953,1975-02-28,,1975,regular,,final,BYU,UTEP,18,327,65,54,,UAC,UAC,,,,,,
263954,1975-02-28,,1975,regular,,final,USC,California,323,40,82,59,,Pac-12,Pac-12,,,,,,
263955,1975-02-28,,1975,regular,,final,Cincinnati,DePaul,51,65,96,88,,Indep.,Indep.,,,,,,
263956,1975-02-28,,1975,regular,,final,Rhode Island,UConn,240,314,71,73,,Indep.,Indep.,,,,,,
263957,1975-02-28,,1975,regular,,final,UC Santa Barbara,Portland,311,230,107,75,,Indep.,Indep.,,,,,,
263958,1975-02-28,,1975,regular,,final,Loyola Marymount,Santa Clara,153,261,95,93,,WCC,WCC,,,,,,
263959,1975-02-28,,1975,regular,,final,Arizona State,Colorado State,10,57,104,80,,UAC,UAC,,,,,,
263960,1975-02-28,,1975,regular,,final,Dartmouth,Columbia,62,58,93,77,,Ivy,Ivy,,,,,,
263961,1975-02-28,,1975,regular,,final,Notre Dame,Dayton,213,64,102,69,,Indep.,Indep.,,,,,,
263962,1975-02-28,,1975,regular,,final,Tulsa,Drake,304,70,102,110,,MVC,MVC,,,,,,
263964,1975-02-28,,1975,regular,,final,Duke,North Carolina,72,200,70,74,,ACC,ACC,,,,,,
263965,1975-02-28,,1975,regular,,final,East Carolina,The Citadel,74,299,78,66,,SoCon,SoCon,,,,,,
263966,1975-02-28,,1975,regular,,final,Morehead State,Eastern Kentucky,181,78,81,66,,OVC,OVC,,,,,,
263967,1975-02-28,,1975,regular,,final,Georgetown,Fordham,97,91,66,60,,Indep.,Indep.,,,,,,
263968,1975-02-28,,1975,regular,,final,Fresno State,San Diego State,92,257,68,64,,Big West,Big West,,,,,,
263969,1975-02-28,,1975,regular,,final,Long Beach State,Cal State Fullerton,145,37,73,53,,Big West,Big West,,,,,,
263970,1975-02-28,,1975,regular,,final,South Carolina,Georgia Tech,266,101,58,47,,Indep.,Indep.,,,,,,
263971,1975-02-28,,1975,regular,,final,Gonzaga,Idaho State,102,116,87,78,,Big Sky,Big Sky,,,,,,
263972,1975-02-28,,1975,regular,,final,Harvard,Cornell,107,60,74,69,,Ivy,Ivy,,,,,,
263973,1975-02-28,,1975,regular,,final,Centenary (LA),Hardin-Simmons,367,772,91,64,,Indep.,,,,,,,
263974,1975-02-28,,1975,regular,,final,Holy Cross,Army,111,15,89,73,,Indep.,Indep.,,,,,,
263975,1975-02-28,,1975,regular,,final,Bowling Green,Houston,28,113,121,101,,MAC,Indep.,,,,,,
263976,1975-02-28,,1975,regular,,final,Idaho,Boise State,117,25,74,67,,Big Sky,Big Sky,,,,,,
263977,1975-02-28,,1975,regular,,final,Michigan State,Illinois,169,118,96,82,,Big Ten,Big Ten,,,,,,
263978,1975-02-28,,1975,regular,,final,Indiana,Ohio State,121,216,86,78,,Big Ten,Big Ten,,,,,,
263979,1975-02-28,,1975,regular,,final,Kansas State,Iowa State,132,125,70,68,,,,,,,,,
263980,1975-02-28,,1975,regular,,final,Colorado,Kansas,56,131,76,78,,,,,,,,,
263981,1975-02-28,,1975,regular,,final,Kentucky,Vanderbilt,135,336,109,84,,SEC,SEC,,,,,,
263982,1975-02-28,,1975,regular,,final,Lafayette,Bucknell,138,32,96,64,,,,,,,,,
263983,1975-02-28,,1975,regular,,final,Rider,Lehigh,243,141,74,60,,,,,,,,,
263984,1975-02-28,,1975,regular,,final,Long Island University,Fairfield,146,83,87,72,,Indep.,Indep.,,,,,,
263985,1975-02-28,,1975,regular,,final,Loyola Chicago,Northern Illinois,151,208,79,67,,Indep.,Indep.,,,,,,
263986,1975-02-28,,1975,regular,,final,North Texas,Louisville,204,150,73,92,,MVC,MVC,,,,,,
263987,1975-02-28,,1975,regular,,final,LSU,Tennessee,136,292,94,87,,SEC,SEC,,,,,,
263988,1975-02-28,,1975,regular,,final,Maryland,East Tennessee State,160,75,104,87,,ACC,OVC,,,,,,
263989,1975-02-28,,1975,regular,,final,Iona,Massachusetts,123,161,72,89,,Indep.,,,,,,,
263990,1975-02-28,,1975,regular,,final,Memphis,Mercer,163,164,93,75,,Indep.,Indep.,,,,,,
263991,1975-02-28,,1975,regular,,final,Michigan,Purdue,170,236,93,76,,Big Ten,Big Ten,,,,,,
263992,1975-02-28,,1975,regular,,final,Minnesota,Northwestern,173,212,66,58,,Big Ten,Big Ten,,,,,,
263993,1975-02-28,,1975,regular,,final,Miami (OH),Xavier,167,359,86,59,,MAC,Indep.,,,,,,
263994,1975-02-28,,1975,regular,,final,Northern Arizona,Montana,206,179,75,81,,Big Sky,Big Sky,,,,,,
263995,1975-02-28,,1975,regular,,final,Weber State,Montana State,345,180,78,74,,Big Sky,Big Sky,,,,,,
263996,1975-02-28,,1975,regular,,final,Milwaukee,Marshall,172,158,56,62,,Indep.,Indep.,,,,,,
263997,1975-02-28,,1975,regular,,final,Missouri,Oklahoma,177,217,88,87,,,,,,,,,
263998,1975-02-28,,1975,regular,,final,Ole Miss,Mississippi State,220,174,78,84,,SEC,SEC,,,,,,
263999,1975-02-28,,1975,regular,,final,Murray State,Austin Peay,184,17,64,73,,OVC,OVC,,,,,,
264000,1975-02-28,,1975,regular,,final,NC State,Charlotte,185,48,103,80,,ACC,Indep.,,,,,,
264001,1975-02-28,,1975,regular,,final,Utah,New Mexico,331,191,93,76,,UAC,UAC,,,,,,
264002,1975-02-28,,1975,regular,,final,Bradley,New Mexico State,29,192,54,64,,MVC,MVC,,,,,,
264003,1975-02-28,,1975,regular,,final,Ohio,Eastern Michigan,215,79,57,62,,MAC,MAC,,,,,,
264004,1975-02-28,,1975,regular,,final,Marquette,Oklahoma City,157,1476,86,65,,Indep.,,,,,,,
264005,1975-02-28,,1975,regular,,final,Oregon,Washington State,223,344,56,52,,Pac-12,Pac-12,,,,,,
264006,1975-02-28,,1975,regular,,final,Penn State (Beaver),Brown,1353,30,89,59,,,Ivy,,,,,,
264007,1975-02-28,,1975,regular,,final,Delaware,Penn State,66,226,73,80,,,Indep.,,,,,,
264010,1975-02-28,,1975,regular,,final,Navy,St. Francis Brooklyn,187,364,91,65,,Indep.,Indep.,,,,,,
264011,1975-02-28,,1975,regular,,final,Pepperdine,San Francisco,228,259,97,94,,WCC,WCC,,,,,,
264012,1975-02-28,,1975,regular,,final,Pacific,San José State,225,260,79,77,,Big West,Big West,,,,,,
264013,1975-02-28,,1975,regular,,final,UCLA,Stanford,313,281,93,59,,Pac-12,Pac-12,,,,,,
264014,1975-02-28,,1975,regular,,final,St. John's,Providence,279,235,88,70,,Indep.,Indep.,,,,,,
264015,1975-02-28,,1975,regular,,final,Manhattan,Syracuse,155,286,69,74,,Indep.,Indep.,,,,,,
264016,1975-02-28,,1975,regular,,final,TCU,Texas A&M,287,293,81,94,,,,,,,,,
264017,1975-02-28,,1975,regular,,final,Temple,Drexel,289,71,69,47,,,,,,,,,
264018,1975-02-28,,1975,regular,,final,Texas Tech,Texas,298,295,78,51,,,,,,,,,
264019,1975-02-28,,1975,regular,,final,Toledo,Kent State,300,134,70,59,,MAC,MAC,,,,,,
264020,1975-02-28,,1975,regular,,final,Virginia,Stetson,339,283,60,58,,ACC,Indep.,,,,,,
264021,1975-02-28,,1975,regular,,final,Oregon State,Washington,224,343,86,78,,Pac-12,Pac-12,,,,,,
264022,1975-02-28,,1975,regular,,final,Wichita State,Saint Louis,352,252,62,60,,MVC,Indep.,,,,,,
264023,1975-02-28,,1975,regular,,final,Iowa,Wisconsin,124,355,75,68,,Big Ten,Big Ten,,,,,,
264024,1975-02-28,,1975,regular,,final,Middle Tennessee,Western Kentucky,171,350,89,86,,OVC,OVC,,,,,,
264025,1975-02-28,,1975,regular,,final,Western Michigan,Central Michigan,351,45,72,74,,MAC,MAC,,,,,,
264026,1975-02-28,,1975,regular,,final,West Virginia,Illinois State,347,119,99,105,,Indep.,Indep.,,,,,,
264027,1975-02-28,,1975,regular,,final,Arizona,Wyoming,11,358,92,74,,UAC,UAC,,,,,,
264028,1975-02-28,,1975,regular,,final,Princeton,Yale,234,360,76,68,,Ivy,Ivy,,,,,,
264029,1975-03-01,,1975,regular,,final,Duquesne,Detroit Mercy,73,69,45,60,,Indep.,Indep.,,,,,,
264030,1975-03-02,,1975,regular,,final,Denver,Air Force,68,2,57,77,,Indep.,Indep.,,,,,,
264031,1975-03-02,,1975,regular,,final,Auburn,VCU,16,333,117,72,,SEC,Indep.,,,,,,
264032,1975-03-02,,1975,regular,,final,Southern Illinois,Creighton,273,61,53,47,,MVC,Indep.,,,,,,
264033,1975-03-02,,1975,regular,,final,Iona,Drexel,123,71,66,61,,Indep.,,,,,,,
264034,1975-03-02,,1975,regular,,final,Samford,Georgia Southern,256,99,110,107,,Indep.,Indep.,,,,,,
264035,1975-03-02,,1975,regular,,final,Michigan,Illinois,170,118,77,75,,Big Ten,Big Ten,,,,,,
264036,1975-03-02,,1975,regular,,final,Iowa,Northwestern,124,212,65,58,,Big Ten,Big Ten,,,,,,
264037,1975-03-02,,1975,regular,,final,Jacksonville,South Alabama,127,265,81,75,,Indep.,Indep.,,,,,,
264038,1975-03-02,,1975,regular,,final,Northern Illinois,Kent State,208,134,62,60,,Indep.,MAC,,,,,,
264039,1975-03-02,,1975,regular,,final,Michigan State,Purdue,169,236,84,82,,Big Ten,Big Ten,,,,,,
264040,1975-03-02,,1975,regular,,final,Providence,St. Bonaventure,235,277,82,69,,Indep.,Indep.,,,,,,
264041,1975-03-02,,1975,regular,,final,South Carolina,Villanova,266,338,93,70,,Indep.,Indep.,,,,,,
264042,1975-03-02,,1975,regular,,final,Fordham,Syracuse,91,286,73,88,,Indep.,Indep.,,,,,,
264043,1975-03-02,,1975,regular,,final,Stetson,Tulane,283,303,99,74,,Indep.,Indep.,,,,,,
264044,1975-03-02,,1975,regular,,final,UNLV,Portland State,322,231,114,100,,WCC,Indep.,,,,,,
264045,1975-03-02,,1975,regular,,final,Minnesota,Wisconsin,173,355,65,58,,Big Ten,Big Ten,,,,,,
264046,1975-03-03,,1975,regular,,final,Texas,Arkansas,295,12,56,68,,,,,,,,,
264047,1975-03-03,,1975,regular,,final,Baylor,Texas Tech,20,298,60,55,,,,,,,,,
264048,1975-03-03,,1975,regular,,final,Saint Louis,Bradley,252,29,75,78,,Indep.,MVC,,,,,,
264049,1975-03-03,,1975,regular,,final,Cincinnati,Duquesne,51,73,72,70,,Indep.,Indep.,,,,,,
264050,1975-03-03,,1975,regular,,final,UConn,Holy Cross,314,111,69,81,,Indep.,Indep.,,,,,,
264051,1975-03-03,,1975,regular,,final,La Salle,Bucknell,137,32,85,74,,,,,,,,,
264052,1975-03-03,,1975,regular,,final,Louisville,Memphis,150,163,84,79,,MVC,Indep.,,,,,,
264053,1975-03-03,,1975,regular,,final,Maine-Farmington,Massachusetts,1078,161,87,105,,,,,,,,,
264054,1975-03-03,,1975,regular,,final,Ohio,Penn State,215,226,79,71,,MAC,Indep.,,,,,,
264055,1975-03-03,,1975,regular,,final,TCU,Rice,287,241,89,61,,,,,,,,,
264056,1975-03-03,,1975,regular,,final,Saint Mary's,Seattle U,253,262,101,77,,WCC,WCC,,,,,,
264057,1975-03-03,,1975,regular,,final,Seton Hall,Manhattan,263,155,69,71,,Indep.,Indep.,,,,,,
264058,1975-03-03,,1975,regular,,final,SMU,Texas A&M,248,293,77,100,,,,,,,,,
264059,1975-03-03,,1975,regular,,final,Utah State,Montana State,329,180,95,69,,Indep.,Big Sky,,,,,,
264060,1975-03-04,,1975,regular,,final,Idaho State,Boise State,116,25,101,73,,Big Sky,Big Sky,,,,,,
264061,1975-03-04,,1975,regular,,final,Xavier,Cleveland State,359,53,68,74,,Indep.,Indep.,,,,,,
264062,1975-03-04,,1975,regular,,final,Oklahoma State,Colorado,218,56,87,85,,,,,,,,,
264063,1975-03-04,,1975,regular,,final,East Carolina,William & Mary,74,353,66,69,,SoCon,SoCon,,,,,,
264064,1975-03-04,,1975,regular,,final,Stetson,Florida State,283,90,63,54,,Indep.,Indep.,,,,,,
264065,1975-03-04,,1975,regular,,final,Georgia Tech,Georgia,101,98,73,77,,Indep.,SEC,,,,,,
264066,1975-03-04,,1975,regular,,final,DePaul,Indiana State,65,122,89,66,,Indep.,Indep.,,,,,,
264067,1975-03-04,,1975,regular,,final,Oklahoma,Iowa State,217,125,84,79,,,,,,,,,
264068,1975-03-04,,1975,regular,,final,Nebraska,Kansas,188,131,77,79,,MVC,,,,,,,
264069,1975-03-04,,1975,regular,,final,Missouri,Kansas State,177,132,83,75,,,,,,,,,
264070,1975-03-04,,1975,regular,,final,Rider,Temple,243,289,70,65,,,,,,,,,
264071,1975-03-04,,1975,regular,,final,Weber State,Utah State,345,329,70,72,,Big Sky,Indep.,,,,,,
264075,1975-03-05,,1975,regular,,final,Louisville,Dayton,150,64,83,67,,MVC,Indep.,,,,,,
264079,1975-03-05,,1975,regular,,final,St. John's,Seton Hall,279,263,76,64,,Indep.,Indep.,,,,,,
264080,1975-03-05,,1975,regular,,final,Oral Roberts,Tulsa,222,304,83,91,,Indep.,MVC,,,,,,
264082,1975-03-05,,1975,regular,,final,William & Mary,Davidson,353,63,78,64,,SoCon,SoCon,,,,,,
264084,1975-03-06,,1975,regular,,final,Wyoming,BYU,358,18,64,67,,UAC,UAC,,,,,,
264085,1975-03-06,,1975,regular,,final,Stanford,California,281,40,63,68,,Pac-12,Pac-12,,,,,,
264087,1975-03-06,,1975,regular,,final,Colorado State,Utah,57,331,85,64,,UAC,UAC,,,,,,
264089,1975-03-06,,1975,regular,,final,Lafayette,Rider,138,243,79,68,,,,,,,,,
264092,1975-03-06,,1975,regular,,final,Charlotte,Cleveland State,48,53,90,77,,Indep.,Indep.,,,,,,
264094,1975-03-06,,1975,regular,,final,St. Bonaventure,Fairfield,277,83,78,73,,Indep.,Indep.,,,,,,
264095,1975-03-06,,1975,regular,,final,Niagara,Syracuse,194,286,72,90,,Indep.,Indep.,,,,,,
264096,1975-03-06,,1975,regular,,final,West Virginia,Pittsburgh,347,229,75,73,,Indep.,Indep.,,,,,,
264097,1975-03-07,,1975,regular,,final,Arizona State,Arizona,10,11,107,92,,UAC,UAC,,,,,,
264098,1975-03-07,,1975,regular,,final,Arkansas,Baylor,12,20,83,64,,,,,,,,,
264099,1975-03-07,,1975,regular,,final,Auburn,Alabama,16,5,76,70,,SEC,SEC,,,,,,
264101,1975-03-07,,1975,regular,,final,Bowling Green,Central Michigan,28,45,80,82,,MAC,MAC,,,,,,
264103,1975-03-07,,1975,regular,,final,Colorado State,BYU,57,18,92,81,,UAC,UAC,,,,,,
264104,1975-03-07,,1975,regular,,final,Colorado,Missouri,56,177,106,97,,,,,,,,,
264105,1975-03-07,,1975,regular,,final,Vanderbilt,Florida,336,87,102,83,,SEC,SEC,,,,,,
264107,1975-03-07,,1975,regular,,final,Illinois,Iowa,118,124,70,73,,Big Ten,Big Ten,,,,,,
264108,1975-03-07,,1975,regular,,final,Indiana,Michigan State,121,169,94,79,,Big Ten,Big Ten,,,,,,
264109,1975-03-07,,1975,regular,,final,Iowa State,Nebraska,125,188,82,69,,,MVC,,,,,,
264110,1975-03-07,,1975,regular,,final,Kansas,Oklahoma,131,217,74,63,,,,,,,,,
264111,1975-03-07,,1975,regular,,final,Mississippi State,Kentucky,174,135,80,118,,SEC,SEC,,,,,,
264112,1975-03-07,,1975,regular,,final,Kent State,Eastern Michigan,134,79,75,69,,MAC,MAC,,,,,,
264113,1975-03-07,,1975,regular,,final,Lafayette,La Salle,138,137,85,92,,,,,,,,,
264114,1975-03-07,,1975,regular,,final,Ole Miss,LSU,220,136,86,91,,SEC,SEC,,,,,,
264115,1975-03-07,,1975,regular,,final,Ohio State,Michigan,216,170,64,83,,Big Ten,Big Ten,,,,,,
264116,1975-03-07,,1975,regular,,final,Miami (OH),Ohio,167,215,81,80,,MAC,MAC,,,,,,
264117,1975-03-07,,1975,regular,,final,Creighton,Marquette,61,157,60,64,,Indep.,Indep.,,,,,,
264119,1975-03-07,,1975,regular,,final,UTEP,New Mexico,327,191,66,59,,UAC,UAC,,,,,,
264120,1975-03-07,,1975,regular,,final,Kansas State,Oklahoma State,132,218,72,63,,,,,,,,,
264121,1975-03-07,,1975,regular,,final,Oregon,Oregon State,223,224,82,80,,Pac-12,Pac-12,,,,,,
264124,1975-03-07,,1975,regular,,final,Purdue,Minnesota,236,173,100,72,,Big Ten,Big Ten,,,,,,
264125,1975-03-07,,1975,regular,,final,Rice,SMU,241,248,84,82,,,,,,,,,
264127,1975-03-07,,1975,regular,,final,St. John's,Rutgers,279,245,77,79,,Indep.,Indep.,,,,,,
264129,1975-03-07,,1975,regular,,final,Texas Tech,TCU,298,287,103,78,,,,,,,,,
264130,1975-03-07,,1975,regular,,final,Tennessee,Georgia,292,98,95,74,,SEC,SEC,,,,,,
264131,1975-03-07,,1975,regular,,final,Texas A&M,Texas,293,295,74,63,,,,,,,,,
264132,1975-03-07,,1975,regular,,final,Toledo,Western Michigan,300,351,68,85,,MAC,MAC,,,,,,
264133,1975-03-07,,1975,regular,,final,USC,UCLA,323,313,68,72,,Pac-12,Pac-12,,,,,,
264135,1975-03-07,,1975,regular,,final,Washington,Washington State,343,344,73,81,,Pac-12,Pac-12,,,,,,
264136,1975-03-07,,1975,regular,,final,Wisconsin,Northwestern,355,212,94,70,,Big Ten,Big Ten,,,,,,
264137,1975-03-07,,1975,regular,,final,West Virginia,Georgetown,347,97,61,62,,Indep.,Indep.,,,,,,
264138,1975-03-07,,1975,regular,,final,Wyoming,Utah,358,331,63,67,,UAC,UAC,,,,,,
264139,1975-03-09,,1975,regular,,final,Cornell,Bucknell,60,32,63,78,,Ivy,,,,,,,
264140,1975-03-09,,1975,regular,,final,Tulane,Marquette,303,157,65,73,,Indep.,Indep.,,,,,,
264141,1975-03-10,,1975,regular,,final,Rice,Houston,241,113,73,82,,,Indep.,,,,,,
371096,1975-03-14,,1975,postseason,NIT,final,Clemson,Providence,52,235,86,91,,ACC,Indep.,14,,,,,NIT-FIRST-ROUND
371097,1975-03-14,,1975,postseason,NCAA,final,Alabama,Arizona State,5,10,94,97,1,SEC,UAC,,,,,,"NCAA Men's Tourn., West - First Round"
371098,1975-03-14,,1975,postseason,NCAA,final,Boston College,Furman,26,93,82,76,1,Indep.,SoCon,,,,,,"NCAA Men's Tourn., East - First Round"
371099,1975-03-14,,1975,postseason,NCAA,final,Central Michigan,Georgetown,45,97,77,75,1,MAC,Indep.,,,,,,"NCAA Men's Tourn., Mideast - First Round"
371100,1975-03-14,,1975,postseason,NCAA,final,Cincinnati,Texas A&M,51,293,87,79,1,Indep.,,,,,,,"NCAA Men's Tourn., Midwest - First Round"
371101,1975-03-14,,1975,postseason,NCAA,final,Creighton,Maryland,61,160,79,83,1,Indep.,ACC,,,,,,"NCAA Men's Tourn., Midwest - First Round"
371102,1975-03-14,,1975,postseason,NCAA,final,Indiana,UTEP,121,327,78,53,1,Big Ten,UAC,,,,,,"NCAA Men's Tourn., Mideast - First Round"
371103,1975-03-14,,1975,postseason,NCAA,final,Kansas,Notre Dame,131,213,71,77,1,,Indep.,,,,,,"NCAA Men's Tourn., Midwest - First Round"
371104,1975-03-14,,1975,postseason,NCAA,final,Kansas State,Pennsylvania,132,227,69,62,1,,Ivy,,,,,,"NCAA Men's Tourn., East - First Round"
371105,1975-03-14,,1975,postseason,NCAA,final,Kentucky,Marquette,135,157,76,54,1,SEC,Indep.,,,,,,"NCAA Men's Tourn., Mideast - First Round"
371106,1975-03-14,,1975,postseason,NCAA,final,La Salle,Syracuse,137,286,83,87,1,,Indep.,,,,,,"NCAA Men's Tourn., East - First Round"
371107,1975-03-14,,1975,postseason,NCAA,final,Louisville,Rutgers,150,245,91,78,1,MVC,Indep.,,,,,,"NCAA Men's Tourn., Midwest - First Round"
371108,1975-03-14,,1975,postseason,NIT,final,Manhattan,Massachusetts,155,161,68,51,,Indep.,,,,,,,NIT-FIRST-ROUND
371109,1975-03-14,,1975,postseason,NCAA,final,Michigan,UCLA,170,313,91,103,1,Big Ten,Pac-12,,,,,,"NCAA Men's Tourn., West - First Round"
371110,1975-03-14,,1975,postseason,NCAA,final,Middle Tennessee,Oregon State,171,224,67,78,1,OVC,Pac-12,,,,,,"NCAA Men's Tourn., Mideast - First Round"
371111,1975-03-14,,1975,postseason,NCAA,final,Montana,Utah State,179,329,69,63,1,Big Sky,Indep.,,,,,,"NCAA Men's Tourn., West - First Round"
371112,1975-03-14,,1975,postseason,NCAA,final,UNLV,San Diego State,322,257,90,80,1,WCC,Big West,,,,,,"NCAA Men's Tourn., West - First Round"
371113,1975-03-14,,1975,postseason,NCAA,final,New Mexico State,North Carolina,192,200,69,93,1,MVC,ACC,,,,,,"NCAA Men's Tourn., East - First Round"
371114,1975-03-14,,1975,postseason,NIT,final,Southern Illinois,Pittsburgh,273,229,65,70,,MVC,Indep.,,,,,,NIT-FIRST-ROUND
371115,1975-03-14,,1975,postseason,NIT,final,St. John's,Lafayette,279,138,94,76,,Indep.,,,,,,,NIT-FIRST-ROUND
371116,1975-03-15,,1975,postseason,NIT,final,UConn,South Carolina,314,266,61,71,,Indep.,Indep.,,,,,,NIT-FIRST-ROUND
371117,1975-03-15,,1975,postseason,NIT,final,Holy Cross,Princeton,111,234,63,84,,Indep.,Ivy,,,,,,NIT-FIRST-ROUND
371118,1975-03-15,,1975,postseason,NIT,final,Memphis,Oral Roberts,163,222,95,97,,Indep.,Indep.,,,,,,NIT-FIRST-ROUND
371119,1975-03-15,,1975,postseason,NIT,final,Saint Peter's,Oregon,254,223,79,85,,Indep.,Pac-12,,,,,,NIT-FIRST-ROUND
371120,1975-03-18,,1975,postseason,NIT,final,Manhattan,St. John's,155,279,56,57,,Indep.,Indep.,,,,,,NIT-QUARTERFINAL
371121,1975-03-18,,1975,postseason,NIT,final,Pittsburgh,Providence,229,235,80,101,,Indep.,Indep.,,,,,,NIT-QUARTERFINAL
371122,1975-03-19,,1975,postseason,NCAA,final,Arizona State,UNLV,10,322,84,81,1,UAC,WCC,,,,,,"NCAA Men's Tourn., West - Regional Semifinal"
371123,1975-03-19,,1975,postseason,NCAA,final,Boston College,Kansas State,26,132,65,74,1,Indep.,,,,,,,"NCAA Men's Tourn., East - Regional Semifinal"
371124,1975-03-19,,1975,postseason,NCAA,final,Central Michigan,Kentucky,45,135,73,90,1,MAC,SEC,,,,,,"NCAA Men's Tourn., Mideast - Regional Semifinal"
371125,1975-03-19,,1975,postseason,NCAA,final,Cincinnati,Louisville,51,150,63,78,1,Indep.,MVC,,,,,,"NCAA Men's Tourn., Midwest - Regional Semifinal"
371126,1975-03-19,,1975,postseason,NCAA,final,Indiana,Oregon State,121,224,81,71,1,Big Ten,Pac-12,,,,,,"NCAA Men's Tourn., Mideast - Regional Semifinal"
371127,1975-03-19,,1975,postseason,NCAA,final,Maryland,Notre Dame,160,213,83,71,1,ACC,Indep.,,,,,,"NCAA Men's Tourn., Midwest - Regional Semifinal"
371128,1975-03-19,,1975,postseason,NCAA,final,Montana,UCLA,179,313,64,67,1,Big Sky,Pac-12,,,,,,"NCAA Men's Tourn., West - Regional Semifinal"
371129,1975-03-19,,1975,postseason,NCAA,final,North Carolina,Syracuse,200,286,76,78,1,ACC,Indep.,,,,,,"NCAA Men's Tourn., East - Regional Semifinal"
371130,1975-03-19,,1975,postseason,NIT,final,Oral Roberts,Oregon,222,223,59,68,,Indep.,Pac-12,,,,,,NIT-QUARTERFINAL
371131,1975-03-19,,1975,postseason,NIT,final,South Carolina,Princeton,266,234,67,86,,Indep.,Ivy,,,,,,NIT-QUARTERFINAL
371132,1975-03-21,,1975,postseason,NCAA,final,Arizona State,UCLA,10,313,75,89,1,UAC,Pac-12,,,,,,"NCAA Men's Tourn., West - Regional Final"
371133,1975-03-21,,1975,postseason,NCAA,final,Boston College,North Carolina,26,200,90,110,1,Indep.,ACC,,,,,,"NCAA Men's Tourn., East - Regional Third Place"
371134,1975-03-21,,1975,postseason,NCAA,final,Central Michigan,Oregon State,45,224,88,87,1,MAC,Pac-12,,,,,,"NCAA Men's Tourn., Mideast - Regional Third Place"
371135,1975-03-21,,1975,postseason,NCAA,final,Cincinnati,Notre Dame,51,213,95,87,1,Indep.,Indep.,,,,,,"NCAA Men's Tourn., Midwest - Regional Third Place"
371136,1975-03-21,,1975,postseason,NCAA,final,Indiana,Kentucky,121,135,90,92,1,Big Ten,SEC,,,,,,"NCAA Men's Tourn., Mideast - Regional Final"
371137,1975-03-21,,1975,postseason,NCAA,final,Kansas State,Syracuse,132,286,87,95,1,,Indep.,,,,,,"NCAA Men's Tourn., East - Regional Final"
371138,1975-03-21,,1975,postseason,NCAA,final,Louisville,Maryland,150,160,96,82,1,MVC,ACC,,,,,,"NCAA Men's Tourn., Midwest - Regional Final"
371139,1975-03-21,,1975,postseason,NCAA,final,Montana,UNLV,179,322,67,75,1,Big Sky,WCC,,,,,,"NCAA Men's Tourn., West - Regional Third Place"
371140,1975-03-21,,1975,postseason,NIT,final,Oregon,Princeton,223,234,57,58,,Pac-12,Ivy,,,,,,NIT-SEMIFINAL
371141,1975-03-21,,1975,postseason,NIT,final,St. John's,Providence,279,235,72,85,,Indep.,Indep.,,,,,,NIT-SEMIFINAL
371142,1975-03-22,,1975,postseason,NIT,final,Providence,Princeton,235,234,69,80,,Indep.,Ivy,,,,,,NIT-FINAL
371143,1975-03-22,,1975,postseason,NIT,final,St. John's,Oregon,279,223,76,80,,Indep.,Pac-12,,,,,,NIT-THIRD-PLACE
371144,1975-03-28,,1975,postseason,NCAA,final,Kentucky,Syracuse,135,286,95,79,1,SEC,Indep.,,,,,,"NCAA Men's Tourn., National - National Semifinal"
371145,1975-03-28,,1975,postseason,NCAA,final,Louisville,UCLA,150,313,74,75,1,MVC,Pac-12,,,,,,"NCAA Men's Tourn., National - National Semifinal"
371146,1975-03-30,,1975,postseason,NCAA,final,Kentucky,UCLA,135,313,85,92,1,SEC,Pac-12,,,,,,"NCAA Men's Tourn., National - National Final"
371147,1975-03-30,,1975,postseason,NCAA,final,Louisville,Syracuse,150,286,96,88,1,MVC,Indep.,,,,,,"NCAA Men's Tourn., National - National Third Place"
