id,date,start_et,season,season_type,tournament,status,home,away,home_id,away_id,home_points,away_points,neutral,home_conf,away_conf,home_seed,away_seed,venue,city,state,notes
278915,1980-11-26,,1981,regular,,final,Western Kentucky,Vanderbilt,350,336,76,78,,OVC,SEC,,,,,,
278916,1980-11-27,,1981,regular,,final,Fresno State,Air Force,92,2,55,40,,Big West,UAC,,,,,,
278917,1980-11-27,,1981,regular,,final,Alabama,Northern Iowa,5,209,93,66,,SEC,Indep.,,,,,,
278920,1980-11-27,,1981,regular,,final,Virginia,Bucknell,339,32,64,45,,ACC,,,,,,,
278921,1980-11-27,,1981,regular,,final,Washington,BYU,343,18,70,80,,Pac-12,UAC,,,,,,
278922,1980-11-27,,1981,regular,,final,Clemson,Cornell,52,60,82,64,,ACC,Ivy,,,,,,
278925,1980-11-27,,1981,regular,,final,New Mexico,Colorado,191,56,65,77,,UAC,,,,,,,
278926,1980-11-27,,1981,regular,,final,UC Santa Barbara,San Diego State,311,257,57,67,,Big West,UAC,,,,,,
278928,1980-11-27,,1981,regular,,final,Portland,Cal State Fullerton,230,37,100,65,,WCC,Big West,,,,,,
278929,1980-11-27,,1981,regular,,final,Georgia Tech,Western Carolina,101,348,77,88,,ACC,SoCon,,,,,,
278932,1980-11-27,,1981,regular,,final,Holy Cross,Yale,111,360,99,69,,Am. East,Ivy,,,,,,
278933,1980-11-27,,1981,regular,,final,Idaho State,USC,116,323,68,77,,Big Sky,Pac-12,,,,,,
278935,1980-11-27,,1981,regular,,final,St. John's,James Madison,279,129,67,58,,Big East,CAA,,,,,,
278937,1980-11-27,,1981,regular,,final,Maine-Farmington,Texas A&M,1078,293,57,66,,,,,,,,,
278938,1980-11-27,,1981,regular,,final,Maryland,Navy,160,187,86,64,,ACC,CAA,,,,,,
278939,1980-11-27,,1981,regular,,final,Memphis,Southern Illinois,163,273,67,69,,,MVC,,,,,,
278940,1980-11-27,,1981,regular,,final,Michigan State,Western Michigan,169,351,89,77,,Big Ten,MAC,,,,,,
278941,1980-11-27,,1981,regular,,final,Nebraska,Wyoming,188,358,59,62,,MVC,UAC,,,,,,
278944,1980-11-27,,1981,regular,,final,Western Kentucky,South Carolina,350,266,73,69,,OVC,Indep.,,,,,,
278945,1980-11-27,,1981,regular,,final,UCLA,VMI,313,334,99,61,,Pac-12,SoCon,,,,,,
278946,1980-11-28,,1981,regular,,final,Stanford,Air Force,281,2,58,52,,Pac-12,UAC,,,,,,
278947,1980-11-28,,1981,regular,,final,West Virginia,Akron,347,3,108,74,,A-10,OVC,,,,,,
278948,1980-11-28,,1981,regular,,final,Rutgers,American University,245,8,75,62,,A-10,,,,,,,
278950,1980-11-28,,1981,regular,,final,Georgia Southern,Austin Peay,99,17,87,88,,ASUN,OVC,,,,,,
278951,1980-11-28,,1981,regular,,final,Indiana,Ball State,121,19,75,69,,Big Ten,MAC,,,,,,
278952,1980-11-28,,1981,regular,,final,Furman,Charleston Southern,93,47,58,40,,SoCon,Indep.,,,,,,
278953,1980-11-28,,1981,regular,,final,Boston University,Baltimore,27,375,92,83,,Am. East,CAA,,,,,,
278954,1980-11-28,,1981,regular,,final,Boise State,Santa Clara,25,261,87,100,,Big Sky,WCC,,,,,,
278955,1980-11-28,,1981,regular,,final,Brown,Northeastern,30,205,66,89,,Ivy,Am. East,,,,,,
278957,1980-11-28,,1981,regular,,final,Eastern Kentucky,Butler,78,34,82,66,,OVC,Horizon,,,,,,
278958,1980-11-28,,1981,regular,,final,Oregon State,BYU,224,18,75,68,,Pac-12,UAC,,,,,,
278960,1980-11-28,,1981,regular,,final,Clemson,Fairfield,52,83,99,71,,ACC,NEC,,,,,,
278962,1980-11-28,,1981,regular,,final,Syracuse,Columbia,286,58,108,81,,Big East,Ivy,,,,,,
278963,1980-11-28,,1981,regular,,final,Ohio State,Cleveland State,216,53,89,81,,Big Ten,Indep.,,,,,,
278964,1980-11-28,,1981,regular,,final,Michigan State,Central Michigan,169,45,66,89,,Big Ten,MAC,,,,,,
278966,1980-11-28,,1981,regular,,final,Purdue,Colorado State,236,57,72,59,,Big Ten,UAC,,,,,,
278967,1980-11-28,,1981,regular,,final,Dayton,Rider,64,243,95,72,,Indep.,,,,,,,
278968,1980-11-28,,1981,regular,,final,Drexel,Delaware,71,66,50,43,,,,,,,,,
278970,1980-11-28,,1981,regular,,final,Duke,Stetson,72,283,67,49,,ACC,Indep.,,,,,,
278971,1980-11-28,,1981,regular,,final,Ohio,East Carolina,215,74,65,70,,MAC,Indep.,,,,,,
278972,1980-11-28,,1981,regular,,final,Michigan,Eastern Michigan,170,79,74,68,,Big Ten,MAC,,,,,,
278973,1980-11-28,,1981,regular,,final,Kentucky,East Tennessee State,135,75,62,57,,SEC,SoCon,,,,,,
278974,1980-11-28,,1981,regular,,final,South Florida,Florida A&M,271,85,63,65,,Sun Belt,MEAC,,,,,,
278975,1980-11-28,,1981,regular,,final,Fresno State,Portland State,92,231,96,65,,Big West,Indep.,,,,,,
278977,1980-11-28,,1981,regular,,final,Nebraska,Idaho,188,117,53,64,,MVC,Big Sky,,,,,,
278978,1980-11-28,,1981,regular,,final,Illinois,Loyola Marymount,118,153,98,65,,Big Ten,WCC,,,,,,
278979,1980-11-28,,1981,regular,,final,Tennessee Tech,Indiana State,291,122,62,52,,OVC,MVC,,,,,,
278981,1980-11-28,,1981,regular,,final,Northern Illinois,Iowa,208,124,47,61,,MAC,Big Ten,,,,,,
278982,1980-11-28,,1981,regular,,final,Wake Forest,Jacksonville,342,127,57,44,,ACC,Sun Belt,,,,,,
278984,1980-11-28,,1981,regular,,final,Nevada,Kansas,189,131,73,91,,Big Sky,,,,,,,
278985,1980-11-28,,1981,regular,,final,Kansas State,Northern Iowa,132,209,72,54,,,Indep.,,,,,,
278986,1980-11-28,,1981,regular,,final,Providence,Massachusetts,235,161,56,43,,Big East,A-10,,,,,,
278987,1980-11-28,,1981,regular,,final,Western Carolina,Middle Tennessee,348,171,77,70,,SoCon,OVC,,,,,,
278988,1980-11-28,,1981,regular,,final,Memphis,Oklahoma City,163,1476,98,86,,,,,,,,,
278989,1980-11-28,,1981,regular,,final,NC State,UNC Wilmington,185,321,83,59,,ACC,Indep.,,,,,,
278990,1980-11-28,,1981,regular,,final,New Mexico,New Mexico State,191,192,97,79,,UAC,MVC,,,,,,
278991,1980-11-28,,1981,regular,,final,UCLA,Notre Dame,313,213,94,81,,Pac-12,Indep.,,,,,,
278992,1980-11-28,,1981,regular,,final,Oral Roberts,Princeton,222,234,66,61,,Horizon,Ivy,,,,,,
278993,1980-11-28,,1981,regular,,final,Texas,Pacific,295,225,77,78,,,Big West,,,,,,
278994,1980-11-28,,1981,regular,,final,St. John's,Penn State (Beaver),279,1353,68,62,,Big East,,,,,,,
278995,1980-11-28,,1981,regular,,final,Pittsburgh,St. Francis (PA),229,278,91,70,,A-10,CAA,,,,,,
278996,1980-11-28,,1981,regular,,final,SE Louisiana,Tennessee State,246,290,60,58,,Indep.,Indep.,,,,,,
278998,1980-11-28,,1981,regular,,final,TCU,UT Arlington,287,324,80,91,,,Southland,,,,,,
278999,1980-11-28,,1981,regular,,final,UC Irvine,VMI,308,334,125,96,,Big West,SoCon,,,,,,
279000,1980-11-28,,1981,regular,,final,UNLV,Texas Pan American,322,1535,78,62,,Indep.,,,,,,,
279001,1980-11-28,,1981,regular,,final,Virginia,VCU,339,333,77,62,,ACC,Sun Belt,,,,,,
279004,1980-11-29,,1981,regular,,final,New Hampshire,Dartmouth,190,62,65,86,,Am. East,Ivy,,,,,,
279006,1980-11-30,,1981,regular,,final,Alabama,Wisconsin,5,355,90,75,,SEC,Big Ten,,,,,,
279007,1980-11-30,,1981,regular,,final,Arizona,Fresno State,11,92,65,77,,Pac-12,Big West,,,,,,
279008,1980-11-30,,1981,regular,,final,Little Rock,Arkansas State,144,13,59,55,,ASUN,Southland,,,,,,
279009,1980-11-30,,1981,regular,,final,Auburn,Towson,16,301,87,63,,SEC,CAA,,,,,,
279010,1980-11-30,,1981,regular,,final,Tennessee State,Austin Peay,290,17,97,79,,Indep.,OVC,,,,,,
279011,1980-11-30,,1981,regular,,final,New Mexico State,Baylor,192,20,61,60,,MVC,,,,,,,
279012,1980-11-30,,1981,regular,,final,Canisius,Baltimore,42,375,83,79,,Am. East,CAA,,,,,,
279013,1980-11-30,,1981,regular,,final,SE Louisiana,Centenary (LA),246,367,63,66,,Indep.,ASUN,,,,,,
279014,1980-11-30,,1981,regular,,final,Northwestern,Colorado State,212,57,78,75,,Big Ten,UAC,,,,,,
279015,1980-11-30,,1981,regular,,final,NC State,Davidson,185,63,89,72,,ACC,SoCon,,,,,,
279016,1980-11-30,,1981,regular,,final,Dayton,San Francisco,64,259,84,83,,Indep.,WCC,,,,,,
279017,1980-11-30,,1981,regular,,final,DePaul,Gonzaga,65,102,74,56,,Indep.,WCC,,,,,,
279018,1980-11-30,,1981,regular,,final,Iowa,Detroit Mercy,124,69,98,55,,Big Ten,Horizon,,,,,,
279019,1980-11-30,,1981,regular,,final,Cal State Fullerton,Portland State,37,231,86,81,,Big West,Indep.,,,,,,
279020,1980-11-30,,1981,regular,,final,Grambling,South Carolina State,103,267,83,73,,SWAC,MEAC,,,,,,
279021,1980-11-30,,1981,regular,,final,Wichita State,Hardin-Simmons,352,772,105,46,,MVC,,,,,,,
279022,1980-11-30,,1981,regular,,final,Houston,USC,113,323,71,54,,,Pac-12,,,,,,
279023,1980-11-30,,1981,regular,,final,Washington State,Idaho,344,117,51,65,,Pac-12,Big Sky,,,,,,
279024,1980-11-30,,1981,regular,,final,Long Beach State,Idaho State,145,116,83,59,,Big West,Big Sky,,,,,,
279025,1980-11-30,,1981,regular,,final,Illinois State,Mississippi Valley State,119,175,94,72,,Indep.,SWAC,,,,,,
279026,1980-11-30,,1981,regular,,final,Indiana,Murray State,121,184,59,41,,Big Ten,OVC,,,,,,
279027,1980-11-30,,1981,regular,,final,Vanderbilt,Iowa State,336,125,97,87,,SEC,,,,,,,
279028,1980-11-30,,1981,regular,,final,Kansas,Pepperdine,131,228,81,67,,,WCC,,,,,,
279029,1980-11-30,,1981,regular,,final,Purdue,Loyola Marymount,236,153,104,75,,Big Ten,WCC,,,,,,
279030,1980-11-30,,1981,regular,,final,Northwestern State,Louisiana Tech,211,149,68,71,,ASUN,Southland,,,,,,
279031,1980-11-30,,1981,regular,,final,Middle Tennessee,Chattanooga,171,49,73,67,,OVC,SoCon,,,,,,
279032,1980-11-30,,1981,regular,,final,Montana,San José State,179,260,49,50,,Big Sky,Big West,,,,,,
279033,1980-11-30,,1981,regular,,final,Valparaiso,Montana State,335,180,59,52,,Indep.,Big Sky,,,,,,
279034,1980-11-30,,1981,regular,,final,Marshall,South Carolina,158,266,116,85,,SoCon,Indep.,,,,,,
279035,1980-11-30,,1981,regular,,final,TCU,Pacific,287,225,74,62,,,Big West,,,,,,
279036,1980-11-30,,1981,regular,,final,Southern,Prairie View A&M,274,232,90,76,,SWAC,SWAC,,,,,,
279037,1980-11-30,,1981,regular,,final,Virginia Tech,Richmond,340,242,81,78,,,CAA,,,,,,
279038,1980-11-30,,1981,regular,,final,Rhode Island,Weber State,240,345,79,66,,A-10,Big Sky,,,,,,
279039,1980-11-30,,1981,regular,,final,Southern Miss,Louisiana,275,148,72,67,,Indep.,Southland,,,,,,
279040,1980-11-30,,1981,regular,,final,West Chester,Temple,476,289,77,92,,,,,,,,,
279041,1980-11-30,,1981,regular,,final,West Texas A&M,Texas Tech,1440,298,64,62,,MVC,,,,,,,
279042,1980-12-01,,1981,regular,,final,Maryland,American University,160,8,95,65,,ACC,,,,,,,
279043,1980-12-01,,1981,regular,,final,Boston College,New Hampshire,26,190,72,58,,Big East,Am. East,,,,,,
279044,1980-12-01,,1981,regular,,final,Long Island University,Drexel,146,71,80,68,,NEC,,,,,,,
279045,1980-12-01,,1981,regular,,final,South Florida,Duke,271,72,72,83,,Sun Belt,ACC,,,,,,
279046,1980-12-01,,1981,regular,,final,Minnesota,Florida State,173,90,79,66,,Big Ten,,,,,,,
279047,1980-12-01,,1981,regular,,final,North Carolina,Mercer,200,164,89,74,,ACC,ASUN,,,,,,
279048,1980-12-01,,1981,regular,,final,Notre Dame,Montana State,213,180,87,68,,Indep.,Big Sky,,,,,,
279049,1980-12-01,,1981,regular,,final,Toledo,Charlotte,300,48,84,59,,MAC,Sun Belt,,,,,,
279050,1980-12-01,,1981,regular,,final,Oregon,Nicholls,223,195,73,65,,Pac-12,Indep.,,,,,,
279051,1980-12-01,,1981,regular,,final,Oklahoma State,Oral Roberts,218,222,86,80,,,Horizon,,,,,,
279052,1980-12-01,,1981,regular,,final,St. Bonaventure,Pittsburgh,277,229,68,84,,A-10,A-10,,,,,,
279053,1980-12-01,,1981,regular,,final,Rutgers,Princeton,245,234,57,47,,A-10,Ivy,,,,,,
279054,1980-12-01,,1981,regular,,final,Rice,Tulane,241,303,62,78,,,,,,,,,
279055,1980-12-01,,1981,regular,,final,Rider,Saint Joseph's,243,251,55,71,,,,,,,,,
279056,1980-12-01,,1981,regular,,final,San Diego State,San Diego,257,258,60,52,,UAC,WCC,,,,,,
279057,1980-12-01,,1981,regular,,final,Villanova,St. Francis Brooklyn,338,364,95,73,,Big East,NEC,,,,,,
279058,1980-12-01,,1981,regular,,final,Texas A&M,Texas Southern,293,296,61,50,,,SWAC,,,,,,
279059,1980-12-02,,1981,regular,,final,UAB,Butler,305,34,87,58,,Sun Belt,Horizon,,,,,,
279060,1980-12-02,,1981,regular,,final,Auburn,Tennessee,16,292,75,65,,SEC,SEC,,,,,,
279061,1980-12-02,,1981,regular,,final,The Citadel,Bethune-Cookman,299,23,67,57,,SoCon,MEAC,,,,,,
279062,1980-12-02,,1981,regular,,final,Brown,Rhode Island,30,240,57,70,,Ivy,A-10,,,,,,
279063,1980-12-02,,1981,regular,,final,Clemson,Samford,52,256,102,59,,ACC,ASUN,,,,,,
279064,1980-12-02,,1981,regular,,final,UTEP,Colorado,327,56,67,52,,UAC,,,,,,,
279065,1980-12-02,,1981,regular,,final,George Mason,Delaware,95,66,66,62,,CAA,,,,,,,
279066,1980-12-02,,1981,regular,,final,Southern,Delaware State,274,67,85,73,,SWAC,MEAC,,,,,,
279067,1980-12-02,,1981,regular,,final,Maine-Farmington,East Carolina,1078,74,112,81,,,Indep.,,,,,,
279068,1980-12-02,,1981,regular,,final,Southern Miss,Eastern Kentucky,275,78,82,74,,Indep.,OVC,,,,,,
279069,1980-12-02,,1981,regular,,final,Fairleigh Dickinson,Hofstra,84,110,92,95,,NEC,,,,,,,
279070,1980-12-02,,1981,regular,,final,Fordham,Seton Hall,91,263,72,57,,NEC,Big East,,,,,,
279071,1980-12-02,,1981,regular,,final,VMI,Furman,334,93,82,87,,SoCon,SoCon,,,,,,
279072,1980-12-02,,1981,regular,,final,George Washington,Richmond,96,242,69,92,,A-10,CAA,,,,,,
279073,1980-12-02,,1981,regular,,final,Massachusetts,Harvard,161,107,78,80,,A-10,Ivy,,,,,,
279074,1980-12-02,,1981,regular,,final,UT Arlington,Houston Christian,324,112,78,58,,Southland,ASUN,,,,,,
279075,1980-12-02,,1981,regular,,final,Holy Cross,Navy,111,187,82,71,,Am. East,CAA,,,,,,
279076,1980-12-02,,1981,regular,,final,Indiana State,Penn State,122,226,54,61,,MVC,Indep.,,,,,,
279077,1980-12-02,,1981,regular,,final,Jackson State,South Carolina State,126,267,83,64,,SWAC,MEAC,,,,,,
279078,1980-12-02,,1981,regular,,final,Kansas,Michigan,131,170,52,64,,,Big Ten,,,,,,
279079,1980-12-02,,1981,regular,,final,Kentucky,Ohio State,135,216,70,64,,SEC,Big Ten,,,,,,
279080,1980-12-02,,1981,regular,,final,La Salle,Vermont,137,337,81,61,,,Am. East,,,,,,
279081,1980-12-02,,1981,regular,,final,Manhattan,St. John's,155,279,58,78,,NEC,Big East,,,,,,
279082,1980-12-02,,1981,regular,,final,UL Monroe,McNeese,316,162,68,74,,ASUN,Southland,,,,,,
279083,1980-12-02,,1981,regular,,final,Middle Tennessee,South Alabama,171,265,80,79,,OVC,Sun Belt,,,,,,
279084,1980-12-02,,1981,regular,,final,Tennessee Tech,Ole Miss,291,220,56,59,,OVC,SEC,,,,,,
279085,1980-12-02,,1981,regular,,final,Portland State,Montana,231,179,74,96,,Indep.,Big Sky,,,,,,
279086,1980-12-02,,1981,regular,,final,Mississippi State,Virginia Tech,174,340,68,61,,SEC,,,,,,,
279087,1980-12-02,,1981,regular,,final,Northern Arizona,Pepperdine,206,228,79,85,,Big Sky,WCC,,,,,,
279088,1980-12-02,,1981,regular,,final,North Texas,SMU,204,248,69,63,,Indep.,,,,,,,
279089,1980-12-02,,1981,regular,,final,Oklahoma,Oklahoma City,217,1476,88,82,,,,,,,,,
279090,1980-12-02,,1981,regular,,final,Portland,San José State,230,260,67,61,,WCC,Big West,,,,,,
279091,1980-12-02,,1981,regular,,final,VCU,William & Mary,333,353,77,58,,Sun Belt,CAA,,,,,,
279093,1980-12-03,,1981,regular,,final,Illinois State,Bradley,119,29,70,72,,Indep.,MVC,,,,,,
279094,1980-12-03,,1981,regular,,final,Towson,Campbell,301,41,69,61,,CAA,Indep.,,,,,,
279095,1980-12-03,,1981,regular,,final,Centenary (LA),Louisiana Tech,367,149,72,64,,ASUN,Southland,,,,,,
279096,1980-12-03,,1981,regular,,final,San Diego,UC Santa Barbara,258,311,74,57,,WCC,Big West,,,,,,
279097,1980-12-03,,1981,regular,,final,Miami (OH),Dayton,167,64,71,74,,MAC,Indep.,,,,,,
279098,1980-12-03,,1981,regular,,final,Iowa State,Drake,125,70,74,72,,,MVC,,,,,,
279099,1980-12-03,,1981,regular,,final,Southern,Howard,274,114,69,61,,SWAC,MEAC,,,,,,
279100,1980-12-03,,1981,regular,,final,San Diego State,Idaho State,257,116,96,80,,UAC,Big Sky,,,,,,
279101,1980-12-03,,1981,regular,,final,Long Beach State,Michigan State,145,169,60,71,,Big West,Big Ten,,,,,,
279102,1980-12-03,,1981,regular,,final,Temple,Lehigh,289,141,97,62,,,,,,,,,
279103,1980-12-03,,1981,regular,,final,Tulsa,Louisville,304,150,68,60,,MVC,,,,,,,
279104,1980-12-03,,1981,regular,,final,Louisiana,Memphis,148,163,76,80,,Southland,,,,,,,
279105,1980-12-03,,1981,regular,,final,Texas,New Mexico State,295,192,101,82,,,MVC,,,,,,
279106,1980-12-03,,1981,regular,,final,Notre Dame,TCU,213,287,79,63,,Indep.,,,,,,,
279107,1980-12-03,,1981,regular,,final,North Texas,SE Louisiana,204,246,77,74,,Indep.,Indep.,,,,,,
279108,1980-12-03,,1981,regular,,final,Wyoming,Stanford,358,281,73,51,,UAC,Pac-12,,,,,,
279109,1980-12-03,,1981,regular,,final,Texas Tech,Western Kentucky,298,350,68,58,,,OVC,,,,,,
279110,1980-12-03,,1981,regular,,final,Pacific,Nevada,225,189,77,75,,Big West,Big Sky,,,,,,
279111,1980-12-03,,1981,regular,,final,Weber State,Utah State,345,329,66,81,,Big Sky,Big West,,,,,,
279112,1980-12-04,,1981,regular,,final,Stetson,App State,283,9,65,58,,Indep.,SoCon,,,,,,
279113,1980-12-04,,1981,regular,,final,Arizona State,Montana State,10,180,92,71,,Pac-12,Big Sky,,,,,,
279116,1980-12-04,,1981,regular,,final,Richmond,Catholic,242,1279,89,68,,CAA,,,,,,,
279118,1980-12-04,,1981,regular,,final,Rutgers,Columbia,245,58,78,63,,A-10,Ivy,,,,,,
279119,1980-12-04,,1981,regular,,final,Northwestern,Cornell,212,60,63,48,,Big Ten,Ivy,,,,,,
279121,1980-12-04,,1981,regular,,final,Saint Louis,Delaware State,252,67,70,47,,,MEAC,,,,,,
279124,1980-12-04,,1981,regular,,final,Jackson State,North Carolina A&T,126,198,80,78,,SWAC,MEAC,,,,,,
279125,1980-12-04,,1981,regular,,final,Syracuse,Kent State,286,134,81,65,,Big East,MAC,,,,,,
279128,1980-12-04,,1981,regular,,final,Louisiana Tech,Northwestern State,149,211,79,67,,Southland,ASUN,,,,,,
279130,1980-12-04,,1981,regular,,final,Wichita State,McNeese,352,162,91,66,,MVC,Southland,,,,,,
279131,1980-12-04,,1981,regular,,final,Missouri,West Texas A&M,177,1440,88,70,,,MVC,,,,,,
279133,1980-12-04,,1981,regular,,final,Towson,UNC Wilmington,301,321,70,66,,CAA,Indep.,,,,,,
279137,1980-12-05,,1981,regular,,final,Texas Tech,Air Force,298,2,50,49,,,UAC,,,,,,
279138,1980-12-05,,1981,regular,,final,La Salle,Alabama,137,5,65,81,,,SEC,,,,,,
279139,1980-12-05,,1981,regular,,final,Ole Miss,UAB,220,305,83,72,,SEC,Sun Belt,,,,,,
279140,1980-12-05,,1981,regular,,final,Alcorn State,South Carolina State,7,267,68,62,,SWAC,MEAC,,,,,,
279141,1980-12-05,,1981,regular,,final,Harvard,American University,107,8,88,108,,Ivy,,,,,,,
279143,1980-12-05,,1981,regular,,final,Arizona,Kansas State,11,132,53,55,,Pac-12,,,,,,,
279144,1980-12-05,,1981,regular,,final,Michigan,Arkansas,170,12,78,65,,Big Ten,,,,,,,
279145,1980-12-05,,1981,regular,,final,Fairfield,Army,83,15,61,65,,NEC,NEC,,,,,,
279146,1980-12-05,,1981,regular,,final,Arkansas State,Mercer,13,164,67,52,,Southland,ASUN,,,,,,
279147,1980-12-05,,1981,regular,,final,Arizona State,Iowa,10,124,96,88,,Pac-12,Big Ten,,,,,,
279148,1980-12-05,,1981,regular,,final,Western Carolina,Charleston Southern,348,47,80,44,,SoCon,Indep.,,,,,,
279150,1980-12-05,,1981,regular,,final,Baltimore,Campbell,375,41,86,71,,CAA,Indep.,,,,,,
279151,1980-12-05,,1981,regular,,final,Boston College,Fordham,26,91,79,69,,Big East,NEC,,,,,,
279152,1980-12-05,,1981,regular,,final,Boise State,Fresno State,25,92,40,65,,Big Sky,Big West,,,,,,
279153,1980-12-05,,1981,regular,,final,Utah State,BYU,329,18,79,82,,Big West,UAC,,,,,,
279154,1980-12-05,,1981,regular,,final,Western Michigan,Canisius,351,42,90,71,,MAC,Am. East,,,,,,
279157,1980-12-05,,1981,regular,,final,South Carolina,Clemson,266,52,69,82,,Indep.,ACC,,,,,,
279158,1980-12-05,,1981,regular,,final,Ohio State,Colgate,216,55,77,58,,Big Ten,Am. East,,,,,,
279160,1980-12-05,,1981,regular,,final,Cleveland State,Ohio,53,215,83,57,,Indep.,MAC,,,,,,
279161,1980-12-05,,1981,regular,,final,Colorado,New Mexico State,56,192,103,67,,,MVC,,,,,,
279162,1980-12-05,,1981,regular,,final,Yale,UConn,360,314,53,65,,Ivy,Big East,,,,,,
279163,1980-12-05,,1981,regular,,final,Creighton,Nebraska,61,188,66,61,,MVC,MVC,,,,,,
279164,1980-12-05,,1981,regular,,final,Wichita State,Colorado State,352,57,53,34,,MVC,UAC,,,,,,
279165,1980-12-05,,1981,regular,,final,East Tennessee State,Davidson,75,63,97,79,,SoCon,SoCon,,,,,,
279166,1980-12-05,,1981,regular,,final,Eastern Kentucky,Dayton,78,64,72,77,,OVC,Indep.,,,,,,
279167,1980-12-05,,1981,regular,,final,Delaware,Temple,66,289,60,61,,,,,,,,,
279168,1980-12-05,,1981,regular,,final,DePaul,Santa Clara,65,261,88,71,,Indep.,WCC,,,,,,
279170,1980-12-05,,1981,regular,,final,Rhode Island,Duquesne,240,73,65,61,,A-10,A-10,,,,,,
279171,1980-12-05,,1981,regular,,final,Evansville,Indiana State,82,122,83,59,,Horizon,MVC,,,,,,
279172,1980-12-05,,1981,regular,,final,Stetson,Florida A&M,283,85,74,80,,Indep.,MEAC,,,,,,
279174,1980-12-05,,1981,regular,,final,Mississippi State,Florida,174,87,89,68,,SEC,SEC,,,,,,
279175,1980-12-05,,1981,regular,,final,Florida State,Jacksonville,90,127,59,57,,,Sun Belt,,,,,,
279176,1980-12-05,,1981,regular,,final,Cal State Fullerton,Michigan State,37,169,42,58,,Big West,Big Ten,,,,,,
279177,1980-12-05,,1981,regular,,final,St. Francis (PA),George Mason,278,95,86,78,,CAA,CAA,,,,,,
279178,1980-12-05,,1981,regular,,final,Georgia Tech,Georgia,101,98,38,55,,ACC,SEC,,,,,,
279179,1980-12-05,,1981,regular,,final,Gonzaga,Idaho,102,117,69,73,,WCC,Big Sky,,,,,,
279180,1980-12-05,,1981,regular,,final,Georgia State,Georgia Southern,100,99,81,69,,Sun Belt,ASUN,,,,,,
279181,1980-12-05,,1981,regular,,final,Hawai'i,San Francisco,108,259,95,98,,UAC,WCC,,,,,,
279182,1980-12-05,,1981,regular,,final,Hardin-Simmons,SE Louisiana,772,246,62,76,,,Indep.,,,,,,
279183,1980-12-05,,1981,regular,,final,Hofstra,Lafayette,110,138,53,56,,,,,,,,,
279184,1980-12-05,,1981,regular,,final,Holy Cross,South Alabama,111,265,53,77,,Am. East,Sun Belt,,,,,,
279185,1980-12-05,,1981,regular,,final,Jackson State,Howard,126,114,91,74,,SWAC,MEAC,,,,,,
279186,1980-12-05,,1981,regular,,final,Illinois,TCU,118,287,87,55,,Big Ten,,,,,,,
279187,1980-12-05,,1981,regular,,final,Indiana,Kentucky,121,135,66,68,,Big Ten,SEC,,,,,,
279188,1980-12-05,,1981,regular,,final,Iona,Long Island University,123,146,105,94,,NEC,NEC,,,,,,
279189,1980-12-05,,1981,regular,,final,Iowa State,Northern Iowa,125,209,83,69,,,Indep.,,,,,,
279190,1980-12-05,,1981,regular,,final,Kansas,Oral Roberts,131,222,90,66,,,Horizon,,,,,,
279192,1980-12-05,,1981,regular,,final,Missouri,Lamar,177,139,92,70,,,Southland,,,,,,
279193,1980-12-05,,1981,regular,,final,Texas,Long Beach State,295,145,92,76,,,Big West,,,,,,
279194,1980-12-05,,1981,regular,,final,Navy,Lehigh,187,141,53,55,,CAA,,,,,,,
279195,1980-12-05,,1981,regular,,final,Oklahoma State,Louisville,218,150,72,71,,,,,,,,,
279196,1980-12-05,,1981,regular,,final,LSU,Tulane,136,303,119,81,,SEC,,,,,,,
279197,1980-12-05,,1981,regular,,final,Maine-Farmington,Siena,1078,264,87,65,,,NEC,,,,,,
279198,1980-12-05,,1981,regular,,final,Syracuse,Maryland,286,160,73,83,,Big East,ACC,,,,,,
279199,1980-12-05,,1981,regular,,final,Massachusetts,St. Bonaventure,161,277,79,96,,A-10,A-10,,,,,,
279201,1980-12-05,,1981,regular,,final,Memphis,Southern Miss,163,275,70,65,,,Indep.,,,,,,
279202,1980-12-05,,1981,regular,,final,Morehead State,Tennessee State,181,290,88,80,,OVC,Indep.,,,,,,
279203,1980-12-05,,1981,regular,,final,Marquette,Stanford,157,281,69,58,,Indep.,Pac-12,,,,,,
279204,1980-12-05,,1981,regular,,final,West Virginia,Marshall,347,158,73,76,,A-10,SoCon,,,,,,
279205,1980-12-05,,1981,regular,,final,UL Monroe,Louisiana,316,148,73,87,,ASUN,Southland,,,,,,
279206,1980-12-05,,1981,regular,,final,Oklahoma,Tulsa,217,304,75,84,,,MVC,,,,,,
279207,1980-12-05,,1981,regular,,final,Pepperdine,Oregon State,228,224,76,82,,WCC,Pac-12,,,,,,
279209,1980-12-05,,1981,regular,,final,St. John's,Princeton,279,234,46,47,,Big East,Ivy,,,,,,
279210,1980-12-05,,1981,regular,,final,Villanova,Providence,338,235,68,49,,Big East,Big East,,,,,,
279211,1980-12-05,,1981,regular,,final,Penn State,SMU,226,248,72,50,,Indep.,,,,,,,
279212,1980-12-05,,1981,regular,,final,Tennessee,Purdue,292,236,78,69,,SEC,Big Ten,,,,,,
279213,1980-12-05,,1981,regular,,final,Rice,Western Kentucky,241,350,63,76,,,OVC,,,,,,
279214,1980-12-05,,1981,regular,,final,Rutgers,Saint Peter's,245,254,56,51,,A-10,NEC,,,,,,
279215,1980-12-05,,1981,regular,,final,Saint Joseph's,West Chester,251,476,83,60,,,,,,,,,
279216,1980-12-05,,1981,regular,,final,UCLA,Saint Mary's,313,253,113,70,,Pac-12,WCC,,,,,,
279217,1980-12-05,,1981,regular,,final,UNLV,UC Irvine,322,308,124,95,,Indep.,Big West,,,,,,
279219,1980-12-05,,1981,regular,,final,Utah,Weber State,331,345,76,61,,UAC,Big Sky,,,,,,
279220,1980-12-05,,1981,regular,,final,Chattanooga,VMI,49,334,63,53,,SoCon,SoCon,,,,,,
279221,1980-12-05,,1981,regular,,final,William & Mary,Virginia,353,339,68,88,,CAA,ACC,,,,,,
279222,1980-12-06,,1981,regular,,final,Northern Iowa,Centenary (LA),209,367,51,67,,Indep.,ASUN,,,,,,
279223,1980-12-07,,1981,regular,,final,Michigan,Akron,170,3,98,69,,Big Ten,OVC,,,,,,
279224,1980-12-07,,1981,regular,,final,UAB,UT Arlington,305,324,67,54,,Sun Belt,Southland,,,,,,
279225,1980-12-07,,1981,regular,,final,Alcorn State,Howard,7,114,72,68,,SWAC,MEAC,,,,,,
279226,1980-12-07,,1981,regular,,final,Army,Northeastern,15,205,51,53,,NEC,Am. East,,,,,,
279227,1980-12-07,,1981,regular,,final,Arizona State,Kansas State,10,132,84,61,,Pac-12,,,,,,,
279228,1980-12-07,,1981,regular,,final,Auburn,Tennessee Tech,16,291,77,62,,SEC,OVC,,,,,,
279229,1980-12-07,,1981,regular,,final,Bowling Green,Cornell,28,60,61,47,,MAC,Ivy,,,,,,
279230,1980-12-07,,1981,regular,,final,La Salle,Bucknell,137,32,73,63,,,,,,,,,
279231,1980-12-07,,1981,regular,,final,Butler,Purdue,34,236,61,82,,Horizon,Big Ten,,,,,,
279232,1980-12-07,,1981,regular,,final,Catholic,Harvard,1279,107,75,68,,,Ivy,,,,,,
279233,1980-12-07,,1981,regular,,final,Robert Morris,Colgate,244,55,88,69,,CAA,Am. East,,,,,,
279234,1980-12-07,,1981,regular,,final,Central Michigan,Valparaiso,45,335,80,64,,MAC,Indep.,,,,,,
279235,1980-12-07,,1981,regular,,final,Saint Louis,Creighton,252,61,57,64,,,MVC,,,,,,
279236,1980-12-07,,1981,regular,,final,Colorado State,Oklahoma State,57,218,64,79,,UAC,,,,,,,
279237,1980-12-07,,1981,regular,,final,Marshall,Davidson,158,63,73,79,,SoCon,SoCon,,,,,,
279238,1980-12-07,,1981,regular,,final,DePaul,Northern Illinois,65,208,93,56,,Indep.,MAC,,,,,,
279240,1980-12-07,,1981,regular,,final,Pepperdine,Illinois State,228,119,72,84,,WCC,Indep.,,,,,,
279241,1980-12-07,,1981,regular,,final,Wichita State,Long Beach State,352,145,80,61,,MVC,Big West,,,,,,
279242,1980-12-07,,1981,regular,,final,Texas Tech,Louisiana Tech,298,149,67,47,,,Southland,,,,,,
279243,1980-12-07,,1981,regular,,final,UL Monroe,Murray State,316,184,59,67,,ASUN,OVC,,,,,,
279244,1980-12-07,,1981,regular,,final,Mississippi Valley State,Tennessee State,175,290,77,75,,SWAC,Indep.,,,,,,
279245,1980-12-07,,1981,regular,,final,Oral Roberts,Tulsa,222,304,69,72,,Horizon,MVC,,,,,,
279246,1980-12-07,,1981,regular,,final,Portland State,Oregon State,231,224,58,102,,Indep.,Pac-12,,,,,,
279247,1980-12-07,,1981,regular,,final,South Carolina State,Southern,267,274,75,77,,MEAC,SWAC,,,,,,
279248,1980-12-07,,1981,regular,,final,Towson,West Chester,301,476,75,67,,CAA,,,,,,,
279249,1980-12-07,,1981,regular,,final,UNLV,UTEP,322,327,78,85,,Indep.,UAC,,,,,,
279250,1980-12-08,,1981,regular,,final,Fresno State,Arizona,92,11,70,60,,Big West,Pac-12,,,,,,
279251,1980-12-08,,1981,regular,,final,Wisconsin,Ball State,355,19,85,72,,Big Ten,MAC,,,,,,
279252,1980-12-08,,1981,regular,,final,Cleveland State,Eastern Michigan,53,79,73,59,,Indep.,MAC,,,,,,
279254,1980-12-08,,1981,regular,,final,Creighton,Loyola Chicago,61,151,82,74,,MVC,Horizon,,,,,,
279255,1980-12-08,,1981,regular,,final,Dayton,Western Kentucky,64,350,74,70,,Indep.,OVC,,,,,,
279256,1980-12-08,,1981,regular,,final,Vanderbilt,Duke,336,72,69,72,,SEC,ACC,,,,,,
279257,1980-12-08,,1981,regular,,final,Duquesne,Old Dominion,73,219,70,73,,A-10,CAA,,,,,,
279258,1980-12-08,,1981,regular,,final,Eastern Kentucky,Northern Iowa,78,209,73,53,,OVC,Indep.,,,,,,
279259,1980-12-08,,1981,regular,,final,Jacksonville,Florida A&M,127,85,49,56,,Sun Belt,MEAC,,,,,,
279260,1980-12-08,,1981,regular,,final,Iona,Fordham,123,91,57,68,,NEC,NEC,,,,,,
279261,1980-12-08,,1981,regular,,final,Loyola Marymount,Cal State Fullerton,153,37,90,85,,WCC,Big West,,,,,,
279262,1980-12-08,,1981,regular,,final,Weber State,Gonzaga,345,102,58,61,,Big Sky,WCC,,,,,,
279263,1980-12-08,,1981,regular,,final,Hardin-Simmons,Louisiana Tech,772,149,48,51,,,Southland,,,,,,
279264,1980-12-08,,1981,regular,,final,Lehigh,Hofstra,141,110,68,67,,,,,,,,,
279265,1980-12-08,,1981,regular,,final,Notre Dame,Indiana,213,121,68,64,,Indep.,Big Ten,,,,,,
279266,1980-12-08,,1981,regular,,final,SMU,Iowa State,248,125,58,55,,,,,,,,,
279267,1980-12-08,,1981,regular,,final,Iowa,Nevada,124,189,112,71,,Big Ten,Big Sky,,,,,,
279268,1980-12-08,,1981,regular,,final,Kansas,Morehead State,131,181,90,56,,,OVC,,,,,,
279269,1980-12-08,,1981,regular,,final,Tennessee,Lafayette,292,138,72,42,,SEC,,,,,,,
279270,1980-12-08,,1981,regular,,final,Maine-Farmington,New Hampshire,1078,190,93,68,,,Am. East,,,,,,
279271,1980-12-08,,1981,regular,,final,Mississippi Valley State,Prairie View A&M,175,232,87,93,,SWAC,SWAC,,,,,,
279272,1980-12-08,,1981,regular,,final,VMI,Navy,334,187,61,71,,SoCon,CAA,,,,,,
279273,1980-12-08,,1981,regular,,final,North Carolina A&T,Southern,198,274,100,80,,MEAC,SWAC,,,,,,
279274,1980-12-08,,1981,regular,,final,Nebraska,Penn State,188,226,75,50,,MVC,Indep.,,,,,,
279275,1980-12-08,,1981,regular,,final,TCU,North Texas,287,204,75,76,,,Indep.,,,,,,
279276,1980-12-08,,1981,regular,,final,Southern Miss,Oklahoma,275,217,74,66,,Indep.,,,,,,,
279277,1980-12-08,,1981,regular,,final,Rhode Island,Oregon,240,223,67,66,,A-10,Pac-12,,,,,,
279278,1980-12-08,,1981,regular,,final,Princeton,Saint Joseph's,234,251,50,51,,Ivy,,,,,,,
279279,1980-12-08,,1981,regular,,final,VCU,Richmond,333,242,88,76,,Sun Belt,CAA,,,,,,
279280,1980-12-08,,1981,regular,,final,St. Bonaventure,Rutgers,277,245,77,67,,A-10,A-10,,,,,,
279281,1980-12-08,,1981,regular,,final,Seton Hall,Villanova,263,338,65,66,,Big East,Big East,,,,,,
279282,1980-12-08,,1981,regular,,final,USC,Texas,323,295,89,81,,Pac-12,,,,,,,
279283,1980-12-08,,1981,regular,,final,Utah State,Utah,329,331,81,83,,Big West,UAC,,,,,,
279284,1980-12-09,,1981,regular,,final,Arkansas State,Murray State,13,184,64,55,,Southland,OVC,,,,,,
279285,1980-12-09,,1981,regular,,final,Southern,Bethune-Cookman,274,23,66,63,,SWAC,MEAC,,,,,,
279286,1980-12-09,,1981,regular,,final,Baltimore,James Madison,375,129,62,87,,CAA,CAA,,,,,,
279287,1980-12-09,,1981,regular,,final,Brown,Boston College,30,26,56,70,,Ivy,Big East,,,,,,
279288,1980-12-09,,1981,regular,,final,Siena,Canisius,264,42,68,57,,NEC,Am. East,,,,,,
279289,1980-12-09,,1981,regular,,final,Miami (OH),Cincinnati,167,51,91,87,,MAC,,,,,,,
279290,1980-12-09,,1981,regular,,final,Columbia,St. John's,58,279,42,58,,Ivy,Big East,,,,,,
279291,1980-12-09,,1981,regular,,final,Idaho State,Colorado State,116,57,78,73,,Big Sky,UAC,,,,,,
279292,1980-12-09,,1981,regular,,final,Detroit Mercy,Syracuse,69,286,79,93,,Horizon,Big East,,,,,,
279293,1980-12-09,,1981,regular,,final,East Tennessee State,Virginia Tech,75,340,68,72,,SoCon,,,,,,,
279294,1980-12-09,,1981,regular,,final,Southern Illinois,Evansville,273,82,60,65,,MVC,Horizon,,,,,,
279295,1980-12-09,,1981,regular,,final,Maryland,Fairleigh Dickinson,160,84,109,83,,ACC,NEC,,,,,,
279296,1980-12-09,,1981,regular,,final,Houston Christian,Oklahoma State,112,218,75,78,,ASUN,,,,,,,
279297,1980-12-09,,1981,regular,,final,Missouri,Illinois,177,118,62,84,,,Big Ten,,,,,,
279298,1980-12-09,,1981,regular,,final,Jackson State,Tennessee State,126,290,71,75,,SWAC,Indep.,,,,,,
279299,1980-12-09,,1981,regular,,final,Michigan,Kent State,170,134,97,72,,Big Ten,MAC,,,,,,
279300,1980-12-09,,1981,regular,,final,Lamar,Texas Southern,139,296,88,73,,Southland,SWAC,,,,,,
279301,1980-12-09,,1981,regular,,final,La Salle,Xavier,137,359,70,65,,,Horizon,,,,,,
279302,1980-12-09,,1981,regular,,final,Manhattan,Wagner,155,341,58,57,,NEC,NEC,,,,,,
279303,1980-12-09,,1981,regular,,final,Mercer,Ole Miss,164,220,58,70,,ASUN,SEC,,,,,,
279304,1980-12-09,,1981,regular,,final,Washington State,Montana State,344,180,73,59,,Pac-12,Big Sky,,,,,,
279305,1980-12-09,,1981,regular,,final,Prairie View A&M,Mississippi Valley State,232,175,93,119,,SWAC,SWAC,,,,,,
279306,1980-12-09,,1981,regular,,final,Northeastern,Vermont,205,337,71,63,,Am. East,Am. East,,,,,,
279307,1980-12-09,,1981,regular,,final,West Virginia,Ohio,347,215,69,61,,A-10,MAC,,,,,,
279308,1980-12-09,,1981,regular,,final,Penn State (Beaver),St. Francis (PA),1353,278,76,56,,,CAA,,,,,,
279309,1980-12-09,,1981,regular,,final,Saint Peter's,St. Francis Brooklyn,254,364,62,47,,NEC,NEC,,,,,,
279310,1980-12-10,,1981,regular,,final,Air Force,San Diego,2,258,45,44,,UAC,WCC,,,,,,
279311,1980-12-10,,1981,regular,,final,Boise State,Wyoming,25,358,51,76,,Big Sky,UAC,,,,,,
279312,1980-12-10,,1981,regular,,final,UConn,Maine-Farmington,314,1078,55,51,,Big East,,,,,,,
279313,1980-12-10,,1981,regular,,final,Cornell,Saint Joseph's,60,251,39,42,,Ivy,,,,,,,
279314,1980-12-10,,1981,regular,,final,West Chester,Delaware State,476,67,65,61,,,MEAC,,,,,,
279315,1980-12-10,,1981,regular,,final,Duquesne,Robert Morris,73,244,83,59,,A-10,CAA,,,,,,
279316,1980-12-10,,1981,regular,,final,Fordham,Yale,91,360,85,73,,NEC,Ivy,,,,,,
279317,1980-12-10,,1981,regular,,final,Harvard,Holy Cross,107,111,46,72,,Ivy,Am. East,,,,,,
279318,1980-12-10,,1981,regular,,final,Idaho,San José State,117,260,69,55,,Big Sky,Big West,,,,,,
279319,1980-12-10,,1981,regular,,final,Long Beach State,Santa Clara,145,261,73,72,,Big West,WCC,,,,,,
279320,1980-12-10,,1981,regular,,final,Northern Arizona,San Diego State,206,257,76,68,,Big Sky,UAC,,,,,,
279321,1980-12-10,,1981,regular,,final,New Mexico State,UTEP,192,327,70,58,,MVC,UAC,,,,,,
279322,1980-12-10,,1981,regular,,final,Purdue,Oklahoma,236,217,101,86,,Big Ten,,,,,,,
279323,1980-12-10,,1981,regular,,final,Texas Pan American,West Texas A&M,1535,1440,77,85,,,MVC,,,,,,
279325,1980-12-10,,1981,regular,,final,South Alabama,Tennessee Tech,265,291,67,48,,Sun Belt,OVC,,,,,,
279327,1980-12-11,,1981,regular,,final,BYU,North Texas,18,204,108,92,,UAC,Indep.,,,,,,
279328,1980-12-11,,1981,regular,,final,Indiana,California,121,40,94,58,,Big Ten,Pac-12,,,,,,
279329,1980-12-11,,1981,regular,,final,Iowa State,Creighton,125,61,73,77,,,MVC,,,,,,
279331,1980-12-11,,1981,regular,,final,Davidson,Wisconsin,63,355,67,63,,SoCon,Big Ten,,,,,,
279332,1980-12-11,,1981,regular,,final,Delaware State,Mississippi Valley State,67,175,63,64,,MEAC,SWAC,,,,,,
279333,1980-12-11,,1981,regular,,final,Duke,Virginia,72,339,79,91,,ACC,ACC,,,,,,
279334,1980-12-11,,1981,regular,,final,Michigan State,Eastern Michigan,169,79,73,63,,Big Ten,MAC,,,,,,
279335,1980-12-11,,1981,regular,,final,Tulsa,Georgia,304,98,64,66,,MVC,SEC,,,,,,
279336,1980-12-11,,1981,regular,,final,Hawai'i,McNeese,108,162,107,75,,UAC,Southland,,,,,,
279338,1980-12-11,,1981,regular,,final,Illinois State,Syracuse,119,286,52,64,,Indep.,Big East,,,,,,
279339,1980-12-11,,1981,regular,,final,Iona,St. Francis (PA),123,278,73,72,,NEC,CAA,,,,,,
279342,1980-12-11,,1981,regular,,final,Charlotte,Texas A&M,48,293,64,75,,Sun Belt,,,,,,,
279343,1980-12-11,,1981,regular,,final,Utah,Oklahoma State,331,218,89,73,,UAC,,,,,,,
279344,1980-12-11,,1981,regular,,final,Oral Roberts,Tulane,222,303,96,90,,Horizon,,,,,,,
279346,1980-12-11,,1981,regular,,final,Louisiana,VMI,148,334,80,52,,Southland,SoCon,,,,,,
279348,1980-12-12,,1981,regular,,final,Pittsburgh,UAB,229,305,58,70,,A-10,Sun Belt,,,,,,
279350,1980-12-12,,1981,regular,,final,Lafayette,American University,138,8,77,78,,,,,,,,,
279351,1980-12-12,,1981,regular,,final,App State,Furman,9,93,77,74,,SoCon,SoCon,,,,,,
279352,1980-12-12,,1981,regular,,final,Arkansas,Oklahoma City,12,1476,76,70,,,,,,,,,
279353,1980-12-12,,1981,regular,,final,Memphis,Arkansas State,163,13,77,66,,,Southland,,,,,,
279354,1980-12-12,,1981,regular,,final,New Mexico,Arizona State,191,10,83,86,,UAC,Pac-12,,,,,,
279355,1980-12-12,,1981,regular,,final,Austin Peay,Georgia State,17,100,65,41,,OVC,Sun Belt,,,,,,
279356,1980-12-12,,1981,regular,,final,Ball State,Indiana State,19,122,76,60,,MAC,MVC,,,,,,
279357,1980-12-12,,1981,regular,,final,Indiana,Baylor,121,20,83,47,,Big Ten,,,,,,,
279358,1980-12-12,,1981,regular,,final,Morehead State,Bowling Green,181,28,75,70,,OVC,MAC,,,,,,
279359,1980-12-12,,1981,regular,,final,Baltimore,Rhode Island,375,240,81,86,,CAA,A-10,,,,,,
279360,1980-12-12,,1981,regular,,final,Villanova,Boston College,338,26,74,71,,Big East,Big East,,,,,,
279361,1980-12-12,,1981,regular,,final,Oregon,Boise State,223,25,99,67,,Pac-12,Big Sky,,,,,,
279362,1980-12-12,,1981,regular,,final,Boston University,UConn,27,314,65,72,,Am. East,Big East,,,,,,
279363,1980-12-12,,1981,regular,,final,BYU,Saint Mary's,18,253,95,76,,UAC,WCC,,,,,,
279364,1980-12-12,,1981,regular,,final,NC State,Campbell,185,41,82,56,,ACC,Indep.,,,,,,
279365,1980-12-12,,1981,regular,,final,Canisius,Duquesne,42,73,57,82,,Am. East,A-10,,,,,,
279366,1980-12-12,,1981,regular,,final,Centenary (LA),Nicholls,367,195,86,80,,ASUN,Indep.,,,,,,
279367,1980-12-12,,1981,regular,,final,Temple,Cincinnati,289,51,63,48,,,,,,,,,
279369,1980-12-12,,1981,regular,,final,Tennessee,Colorado,292,56,87,69,,SEC,,,,,,,
279370,1980-12-12,,1981,regular,,final,Iona,Dartmouth,123,62,71,75,,NEC,Ivy,,,,,,
279371,1980-12-12,,1981,regular,,final,Davidson,Texas A&M,63,293,62,76,,SoCon,,,,,,,
279372,1980-12-12,,1981,regular,,final,Dayton,Michigan,64,170,84,85,,Indep.,Big Ten,,,,,,
279373,1980-12-12,,1981,regular,,final,Delaware,La Salle,66,137,59,72,,,,,,,,,
279374,1980-12-12,,1981,regular,,final,Texas,DePaul,295,65,65,83,,,Indep.,,,,,,
279375,1980-12-12,,1981,regular,,final,Toledo,Detroit Mercy,300,69,87,68,,MAC,Horizon,,,,,,
279376,1980-12-12,,1981,regular,,final,Drake,Iowa,70,124,68,90,,MVC,Big Ten,,,,,,
279377,1980-12-12,,1981,regular,,final,West Chester,Drexel,476,71,58,59,,,,,,,,,
279378,1980-12-12,,1981,regular,,final,Penn State,East Carolina,226,74,71,59,,Indep.,Indep.,,,,,,
279379,1980-12-12,,1981,regular,,final,UNC Wilmington,Eastern Kentucky,321,78,57,55,,Indep.,OVC,,,,,,
279380,1980-12-12,,1981,regular,,final,Western Kentucky,Evansville,350,82,68,67,,OVC,Horizon,,,,,,
279381,1980-12-12,,1981,regular,,final,Florida A&M,Texas Southern,85,296,97,96,,MEAC,SWAC,,,,,,
279382,1980-12-12,,1981,regular,,final,Northeastern,Fairleigh Dickinson,205,84,85,72,,Am. East,NEC,,,,,,
279384,1980-12-12,,1981,regular,,final,Grambling,Fordham,103,91,76,64,,SWAC,NEC,,,,,,
279385,1980-12-12,,1981,regular,,final,Cal State Fullerton,San Diego State,37,257,64,70,,Big West,UAC,,,,,,
279387,1980-12-12,,1981,regular,,final,George Washington,Georgetown,96,97,82,84,,A-10,Big East,,,,,,
279388,1980-12-12,,1981,regular,,final,Washington State,Gonzaga,344,102,63,52,,Pac-12,WCC,,,,,,
279389,1980-12-12,,1981,regular,,final,Georgia Southern,Tennessee Tech,99,291,78,80,,ASUN,OVC,,,,,,
279390,1980-12-12,,1981,regular,,final,Harvard,New Hampshire,107,190,80,79,,Ivy,Am. East,,,,,,
279391,1980-12-12,,1981,regular,,final,Hawai'i,McNeese,108,162,71,93,,UAC,Southland,,,,,,
279392,1980-12-12,,1981,regular,,final,Houston,Texas Pan American,113,1535,84,70,,,,,,,,,
279393,1980-12-12,,1981,regular,,final,Mississippi Valley State,Howard,175,114,69,84,,SWAC,MEAC,,,,,,
279394,1980-12-12,,1981,regular,,final,Idaho State,San José State,116,260,58,69,,Big Sky,Big West,,,,,,
279395,1980-12-12,,1981,regular,,final,Marquette,Illinois,157,118,68,69,,Indep.,Big Ten,,,,,,
279396,1980-12-12,,1981,regular,,final,Saint Joseph's,Jacksonville,251,127,45,40,,,Sun Belt,,,,,,
279397,1980-12-12,,1981,regular,,final,James Madison,Rider,129,243,70,52,,CAA,,,,,,,
279398,1980-12-12,,1981,regular,,final,Kentucky,Kansas,135,131,87,73,,SEC,,,,,,,
279399,1980-12-12,,1981,regular,,final,Long Island University,Wagner,146,341,86,112,,NEC,NEC,,,,,,
279401,1980-12-12,,1981,regular,,final,Loyola Chicago,Valparaiso,151,335,87,73,,Horizon,Indep.,,,,,,
279402,1980-12-12,,1981,regular,,final,Louisiana,Louisiana Tech,148,149,69,64,,Southland,Southland,,,,,,
279403,1980-12-12,,1981,regular,,final,Louisville,Maryland,150,160,78,67,,,ACC,,,,,,
279404,1980-12-12,,1981,regular,,final,LSU,UNLV,136,322,87,73,,SEC,Indep.,,,,,,
279405,1980-12-12,,1981,regular,,final,Princeton,Manhattan,234,155,58,49,,Ivy,NEC,,,,,,
279408,1980-12-12,,1981,regular,,final,Missouri,Saint Louis,177,252,76,58,,,,,,,,,
279409,1980-12-12,,1981,regular,,final,Navy,Robert Morris,187,244,71,67,,CAA,CAA,,,,,,
279410,1980-12-12,,1981,regular,,final,Charlotte,Wisconsin,48,355,63,71,,Sun Belt,Big Ten,,,,,,
279411,1980-12-12,,1981,regular,,final,Utah,Nebraska,331,188,57,55,,UAC,MVC,,,,,,
279412,1980-12-12,,1981,regular,,final,Wichita State,UL Monroe,352,316,82,63,,MVC,ASUN,,,,,,
279413,1980-12-12,,1981,regular,,final,Southern Illinois,Northern Illinois,273,208,73,69,,MVC,MAC,,,,,,
279414,1980-12-12,,1981,regular,,final,UTEP,New Mexico State,327,192,65,63,,UAC,MVC,,,,,,
279416,1980-12-12,,1981,regular,,final,VCU,Old Dominion,333,219,65,56,,Sun Belt,CAA,,,,,,
279417,1980-12-12,,1981,regular,,final,Oregon State,Portland,224,230,92,57,,Pac-12,WCC,,,,,,
279418,1980-12-12,,1981,regular,,final,Pacific,Santa Clara,225,261,87,76,,Big West,WCC,,,,,,
279419,1980-12-12,,1981,regular,,final,UCLA,Pepperdine,313,228,81,63,,Pac-12,WCC,,,,,,
279420,1980-12-12,,1981,regular,,final,South Alabama,Prairie View A&M,265,232,101,53,,Sun Belt,SWAC,,,,,,
279421,1980-12-12,,1981,regular,,final,Providence,Purdue,235,236,59,64,,Big East,Big Ten,,,,,,
279422,1980-12-12,,1981,regular,,final,St. John's,Rutgers,279,245,71,70,,Big East,A-10,,,,,,
279423,1980-12-12,,1981,regular,,final,Siena,St. Francis Brooklyn,264,364,59,57,,NEC,NEC,,,,,,
279424,1980-12-12,,1981,regular,,final,Tulsa,Tulane,304,303,102,85,,MVC,,,,,,,
279425,1980-12-12,,1981,regular,,final,Vermont,Towson,337,301,79,76,,Am. East,CAA,,,,,,
279426,1980-12-12,,1981,regular,,final,Stanford,UC Irvine,281,308,98,84,,Pac-12,Big West,,,,,,
279427,1980-12-12,,1981,regular,,final,North Carolina,South Florida,200,271,73,64,,ACC,Sun Belt,,,,,,
279428,1980-12-12,,1981,regular,,final,USC,Wyoming,323,358,59,57,,Pac-12,UAC,,,,,,
279431,1980-12-13,,1981,regular,,final,Portland State,Boise State,231,25,71,65,,Indep.,Big Sky,,,,,,
279432,1980-12-14,,1981,regular,,final,Alabama,Western Carolina,5,348,67,57,,SEC,SoCon,,,,,,
279433,1980-12-14,,1981,regular,,final,Providence,Campbell,235,41,93,64,,Big East,Indep.,,,,,,
279434,1980-12-14,,1981,regular,,final,St. Francis Brooklyn,Drexel,364,71,57,80,,NEC,,,,,,,
279435,1980-12-14,,1981,regular,,final,UCLA,Evansville,313,82,69,62,,Pac-12,Horizon,,,,,,
279436,1980-12-14,,1981,regular,,final,Portland State,Cal State Fullerton,231,37,60,48,,Indep.,Big West,,,,,,
279437,1980-12-14,,1981,regular,,final,Georgia State,Mercer,100,164,61,64,,Sun Belt,ASUN,,,,,,
279438,1980-12-14,,1981,regular,,final,Houston Christian,Nicholls,112,195,71,66,,ASUN,Indep.,,,,,,
279439,1980-12-14,,1981,regular,,final,Indiana State,Illinois State,122,119,88,85,,MVC,Indep.,,,,,,
279440,1980-12-14,,1981,regular,,final,Indiana,Oral Roberts,121,222,65,56,,Big Ten,Horizon,,,,,,
279441,1980-12-14,,1981,regular,,final,Niagara,Kent State,194,134,79,67,,Am. East,MAC,,,,,,
279442,1980-12-14,,1981,regular,,final,Marshall,Morehead State,158,181,98,85,,SoCon,OVC,,,,,,
279444,1980-12-14,,1981,regular,,final,Santa Clara,Nevada,261,189,71,72,,WCC,Big Sky,,,,,,
279445,1980-12-14,,1981,regular,,final,Chattanooga,Tennessee State,49,290,83,62,,SoCon,Indep.,,,,,,
279446,1980-12-15,,1981,regular,,final,Arkansas,Centenary (LA),12,367,78,64,,,ASUN,,,,,,
279447,1980-12-15,,1981,regular,,final,Baylor,UT Arlington,20,324,80,94,,,Southland,,,,,,
279448,1980-12-15,,1981,regular,,final,BYU,Michigan State,18,169,82,50,,UAC,Big Ten,,,,,,
279449,1980-12-15,,1981,regular,,final,North Texas,DePaul,204,65,86,92,,Indep.,Indep.,,,,,,
279450,1980-12-15,,1981,regular,,final,San Francisco,Georgia Southern,259,99,91,70,,WCC,ASUN,,,,,,
279451,1980-12-15,,1981,regular,,final,Houston,Pepperdine,113,228,94,81,,,WCC,,,,,,
279452,1980-12-15,,1981,regular,,final,Jacksonville,South Florida,127,271,65,60,,Sun Belt,Sun Belt,,,,,,
279453,1980-12-15,,1981,regular,,final,Loyola Chicago,Toledo,151,300,76,80,,Horizon,MAC,,,,,,
279454,1980-12-15,,1981,regular,,final,Ohio State,South Alabama,216,265,67,76,,Big Ten,Sun Belt,,,,,,
279455,1980-12-15,,1981,regular,,final,Syracuse,Penn State,286,226,77,63,,Big East,Indep.,,,,,,
279456,1980-12-15,,1981,regular,,final,Utah,Utah State,331,329,99,74,,UAC,Big West,,,,,,
279457,1980-12-16,,1981,regular,,final,American University,George Washington,8,96,96,86,,,A-10,,,,,,
279458,1980-12-16,,1981,regular,,final,NC State,App State,185,9,71,47,,ACC,SoCon,,,,,,
279459,1980-12-16,,1981,regular,,final,Nevada,Arkansas State,189,13,79,61,,Big Sky,Southland,,,,,,
279460,1980-12-16,,1981,regular,,final,Auburn,Florida State,16,90,78,74,,SEC,,,,,,,
279461,1980-12-16,,1981,regular,,final,Nicholls,Austin Peay,195,17,61,62,,Indep.,OVC,,,,,,
279462,1980-12-16,,1981,regular,,final,Bowling Green,Ole Miss,28,220,79,76,,MAC,SEC,,,,,,
279463,1980-12-16,,1981,regular,,final,Cincinnati,Bradley,51,29,76,64,,,MVC,,,,,,
279464,1980-12-16,,1981,regular,,final,Davidson,Chattanooga,63,49,93,84,,SoCon,SoCon,,,,,,
279465,1980-12-16,,1981,regular,,final,East Tennessee State,Tennessee Tech,75,291,78,47,,SoCon,OVC,,,,,,
279466,1980-12-16,,1981,regular,,final,Furman,Western Carolina,93,348,85,81,,SoCon,SoCon,,,,,,
279467,1980-12-16,,1981,regular,,final,Charlotte,Georgia State,48,100,66,64,,Sun Belt,Sun Belt,,,,,,
279469,1980-12-16,,1981,regular,,final,Oklahoma,Lamar,217,139,79,80,,,Southland,,,,,,
279470,1980-12-16,,1981,regular,,final,Manhattan,Long Island University,155,146,62,69,,NEC,NEC,,,,,,
279472,1980-12-16,,1981,regular,,final,Minnesota,Marquette,173,157,84,92,,Big Ten,Indep.,,,,,,
279473,1980-12-17,,1981,regular,,final,Akron,South Alabama,3,265,49,52,,OVC,Sun Belt,,,,,,
279474,1980-12-17,,1981,regular,,final,Little Rock,Northwestern State,144,211,63,71,,ASUN,ASUN,,,,,,
279476,1980-12-17,,1981,regular,,final,Mississippi Valley State,Bethune-Cookman,175,23,82,68,,SWAC,MEAC,,,,,,
279477,1980-12-17,,1981,regular,,final,UT Arlington,Centenary (LA),324,367,81,76,,Southland,ASUN,,,,,,
279478,1980-12-17,,1981,regular,,final,UC Santa Barbara,Saint Mary's,311,253,69,61,,Big West,WCC,,,,,,
279479,1980-12-17,,1981,regular,,final,New Orleans,LSU,193,136,66,96,,Indep.,SEC,,,,,,
279480,1980-12-17,,1981,regular,,final,SE Louisiana,UL Monroe,246,316,62,91,,Indep.,ASUN,,,,,,
279481,1980-12-17,,1981,regular,,final,New Mexico State,Texas Pan American,192,1535,73,77,,MVC,,,,,,,
279482,1980-12-17,,1981,regular,,final,North Texas,Samford,204,256,81,73,,Indep.,ASUN,,,,,,
279483,1980-12-17,,1981,regular,,final,South Florida,Stetson,271,283,73,72,,Sun Belt,Indep.,,,,,,
279484,1980-12-17,,1981,regular,,final,Nevada,Portland,189,230,59,68,,Big Sky,WCC,,,,,,
279487,1980-12-18,,1981,regular,,final,Houston,Army,113,15,88,58,,,NEC,,,,,,
279488,1980-12-18,,1981,regular,,final,Duke,Brown,72,30,91,60,,ACC,Ivy,,,,,,
279490,1980-12-18,,1981,regular,,final,South Carolina,The Citadel,266,299,83,81,,Indep.,SoCon,,,,,,
279492,1980-12-18,,1981,regular,,final,Kent State,Cleveland State,134,53,70,72,,MAC,Indep.,,,,,,
279493,1980-12-18,,1981,regular,,final,Santa Clara,Wake Forest,261,342,68,75,,WCC,ACC,,,,,,
279494,1980-12-18,,1981,regular,,final,Dayton,Niagara,64,194,79,73,,Indep.,Am. East,,,,,,
279498,1980-12-18,,1981,regular,,final,North Carolina A&T,Delaware State,198,67,74,67,,MEAC,MEAC,,,,,,
279505,1980-12-18,,1981,regular,,final,Nicholls,Houston Christian,195,112,66,68,,Indep.,ASUN,,,,,,
279506,1980-12-18,,1981,regular,,final,Tennessee,Iona,292,123,80,54,,SEC,NEC,,,,,,
279511,1980-12-18,,1981,regular,,final,Montana,Maine-Farmington,179,1078,59,58,,Big Sky,,,,,,,
279515,1980-12-18,,1981,regular,,final,Portland State,Northern Iowa,231,209,75,53,,Indep.,Indep.,,,,,,
279517,1980-12-18,,1981,regular,,final,Virginia Tech,Pittsburgh,340,229,72,70,,,A-10,,,,,,
279518,1980-12-18,,1981,regular,,final,Providence,Washington,235,343,51,60,,Big East,Pac-12,,,,,,
279519,1980-12-18,,1981,regular,,final,West Virginia,St. Francis Brooklyn,347,364,63,38,,A-10,NEC,,,,,,
279520,1980-12-18,,1981,regular,,final,San Francisco,UC Irvine,259,308,93,83,,WCC,Big West,,,,,,
279521,1980-12-19,,1981,regular,,final,Kent State,Akron,134,3,73,64,,MAC,OVC,,,,,,
279523,1980-12-19,,1981,regular,,final,Kentucky,UAB,135,305,61,53,,SEC,Sun Belt,,,,,,
279524,1980-12-19,,1981,regular,,final,Toledo,Alcorn State,300,7,68,72,,MAC,SWAC,,,,,,
279525,1980-12-19,,1981,regular,,final,Arkansas,Eastern Kentucky,12,78,80,74,,,OVC,,,,,,
279526,1980-12-19,,1981,regular,,final,Long Island University,Little Rock,146,144,95,77,,NEC,ASUN,,,,,,
279528,1980-12-19,,1981,regular,,final,Arizona State,Ohio State,10,216,71,58,,Pac-12,Big Ten,,,,,,
279529,1980-12-19,,1981,regular,,final,Austin Peay,Auburn,17,16,51,52,,OVC,SEC,,,,,,
279530,1980-12-19,,1981,regular,,final,Oklahoma City,Baylor,1476,20,89,61,,,,,,,,,
279531,1980-12-19,,1981,regular,,final,Baltimore,Robert Morris,375,244,76,81,,CAA,CAA,,,,,,
279532,1980-12-19,,1981,regular,,final,Pacific,Boise State,225,25,81,64,,Big West,Big Sky,,,,,,
279533,1980-12-19,,1981,regular,,final,Bradley,Valparaiso,29,335,100,47,,MVC,Indep.,,,,,,
279535,1980-12-19,,1981,regular,,final,Butler,Saint Louis,34,252,69,61,,Horizon,,,,,,,
279536,1980-12-19,,1981,regular,,final,Tennessee,BYU,292,18,81,65,,SEC,UAC,,,,,,
279537,1980-12-19,,1981,regular,,final,California,Nevada,40,189,78,59,,Pac-12,Big Sky,,,,,,
279538,1980-12-19,,1981,regular,,final,Canisius,Ohio,42,215,59,47,,Am. East,MAC,,,,,,
279539,1980-12-19,,1981,regular,,final,Cincinnati,Holy Cross,51,111,58,69,,,Am. East,,,,,,
279541,1980-12-19,,1981,regular,,final,Marquette,Clemson,157,52,68,67,,Indep.,ACC,,,,,,
279542,1980-12-19,,1981,regular,,final,Colorado State,Colorado,57,56,69,91,,UAC,,,,,,,
279543,1980-12-19,,1981,regular,,final,Penn State (Beaver),Davidson,1353,63,92,60,,,SoCon,,,,,,
279544,1980-12-19,,1981,regular,,final,Dayton,Ole Miss,64,220,72,70,,Indep.,SEC,,,,,,
279547,1980-12-19,,1981,regular,,final,Drake,Georgetown,70,97,73,57,,MVC,Big East,,,,,,
279548,1980-12-19,,1981,regular,,final,Duke,Detroit Mercy,72,69,111,71,,ACC,Horizon,,,,,,
279549,1980-12-19,,1981,regular,,final,San Francisco,Duquesne,259,73,91,83,,WCC,A-10,,,,,,
279550,1980-12-19,,1981,regular,,final,West Virginia,East Tennessee State,347,75,76,65,,A-10,SoCon,,,,,,
279551,1980-12-19,,1981,regular,,final,Jackson State,Florida A&M,126,85,89,73,,SWAC,MEAC,,,,,,
279552,1980-12-19,,1981,regular,,final,Fairleigh Dickinson,St. Francis (PA),84,278,74,93,,NEC,CAA,,,,,,
279553,1980-12-19,,1981,regular,,final,Saint Peter's,Fordham,254,91,34,47,,NEC,NEC,,,,,,
279554,1980-12-19,,1981,regular,,final,Fresno State,Mississippi State,92,174,58,45,,Big West,SEC,,,,,,
279557,1980-12-19,,1981,regular,,final,South Carolina,Furman,266,93,62,53,,Indep.,SoCon,,,,,,
279558,1980-12-19,,1981,regular,,final,VCU,Georgia State,333,100,81,69,,Sun Belt,Sun Belt,,,,,,
279559,1980-12-19,,1981,regular,,final,George Washington,St. Bonaventure,96,277,62,60,,A-10,A-10,,,,,,
279560,1980-12-19,,1981,regular,,final,Montana,Gonzaga,179,102,57,59,,Big Sky,WCC,,,,,,
279561,1980-12-19,,1981,regular,,final,Wagner,Hofstra,341,110,88,79,,NEC,,,,,,,
279562,1980-12-19,,1981,regular,,final,Houston,Wyoming,113,358,70,61,,,UAC,,,,,,
279563,1980-12-19,,1981,regular,,final,North Carolina A&T,Howard,198,114,85,72,,MEAC,MEAC,,,,,,
279565,1980-12-19,,1981,regular,,final,North Carolina,Indiana,200,121,65,56,,ACC,Big Ten,,,,,,
279566,1980-12-19,,1981,regular,,final,Indiana State,Pepperdine,122,228,83,73,,MVC,WCC,,,,,,
279567,1980-12-19,,1981,regular,,final,Iowa,Iowa State,124,125,85,59,,Big Ten,,,,,,,
279570,1980-12-19,,1981,regular,,final,Kansas,USC,131,323,91,68,,,Pac-12,,,,,,
279574,1980-12-19,,1981,regular,,final,Portland State,Louisiana Tech,231,149,50,63,,Indep.,Southland,,,,,,
279575,1980-12-19,,1981,regular,,final,Louisville,Utah,150,331,59,78,,,UAC,,,,,,
279576,1980-12-19,,1981,regular,,final,Tulane,LSU,303,136,72,86,,,SEC,,,,,,
279578,1980-12-19,,1981,regular,,final,Manhattan,Seton Hall,155,263,63,55,,NEC,Big East,,,,,,
279579,1980-12-19,,1981,regular,,final,Maryland,NC State,160,185,82,75,,ACC,ACC,,,,,,
279580,1980-12-19,,1981,regular,,final,Weber State,McNeese,345,162,78,63,,Big Sky,Southland,,,,,,
279581,1980-12-19,,1981,regular,,final,Michigan,Western Michigan,170,351,102,73,,Big Ten,MAC,,,,,,
279582,1980-12-19,,1981,regular,,final,Southern Illinois,Morehead State,273,181,84,80,,MVC,OVC,,,,,,
279585,1980-12-19,,1981,regular,,final,Providence,Michigan State,235,169,76,77,,Big East,Big Ten,,,,,,
279586,1980-12-19,,1981,regular,,final,San José State,Northern Arizona,260,206,64,51,,Big West,Big Sky,,,,,,
279587,1980-12-19,,1981,regular,,final,New Mexico State,New Mexico,192,191,73,69,,MVC,UAC,,,,,,
279588,1980-12-19,,1981,regular,,final,New Orleans,SE Louisiana,193,246,52,50,,Indep.,Indep.,,,,,,
279589,1980-12-19,,1981,regular,,final,Texas,North Texas,295,204,103,82,,,Indep.,,,,,,
279590,1980-12-19,,1981,regular,,final,Tulsa,Oklahoma State,304,218,88,86,,MVC,,,,,,,
279591,1980-12-19,,1981,regular,,final,Santa Clara,Old Dominion,261,219,71,72,,WCC,CAA,,,,,,
279592,1980-12-19,,1981,regular,,final,Oral Roberts,Wichita State,222,352,61,83,,Horizon,MVC,,,,,,
279593,1980-12-19,,1981,regular,,final,Rutgers,Penn State,245,226,76,78,,A-10,Indep.,,,,,,
279594,1980-12-19,,1981,regular,,final,SMU,UT Arlington,248,324,56,78,,,Southland,,,,,,
279595,1980-12-19,,1981,regular,,final,Stanford,Saint Mary's,281,253,66,73,,Pac-12,WCC,,,,,,
279596,1980-12-19,,1981,regular,,final,Virginia Tech,Texas A&M,340,293,52,55,,,,,,,,,
279600,1980-12-20,,1981,regular,,final,Princeton,Colgate,234,55,75,42,,Ivy,Am. East,,,,,,
279603,1980-12-21,,1981,regular,,final,Northern Iowa,Arkansas State,209,13,63,58,,Indep.,Southland,,,,,,
279604,1980-12-21,,1981,regular,,final,Evansville,Austin Peay,82,17,79,62,,Horizon,OVC,,,,,,
279605,1980-12-21,,1981,regular,,final,Bradley,Ball State,29,19,106,73,,MVC,MAC,,,,,,
279606,1980-12-21,,1981,regular,,final,Colorado,Baylor,56,20,78,72,,,,,,,,,
279607,1980-12-21,,1981,regular,,final,Virginia,Baltimore,339,375,103,62,,ACC,CAA,,,,,,
279608,1980-12-21,,1981,regular,,final,Missouri,Brown,177,30,83,61,,,Ivy,,,,,,
279609,1980-12-21,,1981,regular,,final,Indiana State,Butler,122,34,77,69,,MVC,Horizon,,,,,,
279610,1980-12-21,,1981,regular,,final,Creighton,Canisius,61,42,72,52,,MVC,Am. East,,,,,,
279611,1980-12-21,,1981,regular,,final,VCU,Cincinnati,333,51,78,58,,Sun Belt,,,,,,,
279612,1980-12-21,,1981,regular,,final,Nebraska,Colorado State,188,57,54,48,,MVC,UAC,,,,,,
279613,1980-12-21,,1981,regular,,final,Holy Cross,Davidson,111,63,96,79,,Am. East,SoCon,,,,,,
279614,1980-12-21,,1981,regular,,final,Detroit Mercy,New Orleans,69,193,69,80,,Horizon,Indep.,,,,,,
279615,1980-12-21,,1981,regular,,final,Duke,Penn State (Beaver),72,1353,88,82,,ACC,,,,,,,
279616,1980-12-21,,1981,regular,,final,San José State,Duquesne,260,73,82,60,,Big West,A-10,,,,,,
279617,1980-12-21,,1981,regular,,final,Seton Hall,Fairfield,263,83,63,65,,Big East,NEC,,,,,,
279618,1980-12-21,,1981,regular,,final,Georgia State,Middle Tennessee,100,171,58,74,,Sun Belt,OVC,,,,,,
279619,1980-12-21,,1981,regular,,final,Illinois State,Pepperdine,119,228,74,64,,Indep.,WCC,,,,,,
279620,1980-12-21,,1981,regular,,final,SMU,Kansas,248,131,62,73,,,,,,,,,
279621,1980-12-21,,1981,regular,,final,Louisville,Minnesota,150,173,56,62,,,Big Ten,,,,,,
279622,1980-12-21,,1981,regular,,final,LSU,Xavier,136,359,78,62,,SEC,Horizon,,,,,,
279623,1980-12-21,,1981,regular,,final,Ohio,Marshall,215,158,59,65,,MAC,SoCon,,,,,,
279624,1980-12-21,,1981,regular,,final,San Diego,Northern Arizona,258,206,75,52,,WCC,Big Sky,,,,,,
279625,1980-12-21,,1981,regular,,final,Santa Clara,New Mexico State,261,192,81,78,,WCC,MVC,,,,,,
279626,1980-12-21,,1981,regular,,final,Notre Dame,Valparaiso,213,335,69,56,,Indep.,Indep.,,,,,,
279627,1980-12-21,,1981,regular,,final,Portland,Stanford,230,281,82,69,,WCC,Pac-12,,,,,,
279628,1980-12-21,,1981,regular,,final,Tulsa,Purdue,304,236,90,76,,MVC,Big Ten,,,,,,
279630,1980-12-21,,1981,regular,,final,Wisconsin,Texas Southern,355,296,58,49,,Big Ten,SWAC,,,,,,
279631,1980-12-21,,1981,regular,,final,North Carolina,Rutgers,200,245,71,64,,ACC,A-10,,,,,,
279632,1980-12-21,,1981,regular,,final,UNLV,Oklahoma City,322,1476,86,76,,Indep.,,,,,,,
279633,1980-12-22,,1981,regular,,final,Iowa State,UAB,125,305,71,70,,,Sun Belt,,,,,,
279634,1980-12-22,,1981,regular,,final,Siena,Little Rock,264,144,66,56,,NEC,ASUN,,,,,,
279635,1980-12-22,,1981,regular,,final,Weber State,BYU,345,18,78,85,,Big Sky,UAC,,,,,,
279636,1980-12-22,,1981,regular,,final,San Diego,Centenary (LA),258,367,71,79,,WCC,ASUN,,,,,,
279637,1980-12-22,,1981,regular,,final,Cleveland State,Loyola Chicago,53,151,77,78,,Indep.,Horizon,,,,,,
279638,1980-12-22,,1981,regular,,final,UC Santa Barbara,Northern Arizona,311,206,49,50,,Big West,Big Sky,,,,,,
279639,1980-12-22,,1981,regular,,final,USC,Drexel,323,71,82,53,,Pac-12,,,,,,,
279640,1980-12-22,,1981,regular,,final,Florida A&M,Grambling,85,103,96,77,,MEAC,SWAC,,,,,,
279641,1980-12-22,,1981,regular,,final,St. John's,Fairleigh Dickinson,279,84,82,67,,Big East,NEC,,,,,,
279642,1980-12-22,,1981,regular,,final,Georgia,Ole Miss,98,220,70,62,,SEC,SEC,,,,,,
279643,1980-12-22,,1981,regular,,final,Georgia Tech,Maryland,101,160,55,66,,ACC,ACC,,,,,,
279644,1980-12-22,,1981,regular,,final,Georgetown,Texas Southern,97,296,80,61,,Big East,SWAC,,,,,,
279645,1980-12-22,,1981,regular,,final,Nevada,Houston,189,113,71,86,,Big Sky,,,,,,,
279646,1980-12-22,,1981,regular,,final,Saint Mary's,Idaho State,253,116,58,73,,WCC,Big Sky,,,,,,
279647,1980-12-22,,1981,regular,,final,Kansas State,Indiana,132,121,44,51,,,Big Ten,,,,,,
279648,1980-12-22,,1981,regular,,final,Jackson State,Prairie View A&M,126,232,121,69,,SWAC,SWAC,,,,,,
279649,1980-12-22,,1981,regular,,final,Pittsburgh,Massachusetts,229,161,85,65,,A-10,A-10,,,,,,
279650,1980-12-22,,1981,regular,,final,Vanderbilt,Memphis,336,163,111,96,,SEC,,,,,,,
279651,1980-12-22,,1981,regular,,final,Nebraska,Montana,188,179,69,46,,MVC,Big Sky,,,,,,
279652,1980-12-22,,1981,regular,,final,Marquette,Western Michigan,157,351,79,74,,Indep.,MAC,,,,,,
279653,1980-12-22,,1981,regular,,final,San Francisco,New Mexico State,259,192,93,78,,WCC,MVC,,,,,,
279655,1980-12-22,,1981,regular,,final,Ohio State,Princeton,216,234,72,46,,Big Ten,Ivy,,,,,,
279656,1980-12-22,,1981,regular,,final,Texas Pan American,Wichita State,1535,352,83,82,,,MVC,,,,,,
279657,1980-12-22,,1981,regular,,final,South Carolina,Texas,266,295,74,70,,Indep.,,,,,,,
279658,1980-12-22,,1981,regular,,final,UNLV,West Texas A&M,322,1440,95,80,,Indep.,MVC,,,,,,
279659,1980-12-25,,1981,regular,,final,Arizona,UC Santa Barbara,11,311,87,58,,Pac-12,Big West,,,,,,
279666,1980-12-25,,1981,regular,,final,Illinois,Ohio,118,215,84,54,,Big Ten,MAC,,,,,,
279669,1980-12-25,,1981,regular,,final,Minnesota,Yale,173,360,95,56,,Big Ten,Ivy,,,,,,
279675,1980-12-25,,1981,regular,,final,UNLV,New Mexico,322,191,87,75,,Indep.,UAC,,,,,,
279676,1980-12-26,,1981,regular,,final,Vanderbilt,Alabama,336,5,93,91,,SEC,SEC,,,,,,
279678,1980-12-26,,1981,regular,,final,Arizona,Lamar,11,139,61,63,,Pac-12,Southland,,,,,,
279680,1980-12-26,,1981,regular,,final,Ball State,Nebraska,19,188,67,62,,MAC,MVC,,,,,,
279682,1980-12-26,,1981,regular,,final,Brown,Providence,30,235,64,71,,Ivy,Big East,,,,,,
279683,1980-12-26,,1981,regular,,final,BYU,Utah State,18,329,104,89,,UAC,Big West,,,,,,
279686,1980-12-26,,1981,regular,,final,Dayton,Toledo,64,300,73,69,,Indep.,MAC,,,,,,
279687,1980-12-26,,1981,regular,,final,DePaul,UCLA,65,313,93,77,,Indep.,Pac-12,,,,,,
279688,1980-12-26,,1981,regular,,final,Detroit Mercy,Lafayette,69,138,67,61,,Horizon,,,,,,,
279692,1980-12-26,,1981,regular,,final,Jacksonville,Georgia Tech,127,101,64,41,,Sun Belt,ACC,,,,,,
279693,1980-12-26,,1981,regular,,final,Hawai'i,Loyola Marymount,108,153,102,79,,UAC,WCC,,,,,,
279694,1980-12-26,,1981,regular,,final,Oklahoma City,Idaho,1476,117,61,74,,,Big Sky,,,,,,
279695,1980-12-26,,1981,regular,,final,Illinois,Oklahoma,118,217,93,63,,Big Ten,,,,,,,
279698,1980-12-26,,1981,regular,,final,Kentucky,Notre Dame,135,213,61,67,,SEC,Indep.,,,,,,
279699,1980-12-26,,1981,regular,,final,Long Beach State,San Diego State,145,257,68,71,,Big West,UAC,,,,,,
279701,1980-12-26,,1981,regular,,final,Minnesota,Texas Tech,173,298,72,56,,Big Ten,,,,,,,
279703,1980-12-26,,1981,regular,,final,Michigan State,Saint Joseph's,169,251,71,67,,Big Ten,,,,,,,
279708,1980-12-26,,1981,regular,,final,Portland,Pacific,230,225,73,66,,WCC,Big West,,,,,,
279709,1980-12-26,,1981,regular,,final,Stanford,San Diego,281,258,70,79,,Pac-12,WCC,,,,,,
279714,1980-12-27,,1981,regular,,final,Cornell,Hofstra,60,110,63,61,,Ivy,,,,,,,
279715,1980-12-27,,1981,regular,,final,South Florida,Creighton,271,61,77,62,,Sun Belt,MVC,,,,,,
279717,1980-12-27,,1981,regular,,final,New Orleans,Duke,193,72,63,77,,Indep.,ACC,,,,,,
279719,1980-12-27,,1981,regular,,final,Hawai'i,Texas Pan American,108,1535,79,75,,UAC,,,,,,,
279724,1980-12-27,,1981,regular,,final,UTEP,Miami (OH),327,167,62,56,,UAC,MAC,,,,,,
279730,1980-12-28,,1981,regular,,final,Evansville,Akron,82,3,71,51,,Horizon,OVC,,,,,,
279731,1980-12-28,,1981,regular,,final,UAB,Rice,305,241,78,60,,Sun Belt,,,,,,,
279738,1980-12-28,,1981,regular,,final,Bradley,Loyola Chicago,29,151,91,79,,MVC,Horizon,,,,,,
279739,1980-12-28,,1981,regular,,final,Fairfield,Brown,83,30,71,57,,NEC,Ivy,,,,,,
279740,1980-12-28,,1981,regular,,final,California,San Diego,40,258,60,56,,Pac-12,WCC,,,,,,
279742,1980-12-28,,1981,regular,,final,Hawai'i,Clemson,108,52,71,75,,UAC,ACC,,,,,,
279743,1980-12-28,,1981,regular,,final,Syracuse,Colgate,286,55,100,84,,Big East,Am. East,,,,,,
279744,1980-12-28,,1981,regular,,final,Toledo,Columbia,300,58,60,54,,MAC,Ivy,,,,,,
279749,1980-12-28,,1981,regular,,final,Northern Illinois,Fresno State,208,92,59,71,,MAC,Big West,,,,,,
279750,1980-12-28,,1981,regular,,final,South Florida,Furman,271,93,76,48,,Sun Belt,SoCon,,,,,,
279751,1980-12-28,,1981,regular,,final,Chattanooga,Georgia Southern,49,99,75,57,,SoCon,ASUN,,,,,,
279752,1980-12-28,,1981,regular,,final,Texas,Harvard,295,107,91,68,,,Ivy,,,,,,
279753,1980-12-28,,1981,regular,,final,UNLV,Holy Cross,322,111,92,75,,Indep.,Am. East,,,,,,
279756,1980-12-28,,1981,regular,,final,Oklahoma City,Kent State,1476,134,101,89,,,MAC,,,,,,
279757,1980-12-28,,1981,regular,,final,San Diego State,La Salle,257,137,93,67,,UAC,,,,,,,
279761,1980-12-28,,1981,regular,,final,LSU,UNC Wilmington,136,321,100,68,,SEC,Indep.,,,,,,
279763,1980-12-28,,1981,regular,,final,USC,Minnesota,323,173,67,74,,Pac-12,Big Ten,,,,,,
279765,1980-12-28,,1981,regular,,final,Maryland,Marshall,160,158,114,89,,ACC,SoCon,,,,,,
279767,1980-12-28,,1981,regular,,final,South Alabama,Navy,265,187,65,47,,Sun Belt,CAA,,,,,,
279768,1980-12-28,,1981,regular,,final,New Mexico,TCU,191,287,76,69,,UAC,,,,,,,
279769,1980-12-28,,1981,regular,,final,UL Monroe,Nicholls,316,195,79,67,,ASUN,Indep.,,,,,,
279771,1980-12-28,,1981,regular,,final,Richmond,Old Dominion,242,219,64,71,,CAA,CAA,,,,,,
279772,1980-12-28,,1981,regular,,final,Portland State,Pacific,231,225,71,81,,Indep.,Big West,,,,,,
279776,1980-12-28,,1981,regular,,final,Vanderbilt,Tennessee Tech,336,291,97,64,,SEC,OVC,,,,,,
279778,1980-12-28,,1981,regular,,final,UTEP,Villanova,327,338,41,43,,UAC,Big East,,,,,,
279779,1980-12-28,,1981,regular,,final,VCU,Virginia Tech,333,340,57,51,,Sun Belt,,,,,,,
279780,1980-12-29,,1981,regular,,final,Toledo,Air Force,300,2,70,55,,MAC,UAC,,,,,,
279782,1980-12-29,,1981,regular,,final,UAB,Southern Miss,305,275,60,55,,Sun Belt,Indep.,,,,,,
279785,1980-12-29,,1981,regular,,final,New Orleans,Arizona State,193,10,63,75,,Indep.,Pac-12,,,,,,
279788,1980-12-29,,1981,regular,,final,Grambling,Bethune-Cookman,103,23,89,72,,SWAC,MEAC,,,,,,
279790,1980-12-29,,1981,regular,,final,Vanderbilt,Boston College,336,26,72,87,,SEC,Big East,,,,,,
279791,1980-12-29,,1981,regular,,final,New Mexico,Boston University,191,27,107,87,,UAC,Am. East,,,,,,
279794,1980-12-29,,1981,regular,,final,Cincinnati,Dayton,51,64,80,77,,,Indep.,,,,,,
279795,1980-12-29,,1981,regular,,final,UConn,Western Kentucky,314,350,84,58,,Big East,OVC,,,,,,
279797,1980-12-29,,1981,regular,,final,Davidson,Wake Forest,63,342,70,83,,SoCon,ACC,,,,,,
279798,1980-12-29,,1981,regular,,final,San Diego State,DePaul,257,65,69,85,,UAC,Indep.,,,,,,
279799,1980-12-29,,1981,regular,,final,Detroit Mercy,Michigan,69,170,68,85,,Horizon,Big Ten,,,,,,
279801,1980-12-29,,1981,regular,,final,Florida,East Tennessee State,87,75,72,54,,SEC,SoCon,,,,,,
279802,1980-12-29,,1981,regular,,final,Evansville,Pepperdine,82,228,86,77,,Horizon,WCC,,,,,,
279804,1980-12-29,,1981,regular,,final,Fairfield,Iowa State,83,125,46,47,,NEC,,,,,,,
279806,1980-12-29,,1981,regular,,final,George Washington,George Mason,96,95,80,69,,A-10,CAA,,,,,,
279807,1980-12-29,,1981,regular,,final,Georgia,Georgia Tech,98,101,65,51,,SEC,ACC,,,,,,
279811,1980-12-29,,1981,regular,,final,Hofstra,St. Francis Brooklyn,110,364,62,52,,,NEC,,,,,,
279813,1980-12-29,,1981,regular,,final,Idaho State,Utah State,116,329,74,69,,Big Sky,Big West,,,,,,
279814,1980-12-29,,1981,regular,,final,Iowa,Northern Iowa,124,209,86,52,,Big Ten,Indep.,,,,,,
279815,1980-12-29,,1981,regular,,final,James Madison,Virginia,129,339,52,53,,CAA,ACC,,,,,,
279816,1980-12-29,,1981,regular,,final,Kentucky,Maine-Farmington,135,1078,100,54,,SEC,,,,,,,
279817,1980-12-29,,1981,regular,,final,USC,Louisville,323,150,50,79,,Pac-12,,,,,,,
279818,1980-12-29,,1981,regular,,final,LSU,St. Francis (PA),136,278,91,65,,SEC,CAA,,,,,,
279819,1980-12-29,,1981,regular,,final,Maryland,Saint Joseph's,160,251,74,57,,ACC,,,,,,,
279820,1980-12-29,,1981,regular,,final,Middle Tennessee,Tennessee State,171,290,69,59,,OVC,Indep.,,,,,,
279821,1980-12-29,,1981,regular,,final,Ole Miss,Memphis,220,163,64,69,,SEC,,,,,,,
279822,1980-12-29,,1981,regular,,final,Chattanooga,Mercer,49,164,60,58,,SoCon,ASUN,,,,,,
279824,1980-12-29,,1981,regular,,final,UNLV,Mississippi State,322,174,75,67,,Indep.,SEC,,,,,,
279827,1980-12-29,,1981,regular,,final,Ohio State,West Virginia,216,347,70,67,,Big Ten,A-10,,,,,,
279828,1980-12-29,,1981,regular,,final,Pittsburgh,Robert Morris,229,244,71,63,,A-10,CAA,,,,,,
279832,1980-12-29,,1981,regular,,final,Valparaiso,Southern Illinois,335,273,59,60,,Indep.,MVC,,,,,,
279833,1980-12-29,,1981,regular,,final,Seton Hall,Saint Peter's,263,254,40,31,,Big East,NEC,,,,,,
279836,1980-12-30,,1981,regular,,final,Bethune-Cookman,Mississippi Valley State,23,175,90,82,,MEAC,SWAC,,,,,,
279837,1980-12-30,,1981,regular,,final,Wisconsin,Central Michigan,355,45,69,62,,Big Ten,MAC,,,,,,
279838,1980-12-30,,1981,regular,,final,Kansas State,Fresno State,132,92,47,39,,,Big West,,,,,,
279839,1981-01-01,,1981,regular,,final,Air Force,BYU,2,18,65,77,,UAC,UAC,,,,,,
279842,1981-01-01,,1981,regular,,final,Old Dominion,Columbia,219,58,92,58,,CAA,Ivy,,,,,,
279843,1981-01-01,,1981,regular,,final,Cornell,Niagara,60,194,66,72,,Ivy,Am. East,,,,,,
279844,1981-01-01,,1981,regular,,final,UC Santa Barbara,Portland State,311,231,90,79,,Big West,Indep.,,,,,,
279845,1981-01-01,,1981,regular,,final,Hawai'i,Colorado State,108,57,76,63,,UAC,UAC,,,,,,
279846,1981-01-01,,1981,regular,,final,Maine-Farmington,Eastern Kentucky,1078,78,82,74,,,OVC,,,,,,
279847,1981-01-01,,1981,regular,,final,Fairfield,Rider,83,243,76,75,,NEC,,,,,,,
279848,1981-01-01,,1981,regular,,final,Chattanooga,Furman,49,93,81,72,,SoCon,SoCon,,,,,,
279849,1981-01-01,,1981,regular,,final,South Alabama,Mississippi Valley State,265,175,98,67,,Sun Belt,SWAC,,,,,,
279851,1981-01-01,,1981,regular,,final,San Diego State,Wyoming,257,358,51,69,,UAC,UAC,,,,,,
279852,1981-01-01,,1981,regular,,final,Siena,Colgate,264,55,80,77,,NEC,Am. East,,,,,,
279853,1981-01-01,,1981,regular,,final,UNLV,Utah,322,331,75,76,,Indep.,UAC,,,,,,
279854,1981-01-02,,1981,regular,,final,Air Force,Utah,2,331,60,74,,UAC,UAC,,,,,,
279855,1981-01-02,,1981,regular,,final,Cleveland State,Akron,53,3,81,65,,Indep.,OVC,,,,,,
279856,1981-01-02,,1981,regular,,final,Alabama,Tennessee,5,292,69,70,,SEC,SEC,,,,,,
279857,1981-01-02,,1981,regular,,final,UAB,Jacksonville,305,127,73,55,,Sun Belt,Sun Belt,,,,,,
279858,1981-01-02,,1981,regular,,final,Jackson State,Alcorn State,126,7,70,73,,SWAC,SWAC,,,,,,
279859,1981-01-02,,1981,regular,,final,Old Dominion,American University,219,8,75,79,,CAA,,,,,,,
279860,1981-01-02,,1981,regular,,final,Arizona,Oregon,11,223,73,70,,Pac-12,Pac-12,,,,,,
279861,1981-01-02,,1981,regular,,final,SMU,Arkansas,248,12,50,92,,,,,,,,,
279862,1981-01-02,,1981,regular,,final,Samford,Arkansas State,256,13,62,48,,ASUN,Southland,,,,,,
279863,1981-01-02,,1981,regular,,final,Oregon State,Arizona State,224,10,71,67,,Pac-12,Pac-12,,,,,,
279864,1981-01-02,,1981,regular,,final,Ole Miss,Auburn,220,16,46,45,,SEC,SEC,,,,,,
279865,1981-01-02,,1981,regular,,final,Austin Peay,Tennessee Tech,17,291,67,64,,OVC,OVC,,,,,,
279866,1981-01-02,,1981,regular,,final,Ohio State,Bowling Green,216,28,88,70,,Big Ten,MAC,,,,,,
279867,1981-01-02,,1981,regular,,final,Central Michigan,Baltimore,45,375,75,62,,MAC,CAA,,,,,,
279868,1981-01-02,,1981,regular,,final,Providence,Boston College,235,26,71,98,,Big East,Big East,,,,,,
279869,1981-01-02,,1981,regular,,final,St. Francis Brooklyn,Boston University,364,27,64,73,,NEC,Am. East,,,,,,
279870,1981-01-02,,1981,regular,,final,Bradley,Indiana State,29,122,95,80,,MVC,MVC,,,,,,
279872,1981-01-02,,1981,regular,,final,UNLV,BYU,322,18,90,92,,Indep.,UAC,,,,,,
279873,1981-01-02,,1981,regular,,final,California,Stanford,40,281,58,56,,Pac-12,Pac-12,,,,,,
279874,1981-01-02,,1981,regular,,final,East Carolina,Campbell,74,41,75,65,,Indep.,Indep.,,,,,,
279875,1981-01-02,,1981,regular,,final,Canisius,Syracuse,42,286,72,88,,Am. East,Big East,,,,,,
279876,1981-01-02,,1981,regular,,final,Drexel,Catholic,71,1279,64,57,,,,,,,,,
279877,1981-01-02,,1981,regular,,final,Clemson,NC State,52,185,76,68,,ACC,ACC,,,,,,
279879,1981-01-02,,1981,regular,,final,Colorado,Long Beach State,56,145,56,46,,,Big West,,,,,,
279880,1981-01-02,,1981,regular,,final,Rhode Island,UConn,240,314,69,74,,A-10,Big East,,,,,,
279881,1981-01-02,,1981,regular,,final,Creighton,Tulsa,61,304,97,86,,MVC,MVC,,,,,,
279882,1981-01-02,,1981,regular,,final,Dayton,Yale,64,360,79,69,,Indep.,Ivy,,,,,,
279883,1981-01-02,,1981,regular,,final,DePaul,Furman,65,93,78,65,,Indep.,SoCon,,,,,,
279884,1981-01-02,,1981,regular,,final,Detroit Mercy,Loyola Chicago,69,151,80,82,,Horizon,Horizon,,,,,,
279885,1981-01-02,,1981,regular,,final,Siena,Eastern Michigan,264,79,63,61,,NEC,MAC,,,,,,
279886,1981-01-02,,1981,regular,,final,East Tennessee State,South Carolina,75,266,68,72,,SoCon,Indep.,,,,,,
279888,1981-01-02,,1981,regular,,final,Fairleigh Dickinson,Manhattan,84,155,82,71,,NEC,NEC,,,,,,
279889,1981-01-02,,1981,regular,,final,Florida,LSU,87,136,66,92,,SEC,SEC,,,,,,
279890,1981-01-02,,1981,regular,,final,Fairfield,Northeastern,83,205,69,79,,NEC,Am. East,,,,,,
279891,1981-01-02,,1981,regular,,final,Florida State,Memphis,90,163,84,66,,,,,,,,,
279892,1981-01-02,,1981,regular,,final,George Mason,James Madison,95,129,37,54,,CAA,CAA,,,,,,
279893,1981-01-02,,1981,regular,,final,Kentucky,Georgia,135,98,76,62,,SEC,SEC,,,,,,
279894,1981-01-02,,1981,regular,,final,UL Monroe,Georgia State,316,100,76,66,,ASUN,Sun Belt,,,,,,
279895,1981-01-02,,1981,regular,,final,Wake Forest,Georgia Tech,342,101,87,61,,ACC,ACC,,,,,,
279896,1981-01-02,,1981,regular,,final,Georgetown,Penn State (Beaver),97,1353,58,60,,Big East,,,,,,,
279897,1981-01-02,,1981,regular,,final,Nicholls,Hardin-Simmons,195,772,73,66,,Indep.,,,,,,,
279898,1981-01-02,,1981,regular,,final,Rice,Houston,241,113,57,62,,,,,,,,,
279899,1981-01-02,,1981,regular,,final,Northern Illinois,Illinois State,208,119,62,50,,MAC,Indep.,,,,,,
279900,1981-01-02,,1981,regular,,final,Wichita State,Iona,352,123,77,46,,MVC,NEC,,,,,,
279901,1981-01-02,,1981,regular,,final,Kansas,North Carolina,131,200,56,55,,,ACC,,,,,,
279902,1981-01-02,,1981,regular,,final,Kansas State,Louisville,132,150,64,47,,,,,,,,,
279903,1981-01-02,,1981,regular,,final,La Salle,Lafayette,137,138,69,60,,,,,,,,,
279904,1981-01-02,,1981,regular,,final,Maryland,William & Mary,160,353,69,64,,ACC,CAA,,,,,,
279905,1981-01-02,,1981,regular,,final,Massachusetts,West Virginia,161,347,71,85,,A-10,A-10,,,,,,
279906,1981-01-02,,1981,regular,,final,Middle Tennessee,Morehead State,171,181,64,57,,OVC,OVC,,,,,,
279907,1981-01-02,,1981,regular,,final,Marshall,VMI,158,334,90,81,,SoCon,SoCon,,,,,,
279908,1981-01-02,,1981,regular,,final,Oral Roberts,Missouri,222,177,74,83,,Horizon,,,,,,,
279909,1981-01-02,,1981,regular,,final,Vanderbilt,Mississippi State,336,174,79,61,,SEC,SEC,,,,,,
279910,1981-01-02,,1981,regular,,final,Murray State,SE Louisiana,184,246,69,60,,OVC,Indep.,,,,,,
279911,1981-01-02,,1981,regular,,final,Northern Arizona,Saint Mary's,206,253,74,75,,Big Sky,WCC,,,,,,
279912,1981-01-02,,1981,regular,,final,South Florida,Charlotte,271,48,79,74,,Sun Belt,Sun Belt,,,,,,
279913,1981-01-02,,1981,regular,,final,Tennessee State,North Carolina A&T,290,198,59,61,,Indep.,MEAC,,,,,,
279914,1981-01-02,,1981,regular,,final,New Mexico,UTEP,191,327,62,70,,UAC,UAC,,,,,,
279915,1981-01-02,,1981,regular,,final,New Orleans,Valparaiso,193,335,58,60,,Indep.,Indep.,,,,,,
279916,1981-01-02,,1981,regular,,final,Southern Illinois,New Mexico State,273,192,54,56,,MVC,MVC,,,,,,
279917,1981-01-02,,1981,regular,,final,Oklahoma City,Oklahoma State,1476,218,93,100,,,,,,,,,
279918,1981-01-02,,1981,regular,,final,Pittsburgh,St. Bonaventure,229,277,65,61,,A-10,A-10,,,,,,
279919,1981-01-02,,1981,regular,,final,Princeton,Seton Hall,234,263,51,53,,Ivy,Big East,,,,,,
279921,1981-01-02,,1981,regular,,final,Saint Joseph's,St. Francis (PA),251,278,92,72,,,CAA,,,,,,
279922,1981-01-02,,1981,regular,,final,Texas Southern,Southern,296,274,93,83,,SWAC,SWAC,,,,,,
279923,1981-01-02,,1981,regular,,final,Villanova,St. John's,338,279,78,90,,Big East,Big East,,,,,,
279925,1981-01-02,,1981,regular,,final,Texas Tech,Texas,298,295,89,79,,,,,,,,,
279926,1981-01-02,,1981,regular,,final,UC Irvine,Portland State,308,231,90,64,,Big West,Indep.,,,,,,
279927,1981-01-02,,1981,regular,,final,UCLA,Washington,313,343,96,74,,Pac-12,Pac-12,,,,,,
279928,1981-01-02,,1981,regular,,final,Nevada,San José State,189,260,54,52,,Big Sky,Big West,,,,,,
279929,1981-01-02,,1981,regular,,final,USC,Washington State,323,344,57,43,,Pac-12,Pac-12,,,,,,
279930,1981-01-02,,1981,regular,,final,Utah State,Weber State,329,345,82,69,,Big West,Big Sky,,,,,,
279932,1981-01-03,,1981,regular,,final,Davidson,Notre Dame,63,213,67,87,,SoCon,Indep.,,,,,,
279933,1981-01-04,,1981,regular,,final,Akron,Western Kentucky,3,350,62,68,,OVC,OVC,,,,,,
279934,1981-01-04,,1981,regular,,final,Mississippi Valley State,Alcorn State,175,7,64,73,,SWAC,SWAC,,,,,,
279935,1981-01-04,,1981,regular,,final,Marshall,App State,158,9,58,56,,SoCon,SoCon,,,,,,
279936,1981-01-04,,1981,regular,,final,Arizona,Oregon State,11,224,49,61,,Pac-12,Pac-12,,,,,,
279937,1981-01-04,,1981,regular,,final,Army,Fordham,15,91,60,62,,NEC,NEC,,,,,,
279938,1981-01-04,,1981,regular,,final,Oregon,Arizona State,223,10,64,104,,Pac-12,Pac-12,,,,,,
279939,1981-01-04,,1981,regular,,final,Butler,Ball State,34,19,66,69,,Horizon,MAC,,,,,,
279940,1981-01-04,,1981,regular,,final,Campbell,Charleston Southern,41,47,77,60,,Indep.,Indep.,,,,,,
279941,1981-01-04,,1981,regular,,final,Indiana State,Baltimore,122,375,92,69,,MVC,CAA,,,,,,
279942,1981-01-04,,1981,regular,,final,Centenary (LA),UT Arlington,367,324,84,82,,ASUN,Southland,,,,,,
279943,1981-01-04,,1981,regular,,final,Cincinnati,Florida State,51,90,77,79,,,,,,,,,
279944,1981-01-04,,1981,regular,,final,Chattanooga,The Citadel,49,299,65,64,,SoCon,SoCon,,,,,,
279946,1981-01-04,,1981,regular,,final,South Carolina,Cleveland State,266,53,76,82,,Indep.,Indep.,,,,,,
279947,1981-01-04,,1981,regular,,final,UConn,Syracuse,314,286,78,59,,Big East,Big East,,,,,,
279948,1981-01-04,,1981,regular,,final,San Diego State,Colorado State,257,57,78,66,,UAC,UAC,,,,,,
279949,1981-01-04,,1981,regular,,final,Dayton,Miami (OH),64,167,83,86,,Indep.,MAC,,,,,,
279950,1981-01-04,,1981,regular,,final,Delaware,Virginia,66,339,69,88,,,ACC,,,,,,
279951,1981-01-04,,1981,regular,,final,Middle Tennessee,Eastern Kentucky,171,78,53,42,,OVC,OVC,,,,,,
279952,1981-01-04,,1981,regular,,final,Saint Peter's,Fairleigh Dickinson,254,84,74,51,,NEC,NEC,,,,,,
279953,1981-01-04,,1981,regular,,final,Jackson State,Grambling,126,103,77,67,,SWAC,SWAC,,,,,,
279954,1981-01-04,,1981,regular,,final,Hawai'i,Wyoming,108,358,66,71,,UAC,UAC,,,,,,
279955,1981-01-04,,1981,regular,,final,SE Louisiana,Hardin-Simmons,246,772,56,57,,Indep.,,,,,,,
279956,1981-01-04,,1981,regular,,final,Jacksonville,Charlotte,127,48,56,54,,Sun Belt,Sun Belt,,,,,,
279958,1981-01-04,,1981,regular,,final,Weber State,Long Beach State,345,145,72,77,,Big Sky,Big West,,,,,,
279959,1981-01-04,,1981,regular,,final,Loyola Marymount,San José State,153,260,71,93,,WCC,Big West,,,,,,
279960,1981-01-04,,1981,regular,,final,Louisiana Tech,UL Monroe,149,316,50,44,,Southland,ASUN,,,,,,
279961,1981-01-04,,1981,regular,,final,Tulane,Louisville,303,150,53,73,,,,,,,,,
279962,1981-01-04,,1981,regular,,final,St. Bonaventure,Massachusetts,277,161,104,80,,A-10,A-10,,,,,,
279963,1981-01-04,,1981,regular,,final,McNeese,Texas Southern,162,296,80,70,,Southland,SWAC,,,,,,
279964,1981-01-04,,1981,regular,,final,Purdue,Michigan,236,170,81,74,,Big Ten,Big Ten,,,,,,
279965,1981-01-04,,1981,regular,,final,Missouri,Navy,177,187,88,67,,,CAA,,,,,,
279966,1981-01-04,,1981,regular,,final,Towson,Murray State,301,184,79,58,,CAA,OVC,,,,,,
279967,1981-01-04,,1981,regular,,final,New Orleans,Northern Iowa,193,209,67,55,,Indep.,Indep.,,,,,,
279968,1981-01-04,,1981,regular,,final,Prairie View A&M,Southern,232,274,56,77,,SWAC,SWAC,,,,,,
279969,1981-01-04,,1981,regular,,final,Stetson,Robert Morris,283,244,77,66,,Indep.,CAA,,,,,,
279970,1981-01-04,,1981,regular,,final,Tulsa,Southern Illinois,304,273,85,67,,MVC,MVC,,,,,,
279971,1981-01-04,,1981,regular,,final,UCLA,Washington State,313,344,87,61,,Pac-12,Pac-12,,,,,,
279972,1981-01-04,,1981,regular,,final,USC,Washington,323,343,61,63,,Pac-12,Pac-12,,,,,,
279973,1981-01-05,,1981,regular,,final,Alcorn State,Florida A&M,7,85,71,72,,SWAC,MEAC,,,,,,
279974,1981-01-05,,1981,regular,,final,Baylor,Texas A&M,20,293,53,44,,,,,,,,,
279975,1981-01-05,,1981,regular,,final,Northeastern,Boston University,205,27,80,78,,Am. East,Am. East,,,,,,
279976,1981-01-05,,1981,regular,,final,Harvard,Brown,107,30,69,65,,Ivy,Ivy,,,,,,
279977,1981-01-05,,1981,regular,,final,California,UC Santa Barbara,40,311,69,62,,Pac-12,Big West,,,,,,
279978,1981-01-05,,1981,regular,,final,Maine-Farmington,DePaul,1078,65,77,85,,,Indep.,,,,,,
279979,1981-01-05,,1981,regular,,final,Oral Roberts,Drake,222,70,95,97,,Horizon,MVC,,,,,,
279980,1981-01-05,,1981,regular,,final,UNC Wilmington,East Carolina,321,74,64,72,,Indep.,Indep.,,,,,,
279981,1981-01-05,,1981,regular,,final,Holy Cross,Xavier,111,359,112,93,,Am. East,Horizon,,,,,,
279982,1981-01-05,,1981,regular,,final,Houston,Texas Tech,113,298,73,70,,,,,,,,,
279983,1981-01-05,,1981,regular,,final,Memphis,Kansas,163,131,49,59,,,,,,,,,
279984,1981-01-05,,1981,regular,,final,Kansas State,Oklahoma City,132,1476,97,79,,,,,,,,,
279985,1981-01-05,,1981,regular,,final,Villanova,Notre Dame,338,213,65,96,,Big East,Indep.,,,,,,
279986,1981-01-05,,1981,regular,,final,Saint Mary's,Portland State,253,231,58,59,,WCC,Indep.,,,,,,
279987,1981-01-05,,1981,regular,,final,Temple,Penn State,289,226,43,39,,,Indep.,,,,,,
279988,1981-01-05,,1981,regular,,final,TCU,Rice,287,241,51,57,,,,,,,,,
279989,1981-01-05,,1981,regular,,final,VCU,South Alabama,333,265,62,76,,Sun Belt,Sun Belt,,,,,,
279990,1981-01-05,,1981,regular,,final,South Florida,Valparaiso,271,335,74,61,,Sun Belt,Indep.,,,,,,
279991,1981-01-05,,1981,regular,,final,Texas,SMU,295,248,51,53,,,,,,,,,
279992,1981-01-06,,1981,regular,,final,Mississippi State,Alabama,174,5,69,80,,SEC,SEC,,,,,,
279993,1981-01-06,,1981,regular,,final,Wake Forest,App State,342,9,63,42,,ACC,SoCon,,,,,,
279994,1981-01-06,,1981,regular,,final,Auburn,Kentucky,16,135,66,79,,SEC,SEC,,,,,,
279995,1981-01-06,,1981,regular,,final,Ball State,Eastern Michigan,19,79,85,72,,MAC,MAC,,,,,,
279996,1981-01-06,,1981,regular,,final,George Mason,Charleston Southern,95,47,52,49,,CAA,Indep.,,,,,,
279997,1981-01-06,,1981,regular,,final,Miami (OH),Bowling Green,167,28,67,62,,MAC,MAC,,,,,,
279998,1981-01-06,,1981,regular,,final,Vermont,Boston College,337,26,56,65,,Am. East,Big East,,,,,,
279999,1981-01-06,,1981,regular,,final,Bucknell,Saint Joseph's,32,251,56,66,,,,,,,,,
280000,1981-01-06,,1981,regular,,final,Campbell,Cleveland State,41,53,79,73,,Indep.,Indep.,,,,,,
280001,1981-01-06,,1981,regular,,final,Cornell,Canisius,60,42,55,53,,Ivy,Am. East,,,,,,
280002,1981-01-06,,1981,regular,,final,Wagner,Catholic,341,1279,115,78,,NEC,,,,,,,
280003,1981-01-06,,1981,regular,,final,Furman,The Citadel,93,299,75,65,,SoCon,SoCon,,,,,,
280004,1981-01-06,,1981,regular,,final,Georgia Tech,Clemson,101,52,54,65,,ACC,ACC,,,,,,
280005,1981-01-06,,1981,regular,,final,Western Michigan,Central Michigan,351,45,75,60,,MAC,MAC,,,,,,
280006,1981-01-06,,1981,regular,,final,Dartmouth,St. Francis Brooklyn,62,364,68,62,,Ivy,NEC,,,,,,
280007,1981-01-06,,1981,regular,,final,Davidson,Western Carolina,63,348,77,68,,SoCon,SoCon,,,,,,
280008,1981-01-06,,1981,regular,,final,East Tennessee State,VMI,75,334,42,43,,SoCon,SoCon,,,,,,
280009,1981-01-06,,1981,regular,,final,Georgia,Florida,98,87,90,74,,SEC,SEC,,,,,,
280010,1981-01-06,,1981,regular,,final,Iona,Fairfield,123,83,60,43,,NEC,NEC,,,,,,
280011,1981-01-06,,1981,regular,,final,Jacksonville,Georgia State,127,100,86,67,,Sun Belt,Sun Belt,,,,,,
280012,1981-01-06,,1981,regular,,final,St. John's,Georgetown,279,97,68,60,,Big East,Big East,,,,,,
280013,1981-01-06,,1981,regular,,final,Hofstra,Rider,110,243,90,66,,,,,,,,,
280014,1981-01-06,,1981,regular,,final,Kent State,Toledo,134,300,64,76,,MAC,MAC,,,,,,
280015,1981-01-06,,1981,regular,,final,Lamar,Prairie View A&M,139,232,102,61,,Southland,SWAC,,,,,,
280016,1981-01-06,,1981,regular,,final,Missouri,La Salle,177,137,83,74,,,,,,,,,
280017,1981-01-06,,1981,regular,,final,LSU,Vanderbilt,136,336,77,61,,SEC,SEC,,,,,,
280018,1981-01-06,,1981,regular,,final,North Carolina,Maryland,200,160,75,66,,ACC,ACC,,,,,,
280019,1981-01-06,,1981,regular,,final,Tennessee,Ole Miss,292,220,73,68,,SEC,SEC,,,,,,
280020,1981-01-06,,1981,regular,,final,Marquette,Southern Miss,157,275,72,84,,Indep.,Indep.,,,,,,
280021,1981-01-06,,1981,regular,,final,San Diego State,Navy,257,187,90,77,,UAC,CAA,,,,,,
280022,1981-01-06,,1981,regular,,final,Virginia,NC State,339,185,63,55,,ACC,ACC,,,,,,
280023,1981-01-06,,1981,regular,,final,Oklahoma State,New Orleans,218,193,94,70,,,Indep.,,,,,,
280024,1981-01-06,,1981,regular,,final,Syracuse,Niagara,286,194,107,84,,Big East,Am. East,,,,,,
280025,1981-01-06,,1981,regular,,final,Northern Illinois,Ohio,208,215,60,44,,MAC,MAC,,,,,,
280026,1981-01-06,,1981,regular,,final,Texas Pan American,Louisiana,1535,148,93,77,,,Southland,,,,,,
280027,1981-01-06,,1981,regular,,final,Providence,Seton Hall,235,263,52,62,,Big East,Big East,,,,,,
280028,1981-01-06,,1981,regular,,final,Stetson,West Chester,283,476,88,73,,Indep.,,,,,,,
280029,1981-01-06,,1981,regular,,final,New Hampshire,Saint Peter's,190,254,53,73,,Am. East,NEC,,,,,,
280030,1981-01-07,,1981,regular,,final,Washington,Arizona,343,11,77,84,,Pac-12,Pac-12,,,,,,
280031,1981-01-07,,1981,regular,,final,Samford,Little Rock,256,144,62,56,,ASUN,ASUN,,,,,,
280032,1981-01-07,,1981,regular,,final,Washington State,Arizona State,344,10,59,62,,Pac-12,Pac-12,,,,,,
280033,1981-01-07,,1981,regular,,final,Eastern Kentucky,Austin Peay,78,17,64,72,,OVC,OVC,,,,,,
280034,1981-01-07,,1981,regular,,final,Evansville,Baltimore,82,375,75,56,,Horizon,CAA,,,,,,
280035,1981-01-07,,1981,regular,,final,Boise State,Idaho State,25,116,63,64,,Big Sky,Big Sky,,,,,,
280036,1981-01-07,,1981,regular,,final,West Texas A&M,Bradley,1440,29,86,88,,MVC,MVC,,,,,,
280037,1981-01-07,,1981,regular,,final,Oral Roberts,Butler,222,34,72,68,,Horizon,Horizon,,,,,,
280038,1981-01-07,,1981,regular,,final,BYU,San Diego State,18,257,84,73,,UAC,UAC,,,,,,
280039,1981-01-07,,1981,regular,,final,Mercer,Centenary (LA),164,367,72,77,,ASUN,ASUN,,,,,,
280040,1981-01-07,,1981,regular,,final,UConn,Holy Cross,314,111,66,57,,Big East,Am. East,,,,,,
280041,1981-01-07,,1981,regular,,final,Southern Illinois,Creighton,273,61,62,78,,MVC,MVC,,,,,,
280042,1981-01-07,,1981,regular,,final,New Mexico State,Drake,192,70,72,80,,MVC,MVC,,,,,,
280043,1981-01-07,,1981,regular,,final,Duquesne,George Washington,73,96,87,71,,A-10,A-10,,,,,,
280044,1981-01-07,,1981,regular,,final,Utah,Hawai'i,331,108,100,87,,UAC,UAC,,,,,,
280045,1981-01-07,,1981,regular,,final,Hardin-Simmons,Houston Christian,772,112,60,72,,,ASUN,,,,,,
280046,1981-01-07,,1981,regular,,final,Idaho,Weber State,117,345,57,46,,Big Sky,Big Sky,,,,,,
280047,1981-01-07,,1981,regular,,final,Northwestern,Illinois,212,118,64,88,,Big Ten,Big Ten,,,,,,
280048,1981-01-07,,1981,regular,,final,Indiana,Michigan State,121,169,55,43,,Big Ten,Big Ten,,,,,,
280049,1981-01-07,,1981,regular,,final,Iowa,Ohio State,124,216,56,58,,Big Ten,Big Ten,,,,,,
280050,1981-01-07,,1981,regular,,final,Long Island University,Towson,146,301,69,70,,NEC,CAA,,,,,,
280051,1981-01-07,,1981,regular,,final,Rutgers,Massachusetts,245,161,92,58,,A-10,A-10,,,,,,
280052,1981-01-07,,1981,regular,,final,Tennessee Tech,Middle Tennessee,291,171,62,86,,OVC,OVC,,,,,,
280053,1981-01-07,,1981,regular,,final,Minnesota,Wisconsin,173,355,76,60,,Big Ten,Big Ten,,,,,,
280054,1981-01-07,,1981,regular,,final,Morehead State,Murray State,181,184,70,89,,OVC,OVC,,,,,,
280055,1981-01-07,,1981,regular,,final,Montana State,Northern Arizona,180,206,84,72,,Big Sky,Big Sky,,,,,,
280056,1981-01-07,,1981,regular,,final,Charlotte,South Alabama,48,265,61,92,,Sun Belt,Sun Belt,,,,,,
280057,1981-01-07,,1981,regular,,final,Northwestern State,UL Monroe,211,316,65,66,,ASUN,ASUN,,,,,,
280058,1981-01-07,,1981,regular,,final,SE Louisiana,Northern Iowa,246,209,64,61,,Indep.,Indep.,,,,,,
280059,1981-01-07,,1981,regular,,final,Old Dominion,Richmond,219,242,89,76,,CAA,CAA,,,,,,
280060,1981-01-07,,1981,regular,,final,South Florida,Robert Morris,271,244,79,63,,Sun Belt,CAA,,,,,,
280061,1981-01-07,,1981,regular,,final,Stetson,Siena,283,264,80,71,,Indep.,NEC,,,,,,
280062,1981-01-08,,1981,regular,,final,Saint Louis,Alcorn State,252,7,70,74,,,SWAC,,,,,,
280063,1981-01-08,,1981,regular,,final,Brown,Princeton,30,234,41,44,,Ivy,Ivy,,,,,,
280064,1981-01-08,,1981,regular,,final,Georgia Southern,Centenary (LA),99,367,81,100,,ASUN,ASUN,,,,,,
280065,1981-01-08,,1981,regular,,final,Loyola Marymount,UC Santa Barbara,153,311,74,72,,WCC,Big West,,,,,,
280066,1981-01-08,,1981,regular,,final,Colorado State,New Mexico,57,191,75,80,,UAC,UAC,,,,,,
280067,1981-01-08,,1981,regular,,final,Delaware State,South Carolina State,67,267,83,70,,MEAC,MEAC,,,,,,
280068,1981-01-08,,1981,regular,,final,Fordham,Temple,91,289,62,59,,NEC,,,,,,,
280069,1981-01-08,,1981,regular,,final,Howard,North Carolina A&T,114,198,64,62,,MEAC,MEAC,,,,,,
280070,1981-01-08,,1981,regular,,final,Prairie View A&M,Jackson State,232,126,53,61,,SWAC,SWAC,,,,,,
280071,1981-01-08,,1981,regular,,final,Tulane,Memphis,303,163,55,67,,,,,,,,,
280072,1981-01-08,,1981,regular,,final,Montana,Nevada,179,189,81,77,,Big Sky,Big Sky,,,,,,
280074,1981-01-08,,1981,regular,,final,Oregon State,Stanford,224,281,76,62,,Pac-12,Pac-12,,,,,,
280075,1981-01-08,,1981,regular,,final,Yale,Penn State (Beaver),360,1353,59,63,,Ivy,,,,,,,
280076,1981-01-08,,1981,regular,,final,Wyoming,UTEP,358,327,44,42,,UAC,UAC,,,,,,
280077,1981-01-09,,1981,regular,,final,Air Force,UNLV,2,322,51,50,,UAC,Indep.,,,,,,
280078,1981-01-09,,1981,regular,,final,Akron,Middle Tennessee,3,171,50,57,,OVC,OVC,,,,,,
280079,1981-01-09,,1981,regular,,final,Ole Miss,Alabama,220,5,48,74,,SEC,SEC,,,,,,
280080,1981-01-09,,1981,regular,,final,UAB,VCU,305,333,67,65,,Sun Belt,Sun Belt,,,,,,
280081,1981-01-09,,1981,regular,,final,Chattanooga,App State,49,9,86,58,,SoCon,SoCon,,,,,,
280082,1981-01-09,,1981,regular,,final,Washington State,Arizona,344,11,80,71,,Pac-12,Pac-12,,,,,,
280083,1981-01-09,,1981,regular,,final,Arkansas,TCU,12,287,85,51,,,,,,,,,
280084,1981-01-09,,1981,regular,,final,Mercer,Little Rock,164,144,71,57,,ASUN,ASUN,,,,,,
280085,1981-01-09,,1981,regular,,final,Arkansas State,Northern Iowa,13,209,78,57,,Southland,Indep.,,,,,,
280086,1981-01-09,,1981,regular,,final,Washington,Arizona State,343,10,62,90,,Pac-12,Pac-12,,,,,,
280087,1981-01-09,,1981,regular,,final,Florida,Auburn,87,16,63,59,,SEC,SEC,,,,,,
280088,1981-01-09,,1981,regular,,final,Morehead State,Austin Peay,181,17,86,75,,OVC,OVC,,,,,,
280089,1981-01-09,,1981,regular,,final,Toledo,Ball State,300,19,70,68,,MAC,MAC,,,,,,
280090,1981-01-09,,1981,regular,,final,Florida State,Charleston Southern,90,47,87,60,,,Indep.,,,,,,
280091,1981-01-09,,1981,regular,,final,SMU,Baylor,248,20,46,51,,,,,,,,,
280092,1981-01-09,,1981,regular,,final,Bowling Green,Western Michigan,28,351,78,75,,MAC,MAC,,,,,,
280093,1981-01-09,,1981,regular,,final,Boston College,Georgetown,26,97,55,57,,Big East,Big East,,,,,,
280094,1981-01-09,,1981,regular,,final,Boise State,Weber State,25,345,62,82,,Big Sky,Big Sky,,,,,,
280095,1981-01-09,,1981,regular,,final,Drexel,Boston University,71,27,71,63,,,Am. East,,,,,,
280096,1981-01-09,,1981,regular,,final,New Mexico State,Bradley,192,29,58,83,,MVC,MVC,,,,,,
280097,1981-01-09,,1981,regular,,final,Brown,Penn State (Beaver),30,1353,57,70,,Ivy,,,,,,,
280098,1981-01-09,,1981,regular,,final,Bucknell,Hofstra,32,110,68,74,,,,,,,,,
280099,1981-01-09,,1981,regular,,final,Oklahoma City,Butler,1476,34,108,97,,,Horizon,,,,,,
280100,1981-01-09,,1981,regular,,final,BYU,Hawai'i,18,108,91,74,,UAC,UAC,,,,,,
280101,1981-01-09,,1981,regular,,final,Oregon State,California,224,40,80,53,,Pac-12,Pac-12,,,,,,
280102,1981-01-09,,1981,regular,,final,Canisius,La Salle,42,137,81,79,,Am. East,,,,,,,
280103,1981-01-09,,1981,regular,,final,Catholic,George Mason,1279,95,64,86,,,CAA,,,,,,
280104,1981-01-09,,1981,regular,,final,Cincinnati,Louisville,51,150,68,83,,,,,,,,,
280105,1981-01-09,,1981,regular,,final,Wake Forest,Clemson,342,52,73,71,,ACC,ACC,,,,,,
280106,1981-01-09,,1981,regular,,final,Lehigh,Colgate,141,55,80,66,,,Am. East,,,,,,
280107,1981-01-09,,1981,regular,,final,Cleveland State,Niagara,53,194,81,56,,Indep.,Am. East,,,,,,
280108,1981-01-09,,1981,regular,,final,Central Michigan,Ohio,45,215,64,58,,MAC,MAC,,,,,,
280109,1981-01-09,,1981,regular,,final,Oklahoma State,Colorado,218,56,84,67,,,,,,,,,
280110,1981-01-09,,1981,regular,,final,UConn,Seton Hall,314,263,57,47,,Big East,Big East,,,,,,
280111,1981-01-09,,1981,regular,,final,Indiana State,Creighton,122,61,61,62,,MVC,MVC,,,,,,
280112,1981-01-09,,1981,regular,,final,Colorado State,UTEP,57,327,45,75,,UAC,UAC,,,,,,
280113,1981-01-09,,1981,regular,,final,New Hampshire,Dartmouth,190,62,63,60,,Am. East,Ivy,,,,,,
280114,1981-01-09,,1981,regular,,final,Davidson,Marshall,63,158,104,76,,SoCon,SoCon,,,,,,
280115,1981-01-09,,1981,regular,,final,Xavier,Dayton,359,64,72,74,,Horizon,Indep.,,,,,,
280116,1981-01-09,,1981,regular,,final,DePaul,Old Dominion,65,219,62,63,,Indep.,CAA,,,,,,
280117,1981-01-09,,1981,regular,,final,Oral Roberts,Detroit Mercy,222,69,69,59,,Horizon,Horizon,,,,,,
280118,1981-01-09,,1981,regular,,final,Drake,West Texas A&M,70,1440,91,88,,MVC,MVC,,,,,,
280119,1981-01-09,,1981,regular,,final,Delaware State,North Carolina A&T,67,198,75,78,,MEAC,MEAC,,,,,,
280120,1981-01-09,,1981,regular,,final,Maryland,Duke,160,72,94,79,,ACC,ACC,,,,,,
280121,1981-01-09,,1981,regular,,final,East Carolina,Texas Pan American,74,1535,67,82,,Indep.,,,,,,,
280122,1981-01-09,,1981,regular,,final,Eastern Kentucky,Murray State,78,184,85,76,,OVC,OVC,,,,,,
280123,1981-01-09,,1981,regular,,final,Eastern Michigan,Miami (OH),79,167,68,64,,MAC,MAC,,,,,,
280124,1981-01-09,,1981,regular,,final,Western Carolina,East Tennessee State,348,75,93,87,,SoCon,SoCon,,,,,,
280125,1981-01-09,,1981,regular,,final,Evansville,Loyola Chicago,82,151,73,70,,Horizon,Horizon,,,,,,
280126,1981-01-09,,1981,regular,,final,Tennessee State,Florida A&M,290,85,69,58,,Indep.,MEAC,,,,,,
280127,1981-01-09,,1981,regular,,final,Furman,VMI,93,334,75,63,,SoCon,SoCon,,,,,,
280128,1981-01-09,,1981,regular,,final,Vanderbilt,Georgia,336,98,70,55,,SEC,SEC,,,,,,
280129,1981-01-09,,1981,regular,,final,South Alabama,Georgia State,265,100,74,54,,Sun Belt,Sun Belt,,,,,,
280130,1981-01-09,,1981,regular,,final,NC State,Georgia Tech,185,101,93,68,,ACC,ACC,,,,,,
280131,1981-01-09,,1981,regular,,final,West Virginia,George Washington,347,96,81,71,,A-10,A-10,,,,,,
280132,1981-01-09,,1981,regular,,final,Southern,Grambling,274,103,80,63,,SWAC,SWAC,,,,,,
280133,1981-01-09,,1981,regular,,final,Georgia Southern,Samford,99,256,66,67,,ASUN,ASUN,,,,,,
280134,1981-01-09,,1981,regular,,final,Harvard,Manhattan,107,155,90,80,,Ivy,NEC,,,,,,
280135,1981-01-09,,1981,regular,,final,Northwestern State,Houston Christian,211,112,51,52,,ASUN,ASUN,,,,,,
280136,1981-01-09,,1981,regular,,final,Texas,Houston,295,113,71,91,,,,,,,,,
280137,1981-01-09,,1981,regular,,final,Howard,South Carolina State,114,267,83,70,,MEAC,MEAC,,,,,,
280138,1981-01-09,,1981,regular,,final,Idaho,Idaho State,117,116,75,60,,Big Sky,Big Sky,,,,,,
280139,1981-01-09,,1981,regular,,final,Indiana,Illinois,121,118,78,61,,Big Ten,Big Ten,,,,,,
280140,1981-01-09,,1981,regular,,final,Kansas,Iona,131,123,94,64,,,NEC,,,,,,
280141,1981-01-09,,1981,regular,,final,Iowa,Michigan State,124,169,65,57,,Big Ten,Big Ten,,,,,,
280142,1981-01-09,,1981,regular,,final,Jacksonville,Saint Joseph's,127,251,42,44,,Sun Belt,,,,,,,
280143,1981-01-09,,1981,regular,,final,James Madison,Richmond,129,242,90,73,,CAA,CAA,,,,,,
280144,1981-01-09,,1981,regular,,final,Texas Southern,Jackson State,296,126,75,67,,SWAC,SWAC,,,,,,
280145,1981-01-09,,1981,regular,,final,Kentucky,Tennessee,135,292,48,47,,SEC,SEC,,,,,,
280146,1981-01-09,,1981,regular,,final,Northern Illinois,Kent State,208,134,92,46,,MAC,MAC,,,,,,
280147,1981-01-09,,1981,regular,,final,Pepperdine,Long Beach State,228,145,73,71,,WCC,Big West,,,,,,
280148,1981-01-09,,1981,regular,,final,Mississippi State,LSU,174,136,69,81,,SEC,SEC,,,,,,
280149,1981-01-09,,1981,regular,,final,McNeese,New Orleans,162,193,70,68,,Southland,Indep.,,,,,,
280150,1981-01-09,,1981,regular,,final,Minnesota,Michigan,173,170,67,68,,Big Ten,Big Ten,,,,,,
280151,1981-01-09,,1981,regular,,final,Montana,Northern Arizona,179,206,77,65,,Big Sky,Big Sky,,,,,,
280152,1981-01-09,,1981,regular,,final,Montana State,Nevada,180,189,77,69,,Big Sky,Big Sky,,,,,,
280153,1981-01-09,,1981,regular,,final,Marquette,Notre Dame,157,213,54,52,,Indep.,Indep.,,,,,,
280154,1981-01-09,,1981,regular,,final,Prairie View A&M,Mississippi Valley State,232,175,60,37,,SWAC,SWAC,,,,,,
280155,1981-01-09,,1981,regular,,final,Wyoming,New Mexico,358,191,91,54,,UAC,UAC,,,,,,
280156,1981-01-09,,1981,regular,,final,Northwestern,Wisconsin,212,355,50,48,,Big Ten,Big Ten,,,,,,
280157,1981-01-09,,1981,regular,,final,Oregon,Stanford,223,281,76,82,,Pac-12,Pac-12,,,,,,
280158,1981-01-09,,1981,regular,,final,Purdue,Ohio State,236,216,75,65,,Big Ten,Big Ten,,,,,,
280159,1981-01-09,,1981,regular,,final,Saint Mary's,Pacific,253,225,73,84,,WCC,Big West,,,,,,
280160,1981-01-09,,1981,regular,,final,Pittsburgh,Rutgers,229,245,55,69,,A-10,A-10,,,,,,
280161,1981-01-09,,1981,regular,,final,Portland State,Utah State,231,329,93,85,,Indep.,Big West,,,,,,
280162,1981-01-09,,1981,regular,,final,Yale,Princeton,360,234,50,66,,Ivy,Ivy,,,,,,
280163,1981-01-09,,1981,regular,,final,St. John's,Providence,279,235,83,63,,Big East,Big East,,,,,,
280164,1981-01-09,,1981,regular,,final,Penn State,Rider,226,243,67,59,,Indep.,,,,,,,
280165,1981-01-09,,1981,regular,,final,Rhode Island,South Carolina,240,266,94,84,,A-10,Indep.,,,,,,
280166,1981-01-09,,1981,regular,,final,Utah,San Diego State,331,257,97,74,,UAC,UAC,,,,,,
280167,1981-01-09,,1981,regular,,final,South Florida,Siena,271,264,75,64,,Sun Belt,NEC,,,,,,
280168,1981-01-09,,1981,regular,,final,St. Francis (PA),St. Francis Brooklyn,278,364,69,67,,CAA,NEC,,,,,,
280169,1981-01-09,,1981,regular,,final,Saint Peter's,Army,254,15,75,45,,NEC,NEC,,,,,,
280170,1981-01-09,,1981,regular,,final,Syracuse,Villanova,286,338,65,69,,Big East,Big East,,,,,,
280171,1981-01-09,,1981,regular,,final,Texas Tech,Texas A&M,298,293,72,70,,,,,,,,,
280173,1981-01-09,,1981,regular,,final,Tennessee Tech,Western Kentucky,291,350,51,65,,OVC,OVC,,,,,,
280174,1981-01-09,,1981,regular,,final,Tulsa,Wichita State,304,352,91,84,,MVC,MVC,,,,,,
280175,1981-01-09,,1981,regular,,final,UC Irvine,San Diego,308,258,108,62,,Big West,WCC,,,,,,
280176,1981-01-09,,1981,regular,,final,Virginia,North Carolina,339,200,63,57,,ACC,ACC,,,,,,
280177,1981-01-09,,1981,regular,,final,UCLA,USC,313,323,66,68,,Pac-12,Pac-12,,,,,,
280178,1981-01-09,,1981,regular,,final,Virginia Tech,William & Mary,340,353,43,51,,,CAA,,,,,,
280179,1981-01-11,,1981,regular,,final,Southern,Alcorn State,274,7,81,85,,SWAC,SWAC,,,,,,
280180,1981-01-11,,1981,regular,,final,Davidson,App State,63,9,66,63,,SoCon,SoCon,,,,,,
280181,1981-01-11,,1981,regular,,final,Arkansas,Texas,12,295,60,62,,,,,,,,,
280182,1981-01-11,,1981,regular,,final,Arkansas State,Little Rock,13,144,68,64,,Southland,ASUN,,,,,,
280183,1981-01-11,,1981,regular,,final,Charleston Southern,Georgia Southern,47,99,60,66,,Indep.,ASUN,,,,,,
280184,1981-01-11,,1981,regular,,final,Valparaiso,Baltimore,335,375,83,68,,Indep.,CAA,,,,,,
280185,1981-01-11,,1981,regular,,final,Cincinnati,Boston University,51,27,102,82,,,Am. East,,,,,,
280186,1981-01-11,,1981,regular,,final,Colgate,Bucknell,55,32,93,90,,Am. East,,,,,,,
280187,1981-01-11,,1981,regular,,final,Oregon,California,223,40,87,80,,Pac-12,Pac-12,,,,,,
280188,1981-01-11,,1981,regular,,final,George Washington,Catholic,96,1279,94,64,,A-10,,,,,,,
280189,1981-01-11,,1981,regular,,final,The Citadel,VMI,299,334,49,58,,SoCon,SoCon,,,,,,
280190,1981-01-11,,1981,regular,,final,New Hampshire,UConn,190,314,58,61,,Am. East,Big East,,,,,,
280191,1981-01-11,,1981,regular,,final,Colorado State,UNLV,57,322,68,76,,UAC,Indep.,,,,,,
280192,1981-01-11,,1981,regular,,final,Oklahoma City,Detroit Mercy,1476,69,92,79,,,Horizon,,,,,,
280193,1981-01-11,,1981,regular,,final,West Virginia,Duquesne,347,73,73,61,,A-10,A-10,,,,,,
280194,1981-01-11,,1981,regular,,final,East Carolina,Richmond,74,242,63,80,,Indep.,CAA,,,,,,
280195,1981-01-11,,1981,regular,,final,Eastern Kentucky,Pittsburgh,78,229,56,80,,OVC,A-10,,,,,,
280196,1981-01-11,,1981,regular,,final,Princeton,Fordham,234,91,50,53,,Ivy,NEC,,,,,,
280197,1981-01-11,,1981,regular,,final,Virginia Tech,Florida State,340,90,80,70,,,,,,,,,
280198,1981-01-11,,1981,regular,,final,George Mason,Robert Morris,95,244,78,70,,CAA,CAA,,,,,,
280199,1981-01-11,,1981,regular,,final,Portland State,Gonzaga,231,102,60,68,,Indep.,WCC,,,,,,
280200,1981-01-11,,1981,regular,,final,Northwestern State,Grambling,211,103,71,73,,ASUN,SWAC,,,,,,
280201,1981-01-11,,1981,regular,,final,Seton Hall,Georgetown,263,97,51,52,,Big East,Big East,,,,,,
280202,1981-01-11,,1981,regular,,final,UT Arlington,Hardin-Simmons,324,772,100,74,,Southland,,,,,,,
280203,1981-01-11,,1981,regular,,final,Niagara,La Salle,194,137,71,72,,Am. East,,,,,,,
280204,1981-01-11,,1981,regular,,final,Southern Miss,Louisiana Tech,275,149,62,57,,Indep.,Southland,,,,,,
280205,1981-01-11,,1981,regular,,final,Maine-Farmington,Towson,1078,301,82,74,,,CAA,,,,,,
280206,1981-01-11,,1981,regular,,final,McNeese,SE Louisiana,162,246,60,58,,Southland,Indep.,,,,,,
280207,1981-01-11,,1981,regular,,final,Chattanooga,Marshall,49,158,95,79,,SoCon,SoCon,,,,,,
280208,1981-01-11,,1981,regular,,final,Texas Southern,Mississippi Valley State,296,175,70,62,,SWAC,SWAC,,,,,,
280209,1981-01-11,,1981,regular,,final,UNC Wilmington,South Carolina State,321,267,63,65,,Indep.,MEAC,,,,,,
280210,1981-01-11,,1981,regular,,final,Santa Clara,North Texas,261,204,95,83,,WCC,Indep.,,,,,,
280211,1981-01-11,,1981,regular,,final,Oral Roberts,Xavier,222,359,76,81,,Horizon,Horizon,,,,,,
280212,1981-01-11,,1981,regular,,final,South Florida,VCU,271,333,73,68,,Sun Belt,Sun Belt,,,,,,
280213,1981-01-11,,1981,regular,,final,Stetson,Louisiana,283,148,85,77,,Indep.,Southland,,,,,,
280214,1981-01-11,,1981,regular,,final,Wichita State,West Texas A&M,352,1440,100,85,,MVC,MVC,,,,,,
280215,1981-01-12,,1981,regular,,final,Little Rock,SE Louisiana,144,246,62,48,,ASUN,Indep.,,,,,,
280216,1981-01-12,,1981,regular,,final,Army,Yale,15,360,77,62,,NEC,Ivy,,,,,,
280217,1981-01-12,,1981,regular,,final,Rice,Baylor,241,20,61,72,,,,,,,,,
280218,1981-01-12,,1981,regular,,final,DePaul,Saint Louis,65,252,93,67,,Indep.,,,,,,,
280219,1981-01-12,,1981,regular,,final,Florida A&M,Jackson State,85,126,86,73,,MEAC,SWAC,,,,,,
280220,1981-01-12,,1981,regular,,final,SMU,Houston,248,113,72,70,,,,,,,,,
280221,1981-01-12,,1981,regular,,final,Loyola Chicago,Illinois State,151,119,73,81,,Horizon,Indep.,,,,,,
280222,1981-01-12,,1981,regular,,final,Iona,Wagner,123,341,82,80,,NEC,NEC,,,,,,
280223,1981-01-12,,1981,regular,,final,Lafayette,Saint Joseph's,138,251,41,59,,,,,,,,,
280224,1981-01-12,,1981,regular,,final,Tulane,Mercer,303,164,67,57,,,ASUN,,,,,,
280225,1981-01-12,,1981,regular,,final,Marquette,Memphis,157,163,86,67,,Indep.,,,,,,,
280226,1981-01-12,,1981,regular,,final,Missouri,Oklahoma,177,217,81,52,,,,,,,,,
280227,1981-01-12,,1981,regular,,final,South Alabama,Charlotte,265,48,80,63,,Sun Belt,Sun Belt,,,,,,
280228,1981-01-12,,1981,regular,,final,San Francisco,Notre Dame,259,213,66,63,,WCC,Indep.,,,,,,
280229,1981-01-12,,1981,regular,,final,Texas Tech,TCU,298,287,57,54,,,,,,,,,
280230,1981-01-13,,1981,regular,,final,Alabama,LSU,5,136,56,59,,SEC,SEC,,,,,,
280231,1981-01-13,,1981,regular,,final,American University,Delaware,8,66,74,58,,,,,,,,,
280232,1981-01-13,,1981,regular,,final,Auburn,Vanderbilt,16,336,81,97,,SEC,SEC,,,,,,
280233,1981-01-13,,1981,regular,,final,Ball State,Kent State,19,134,63,53,,MAC,MAC,,,,,,
280234,1981-01-13,,1981,regular,,final,Charleston Southern,VMI,47,334,44,57,,Indep.,SoCon,,,,,,
280235,1981-01-13,,1981,regular,,final,Ohio,Bowling Green,215,28,78,63,,MAC,MAC,,,,,,
280236,1981-01-13,,1981,regular,,final,James Madison,Baltimore,129,375,90,59,,CAA,CAA,,,,,,
280237,1981-01-13,,1981,regular,,final,Boston College,UConn,26,314,58,57,,Big East,Big East,,,,,,
280238,1981-01-13,,1981,regular,,final,Boston University,Old Dominion,27,219,71,78,,Am. East,CAA,,,,,,
280239,1981-01-13,,1981,regular,,final,Campbell,Howard,41,114,55,54,,Indep.,MEAC,,,,,,
280240,1981-01-13,,1981,regular,,final,Navy,Catholic,187,1279,92,44,,CAA,,,,,,,
280241,1981-01-13,,1981,regular,,final,Clemson,The Citadel,52,299,82,58,,ACC,SoCon,,,,,,
280242,1981-01-13,,1981,regular,,final,Central Michigan,Northern Illinois,45,208,75,79,,MAC,MAC,,,,,,
280243,1981-01-13,,1981,regular,,final,Lehigh,Drexel,141,71,58,70,,,,,,,,,
280244,1981-01-13,,1981,regular,,final,Duke,Wake Forest,72,342,73,76,,ACC,ACC,,,,,,
280245,1981-01-13,,1981,regular,,final,Western Michigan,Eastern Michigan,351,79,67,61,,MAC,MAC,,,,,,
280246,1981-01-13,,1981,regular,,final,East Tennessee State,Furman,75,93,84,71,,SoCon,SoCon,,,,,,
280247,1981-01-13,,1981,regular,,final,Evansville,Valparaiso,82,335,78,74,,Horizon,Indep.,,,,,,
280248,1981-01-13,,1981,regular,,final,Fairleigh Dickinson,George Mason,84,95,74,73,,NEC,CAA,,,,,,
280249,1981-01-13,,1981,regular,,final,Tennessee,Florida,292,87,78,64,,SEC,SEC,,,,,,
280250,1981-01-13,,1981,regular,,final,Fordham,Vermont,91,337,77,62,,NEC,Am. East,,,,,,
280251,1981-01-13,,1981,regular,,final,Georgia,Mississippi State,98,174,66,64,,SEC,SEC,,,,,,
280252,1981-01-13,,1981,regular,,final,Rutgers,George Washington,245,96,81,68,,A-10,A-10,,,,,,
280253,1981-01-13,,1981,regular,,final,Georgia Southern,Georgia State,99,100,80,71,,ASUN,Sun Belt,,,,,,
280254,1981-01-13,,1981,regular,,final,La Salle,Hofstra,137,110,79,71,,,,,,,,,
280255,1981-01-13,,1981,regular,,final,Kansas,Iowa State,131,125,70,58,,,,,,,,,
280256,1981-01-13,,1981,regular,,final,Kentucky,Ole Miss,135,220,64,55,,SEC,SEC,,,,,,
280257,1981-01-13,,1981,regular,,final,Nebraska,Kansas State,188,132,59,49,,MVC,,,,,,,
280258,1981-01-13,,1981,regular,,final,Long Island University,St. Francis Brooklyn,146,364,85,67,,NEC,NEC,,,,,,
280259,1981-01-13,,1981,regular,,final,Maryland,Virginia,160,339,64,66,,ACC,ACC,,,,,,
280260,1981-01-13,,1981,regular,,final,Miami (OH),Toledo,167,300,79,70,,MAC,MAC,,,,,,
280261,1981-01-13,,1981,regular,,final,Niagara,Siena,194,264,70,77,,Am. East,NEC,,,,,,
280262,1981-01-13,,1981,regular,,final,Oklahoma City,Xavier,1476,359,83,65,,,Horizon,,,,,,
280263,1981-01-13,,1981,regular,,final,Penn State (Beaver),Temple,1353,289,51,49,,,,,,,,,
280264,1981-01-13,,1981,regular,,final,Syracuse,Providence,286,235,84,66,,Big East,Big East,,,,,,
280265,1981-01-13,,1981,regular,,final,Richmond,William & Mary,242,353,42,44,,CAA,CAA,,,,,,
280266,1981-01-13,,1981,regular,,final,West Virginia,St. Bonaventure,347,277,82,81,,A-10,A-10,,,,,,
280267,1981-01-13,,1981,regular,,final,St. John's,Villanova,279,338,56,54,,Big East,Big East,,,,,,
280268,1981-01-13,,1981,regular,,final,North Carolina,NC State,200,185,73,70,,ACC,ACC,,,,,,
280269,1981-01-13,,1981,regular,,final,Tennessee State,Chattanooga,290,49,58,71,,Indep.,SoCon,,,,,,
280270,1981-01-14,,1981,regular,,final,San Diego State,Air Force,257,2,58,43,,UAC,UAC,,,,,,
280271,1981-01-14,,1981,regular,,final,Morehead State,Akron,181,3,82,60,,OVC,OVC,,,,,,
280272,1981-01-14,,1981,regular,,final,Arkansas State,Samford,13,256,80,66,,Southland,ASUN,,,,,,
280273,1981-01-14,,1981,regular,,final,Austin Peay,Middle Tennessee,17,171,61,62,,OVC,OVC,,,,,,
280274,1981-01-14,,1981,regular,,final,Bradley,Drake,29,70,59,57,,MVC,MVC,,,,,,
280275,1981-01-14,,1981,regular,,final,New Mexico,BYU,191,18,87,92,,UAC,UAC,,,,,,
280276,1981-01-14,,1981,regular,,final,Centenary (LA),Hardin-Simmons,367,772,76,69,,ASUN,,,,,,,
280277,1981-01-14,,1981,regular,,final,Towson,Cleveland State,301,53,72,86,,CAA,Indep.,,,,,,
280278,1981-01-14,,1981,regular,,final,Creighton,Marquette,61,157,66,76,,MVC,Indep.,,,,,,
280279,1981-01-14,,1981,regular,,final,Long Beach State,UC Santa Barbara,145,311,84,76,,Big West,Big West,,,,,,
280280,1981-01-14,,1981,regular,,final,Saint Louis,Dayton,252,64,78,66,,,Indep.,,,,,,
280281,1981-01-14,,1981,regular,,final,Duquesne,Massachusetts,73,161,99,69,,A-10,A-10,,,,,,
280282,1981-01-14,,1981,regular,,final,Eastern Kentucky,Tennessee Tech,78,291,91,75,,OVC,OVC,,,,,,
280283,1981-01-14,,1981,regular,,final,Utah State,Fresno State,329,92,62,79,,Big West,Big West,,,,,,
280284,1981-01-14,,1981,regular,,final,Hawai'i,UNLV,108,322,74,63,,UAC,Indep.,,,,,,
280285,1981-01-14,,1981,regular,,final,Houston Christian,UT Arlington,112,324,71,72,,ASUN,Southland,,,,,,
280286,1981-01-14,,1981,regular,,final,Nevada,Idaho,189,117,59,63,,Big Sky,Big Sky,,,,,,
280287,1981-01-14,,1981,regular,,final,Illinois,Purdue,118,236,87,65,,Big Ten,Big Ten,,,,,,
280288,1981-01-14,,1981,regular,,final,Michigan,Indiana,170,121,55,52,,Big Ten,Big Ten,,,,,,
280289,1981-01-14,,1981,regular,,final,Southern Illinois,Indiana State,273,122,70,75,,MVC,MVC,,,,,,
280290,1981-01-14,,1981,regular,,final,Wisconsin,Iowa,355,124,66,76,,Big Ten,Big Ten,,,,,,
280291,1981-01-14,,1981,regular,,final,Jackson State,Nicholls,126,195,89,82,,SWAC,Indep.,,,,,,
280292,1981-01-14,,1981,regular,,final,Lamar,Texas Pan American,139,1535,104,80,,Southland,,,,,,,
280293,1981-01-14,,1981,regular,,final,UL Monroe,Louisiana Tech,316,149,58,71,,ASUN,Southland,,,,,,
280294,1981-01-14,,1981,regular,,final,South Carolina,Manhattan,266,155,90,62,,Indep.,NEC,,,,,,
280295,1981-01-14,,1981,regular,,final,New Orleans,McNeese,193,162,71,75,,Indep.,Southland,,,,,,
280296,1981-01-14,,1981,regular,,final,Michigan State,Minnesota,169,173,77,86,,Big Ten,Big Ten,,,,,,
280297,1981-01-14,,1981,regular,,final,Murray State,Western Kentucky,184,350,59,57,,OVC,OVC,,,,,,
280298,1981-01-14,,1981,regular,,final,Northeastern,New Hampshire,205,190,85,76,,Am. East,Am. East,,,,,,
280299,1981-01-14,,1981,regular,,final,Wichita State,New Mexico State,352,192,74,68,,MVC,MVC,,,,,,
280300,1981-01-14,,1981,regular,,final,Ohio State,Northwestern,216,212,81,69,,Big Ten,Big Ten,,,,,,
280301,1981-01-14,,1981,regular,,final,San José State,Pacific,260,225,58,50,,Big West,Big West,,,,,,
280302,1981-01-14,,1981,regular,,final,Robert Morris,St. Francis (PA),244,278,59,79,,CAA,CAA,,,,,,
280303,1981-01-14,,1981,regular,,final,Louisiana,Southern Miss,148,275,72,79,,Southland,Indep.,,,,,,
280304,1981-01-14,,1981,regular,,final,UC Irvine,Cal State Fullerton,308,37,99,84,,Big West,Big West,,,,,,
280305,1981-01-14,,1981,regular,,final,UTEP,Utah,327,331,64,69,,UAC,UAC,,,,,,
280306,1981-01-15,,1981,regular,,final,Arizona State,UCLA,10,313,78,74,,Pac-12,Pac-12,,,,,,
280307,1981-01-15,,1981,regular,,final,Bethune-Cookman,South Carolina State,23,267,79,63,,MEAC,MEAC,,,,,,
280308,1981-01-15,,1981,regular,,final,California,Washington State,40,344,52,63,,Pac-12,Pac-12,,,,,,
280309,1981-01-15,,1981,regular,,final,Cornell,Columbia,60,58,75,64,,Ivy,Ivy,,,,,,
280310,1981-01-15,,1981,regular,,final,Florida A&M,North Carolina A&T,85,198,79,71,,MEAC,MEAC,,,,,,
280311,1981-01-15,,1981,regular,,final,San Francisco,Gonzaga,259,102,63,61,,WCC,WCC,,,,,,
280312,1981-01-15,,1981,regular,,final,Idaho State,Montana State,116,180,77,74,,Big Sky,Big Sky,,,,,,
280313,1981-01-15,,1981,regular,,final,Loyola Marymount,Santa Clara,153,261,77,75,,WCC,WCC,,,,,,
280314,1981-01-15,,1981,regular,,final,Maine-Farmington,Tennessee State,1078,290,70,71,,,Indep.,,,,,,
280315,1981-01-15,,1981,regular,,final,Weber State,Montana,345,179,62,69,,Big Sky,Big Sky,,,,,,
280316,1981-01-15,,1981,regular,,final,Pepperdine,San Diego,228,258,83,50,,WCC,WCC,,,,,,
280317,1981-01-15,,1981,regular,,final,Saint Mary's,Portland,253,230,66,79,,WCC,WCC,,,,,,
280318,1981-01-15,,1981,regular,,final,Stanford,Washington,281,343,57,65,,Pac-12,Pac-12,,,,,,
280319,1981-01-16,,1981,regular,,final,Hawai'i,Air Force,108,2,56,50,,UAC,UAC,,,,,,
280320,1981-01-16,,1981,regular,,final,Akron,Eastern Kentucky,3,78,77,85,,OVC,OVC,,,,,,
280321,1981-01-16,,1981,regular,,final,Alabama,Kentucky,5,135,59,55,,SEC,SEC,,,,,,
280322,1981-01-16,,1981,regular,,final,South Florida,UAB,271,305,79,77,,Sun Belt,Sun Belt,,,,,,
280323,1981-01-16,,1981,regular,,final,Alcorn State,Prairie View A&M,7,232,99,71,,SWAC,SWAC,,,,,,
280324,1981-01-16,,1981,regular,,final,American University,Bucknell,8,32,75,65,,,,,,,,,
280325,1981-01-16,,1981,regular,,final,App State,VMI,9,334,78,67,,SoCon,SoCon,,,,,,
280326,1981-01-16,,1981,regular,,final,Arizona,UCLA,11,313,76,79,,Pac-12,Pac-12,,,,,,
280327,1981-01-16,,1981,regular,,final,Baylor,Arkansas,20,12,67,58,,,,,,,,,
280328,1981-01-16,,1981,regular,,final,Hardin-Simmons,Little Rock,772,144,69,70,,,ASUN,,,,,,
280329,1981-01-16,,1981,regular,,final,Manhattan,Army,155,15,60,68,,NEC,NEC,,,,,,
280330,1981-01-16,,1981,regular,,final,Arizona State,USC,10,323,69,55,,Pac-12,Pac-12,,,,,,
280331,1981-01-16,,1981,regular,,final,Mississippi State,Auburn,174,16,69,61,,SEC,SEC,,,,,,
280332,1981-01-16,,1981,regular,,final,Western Kentucky,Austin Peay,350,17,70,58,,OVC,OVC,,,,,,
280333,1981-01-16,,1981,regular,,final,Northern Illinois,Ball State,208,19,73,76,,MAC,MAC,,,,,,
280334,1981-01-16,,1981,regular,,final,Bethune-Cookman,North Carolina A&T,23,198,66,57,,MEAC,MEAC,,,,,,
280335,1981-01-16,,1981,regular,,final,Bowling Green,Central Michigan,28,45,96,94,,MAC,MAC,,,,,,
280336,1981-01-16,,1981,regular,,final,St. Francis Brooklyn,Baltimore,364,375,69,64,,NEC,CAA,,,,,,
280337,1981-01-16,,1981,regular,,final,Boise State,Idaho,25,117,45,57,,Big Sky,Big Sky,,,,,,
280338,1981-01-16,,1981,regular,,final,Creighton,Bradley,61,29,54,51,,MVC,MVC,,,,,,
280339,1981-01-16,,1981,regular,,final,Butler,Xavier,34,359,73,72,,Horizon,Horizon,,,,,,
280340,1981-01-16,,1981,regular,,final,UTEP,BYU,327,18,64,62,,UAC,UAC,,,,,,
280341,1981-01-16,,1981,regular,,final,California,Washington,40,343,74,65,,Pac-12,Pac-12,,,,,,
280343,1981-01-16,,1981,regular,,final,Colgate,Catholic,55,1279,37,38,,Am. East,,,,,,,
280344,1981-01-16,,1981,regular,,final,Centenary (LA),Northwestern State,367,211,72,71,,ASUN,ASUN,,,,,,
280345,1981-01-16,,1981,regular,,final,Cincinnati,Virginia Tech,51,340,82,77,,,,,,,,,
280346,1981-01-16,,1981,regular,,final,The Citadel,Western Carolina,299,348,61,59,,SoCon,SoCon,,,,,,
280347,1981-01-16,,1981,regular,,final,Clemson,Maryland,52,160,62,68,,ACC,ACC,,,,,,
280348,1981-01-16,,1981,regular,,final,Siena,Cleveland State,264,53,79,76,,NEC,Indep.,,,,,,
280349,1981-01-16,,1981,regular,,final,Colorado,Kansas State,56,132,62,63,,,,,,,,,
280350,1981-01-16,,1981,regular,,final,UConn,St. John's,314,279,69,68,,Big East,Big East,,,,,,
280351,1981-01-16,,1981,regular,,final,Colorado State,Wyoming,57,358,54,85,,UAC,UAC,,,,,,
280352,1981-01-16,,1981,regular,,final,Dartmouth,Yale,62,360,75,65,,Ivy,Ivy,,,,,,
280353,1981-01-16,,1981,regular,,final,Davidson,Furman,63,93,73,72,,SoCon,SoCon,,,,,,
280354,1981-01-16,,1981,regular,,final,Loyola Chicago,Dayton,151,64,87,81,,Horizon,Indep.,,,,,,
280355,1981-01-16,,1981,regular,,final,Navy,Delaware,187,66,51,42,,CAA,,,,,,,
280356,1981-01-16,,1981,regular,,final,Northeastern,Drexel,205,71,77,65,,Am. East,,,,,,,
280357,1981-01-16,,1981,regular,,final,Pittsburgh,Delaware State,229,67,86,48,,A-10,MEAC,,,,,,
280358,1981-01-16,,1981,regular,,final,North Carolina,Duke,200,72,80,65,,ACC,ACC,,,,,,
280359,1981-01-16,,1981,regular,,final,George Washington,Duquesne,96,73,82,89,,A-10,A-10,,,,,,
280360,1981-01-16,,1981,regular,,final,Eastern Michigan,Ohio,79,215,62,57,,MAC,MAC,,,,,,
280361,1981-01-16,,1981,regular,,final,Marshall,East Tennessee State,158,75,78,66,,SoCon,SoCon,,,,,,
280362,1981-01-16,,1981,regular,,final,Oral Roberts,Evansville,222,82,70,66,,Horizon,Horizon,,,,,,
280363,1981-01-16,,1981,regular,,final,Florida A&M,South Carolina State,85,267,75,80,,MEAC,MEAC,,,,,,
280364,1981-01-16,,1981,regular,,final,Florida,Ole Miss,87,220,74,71,,SEC,SEC,,,,,,
280365,1981-01-16,,1981,regular,,final,San José State,Fresno State,260,92,52,47,,Big West,Big West,,,,,,
280366,1981-01-16,,1981,regular,,final,Fairfield,Saint Peter's,83,254,48,44,,NEC,NEC,,,,,,
280367,1981-01-16,,1981,regular,,final,Louisville,Florida State,150,90,98,78,,,,,,,,,
280368,1981-01-16,,1981,regular,,final,Long Beach State,Cal State Fullerton,145,37,71,56,,Big West,Big West,,,,,,
280369,1981-01-16,,1981,regular,,final,LSU,Georgia,136,98,78,65,,SEC,SEC,,,,,,
280370,1981-01-16,,1981,regular,,final,Mercer,Georgia State,164,100,84,69,,ASUN,Sun Belt,,,,,,
280371,1981-01-16,,1981,regular,,final,Georgia Tech,Virginia,101,339,48,85,,ACC,ACC,,,,,,
280372,1981-01-16,,1981,regular,,final,Saint Mary's,Gonzaga,253,102,50,59,,WCC,WCC,,,,,,
280373,1981-01-16,,1981,regular,,final,Grambling,Texas Southern,103,296,84,67,,SWAC,SWAC,,,,,,
280374,1981-01-16,,1981,regular,,final,Samford,Georgia Southern,256,99,56,53,,ASUN,ASUN,,,,,,
280375,1981-01-16,,1981,regular,,final,Georgetown,Syracuse,97,286,62,57,,Big East,Big East,,,,,,
280376,1981-01-16,,1981,regular,,final,Houston Christian,UL Monroe,112,316,55,66,,ASUN,ASUN,,,,,,
280377,1981-01-16,,1981,regular,,final,Notre Dame,Hofstra,213,110,65,55,,Indep.,,,,,,,
280378,1981-01-16,,1981,regular,,final,Iona,Holy Cross,123,111,57,56,,NEC,Am. East,,,,,,
280379,1981-01-16,,1981,regular,,final,Houston,Lamar,113,139,70,64,,,Southland,,,,,,
280380,1981-01-16,,1981,regular,,final,Howard,West Chester,114,476,88,79,,MEAC,,,,,,,
280381,1981-01-16,,1981,regular,,final,Idaho State,Montana,116,179,49,53,,Big Sky,Big Sky,,,,,,
280382,1981-01-16,,1981,regular,,final,Illinois,Minnesota,118,173,80,76,,Big Ten,Big Ten,,,,,,
280383,1981-01-16,,1981,regular,,final,Indiana State,Tulsa,122,304,59,81,,MVC,MVC,,,,,,
280384,1981-01-16,,1981,regular,,final,Missouri,Iowa State,177,125,92,69,,,,,,,,,
280385,1981-01-16,,1981,regular,,final,Michigan,Iowa,170,124,58,73,,Big Ten,Big Ten,,,,,,
280386,1981-01-16,,1981,regular,,final,South Alabama,Jacksonville,265,127,55,48,,Sun Belt,Sun Belt,,,,,,
280387,1981-01-16,,1981,regular,,final,William & Mary,James Madison,353,129,44,42,,CAA,CAA,,,,,,
280388,1981-01-16,,1981,regular,,final,Oklahoma,Kansas,217,131,78,82,,,,,,,,,
280389,1981-01-16,,1981,regular,,final,Kent State,Miami (OH),134,167,58,65,,MAC,MAC,,,,,,
280390,1981-01-16,,1981,regular,,final,Lafayette,Temple,138,289,50,56,,,,,,,,,
280391,1981-01-16,,1981,regular,,final,Rider,La Salle,243,137,80,63,,,,,,,,,
280392,1981-01-16,,1981,regular,,final,Seton Hall,Lehigh,263,141,80,63,,Big East,,,,,,,
280393,1981-01-16,,1981,regular,,final,Loyola Marymount,San Diego,153,258,72,69,,WCC,WCC,,,,,,
280394,1981-01-16,,1981,regular,,final,West Virginia,Massachusetts,347,161,93,51,,A-10,A-10,,,,,,
280395,1981-01-16,,1981,regular,,final,Murray State,Middle Tennessee,184,171,74,70,,OVC,OVC,,,,,,
280396,1981-01-16,,1981,regular,,final,Memphis,Saint Louis,163,252,59,66,,,,,,,,,
280397,1981-01-16,,1981,regular,,final,Tennessee Tech,Morehead State,291,181,85,84,,OVC,OVC,,,,,,
280398,1981-01-16,,1981,regular,,final,Weber State,Montana State,345,180,41,50,,Big Sky,Big Sky,,,,,,
280399,1981-01-16,,1981,regular,,final,Marquette,South Carolina,157,266,89,91,,Indep.,Indep.,,,,,,
280400,1981-01-16,,1981,regular,,final,Michigan State,Northwestern,169,212,84,70,,Big Ten,Big Ten,,,,,,
280401,1981-01-16,,1981,regular,,final,Mississippi Valley State,Southern,175,274,76,78,,SWAC,SWAC,,,,,,
280402,1981-01-16,,1981,regular,,final,Wake Forest,NC State,342,185,60,52,,ACC,ACC,,,,,,
280403,1981-01-16,,1981,regular,,final,Oklahoma State,Nebraska,218,188,81,70,,,MVC,,,,,,
280404,1981-01-16,,1981,regular,,final,New Hampshire,Niagara,190,194,82,77,,Am. East,Am. East,,,,,,
280405,1981-01-16,,1981,regular,,final,New Mexico,Utah,191,331,76,82,,UAC,UAC,,,,,,
280406,1981-01-16,,1981,regular,,final,Tulane,New Orleans,303,193,77,70,,,Indep.,,,,,,
280407,1981-01-16,,1981,regular,,final,Texas Pan American,Northern Iowa,1535,209,94,70,,,Indep.,,,,,,
280408,1981-01-16,,1981,regular,,final,West Texas A&M,New Mexico State,1440,192,74,68,,MVC,MVC,,,,,,
280409,1981-01-16,,1981,regular,,final,UT Arlington,North Texas,324,204,82,86,,Southland,Indep.,,,,,,
280410,1981-01-16,,1981,regular,,final,Old Dominion,Rhode Island,219,240,54,59,,CAA,A-10,,,,,,
280411,1981-01-16,,1981,regular,,final,Oregon State,Oregon,224,223,82,55,,Pac-12,Pac-12,,,,,,
280412,1981-01-16,,1981,regular,,final,Utah State,Pacific,329,225,106,89,,Big West,Big West,,,,,,
280413,1981-01-16,,1981,regular,,final,Penn State (Beaver),Villanova,1353,338,55,68,,,Big East,,,,,,
280414,1981-01-16,,1981,regular,,final,Pepperdine,Santa Clara,228,261,91,82,,WCC,WCC,,,,,,
280415,1981-01-16,,1981,regular,,final,San Francisco,Portland,259,230,88,86,,WCC,WCC,,,,,,
280416,1981-01-16,,1981,regular,,final,Wisconsin,Purdue,355,236,69,71,,Big Ten,Big Ten,,,,,,
280417,1981-01-16,,1981,regular,,final,Rice,Texas Tech,241,298,52,50,,,,,,,,,
280418,1981-01-16,,1981,regular,,final,Rutgers,St. Bonaventure,245,277,58,64,,A-10,A-10,,,,,,
280419,1981-01-16,,1981,regular,,final,Towson,St. Francis (PA),301,278,69,76,,CAA,CAA,,,,,,
280420,1981-01-16,,1981,regular,,final,Wichita State,Southern Illinois,352,273,73,47,,MVC,MVC,,,,,,
280421,1981-01-16,,1981,regular,,final,Texas A&M,SMU,293,248,71,51,,,,,,,,,
280422,1981-01-16,,1981,regular,,final,Stanford,Washington State,281,344,62,60,,Pac-12,Pac-12,,,,,,
280423,1981-01-16,,1981,regular,,final,Louisiana,Stetson,148,283,96,75,,Southland,Indep.,,,,,,
280424,1981-01-16,,1981,regular,,final,Vanderbilt,Tennessee,336,292,66,72,,SEC,SEC,,,,,,
280425,1981-01-16,,1981,regular,,final,TCU,Texas,287,295,66,64,,,,,,,,,
280426,1981-01-16,,1981,regular,,final,Toledo,Western Michigan,300,351,77,66,,MAC,MAC,,,,,,
280427,1981-01-16,,1981,regular,,final,UC Irvine,UC Santa Barbara,308,311,65,56,,Big West,Big West,,,,,,
280428,1981-01-16,,1981,regular,,final,San Diego State,UNLV,257,322,77,78,,UAC,Indep.,,,,,,
280429,1981-01-16,,1981,regular,,final,Nevada,Northern Arizona,189,206,74,70,,Big Sky,Big Sky,,,,,,
280430,1981-01-17,,1981,regular,,final,DePaul,Wagner,65,341,90,75,,Indep.,NEC,,,,,,
280431,1981-01-17,,1981,regular,,final,Ohio State,Indiana,216,121,60,67,,Big Ten,Big Ten,,,,,,
280432,1981-01-17,,1981,regular,,final,Louisville,Missouri,150,177,71,49,,,,,,,,,
280433,1981-01-17,,1981,regular,,final,VCU,Charlotte,333,48,86,75,,Sun Belt,Sun Belt,,,,,,
280434,1981-01-18,,1981,regular,,final,Alcorn State,Texas Southern,7,296,111,77,,SWAC,SWAC,,,,,,
280435,1981-01-18,,1981,regular,,final,Rider,American University,243,8,59,69,,,,,,,,,
280436,1981-01-18,,1981,regular,,final,Arizona,USC,11,323,63,67,,Pac-12,Pac-12,,,,,,
280437,1981-01-18,,1981,regular,,final,Houston,Arkansas,113,12,57,54,,,,,,,,,
280438,1981-01-18,,1981,regular,,final,Army,Penn State,15,226,52,63,,NEC,Indep.,,,,,,
280439,1981-01-18,,1981,regular,,final,Howard,Charleston Southern,114,47,66,48,,MEAC,Indep.,,,,,,
280440,1981-01-18,,1981,regular,,final,Baylor,Texas Tech,20,298,69,61,,,,,,,,,
280441,1981-01-18,,1981,regular,,final,Fairfield,Boston University,83,27,59,62,,NEC,Am. East,,,,,,
280442,1981-01-18,,1981,regular,,final,Bradley,Tulsa,29,304,70,63,,MVC,MVC,,,,,,
280443,1981-01-18,,1981,regular,,final,Bucknell,Drexel,32,71,55,56,,,,,,,,,
280444,1981-01-18,,1981,regular,,final,Catholic,William & Mary,1279,353,29,36,,,CAA,,,,,,
280445,1981-01-18,,1981,regular,,final,Louisiana Tech,Centenary (LA),149,367,63,52,,Southland,ASUN,,,,,,
280446,1981-01-18,,1981,regular,,final,The Citadel,Chattanooga,299,49,76,85,,SoCon,SoCon,,,,,,
280447,1981-01-18,,1981,regular,,final,Clemson,Virginia,52,339,59,74,,ACC,ACC,,,,,,
280448,1981-01-18,,1981,regular,,final,Seton Hall,Columbia,263,58,61,63,,Big East,Ivy,,,,,,
280449,1981-01-18,,1981,regular,,final,Cleveland State,Robert Morris,53,244,64,48,,Indep.,CAA,,,,,,
280450,1981-01-18,,1981,regular,,final,Drake,Creighton,70,61,71,70,,MVC,MVC,,,,,,
280451,1981-01-18,,1981,regular,,final,Western Carolina,Davidson,348,63,82,78,,SoCon,SoCon,,,,,,
280452,1981-01-18,,1981,regular,,final,Duke,George Mason,72,95,60,51,,ACC,CAA,,,,,,
280453,1981-01-18,,1981,regular,,final,VMI,East Tennessee State,334,75,67,68,,SoCon,SoCon,,,,,,
280454,1981-01-18,,1981,regular,,final,Oklahoma City,Evansville,1476,82,83,66,,,Horizon,,,,,,
280455,1981-01-18,,1981,regular,,final,Notre Dame,Fordham,213,91,67,61,,Indep.,NEC,,,,,,
280456,1981-01-18,,1981,regular,,final,Marshall,Furman,158,93,98,80,,SoCon,SoCon,,,,,,
280457,1981-01-18,,1981,regular,,final,George Washington,St. Francis (PA),96,278,78,80,,A-10,CAA,,,,,,
280458,1981-01-18,,1981,regular,,final,Grambling,Prairie View A&M,103,232,85,72,,SWAC,SWAC,,,,,,
280459,1981-01-18,,1981,regular,,final,Georgetown,Providence,97,235,58,61,,Big East,Big East,,,,,,
280460,1981-01-18,,1981,regular,,final,Valparaiso,Illinois State,335,119,58,72,,Indep.,Indep.,,,,,,
280461,1981-01-18,,1981,regular,,final,Saint Louis,Iowa State,252,125,61,59,,,,,,,,,
280462,1981-01-18,,1981,regular,,final,Jackson State,Mississippi Valley State,126,175,66,69,,SWAC,SWAC,,,,,,
280463,1981-01-18,,1981,regular,,final,LSU,Kentucky,136,135,67,51,,SEC,SEC,,,,,,
280464,1981-01-18,,1981,regular,,final,Lamar,Southern,139,274,85,67,,Southland,SWAC,,,,,,
280465,1981-01-18,,1981,regular,,final,West Chester,La Salle,476,137,73,90,,,,,,,,,
280466,1981-01-18,,1981,regular,,final,Loyola Chicago,Xavier,151,359,73,63,,Horizon,Horizon,,,,,,
280467,1981-01-18,,1981,regular,,final,McNeese,UL Monroe,162,316,81,88,,Southland,ASUN,,,,,,
280468,1981-01-18,,1981,regular,,final,Memphis,Tulane,163,303,91,79,,,,,,,,,
280469,1981-01-18,,1981,regular,,final,Louisiana,New Orleans,148,193,73,76,,Southland,Indep.,,,,,,
280470,1981-01-18,,1981,regular,,final,North Texas,Texas,204,295,75,74,,Indep.,,,,,,,
280471,1981-01-18,,1981,regular,,final,Northwestern State,SE Louisiana,211,246,90,71,,ASUN,Indep.,,,,,,
280472,1981-01-18,,1981,regular,,final,West Texas A&M,Southern Illinois,1440,273,108,83,,MVC,MVC,,,,,,
280473,1981-01-18,,1981,regular,,final,Samford,Stetson,256,283,83,75,,ASUN,Indep.,,,,,,
280474,1981-01-18,,1981,regular,,final,Villanova,Towson,338,301,84,64,,Big East,CAA,,,,,,
280475,1981-01-19,,1981,regular,,final,Little Rock,Mercer,144,164,68,58,,ASUN,ASUN,,,,,,
280476,1981-01-19,,1981,regular,,final,Dartmouth,Northeastern,62,205,55,69,,Ivy,Am. East,,,,,,
280477,1981-01-19,,1981,regular,,final,Delaware,Saint Joseph's,66,251,56,67,,,,,,,,,
280478,1981-01-19,,1981,regular,,final,Duquesne,Rutgers,73,245,62,60,,A-10,A-10,,,,,,
280479,1981-01-19,,1981,regular,,final,Charlotte,East Carolina,48,74,64,65,,Sun Belt,Indep.,,,,,,
280480,1981-01-19,,1981,regular,,final,Jacksonville,Florida State,127,90,50,59,,Sun Belt,,,,,,,
280481,1981-01-19,,1981,regular,,final,Georgia State,VCU,100,333,71,84,,Sun Belt,Sun Belt,,,,,,
280482,1981-01-19,,1981,regular,,final,Holy Cross,Saint Peter's,111,254,55,47,,Am. East,NEC,,,,,,
280483,1981-01-19,,1981,regular,,final,Yale,Manhattan,360,155,78,64,,Ivy,NEC,,,,,,
280484,1981-01-19,,1981,regular,,final,Rhode Island,Pittsburgh,240,229,62,60,,A-10,A-10,,,,,,
280485,1981-01-19,,1981,regular,,final,Texas A&M,Rice,293,241,50,54,,,,,,,,,
280486,1981-01-19,,1981,regular,,final,Vermont,Siena,337,264,86,79,,Am. East,NEC,,,,,,
280487,1981-01-19,,1981,regular,,final,TCU,SMU,287,248,52,43,,,,,,,,,
280488,1981-01-20,,1981,regular,,final,Georgia,Alabama,98,5,71,83,,SEC,SEC,,,,,,
280489,1981-01-20,,1981,regular,,final,Furman,App State,93,9,56,66,,SoCon,SoCon,,,,,,
280490,1981-01-20,,1981,regular,,final,Auburn,LSU,16,136,64,74,,SEC,SEC,,,,,,
280491,1981-01-20,,1981,regular,,final,Miami (OH),Ball State,167,19,69,80,,MAC,MAC,,,,,,
280492,1981-01-20,,1981,regular,,final,South Carolina State,Charleston Southern,267,47,83,68,,MEAC,Indep.,,,,,,
280493,1981-01-20,,1981,regular,,final,Bowling Green,Northern Illinois,28,208,56,65,,MAC,MAC,,,,,,
280494,1981-01-20,,1981,regular,,final,Baltimore,Fairleigh Dickinson,375,84,81,94,,CAA,NEC,,,,,,
280495,1981-01-20,,1981,regular,,final,Boston College,Syracuse,26,286,66,63,,Big East,Big East,,,,,,
280496,1981-01-20,,1981,regular,,final,St. Bonaventure,Canisius,277,42,74,68,,A-10,Am. East,,,,,,
280497,1981-01-20,,1981,regular,,final,Clemson,Georgia Tech,52,101,72,48,,ACC,ACC,,,,,,
280498,1981-01-20,,1981,regular,,final,Central Michigan,Eastern Michigan,45,79,72,80,,MAC,MAC,,,,,,
280499,1981-01-20,,1981,regular,,final,Nebraska,Colorado,188,56,59,62,,MVC,,,,,,,
280500,1981-01-20,,1981,regular,,final,Villanova,UConn,338,314,63,59,,Big East,Big East,,,,,,
280501,1981-01-20,,1981,regular,,final,Davidson,VMI,63,334,79,63,,SoCon,SoCon,,,,,,
280502,1981-01-20,,1981,regular,,final,La Salle,Dayton,137,64,76,68,,,Indep.,,,,,,
280503,1981-01-20,,1981,regular,,final,Drexel,Rider,71,243,81,60,,,,,,,,,
280504,1981-01-20,,1981,regular,,final,NC State,Duke,185,72,47,56,,ACC,ACC,,,,,,
280505,1981-01-20,,1981,regular,,final,Kentucky,Florida,135,87,102,48,,SEC,SEC,,,,,,
280506,1981-01-20,,1981,regular,,final,Richmond,George Mason,242,95,68,57,,CAA,CAA,,,,,,
280507,1981-01-20,,1981,regular,,final,Virginia,George Washington,339,96,86,56,,ACC,A-10,,,,,,
280508,1981-01-20,,1981,regular,,final,Iona,Niagara,123,194,74,61,,NEC,Am. East,,,,,,
280509,1981-01-20,,1981,regular,,final,Iowa State,Oklahoma,125,217,88,67,,,,,,,,,
280510,1981-01-20,,1981,regular,,final,James Madison,Old Dominion,129,219,63,65,,CAA,CAA,,,,,,
280511,1981-01-20,,1981,regular,,final,Jackson State,New Orleans,126,193,55,56,,SWAC,Indep.,,,,,,
280512,1981-01-20,,1981,regular,,final,Kansas,Missouri,131,177,63,55,,,,,,,,,
280513,1981-01-20,,1981,regular,,final,Kansas State,Oklahoma State,132,218,83,90,,,,,,,,,
280514,1981-01-20,,1981,regular,,final,Western Michigan,Kent State,351,134,77,62,,MAC,MAC,,,,,,
280515,1981-01-20,,1981,regular,,final,Lafayette,Navy,138,187,77,60,,,CAA,,,,,,
280516,1981-01-20,,1981,regular,,final,Loyola Chicago,Oral Roberts,151,222,102,93,,Horizon,Horizon,,,,,,
280517,1981-01-20,,1981,regular,,final,Ole Miss,Vanderbilt,220,336,46,44,,SEC,SEC,,,,,,
280518,1981-01-20,,1981,regular,,final,Tennessee,Mississippi State,292,174,81,57,,SEC,SEC,,,,,,
280519,1981-01-20,,1981,regular,,final,UNC Wilmington,North Carolina A&T,321,198,72,70,,Indep.,MEAC,,,,,,
280520,1981-01-20,,1981,regular,,final,Nicholls,Texas Southern,195,296,72,80,,Indep.,SWAC,,,,,,
280521,1981-01-20,,1981,regular,,final,Notre Dame,San Francisco,213,259,80,75,,Indep.,WCC,,,,,,
280522,1981-01-20,,1981,regular,,final,Ohio,Toledo,215,300,73,86,,MAC,MAC,,,,,,
280523,1981-01-20,,1981,regular,,final,Penn State,West Virginia,226,347,52,55,,Indep.,A-10,,,,,,
280524,1981-01-20,,1981,regular,,final,South Carolina,Temple,266,289,64,68,,Indep.,,,,,,,
280525,1981-01-20,,1981,regular,,final,St. John's,Seton Hall,279,263,73,62,,Big East,Big East,,,,,,
280526,1981-01-20,,1981,regular,,final,William & Mary,Virginia Tech,353,340,48,46,,CAA,,,,,,,
280527,1981-01-21,,1981,regular,,final,Air Force,New Mexico,2,191,37,38,,UAC,UAC,,,,,,
280528,1981-01-21,,1981,regular,,final,Tennessee Tech,Akron,291,3,62,71,,OVC,OVC,,,,,,
280529,1981-01-21,,1981,regular,,final,Little Rock,UL Monroe,144,316,53,63,,ASUN,ASUN,,,,,,
280530,1981-01-21,,1981,regular,,final,Army,St. Francis Brooklyn,15,364,62,63,,NEC,NEC,,,,,,
280531,1981-01-21,,1981,regular,,final,Murray State,Austin Peay,184,17,70,69,,OVC,OVC,,,,,,
280532,1981-01-21,,1981,regular,,final,Montana State,Boise State,180,25,96,70,,Big Sky,Big Sky,,,,,,
280533,1981-01-21,,1981,regular,,final,Catholic,Fairleigh Dickinson,1279,84,62,75,,,NEC,,,,,,
280534,1981-01-21,,1981,regular,,final,Houston Christian,Centenary (LA),112,367,66,60,,ASUN,ASUN,,,,,,
280535,1981-01-21,,1981,regular,,final,Duquesne,Cincinnati,73,51,85,77,,A-10,,,,,,,
280536,1981-01-21,,1981,regular,,final,Creighton,Wichita State,61,352,72,77,,MVC,MVC,,,,,,
280537,1981-01-21,,1981,regular,,final,UC Santa Barbara,Utah State,311,329,72,78,,Big West,Big West,,,,,,
280538,1981-01-21,,1981,regular,,final,Indiana State,Drake,122,70,91,90,,MVC,MVC,,,,,,
280539,1981-01-21,,1981,regular,,final,Eastern Kentucky,Morehead State,78,181,91,65,,OVC,OVC,,,,,,
280540,1981-01-21,,1981,regular,,final,Rutgers,Fordham,245,91,77,63,,A-10,NEC,,,,,,
280541,1981-01-21,,1981,regular,,final,Fresno State,Long Beach State,92,145,54,55,,Big West,Big West,,,,,,
280542,1981-01-21,,1981,regular,,final,Cal State Fullerton,San José State,37,260,43,49,,Big West,Big West,,,,,,
280543,1981-01-21,,1981,regular,,final,Gonzaga,Pepperdine,102,228,76,81,,WCC,WCC,,,,,,
280544,1981-01-21,,1981,regular,,final,Hardin-Simmons,Georgia Southern,772,99,85,65,,,ASUN,,,,,,
280545,1981-01-21,,1981,regular,,final,Northern Arizona,Idaho State,206,116,65,68,,Big Sky,Big Sky,,,,,,
280546,1981-01-21,,1981,regular,,final,Michigan,Illinois,170,118,80,76,,Big Ten,Big Ten,,,,,,
280547,1981-01-21,,1981,regular,,final,McNeese,Illinois State,162,119,61,59,,Southland,Indep.,,,,,,
280548,1981-01-21,,1981,regular,,final,Indiana,Iowa,121,124,53,56,,Big Ten,Big Ten,,,,,,
280549,1981-01-21,,1981,regular,,final,Portland,Loyola Marymount,230,153,66,69,,WCC,WCC,,,,,,
280550,1981-01-21,,1981,regular,,final,Memphis,Louisville,163,150,60,55,,,,,,,,,
280551,1981-01-21,,1981,regular,,final,Massachusetts,Rhode Island,161,240,63,73,,A-10,A-10,,,,,,
280552,1981-01-21,,1981,regular,,final,Western Kentucky,Middle Tennessee,350,171,67,55,,OVC,OVC,,,,,,
280553,1981-01-21,,1981,regular,,final,Minnesota,Ohio State,173,216,63,76,,Big Ten,Big Ten,,,,,,
280554,1981-01-21,,1981,regular,,final,Wisconsin,Michigan State,355,169,63,62,,Big Ten,Big Ten,,,,,,
280555,1981-01-21,,1981,regular,,final,Valparaiso,Northern Iowa,335,209,61,58,,Indep.,Indep.,,,,,,
280556,1981-01-21,,1981,regular,,final,Purdue,Northwestern,236,212,55,50,,Big Ten,Big Ten,,,,,,
280557,1981-01-21,,1981,regular,,final,Northwestern State,Southern Miss,211,275,67,65,,ASUN,Indep.,,,,,,
280558,1981-01-21,,1981,regular,,final,Xavier,Oklahoma City,359,1476,79,73,,Horizon,,,,,,,
280559,1981-01-21,,1981,regular,,final,Washington,Oregon,343,223,102,91,,Pac-12,Pac-12,,,,,,
280560,1981-01-21,,1981,regular,,final,Washington State,Oregon State,344,224,53,66,,Pac-12,Pac-12,,,,,,
280561,1981-01-21,,1981,regular,,final,Louisiana,Texas Pan American,148,1535,88,85,,Southland,,,,,,,
280562,1981-01-21,,1981,regular,,final,South Alabama,VCU,265,333,70,86,,Sun Belt,Sun Belt,,,,,,
280563,1981-01-21,,1981,regular,,final,San Diego,Saint Mary's,258,253,73,61,,WCC,WCC,,,,,,
280564,1981-01-21,,1981,regular,,final,North Texas,Texas Tech,204,298,69,67,,Indep.,,,,,,,
280565,1981-01-21,,1981,regular,,final,Tulsa,West Texas A&M,304,1440,103,90,,MVC,MVC,,,,,,
280566,1981-01-21,,1981,regular,,final,Pacific,UC Irvine,225,308,72,88,,Big West,Big West,,,,,,
280567,1981-01-21,,1981,regular,,final,Wake Forest,North Carolina,342,200,60,74,,ACC,ACC,,,,,,
280568,1981-01-21,,1981,regular,,final,Nevada,Weber State,189,345,65,58,,Big Sky,Big Sky,,,,,,
280569,1981-01-22,,1981,regular,,final,Bethune-Cookman,Howard,23,114,56,66,,MEAC,MEAC,,,,,,
280570,1981-01-22,,1981,regular,,final,Evansville,Butler,82,34,73,58,,Horizon,Horizon,,,,,,
280571,1981-01-22,,1981,regular,,final,BYU,Colorado State,18,57,66,46,,UAC,UAC,,,,,,
280572,1981-01-22,,1981,regular,,final,Colgate,Dartmouth,55,62,71,70,,Am. East,Ivy,,,,,,
280573,1981-01-22,,1981,regular,,final,Columbia,Cornell,58,60,46,45,,Ivy,Ivy,,,,,,
280574,1981-01-22,,1981,regular,,final,Florida A&M,Delaware State,85,67,77,73,,MEAC,MEAC,,,,,,
280575,1981-01-22,,1981,regular,,final,Montana,Idaho,179,117,44,47,,Big Sky,Big Sky,,,,,,
280576,1981-01-22,,1981,regular,,final,Vermont,Maine-Farmington,337,1078,83,90,,Am. East,,,,,,,
280577,1981-01-22,,1981,regular,,final,Santa Clara,San Francisco,261,259,70,63,,WCC,WCC,,,,,,
280578,1981-01-22,,1981,regular,,final,UCLA,Stanford,313,281,85,58,,Pac-12,Pac-12,,,,,,
280579,1981-01-22,,1981,regular,,final,Utah,Wyoming,331,358,55,53,,UAC,UAC,,,,,,
280580,1981-01-23,,1981,regular,,final,Air Force,UTEP,2,327,52,42,,UAC,UAC,,,,,,
280581,1981-01-23,,1981,regular,,final,Austin Peay,Akron,17,3,65,79,,OVC,OVC,,,,,,
280582,1981-01-23,,1981,regular,,final,Florida,Alabama,87,5,97,91,,SEC,SEC,,,,,,
280583,1981-01-23,,1981,regular,,final,Jacksonville,UAB,127,305,64,76,,Sun Belt,Sun Belt,,,,,,
280584,1981-01-23,,1981,regular,,final,Alcorn State,Grambling,7,103,73,79,,SWAC,SWAC,,,,,,
280585,1981-01-23,,1981,regular,,final,American University,Lehigh,8,141,81,64,,,,,,,,,
280586,1981-01-23,,1981,regular,,final,App State,Marshall,9,158,75,56,,SoCon,SoCon,,,,,,
280587,1981-01-23,,1981,regular,,final,Arizona State,Arizona,10,11,83,65,,Pac-12,Pac-12,,,,,,
280588,1981-01-23,,1981,regular,,final,Arkansas,Texas A&M,12,293,52,47,,,,,,,,,
280589,1981-01-23,,1981,regular,,final,Houston Christian,Little Rock,112,144,64,59,,ASUN,ASUN,,,,,,
280590,1981-01-23,,1981,regular,,final,Army,Long Island University,15,146,50,72,,NEC,NEC,,,,,,
280591,1981-01-23,,1981,regular,,final,Georgia,Auburn,98,16,67,63,,SEC,SEC,,,,,,
280592,1981-01-23,,1981,regular,,final,Ball State,Western Michigan,19,351,77,78,,MAC,MAC,,,,,,
280593,1981-01-23,,1981,regular,,final,UNC Wilmington,Charleston Southern,321,47,74,65,,Indep.,Indep.,,,,,,
280594,1981-01-23,,1981,regular,,final,Texas,Baylor,295,20,75,70,,,,,,,,,
280595,1981-01-23,,1981,regular,,final,Bethune-Cookman,Delaware State,23,67,62,47,,MEAC,MEAC,,,,,,
280596,1981-01-23,,1981,regular,,final,Eastern Michigan,Bowling Green,79,28,68,65,,MAC,MAC,,,,,,
280597,1981-01-23,,1981,regular,,final,Baltimore,VMI,375,334,46,41,,CAA,SoCon,,,,,,
280598,1981-01-23,,1981,regular,,final,Seton Hall,Boston College,263,26,68,72,,Big East,Big East,,,,,,
280599,1981-01-23,,1981,regular,,final,Montana,Boise State,179,25,47,40,,Big Sky,Big Sky,,,,,,
280600,1981-01-23,,1981,regular,,final,Boston University,Wagner,27,341,70,74,,Am. East,NEC,,,,,,
280601,1981-01-23,,1981,regular,,final,Southern Illinois,Bradley,273,29,47,58,,MVC,MVC,,,,,,
280602,1981-01-23,,1981,regular,,final,BYU,Wyoming,18,358,84,70,,UAC,UAC,,,,,,
280603,1981-01-23,,1981,regular,,final,UCLA,California,313,40,75,61,,Pac-12,Pac-12,,,,,,
280604,1981-01-23,,1981,regular,,final,Campbell,Northern Iowa,41,209,64,65,,Indep.,Indep.,,,,,,
280605,1981-01-23,,1981,regular,,final,Niagara,Canisius,194,42,64,63,,Am. East,Am. East,,,,,,
280606,1981-01-23,,1981,regular,,final,Catholic,Rider,1279,243,60,72,,,,,,,,,
280607,1981-01-23,,1981,regular,,final,UL Monroe,Centenary (LA),316,367,77,80,,ASUN,ASUN,,,,,,
280608,1981-01-23,,1981,regular,,final,Saint Louis,Cincinnati,252,51,57,66,,,,,,,,,
280609,1981-01-23,,1981,regular,,final,East Tennessee State,The Citadel,75,299,91,66,,SoCon,SoCon,,,,,,
280610,1981-01-23,,1981,regular,,final,Duke,Clemson,72,52,75,57,,ACC,ACC,,,,,,
280611,1981-01-23,,1981,regular,,final,Colgate,Villanova,55,338,75,85,,Am. East,Big East,,,,,,
280612,1981-01-23,,1981,regular,,final,Toledo,Central Michigan,300,45,70,68,,MAC,MAC,,,,,,
280613,1981-01-23,,1981,regular,,final,Kansas,Colorado,131,56,66,59,,,,,,,,,
280614,1981-01-23,,1981,regular,,final,UConn,Georgetown,314,97,75,73,,Big East,Big East,,,,,,
280615,1981-01-23,,1981,regular,,final,Creighton,West Texas A&M,61,1440,86,69,,MVC,MVC,,,,,,
280616,1981-01-23,,1981,regular,,final,UC Santa Barbara,San José State,311,260,56,57,,Big West,Big West,,,,,,
280617,1981-01-23,,1981,regular,,final,Utah,Colorado State,331,57,86,56,,UAC,UAC,,,,,,
280618,1981-01-23,,1981,regular,,final,South Carolina,Davidson,266,63,103,88,,Indep.,SoCon,,,,,,
280619,1981-01-23,,1981,regular,,final,Dayton,Marquette,64,157,85,73,,Indep.,Indep.,,,,,,
280620,1981-01-23,,1981,regular,,final,Delaware,Hofstra,66,110,61,70,,,,,,,,,
280621,1981-01-23,,1981,regular,,final,La Salle,DePaul,137,65,62,69,,,Indep.,,,,,,
280622,1981-01-23,,1981,regular,,final,Detroit Mercy,Xavier,69,359,65,69,,Horizon,Horizon,,,,,,
280623,1981-01-23,,1981,regular,,final,Drake,Wichita State,70,352,88,89,,MVC,MVC,,,,,,
280624,1981-01-23,,1981,regular,,final,Lafayette,Drexel,138,71,64,73,,,,,,,,,
280625,1981-01-23,,1981,regular,,final,Duquesne,Stetson,73,283,59,58,,A-10,Indep.,,,,,,
280626,1981-01-23,,1981,regular,,final,NC State,East Carolina,185,74,77,52,,ACC,Indep.,,,,,,
280627,1981-01-23,,1981,regular,,final,Florida A&M,Howard,85,114,91,71,,MEAC,MEAC,,,,,,
280628,1981-01-23,,1981,regular,,final,Fordham,Fairfield,91,83,70,61,,NEC,NEC,,,,,,
280629,1981-01-23,,1981,regular,,final,Florida State,Tulane,90,303,79,61,,,,,,,,,
280630,1981-01-23,,1981,regular,,final,Cal State Fullerton,Utah State,37,329,67,68,,Big West,Big West,,,,,,
280631,1981-01-23,,1981,regular,,final,Furman,Chattanooga,93,49,96,90,,SoCon,SoCon,,,,,,
280632,1981-01-23,,1981,regular,,final,James Madison,George Mason,129,95,70,53,,CAA,CAA,,,,,,
280633,1981-01-23,,1981,regular,,final,Georgia State,South Florida,100,271,70,85,,Sun Belt,Sun Belt,,,,,,
280634,1981-01-23,,1981,regular,,final,North Carolina,Georgia Tech,200,101,100,60,,ACC,ACC,,,,,,
280635,1981-01-23,,1981,regular,,final,George Washington,Pittsburgh,96,229,55,74,,A-10,A-10,,,,,,
280636,1981-01-23,,1981,regular,,final,Gonzaga,Loyola Marymount,102,153,64,48,,WCC,WCC,,,,,,
280637,1981-01-23,,1981,regular,,final,Northwestern State,Georgia Southern,211,99,77,72,,ASUN,ASUN,,,,,,
280638,1981-01-23,,1981,regular,,final,Louisiana Tech,Hardin-Simmons,149,772,79,71,,Southland,,,,,,,
280639,1981-01-23,,1981,regular,,final,Houston,TCU,113,287,68,59,,,,,,,,,
280640,1981-01-23,,1981,regular,,final,Montana State,Idaho,180,117,68,59,,Big Sky,Big Sky,,,,,,
280641,1981-01-23,,1981,regular,,final,Nevada,Idaho State,189,116,70,76,,Big Sky,Big Sky,,,,,,
280642,1981-01-23,,1981,regular,,final,Illinois,Wisconsin,118,355,45,54,,Big Ten,Big Ten,,,,,,
280643,1981-01-23,,1981,regular,,final,Oral Roberts,Illinois State,222,119,80,75,,Horizon,Indep.,,,,,,
280644,1981-01-23,,1981,regular,,final,Northwestern,Indiana,212,121,56,93,,Big Ten,Big Ten,,,,,,
280645,1981-01-23,,1981,regular,,final,New Mexico State,Indiana State,192,122,73,59,,MVC,MVC,,,,,,
280646,1981-01-23,,1981,regular,,final,Siena,Iona,264,123,70,53,,NEC,NEC,,,,,,
280647,1981-01-23,,1981,regular,,final,Oklahoma State,Iowa State,218,125,81,75,,,,,,,,,
280648,1981-01-23,,1981,regular,,final,Iowa,Minnesota,124,173,48,60,,Big Ten,Big Ten,,,,,,
280649,1981-01-23,,1981,regular,,final,Tennessee State,Jackson State,290,126,94,58,,Indep.,SWAC,,,,,,
280650,1981-01-23,,1981,regular,,final,Vanderbilt,Kentucky,336,135,64,78,,SEC,SEC,,,,,,
280651,1981-01-23,,1981,regular,,final,Oklahoma,Kansas State,217,132,65,63,,,,,,,,,
280652,1981-01-23,,1981,regular,,final,Kent State,Ohio,134,215,82,69,,MAC,MAC,,,,,,
280653,1981-01-23,,1981,regular,,final,Texas Pan American,Lamar,1535,139,70,78,,,Southland,,,,,,
280654,1981-01-23,,1981,regular,,final,Pacific,Long Beach State,225,145,76,73,,Big West,Big West,,,,,,
280655,1981-01-23,,1981,regular,,final,Loyola Chicago,Oklahoma City,151,1476,92,86,,Horizon,,,,,,,
280656,1981-01-23,,1981,regular,,final,LSU,Tennessee,136,292,80,63,,SEC,SEC,,,,,,
280657,1981-01-23,,1981,regular,,final,Vermont,Maine-Farmington,337,1078,72,83,,Am. East,,,,,,,
280658,1981-01-23,,1981,regular,,final,Manhattan,Temple,155,289,53,59,,NEC,,,,,,,
280659,1981-01-23,,1981,regular,,final,Maryland,Notre Dame,160,213,70,73,,ACC,Indep.,,,,,,
280660,1981-01-23,,1981,regular,,final,McNeese,South Alabama,162,265,60,64,,Southland,Sun Belt,,,,,,
280661,1981-01-23,,1981,regular,,final,Middle Tennessee,Western Carolina,171,348,66,52,,OVC,SoCon,,,,,,
280662,1981-01-23,,1981,regular,,final,Memphis,Virginia Tech,163,340,70,60,,,,,,,,,
280663,1981-01-23,,1981,regular,,final,Samford,Mercer,256,164,79,80,,ASUN,ASUN,,,,,,
280664,1981-01-23,,1981,regular,,final,Ohio State,Michigan,216,170,69,63,,Big Ten,Big Ten,,,,,,
280665,1981-01-23,,1981,regular,,final,Mississippi State,Ole Miss,174,220,52,59,,SEC,SEC,,,,,,
280666,1981-01-23,,1981,regular,,final,Northern Illinois,Miami (OH),208,167,56,51,,MAC,MAC,,,,,,
280667,1981-01-23,,1981,regular,,final,Western Kentucky,Morehead State,350,181,75,68,,OVC,OVC,,,,,,
280668,1981-01-23,,1981,regular,,final,Nebraska,Missouri,188,177,66,53,,MVC,,,,,,,
280669,1981-01-23,,1981,regular,,final,Purdue,Michigan State,236,169,68,74,,Big Ten,Big Ten,,,,,,
280670,1981-01-23,,1981,regular,,final,Murray State,Tennessee Tech,184,291,50,48,,OVC,OVC,,,,,,
280671,1981-01-23,,1981,regular,,final,Northern Arizona,Weber State,206,345,58,57,,Big Sky,Big Sky,,,,,,
280672,1981-01-23,,1981,regular,,final,Navy,Richmond,187,242,56,64,,CAA,CAA,,,,,,
280673,1981-01-23,,1981,regular,,final,Saint Joseph's,Charlotte,251,48,72,65,,,Sun Belt,,,,,,
280674,1981-01-23,,1981,regular,,final,North Carolina A&T,South Carolina State,198,267,73,67,,MEAC,MEAC,,,,,,
280675,1981-01-23,,1981,regular,,final,Yale,New Hampshire,360,190,69,66,,Ivy,Am. East,,,,,,
280676,1981-01-23,,1981,regular,,final,New Orleans,Louisiana,193,148,76,67,,Indep.,Southland,,,,,,
280677,1981-01-23,,1981,regular,,final,Southern,Nicholls,274,195,74,70,,SWAC,Indep.,,,,,,
280678,1981-01-23,,1981,regular,,final,Penn State,Northeastern,226,205,58,60,,Indep.,Am. East,,,,,,
280679,1981-01-23,,1981,regular,,final,North Texas,Southern Miss,204,275,68,72,,Indep.,Indep.,,,,,,
280680,1981-01-23,,1981,regular,,final,Old Dominion,William & Mary,219,353,76,51,,CAA,CAA,,,,,,
280681,1981-01-23,,1981,regular,,final,Washington State,Oregon,344,223,66,70,,Pac-12,Pac-12,,,,,,
280682,1981-01-23,,1981,regular,,final,Washington,Oregon State,343,224,91,97,,Pac-12,Pac-12,,,,,,
280683,1981-01-23,,1981,regular,,final,Portland,Pepperdine,230,228,81,79,,WCC,WCC,,,,,,
280684,1981-01-23,,1981,regular,,final,Texas Southern,Prairie View A&M,296,232,72,66,,SWAC,SWAC,,,,,,
280685,1981-01-23,,1981,regular,,final,Providence,Rhode Island,235,240,44,53,,Big East,A-10,,,,,,
280686,1981-01-23,,1981,regular,,final,SMU,Rice,248,241,59,60,,,,,,,,,
280687,1981-01-23,,1981,regular,,final,Robert Morris,Towson,244,301,72,59,,CAA,CAA,,,,,,
280688,1981-01-23,,1981,regular,,final,San Diego,San Francisco,258,259,64,67,,WCC,WCC,,,,,,
280689,1981-01-23,,1981,regular,,final,St. Bonaventure,West Virginia,277,347,69,85,,A-10,A-10,,,,,,
280690,1981-01-23,,1981,regular,,final,Syracuse,St. John's,286,279,79,71,,Big East,Big East,,,,,,
280691,1981-01-23,,1981,regular,,final,Santa Clara,Saint Mary's,261,253,83,66,,WCC,WCC,,,,,,
280692,1981-01-23,,1981,regular,,final,Fresno State,UC Irvine,92,308,64,51,,Big West,Big West,,,,,,
280693,1981-01-23,,1981,regular,,final,USC,Stanford,323,281,89,64,,Pac-12,Pac-12,,,,,,
280694,1981-01-24,,1981,regular,,final,Virginia,Ohio State,339,216,89,73,,ACC,Big Ten,,,,,,
280695,1981-01-25,,1981,regular,,final,Akron,Cleveland State,3,53,68,78,,OVC,Indep.,,,,,,
280696,1981-01-25,,1981,regular,,final,Prairie View A&M,Alcorn State,232,7,53,66,,SWAC,SWAC,,,,,,
280697,1981-01-25,,1981,regular,,final,West Chester,American University,476,8,55,63,,,,,,,,,
280698,1981-01-25,,1981,regular,,final,App State,East Tennessee State,9,75,65,60,,SoCon,SoCon,,,,,,
280699,1981-01-25,,1981,regular,,final,Rice,Arkansas,241,12,52,57,,,,,,,,,
280700,1981-01-25,,1981,regular,,final,Arkansas State,UT Arlington,13,324,64,66,,Southland,Southland,,,,,,
280701,1981-01-25,,1981,regular,,final,East Carolina,Charleston Southern,74,47,65,59,,Indep.,Indep.,,,,,,
280702,1981-01-25,,1981,regular,,final,Baylor,Houston,20,113,51,53,,,,,,,,,
280703,1981-01-25,,1981,regular,,final,North Carolina A&T,Bethune-Cookman,198,23,44,46,,MEAC,MEAC,,,,,,
280704,1981-01-25,,1981,regular,,final,Boston College,Villanova,26,338,73,60,,Big East,Big East,,,,,,
280705,1981-01-25,,1981,regular,,final,Boston University,Towson,27,301,89,71,,Am. East,CAA,,,,,,
280706,1981-01-25,,1981,regular,,final,New Hampshire,Brown,190,30,68,71,,Am. East,Ivy,,,,,,
280707,1981-01-25,,1981,regular,,final,USC,California,323,40,72,66,,Pac-12,Pac-12,,,,,,
280708,1981-01-25,,1981,regular,,final,The Citadel,Furman,299,93,65,67,,SoCon,SoCon,,,,,,
280709,1981-01-25,,1981,regular,,final,Dartmouth,Holy Cross,62,111,58,70,,Ivy,Am. East,,,,,,
280710,1981-01-25,,1981,regular,,final,Detroit Mercy,Evansville,69,82,66,68,,Horizon,Horizon,,,,,,
280711,1981-01-25,,1981,regular,,final,Tulsa,Drake,304,70,86,77,,MVC,MVC,,,,,,
280712,1981-01-25,,1981,regular,,final,Fairleigh Dickinson,Siena,84,264,74,69,,NEC,NEC,,,,,,
280713,1981-01-25,,1981,regular,,final,Florida,Florida State,87,90,71,82,,SEC,,,,,,,
280714,1981-01-25,,1981,regular,,final,George Mason,William & Mary,95,353,45,64,,CAA,CAA,,,,,,
280715,1981-01-25,,1981,regular,,final,Georgia State,Charlotte,100,48,75,97,,Sun Belt,Sun Belt,,,,,,
280716,1981-01-25,,1981,regular,,final,Northwestern State,Hardin-Simmons,211,772,78,70,,ASUN,,,,,,,
280717,1981-01-25,,1981,regular,,final,Wichita State,Indiana State,352,122,93,59,,MVC,MVC,,,,,,
280718,1981-01-25,,1981,regular,,final,VCU,James Madison,333,129,50,49,,Sun Belt,CAA,,,,,,
280719,1981-01-25,,1981,regular,,final,Jackson State,Southern,126,274,89,85,,SWAC,SWAC,,,,,,
280720,1981-01-25,,1981,regular,,final,Lamar,Louisiana Tech,139,149,66,64,,Southland,Southland,,,,,,
280721,1981-01-25,,1981,regular,,final,Lehigh,La Salle,141,137,67,73,,,,,,,,,
280722,1981-01-25,,1981,regular,,final,Louisiana,McNeese,148,162,97,81,,Southland,Southland,,,,,,
280723,1981-01-25,,1981,regular,,final,Northwestern,Michigan,212,170,52,77,,Big Ten,Big Ten,,,,,,
280724,1981-01-25,,1981,regular,,final,Xavier,Marquette,359,157,58,78,,Horizon,Indep.,,,,,,
280725,1981-01-25,,1981,regular,,final,VMI,Marshall,334,158,53,63,,SoCon,SoCon,,,,,,
280726,1981-01-25,,1981,regular,,final,Ohio,UNC Wilmington,215,321,86,81,,MAC,Indep.,,,,,,
280727,1981-01-25,,1981,regular,,final,SE Louisiana,UL Monroe,246,316,81,80,,Indep.,ASUN,,,,,,
280728,1981-01-25,,1981,regular,,final,Northern Illinois,Valparaiso,208,335,69,46,,MAC,Indep.,,,,,,
280729,1981-01-25,,1981,regular,,final,Old Dominion,Stetson,219,283,75,65,,CAA,Indep.,,,,,,
280730,1981-01-25,,1981,regular,,final,South Carolina,Richmond,266,242,93,77,,Indep.,CAA,,,,,,
280731,1981-01-25,,1981,regular,,final,Texas Tech,SMU,298,248,48,58,,,,,,,,,
280732,1981-01-25,,1981,regular,,final,St. Bonaventure,Syracuse,277,286,74,71,,A-10,Big East,,,,,,
280733,1981-01-25,,1981,regular,,final,Saint Louis,Virginia Tech,252,340,69,75,,,,,,,,,
280734,1981-01-25,,1981,regular,,final,Texas A&M,Texas,293,295,63,67,,,,,,,,,
280735,1981-01-26,,1981,regular,,final,Little Rock,Portland State,144,231,79,66,,ASUN,Indep.,,,,,,
280736,1981-01-26,,1981,regular,,final,Tulane,Cincinnati,303,51,65,50,,,,,,,,,
280737,1981-01-26,,1981,regular,,final,Columbia,Fordham,58,91,53,61,,Ivy,NEC,,,,,,
280738,1981-01-26,,1981,regular,,final,UConn,Massachusetts,314,161,98,64,,Big East,A-10,,,,,,
280739,1981-01-26,,1981,regular,,final,Notre Dame,Cornell,213,60,80,58,,Indep.,Ivy,,,,,,
280740,1981-01-26,,1981,regular,,final,Rutgers,Duke,245,72,51,53,,A-10,ACC,,,,,,
280741,1981-01-26,,1981,regular,,final,Florida A&M,Tennessee State,85,290,79,81,,MEAC,Indep.,,,,,,
280742,1981-01-26,,1981,regular,,final,Fairfield,Yale,83,360,74,62,,NEC,Ivy,,,,,,
280743,1981-01-26,,1981,regular,,final,Grambling,Mississippi Valley State,103,175,69,60,,SWAC,SWAC,,,,,,
280744,1981-01-26,,1981,regular,,final,Jacksonville,South Alabama,127,265,65,86,,Sun Belt,Sun Belt,,,,,,
280745,1981-01-26,,1981,regular,,final,Loyola Chicago,Southern Illinois,151,273,93,59,,Horizon,MVC,,,,,,
280746,1981-01-26,,1981,regular,,final,Louisville,Providence,150,235,71,55,,,Big East,,,,,,
280747,1981-01-26,,1981,regular,,final,Pittsburgh,Maryland,229,160,66,69,,A-10,ACC,,,,,,
280748,1981-01-26,,1981,regular,,final,Wyoming,UNLV,358,322,71,66,,UAC,Indep.,,,,,,
280749,1981-01-26,,1981,regular,,final,Western Carolina,Chattanooga,348,49,76,70,,SoCon,SoCon,,,,,,
280750,1981-01-27,,1981,regular,,final,Alabama,Auburn,5,16,83,73,,SEC,SEC,,,,,,
280751,1981-01-27,,1981,regular,,final,American University,Georgetown,8,97,72,74,,,Big East,,,,,,
280752,1981-01-27,,1981,regular,,final,Arkansas,Texas Tech,12,298,60,35,,,,,,,,,
280753,1981-01-27,,1981,regular,,final,Army,Seton Hall,15,263,41,58,,NEC,Big East,,,,,,
280754,1981-01-27,,1981,regular,,final,Mercer,Arkansas State,164,13,91,69,,ASUN,Southland,,,,,,
280755,1981-01-27,,1981,regular,,final,Ohio,Ball State,215,19,75,68,,MAC,MAC,,,,,,
280756,1981-01-27,,1981,regular,,final,Charleston Southern,Delaware State,47,67,62,61,,Indep.,MEAC,,,,,,
280757,1981-01-27,,1981,regular,,final,TCU,Baylor,287,20,58,50,,,,,,,,,
280758,1981-01-27,,1981,regular,,final,Bowling Green,Toledo,28,300,81,63,,MAC,MAC,,,,,,
280759,1981-01-27,,1981,regular,,final,Bucknell,Delaware,32,66,51,45,,,,,,,,,
280760,1981-01-27,,1981,regular,,final,Canisius,St. Francis (PA),42,278,81,77,,Am. East,CAA,,,,,,
280761,1981-01-27,,1981,regular,,final,The Citadel,Davidson,299,63,72,58,,SoCon,SoCon,,,,,,
280762,1981-01-27,,1981,regular,,final,Clemson,North Carolina,52,200,47,61,,ACC,ACC,,,,,,
280763,1981-01-27,,1981,regular,,final,Penn State,Colgate,226,55,87,50,,Indep.,Am. East,,,,,,
280764,1981-01-27,,1981,regular,,final,Central Michigan,Kent State,45,134,75,62,,MAC,MAC,,,,,,
280765,1981-01-27,,1981,regular,,final,Colorado,Oklahoma,56,217,75,53,,,,,,,,,
280766,1981-01-27,,1981,regular,,final,Illinois State,DePaul,119,65,50,54,,Indep.,Indep.,,,,,,
280767,1981-01-27,,1981,regular,,final,Detroit Mercy,Long Island University,69,146,75,74,,Horizon,NEC,,,,,,
280768,1981-01-27,,1981,regular,,final,Drexel,Fairleigh Dickinson,71,84,67,69,,,NEC,,,,,,
280769,1981-01-27,,1981,regular,,final,St. Bonaventure,Duquesne,277,73,73,75,,A-10,A-10,,,,,,
280770,1981-01-27,,1981,regular,,final,Old Dominion,East Carolina,219,74,76,67,,CAA,Indep.,,,,,,
280771,1981-01-27,,1981,regular,,final,Eastern Michigan,Northern Illinois,79,208,62,52,,MAC,MAC,,,,,,
280772,1981-01-27,,1981,regular,,final,Florida,Vanderbilt,87,336,70,72,,SEC,SEC,,,,,,
280773,1981-01-27,,1981,regular,,final,Fresno State,Pacific,92,225,79,57,,Big West,Big West,,,,,,
280774,1981-01-27,,1981,regular,,final,Towson,George Mason,301,95,59,58,,CAA,CAA,,,,,,
280775,1981-01-27,,1981,regular,,final,Tennessee,Georgia,292,98,72,67,,SEC,SEC,,,,,,
280776,1981-01-27,,1981,regular,,final,Georgia Tech,NC State,101,185,55,70,,ACC,ACC,,,,,,
280777,1981-01-27,,1981,regular,,final,Grambling,Northwestern State,103,211,66,63,,SWAC,ASUN,,,,,,
280778,1981-01-27,,1981,regular,,final,South Carolina,Hofstra,266,110,90,72,,Indep.,,,,,,,
280779,1981-01-27,,1981,regular,,final,Holy Cross,Manhattan,111,155,82,70,,Am. East,NEC,,,,,,
280780,1981-01-27,,1981,regular,,final,Houston,Texas A&M,113,293,76,71,,,,,,,,,
280781,1981-01-27,,1981,regular,,final,Iowa State,Nebraska,125,188,56,61,,,MVC,,,,,,
280782,1981-01-27,,1981,regular,,final,James Madison,Navy,129,187,73,55,,CAA,CAA,,,,,,
280783,1981-01-27,,1981,regular,,final,Kansas State,Kansas,132,131,54,43,,,,,,,,,
280784,1981-01-27,,1981,regular,,final,Kentucky,Mississippi State,135,174,71,64,,SEC,SEC,,,,,,
280785,1981-01-27,,1981,regular,,final,Rider,Lafayette,243,138,72,70,,,,,,,,,
280786,1981-01-27,,1981,regular,,final,Lehigh,West Chester,141,476,72,50,,,,,,,,,
280787,1981-01-27,,1981,regular,,final,Ole Miss,LSU,220,136,59,63,,SEC,SEC,,,,,,
280788,1981-01-27,,1981,regular,,final,Western Michigan,Miami (OH),351,167,96,89,,MAC,MAC,,,,,,
280789,1981-01-27,,1981,regular,,final,Missouri,Oklahoma State,177,218,92,77,,,,,,,,,
280790,1981-01-27,,1981,regular,,final,Northern Iowa,UNC Wilmington,209,321,45,48,,Indep.,Indep.,,,,,,
280791,1981-01-27,,1981,regular,,final,Vermont,New Hampshire,337,190,65,64,,Am. East,Am. East,,,,,,
280792,1981-01-27,,1981,regular,,final,St. John's,Niagara,279,194,79,65,,Big East,Am. East,,,,,,
280793,1981-01-27,,1981,regular,,final,Xavier,Oral Roberts,359,222,73,69,,Horizon,Horizon,,,,,,
280794,1981-01-27,,1981,regular,,final,Penn State (Beaver),Saint Joseph's,1353,251,61,63,,,,,,,,,
280795,1981-01-27,,1981,regular,,final,Texas,Rice,295,241,40,46,,,,,,,,,
280796,1981-01-27,,1981,regular,,final,West Virginia,Robert Morris,347,244,70,64,,A-10,CAA,,,,,,
280797,1981-01-27,,1981,regular,,final,Wagner,Saint Peter's,341,254,51,49,,NEC,NEC,,,,,,
280798,1981-01-27,,1981,regular,,final,Temple,William & Mary,289,353,80,68,,,CAA,,,,,,
280799,1981-01-27,,1981,regular,,final,Virginia,Wake Forest,339,342,83,73,,ACC,ACC,,,,,,
280800,1981-01-28,,1981,regular,,final,Akron,Murray State,3,184,65,59,,OVC,OVC,,,,,,
280801,1981-01-28,,1981,regular,,final,UAB,South Florida,305,271,70,53,,Sun Belt,Sun Belt,,,,,,
280802,1981-01-28,,1981,regular,,final,Tennessee Tech,Austin Peay,291,17,67,69,,OVC,OVC,,,,,,
280803,1981-01-28,,1981,regular,,final,Boise State,Northern Arizona,25,206,64,56,,Big Sky,Big Sky,,,,,,
280804,1981-01-28,,1981,regular,,final,Western Carolina,Campbell,348,41,100,65,,SoCon,Indep.,,,,,,
280805,1981-01-28,,1981,regular,,final,Centenary (LA),Portland State,367,231,88,70,,ASUN,Indep.,,,,,,
280806,1981-01-28,,1981,regular,,final,Cleveland State,Marquette,53,157,54,58,,Indep.,Indep.,,,,,,
280807,1981-01-28,,1981,regular,,final,UConn,Rhode Island,314,240,75,78,,Big East,A-10,,,,,,
280808,1981-01-28,,1981,regular,,final,UC Santa Barbara,Cal State Fullerton,311,37,57,56,,Big West,Big West,,,,,,
280809,1981-01-28,,1981,regular,,final,Eastern Kentucky,Western Kentucky,78,350,80,84,,OVC,OVC,,,,,,
280810,1981-01-28,,1981,regular,,final,Santa Clara,Gonzaga,261,102,75,61,,WCC,WCC,,,,,,
280811,1981-01-28,,1981,regular,,final,Georgia Southern,Houston Christian,99,112,59,55,,ASUN,ASUN,,,,,,
280812,1981-01-28,,1981,regular,,final,Hardin-Simmons,UL Monroe,772,316,80,70,,,ASUN,,,,,,
280813,1981-01-28,,1981,regular,,final,Idaho,Nevada,117,189,81,76,,Big Sky,Big Sky,,,,,,
280814,1981-01-28,,1981,regular,,final,Michigan State,Illinois,169,118,70,71,,Big Ten,Big Ten,,,,,,
280815,1981-01-28,,1981,regular,,final,Minnesota,Indiana,173,121,53,56,,Big Ten,Big Ten,,,,,,
280816,1981-01-28,,1981,regular,,final,Iowa,Purdue,124,236,84,67,,Big Ten,Big Ten,,,,,,
280817,1981-01-28,,1981,regular,,final,VCU,Jacksonville,333,127,62,42,,Sun Belt,Sun Belt,,,,,,
280818,1981-01-28,,1981,regular,,final,Jackson State,Texas Southern,126,296,68,63,,SWAC,SWAC,,,,,,
280819,1981-01-28,,1981,regular,,final,Louisville,Saint Louis,150,252,61,57,,,,,,,,,
280820,1981-01-28,,1981,regular,,final,Morehead State,Middle Tennessee,181,171,61,60,,OVC,OVC,,,,,,
280821,1981-01-28,,1981,regular,,final,Nicholls,SE Louisiana,195,246,80,82,,Indep.,Indep.,,,,,,
280822,1981-01-28,,1981,regular,,final,Oregon,USC,223,323,74,67,,Pac-12,Pac-12,,,,,,
280823,1981-01-28,,1981,regular,,final,Oregon State,UCLA,224,313,81,67,,Pac-12,Pac-12,,,,,,
280824,1981-01-28,,1981,regular,,final,Ohio State,Wisconsin,216,355,71,67,,Big Ten,Big Ten,,,,,,
280825,1981-01-28,,1981,regular,,final,Southern Miss,Texas Pan American,275,1535,81,68,,Indep.,,,,,,,
280826,1981-01-28,,1981,regular,,final,San Diego,Portland,258,230,72,77,,WCC,WCC,,,,,,
280827,1981-01-28,,1981,regular,,final,VMI,Richmond,334,242,73,79,,SoCon,CAA,,,,,,
280828,1981-01-28,,1981,regular,,final,Southern Illinois,Tulsa,273,304,60,68,,MVC,MVC,,,,,,
280829,1981-01-28,,1981,regular,,final,San José State,Utah State,260,329,68,64,,Big West,Big West,,,,,,
280830,1981-01-28,,1981,regular,,final,Long Beach State,UC Irvine,145,308,70,59,,Big West,Big West,,,,,,
280831,1981-01-29,,1981,regular,,final,Air Force,Colorado State,2,57,50,53,,UAC,UAC,,,,,,
280832,1981-01-29,,1981,regular,,final,Stanford,Arizona,281,11,81,91,,Pac-12,Pac-12,,,,,,
280834,1981-01-29,,1981,regular,,final,Harvard,Columbia,107,58,61,58,,Ivy,Ivy,,,,,,
280835,1981-01-29,,1981,regular,,final,Dartmouth,Cornell,62,60,58,66,,Ivy,Ivy,,,,,,
280836,1981-01-29,,1981,regular,,final,South Carolina State,Delaware State,267,67,91,75,,MEAC,MEAC,,,,,,
280837,1981-01-29,,1981,regular,,final,UTEP,Hawai'i,327,108,47,44,,UAC,UAC,,,,,,
280839,1981-01-29,,1981,regular,,final,North Carolina A&T,Howard,198,114,59,58,,MEAC,MEAC,,,,,,
280840,1981-01-29,,1981,regular,,final,San Francisco,Loyola Marymount,259,153,90,66,,WCC,WCC,,,,,,
280841,1981-01-29,,1981,regular,,final,New Mexico,San Diego State,191,257,100,98,,UAC,UAC,,,,,,
280842,1981-01-29,,1981,regular,,final,Syracuse,Old Dominion,286,219,71,58,,Big East,CAA,,,,,,
280843,1981-01-29,,1981,regular,,final,Saint Mary's,Pepperdine,253,228,75,76,,WCC,WCC,,,,,,
280844,1981-01-29,,1981,regular,,final,Tennessee State,Prairie View A&M,290,232,69,65,,Indep.,SWAC,,,,,,
280845,1981-01-30,,1981,regular,,final,Wyoming,Air Force,358,2,69,45,,UAC,UAC,,,,,,
280846,1981-01-30,,1981,regular,,final,Akron,Austin Peay,3,17,57,58,,OVC,OVC,,,,,,
280847,1981-01-30,,1981,regular,,final,Tennessee,Alabama,292,5,62,58,,SEC,SEC,,,,,,
280848,1981-01-30,,1981,regular,,final,UAB,South Alabama,305,265,73,70,,Sun Belt,Sun Belt,,,,,,
280849,1981-01-30,,1981,regular,,final,Alcorn State,Southern,7,274,79,85,,SWAC,SWAC,,,,,,
280850,1981-01-30,,1981,regular,,final,App State,Charlotte,9,48,53,52,,SoCon,Sun Belt,,,,,,
280851,1981-01-30,,1981,regular,,final,California,Arizona,40,11,71,73,,Pac-12,Pac-12,,,,,,
280852,1981-01-30,,1981,regular,,final,Little Rock,Nicholls,144,195,76,70,,ASUN,Indep.,,,,,,
280853,1981-01-30,,1981,regular,,final,Army,Iona,15,123,58,61,,NEC,NEC,,,,,,
280854,1981-01-30,,1981,regular,,final,McNeese,Arkansas State,162,13,57,64,,Southland,Southland,,,,,,
280855,1981-01-30,,1981,regular,,final,Stanford,Arizona State,281,10,66,84,,Pac-12,Pac-12,,,,,,
280856,1981-01-30,,1981,regular,,final,Auburn,Ole Miss,16,220,58,61,,SEC,SEC,,,,,,
280857,1981-01-30,,1981,regular,,final,Ball State,Central Michigan,19,45,76,69,,MAC,MAC,,,,,,
280858,1981-01-30,,1981,regular,,final,James Madison,Charleston Southern,129,47,77,52,,CAA,Indep.,,,,,,
280859,1981-01-30,,1981,regular,,final,Texas A&M,Baylor,293,20,84,59,,,,,,,,,
280860,1981-01-30,,1981,regular,,final,Bethune-Cookman,Florida A&M,23,85,45,44,,MEAC,MEAC,,,,,,
280861,1981-01-30,,1981,regular,,final,Kent State,Bowling Green,134,28,48,49,,MAC,MAC,,,,,,
280862,1981-01-30,,1981,regular,,final,Towson,Baltimore,301,375,80,67,,CAA,CAA,,,,,,
280863,1981-01-30,,1981,regular,,final,Boston College,Holy Cross,26,111,48,43,,Big East,Am. East,,,,,,
280864,1981-01-30,,1981,regular,,final,Boise State,Nevada,25,189,57,55,,Big Sky,Big Sky,,,,,,
280865,1981-01-30,,1981,regular,,final,Boston University,Massachusetts,27,161,91,62,,Am. East,A-10,,,,,,
280866,1981-01-30,,1981,regular,,final,Bradley,New Mexico State,29,192,80,65,,MVC,MVC,,,,,,
280867,1981-01-30,,1981,regular,,final,Yale,Brown,360,30,65,71,,Ivy,Ivy,,,,,,
280868,1981-01-30,,1981,regular,,final,West Chester,Bucknell,476,32,84,75,,,,,,,,,
280869,1981-01-30,,1981,regular,,final,Butler,Loyola Chicago,34,151,66,68,,Horizon,Horizon,,,,,,
280870,1981-01-30,,1981,regular,,final,Utah,BYU,331,18,60,56,,UAC,UAC,,,,,,
280871,1981-01-30,,1981,regular,,final,George Mason,Campbell,95,41,79,62,,CAA,Indep.,,,,,,
280872,1981-01-30,,1981,regular,,final,Saint Peter's,Canisius,254,42,57,54,,NEC,Am. East,,,,,,
280873,1981-01-30,,1981,regular,,final,Cincinnati,Memphis,51,163,85,99,,,,,,,,,
280874,1981-01-30,,1981,regular,,final,Marshall,The Citadel,158,299,76,60,,SoCon,SoCon,,,,,,
280875,1981-01-30,,1981,regular,,final,Furman,Clemson,93,52,67,69,,SoCon,ACC,,,,,,
280876,1981-01-30,,1981,regular,,final,Dartmouth,Columbia,62,58,57,71,,Ivy,Ivy,,,,,,
280877,1981-01-30,,1981,regular,,final,Cleveland State,Fairleigh Dickinson,53,84,104,74,,Indep.,NEC,,,,,,
280878,1981-01-30,,1981,regular,,final,Missouri,Colorado,177,56,66,58,,,,,,,,,
280879,1981-01-30,,1981,regular,,final,Manhattan,UConn,155,314,58,75,,NEC,Big East,,,,,,
280880,1981-01-30,,1981,regular,,final,Harvard,Cornell,107,60,71,69,,Ivy,Ivy,,,,,,
280881,1981-01-30,,1981,regular,,final,Tulsa,Creighton,304,61,87,84,,MVC,MVC,,,,,,
280882,1981-01-30,,1981,regular,,final,Cal State Fullerton,UC Santa Barbara,37,311,58,64,,Big West,Big West,,,,,,
280883,1981-01-30,,1981,regular,,final,Detroit Mercy,Dayton,69,64,73,70,,Horizon,Indep.,,,,,,
280884,1981-01-30,,1981,regular,,final,Rider,Delaware,243,66,68,67,,,,,,,,,
280885,1981-01-30,,1981,regular,,final,Drake,Southern Illinois,70,273,82,70,,MVC,MVC,,,,,,
280886,1981-01-30,,1981,regular,,final,Maine-Farmington,Drexel,1078,71,57,51,,,,,,,,,
280887,1981-01-30,,1981,regular,,final,North Carolina A&T,Delaware State,198,67,52,48,,MEAC,MEAC,,,,,,
280888,1981-01-30,,1981,regular,,final,Virginia,Duke,339,72,68,47,,ACC,ACC,,,,,,
280889,1981-01-30,,1981,regular,,final,Eastern Kentucky,Middle Tennessee,78,171,55,53,,OVC,OVC,,,,,,
280890,1981-01-30,,1981,regular,,final,Toledo,Eastern Michigan,300,79,80,69,,MAC,MAC,,,,,,
280891,1981-01-30,,1981,regular,,final,East Tennessee State,Chattanooga,75,49,77,75,,SoCon,SoCon,,,,,,
280892,1981-01-30,,1981,regular,,final,Valparaiso,Evansville,335,82,55,66,,Indep.,Horizon,,,,,,
280893,1981-01-30,,1981,regular,,final,LSU,Florida,136,87,92,75,,SEC,SEC,,,,,,
280894,1981-01-30,,1981,regular,,final,Fordham,St. John's,91,279,69,80,,NEC,Big East,,,,,,
280895,1981-01-30,,1981,regular,,final,Tulane,Florida State,303,90,68,74,,,,,,,,,
280896,1981-01-30,,1981,regular,,final,Georgia,Kentucky,98,135,68,71,,SEC,SEC,,,,,,
280897,1981-01-30,,1981,regular,,final,Maryland,Georgia Tech,160,101,72,64,,ACC,ACC,,,,,,
280898,1981-01-30,,1981,regular,,final,San Diego,Gonzaga,258,102,47,53,,WCC,WCC,,,,,,
280899,1981-01-30,,1981,regular,,final,UNLV,Georgetown,322,97,68,69,,Indep.,Big East,,,,,,
280900,1981-01-30,,1981,regular,,final,New Mexico,Hawai'i,191,108,55,56,,UAC,UAC,,,,,,
280901,1981-01-30,,1981,regular,,final,Hardin-Simmons,North Texas,772,204,77,78,,,Indep.,,,,,,
280902,1981-01-30,,1981,regular,,final,Samford,Houston Christian,256,112,66,67,,ASUN,ASUN,,,,,,
280903,1981-01-30,,1981,regular,,final,Texas Tech,Houston,298,113,81,70,,,,,,,,,
280904,1981-01-30,,1981,regular,,final,South Carolina State,Howard,267,114,78,72,,MEAC,MEAC,,,,,,
280905,1981-01-30,,1981,regular,,final,Idaho,Northern Arizona,117,206,72,61,,Big Sky,Big Sky,,,,,,
280906,1981-01-30,,1981,regular,,final,Idaho State,Weber State,116,345,61,60,,Big Sky,Big Sky,,,,,,
280907,1981-01-30,,1981,regular,,final,Illinois,Iowa,118,124,79,66,,Big Ten,Big Ten,,,,,,
280908,1981-01-30,,1981,regular,,final,Indiana,Purdue,121,236,69,61,,Big Ten,Big Ten,,,,,,
280909,1981-01-30,,1981,regular,,final,Iowa State,Kansas State,125,132,62,75,,,,,,,,,
280910,1981-01-30,,1981,regular,,final,Jackson State,Prairie View A&M,126,232,67,53,,SWAC,SWAC,,,,,,
280911,1981-01-30,,1981,regular,,final,Nebraska,Kansas,188,131,57,54,,MVC,,,,,,,
280912,1981-01-30,,1981,regular,,final,Lafayette,Lehigh,138,141,81,68,,,,,,,,,
280913,1981-01-30,,1981,regular,,final,UT Arlington,Lamar,324,139,84,89,,Southland,Southland,,,,,,
280915,1981-01-30,,1981,regular,,final,Saint Mary's,Loyola Marymount,253,153,102,67,,WCC,WCC,,,,,,
280916,1981-01-30,,1981,regular,,final,Louisiana Tech,Louisiana,149,148,79,71,,Southland,Southland,,,,,,
280917,1981-01-30,,1981,regular,,final,Louisville,Virginia Tech,150,340,92,70,,,,,,,,,
280918,1981-01-30,,1981,regular,,final,Mercer,Stetson,164,283,62,63,,ASUN,Indep.,,,,,,
280919,1981-01-30,,1981,regular,,final,Wisconsin,Michigan,355,170,67,74,,Big Ten,Big Ten,,,,,,
280920,1981-01-30,,1981,regular,,final,Minnesota,Northwestern,173,212,74,63,,Big Ten,Big Ten,,,,,,
280921,1981-01-30,,1981,regular,,final,Miami (OH),Ohio,167,215,82,73,,MAC,MAC,,,,,,
280922,1981-01-30,,1981,regular,,final,Montana State,Montana,180,179,71,54,,Big Sky,Big Sky,,,,,,
280923,1981-01-30,,1981,regular,,final,Morehead State,Western Kentucky,181,350,65,77,,OVC,OVC,,,,,,
280924,1981-01-30,,1981,regular,,final,Wake Forest,Marquette,342,157,83,60,,ACC,Indep.,,,,,,
280925,1981-01-30,,1981,regular,,final,Mississippi State,Vanderbilt,174,336,69,68,,SEC,SEC,,,,,,
280926,1981-01-30,,1981,regular,,final,Michigan State,Ohio State,169,216,60,54,,Big Ten,Big Ten,,,,,,
280927,1981-01-30,,1981,regular,,final,Tennessee Tech,Murray State,291,184,44,45,,OVC,OVC,,,,,,
280928,1981-01-30,,1981,regular,,final,Mississippi Valley State,Texas Southern,175,296,59,56,,SWAC,SWAC,,,,,,
280929,1981-01-30,,1981,regular,,final,William & Mary,Navy,353,187,71,60,,CAA,CAA,,,,,,
280930,1981-01-30,,1981,regular,,final,New Orleans,Texas Pan American,193,1535,56,66,,Indep.,,,,,,,
280931,1981-01-30,,1981,regular,,final,Niagara,St. Bonaventure,194,277,64,63,,Am. East,A-10,,,,,,
280932,1981-01-30,,1981,regular,,final,Northern Illinois,Western Michigan,208,351,69,81,,MAC,MAC,,,,,,
280933,1981-01-30,,1981,regular,,final,Siena,Northeastern,264,205,92,93,,NEC,Am. East,,,,,,
280934,1981-01-30,,1981,regular,,final,Notre Dame,South Carolina,213,266,94,84,,Indep.,Indep.,,,,,,
280935,1981-01-30,,1981,regular,,final,Northwestern State,Portland State,211,231,92,69,,ASUN,Indep.,,,,,,
280936,1981-01-30,,1981,regular,,final,Oklahoma City,Oral Roberts,1476,222,96,84,,,Horizon,,,,,,
280937,1981-01-30,,1981,regular,,final,Oklahoma State,Oklahoma,218,217,87,85,,,,,,,,,
280938,1981-01-30,,1981,regular,,final,Oregon,UCLA,223,313,69,75,,Pac-12,Pac-12,,,,,,
280939,1981-01-30,,1981,regular,,final,Oregon State,USC,224,323,55,48,,Pac-12,Pac-12,,,,,,
280940,1981-01-30,,1981,regular,,final,Princeton,Penn State (Beaver),234,1353,62,61,,Ivy,,,,,,,
280941,1981-01-30,,1981,regular,,final,San Francisco,Pepperdine,259,228,85,81,,WCC,WCC,,,,,,
280942,1981-01-30,,1981,regular,,final,West Virginia,Pittsburgh,347,229,76,63,,A-10,A-10,,,,,,
280943,1981-01-30,,1981,regular,,final,Santa Clara,Portland,261,230,95,87,,WCC,WCC,,,,,,
280944,1981-01-30,,1981,regular,,final,Seton Hall,Providence,263,235,72,62,,Big East,Big East,,,,,,
280945,1981-01-30,,1981,regular,,final,Richmond,VCU,242,333,55,66,,CAA,Sun Belt,,,,,,
280946,1981-01-30,,1981,regular,,final,Rutgers,Rhode Island,245,240,49,56,,A-10,A-10,,,,,,
280947,1981-01-30,,1981,regular,,final,Rice,TCU,241,287,58,54,,,,,,,,,
280948,1981-01-30,,1981,regular,,final,UTEP,San Diego State,327,257,81,66,,UAC,UAC,,,,,,
280949,1981-01-30,,1981,regular,,final,Utah State,San José State,329,260,71,82,,Big West,Big West,,,,,,
280950,1981-01-30,,1981,regular,,final,SMU,Texas,248,295,63,83,,,,,,,,,
280952,1981-01-30,,1981,regular,,final,UC Irvine,Long Beach State,308,145,78,82,,Big West,Big West,,,,,,
280953,1981-01-30,,1981,regular,,final,NC State,North Carolina,185,200,54,57,,ACC,ACC,,,,,,
280954,1981-01-30,,1981,regular,,final,VMI,Western Carolina,334,348,71,86,,SoCon,SoCon,,,,,,
280955,1981-01-30,,1981,regular,,final,Washington State,Washington,344,343,70,81,,Pac-12,Pac-12,,,,,,
280956,1981-01-30,,1981,regular,,final,West Texas A&M,Wichita State,1440,352,65,73,,MVC,MVC,,,,,,
280957,1981-01-31,,1981,regular,,final,DePaul,Syracuse,65,286,91,69,,Indep.,Big East,,,,,,
280958,1981-01-31,,1981,regular,,final,Duquesne,St. Francis (PA),73,278,72,63,,A-10,CAA,,,,,,
280959,1981-01-31,,1981,regular,,final,Pacific,Fresno State,225,92,45,47,,Big West,Big West,,,,,,
280960,1981-01-31,,1981,regular,,final,Virginia Tech,George Washington,340,96,92,67,,,A-10,,,,,,
280961,1981-01-31,,1981,regular,,final,South Florida,Jacksonville,271,127,62,59,,Sun Belt,Sun Belt,,,,,,
280962,1981-01-31,,1981,regular,,final,Penn State,New Hampshire,226,190,85,72,,Indep.,Am. East,,,,,,
280963,1981-01-31,,1981,regular,,final,Robert Morris,Vermont,244,337,51,52,,CAA,Am. East,,,,,,
280964,1981-02-01,,1981,regular,,final,Georgia State,UAB,100,305,67,85,,Sun Belt,Sun Belt,,,,,,
280965,1981-02-01,,1981,regular,,final,Grambling,Alcorn State,103,7,85,68,,SWAC,SWAC,,,,,,
280966,1981-02-01,,1981,regular,,final,American University,William & Mary,8,353,69,54,,,CAA,,,,,,
280967,1981-02-01,,1981,regular,,final,App State,Chattanooga,9,49,56,61,,SoCon,SoCon,,,,,,
280968,1981-02-01,,1981,regular,,final,Campbell,Little Rock,41,144,59,60,,Indep.,ASUN,,,,,,
280969,1981-02-01,,1981,regular,,final,Arkansas State,Lamar,13,139,51,62,,Southland,Southland,,,,,,
280970,1981-02-01,,1981,regular,,final,California,Arizona State,40,10,81,84,,Pac-12,Pac-12,,,,,,
280971,1981-02-01,,1981,regular,,final,Charleston Southern,UNC Wilmington,47,321,54,56,,Indep.,Indep.,,,,,,
280972,1981-02-01,,1981,regular,,final,St. John's,Boston College,279,26,76,71,,Big East,Big East,,,,,,
280973,1981-02-01,,1981,regular,,final,Drake,Bradley,70,29,77,75,,MVC,MVC,,,,,,
280974,1981-02-01,,1981,regular,,final,St. Francis Brooklyn,Canisius,364,42,67,72,,NEC,Am. East,,,,,,
280975,1981-02-01,,1981,regular,,final,VMI,The Citadel,334,299,65,62,,SoCon,SoCon,,,,,,
280976,1981-02-01,,1981,regular,,final,Lafayette,Colgate,138,55,83,61,,,Am. East,,,,,,
280977,1981-02-01,,1981,regular,,final,Creighton,Southern Illinois,61,273,50,43,,MVC,MVC,,,,,,
280978,1981-02-01,,1981,regular,,final,Detroit Mercy,St. Bonaventure,69,277,71,63,,Horizon,A-10,,,,,,
280979,1981-02-01,,1981,regular,,final,Niagara,Drexel,194,71,60,73,,Am. East,,,,,,,
280980,1981-02-01,,1981,regular,,final,East Carolina,Samford,74,256,75,50,,Indep.,ASUN,,,,,,
280981,1981-02-01,,1981,regular,,final,Eastern Kentucky,Southern Miss,78,275,71,78,,OVC,Indep.,,,,,,
280982,1981-02-01,,1981,regular,,final,Florida State,Florida A&M,90,85,92,79,,,MEAC,,,,,,
280983,1981-02-01,,1981,regular,,final,Hardin-Simmons,Nicholls,772,195,71,69,,,Indep.,,,,,,
280984,1981-02-01,,1981,regular,,final,Indiana State,New Mexico State,122,192,60,67,,MVC,MVC,,,,,,
280985,1981-02-01,,1981,regular,,final,Long Island University,Siena,146,264,95,83,,NEC,NEC,,,,,,
280986,1981-02-01,,1981,regular,,final,McNeese,Louisiana Tech,162,149,59,78,,Southland,Southland,,,,,,
280987,1981-02-01,,1981,regular,,final,Murray State,Memphis,184,163,57,52,,OVC,,,,,,,
280988,1981-02-01,,1981,regular,,final,Marshall,Western Carolina,158,348,82,74,,SoCon,SoCon,,,,,,
280989,1981-02-01,,1981,regular,,final,Mississippi Valley State,Prairie View A&M,175,232,38,34,,SWAC,SWAC,,,,,,
280990,1981-02-01,,1981,regular,,final,New Orleans,Southern,193,274,72,73,,Indep.,SWAC,,,,,,
280991,1981-02-01,,1981,regular,,final,Notre Dame,Saint Mary's,213,253,94,63,,Indep.,WCC,,,,,,
280992,1981-02-01,,1981,regular,,final,SE Louisiana,Northwestern State,246,211,71,60,,Indep.,ASUN,,,,,,
280993,1981-02-01,,1981,regular,,final,Saint Louis,Tulane,252,303,71,83,,,,,,,,,
280994,1981-02-01,,1981,regular,,final,Tennessee State,Tennessee Tech,290,291,67,59,,Indep.,OVC,,,,,,
280995,1981-02-02,,1981,regular,,final,Texas,Arkansas,295,12,48,54,,,,,,,,,
280996,1981-02-02,,1981,regular,,final,Army,Holy Cross,15,111,60,68,,NEC,Am. East,,,,,,
280997,1981-02-02,,1981,regular,,final,Baylor,Rice,20,241,60,59,,,,,,,,,
280998,1981-02-02,,1981,regular,,final,Maine-Farmington,Boston University,1078,27,73,58,,,Am. East,,,,,,
280999,1981-02-02,,1981,regular,,final,Rhode Island,Brown,240,30,64,52,,A-10,Ivy,,,,,,
281000,1981-02-02,,1981,regular,,final,Centenary (LA),Northern Iowa,367,209,69,70,,ASUN,Indep.,,,,,,
281001,1981-02-02,,1981,regular,,final,Loyola Chicago,Cincinnati,151,51,76,78,,Horizon,,,,,,,
281002,1981-02-02,,1981,regular,,final,Illinois State,Cleveland State,119,53,74,57,,Indep.,Indep.,,,,,,
281003,1981-02-02,,1981,regular,,final,Saint Peter's,Fairfield,254,83,57,55,,NEC,NEC,,,,,,
281004,1981-02-02,,1981,regular,,final,Harvard,Yale,107,360,107,94,,Ivy,Ivy,,,,,,
281005,1981-02-02,,1981,regular,,final,Houston,SMU,113,248,79,64,,,,,,,,,
281006,1981-02-02,,1981,regular,,final,Stetson,Jacksonville,283,127,64,51,,Indep.,Sun Belt,,,,,,
281007,1981-02-02,,1981,regular,,final,Manhattan,Rutgers,155,245,57,90,,NEC,A-10,,,,,,
281008,1981-02-02,,1981,regular,,final,Charlotte,VCU,48,333,80,90,,Sun Belt,Sun Belt,,,,,,
281009,1981-02-02,,1981,regular,,final,South Carolina State,UNC Wilmington,267,321,53,48,,MEAC,Indep.,,,,,,
281010,1981-02-02,,1981,regular,,final,Louisiana,UT Arlington,148,324,85,86,,Southland,Southland,,,,,,
281011,1981-02-02,,1981,regular,,final,TCU,Texas Tech,287,298,60,70,,,,,,,,,
281012,1981-02-02,,1981,regular,,final,North Carolina,Virginia,200,339,79,80,,ACC,ACC,,,,,,
281013,1981-02-03,,1981,regular,,final,Alabama,Mississippi State,5,174,91,79,,SEC,SEC,,,,,,
281014,1981-02-03,,1981,regular,,final,Kentucky,Auburn,135,16,102,74,,SEC,SEC,,,,,,
281015,1981-02-03,,1981,regular,,final,Bowling Green,Ball State,28,19,54,53,,MAC,MAC,,,,,,
281016,1981-02-03,,1981,regular,,final,Richmond,Baltimore,242,375,83,62,,CAA,CAA,,,,,,
281017,1981-02-03,,1981,regular,,final,Bucknell,Rider,32,243,62,55,,,,,,,,,
281018,1981-02-03,,1981,regular,,final,Dayton,Butler,64,34,68,64,,Indep.,Horizon,,,,,,
281019,1981-02-03,,1981,regular,,final,Campbell,East Carolina,41,74,59,81,,Indep.,Indep.,,,,,,
281020,1981-02-03,,1981,regular,,final,NC State,Clemson,185,52,76,82,,ACC,ACC,,,,,,
281021,1981-02-03,,1981,regular,,final,New Hampshire,Colgate,190,55,94,71,,Am. East,Am. East,,,,,,
281022,1981-02-03,,1981,regular,,final,Valparaiso,Cleveland State,335,53,53,74,,Indep.,Indep.,,,,,,
281023,1981-02-03,,1981,regular,,final,Central Michigan,Miami (OH),45,167,103,87,,MAC,MAC,,,,,,
281024,1981-02-03,,1981,regular,,final,Colorado,Iowa State,56,125,73,63,,,,,,,,,
281025,1981-02-03,,1981,regular,,final,Providence,UConn,235,314,70,79,,Big East,Big East,,,,,,
281026,1981-02-03,,1981,regular,,final,Dartmouth,Vermont,62,337,64,74,,Ivy,Am. East,,,,,,
281027,1981-02-03,,1981,regular,,final,Davidson,East Tennessee State,63,75,84,82,,SoCon,SoCon,,,,,,
281028,1981-02-03,,1981,regular,,final,Delaware,Lehigh,66,141,60,71,,,,,,,,,
281029,1981-02-03,,1981,regular,,final,DePaul,Detroit Mercy,65,69,69,58,,Indep.,Horizon,,,,,,
281030,1981-02-03,,1981,regular,,final,Georgia Tech,Duke,101,72,68,82,,ACC,ACC,,,,,,
281031,1981-02-03,,1981,regular,,final,Pittsburgh,Duquesne,229,73,60,53,,A-10,A-10,,,,,,
281032,1981-02-03,,1981,regular,,final,Eastern Michigan,Kent State,79,134,67,57,,MAC,MAC,,,,,,
281033,1981-02-03,,1981,regular,,final,Evansville,Xavier,82,359,60,63,,Horizon,Horizon,,,,,,
281034,1981-02-03,,1981,regular,,final,Florida,Georgia,87,98,64,87,,SEC,SEC,,,,,,
281035,1981-02-03,,1981,regular,,final,Saint Louis,Florida State,252,90,72,71,,,,,,,,,
281036,1981-02-03,,1981,regular,,final,Old Dominion,George Mason,219,95,66,51,,CAA,CAA,,,,,,
281037,1981-02-03,,1981,regular,,final,Massachusetts,George Washington,161,96,60,67,,A-10,A-10,,,,,,
281038,1981-02-03,,1981,regular,,final,Georgetown,Villanova,97,338,70,54,,Big East,Big East,,,,,,
281039,1981-02-03,,1981,regular,,final,Temple,Hofstra,289,110,80,56,,,,,,,,,
281040,1981-02-03,,1981,regular,,final,Towson,James Madison,301,129,58,73,,CAA,CAA,,,,,,
281041,1981-02-03,,1981,regular,,final,North Carolina A&T,Jackson State,198,126,75,55,,MEAC,SWAC,,,,,,
281042,1981-02-03,,1981,regular,,final,Oklahoma State,Kansas,218,131,76,73,,,,,,,,,
281043,1981-02-03,,1981,regular,,final,Kansas State,Missouri,132,177,75,56,,,,,,,,,
281044,1981-02-03,,1981,regular,,final,West Chester,Lafayette,476,138,60,67,,,,,,,,,
281045,1981-02-03,,1981,regular,,final,Notre Dame,La Salle,213,137,60,59,,Indep.,,,,,,,
281046,1981-02-03,,1981,regular,,final,Louisville,Tulane,150,303,85,58,,,,,,,,,
281047,1981-02-03,,1981,regular,,final,Vanderbilt,LSU,336,136,81,86,,SEC,SEC,,,,,,
281048,1981-02-03,,1981,regular,,final,Wake Forest,Maryland,342,160,67,60,,ACC,ACC,,,,,,
281049,1981-02-03,,1981,regular,,final,Ole Miss,Tennessee,220,292,71,52,,SEC,SEC,,,,,,
281050,1981-02-03,,1981,regular,,final,Oklahoma,Nebraska,217,188,59,71,,,MVC,,,,,,
281051,1981-02-03,,1981,regular,,final,Texas Southern,Nicholls,296,195,75,68,,SWAC,Indep.,,,,,,
281052,1981-02-03,,1981,regular,,final,Toledo,Northern Illinois,300,208,63,73,,MAC,MAC,,,,,,
281053,1981-02-03,,1981,regular,,final,Ohio,Western Michigan,215,351,79,74,,MAC,MAC,,,,,,
281054,1981-02-03,,1981,regular,,final,Texas Pan American,Southern Miss,1535,275,67,68,,,Indep.,,,,,,
281055,1981-02-03,,1981,regular,,final,South Carolina,Penn State,266,226,70,60,,Indep.,Indep.,,,,,,
281056,1981-02-03,,1981,regular,,final,St. Francis Brooklyn,Robert Morris,364,244,74,64,,NEC,CAA,,,,,,
281057,1981-02-03,,1981,regular,,final,Syracuse,Seton Hall,286,263,74,62,,Big East,Big East,,,,,,
281059,1981-02-04,,1981,regular,,final,Western Kentucky,Akron,350,3,83,61,,OVC,OVC,,,,,,
281060,1981-02-04,,1981,regular,,final,UAB,Georgia State,305,100,89,64,,Sun Belt,Sun Belt,,,,,,
281061,1981-02-04,,1981,regular,,final,App State,Western Carolina,9,348,81,68,,SoCon,SoCon,,,,,,
281062,1981-02-04,,1981,regular,,final,Arizona,Washington State,11,344,77,73,,Pac-12,Pac-12,,,,,,
281063,1981-02-04,,1981,regular,,final,Austin Peay,Eastern Kentucky,17,78,54,51,,OVC,OVC,,,,,,
281064,1981-02-04,,1981,regular,,final,Mercer,Charleston Southern,164,47,74,64,,ASUN,Indep.,,,,,,
281065,1981-02-04,,1981,regular,,final,Centenary (LA),Samford,367,256,81,76,,ASUN,ASUN,,,,,,
281066,1981-02-04,,1981,regular,,final,Creighton,Indiana State,61,122,65,62,,MVC,MVC,,,,,,
281067,1981-02-04,,1981,regular,,final,Fresno State,UC Santa Barbara,92,311,76,38,,Big West,Big West,,,,,,
281068,1981-02-04,,1981,regular,,final,Colorado State,San Diego State,57,257,51,53,,UAC,UAC,,,,,,
281070,1981-02-04,,1981,regular,,final,Pacific,Cal State Fullerton,225,37,71,66,,Big West,Big West,,,,,,
281071,1981-02-04,,1981,regular,,final,Georgia Southern,Stetson,99,283,77,81,,ASUN,Indep.,,,,,,
281072,1981-02-04,,1981,regular,,final,Wyoming,Hawai'i,358,108,77,58,,UAC,UAC,,,,,,
281073,1981-02-04,,1981,regular,,final,UL Monroe,Hardin-Simmons,316,772,61,54,,ASUN,,,,,,,
281074,1981-02-04,,1981,regular,,final,Houston Christian,Northwestern State,112,211,60,58,,ASUN,ASUN,,,,,,
281075,1981-02-04,,1981,regular,,final,Illinois,Ohio State,118,216,82,63,,Big Ten,Big Ten,,,,,,
281076,1981-02-04,,1981,regular,,final,Indiana,Wisconsin,121,355,89,64,,Big Ten,Big Ten,,,,,,
281077,1981-02-04,,1981,regular,,final,Northwestern,Iowa,212,124,65,76,,Big Ten,Big Ten,,,,,,
281078,1981-02-04,,1981,regular,,final,South Carolina State,Jackson State,267,126,82,76,,MEAC,SWAC,,,,,,
281079,1981-02-04,,1981,regular,,final,Long Beach State,Utah State,145,329,79,78,,Big West,Big West,,,,,,
281080,1981-02-04,,1981,regular,,final,Long Island University,Northeastern,146,205,92,77,,NEC,Am. East,,,,,,
281081,1981-02-04,,1981,regular,,final,Middle Tennessee,Tennessee Tech,171,291,53,50,,OVC,OVC,,,,,,
281082,1981-02-04,,1981,regular,,final,Michigan,Michigan State,170,169,79,77,,Big Ten,Big Ten,,,,,,
281083,1981-02-04,,1981,regular,,final,Purdue,Minnesota,236,173,74,59,,Big Ten,Big Ten,,,,,,
281084,1981-02-04,,1981,regular,,final,Northern Arizona,Montana,206,179,56,64,,Big Sky,Big Sky,,,,,,
281085,1981-02-04,,1981,regular,,final,Murray State,Morehead State,184,181,65,56,,OVC,OVC,,,,,,
281086,1981-02-04,,1981,regular,,final,Nevada,Montana State,189,180,96,103,,Big Sky,Big Sky,,,,,,
281087,1981-02-04,,1981,regular,,final,St. Bonaventure,Marquette,277,157,65,75,,A-10,Indep.,,,,,,
281088,1981-02-04,,1981,regular,,final,New Mexico State,West Texas A&M,192,1440,89,71,,MVC,MVC,,,,,,
281089,1981-02-04,,1981,regular,,final,Rutgers,West Virginia,245,347,73,71,,A-10,A-10,,,,,,
281090,1981-02-04,,1981,regular,,final,South Alabama,South Florida,265,271,54,50,,Sun Belt,Sun Belt,,,,,,
281091,1981-02-04,,1981,regular,,final,Tennessee State,SE Louisiana,290,246,81,65,,Indep.,Indep.,,,,,,
281092,1981-02-04,,1981,regular,,final,UC Irvine,San José State,308,260,90,78,,Big West,Big West,,,,,,
281093,1981-02-04,,1981,regular,,final,Wagner,Virginia,341,339,69,76,,NEC,ACC,,,,,,
281094,1981-02-05,,1981,regular,,final,Utah,Air Force,331,2,48,46,,UAC,UAC,,,,,,
281095,1981-02-05,,1981,regular,,final,Howard,Bethune-Cookman,114,23,77,67,,MEAC,MEAC,,,,,,
281096,1981-02-05,,1981,regular,,final,Weber State,Boise State,345,25,39,44,,Big Sky,Big Sky,,,,,,
281097,1981-02-05,,1981,regular,,final,BYU,UNLV,18,322,86,77,,UAC,Indep.,,,,,,
281098,1981-02-05,,1981,regular,,final,California,Oregon State,40,224,54,69,,Pac-12,Pac-12,,,,,,
281099,1981-02-05,,1981,regular,,final,Columbia,Penn State (Beaver),58,1353,51,67,,Ivy,,,,,,,
281100,1981-02-05,,1981,regular,,final,Cornell,Princeton,60,234,44,46,,Ivy,Ivy,,,,,,
281101,1981-02-05,,1981,regular,,final,Delaware State,Florida A&M,67,85,47,48,,MEAC,MEAC,,,,,,
281102,1981-02-05,,1981,regular,,final,Long Island University,Fairleigh Dickinson,146,84,78,76,,NEC,NEC,,,,,,
281103,1981-02-05,,1981,regular,,final,NC State,Furman,185,93,77,60,,ACC,SoCon,,,,,,
281104,1981-02-05,,1981,regular,,final,Idaho State,Idaho,116,117,58,59,,Big Sky,Big Sky,,,,,,
281105,1981-02-05,,1981,regular,,final,Stanford,Oregon,281,223,80,79,,Pac-12,Pac-12,,,,,,
281106,1981-02-05,,1981,regular,,final,West Chester,Rider,476,243,73,82,,,,,,,,,
281107,1981-02-05,,1981,regular,,final,North Carolina,Saint Joseph's,200,251,87,64,,ACC,,,,,,,
281108,1981-02-05,,1981,regular,,final,USC,UCLA,323,313,62,76,,Pac-12,Pac-12,,,,,,
281109,1981-02-06,,1981,regular,,final,BYU,Air Force,18,2,62,51,,UAC,UAC,,,,,,
281110,1981-02-06,,1981,regular,,final,Middle Tennessee,Akron,171,3,90,64,,OVC,OVC,,,,,,
281111,1981-02-06,,1981,regular,,final,Alabama,Ole Miss,5,220,51,49,,SEC,SEC,,,,,,
281112,1981-02-06,,1981,regular,,final,DePaul,UAB,65,305,77,66,,Indep.,Sun Belt,,,,,,
281113,1981-02-06,,1981,regular,,final,Dayton,Alcorn State,64,7,94,69,,Indep.,SWAC,,,,,,
281114,1981-02-06,,1981,regular,,final,Hofstra,American University,110,8,72,73,,,,,,,,,
281115,1981-02-06,,1981,regular,,final,App State,The Citadel,9,299,48,41,,SoCon,SoCon,,,,,,
281116,1981-02-06,,1981,regular,,final,Arizona,Washington,11,343,68,66,,Pac-12,Pac-12,,,,,,
281117,1981-02-06,,1981,regular,,final,TCU,Arkansas,287,12,48,63,,,,,,,,,
281118,1981-02-06,,1981,regular,,final,Little Rock,Samford,144,256,84,53,,ASUN,ASUN,,,,,,
281119,1981-02-06,,1981,regular,,final,Niagara,Army,194,15,68,54,,Am. East,NEC,,,,,,
281120,1981-02-06,,1981,regular,,final,Louisiana Tech,Arkansas State,149,13,64,41,,Southland,Southland,,,,,,
281121,1981-02-06,,1981,regular,,final,Arizona State,Washington State,10,344,77,63,,Pac-12,Pac-12,,,,,,
281122,1981-02-06,,1981,regular,,final,Auburn,Florida,16,87,50,55,,SEC,SEC,,,,,,
281123,1981-02-06,,1981,regular,,final,Austin Peay,Morehead State,17,181,82,69,,OVC,OVC,,,,,,
281124,1981-02-06,,1981,regular,,final,Ball State,Toledo,19,300,91,82,,MAC,MAC,,,,,,
281125,1981-02-06,,1981,regular,,final,Baylor,SMU,20,248,80,52,,,,,,,,,
281126,1981-02-06,,1981,regular,,final,Delaware State,Bethune-Cookman,67,23,57,56,,MEAC,MEAC,,,,,,
281127,1981-02-06,,1981,regular,,final,Western Michigan,Bowling Green,351,28,88,79,,MAC,MAC,,,,,,
281128,1981-02-06,,1981,regular,,final,Vermont,Baltimore,337,375,64,60,,Am. East,CAA,,,,,,
281129,1981-02-06,,1981,regular,,final,UConn,Boston College,314,26,71,76,,Big East,Big East,,,,,,
281130,1981-02-06,,1981,regular,,final,Idaho State,Boise State,116,25,67,63,,Big Sky,Big Sky,,,,,,
281131,1981-02-06,,1981,regular,,final,Iona,Boston University,123,27,72,74,,NEC,Am. East,,,,,,
281132,1981-02-06,,1981,regular,,final,Bradley,Creighton,29,61,93,80,,MVC,MVC,,,,,,
281133,1981-02-06,,1981,regular,,final,Dartmouth,Brown,62,30,68,66,,Ivy,Ivy,,,,,,
281134,1981-02-06,,1981,regular,,final,Lehigh,Bucknell,141,32,44,54,,,,,,,,,
281135,1981-02-06,,1981,regular,,final,Xavier,Butler,359,34,74,62,,Horizon,Horizon,,,,,,
281136,1981-02-06,,1981,regular,,final,California,Oregon,40,223,85,77,,Pac-12,Pac-12,,,,,,
281137,1981-02-06,,1981,regular,,final,Fairfield,Canisius,83,42,73,58,,NEC,Am. East,,,,,,
281138,1981-02-06,,1981,regular,,final,St. Francis (PA),Catholic,278,1279,93,75,,CAA,,,,,,,
281139,1981-02-06,,1981,regular,,final,Centenary (LA),SE Louisiana,367,246,82,92,,ASUN,Indep.,,,,,,
281140,1981-02-06,,1981,regular,,final,Memphis,Cincinnati,163,51,62,65,,,,,,,,,
281141,1981-02-06,,1981,regular,,final,Columbia,Princeton,58,234,35,40,,Ivy,Ivy,,,,,,
281142,1981-02-06,,1981,regular,,final,Pittsburgh,Cleveland State,229,53,73,70,,A-10,Indep.,,,,,,
281143,1981-02-06,,1981,regular,,final,Ohio,Central Michigan,215,45,70,68,,MAC,MAC,,,,,,
281144,1981-02-06,,1981,regular,,final,Kansas State,Colorado,132,56,82,62,,,,,,,,,
281145,1981-02-06,,1981,regular,,final,Cornell,Penn State (Beaver),60,1353,49,61,,Ivy,,,,,,,
281146,1981-02-06,,1981,regular,,final,Pacific,UC Santa Barbara,225,311,94,65,,Big West,Big West,,,,,,
281147,1981-02-06,,1981,regular,,final,Colorado State,Hawai'i,57,108,64,69,,UAC,UAC,,,,,,
281148,1981-02-06,,1981,regular,,final,Chattanooga,Davidson,49,63,99,85,,SoCon,SoCon,,,,,,
281149,1981-02-06,,1981,regular,,final,Delaware,Lafayette,66,138,53,65,,,,,,,,,
281150,1981-02-06,,1981,regular,,final,Marquette,Detroit Mercy,157,69,65,42,,Indep.,Horizon,,,,,,
281151,1981-02-06,,1981,regular,,final,Wichita State,Drake,352,70,79,67,,MVC,MVC,,,,,,
281152,1981-02-06,,1981,regular,,final,Temple,Drexel,289,71,84,63,,,,,,,,,
281153,1981-02-06,,1981,regular,,final,Duke,Maryland,72,160,55,54,,ACC,ACC,,,,,,
281154,1981-02-06,,1981,regular,,final,Massachusetts,Duquesne,161,73,67,83,,A-10,A-10,,,,,,
281155,1981-02-06,,1981,regular,,final,Murray State,Eastern Kentucky,184,78,62,60,,OVC,OVC,,,,,,
281156,1981-02-06,,1981,regular,,final,Miami (OH),Eastern Michigan,167,79,69,63,,MAC,MAC,,,,,,
281157,1981-02-06,,1981,regular,,final,East Tennessee State,Marshall,75,158,76,75,,SoCon,SoCon,,,,,,
281158,1981-02-06,,1981,regular,,final,Evansville,Oklahoma City,82,1476,102,80,,Horizon,,,,,,,
281159,1981-02-06,,1981,regular,,final,Howard,Florida A&M,114,85,76,64,,MEAC,MEAC,,,,,,
281160,1981-02-06,,1981,regular,,final,Fresno State,Cal State Fullerton,92,37,72,52,,Big West,Big West,,,,,,
281161,1981-02-06,,1981,regular,,final,Florida State,Louisville,90,150,73,82,,,,,,,,,
281162,1981-02-06,,1981,regular,,final,North Carolina,Furman,200,93,79,64,,ACC,SoCon,,,,,,
281163,1981-02-06,,1981,regular,,final,Georgia,Vanderbilt,98,336,80,72,,SEC,SEC,,,,,,
281164,1981-02-06,,1981,regular,,final,New Orleans,Georgia State,193,100,69,46,,Indep.,Sun Belt,,,,,,
281165,1981-02-06,,1981,regular,,final,Georgia Tech,Wake Forest,101,342,56,86,,ACC,ACC,,,,,,
281166,1981-02-06,,1981,regular,,final,George Washington,Rutgers,96,245,71,76,,A-10,A-10,,,,,,
281167,1981-02-06,,1981,regular,,final,Portland,Gonzaga,230,102,62,80,,WCC,WCC,,,,,,
281168,1981-02-06,,1981,regular,,final,Texas Southern,Grambling,296,103,77,75,,SWAC,SWAC,,,,,,
281169,1981-02-06,,1981,regular,,final,Mercer,Georgia Southern,164,99,105,70,,ASUN,ASUN,,,,,,
281170,1981-02-06,,1981,regular,,final,Georgetown,St. John's,97,279,75,68,,Big East,Big East,,,,,,
281171,1981-02-06,,1981,regular,,final,Houston Christian,Hardin-Simmons,112,772,63,60,,ASUN,,,,,,,
281172,1981-02-06,,1981,regular,,final,Rhode Island,Holy Cross,240,111,66,59,,A-10,Am. East,,,,,,
281173,1981-02-06,,1981,regular,,final,Houston,Texas,113,295,75,59,,,,,,,,,
281174,1981-02-06,,1981,regular,,final,Weber State,Idaho,345,117,53,49,,Big Sky,Big Sky,,,,,,
281175,1981-02-06,,1981,regular,,final,Iowa,Illinois,124,118,72,66,,Big Ten,Big Ten,,,,,,
281176,1981-02-06,,1981,regular,,final,Purdue,Indiana,236,121,68,66,,Big Ten,Big Ten,,,,,,
281177,1981-02-06,,1981,regular,,final,Indiana State,Southern Illinois,122,273,90,54,,MVC,MVC,,,,,,
281178,1981-02-06,,1981,regular,,final,Iowa State,Missouri,125,177,56,70,,,,,,,,,
281179,1981-02-06,,1981,regular,,final,James Madison,William & Mary,129,353,72,60,,CAA,CAA,,,,,,
281180,1981-02-06,,1981,regular,,final,Southern,Jackson State,274,126,71,68,,SWAC,SWAC,,,,,,
281181,1981-02-06,,1981,regular,,final,Kansas,Oklahoma,131,217,96,67,,,,,,,,,
281182,1981-02-06,,1981,regular,,final,Tennessee,Kentucky,292,135,87,71,,SEC,SEC,,,,,,
281183,1981-02-06,,1981,regular,,final,Kent State,Northern Illinois,134,208,67,62,,MAC,MAC,,,,,,
281184,1981-02-06,,1981,regular,,final,Lamar,Louisiana,139,148,87,74,,Southland,Southland,,,,,,
281185,1981-02-06,,1981,regular,,final,Long Beach State,San José State,145,260,60,50,,Big West,Big West,,,,,,
281186,1981-02-06,,1981,regular,,final,Pepperdine,Loyola Marymount,228,153,106,89,,WCC,WCC,,,,,,
281187,1981-02-06,,1981,regular,,final,Oral Roberts,Loyola Chicago,222,151,80,68,,Horizon,Horizon,,,,,,
281188,1981-02-06,,1981,regular,,final,LSU,Mississippi State,136,174,94,89,,SEC,SEC,,,,,,
281189,1981-02-06,,1981,regular,,final,Maine-Farmington,Villanova,1078,338,48,68,,,Big East,,,,,,
281190,1981-02-06,,1981,regular,,final,Manhattan,Saint Peter's,155,254,54,66,,NEC,NEC,,,,,,
281191,1981-02-06,,1981,regular,,final,UT Arlington,McNeese,324,162,111,77,,Southland,Southland,,,,,,
281192,1981-02-06,,1981,regular,,final,Michigan,Wisconsin,170,355,71,64,,Big Ten,Big Ten,,,,,,
281193,1981-02-06,,1981,regular,,final,Northwestern,Minnesota,212,173,62,68,,Big Ten,Big Ten,,,,,,
281194,1981-02-06,,1981,regular,,final,Nevada,Montana,189,179,58,60,,Big Sky,Big Sky,,,,,,
281195,1981-02-06,,1981,regular,,final,Northern Arizona,Montana State,206,180,76,81,,Big Sky,Big Sky,,,,,,
281196,1981-02-06,,1981,regular,,final,Ohio State,Michigan State,216,169,73,62,,Big Ten,Big Ten,,,,,,
281197,1981-02-06,,1981,regular,,final,Penn State,Navy,226,187,67,51,,Indep.,CAA,,,,,,
281198,1981-02-06,,1981,regular,,final,UNC Wilmington,Charlotte,321,48,86,73,,Indep.,Sun Belt,,,,,,
281199,1981-02-06,,1981,regular,,final,NC State,Saint Joseph's,185,251,47,42,,ACC,,,,,,,
281200,1981-02-06,,1981,regular,,final,South Carolina State,North Carolina A&T,267,198,62,64,,MEAC,MEAC,,,,,,
281201,1981-02-06,,1981,regular,,final,Nebraska,Oklahoma State,188,218,62,54,,MVC,,,,,,,
281202,1981-02-06,,1981,regular,,final,UL Monroe,Northwestern State,316,211,79,67,,ASUN,ASUN,,,,,,
281203,1981-02-06,,1981,regular,,final,UTEP,New Mexico,327,191,86,70,,UAC,UAC,,,,,,
281204,1981-02-06,,1981,regular,,final,South Alabama,Nicholls,265,195,95,62,,Sun Belt,Indep.,,,,,,
281205,1981-02-06,,1981,regular,,final,Northern Iowa,Valparaiso,209,335,58,54,,Indep.,Indep.,,,,,,
281206,1981-02-06,,1981,regular,,final,Wagner,Northeastern,341,205,90,86,,NEC,Am. East,,,,,,
281207,1981-02-06,,1981,regular,,final,North Texas,Saint Louis,204,252,96,72,,Indep.,,,,,,,
281208,1981-02-06,,1981,regular,,final,Richmond,Old Dominion,242,219,80,82,,CAA,CAA,,,,,,
281209,1981-02-06,,1981,regular,,final,Stanford,Oregon State,281,224,57,62,,Pac-12,Pac-12,,,,,,
281210,1981-02-06,,1981,regular,,final,Providence,Syracuse,235,286,67,81,,Big East,Big East,,,,,,
281211,1981-02-06,,1981,regular,,final,Towson,Robert Morris,301,244,78,59,,CAA,CAA,,,,,,
281212,1981-02-06,,1981,regular,,final,San Diego,Santa Clara,258,261,60,64,,WCC,WCC,,,,,,
281213,1981-02-06,,1981,regular,,final,Wyoming,San Diego State,358,257,102,57,,UAC,UAC,,,,,,
281214,1981-02-06,,1981,regular,,final,Southern Miss,Tulane,275,303,71,61,,Indep.,,,,,,,
281215,1981-02-06,,1981,regular,,final,Saint Mary's,San Francisco,253,259,71,101,,WCC,WCC,,,,,,
281216,1981-02-06,,1981,regular,,final,Texas A&M,Texas Tech,293,298,65,52,,,,,,,,,
281217,1981-02-06,,1981,regular,,final,Western Kentucky,Tennessee Tech,350,291,72,59,,OVC,OVC,,,,,,
281218,1981-02-06,,1981,regular,,final,West Texas A&M,Tulsa,1440,304,85,83,,MVC,MVC,,,,,,
281219,1981-02-06,,1981,regular,,final,UC Irvine,Utah State,308,329,117,110,,Big West,Big West,,,,,,
281220,1981-02-06,,1981,regular,,final,Utah,UNLV,331,322,95,83,,UAC,Indep.,,,,,,
281221,1981-02-06,,1981,regular,,final,Western Carolina,VMI,348,334,91,75,,SoCon,SoCon,,,,,,
281222,1981-02-07,,1981,regular,,final,South Alabama,UAB,265,305,77,57,,Sun Belt,Sun Belt,,,,,,
281223,1981-02-07,,1981,regular,,final,Clemson,South Carolina,52,266,115,91,,ACC,Indep.,,,,,,
281224,1981-02-07,,1981,regular,,final,Notre Dame,UCLA,213,313,50,51,,Indep.,Pac-12,,,,,,
281225,1981-02-08,,1981,regular,,final,Texas Southern,Alcorn State,296,7,66,64,,SWAC,SWAC,,,,,,
281226,1981-02-08,,1981,regular,,final,VMI,App State,334,9,51,70,,SoCon,SoCon,,,,,,
281227,1981-02-08,,1981,regular,,final,Fordham,Army,91,15,75,57,,NEC,NEC,,,,,,
281228,1981-02-08,,1981,regular,,final,Louisiana,Arkansas State,148,13,70,54,,Southland,Southland,,,,,,
281229,1981-02-08,,1981,regular,,final,Arizona State,Washington,10,343,78,76,,Pac-12,Pac-12,,,,,,
281230,1981-02-08,,1981,regular,,final,Charleston Southern,South Carolina State,47,267,45,47,,Indep.,MEAC,,,,,,
281231,1981-02-08,,1981,regular,,final,Butler,Evansville,34,82,66,70,,Horizon,Horizon,,,,,,
281232,1981-02-08,,1981,regular,,final,Colgate,Canisius,55,42,74,73,,Am. East,Am. East,,,,,,
281233,1981-02-08,,1981,regular,,final,DePaul,Creighton,65,61,83,57,,Indep.,MVC,,,,,,
281234,1981-02-08,,1981,regular,,final,Detroit Mercy,Middle Tennessee,69,171,75,60,,Horizon,OVC,,,,,,
281235,1981-02-08,,1981,regular,,final,West Texas A&M,Drake,1440,70,86,93,,MVC,MVC,,,,,,
281236,1981-02-08,,1981,regular,,final,Duquesne,West Virginia,73,347,69,64,,A-10,A-10,,,,,,
281237,1981-02-08,,1981,regular,,final,Texas Pan American,East Carolina,1535,74,86,75,,,Indep.,,,,,,
281238,1981-02-08,,1981,regular,,final,Chattanooga,East Tennessee State,49,75,81,88,,SoCon,SoCon,,,,,,
281239,1981-02-08,,1981,regular,,final,Florida State,Saint Louis,90,252,70,57,,,,,,,,,
281240,1981-02-08,,1981,regular,,final,Georgia State,South Alabama,100,265,49,82,,Sun Belt,Sun Belt,,,,,,
281241,1981-02-08,,1981,regular,,final,Prairie View A&M,Grambling,232,103,68,87,,SWAC,SWAC,,,,,,
281242,1981-02-08,,1981,regular,,final,Syracuse,Georgetown,286,97,66,64,,Big East,Big East,,,,,,
281243,1981-02-08,,1981,regular,,final,Hofstra,West Chester,110,476,87,76,,,,,,,,,
281244,1981-02-08,,1981,regular,,final,Northern Iowa,Illinois State,209,119,63,65,,Indep.,Indep.,,,,,,
281245,1981-02-08,,1981,regular,,final,Missouri,Kansas,177,131,79,65,,,,,,,,,
281246,1981-02-08,,1981,regular,,final,McNeese,Lamar,162,139,87,90,,Southland,Southland,,,,,,
281247,1981-02-08,,1981,regular,,final,Oklahoma City,Loyola Chicago,1476,151,118,99,,,Horizon,,,,,,
281248,1981-02-08,,1981,regular,,final,Louisiana Tech,UT Arlington,149,324,59,61,,Southland,Southland,,,,,,
281249,1981-02-08,,1981,regular,,final,Virginia Tech,Louisville,340,150,66,71,,,,,,,,,
281250,1981-02-08,,1981,regular,,final,New Hampshire,Maine-Farmington,190,1078,71,60,,Am. East,,,,,,,
281251,1981-02-08,,1981,regular,,final,Western Carolina,Marshall,348,158,80,78,,SoCon,SoCon,,,,,,
281252,1981-02-08,,1981,regular,,final,Southern,Mississippi Valley State,274,175,71,68,,SWAC,SWAC,,,,,,
281253,1981-02-08,,1981,regular,,final,Southern Miss,New Orleans,275,193,79,82,,Indep.,Indep.,,,,,,
281254,1981-02-08,,1981,regular,,final,New Mexico State,Tulsa,192,304,98,85,,MVC,MVC,,,,,,
281255,1981-02-08,,1981,regular,,final,Rhode Island,St. Bonaventure,240,277,58,63,,A-10,A-10,,,,,,
281256,1981-02-08,,1981,regular,,final,Rider,Temple,243,289,61,69,,,,,,,,,
281257,1981-02-08,,1981,regular,,final,Southern Illinois,Wichita State,273,352,61,81,,MVC,MVC,,,,,,
281258,1981-02-09,,1981,regular,,final,Navy,American University,187,8,90,77,,CAA,,,,,,,
281259,1981-02-09,,1981,regular,,final,Arkansas,Baylor,12,20,67,50,,,,,,,,,
281260,1981-02-09,,1981,regular,,final,Notre Dame,Boston University,213,27,89,63,,Indep.,Am. East,,,,,,
281261,1981-02-09,,1981,regular,,final,Brown,Yale,30,360,74,61,,Ivy,Ivy,,,,,,
281262,1981-02-09,,1981,regular,,final,Cincinnati,Tulane,51,303,91,76,,,,,,,,,
281263,1981-02-09,,1981,regular,,final,Dartmouth,Harvard,62,107,65,86,,Ivy,Ivy,,,,,,
281264,1981-02-09,,1981,regular,,final,Howard,Fairleigh Dickinson,114,84,80,74,,MEAC,NEC,,,,,,
281265,1981-02-09,,1981,regular,,final,SE Louisiana,Houston Christian,246,112,63,58,,Indep.,ASUN,,,,,,
281266,1981-02-09,,1981,regular,,final,Oklahoma,Iowa State,217,125,78,66,,,,,,,,,
281267,1981-02-09,,1981,regular,,final,Charlotte,Jacksonville,48,127,67,69,,Sun Belt,Sun Belt,,,,,,
281268,1981-02-09,,1981,regular,,final,Massachusetts,Rutgers,161,245,53,74,,A-10,A-10,,,,,,
281269,1981-02-09,,1981,regular,,final,Marquette,Xavier,157,359,78,62,,Indep.,Horizon,,,,,,
281270,1981-02-09,,1981,regular,,final,VCU,Old Dominion,333,219,75,64,,Sun Belt,CAA,,,,,,
281271,1981-02-09,,1981,regular,,final,Texas Tech,Rice,298,241,61,55,,,,,,,,,
281272,1981-02-09,,1981,regular,,final,SMU,Texas A&M,248,293,56,61,,,,,,,,,
281273,1981-02-09,,1981,regular,,final,Texas,TCU,295,287,88,84,,,,,,,,,
281274,1981-02-10,,1981,regular,,final,LSU,Alabama,136,5,70,57,,SEC,SEC,,,,,,
281275,1981-02-10,,1981,regular,,final,Florida A&M,Alcorn State,85,7,83,79,,MEAC,SWAC,,,,,,
281276,1981-02-10,,1981,regular,,final,App State,UNC Wilmington,9,321,60,51,,SoCon,Indep.,,,,,,
281277,1981-02-10,,1981,regular,,final,Vanderbilt,Auburn,336,16,55,69,,SEC,SEC,,,,,,
281278,1981-02-10,,1981,regular,,final,Kent State,Ball State,134,19,74,67,,MAC,MAC,,,,,,
281279,1981-02-10,,1981,regular,,final,Charleston Southern,Campbell,47,41,66,64,,Indep.,Indep.,,,,,,
281280,1981-02-10,,1981,regular,,final,Bowling Green,Ohio,28,215,79,45,,MAC,MAC,,,,,,
281281,1981-02-10,,1981,regular,,final,George Mason,Baltimore,95,375,78,68,,CAA,CAA,,,,,,
281282,1981-02-10,,1981,regular,,final,Boston College,Providence,26,235,70,55,,Big East,Big East,,,,,,
281283,1981-02-10,,1981,regular,,final,Boise State,Portland State,25,231,76,74,,Big Sky,Indep.,,,,,,
281284,1981-02-10,,1981,regular,,final,Lafayette,Bucknell,138,32,53,56,,,,,,,,,
281285,1981-02-10,,1981,regular,,final,Niagara,Colgate,194,55,62,68,,Am. East,Am. East,,,,,,
281286,1981-02-10,,1981,regular,,final,Northern Illinois,Central Michigan,208,45,70,57,,MAC,MAC,,,,,,
281287,1981-02-10,,1981,regular,,final,Colorado,Nebraska,56,188,56,57,,,MVC,,,,,,
281288,1981-02-10,,1981,regular,,final,St. John's,UConn,279,314,72,65,,Big East,Big East,,,,,,
281289,1981-02-10,,1981,regular,,final,VMI,Davidson,334,63,82,95,,SoCon,SoCon,,,,,,
281290,1981-02-10,,1981,regular,,final,West Chester,Delaware,476,66,76,89,,,,,,,,,
281291,1981-02-10,,1981,regular,,final,Saint Joseph's,Drexel,251,71,94,72,,,,,,,,,
281292,1981-02-10,,1981,regular,,final,La Salle,Duquesne,137,73,66,62,,,A-10,,,,,,
281293,1981-02-10,,1981,regular,,final,Eastern Michigan,Western Michigan,79,351,58,69,,MAC,MAC,,,,,,
281294,1981-02-10,,1981,regular,,final,Robert Morris,Fairleigh Dickinson,244,84,103,88,,CAA,NEC,,,,,,
281295,1981-02-10,,1981,regular,,final,Florida,Tennessee,87,292,52,53,,SEC,SEC,,,,,,
281296,1981-02-10,,1981,regular,,final,Cal State Fullerton,Fresno State,37,92,30,51,,Big West,Big West,,,,,,
281297,1981-02-10,,1981,regular,,final,Fairfield,Fordham,83,91,55,53,,NEC,NEC,,,,,,
281298,1981-02-10,,1981,regular,,final,South Carolina,Furman,266,93,87,74,,Indep.,SoCon,,,,,,
281299,1981-02-10,,1981,regular,,final,Mississippi State,Georgia,174,98,65,68,,SEC,SEC,,,,,,
281300,1981-02-10,,1981,regular,,final,George Washington,Rhode Island,96,240,70,72,,A-10,A-10,,,,,,
281301,1981-02-10,,1981,regular,,final,Hofstra,Manhattan,110,155,72,64,,,NEC,,,,,,
281302,1981-02-10,,1981,regular,,final,St. Bonaventure,Iona,277,123,87,72,,A-10,NEC,,,,,,
281303,1981-02-10,,1981,regular,,final,Nicholls,Jackson State,195,126,65,66,,Indep.,SWAC,,,,,,
281304,1981-02-10,,1981,regular,,final,Ole Miss,Kentucky,220,135,55,62,,SEC,SEC,,,,,,
281305,1981-02-10,,1981,regular,,final,Oklahoma State,Kansas State,218,132,70,73,,,,,,,,,
281306,1981-02-10,,1981,regular,,final,Rider,Lehigh,243,141,66,65,,,,,,,,,
281307,1981-02-10,,1981,regular,,final,Long Island University,Saint Peter's,146,254,79,80,,NEC,NEC,,,,,,
281308,1981-02-10,,1981,regular,,final,Southern Miss,Memphis,275,163,90,66,,Indep.,,,,,,,
281309,1981-02-10,,1981,regular,,final,Toledo,Miami (OH),300,167,70,69,,MAC,MAC,,,,,,
281310,1981-02-10,,1981,regular,,final,NC State,Virginia,185,339,46,51,,ACC,ACC,,,,,,
281311,1981-02-10,,1981,regular,,final,Pittsburgh,Penn State,229,226,70,63,,A-10,Indep.,,,,,,
281312,1981-02-10,,1981,regular,,final,William & Mary,Richmond,353,242,51,53,,CAA,CAA,,,,,,
281313,1981-02-10,,1981,regular,,final,Villanova,Seton Hall,338,263,67,63,,Big East,Big East,,,,,,
281314,1981-02-10,,1981,regular,,final,Wagner,St. Francis Brooklyn,341,364,70,69,,NEC,NEC,,,,,,
281315,1981-02-10,,1981,regular,,final,Tennessee State,Southern,290,274,75,62,,Indep.,SWAC,,,,,,
281316,1981-02-10,,1981,regular,,final,North Carolina,Wake Forest,200,342,68,84,,ACC,ACC,,,,,,
281317,1981-02-11,,1981,regular,,final,Eastern Kentucky,Akron,78,3,65,53,,OVC,OVC,,,,,,
281318,1981-02-11,,1981,regular,,final,Charlotte,UAB,48,305,57,73,,Sun Belt,Sun Belt,,,,,,
281319,1981-02-11,,1981,regular,,final,UCLA,Arizona,313,11,90,79,,Pac-12,Pac-12,,,,,,
281320,1981-02-11,,1981,regular,,final,Georgia Southern,Little Rock,99,144,91,74,,ASUN,ASUN,,,,,,
281321,1981-02-11,,1981,regular,,final,Siena,Army,264,15,60,51,,NEC,NEC,,,,,,
281322,1981-02-11,,1981,regular,,final,USC,Arizona State,323,10,61,77,,Pac-12,Pac-12,,,,,,
281323,1981-02-11,,1981,regular,,final,Austin Peay,Western Kentucky,17,350,59,62,,OVC,OVC,,,,,,
281324,1981-02-11,,1981,regular,,final,Wichita State,Bradley,352,29,87,65,,MVC,MVC,,,,,,
281325,1981-02-11,,1981,regular,,final,Loyola Chicago,Butler,151,34,87,77,,Horizon,Horizon,,,,,,
281326,1981-02-11,,1981,regular,,final,Hawai'i,BYU,108,18,72,77,,UAC,UAC,,,,,,
281327,1981-02-11,,1981,regular,,final,Washington,California,343,40,98,75,,Pac-12,Pac-12,,,,,,
281328,1981-02-11,,1981,regular,,final,Northwestern State,Centenary (LA),211,367,91,81,,ASUN,ASUN,,,,,,
281329,1981-02-11,,1981,regular,,final,Maryland,Clemson,160,52,72,70,,ACC,ACC,,,,,,
281330,1981-02-11,,1981,regular,,final,UC Santa Barbara,Pacific,311,225,63,57,,Big West,Big West,,,,,,
281331,1981-02-11,,1981,regular,,final,UTEP,Colorado State,327,57,63,53,,UAC,UAC,,,,,,
281332,1981-02-11,,1981,regular,,final,New Orleans,Dayton,193,64,53,62,,Indep.,Indep.,,,,,,
281333,1981-02-11,,1981,regular,,final,East Carolina,Delaware State,74,67,63,68,,Indep.,MEAC,,,,,,
281334,1981-02-11,,1981,regular,,final,Georgia State,Jacksonville,100,127,52,50,,Sun Belt,Sun Belt,,,,,,
281335,1981-02-11,,1981,regular,,final,Gonzaga,Santa Clara,102,261,74,73,,WCC,WCC,,,,,,
281336,1981-02-11,,1981,regular,,final,New Hampshire,Holy Cross,190,111,84,87,,Am. East,Am. East,,,,,,
281337,1981-02-11,,1981,regular,,final,Wisconsin,Illinois,355,118,65,84,,Big Ten,Big Ten,,,,,,
281338,1981-02-11,,1981,regular,,final,Indiana,Northwestern,121,212,86,52,,Big Ten,Big Ten,,,,,,
281339,1981-02-11,,1981,regular,,final,Indiana State,West Texas A&M,122,1440,84,98,,MVC,MVC,,,,,,
281340,1981-02-11,,1981,regular,,final,Minnesota,Iowa,173,124,58,60,,Big Ten,Big Ten,,,,,,
281341,1981-02-11,,1981,regular,,final,James Madison,VCU,129,333,57,58,,CAA,Sun Belt,,,,,,
281342,1981-02-11,,1981,regular,,final,Lamar,UT Arlington,139,324,79,75,,Southland,Southland,,,,,,
281343,1981-02-11,,1981,regular,,final,San José State,Long Beach State,260,145,72,69,,Big West,Big West,,,,,,
281344,1981-02-11,,1981,regular,,final,Northeastern,Massachusetts,205,161,65,54,,Am. East,A-10,,,,,,
281345,1981-02-11,,1981,regular,,final,Middle Tennessee,Murray State,171,184,67,53,,OVC,OVC,,,,,,
281346,1981-02-11,,1981,regular,,final,Stetson,Mercer,283,164,76,71,,Indep.,ASUN,,,,,,
281347,1981-02-11,,1981,regular,,final,Michigan,Ohio State,170,216,87,105,,Big Ten,Big Ten,,,,,,
281348,1981-02-11,,1981,regular,,final,Morehead State,Tennessee Tech,181,291,77,64,,OVC,OVC,,,,,,
281349,1981-02-11,,1981,regular,,final,Montana State,Weber State,180,345,60,57,,Big Sky,Big Sky,,,,,,
281350,1981-02-11,,1981,regular,,final,Michigan State,Purdue,169,236,48,63,,Big Ten,Big Ten,,,,,,
281351,1981-02-11,,1981,regular,,final,New Mexico,Wyoming,191,358,57,56,,UAC,UAC,,,,,,
281352,1981-02-11,,1981,regular,,final,Northern Iowa,Texas Pan American,209,1535,71,69,,Indep.,,,,,,,
281353,1981-02-11,,1981,regular,,final,Samford,North Texas,256,204,68,85,,ASUN,Indep.,,,,,,
281354,1981-02-11,,1981,regular,,final,Oregon,Oregon State,223,224,61,78,,Pac-12,Pac-12,,,,,,
281355,1981-02-11,,1981,regular,,final,Portland,San Diego,230,258,49,50,,WCC,WCC,,,,,,
281356,1981-02-11,,1981,regular,,final,South Florida,South Alabama,271,265,70,52,,Sun Belt,Sun Belt,,,,,,
281357,1981-02-11,,1981,regular,,final,San Diego State,Utah,257,331,53,62,,UAC,UAC,,,,,,
281358,1981-02-11,,1981,regular,,final,Utah State,UC Irvine,329,308,99,101,,Big West,Big West,,,,,,
281359,1981-02-11,,1981,regular,,final,Chattanooga,Western Carolina,49,348,90,74,,SoCon,SoCon,,,,,,
281360,1981-02-12,,1981,regular,,final,North Carolina A&T,Bethune-Cookman,198,23,71,65,,MEAC,MEAC,,,,,,
281361,1981-02-12,,1981,regular,,final,Brown,Cornell,30,60,43,42,,Ivy,Ivy,,,,,,
281362,1981-02-12,,1981,regular,,final,Yale,Columbia,360,58,76,65,,Ivy,Ivy,,,,,,
281363,1981-02-12,,1981,regular,,final,Princeton,Dartmouth,234,62,55,44,,Ivy,Ivy,,,,,,
281364,1981-02-12,,1981,regular,,final,South Carolina State,Florida A&M,267,85,86,87,,MEAC,MEAC,,,,,,
281365,1981-02-12,,1981,regular,,final,Fairleigh Dickinson,Vermont,84,337,82,78,,NEC,Am. East,,,,,,
281366,1981-02-12,,1981,regular,,final,Penn State (Beaver),Harvard,1353,107,73,63,,,Ivy,,,,,,
281367,1981-02-12,,1981,regular,,final,Montana,Idaho State,179,116,79,62,,Big Sky,Big Sky,,,,,,
281368,1981-02-12,,1981,regular,,final,Loyola Marymount,Saint Mary's,153,253,81,67,,WCC,WCC,,,,,,
281369,1981-02-12,,1981,regular,,final,Pepperdine,San Francisco,228,259,102,99,,WCC,WCC,,,,,,
281370,1981-02-13,,1981,regular,,final,UNLV,Air Force,322,2,67,59,,Indep.,UAC,,,,,,
281371,1981-02-13,,1981,regular,,final,Akron,Morehead State,3,181,80,69,,OVC,OVC,,,,,,
281372,1981-02-13,,1981,regular,,final,Kentucky,Alabama,135,5,77,62,,SEC,SEC,,,,,,
281373,1981-02-13,,1981,regular,,final,Alcorn State,Jackson State,7,126,65,57,,SWAC,SWAC,,,,,,
281374,1981-02-13,,1981,regular,,final,American University,La Salle,8,137,71,69,,,,,,,,,
281375,1981-02-13,,1981,regular,,final,The Citadel,App State,299,9,54,66,,SoCon,SoCon,,,,,,
281376,1981-02-13,,1981,regular,,final,USC,Arizona,323,11,81,71,,Pac-12,Pac-12,,,,,,
281377,1981-02-13,,1981,regular,,final,Arkansas,Houston,12,113,70,55,,,,,,,,,
281378,1981-02-13,,1981,regular,,final,SE Louisiana,Little Rock,246,144,91,87,,Indep.,ASUN,,,,,,
281379,1981-02-13,,1981,regular,,final,Arkansas State,McNeese,13,162,79,64,,Southland,Southland,,,,,,
281380,1981-02-13,,1981,regular,,final,UCLA,Arizona State,313,10,64,61,,Pac-12,Pac-12,,,,,,
281381,1981-02-13,,1981,regular,,final,Auburn,Mississippi State,16,174,66,55,,SEC,SEC,,,,,,
281382,1981-02-13,,1981,regular,,final,Middle Tennessee,Austin Peay,171,17,77,81,,OVC,OVC,,,,,,
281383,1981-02-13,,1981,regular,,final,Ball State,Northern Illinois,19,208,63,58,,MAC,MAC,,,,,,
281384,1981-02-13,,1981,regular,,final,Georgia Tech,Charleston Southern,101,47,51,74,,ACC,Indep.,,,,,,
281385,1981-02-13,,1981,regular,,final,Texas Tech,Baylor,298,20,67,50,,,,,,,,,
281386,1981-02-13,,1981,regular,,final,South Carolina State,Bethune-Cookman,267,23,74,60,,MEAC,MEAC,,,,,,
281387,1981-02-13,,1981,regular,,final,Central Michigan,Bowling Green,45,28,80,90,,MAC,MAC,,,,,,
281388,1981-02-13,,1981,regular,,final,Baltimore,Towson,375,301,78,56,,CAA,CAA,,,,,,
281389,1981-02-13,,1981,regular,,final,Holy Cross,Boston College,111,26,86,74,,Am. East,Big East,,,,,,
281390,1981-02-13,,1981,regular,,final,Idaho,Boise State,117,25,70,64,,Big Sky,Big Sky,,,,,,
281391,1981-02-13,,1981,regular,,final,Boston University,New Hampshire,27,190,71,64,,Am. East,Am. East,,,,,,
281392,1981-02-13,,1981,regular,,final,Tulsa,Bradley,304,29,74,54,,MVC,MVC,,,,,,
281393,1981-02-13,,1981,regular,,final,Brown,Columbia,30,58,49,52,,Ivy,Ivy,,,,,,
281394,1981-02-13,,1981,regular,,final,Delaware,Bucknell,66,32,76,67,,,,,,,,,
281395,1981-02-13,,1981,regular,,final,Butler,Detroit Mercy,34,69,72,83,,Horizon,Horizon,,,,,,
281396,1981-02-13,,1981,regular,,final,San Diego State,BYU,257,18,73,72,,UAC,UAC,,,,,,
281397,1981-02-13,,1981,regular,,final,Washington State,California,344,40,65,73,,Pac-12,Pac-12,,,,,,
281398,1981-02-13,,1981,regular,,final,Catholic,Wagner,1279,341,64,95,,,NEC,,,,,,
281399,1981-02-13,,1981,regular,,final,Hardin-Simmons,Centenary (LA),772,367,85,80,,,ASUN,,,,,,
281400,1981-02-13,,1981,regular,,final,Florida State,Cincinnati,90,51,79,80,,,,,,,,,
281401,1981-02-13,,1981,regular,,final,Virginia,Clemson,339,52,73,58,,ACC,ACC,,,,,,
281402,1981-02-13,,1981,regular,,final,Colgate,Vermont,55,337,60,67,,Am. East,Am. East,,,,,,
281403,1981-02-13,,1981,regular,,final,Colorado,Oklahoma State,56,218,85,57,,,,,,,,,
281404,1981-02-13,,1981,regular,,final,Syracuse,UConn,286,314,63,65,,Big East,Big East,,,,,,
281405,1981-02-13,,1981,regular,,final,Yale,Cornell,360,60,58,47,,Ivy,Ivy,,,,,,
281406,1981-02-13,,1981,regular,,final,Creighton,New Mexico State,61,192,95,83,,MVC,MVC,,,,,,
281407,1981-02-13,,1981,regular,,final,UC Santa Barbara,Fresno State,311,92,26,46,,Big West,Big West,,,,,,
281408,1981-02-13,,1981,regular,,final,New Mexico,Colorado State,191,57,68,51,,UAC,UAC,,,,,,
281409,1981-02-13,,1981,regular,,final,Penn State (Beaver),Dartmouth,1353,62,71,64,,,Ivy,,,,,,
281410,1981-02-13,,1981,regular,,final,Furman,Davidson,93,63,79,94,,SoCon,SoCon,,,,,,
281411,1981-02-13,,1981,regular,,final,Evansville,DePaul,82,65,53,61,,Horizon,Indep.,,,,,,
281412,1981-02-13,,1981,regular,,final,Drake,Indiana State,70,122,91,78,,MVC,MVC,,,,,,
281413,1981-02-13,,1981,regular,,final,Penn State,Drexel,226,71,71,58,,Indep.,,,,,,,
281414,1981-02-13,,1981,regular,,final,Delaware State,Howard,67,114,76,74,,MEAC,MEAC,,,,,,
281415,1981-02-13,,1981,regular,,final,Wake Forest,Duke,342,72,58,52,,ACC,ACC,,,,,,
281416,1981-02-13,,1981,regular,,final,Tennessee Tech,Eastern Kentucky,291,78,56,55,,OVC,OVC,,,,,,
281417,1981-02-13,,1981,regular,,final,Ohio,Eastern Michigan,215,79,58,68,,MAC,MAC,,,,,,
281418,1981-02-13,,1981,regular,,final,East Tennessee State,Western Carolina,75,348,95,88,,SoCon,SoCon,,,,,,
281419,1981-02-13,,1981,regular,,final,North Carolina A&T,Florida A&M,198,85,69,63,,MEAC,MEAC,,,,,,
281420,1981-02-13,,1981,regular,,final,Ole Miss,Florida,220,87,66,52,,SEC,SEC,,,,,,
281421,1981-02-13,,1981,regular,,final,Cal State Fullerton,Pacific,37,225,76,75,,Big West,Big West,,,,,,
281422,1981-02-13,,1981,regular,,final,George Mason,St. Francis (PA),95,278,49,58,,CAA,CAA,,,,,,
281423,1981-02-13,,1981,regular,,final,Georgia,LSU,98,136,62,64,,SEC,SEC,,,,,,
281424,1981-02-13,,1981,regular,,final,Georgia State,New Orleans,100,193,58,77,,Sun Belt,Indep.,,,,,,
281425,1981-02-13,,1981,regular,,final,St. Bonaventure,George Washington,277,96,90,75,,A-10,A-10,,,,,,
281426,1981-02-13,,1981,regular,,final,Gonzaga,San Diego,102,258,68,54,,WCC,WCC,,,,,,
281427,1981-02-13,,1981,regular,,final,Mississippi Valley State,Grambling,175,103,91,89,,SWAC,SWAC,,,,,,
281428,1981-02-13,,1981,regular,,final,Georgia Southern,Mercer,99,164,58,60,,ASUN,ASUN,,,,,,
281429,1981-02-13,,1981,regular,,final,Georgetown,Seton Hall,97,263,58,56,,Big East,Big East,,,,,,
281430,1981-02-13,,1981,regular,,final,Princeton,Harvard,234,107,72,48,,Ivy,Ivy,,,,,,
281431,1981-02-13,,1981,regular,,final,Hawai'i,Utah,108,331,83,74,,UAC,UAC,,,,,,
281432,1981-02-13,,1981,regular,,final,UL Monroe,Houston Christian,316,112,71,74,,ASUN,ASUN,,,,,,
281433,1981-02-13,,1981,regular,,final,Niagara,Hofstra,194,110,72,87,,Am. East,,,,,,,
281434,1981-02-13,,1981,regular,,final,Montana State,Idaho State,180,116,73,55,,Big Sky,Big Sky,,,,,,
281435,1981-02-13,,1981,regular,,final,Ohio State,Illinois,216,118,57,63,,Big Ten,Big Ten,,,,,,
281436,1981-02-13,,1981,regular,,final,Illinois State,Texas Pan American,119,1535,67,69,,Indep.,,,,,,,
281437,1981-02-13,,1981,regular,,final,Wisconsin,Indiana,355,121,52,59,,Big Ten,Big Ten,,,,,,
281438,1981-02-13,,1981,regular,,final,Saint Peter's,Iona,254,123,45,57,,NEC,NEC,,,,,,
281439,1981-02-13,,1981,regular,,final,Iowa State,Kansas,125,131,49,51,,,,,,,,,
281440,1981-02-13,,1981,regular,,final,Iowa,Northwestern,124,212,82,64,,Big Ten,Big Ten,,,,,,
281441,1981-02-13,,1981,regular,,final,Kansas State,Nebraska,132,188,66,49,,,MVC,,,,,,
281442,1981-02-13,,1981,regular,,final,Miami (OH),Kent State,167,134,107,77,,MAC,MAC,,,,,,
281443,1981-02-13,,1981,regular,,final,Lafayette,Rider,138,243,65,55,,,,,,,,,
281444,1981-02-13,,1981,regular,,final,Utah State,Long Beach State,329,145,105,91,,Big West,Big West,,,,,,
281445,1981-02-13,,1981,regular,,final,West Chester,Lehigh,476,141,65,62,,,,,,,,,
281446,1981-02-13,,1981,regular,,final,Loyola Marymount,San Francisco,153,259,75,89,,WCC,WCC,,,,,,
281447,1981-02-13,,1981,regular,,final,Xavier,Loyola Chicago,359,151,90,89,,Horizon,Horizon,,,,,,
281448,1981-02-13,,1981,regular,,final,Louisiana,Louisiana Tech,148,149,65,58,,Southland,Southland,,,,,,
281449,1981-02-13,,1981,regular,,final,Marquette,Louisville,157,150,60,79,,Indep.,,,,,,,
281450,1981-02-13,,1981,regular,,final,UNC Wilmington,Maine-Farmington,321,1078,57,52,,Indep.,,,,,,,
281451,1981-02-13,,1981,regular,,final,Manhattan,Siena,155,264,65,74,,NEC,NEC,,,,,,
281452,1981-02-13,,1981,regular,,final,Michigan State,Michigan,169,170,70,66,,Big Ten,Big Ten,,,,,,
281453,1981-02-13,,1981,regular,,final,Minnesota,Purdue,173,236,92,72,,Big Ten,Big Ten,,,,,,
281454,1981-02-13,,1981,regular,,final,Montana,Weber State,179,345,68,51,,Big Sky,Big Sky,,,,,,
281455,1981-02-13,,1981,regular,,final,Marshall,Chattanooga,158,49,77,89,,SoCon,SoCon,,,,,,
281456,1981-02-13,,1981,regular,,final,Oklahoma,Missouri,217,177,60,55,,,,,,,,,
281457,1981-02-13,,1981,regular,,final,Western Kentucky,Murray State,350,184,66,64,,OVC,OVC,,,,,,
281458,1981-02-13,,1981,regular,,final,Navy,Old Dominion,187,219,63,72,,CAA,CAA,,,,,,
281459,1981-02-13,,1981,regular,,final,NC State,Notre Dame,185,213,55,71,,ACC,Indep.,,,,,,
281460,1981-02-13,,1981,regular,,final,Nicholls,Northwestern State,195,211,67,59,,Indep.,ASUN,,,,,,
281461,1981-02-13,,1981,regular,,final,Northeastern,St. Francis Brooklyn,205,364,73,60,,Am. East,NEC,,,,,,
281462,1981-02-13,,1981,regular,,final,Southern Miss,North Texas,275,204,87,71,,Indep.,Indep.,,,,,,
281463,1981-02-13,,1981,regular,,final,Oral Roberts,Oklahoma City,222,1476,109,98,,Horizon,,,,,,,
281464,1981-02-13,,1981,regular,,final,St. John's,Oregon State,279,224,45,57,,Big East,Pac-12,,,,,,
281465,1981-02-13,,1981,regular,,final,Pepperdine,Saint Mary's,228,253,98,91,,WCC,WCC,,,,,,
281466,1981-02-13,,1981,regular,,final,Portland,Santa Clara,230,261,65,72,,WCC,WCC,,,,,,
281467,1981-02-13,,1981,regular,,final,Southern,Prairie View A&M,274,232,63,60,,SWAC,SWAC,,,,,,
281468,1981-02-13,,1981,regular,,final,Providence,Villanova,235,338,82,70,,Big East,Big East,,,,,,
281469,1981-02-13,,1981,regular,,final,Rice,Texas A&M,241,293,56,71,,,,,,,,,
281470,1981-02-13,,1981,regular,,final,West Virginia,Rutgers,347,245,73,67,,A-10,A-10,,,,,,
281471,1981-02-13,,1981,regular,,final,William & Mary,South Carolina,353,266,77,68,,CAA,Indep.,,,,,,
281472,1981-02-13,,1981,regular,,final,Southern Illinois,West Texas A&M,273,1440,57,97,,MVC,MVC,,,,,,
281474,1981-02-13,,1981,regular,,final,Stetson,Samford,283,256,88,66,,Indep.,ASUN,,,,,,
281475,1981-02-13,,1981,regular,,final,SMU,TCU,248,287,44,52,,,,,,,,,
281476,1981-02-13,,1981,regular,,final,Washington,Stanford,343,281,89,71,,Pac-12,Pac-12,,,,,,
281477,1981-02-13,,1981,regular,,final,Virginia Tech,Saint Louis,340,252,84,69,,,,,,,,,
281478,1981-02-13,,1981,regular,,final,Tennessee,Vanderbilt,292,336,79,72,,SEC,SEC,,,,,,
281479,1981-02-13,,1981,regular,,final,Western Michigan,Toledo,351,300,73,71,,MAC,MAC,,,,,,
281480,1981-02-13,,1981,regular,,final,San José State,UC Irvine,260,308,49,50,,Big West,Big West,,,,,,
281481,1981-02-13,,1981,regular,,final,Northern Arizona,Nevada,206,189,87,90,,Big Sky,Big Sky,,,,,,
281482,1981-02-13,,1981,regular,,final,UTEP,Wyoming,327,358,58,63,,UAC,UAC,,,,,,
281483,1981-02-14,,1981,regular,,final,VCU,UAB,333,305,79,69,,Sun Belt,Sun Belt,,,,,,
281484,1981-02-14,,1981,regular,,final,Duquesne,Pittsburgh,73,229,66,64,,A-10,A-10,,,,,,
281485,1981-02-14,,1981,regular,,final,Maryland,North Carolina,160,200,63,76,,ACC,ACC,,,,,,
281486,1981-02-14,,1981,regular,,final,Charlotte,South Florida,48,271,73,56,,Sun Belt,Sun Belt,,,,,,
281487,1981-02-15,,1981,regular,,final,American University,Drexel,8,71,85,74,,,,,,,,,
281488,1981-02-15,,1981,regular,,final,Nicholls,Little Rock,195,144,67,56,,Indep.,ASUN,,,,,,
281489,1981-02-15,,1981,regular,,final,UT Arlington,Arkansas State,324,13,66,64,,Southland,Southland,,,,,,
281490,1981-02-15,,1981,regular,,final,Bradley,Southern Illinois,29,273,59,36,,MVC,MVC,,,,,,
281491,1981-02-15,,1981,regular,,final,Temple,Bucknell,289,32,77,59,,,,,,,,,
281492,1981-02-15,,1981,regular,,final,Butler,Oral Roberts,34,222,77,82,,Horizon,Horizon,,,,,,
281493,1981-02-15,,1981,regular,,final,Canisius,Robert Morris,42,244,92,65,,Am. East,CAA,,,,,,
281494,1981-02-15,,1981,regular,,final,The Citadel,East Tennessee State,299,75,66,70,,SoCon,SoCon,,,,,,
281495,1981-02-15,,1981,regular,,final,Drake,New Mexico State,70,192,80,69,,MVC,MVC,,,,,,
281496,1981-02-15,,1981,regular,,final,Delaware State,West Chester,67,476,76,83,,MEAC,,,,,,,
281497,1981-02-15,,1981,regular,,final,East Carolina,UNC Wilmington,74,321,55,57,,Indep.,Indep.,,,,,,
281498,1981-02-15,,1981,regular,,final,Fairleigh Dickinson,Maine-Farmington,84,1078,77,74,,NEC,,,,,,,
281499,1981-02-15,,1981,regular,,final,Fordham,Wagner,91,341,69,52,,NEC,NEC,,,,,,
281500,1981-02-15,,1981,regular,,final,Notre Dame,Fairfield,213,83,57,55,,Indep.,NEC,,,,,,
281501,1981-02-15,,1981,regular,,final,Florida State,Virginia Tech,90,340,80,76,,,,,,,,,
281502,1981-02-15,,1981,regular,,final,Virginia,Georgia Tech,339,101,83,42,,ACC,ACC,,,,,,
281503,1981-02-15,,1981,regular,,final,George Washington,Navy,96,187,84,79,,A-10,CAA,,,,,,
281504,1981-02-15,,1981,regular,,final,Howard,Towson,114,301,61,84,,MEAC,CAA,,,,,,
281505,1981-02-15,,1981,regular,,final,Illinois State,Valparaiso,119,335,55,38,,Indep.,Indep.,,,,,,
281506,1981-02-15,,1981,regular,,final,Louisiana Tech,Lamar,149,139,77,71,,Southland,Southland,,,,,,
281507,1981-02-15,,1981,regular,,final,Saint Joseph's,Lehigh,251,141,74,47,,,,,,,,,
281508,1981-02-15,,1981,regular,,final,Rutgers,Long Island University,245,146,90,72,,A-10,NEC,,,,,,
281509,1981-02-15,,1981,regular,,final,Louisville,Memphis,150,163,95,65,,,,,,,,,
281510,1981-02-15,,1981,regular,,final,McNeese,Louisiana,162,148,61,64,,Southland,Southland,,,,,,
281511,1981-02-15,,1981,regular,,final,Mercer,Samford,164,256,60,61,,ASUN,ASUN,,,,,,
281512,1981-02-15,,1981,regular,,final,Tennessee State,Mississippi Valley State,290,175,86,75,,Indep.,SWAC,,,,,,
281513,1981-02-15,,1981,regular,,final,Texas Pan American,New Orleans,1535,193,75,65,,,Indep.,,,,,,
281514,1981-02-15,,1981,regular,,final,Providence,St. John's,235,279,73,57,,Big East,Big East,,,,,,
281515,1981-02-15,,1981,regular,,final,Southern,Texas Southern,274,296,78,77,,SWAC,SWAC,,,,,,
281516,1981-02-15,,1981,regular,,final,Washington State,Stanford,344,281,59,58,,Pac-12,Pac-12,,,,,,
281517,1981-02-15,,1981,regular,,final,Wichita State,Tulsa,352,304,72,74,,MVC,MVC,,,,,,
281518,1981-02-15,,1981,regular,,final,VMI,Chattanooga,334,49,68,90,,SoCon,SoCon,,,,,,
281519,1981-02-16,,1981,regular,,final,Air Force,Portland State,2,231,78,49,,UAC,Indep.,,,,,,
281520,1981-02-16,,1981,regular,,final,South Carolina State,Alcorn State,267,7,76,95,,MEAC,SWAC,,,,,,
281521,1981-02-16,,1981,regular,,final,Texas A&M,Arkansas,293,12,61,65,,,,,,,,,
281522,1981-02-16,,1981,regular,,final,Baylor,Texas,20,295,84,82,,,,,,,,,
281523,1981-02-16,,1981,regular,,final,North Carolina A&T,Campbell,198,41,72,63,,MEAC,Indep.,,,,,,
281524,1981-02-16,,1981,regular,,final,St. Francis Brooklyn,Catholic,364,1279,70,63,,NEC,,,,,,,
281525,1981-02-16,,1981,regular,,final,Columbia,Manhattan,58,155,48,44,,Ivy,NEC,,,,,,
281526,1981-02-16,,1981,regular,,final,Seton Hall,UConn,263,314,70,77,,Big East,Big East,,,,,,
281527,1981-02-16,,1981,regular,,final,Duquesne,Detroit Mercy,73,69,72,70,,A-10,Horizon,,,,,,
281528,1981-02-16,,1981,regular,,final,Grambling,Jackson State,103,126,91,100,,SWAC,SWAC,,,,,,
281529,1981-02-16,,1981,regular,,final,Northeastern,Harvard,205,107,72,67,,Am. East,Ivy,,,,,,
281530,1981-02-16,,1981,regular,,final,Houston Christian,SE Louisiana,112,246,69,56,,ASUN,Indep.,,,,,,
281531,1981-02-16,,1981,regular,,final,TCU,Houston,287,113,78,77,,,,,,,,,
281532,1981-02-16,,1981,regular,,final,Jacksonville,Stetson,127,283,54,56,,Sun Belt,Indep.,,,,,,
281534,1981-02-16,,1981,regular,,final,Charlotte,Marquette,48,157,61,58,,Sun Belt,Indep.,,,,,,
281535,1981-02-16,,1981,regular,,final,Southern Miss,Northwestern State,275,211,81,71,,Indep.,ASUN,,,,,,
281536,1981-02-16,,1981,regular,,final,Rice,SMU,241,248,70,62,,,,,,,,,
281537,1981-02-16,,1981,regular,,final,VCU,South Florida,333,271,70,64,,Sun Belt,Sun Belt,,,,,,
281538,1981-02-16,,1981,regular,,final,Villanova,Syracuse,338,286,88,78,,Big East,Big East,,,,,,
281539,1981-02-17,,1981,regular,,final,Alabama,Georgia,5,98,91,74,,SEC,SEC,,,,,,
281540,1981-02-17,,1981,regular,,final,American University,Towson,8,301,97,78,,,CAA,,,,,,
281541,1981-02-17,,1981,regular,,final,LSU,Auburn,136,16,58,47,,SEC,SEC,,,,,,
281542,1981-02-17,,1981,regular,,final,Ball State,Miami (OH),19,167,77,75,,MAC,MAC,,,,,,
281543,1981-02-17,,1981,regular,,final,Charleston Southern,George Mason,47,95,84,67,,Indep.,CAA,,,,,,
281544,1981-02-17,,1981,regular,,final,Northern Illinois,Bowling Green,208,28,64,77,,MAC,MAC,,,,,,
281545,1981-02-17,,1981,regular,,final,Wagner,Baltimore,341,375,81,72,,NEC,CAA,,,,,,
281546,1981-02-17,,1981,regular,,final,Georgetown,Boston College,97,26,49,53,,Big East,Big East,,,,,,
281547,1981-02-17,,1981,regular,,final,Boston University,Massachusetts,27,161,61,56,,Am. East,A-10,,,,,,
281548,1981-02-17,,1981,regular,,final,Bucknell,West Chester,32,476,87,79,,,,,,,,,
281549,1981-02-17,,1981,regular,,final,Dayton,Canisius,64,42,78,56,,Indep.,Am. East,,,,,,
281550,1981-02-17,,1981,regular,,final,Cincinnati,Xavier,51,359,79,72,,,Horizon,,,,,,
281551,1981-02-17,,1981,regular,,final,Davidson,The Citadel,63,299,63,61,,SoCon,SoCon,,,,,,
281552,1981-02-17,,1981,regular,,final,Clemson,Wake Forest,52,342,81,71,,ACC,ACC,,,,,,
281553,1981-02-17,,1981,regular,,final,Eastern Michigan,Central Michigan,79,45,68,84,,MAC,MAC,,,,,,
281554,1981-02-17,,1981,regular,,final,Oklahoma,Colorado,217,56,77,71,,,,,,,,,
281555,1981-02-17,,1981,regular,,final,Delaware,Rider,66,243,58,64,,,,,,,,,
281556,1981-02-17,,1981,regular,,final,Evansville,Oral Roberts,82,222,78,67,,Horizon,Horizon,,,,,,
281557,1981-02-17,,1981,regular,,final,South Carolina,Florida State,266,90,83,70,,Indep.,,,,,,,
281558,1981-02-17,,1981,regular,,final,Western Carolina,Furman,348,93,97,78,,SoCon,SoCon,,,,,,
281559,1981-02-17,,1981,regular,,final,Pittsburgh,George Washington,229,96,89,77,,A-10,A-10,,,,,,
281560,1981-02-17,,1981,regular,,final,Hofstra,Saint Joseph's,110,251,43,54,,,,,,,,,
281561,1981-02-17,,1981,regular,,final,Louisville,Iona,150,123,91,57,,,NEC,,,,,,
281562,1981-02-17,,1981,regular,,final,Nebraska,Iowa State,188,125,81,61,,MVC,,,,,,,
281563,1981-02-17,,1981,regular,,final,Old Dominion,James Madison,219,129,65,73,,CAA,CAA,,,,,,
281564,1981-02-17,,1981,regular,,final,Kansas,Kansas State,131,132,51,49,,,,,,,,,
281565,1981-02-17,,1981,regular,,final,Kent State,Western Michigan,134,351,74,73,,MAC,MAC,,,,,,
281566,1981-02-17,,1981,regular,,final,Lehigh,Lafayette,141,138,68,62,,,,,,,,,
281567,1981-02-17,,1981,regular,,final,Vanderbilt,Ole Miss,336,220,52,50,,SEC,SEC,,,,,,
281568,1981-02-17,,1981,regular,,final,Oklahoma State,Missouri,218,177,65,82,,,,,,,,,
281569,1981-02-17,,1981,regular,,final,Mississippi State,Tennessee,174,292,70,73,,SEC,SEC,,,,,,
281570,1981-02-17,,1981,regular,,final,New Hampshire,Vermont,190,337,64,66,,Am. East,Am. East,,,,,,
281571,1981-02-17,,1981,regular,,final,North Texas,UT Arlington,204,324,86,94,,Indep.,Southland,,,,,,
281572,1981-02-17,,1981,regular,,final,Toledo,Ohio,300,215,68,67,,MAC,MAC,,,,,,
281573,1981-02-17,,1981,regular,,final,Penn State,St. Bonaventure,226,277,64,53,,Indep.,A-10,,,,,,
281574,1981-02-17,,1981,regular,,final,West Virginia,Rhode Island,347,240,81,60,,A-10,A-10,,,,,,
281575,1981-02-17,,1981,regular,,final,Southern,Tennessee State,274,290,64,68,,SWAC,Indep.,,,,,,
281576,1981-02-17,,1981,regular,,final,Saint Peter's,Siena,254,264,81,68,,NEC,NEC,,,,,,
281577,1981-02-17,,1981,regular,,final,Tulane,Virginia Tech,303,340,76,74,,,,,,,,,
281578,1981-02-17,,1981,regular,,final,William & Mary,North Carolina,353,200,55,81,,CAA,ACC,,,,,,
281579,1981-02-18,,1981,regular,,final,Akron,Tennessee Tech,3,291,77,71,,OVC,OVC,,,,,,
281580,1981-02-18,,1981,regular,,final,East Tennessee State,App State,75,9,72,78,,SoCon,SoCon,,,,,,
281581,1981-02-18,,1981,regular,,final,Little Rock,Georgia Southern,144,99,60,54,,ASUN,ASUN,,,,,,
281582,1981-02-18,,1981,regular,,final,Austin Peay,Murray State,17,184,53,76,,OVC,OVC,,,,,,
281583,1981-02-18,,1981,regular,,final,Florida A&M,Bethune-Cookman,85,23,60,51,,MEAC,MEAC,,,,,,
281584,1981-02-18,,1981,regular,,final,Boise State,Montana,25,179,57,60,,Big Sky,Big Sky,,,,,,
281585,1981-02-18,,1981,regular,,final,Indiana State,Bradley,122,29,56,63,,MVC,MVC,,,,,,
281586,1981-02-18,,1981,regular,,final,BYU,UTEP,18,327,84,75,,UAC,UAC,,,,,,
281587,1981-02-18,,1981,regular,,final,California,UCLA,40,313,66,72,,Pac-12,Pac-12,,,,,,
281588,1981-02-18,,1981,regular,,final,Campbell,VMI,41,334,89,65,,Indep.,SoCon,,,,,,
281589,1981-02-18,,1981,regular,,final,Long Island University,Catholic,146,1279,102,77,,NEC,,,,,,,
281590,1981-02-18,,1981,regular,,final,Centenary (LA),UL Monroe,367,316,58,71,,ASUN,ASUN,,,,,,
281591,1981-02-18,,1981,regular,,final,Creighton,Drake,61,70,73,69,,MVC,MVC,,,,,,
281592,1981-02-18,,1981,regular,,final,San José State,UC Santa Barbara,260,311,68,44,,Big West,Big West,,,,,,
281593,1981-02-18,,1981,regular,,final,Duke,NC State,72,185,51,52,,ACC,ACC,,,,,,
281594,1981-02-18,,1981,regular,,final,Morehead State,Eastern Kentucky,181,78,75,79,,OVC,OVC,,,,,,
281595,1981-02-18,,1981,regular,,final,Florida,Kentucky,87,135,56,69,,SEC,SEC,,,,,,
281596,1981-02-18,,1981,regular,,final,Fordham,Manhattan,91,155,67,54,,NEC,NEC,,,,,,
281598,1981-02-18,,1981,regular,,final,Utah State,Cal State Fullerton,329,37,77,73,,Big West,Big West,,,,,,
281599,1981-02-18,,1981,regular,,final,Samford,Hardin-Simmons,256,772,82,79,,ASUN,,,,,,,
281600,1981-02-18,,1981,regular,,final,Idaho,Montana State,117,180,73,55,,Big Sky,Big Sky,,,,,,
281601,1981-02-18,,1981,regular,,final,Illinois,Michigan,118,170,67,64,,Big Ten,Big Ten,,,,,,
281602,1981-02-18,,1981,regular,,final,Illinois State,South Alabama,119,265,44,50,,Indep.,Sun Belt,,,,,,
281603,1981-02-18,,1981,regular,,final,Iowa,Indiana,124,121,78,65,,Big Ten,Big Ten,,,,,,
281604,1981-02-18,,1981,regular,,final,Long Beach State,Pacific,145,225,83,73,,Big West,Big West,,,,,,
281605,1981-02-18,,1981,regular,,final,Middle Tennessee,Western Kentucky,171,350,62,54,,OVC,OVC,,,,,,
281606,1981-02-18,,1981,regular,,final,Saint Louis,Memphis,252,163,64,58,,,,,,,,,
281607,1981-02-18,,1981,regular,,final,Mercer,Northwestern State,164,211,94,66,,ASUN,ASUN,,,,,,
281608,1981-02-18,,1981,regular,,final,Ohio State,Minnesota,216,173,76,82,,Big Ten,Big Ten,,,,,,
281609,1981-02-18,,1981,regular,,final,Michigan State,Wisconsin,169,355,74,65,,Big Ten,Big Ten,,,,,,
281610,1981-02-18,,1981,regular,,final,Weber State,Northern Arizona,345,206,83,57,,Big Sky,Big Sky,,,,,,
281611,1981-02-18,,1981,regular,,final,Utah,New Mexico,331,191,90,73,,UAC,UAC,,,,,,
281612,1981-02-18,,1981,regular,,final,SE Louisiana,Nicholls,246,195,86,77,,Indep.,Indep.,,,,,,
281613,1981-02-18,,1981,regular,,final,New Mexico State,Wichita State,192,352,82,60,,MVC,MVC,,,,,,
281614,1981-02-18,,1981,regular,,final,Northwestern,Purdue,212,236,69,82,,Big Ten,Big Ten,,,,,,
281615,1981-02-18,,1981,regular,,final,Valparaiso,Portland State,335,231,87,81,,Indep.,Indep.,,,,,,
281617,1981-02-18,,1981,regular,,final,UC Irvine,Fresno State,308,92,55,70,,Big West,Big West,,,,,,
281618,1981-02-19,,1981,regular,,final,Air Force,Hawai'i,2,108,63,61,,UAC,UAC,,,,,,
281619,1981-02-19,,1981,regular,,final,South Carolina State,Bethune-Cookman,267,23,73,69,,MEAC,MEAC,,,,,,
281620,1981-02-19,,1981,regular,,final,Penn State (Beaver),Brown,1353,30,66,58,,,Ivy,,,,,,
281621,1981-02-19,,1981,regular,,final,Columbia,Harvard,58,107,63,65,,Ivy,Ivy,,,,,,
281622,1981-02-19,,1981,regular,,final,Cornell,Dartmouth,60,62,60,56,,Ivy,Ivy,,,,,,
281623,1981-02-19,,1981,regular,,final,Dayton,Duquesne,64,73,109,100,,Indep.,A-10,,,,,,
281624,1981-02-19,,1981,regular,,final,Loyola Marymount,Gonzaga,153,102,60,63,,WCC,WCC,,,,,,
281625,1981-02-19,,1981,regular,,final,Idaho State,Nevada,116,189,63,87,,Big Sky,Big Sky,,,,,,
281626,1981-02-19,,1981,regular,,final,New Orleans,Southern Miss,193,275,70,83,,Indep.,Indep.,,,,,,
281627,1981-02-19,,1981,regular,,final,Oregon,Washington State,223,344,82,67,,Pac-12,Pac-12,,,,,,
281628,1981-02-19,,1981,regular,,final,Pepperdine,Portland,228,230,76,78,,WCC,WCC,,,,,,
281629,1981-02-19,,1981,regular,,final,Princeton,Yale,234,360,60,47,,Ivy,Ivy,,,,,,
281630,1981-02-19,,1981,regular,,final,San Francisco,San Diego,259,258,67,58,,WCC,WCC,,,,,,
281631,1981-02-19,,1981,regular,,final,Saint Mary's,Santa Clara,253,261,82,79,,WCC,WCC,,,,,,
281632,1981-02-19,,1981,regular,,final,UNLV,San Diego State,322,257,68,67,,Indep.,UAC,,,,,,
281633,1981-02-19,,1981,regular,,final,Stanford,USC,281,323,67,74,,Pac-12,Pac-12,,,,,,
281634,1981-02-20,,1981,regular,,final,Air Force,San Diego State,2,257,61,63,,UAC,UAC,,,,,,
281635,1981-02-20,,1981,regular,,final,Murray State,Akron,184,3,57,53,,OVC,OVC,,,,,,
281636,1981-02-20,,1981,regular,,final,Alabama,Florida,5,87,57,44,,SEC,SEC,,,,,,
281637,1981-02-20,,1981,regular,,final,Catholic,American University,1279,8,77,105,,,,,,,,,
281638,1981-02-20,,1981,regular,,final,App State,Davidson,9,63,78,77,,SoCon,SoCon,,,,,,
281639,1981-02-20,,1981,regular,,final,Arizona,Arizona State,11,10,66,71,,Pac-12,Pac-12,,,,,,
281640,1981-02-20,,1981,regular,,final,Arkansas,Rice,12,241,75,59,,,,,,,,,
281641,1981-02-20,,1981,regular,,final,Little Rock,Campbell,144,41,62,61,,ASUN,Indep.,,,,,,
281642,1981-02-20,,1981,regular,,final,Army,Saint Peter's,15,254,43,57,,NEC,NEC,,,,,,
281643,1981-02-20,,1981,regular,,final,Lamar,Arkansas State,139,13,89,69,,Southland,Southland,,,,,,
281644,1981-02-20,,1981,regular,,final,Auburn,Georgia,16,98,65,76,,SEC,SEC,,,,,,
281645,1981-02-20,,1981,regular,,final,Western Michigan,Ball State,351,19,69,74,,MAC,MAC,,,,,,
281646,1981-02-20,,1981,regular,,final,Houston,Baylor,113,20,68,70,,,,,,,,,
281647,1981-02-20,,1981,regular,,final,Stetson,Bethune-Cookman,283,23,73,54,,Indep.,MEAC,,,,,,
281648,1981-02-20,,1981,regular,,final,Bowling Green,Eastern Michigan,28,79,61,59,,MAC,MAC,,,,,,
281649,1981-02-20,,1981,regular,,final,Baltimore,Long Island University,375,146,68,74,,CAA,NEC,,,,,,
281650,1981-02-20,,1981,regular,,final,Boston College,St. John's,26,279,59,58,,Big East,Big East,,,,,,
281651,1981-02-20,,1981,regular,,final,Boise State,Montana State,25,180,90,93,,Big Sky,Big Sky,,,,,,
281652,1981-02-20,,1981,regular,,final,Boston University,South Carolina,27,266,86,93,,Am. East,Indep.,,,,,,
281653,1981-02-20,,1981,regular,,final,Princeton,Brown,234,30,40,33,,Ivy,Ivy,,,,,,
281654,1981-02-20,,1981,regular,,final,Rider,Bucknell,243,32,61,65,,,,,,,,,
281655,1981-02-20,,1981,regular,,final,Butler,Oklahoma City,34,1476,65,74,,Horizon,,,,,,,
281656,1981-02-20,,1981,regular,,final,BYU,New Mexico,18,191,78,72,,UAC,UAC,,,,,,
281657,1981-02-20,,1981,regular,,final,California,USC,40,323,73,71,,Pac-12,Pac-12,,,,,,
281658,1981-02-20,,1981,regular,,final,Canisius,Niagara,42,194,65,67,,Am. East,Am. East,,,,,,
281659,1981-02-20,,1981,regular,,final,Centenary (LA),Houston Christian,367,112,78,68,,ASUN,ASUN,,,,,,
281660,1981-02-20,,1981,regular,,final,Cincinnati,Saint Louis,51,252,59,50,,,,,,,,,
281661,1981-02-20,,1981,regular,,final,Western Carolina,The Citadel,348,299,70,62,,SoCon,SoCon,,,,,,
281662,1981-02-20,,1981,regular,,final,North Carolina,Clemson,200,52,75,61,,ACC,ACC,,,,,,
281663,1981-02-20,,1981,regular,,final,Vermont,Colgate,337,55,58,60,,Am. East,Am. East,,,,,,
281664,1981-02-20,,1981,regular,,final,Columbia,Dartmouth,58,62,52,54,,Ivy,Ivy,,,,,,
281665,1981-02-20,,1981,regular,,final,St. Francis (PA),Cleveland State,278,53,69,67,,CAA,Indep.,,,,,,
281666,1981-02-20,,1981,regular,,final,Central Michigan,Toledo,45,300,70,73,,MAC,MAC,,,,,,
281667,1981-02-20,,1981,regular,,final,Colorado,Kansas,56,131,53,50,,,,,,,,,
281668,1981-02-20,,1981,regular,,final,UConn,Providence,314,235,71,57,,Big East,Big East,,,,,,
281669,1981-02-20,,1981,regular,,final,Cornell,Harvard,60,107,65,73,,Ivy,Ivy,,,,,,
281670,1981-02-20,,1981,regular,,final,Wichita State,Creighton,352,61,83,70,,MVC,MVC,,,,,,
281671,1981-02-20,,1981,regular,,final,Utah State,UC Santa Barbara,329,311,79,81,,Big West,Big West,,,,,,
281672,1981-02-20,,1981,regular,,final,Wyoming,Colorado State,358,57,68,40,,UAC,UAC,,,,,,
281673,1981-02-20,,1981,regular,,final,Lehigh,Delaware,141,66,61,59,,,,,,,,,
281674,1981-02-20,,1981,regular,,final,DePaul,Marquette,65,157,78,71,,Indep.,Indep.,,,,,,
281675,1981-02-20,,1981,regular,,final,Detroit Mercy,Illinois State,69,119,62,66,,Horizon,Indep.,,,,,,
281676,1981-02-20,,1981,regular,,final,Drake,Tulsa,70,304,107,87,,MVC,MVC,,,,,,
281677,1981-02-20,,1981,regular,,final,Hofstra,Drexel,110,71,73,55,,,,,,,,,
281678,1981-02-20,,1981,regular,,final,Duke,Georgia Tech,72,101,83,56,,ACC,ACC,,,,,,
281679,1981-02-20,,1981,regular,,final,Richmond,East Carolina,242,74,65,67,,CAA,Indep.,,,,,,
281680,1981-02-20,,1981,regular,,final,Western Kentucky,Eastern Kentucky,350,78,78,62,,OVC,OVC,,,,,,
281681,1981-02-20,,1981,regular,,final,Morehead State,East Tennessee State,181,75,78,71,,OVC,SoCon,,,,,,
281682,1981-02-20,,1981,regular,,final,Loyola Chicago,Evansville,151,82,81,73,,Horizon,Horizon,,,,,,
281683,1981-02-20,,1981,regular,,final,Fordham,Holy Cross,91,111,66,59,,NEC,Am. East,,,,,,
281684,1981-02-20,,1981,regular,,final,Long Beach State,Fresno State,145,92,46,67,,Big West,Big West,,,,,,
281685,1981-02-20,,1981,regular,,final,Rutgers,Fairfield,245,83,87,57,,A-10,NEC,,,,,,
281686,1981-02-20,,1981,regular,,final,San José State,Cal State Fullerton,260,37,59,41,,Big West,Big West,,,,,,
281687,1981-02-20,,1981,regular,,final,Furman,Marshall,93,158,92,90,,SoCon,SoCon,,,,,,
281688,1981-02-20,,1981,regular,,final,Robert Morris,George Mason,244,95,80,70,,CAA,CAA,,,,,,
281689,1981-02-20,,1981,regular,,final,South Florida,Georgia State,271,100,81,61,,Sun Belt,Sun Belt,,,,,,
281690,1981-02-20,,1981,regular,,final,George Washington,Massachusetts,96,161,87,61,,A-10,A-10,,,,,,
281691,1981-02-20,,1981,regular,,final,Pepperdine,Gonzaga,228,102,56,54,,WCC,WCC,,,,,,
281692,1981-02-20,,1981,regular,,final,Georgia Southern,UL Monroe,99,316,73,93,,ASUN,ASUN,,,,,,
281693,1981-02-20,,1981,regular,,final,Villanova,Georgetown,338,97,60,68,,Big East,Big East,,,,,,
281694,1981-02-20,,1981,regular,,final,UNLV,Hawai'i,322,108,92,84,,Indep.,UAC,,,,,,
281695,1981-02-20,,1981,regular,,final,Mercer,Hardin-Simmons,164,772,93,78,,ASUN,,,,,,,
281696,1981-02-20,,1981,regular,,final,Idaho,Montana,117,179,87,78,,Big Sky,Big Sky,,,,,,
281697,1981-02-20,,1981,regular,,final,Idaho State,Northern Arizona,116,206,79,80,,Big Sky,Big Sky,,,,,,
281698,1981-02-20,,1981,regular,,final,Illinois,Michigan State,118,169,82,62,,Big Ten,Big Ten,,,,,,
281699,1981-02-20,,1981,regular,,final,Indiana,Minnesota,121,173,74,63,,Big Ten,Big Ten,,,,,,
281700,1981-02-20,,1981,regular,,final,West Texas A&M,Indiana State,1440,122,104,88,,MVC,MVC,,,,,,
281701,1981-02-20,,1981,regular,,final,Iowa State,Oklahoma State,125,218,69,76,,,,,,,,,
281702,1981-02-20,,1981,regular,,final,Purdue,Iowa,236,124,62,67,,Big Ten,Big Ten,,,,,,
281703,1981-02-20,,1981,regular,,final,Mississippi Valley State,Jackson State,175,126,66,75,,SWAC,SWAC,,,,,,
281704,1981-02-20,,1981,regular,,final,Kentucky,Vanderbilt,135,336,80,48,,SEC,SEC,,,,,,
281705,1981-02-20,,1981,regular,,final,Kansas State,Oklahoma,132,217,108,71,,,,,,,,,
281706,1981-02-20,,1981,regular,,final,Ohio,Kent State,215,134,89,84,,MAC,MAC,,,,,,
281707,1981-02-20,,1981,regular,,final,Lafayette,West Chester,138,476,91,70,,,,,,,,,
281709,1981-02-20,,1981,regular,,final,Loyola Marymount,Portland,153,230,84,85,,WCC,WCC,,,,,,
281710,1981-02-20,,1981,regular,,final,Louisiana Tech,McNeese,149,162,75,57,,Southland,Southland,,,,,,
281711,1981-02-20,,1981,regular,,final,Tennessee,LSU,292,136,65,66,,SEC,SEC,,,,,,
281712,1981-02-20,,1981,regular,,final,Manhattan,Navy,155,187,65,57,,NEC,CAA,,,,,,
281713,1981-02-20,,1981,regular,,final,Maryland,Wake Forest,160,342,94,80,,ACC,ACC,,,,,,
281714,1981-02-20,,1981,regular,,final,Chattanooga,Middle Tennessee,49,171,72,70,,SoCon,OVC,,,,,,
281715,1981-02-20,,1981,regular,,final,Virginia Tech,Memphis,340,163,71,70,,,,,,,,,
281716,1981-02-20,,1981,regular,,final,Michigan,Northwestern,170,212,70,74,,Big Ten,Big Ten,,,,,,
281717,1981-02-20,,1981,regular,,final,Ole Miss,Mississippi State,220,174,72,61,,SEC,SEC,,,,,,
281718,1981-02-20,,1981,regular,,final,Miami (OH),Northern Illinois,167,208,63,75,,MAC,MAC,,,,,,
281719,1981-02-20,,1981,regular,,final,Missouri,Nebraska,177,188,55,45,,,MVC,,,,,,
281720,1981-02-20,,1981,regular,,final,North Carolina A&T,Tennessee State,198,290,68,58,,MEAC,Indep.,,,,,,
281721,1981-02-20,,1981,regular,,final,UNC Wilmington,Northern Iowa,321,209,64,62,,Indep.,Indep.,,,,,,
281722,1981-02-20,,1981,regular,,final,New Hampshire,Northeastern,190,205,69,70,,Am. East,Am. East,,,,,,
281723,1981-02-20,,1981,regular,,final,Nicholls,Southern,195,274,87,75,,Indep.,SWAC,,,,,,
281724,1981-02-20,,1981,regular,,final,New Mexico State,Southern Illinois,192,273,72,60,,MVC,MVC,,,,,,
281725,1981-02-20,,1981,regular,,final,Northwestern State,Samford,211,256,84,72,,ASUN,ASUN,,,,,,
281726,1981-02-20,,1981,regular,,final,William & Mary,Old Dominion,353,219,59,60,,CAA,CAA,,,,,,
281727,1981-02-20,,1981,regular,,final,Oregon,Washington,223,343,68,70,,Pac-12,Pac-12,,,,,,
281728,1981-02-20,,1981,regular,,final,Oregon State,Washington State,224,344,81,53,,Pac-12,Pac-12,,,,,,
281729,1981-02-20,,1981,regular,,final,Wisconsin,Ohio State,355,216,77,63,,Big Ten,Big Ten,,,,,,
281730,1981-02-20,,1981,regular,,final,Penn State (Beaver),Yale,1353,360,78,55,,,Ivy,,,,,,
281731,1981-02-20,,1981,regular,,final,Pittsburgh,West Virginia,229,347,81,64,,A-10,A-10,,,,,,
281732,1981-02-20,,1981,regular,,final,Prairie View A&M,Texas Southern,232,296,68,72,,SWAC,SWAC,,,,,,
281733,1981-02-20,,1981,regular,,final,Seton Hall,Syracuse,263,286,66,65,,Big East,Big East,,,,,,
281734,1981-02-20,,1981,regular,,final,Towson,St. Francis Brooklyn,301,364,69,63,,CAA,NEC,,,,,,
281735,1981-02-20,,1981,regular,,final,San Francisco,Santa Clara,259,261,90,63,,WCC,WCC,,,,,,
281736,1981-02-20,,1981,regular,,final,Wagner,Siena,341,264,70,75,,NEC,NEC,,,,,,
281737,1981-02-20,,1981,regular,,final,SMU,Texas Tech,248,298,48,51,,,,,,,,,
281738,1981-02-20,,1981,regular,,final,Stanford,UCLA,281,313,74,72,,Pac-12,Pac-12,,,,,,
281739,1981-02-20,,1981,regular,,final,Saint Mary's,San Diego,253,258,70,69,,WCC,WCC,,,,,,
281740,1981-02-20,,1981,regular,,final,UT Arlington,Louisiana,324,148,93,83,,Southland,Southland,,,,,,
281741,1981-02-20,,1981,regular,,final,Texas,Texas A&M,295,293,79,108,,,,,,,,,
281742,1981-02-20,,1981,regular,,final,UC Irvine,Pacific,308,225,90,82,,Big West,Big West,,,,,,
281743,1981-02-20,,1981,regular,,final,Weber State,Nevada,345,189,77,73,,Big Sky,Big Sky,,,,,,
281744,1981-02-20,,1981,regular,,final,Utah,UTEP,331,327,69,59,,UAC,UAC,,,,,,
281745,1981-02-21,,1981,regular,,final,UAB,Charlotte,305,48,86,72,,Sun Belt,Sun Belt,,,,,,
281746,1981-02-21,,1981,regular,,final,Dayton,Xavier,64,359,73,64,,Indep.,Horizon,,,,,,
281747,1981-02-21,,1981,regular,,final,Duquesne,St. Bonaventure,73,277,79,72,,A-10,A-10,,,,,,
281748,1981-02-21,,1981,regular,,final,Jacksonville,VCU,127,333,51,59,,Sun Belt,Sun Belt,,,,,,
281749,1981-02-21,,1981,regular,,final,LSU,Texas A&M,136,293,67,57,,SEC,,,,,,,
281750,1981-02-21,,1981,regular,,final,New Orleans,Tulane,193,303,82,69,,Indep.,,,,,,,
281751,1981-02-21,,1981,regular,,final,Notre Dame,Virginia,213,339,57,56,,Indep.,ACC,,,,,,
281752,1981-02-22,,1981,regular,,final,Western Carolina,App State,348,9,68,61,,SoCon,SoCon,,,,,,
281753,1981-02-22,,1981,regular,,final,Colgate,Army,55,15,75,66,,Am. East,NEC,,,,,,
281754,1981-02-22,,1981,regular,,final,Arkansas State,Louisiana Tech,13,149,56,64,,Southland,Southland,,,,,,
281755,1981-02-22,,1981,regular,,final,St. Francis (PA),Baltimore,278,375,87,74,,CAA,CAA,,,,,,
281756,1981-02-22,,1981,regular,,final,Nevada,Boise State,189,25,82,69,,Big Sky,Big Sky,,,,,,
281757,1981-02-22,,1981,regular,,final,Butler,DePaul,34,65,64,89,,Horizon,Indep.,,,,,,
281758,1981-02-22,,1981,regular,,final,UNC Wilmington,Campbell,321,41,64,49,,Indep.,Indep.,,,,,,
281759,1981-02-22,,1981,regular,,final,George Mason,Catholic,95,1279,98,66,,CAA,,,,,,,
281760,1981-02-22,,1981,regular,,final,Louisville,Cincinnati,150,51,81,67,,,,,,,,,
281761,1981-02-22,,1981,regular,,final,The Citadel,Marshall,299,158,79,87,,SoCon,SoCon,,,,,,
281762,1981-02-22,,1981,regular,,final,Cleveland State,Illinois State,53,119,53,62,,Indep.,Indep.,,,,,,
281763,1981-02-22,,1981,regular,,final,UConn,Villanova,314,338,73,74,,Big East,Big East,,,,,,
281764,1981-02-22,,1981,regular,,final,Charlotte,Davidson,48,63,91,89,,Sun Belt,SoCon,,,,,,
281765,1981-02-22,,1981,regular,,final,Towson,George Washington,301,96,57,56,,CAA,A-10,,,,,,
281766,1981-02-22,,1981,regular,,final,Grambling,Southern,103,274,76,69,,SWAC,SWAC,,,,,,
281767,1981-02-22,,1981,regular,,final,South Carolina,Georgia Southern,266,99,106,69,,Indep.,ASUN,,,,,,
281768,1981-02-22,,1981,regular,,final,Tulsa,Indiana State,304,122,63,47,,MVC,MVC,,,,,,
281769,1981-02-22,,1981,regular,,final,Louisiana,Lamar,148,139,97,81,,Southland,Southland,,,,,,
281770,1981-02-22,,1981,regular,,final,St. Francis Brooklyn,Manhattan,364,155,78,61,,NEC,NEC,,,,,,
281771,1981-02-22,,1981,regular,,final,McNeese,UT Arlington,162,324,87,100,,Southland,Southland,,,,,,
281772,1981-02-22,,1981,regular,,final,Memphis,Penn State,163,226,75,67,,,Indep.,,,,,,
281773,1981-02-22,,1981,regular,,final,North Carolina A&T,Texas Southern,198,296,75,67,,MEAC,SWAC,,,,,,
281774,1981-02-22,,1981,regular,,final,Northwestern State,Nicholls,211,195,91,84,,ASUN,Indep.,,,,,,
281775,1981-02-22,,1981,regular,,final,Western Kentucky,Northern Iowa,350,209,69,64,,OVC,Indep.,,,,,,
281776,1981-02-22,,1981,regular,,final,North Texas,Texas Pan American,204,1535,73,77,,Indep.,,,,,,,
281777,1981-02-22,,1981,regular,,final,Oregon State,Washington,224,343,89,63,,Pac-12,Pac-12,,,,,,
281778,1981-02-22,,1981,regular,,final,Stetson,South Florida,283,271,54,45,,Indep.,Sun Belt,,,,,,
281779,1981-02-23,,1981,regular,,final,UAB,Samford,305,256,92,67,,Sun Belt,ASUN,,,,,,
281780,1981-02-23,,1981,regular,,final,Saint Joseph's,American University,251,8,83,84,,,,,,,,,
281781,1981-02-23,,1981,regular,,final,Arkansas,SMU,12,248,47,33,,,,,,,,,
281782,1981-02-23,,1981,regular,,final,Boston University,Northeastern,27,205,76,83,,Am. East,Am. East,,,,,,
281783,1981-02-23,,1981,regular,,final,Howard,Delaware State,114,67,76,62,,MEAC,MEAC,,,,,,
281784,1981-02-23,,1981,regular,,final,Furman,East Tennessee State,93,75,78,76,,SoCon,SoCon,,,,,,
281785,1981-02-23,,1981,regular,,final,Fairfield,Fairleigh Dickinson,83,84,86,71,,NEC,NEC,,,,,,
281786,1981-02-23,,1981,regular,,final,Old Dominion,Georgia State,219,100,96,61,,CAA,Sun Belt,,,,,,
281787,1981-02-23,,1981,regular,,final,San Diego State,Hawai'i,257,108,90,77,,UAC,UAC,,,,,,
281788,1981-02-23,,1981,regular,,final,Houston,Rice,113,241,63,55,,,,,,,,,
281789,1981-02-23,,1981,regular,,final,Marquette,Loyola Chicago,157,151,63,62,,Indep.,Horizon,,,,,,
281790,1981-02-23,,1981,regular,,final,Massachusetts,Pittsburgh,161,229,61,101,,A-10,A-10,,,,,,
281791,1981-02-23,,1981,regular,,final,Rhode Island,New Hampshire,240,190,81,73,,A-10,Am. East,,,,,,
281792,1981-02-23,,1981,regular,,final,Oklahoma,Oklahoma State,217,218,88,100,,,,,,,,,
281793,1981-02-23,,1981,regular,,final,Penn State (Beaver),Princeton,1353,234,52,43,,,Ivy,,,,,,
281794,1981-02-23,,1981,regular,,final,South Carolina State,Texas Southern,267,296,68,84,,MEAC,SWAC,,,,,,
281795,1981-02-23,,1981,regular,,final,TCU,Texas A&M,287,293,57,59,,,,,,,,,
281796,1981-02-23,,1981,regular,,final,Texas,Texas Tech,295,298,65,54,,,,,,,,,
281797,1981-02-23,,1981,regular,,final,William & Mary,VCU,353,333,67,68,,CAA,Sun Belt,,,,,,
281798,1981-02-24,,1981,regular,,final,Alabama,Auburn,5,16,54,56,,SEC,SEC,,,,,,
281799,1981-02-24,,1981,regular,,final,Centenary (LA),Little Rock,367,144,90,92,,ASUN,ASUN,,,,,,
281800,1981-02-24,,1981,regular,,final,Austin Peay,Tennessee State,17,290,60,73,,OVC,Indep.,,,,,,
281801,1981-02-24,,1981,regular,,final,Ball State,Ohio,19,215,76,63,,MAC,MAC,,,,,,
281802,1981-02-24,,1981,regular,,final,The Citadel,Charleston Southern,299,47,62,67,,SoCon,Indep.,,,,,,
281803,1981-02-24,,1981,regular,,final,Toledo,Bowling Green,300,28,61,56,,MAC,MAC,,,,,,
281804,1981-02-24,,1981,regular,,final,Syracuse,Boston College,286,26,90,86,,Big East,Big East,,,,,,
281805,1981-02-24,,1981,regular,,final,Bucknell,Lehigh,32,141,62,63,,,,,,,,,
281806,1981-02-24,,1981,regular,,final,Campbell,George Mason,41,95,92,82,,Indep.,CAA,,,,,,
281807,1981-02-24,,1981,regular,,final,Clemson,Duke,52,72,54,52,,ACC,ACC,,,,,,
281808,1981-02-24,,1981,regular,,final,Xavier,Cleveland State,359,53,83,96,,Horizon,Indep.,,,,,,
281809,1981-02-24,,1981,regular,,final,Kent State,Central Michigan,134,45,78,65,,MAC,MAC,,,,,,
281810,1981-02-24,,1981,regular,,final,Colorado,Missouri,56,177,62,75,,,,,,,,,
281811,1981-02-24,,1981,regular,,final,Lafayette,Delaware,138,66,65,64,,,,,,,,,
281812,1981-02-24,,1981,regular,,final,Drexel,La Salle,71,137,52,63,,,,,,,,,
281813,1981-02-24,,1981,regular,,final,Rutgers,Duquesne,245,73,68,69,,A-10,A-10,,,,,,
281814,1981-02-24,,1981,regular,,final,Northern Illinois,Eastern Michigan,208,79,74,57,,MAC,MAC,,,,,,
281815,1981-02-24,,1981,regular,,final,Vanderbilt,Florida,336,87,73,64,,SEC,SEC,,,,,,
281816,1981-02-24,,1981,regular,,final,Long Island University,Fordham,146,91,72,83,,NEC,NEC,,,,,,
281817,1981-02-24,,1981,regular,,final,Georgia,Tennessee,98,292,76,75,,SEC,SEC,,,,,,
281818,1981-02-24,,1981,regular,,final,Georgia Tech,North Carolina,101,200,51,76,,ACC,ACC,,,,,,
281819,1981-02-24,,1981,regular,,final,Stetson,Georgia Southern,283,99,106,83,,Indep.,ASUN,,,,,,
281820,1981-02-24,,1981,regular,,final,Providence,Georgetown,235,97,63,71,,Big East,Big East,,,,,,
281821,1981-02-24,,1981,regular,,final,Hofstra,Holy Cross,110,111,63,73,,,Am. East,,,,,,
281822,1981-02-24,,1981,regular,,final,Kansas State,Iowa State,132,125,67,60,,,,,,,,,
281823,1981-02-24,,1981,regular,,final,James Madison,Towson,129,301,85,53,,CAA,CAA,,,,,,
281824,1981-02-24,,1981,regular,,final,New Orleans,Jackson State,193,126,67,66,,Indep.,SWAC,,,,,,
281825,1981-02-24,,1981,regular,,final,Kansas,Nebraska,131,188,75,49,,,MVC,,,,,,
281826,1981-02-24,,1981,regular,,final,Mississippi State,Kentucky,174,135,74,78,,SEC,SEC,,,,,,
281827,1981-02-24,,1981,regular,,final,Saint Louis,Louisville,252,150,85,97,,,,,,,,,
281828,1981-02-24,,1981,regular,,final,LSU,Ole Miss,136,220,74,67,,SEC,SEC,,,,,,
281829,1981-02-24,,1981,regular,,final,Temple,Maine-Farmington,289,1078,53,51,,,,,,,,,
281830,1981-02-24,,1981,regular,,final,NC State,Maryland,185,160,72,76,,ACC,ACC,,,,,,
281831,1981-02-24,,1981,regular,,final,Middle Tennessee,Oral Roberts,171,222,85,79,,OVC,Horizon,,,,,,
281832,1981-02-24,,1981,regular,,final,Miami (OH),Western Michigan,167,351,70,71,,MAC,MAC,,,,,,
281833,1981-02-24,,1981,regular,,final,West Virginia,Morehead State,347,181,82,69,,A-10,OVC,,,,,,
281834,1981-02-24,,1981,regular,,final,St. Bonaventure,Niagara,277,194,73,69,,A-10,Am. East,,,,,,
281835,1981-02-24,,1981,regular,,final,Texas Pan American,Nicholls,1535,195,88,74,,,Indep.,,,,,,
281836,1981-02-24,,1981,regular,,final,Penn State,Robert Morris,226,244,67,75,,Indep.,CAA,,,,,,
281837,1981-02-24,,1981,regular,,final,Rider,West Chester,243,476,82,76,,,,,,,,,
281838,1981-02-24,,1981,regular,,final,Seton Hall,St. John's,263,279,70,63,,Big East,Big East,,,,,,
281839,1981-02-24,,1981,regular,,final,Virginia Tech,Tulane,340,303,96,75,,,,,,,,,
281840,1981-02-24,,1981,regular,,final,Wake Forest,Virginia,342,339,73,66,,ACC,ACC,,,,,,
281841,1981-02-25,,1981,regular,,final,American University,Richmond,8,242,75,69,,,CAA,,,,,,
281842,1981-02-25,,1981,regular,,final,Arizona,California,11,40,83,72,,Pac-12,Pac-12,,,,,,
281843,1981-02-25,,1981,regular,,final,Arizona State,Stanford,10,281,79,54,,Pac-12,Pac-12,,,,,,
281844,1981-02-25,,1981,regular,,final,Vermont,Boston University,337,27,60,59,,Am. East,Am. East,,,,,,
281845,1981-02-25,,1981,regular,,final,Bradley,Wichita State,29,352,57,70,,MVC,MVC,,,,,,
281846,1981-02-25,,1981,regular,,final,Wyoming,BYU,358,18,86,84,,UAC,UAC,,,,,,
281847,1981-02-25,,1981,regular,,final,Colgate,Siena,55,264,94,100,,Am. East,NEC,,,,,,
281848,1981-02-25,,1981,regular,,final,West Texas A&M,Creighton,1440,61,86,90,,MVC,MVC,,,,,,
281849,1981-02-25,,1981,regular,,final,Colorado State,Utah,57,331,50,73,,UAC,UAC,,,,,,
281850,1981-02-25,,1981,regular,,final,Fairleigh Dickinson,Wagner,84,341,77,88,,NEC,NEC,,,,,,
281851,1981-02-25,,1981,regular,,final,Fresno State,San José State,92,260,62,52,,Big West,Big West,,,,,,
281852,1981-02-25,,1981,regular,,final,Cal State Fullerton,Long Beach State,37,145,60,47,,Big West,Big West,,,,,,
281853,1981-02-25,,1981,regular,,final,South Carolina State,Grambling,267,103,101,90,,MEAC,SWAC,,,,,,
281854,1981-02-25,,1981,regular,,final,North Texas,Hardin-Simmons,204,772,90,71,,Indep.,,,,,,,
281855,1981-02-25,,1981,regular,,final,Northern Arizona,Idaho,206,117,65,74,,Big Sky,Big Sky,,,,,,
281856,1981-02-25,,1981,regular,,final,Minnesota,Illinois,173,118,76,59,,Big Ten,Big Ten,,,,,,
281857,1981-02-25,,1981,regular,,final,Indiana,Ohio State,121,216,74,58,,Big Ten,Big Ten,,,,,,
281858,1981-02-25,,1981,regular,,final,Iona,Manhattan,123,155,78,62,,NEC,NEC,,,,,,
281859,1981-02-25,,1981,regular,,final,Iowa,Michigan,124,170,69,66,,Big Ten,Big Ten,,,,,,
281860,1981-02-25,,1981,regular,,final,San Diego,Loyola Marymount,258,153,78,66,,WCC,WCC,,,,,,
281861,1981-02-25,,1981,regular,,final,UT Arlington,Louisiana Tech,324,149,52,61,,Southland,Southland,,,,,,
281862,1981-02-25,,1981,regular,,final,New Hampshire,Massachusetts,190,161,94,66,,Am. East,A-10,,,,,,
281863,1981-02-25,,1981,regular,,final,UL Monroe,Mercer,316,164,66,75,,ASUN,ASUN,,,,,,
281864,1981-02-25,,1981,regular,,final,Marquette,Valparaiso,157,335,73,58,,Indep.,Indep.,,,,,,
281865,1981-02-25,,1981,regular,,final,Northwestern,Michigan State,212,169,61,74,,Big Ten,Big Ten,,,,,,
281866,1981-02-25,,1981,regular,,final,North Carolina A&T,UNC Wilmington,198,321,59,57,,MEAC,Indep.,,,,,,
281867,1981-02-25,,1981,regular,,final,Tulsa,New Mexico State,304,192,86,79,,MVC,MVC,,,,,,
281868,1981-02-25,,1981,regular,,final,Notre Dame,St. Francis (PA),213,278,87,71,,Indep.,CAA,,,,,,
281869,1981-02-25,,1981,regular,,final,Pacific,Utah State,225,329,101,91,,Big West,Big West,,,,,,
281870,1981-02-25,,1981,regular,,final,Santa Clara,Pepperdine,261,228,78,89,,WCC,WCC,,,,,,
281871,1981-02-25,,1981,regular,,final,Portland,San Francisco,230,259,74,92,,WCC,WCC,,,,,,
281872,1981-02-25,,1981,regular,,final,Purdue,Wisconsin,236,355,72,61,,Big Ten,Big Ten,,,,,,
281873,1981-02-25,,1981,regular,,final,UC Santa Barbara,UC Irvine,311,308,67,66,,Big West,Big West,,,,,,
281874,1981-02-26,,1981,regular,,final,UTEP,Air Force,327,2,52,44,,UAC,UAC,,,,,,
281876,1981-02-26,,1981,regular,,final,Columbia,Brown,58,30,59,47,,Ivy,Ivy,,,,,,
281877,1981-02-26,,1981,regular,,final,Northern Iowa,Campbell,209,41,64,65,,Indep.,Indep.,,,,,,
281878,1981-02-26,,1981,regular,,final,Cornell,Yale,60,360,65,68,,Ivy,Ivy,,,,,,
281879,1981-02-26,,1981,regular,,final,Dartmouth,Penn State (Beaver),62,1353,59,69,,Ivy,,,,,,,
281880,1981-02-26,,1981,regular,,final,Maine-Farmington,Delaware State,1078,67,98,79,,,MEAC,,,,,,
281882,1981-02-26,,1981,regular,,final,Gonzaga,Saint Mary's,102,253,64,63,,WCC,WCC,,,,,,
281883,1981-02-26,,1981,regular,,final,Harvard,Princeton,107,234,54,56,,Ivy,Ivy,,,,,,
281884,1981-02-26,,1981,regular,,final,Houston Christian,Mercer,112,164,69,67,,ASUN,ASUN,,,,,,
281885,1981-02-26,,1981,regular,,final,Jacksonville,South Florida,127,271,50,52,,Sun Belt,Sun Belt,,,,,,
281886,1981-02-26,,1981,regular,,final,UCLA,Oregon,313,223,98,75,,Pac-12,Pac-12,,,,,,
281887,1981-02-26,,1981,regular,,final,USC,Oregon State,323,224,64,73,,Pac-12,Pac-12,,,,,,
281888,1981-02-26,,1981,regular,,final,Tulane,Saint Louis,303,252,75,69,,,,,,,,,
281889,1981-02-26,,1981,regular,,final,New Mexico,UNLV,191,322,81,88,,UAC,Indep.,,,,,,
281890,1981-02-27,,1981,regular,,final,New Mexico,Air Force,191,2,79,69,,UAC,UAC,,,,,,
281891,1981-02-27,,1981,regular,,final,Alabama,Vanderbilt,5,336,82,68,,SEC,SEC,,,,,,
281893,1981-02-27,,1981,regular,,final,Mississippi Valley State,Alcorn State,175,7,65,83,,SWAC,SWAC,,,,,,
281894,1981-02-27,,1981,regular,,final,Temple,American University,289,8,62,70,,,,,,,,,
281895,1981-02-27,,1981,regular,,final,Arizona,Stanford,11,281,73,69,,Pac-12,Pac-12,,,,,,
281896,1981-02-27,,1981,regular,,final,Texas Tech,Arkansas,298,12,61,64,,,,,,,,,
281897,1981-02-27,,1981,regular,,final,Navy,Army,187,15,68,66,,CAA,NEC,,,,,,
281898,1981-02-27,,1981,regular,,final,Arkansas State,Louisiana,13,148,82,84,,Southland,Southland,,,,,,
281899,1981-02-27,,1981,regular,,final,Arizona State,California,10,40,81,68,,Pac-12,Pac-12,,,,,,
281900,1981-02-27,,1981,regular,,final,Tennessee,Auburn,292,16,75,63,,SEC,SEC,,,,,,
281901,1981-02-27,,1981,regular,,final,Central Michigan,Ball State,45,19,84,83,,MAC,MAC,,,,,,
281902,1981-02-27,,1981,regular,,final,Georgia Southern,Charleston Southern,99,47,67,83,,ASUN,Indep.,,,,,,
281903,1981-02-27,,1981,regular,,final,Baylor,TCU,20,287,68,62,,,,,,,,,
281904,1981-02-27,,1981,regular,,final,Bowling Green,Kent State,28,134,66,61,,MAC,MAC,,,,,,
281905,1981-02-27,,1981,regular,,final,Clemson,Baltimore,52,375,91,69,,ACC,CAA,,,,,,
281906,1981-02-27,,1981,regular,,final,Boston College,Seton Hall,26,263,64,57,,Big East,Big East,,,,,,
281907,1981-02-27,,1981,regular,,final,Northern Arizona,Boise State,206,25,78,92,,Big Sky,Big Sky,,,,,,
281908,1981-02-27,,1981,regular,,final,Boston University,Delaware State,27,67,87,75,,Am. East,MEAC,,,,,,
281909,1981-02-27,,1981,regular,,final,Bradley,West Texas A&M,29,1440,64,66,,MVC,MVC,,,,,,
281910,1981-02-27,,1981,regular,,final,Cornell,Brown,60,30,69,52,,Ivy,Ivy,,,,,,
281911,1981-02-27,,1981,regular,,final,Bucknell,Lafayette,32,138,60,68,,,,,,,,,
281912,1981-02-27,,1981,regular,,final,Valparaiso,Butler,335,34,86,63,,Indep.,Horizon,,,,,,
281913,1981-02-27,,1981,regular,,final,Colorado State,BYU,57,18,69,80,,UAC,UAC,,,,,,
281914,1981-02-27,,1981,regular,,final,Canisius,St. Bonaventure,42,277,89,86,,Am. East,A-10,,,,,,
281915,1981-02-27,,1981,regular,,final,Virginia Tech,Cincinnati,340,51,115,92,,,,,,,,,
281916,1981-02-27,,1981,regular,,final,Columbia,Yale,58,360,63,49,,Ivy,Ivy,,,,,,
281917,1981-02-27,,1981,regular,,final,Iowa State,Colorado,125,56,67,56,,,,,,,,,
281918,1981-02-27,,1981,regular,,final,Georgetown,UConn,97,314,60,58,,Big East,Big East,,,,,,
281919,1981-02-27,,1981,regular,,final,New Mexico State,Creighton,192,61,78,84,,MVC,MVC,,,,,,
281920,1981-02-27,,1981,regular,,final,UC Santa Barbara,Long Beach State,311,145,77,83,,Big West,Big West,,,,,,
281921,1981-02-27,,1981,regular,,final,Dartmouth,Princeton,62,234,46,60,,Ivy,Ivy,,,,,,
281922,1981-02-27,,1981,regular,,final,Notre Dame,Dayton,213,64,70,57,,Indep.,Indep.,,,,,,
281923,1981-02-27,,1981,regular,,final,Delaware,West Chester,66,476,88,74,,,,,,,,,
281924,1981-02-27,,1981,regular,,final,DePaul,Loyola Chicago,65,151,105,95,,Indep.,Horizon,,,,,,
281925,1981-02-27,,1981,regular,,final,Southern Illinois,Drake,273,70,67,72,,MVC,MVC,,,,,,
281926,1981-02-27,,1981,regular,,final,Wagner,Drexel,341,71,73,74,,NEC,,,,,,,
281927,1981-02-27,,1981,regular,,final,Duke,North Carolina,72,200,66,65,,ACC,ACC,,,,,,
281928,1981-02-27,,1981,regular,,final,Illinois State,East Carolina,119,74,64,41,,Indep.,Indep.,,,,,,
281929,1981-02-27,,1981,regular,,final,Eastern Michigan,Toledo,79,300,67,58,,MAC,MAC,,,,,,
281930,1981-02-27,,1981,regular,,final,Xavier,Evansville,359,82,59,57,,Horizon,Horizon,,,,,,
281931,1981-02-27,,1981,regular,,final,Fairleigh Dickinson,St. Francis Brooklyn,84,364,94,84,,NEC,NEC,,,,,,
281932,1981-02-27,,1981,regular,,final,Florida,Mississippi State,87,174,81,71,,SEC,SEC,,,,,,
281933,1981-02-27,,1981,regular,,final,Fresno State,Utah State,92,329,82,58,,Big West,Big West,,,,,,
281934,1981-02-27,,1981,regular,,final,Fairfield,Manhattan,83,155,68,65,,NEC,NEC,,,,,,
281935,1981-02-27,,1981,regular,,final,Memphis,Florida State,163,90,78,80,,,,,,,,,
281936,1981-02-27,,1981,regular,,final,William & Mary,George Mason,353,95,68,53,,CAA,CAA,,,,,,
281937,1981-02-27,,1981,regular,,final,Ole Miss,Georgia,220,98,64,62,,SEC,SEC,,,,,,
281938,1981-02-27,,1981,regular,,final,George Washington,West Virginia,96,347,85,82,,A-10,A-10,,,,,,
281939,1981-02-27,,1981,regular,,final,Gonzaga,San Francisco,102,259,79,67,,WCC,WCC,,,,,,
281940,1981-02-27,,1981,regular,,final,North Carolina A&T,Grambling,198,103,65,61,,MEAC,SWAC,,,,,,
281941,1981-02-27,,1981,regular,,final,Harvard,Penn State (Beaver),107,1353,70,83,,Ivy,,,,,,,
281942,1981-02-27,,1981,regular,,final,Hawai'i,San Diego State,108,257,65,80,,UAC,UAC,,,,,,
281943,1981-02-27,,1981,regular,,final,Hardin-Simmons,Northwestern State,772,211,64,60,,,ASUN,,,,,,
281944,1981-02-27,,1981,regular,,final,Hofstra,Long Island University,110,146,80,81,,,NEC,,,,,,
281945,1981-02-27,,1981,regular,,final,Holy Cross,Providence,111,235,67,58,,Am. East,Big East,,,,,,
281946,1981-02-27,,1981,regular,,final,Texas A&M,Houston,293,113,78,77,,,,,,,,,
281947,1981-02-27,,1981,regular,,final,Howard,UNC Wilmington,114,321,69,62,,MEAC,Indep.,,,,,,
281948,1981-02-27,,1981,regular,,final,Weber State,Idaho State,345,116,78,67,,Big Sky,Big Sky,,,,,,
281949,1981-02-27,,1981,regular,,final,Purdue,Illinois,236,118,70,81,,Big Ten,Big Ten,,,,,,
281950,1981-02-27,,1981,regular,,final,Indiana,Michigan,121,170,98,83,,Big Ten,Big Ten,,,,,,
281951,1981-02-27,,1981,regular,,final,Indiana State,Wichita State,122,352,75,72,,MVC,MVC,,,,,,
281952,1981-02-27,,1981,regular,,final,Iowa,Wisconsin,124,355,96,75,,Big Ten,Big Ten,,,,,,
281953,1981-02-27,,1981,regular,,final,Richmond,James Madison,242,129,63,69,,CAA,CAA,,,,,,
281954,1981-02-27,,1981,regular,,final,Kansas,Oklahoma State,131,218,80,65,,,,,,,,,
281955,1981-02-27,,1981,regular,,final,Missouri,Kansas State,177,132,46,43,,,,,,,,,
281956,1981-02-27,,1981,regular,,final,Lamar,McNeese,139,162,87,76,,Southland,Southland,,,,,,
281957,1981-02-27,,1981,regular,,final,Rhode Island,La Salle,240,137,70,60,,A-10,,,,,,,
281958,1981-02-27,,1981,regular,,final,Lehigh,Rider,141,243,58,69,,,,,,,,,
281959,1981-02-27,,1981,regular,,final,Santa Clara,Loyola Marymount,261,153,77,78,,WCC,WCC,,,,,,
281960,1981-02-27,,1981,regular,,final,Louisville,Western Kentucky,150,350,90,75,,,OVC,,,,,,
281961,1981-02-27,,1981,regular,,final,Virginia,Maryland,339,160,74,63,,ACC,ACC,,,,,,
281962,1981-02-27,,1981,regular,,final,Ohio,Miami (OH),215,167,78,72,,MAC,MAC,,,,,,
281963,1981-02-27,,1981,regular,,final,Montana,Montana State,179,180,63,58,,Big Sky,Big Sky,,,,,,
281964,1981-02-27,,1981,regular,,final,Tennessee State,Morehead State,290,181,86,79,,Indep.,OVC,,,,,,
281965,1981-02-27,,1981,regular,,final,Minnesota,Michigan State,173,169,92,89,,Big Ten,Big Ten,,,,,,
281966,1981-02-27,,1981,regular,,final,NC State,Wake Forest,185,342,66,65,,ACC,ACC,,,,,,
281967,1981-02-27,,1981,regular,,final,Nebraska,Oklahoma,188,217,90,63,,MVC,,,,,,,
281968,1981-02-27,,1981,regular,,final,Siena,New Hampshire,264,190,88,73,,NEC,Am. East,,,,,,
281969,1981-02-27,,1981,regular,,final,UL Monroe,Samford,316,256,67,59,,ASUN,ASUN,,,,,,
281970,1981-02-27,,1981,regular,,final,Stetson,New Orleans,283,193,77,64,,Indep.,Indep.,,,,,,
281971,1981-02-27,,1981,regular,,final,Western Michigan,Northern Illinois,351,208,63,65,,MAC,MAC,,,,,,
281972,1981-02-27,,1981,regular,,final,Northwestern,Ohio State,212,216,69,62,,Big Ten,Big Ten,,,,,,
281973,1981-02-27,,1981,regular,,final,Oklahoma City,SE Louisiana,1476,246,101,85,,,Indep.,,,,,,
281974,1981-02-27,,1981,regular,,final,Tulsa,Oral Roberts,304,222,81,70,,MVC,Horizon,,,,,,
281975,1981-02-27,,1981,regular,,final,USC,Oregon,323,223,78,81,,Pac-12,Pac-12,,,,,,
281976,1981-02-27,,1981,regular,,final,Pacific,San José State,225,260,58,69,,Big West,Big West,,,,,,
281977,1981-02-27,,1981,regular,,final,San Diego,Pepperdine,258,228,63,64,,WCC,WCC,,,,,,
281978,1981-02-27,,1981,regular,,final,Rutgers,Pittsburgh,245,229,61,60,,A-10,A-10,,,,,,
281979,1981-02-27,,1981,regular,,final,Portland,Saint Mary's,230,253,75,60,,WCC,WCC,,,,,,
281980,1981-02-27,,1981,regular,,final,Rice,Texas,241,295,80,90,,,,,,,,,
281981,1981-02-27,,1981,regular,,final,St. Francis (PA),Robert Morris,278,244,85,70,,CAA,CAA,,,,,,
281984,1981-02-27,,1981,regular,,final,St. John's,Syracuse,279,286,82,73,,Big East,Big East,,,,,,
281985,1981-02-27,,1981,regular,,final,Saint Peter's,Vermont,254,337,83,60,,NEC,Am. East,,,,,,
281986,1981-02-27,,1981,regular,,final,Cal State Fullerton,UC Irvine,37,308,69,75,,Big West,Big West,,,,,,
281987,1981-02-27,,1981,regular,,final,UTEP,UNLV,327,322,77,84,,UAC,Indep.,,,,,,
281988,1981-02-27,,1981,regular,,final,Wyoming,Utah,358,331,53,50,,UAC,UAC,,,,,,
281989,1981-02-27,,1981,regular,,final,Washington,Washington State,343,344,70,64,,Pac-12,Pac-12,,,,,,
281991,1981-02-28,,1981,regular,,final,Florida State,Marquette,90,157,81,78,,,Indep.,,,,,,
281992,1981-02-28,,1981,regular,,final,Kentucky,LSU,135,136,73,71,,SEC,SEC,,,,,,
281993,1981-02-28,,1981,regular,,final,UCLA,Oregon State,313,224,76,82,,Pac-12,Pac-12,,,,,,
281994,1981-03-01,,1981,regular,,final,Texas Pan American,North Texas,1535,204,89,79,,,Indep.,,,,,,
281995,1981-03-01,,1981,regular,,final,Tulane,Southern Miss,303,275,84,80,,,Indep.,,,,,,
281996,1981-03-02,,1981,regular,,final,Louisiana,Arkansas State,148,13,91,73,,Southland,Southland,,,,,,
281997,1981-03-02,,1981,regular,,final,Ball State,Ohio,19,215,85,70,,MAC,MAC,,,,,,
281998,1981-03-02,,1981,regular,,final,Bowling Green,Northern Illinois,28,208,72,79,,MAC,MAC,,,,,,
281999,1981-03-02,,1981,regular,,final,Oklahoma City,Butler,1476,34,86,69,,,Horizon,,,,,,
282000,1981-03-02,,1981,regular,,final,Nebraska,Colorado,188,56,66,70,,MVC,,,,,,,
282001,1981-03-02,,1981,regular,,final,Toledo,Eastern Michigan,300,79,95,88,,MAC,MAC,,,,,,
282002,1981-03-02,,1981,regular,,final,Evansville,Oral Roberts,82,222,77,71,,Horizon,Horizon,,,,,,
282003,1981-03-02,,1981,regular,,final,Harvard,Dartmouth,107,62,60,40,,Ivy,Ivy,,,,,,
282004,1981-03-02,,1981,regular,,final,Missouri,Iowa State,177,125,95,70,,,,,,,,,
282005,1981-03-02,,1981,regular,,final,Kansas,Oklahoma State,131,218,96,69,,,,,,,,,
282006,1981-03-02,,1981,regular,,final,Kansas State,Oklahoma,132,217,75,56,,,,,,,,,
282007,1981-03-02,,1981,regular,,final,Loyola Chicago,Detroit Mercy,151,69,86,80,,Horizon,Horizon,,,,,,
282008,1981-03-02,,1981,regular,,final,UT Arlington,McNeese,324,162,74,79,,Southland,Southland,,,,,,
282012,1981-03-03,,1981,regular,,final,Dayton,DePaul,64,65,64,84,,Indep.,Indep.,,,,,,
282013,1981-03-03,,1981,regular,,final,Xavier,Evansville,359,82,72,69,,Horizon,Horizon,,,,,,
282016,1981-03-03,,1981,regular,,final,Illinois State,Northern Iowa,119,209,64,44,,Indep.,Indep.,,,,,,
282018,1981-03-03,,1981,regular,,final,Lamar,Louisiana,139,148,83,68,,Southland,Southland,,,,,,
282021,1981-03-03,,1981,regular,,final,Marquette,Stetson,157,283,91,58,,Indep.,Indep.,,,,,,
282024,1981-03-04,,1981,regular,,final,Alabama,Georgia,5,98,80,88,,SEC,SEC,,,,,,
282026,1981-03-04,,1981,regular,,final,App State,Furman,9,93,75,71,,SoCon,SoCon,,,,,,
282027,1981-03-04,,1981,regular,,final,Oregon State,Arizona,224,11,80,62,,Pac-12,Pac-12,,,,,,
282029,1981-03-04,,1981,regular,,final,Oregon,Arizona State,223,10,77,78,,Pac-12,Pac-12,,,,,,
282033,1981-03-04,,1981,regular,,final,Vermont,Boston University,337,27,85,84,,Am. East,Am. East,,,,,,
282034,1981-03-04,,1981,regular,,final,Drake,Bradley,70,29,89,84,,MVC,MVC,,,,,,
282035,1981-03-04,,1981,regular,,final,Bucknell,West Chester,32,476,79,66,,,,,,,,,
282036,1981-03-04,,1981,regular,,final,Centenary (LA),Samford,367,256,76,69,,ASUN,ASUN,,,,,,
282038,1981-03-04,,1981,regular,,final,Maine-Farmington,Colgate,1078,55,87,83,,,Am. East,,,,,,
282040,1981-03-04,,1981,regular,,final,Creighton,Indiana State,61,122,64,61,,MVC,MVC,,,,,,
282041,1981-03-04,,1981,regular,,final,Davidson,Marshall,63,158,77,90,,SoCon,SoCon,,,,,,
282042,1981-03-04,,1981,regular,,final,Lehigh,Delaware,141,66,66,60,,,,,,,,,
282043,1981-03-04,,1981,regular,,final,La Salle,Drexel,137,71,66,69,,,,,,,,,
282045,1981-03-04,,1981,regular,,final,Maryland,Duke,160,72,56,53,,ACC,ACC,,,,,,
282046,1981-03-04,,1981,regular,,final,Duquesne,George Washington,73,96,84,78,,A-10,A-10,,,,,,
282047,1981-03-04,,1981,regular,,final,East Tennessee State,Western Carolina,75,348,80,91,,SoCon,SoCon,,,,,,
282052,1981-03-04,,1981,regular,,final,Hawai'i,New Mexico,108,191,85,80,,UAC,UAC,,,,,,
282053,1981-03-04,,1981,regular,,final,Temple,Hofstra,289,110,68,63,,,,,,,,,
282054,1981-03-04,,1981,regular,,final,Illinois,Indiana,118,121,66,69,,Big Ten,Big Ten,,,,,,
282055,1981-03-04,,1981,regular,,final,Michigan State,Iowa,169,124,71,70,,Big Ten,Big Ten,,,,,,
282059,1981-03-04,,1981,regular,,final,Lamar,Louisiana Tech,139,149,83,69,,Southland,Southland,,,,,,
282061,1981-03-04,,1981,regular,,final,Wagner,Long Island University,341,146,78,89,,NEC,NEC,,,,,,
282062,1981-03-04,,1981,regular,,final,Massachusetts,Rhode Island,161,240,48,53,,A-10,A-10,,,,,,
282065,1981-03-04,,1981,regular,,final,Michigan,Minnesota,170,173,83,67,,Big Ten,Big Ten,,,,,,
282068,1981-03-04,,1981,regular,,final,Tulsa,New Mexico State,304,192,68,67,,MVC,MVC,,,,,,
282069,1981-03-04,,1981,regular,,final,Wisconsin,Northwestern,355,212,60,57,,Big Ten,Big Ten,,,,,,
282070,1981-03-04,,1981,regular,,final,Xavier,Oklahoma City,359,1476,76,82,,Horizon,,,,,,,
282071,1981-03-04,,1981,regular,,final,Ohio State,Purdue,216,236,93,92,,Big Ten,Big Ten,,,,,,
282072,1981-03-04,,1981,regular,,final,Pittsburgh,Rutgers,229,245,67,62,,A-10,A-10,,,,,,
282073,1981-03-04,,1981,regular,,final,St. Francis (PA),Richmond,278,242,78,98,,CAA,CAA,,,,,,
282074,1981-03-04,,1981,regular,,final,Texas,Rice,295,241,58,44,,,,,,,,,
282075,1981-03-04,,1981,regular,,final,San Diego State,UTEP,257,327,70,72,,UAC,UAC,,,,,,
282076,1981-03-04,,1981,regular,,final,Siena,Iona,264,123,48,64,,NEC,NEC,,,,,,
282077,1981-03-04,,1981,regular,,final,Wichita State,Southern Illinois,352,273,77,57,,MVC,MVC,,,,,,
282078,1981-03-04,,1981,regular,,final,Texas Tech,SMU,298,248,80,58,,,,,,,,,
282079,1981-03-04,,1981,regular,,final,West Virginia,St. Bonaventure,347,277,64,62,,A-10,A-10,,,,,,
282080,1981-03-04,,1981,regular,,final,Syracuse,St. John's,286,279,71,66,,Big East,Big East,,,,,,
282081,1981-03-04,,1981,regular,,final,Texas A&M,TCU,293,287,60,62,,,,,,,,,
282084,1981-03-04,,1981,regular,,final,Washington State,UCLA,344,313,50,59,,Pac-12,Pac-12,,,,,,
282086,1981-03-04,,1981,regular,,final,Washington,USC,343,323,81,90,,Pac-12,Pac-12,,,,,,
282087,1981-03-04,,1981,regular,,final,Chattanooga,VMI,49,334,89,63,,SoCon,SoCon,,,,,,
282088,1981-03-04,,1981,regular,,final,William & Mary,Robert Morris,353,244,73,50,,CAA,CAA,,,,,,
282090,1981-03-05,,1981,regular,,final,Air Force,Wyoming,2,358,38,46,,UAC,UAC,,,,,,
282092,1981-03-05,,1981,regular,,final,American University,Drexel,8,71,62,60,,,,,,,,,
282096,1981-03-05,,1981,regular,,final,Brown,Dartmouth,30,62,79,63,,Ivy,Ivy,,,,,,
282097,1981-03-05,,1981,regular,,final,Rider,Bucknell,243,32,68,50,,,,,,,,,
282098,1981-03-05,,1981,regular,,final,Centenary (LA),Houston Christian,367,112,47,48,,ASUN,ASUN,,,,,,
282099,1981-03-05,,1981,regular,,final,Cincinnati,Tulane,51,303,67,66,,,,,,,,,
282100,1981-03-05,,1981,regular,,final,Princeton,Columbia,234,58,75,57,,Ivy,Ivy,,,,,,
282101,1981-03-05,,1981,regular,,final,Penn State (Beaver),Cornell,1353,60,68,56,,,Ivy,,,,,,
282103,1981-03-05,,1981,regular,,final,UNLV,Colorado State,322,57,85,69,,Indep.,UAC,,,,,,
282104,1981-03-05,,1981,regular,,final,Wichita State,Drake,352,70,88,74,,MVC,MVC,,,,,,
282105,1981-03-05,,1981,regular,,final,Duquesne,West Virginia,73,347,55,50,,A-10,A-10,,,,,,
282112,1981-03-05,,1981,regular,,final,Syracuse,Georgetown,286,97,67,53,,Big East,Big East,,,,,,
282113,1981-03-05,,1981,regular,,final,Yale,Harvard,360,107,75,78,,Ivy,Ivy,,,,,,
282114,1981-03-05,,1981,regular,,final,Holy Cross,Maine-Farmington,111,1078,63,54,,Am. East,,,,,,,
282116,1981-03-05,,1981,regular,,final,Lafayette,Lehigh,138,141,74,58,,,,,,,,,
282118,1981-03-05,,1981,regular,,final,Maryland,Virginia,160,339,85,62,,ACC,ACC,,,,,,
282122,1981-03-05,,1981,regular,,final,Northeastern,Vermont,205,337,76,69,,Am. East,Am. East,,,,,,
282124,1981-03-05,,1981,regular,,final,Pittsburgh,Rhode Island,229,240,74,45,,A-10,A-10,,,,,,
282126,1981-03-05,,1981,regular,,final,Saint Joseph's,Temple,251,289,60,55,,,,,,,,,
282132,1981-03-06,,1981,regular,,final,Air Force,Colorado State,2,57,70,43,,UAC,UAC,,,,,,
282135,1981-03-06,,1981,regular,,final,Oregon,Arizona,223,11,79,75,,Pac-12,Pac-12,,,,,,
282137,1981-03-06,,1981,regular,,final,Oregon State,Arizona State,224,10,67,87,,Pac-12,Pac-12,,,,,,
282139,1981-03-06,,1981,regular,,final,Brown,Harvard,30,107,73,65,,Ivy,Ivy,,,,,,
282141,1981-03-06,,1981,regular,,final,Stanford,California,281,40,81,72,,Pac-12,Pac-12,,,,,,
282143,1981-03-06,,1981,regular,,final,Penn State (Beaver),Columbia,1353,58,76,71,,,Ivy,,,,,,
282144,1981-03-06,,1981,regular,,final,Princeton,Cornell,234,60,52,46,,Ivy,Ivy,,,,,,
282145,1981-03-06,,1981,regular,,final,Wichita State,Creighton,352,61,64,70,,MVC,MVC,,,,,,
282146,1981-03-06,,1981,regular,,final,Yale,Dartmouth,360,62,53,51,,Ivy,Ivy,,,,,,
282150,1981-03-06,,1981,regular,,final,Gonzaga,Portland,102,230,66,70,,WCC,WCC,,,,,,
282152,1981-03-06,,1981,regular,,final,Hawai'i,UTEP,108,327,79,75,,UAC,UAC,,,,,,
282153,1981-03-06,,1981,regular,,final,Northeastern,Holy Cross,205,111,81,79,,Am. East,Am. East,,,,,,
282156,1981-03-06,,1981,regular,,final,Idaho,Idaho State,117,116,69,45,,Big Sky,Big Sky,,,,,,
282157,1981-03-06,,1981,regular,,final,Illinois,Northwestern,118,212,98,76,,Big Ten,Big Ten,,,,,,
282158,1981-03-06,,1981,regular,,final,Michigan State,Indiana,169,121,48,69,,Big Ten,Big Ten,,,,,,
282160,1981-03-06,,1981,regular,,final,Ohio State,Iowa,216,124,78,70,,Big Ten,Big Ten,,,,,,
282162,1981-03-06,,1981,regular,,final,Saint Joseph's,Lafayette,251,138,73,63,,,,,,,,,
282163,1981-03-06,,1981,regular,,final,Loyola Marymount,Pepperdine,153,228,86,92,,WCC,WCC,,,,,,
282164,1981-03-06,,1981,regular,,final,Louisville,Virginia Tech,150,340,81,68,,,,,,,,,
282165,1981-03-06,,1981,regular,,final,Maryland,North Carolina,160,200,60,61,,ACC,ACC,,,,,,
282166,1981-03-06,,1981,regular,,final,Michigan,Purdue,170,236,61,67,,Big Ten,Big Ten,,,,,,
282167,1981-03-06,,1981,regular,,final,Wisconsin,Minnesota,355,173,60,58,,Big Ten,Big Ten,,,,,,
282169,1981-03-06,,1981,regular,,final,San Diego State,New Mexico,257,191,92,84,,UAC,UAC,,,,,,
282170,1981-03-06,,1981,regular,,final,Santa Clara,San Diego,261,258,80,74,,WCC,WCC,,,,,,
282171,1981-03-06,,1981,regular,,final,San Francisco,Saint Mary's,259,253,94,80,,WCC,WCC,,,,,,
282172,1981-03-06,,1981,regular,,final,Syracuse,Villanova,286,338,83,80,,Big East,Big East,,,,,,
282173,1981-03-06,,1981,regular,,final,Washington,UCLA,343,313,72,91,,Pac-12,Pac-12,,,,,,
282174,1981-03-06,,1981,regular,,final,UNLV,Wyoming,322,358,70,97,,Indep.,UAC,,,,,,
282175,1981-03-06,,1981,regular,,final,Washington State,USC,344,323,59,60,,Pac-12,Pac-12,,,,,,
282177,1981-03-07,,1981,regular,,final,Saint Joseph's,American University,251,8,63,60,,,,,,,,,
282178,1981-03-07,,1981,regular,,final,Louisville,Cincinnati,150,51,42,31,,,,,,,,,
282179,1981-03-07,,1981,regular,,final,DePaul,Notre Dame,65,213,74,64,,Indep.,Indep.,,,,,,
282182,1981-03-07,,1981,regular,,final,Idaho,Montana,117,179,70,64,,Big Sky,Big Sky,,,,,,
282185,1981-03-09,,1981,regular,,final,Wisconsin,Marquette,355,157,53,64,,Big Ten,Indep.,,,,,,
370732,1981-03-09,,1981,postseason,NIT,final,Dayton,Fordham,64,91,66,65,,Indep.,NEC,,,,,,NIT-FIRST-ROUND
370733,1981-03-10,,1981,postseason,NIT,final,Georgia,Old Dominion,98,219,74,60,,SEC,CAA,,,,,,NIT-FIRST-ROUND
370734,1981-03-10,,1981,postseason,NIT,final,Minnesota,Drake,173,70,90,77,,Big Ten,MVC,,,,,,NIT-FIRST-ROUND
370735,1981-03-10,,1981,postseason,NIT,final,South Alabama,UT Arlington,265,324,74,71,,Sun Belt,Southland,,,,,,NIT-FIRST-ROUND
370736,1981-03-10,,1981,postseason,NIT,final,UTEP,San José State,327,260,57,53,,UAC,Big West,,,,,,NIT-FIRST-ROUND
370737,1981-03-10,,1981,postseason,NIT,final,Toledo,American University,300,8,91,83,,MAC,,,,,,,NIT-FIRST-ROUND
370738,1981-03-11,,1981,postseason,NCAA,final,Arkansas,Mercer,12,164,73,67,1,,ASUN,5,12,,,,"NCAA Men's Tourn., Midwest - First Round"
370739,1981-03-11,,1981,postseason,NCAA,final,Howard,Wyoming,114,358,43,78,1,MEAC,UAC,12,5,,,,"NCAA Men's Tourn., West - First Round"
370740,1981-03-11,,1981,postseason,NCAA,final,BYU,Princeton,18,234,60,51,1,UAC,Ivy,6,11,,,,"NCAA Men's Tourn., East - First Round"
370741,1981-03-11,,1981,postseason,NCAA,final,Chattanooga,Maryland,49,160,69,81,1,SoCon,ACC,11,6,,,,"NCAA Men's Tourn., Mideast - First Round"
370742,1981-03-11,,1981,postseason,NCAA,final,Georgetown,James Madison,97,129,55,61,1,Big East,CAA,7,10,,,,"NCAA Men's Tourn., East - First Round"
370743,1981-03-11,,1981,postseason,NCAA,final,Creighton,Saint Joseph's,61,251,57,59,1,MVC,,8,9,,,,"NCAA Men's Tourn., Mideast - First Round"
370744,1981-03-11,,1981,postseason,NCAA,final,Kansas State,San Francisco,132,259,64,60,1,,WCC,8,9,,,,"NCAA Men's Tourn., West - First Round"
370745,1981-03-11,,1981,postseason,NCAA,final,Lamar,Missouri,139,177,71,67,1,Southland,,8,9,,,,"NCAA Men's Tourn., Midwest - First Round"
370746,1981-03-11,,1981,postseason,NIT,final,Clemson,Temple,52,289,82,90,,ACC,,,,,,,NIT-FIRST-ROUND
370747,1981-03-11,,1981,postseason,NIT,final,Duke,North Carolina A&T,72,198,79,69,,ACC,MEAC,,,,,,NIT-FIRST-ROUND
370748,1981-03-11,,1981,postseason,NIT,final,Michigan,Duquesne,170,73,74,58,,Big Ten,A-10,,,,,,NIT-FIRST-ROUND
370749,1981-03-11,,1981,postseason,NIT,final,Purdue,Rhode Island,236,240,84,58,,Big Ten,A-10,,,,,,NIT-FIRST-ROUND
370750,1981-03-11,,1981,postseason,NIT,final,South Florida,UConn,271,314,55,65,,Sun Belt,Big East,,,,,,NIT-FIRST-ROUND
370751,1981-03-11,,1981,postseason,NIT,final,Southern Miss,Holy Cross,275,111,54,56,,Indep.,Am. East,,,,,,NIT-FIRST-ROUND
370752,1981-03-11,,1981,postseason,NIT,final,St. John's,Alabama,279,5,69,73,,Big East,SEC,,,,,,NIT-FIRST-ROUND
370753,1981-03-12,,1981,postseason,NCAA,final,Ball State,Boston College,19,26,90,93,1,MAC,Big East,12,5,,,,"NCAA Men's Tourn., Mideast - First Round"
370754,1981-03-12,,1981,postseason,NCAA,final,Long Island University,VCU,146,333,69,85,1,NEC,Sun Belt,12,5,,,,"NCAA Men's Tourn., East - First Round"
370755,1981-03-12,,1981,postseason,NCAA,final,Fresno State,Northeastern,92,205,53,55,1,Big West,Am. East,6,11,,,,"NCAA Men's Tourn., West - First Round"
370756,1981-03-12,,1981,postseason,NCAA,final,Southern,Wichita State,274,352,70,95,1,SWAC,MVC,11,6,,,,"NCAA Men's Tourn., Midwest - First Round"
370757,1981-03-12,,1981,postseason,NCAA,final,UAB,Western Kentucky,305,350,93,68,1,Sun Belt,OVC,7,10,,,,"NCAA Men's Tourn., Mideast - First Round"
370758,1981-03-12,,1981,postseason,NCAA,final,Idaho,Pittsburgh,117,229,69,70,1,Big Sky,A-10,7,10,,,,"NCAA Men's Tourn., West - First Round"
370759,1981-03-12,,1981,postseason,NCAA,final,Kansas,Ole Miss,131,220,69,66,1,,SEC,7,10,,,,"NCAA Men's Tourn., Midwest - First Round"
370760,1981-03-12,,1981,postseason,NCAA,final,Houston,Villanova,113,338,72,90,1,,Big East,8,9,,,,"NCAA Men's Tourn., East - First Round"
370761,1981-03-12,,1981,postseason,NIT,final,Syracuse,Marquette,286,157,88,81,,Big East,Indep.,,,,,,NIT-FIRST-ROUND
370762,1981-03-12,,1981,postseason,NIT,final,Tulsa,UT Rio Grande Valley,304,326,81,71,,MVC,Indep.,,,,,,NIT-FIRST-ROUND
370763,1981-03-12,,1981,postseason,NIT,final,West Virginia,Pennsylvania,347,227,67,64,,A-10,Ivy,,,,,,NIT-FIRST-ROUND
370764,1981-03-13,,1981,postseason,NCAA,final,DePaul,Saint Joseph's,65,251,48,49,1,Indep.,,1,9,,,,"NCAA Men's Tourn., Mideast - Second Round"
370765,1981-03-13,,1981,postseason,NCAA,final,Kansas State,Oregon State,132,224,50,48,1,,Pac-12,8,1,,,,"NCAA Men's Tourn., West - Second Round"
370766,1981-03-13,,1981,postseason,NCAA,final,Lamar,LSU,139,136,78,100,1,Southland,SEC,8,1,,,,"NCAA Men's Tourn., Midwest - Second Round"
370767,1981-03-13,,1981,postseason,NCAA,final,James Madison,Notre Dame,129,213,45,54,1,CAA,Indep.,10,2,,,,"NCAA Men's Tourn., East - Second Round"
370768,1981-03-13,,1981,postseason,NCAA,final,BYU,UCLA,18,313,78,55,1,UAC,Pac-12,6,3,,,,"NCAA Men's Tourn., East - Second Round"
370769,1981-03-13,,1981,postseason,NCAA,final,Indiana,Maryland,121,160,99,64,1,Big Ten,ACC,3,6,,,,"NCAA Men's Tourn., Mideast - Second Round"
370770,1981-03-13,,1981,postseason,NCAA,final,Arkansas,Louisville,12,150,74,73,1,,,5,4,,,,"NCAA Men's Tourn., Midwest - Second Round"
370771,1981-03-13,,1981,postseason,NCAA,final,Illinois,Wyoming,118,358,67,65,1,Big Ten,UAC,4,5,,,,"NCAA Men's Tourn., West - Second Round"
370772,1981-03-14,,1981,postseason,NCAA,final,Villanova,Virginia,338,339,50,54,1,Big East,ACC,9,1,,,,"NCAA Men's Tourn., East - Second Round"
370773,1981-03-14,,1981,postseason,NCAA,final,UAB,Kentucky,305,135,69,62,1,Sun Belt,SEC,7,2,,,,"NCAA Men's Tourn., Mideast - Second Round"
370774,1981-03-14,,1981,postseason,NCAA,final,Arizona State,Kansas,10,131,71,88,1,Pac-12,,2,7,,,,"NCAA Men's Tourn., Midwest - Second Round"
370775,1981-03-14,,1981,postseason,NCAA,final,North Carolina,Pittsburgh,200,229,74,57,1,ACC,A-10,2,10,,,,"NCAA Men's Tourn., West - Second Round"
370776,1981-03-14,,1981,postseason,NCAA,final,Iowa,Wichita State,124,352,56,60,1,Big Ten,MVC,3,6,,,,"NCAA Men's Tourn., Midwest - Second Round"
370777,1981-03-14,,1981,postseason,NCAA,final,Northeastern,Utah,205,331,69,94,1,Am. East,UAC,11,3,,,,"NCAA Men's Tourn., West - Second Round"
370778,1981-03-14,,1981,postseason,NCAA,final,Boston College,Wake Forest,26,342,67,64,1,Big East,ACC,5,4,,,,"NCAA Men's Tourn., Mideast - Second Round"
370779,1981-03-14,,1981,postseason,NCAA,final,Tennessee,VCU,292,333,58,56,1,SEC,Sun Belt,4,5,,,,"NCAA Men's Tourn., East - Second Round"
370780,1981-03-14,,1981,postseason,NIT,final,Michigan,Toledo,170,300,80,68,,Big Ten,MAC,,,,,,NIT-SECOND-ROUND
370781,1981-03-15,,1981,postseason,NIT,final,UConn,Minnesota,314,173,66,84,,Big East,Big Ten,,,,,,NIT-SECOND-ROUND
370782,1981-03-15,,1981,postseason,NIT,final,Duke,Alabama,72,5,75,70,,ACC,SEC,,,,,,NIT-SECOND-ROUND
370783,1981-03-15,,1981,postseason,NIT,final,Georgia,South Alabama,98,265,72,73,,SEC,Sun Belt,,,,,,NIT-SECOND-ROUND
370784,1981-03-15,,1981,postseason,NIT,final,Purdue,Dayton,236,64,50,46,,Big Ten,Indep.,,,,,,NIT-SECOND-ROUND
370785,1981-03-15,,1981,postseason,NIT,final,Syracuse,Holy Cross,286,111,77,57,,Big East,Am. East,,,,,,NIT-SECOND-ROUND
370786,1981-03-15,,1981,postseason,NIT,final,Tulsa,UTEP,304,327,72,67,,MVC,UAC,,,,,,NIT-SECOND-ROUND
370787,1981-03-15,,1981,postseason,NIT,final,West Virginia,Temple,347,289,77,76,,A-10,,,,,,,NIT-SECOND-ROUND
370788,1981-03-18,,1981,postseason,NCAA,final,Tennessee,Virginia,292,339,48,62,1,SEC,ACC,4,1,,,,"NCAA Men's Tourn., East - Regional Semifinal"
370789,1981-03-18,,1981,postseason,NCAA,final,BYU,Notre Dame,18,213,51,50,1,UAC,Indep.,6,2,,,,"NCAA Men's Tourn., East - Regional Semifinal"
370790,1981-03-18,,1981,postseason,NCAA,final,North Carolina,Utah,200,331,61,56,1,ACC,UAC,2,3,,,,"NCAA Men's Tourn., West - Regional Semifinal"
370791,1981-03-18,,1981,postseason,NCAA,final,Illinois,Kansas State,118,132,52,57,1,Big Ten,,4,8,,,,"NCAA Men's Tourn., West - Regional Semifinal"
370792,1981-03-18,,1981,postseason,NIT,final,Minnesota,West Virginia,173,347,69,80,,Big Ten,A-10,,,,,,NIT-QUARTERFINAL
370793,1981-03-18,,1981,postseason,NIT,final,Syracuse,Michigan,286,170,91,76,,Big East,Big Ten,,,,,,NIT-QUARTERFINAL
370794,1981-03-19,,1981,postseason,NCAA,final,Arkansas,LSU,12,136,56,72,1,,SEC,5,1,,,,"NCAA Men's Tourn., Midwest - Regional Semifinal"
370795,1981-03-19,,1981,postseason,NCAA,final,UAB,Indiana,305,121,72,87,1,Sun Belt,Big Ten,7,3,,,,"NCAA Men's Tourn., Mideast - Regional Semifinal"
370796,1981-03-19,,1981,postseason,NCAA,final,Boston College,Saint Joseph's,26,251,41,42,1,Big East,,5,9,,,,"NCAA Men's Tourn., Mideast - Regional Semifinal"
370797,1981-03-19,,1981,postseason,NCAA,final,Kansas,Wichita State,131,352,65,66,1,,MVC,7,6,,,,"NCAA Men's Tourn., Midwest - Regional Semifinal"
370798,1981-03-19,,1981,postseason,NIT,final,Purdue,Duke,236,72,81,69,,Big Ten,ACC,,,,,,NIT-QUARTERFINAL
370799,1981-03-19,,1981,postseason,NIT,final,Tulsa,South Alabama,304,265,69,68,,MVC,Sun Belt,,,,,,NIT-QUARTERFINAL
370800,1981-03-20,,1981,postseason,NCAA,final,BYU,Virginia,18,339,60,74,1,UAC,ACC,6,1,,,,"NCAA Men's Tourn., East - Regional Final"
370801,1981-03-20,,1981,postseason,NCAA,final,Kansas State,North Carolina,132,200,68,82,1,,ACC,8,2,,,,"NCAA Men's Tourn., West - Regional Final"
370802,1981-03-21,,1981,postseason,NCAA,final,LSU,Wichita State,136,352,96,85,1,SEC,MVC,1,6,,,,"NCAA Men's Tourn., Midwest - Regional Final"
370803,1981-03-21,,1981,postseason,NCAA,final,Indiana,Saint Joseph's,121,251,78,46,1,Big Ten,,3,9,,,,"NCAA Men's Tourn., Mideast - Regional Final"
370804,1981-03-22,,1981,postseason,NIT,final,Purdue,Syracuse,236,286,63,70,,Big Ten,Big East,,,,,,NIT-SEMIFINAL
370805,1981-03-22,,1981,postseason,NIT,final,West Virginia,Tulsa,347,304,87,89,,A-10,MVC,,,,,,NIT-SEMIFINAL
370806,1981-03-24,,1981,postseason,NIT,final,Syracuse,Tulsa,286,304,84,86,,Big East,MVC,,,,,,NIT-FINAL
370807,1981-03-24,,1981,postseason,NIT,final,West Virginia,Purdue,347,236,72,75,,A-10,Big Ten,,,,,,NIT-THIRD-PLACE
370808,1981-03-27,,1981,postseason,NCAA,final,Indiana,LSU,121,136,67,49,1,Big Ten,SEC,3,1,,,,"NCAA Men's Tourn., National - National Semifinal"
370809,1981-03-27,,1981,postseason,NCAA,final,North Carolina,Virginia,200,339,78,65,1,ACC,ACC,2,1,,,,"NCAA Men's Tourn., National - National Semifinal"
370810,1981-03-29,,1981,postseason,NCAA,final,LSU,Virginia,136,339,74,78,1,SEC,ACC,1,1,,,,"NCAA Men's Tourn., National - National Third Place"
370811,1981-03-29,,1981,postseason,NCAA,final,Indiana,North Carolina,121,200,63,50,1,Big Ten,ACC,3,2,,,,"NCAA Men's Tourn., National - National Final"
