id,date,start_et,season,season_type,tournament,status,home,away,home_id,away_id,home_points,away_points,neutral,home_conf,away_conf,home_seed,away_seed,venue,city,state,notes
292851,1984-11-22,,1985,regular,,final,Alabama State,South Carolina State,6,267,77,70,,SWAC,MEAC,,,,,,
292852,1984-11-22,,1985,regular,,final,Arizona,Houston Christian,11,112,63,56,,Pac-12,ASUN,,,,,,
292853,1984-11-22,,1985,regular,,final,Loyola Chicago,Bradley,151,29,98,80,,Horizon,MVC,,,,,,
292854,1984-11-22,,1985,regular,,final,Cornell,Utica,60,1325,70,54,,Ivy,,,,,,,
292855,1984-11-22,,1985,regular,,final,Fairleigh Dickinson,Wagner,84,341,86,74,,NEC,NEC,,,,,,
292856,1984-11-22,,1985,regular,,final,Hawai'i,Pepperdine,108,228,79,78,,UAC,WCC,,,,,,
292857,1984-11-22,,1985,regular,,final,UCLA,Idaho,313,117,87,58,,Pac-12,Big Sky,,,,,,
292860,1984-11-22,,1985,regular,,final,New Mexico,Morgan State,191,182,103,71,,UAC,MEAC,,,,,,
292862,1984-11-22,,1985,regular,,final,SMU,Texas Southern,248,296,91,72,,,SWAC,,,,,,
292863,1984-11-22,,1985,regular,,final,Nevada,UNLV,189,322,97,89,,Big Sky,Big West,,,,,,
292864,1984-11-23,,1985,regular,,final,Air Force,Gonzaga,2,102,59,64,,UAC,WCC,,,,,,
292866,1984-11-23,,1985,regular,,final,Arkansas,SE Louisiana,12,246,65,62,,,Indep.,,,,,,
292867,1984-11-23,,1985,regular,,final,Iowa,Little Rock,124,144,76,47,,Big Ten,ASUN,,,,,,
292868,1984-11-23,,1985,regular,,final,Auburn,Stetson,16,283,92,50,,SEC,Indep.,,,,,,
292869,1984-11-23,,1985,regular,,final,Western Kentucky,Augusta,350,633,93,57,,Sun Belt,,,,,,,
292870,1984-11-23,,1985,regular,,final,Georgia Tech,Charleston Southern,101,47,79,66,,ACC,Indep.,,,,,,
292871,1984-11-23,,1985,regular,,final,South Alabama,Bethune-Cookman,265,23,104,68,,Sun Belt,MEAC,,,,,,
292872,1984-11-23,,1985,regular,,final,Dayton,Brooklyn,64,414,76,56,,Indep.,Indep.,,,,,,
292873,1984-11-23,,1985,regular,,final,New Hampshire,Brown,190,30,60,65,,Am. East,Ivy,,,,,,
292874,1984-11-23,,1985,regular,,final,George Mason,Bucknell,95,32,95,77,,CAA,,,,,,,
292875,1984-11-23,,1985,regular,,final,California,Saint Mary's,40,253,58,53,,Pac-12,WCC,,,,,,
292876,1984-11-23,,1985,regular,,final,NC State,Campbell,185,41,94,54,,ACC,Indep.,,,,,,
292877,1984-11-23,,1985,regular,,final,Canisius,Michigan State,42,169,71,80,,Am. East,Big Ten,,,,,,
292878,1984-11-23,,1985,regular,,final,Florida,UCF,87,312,106,55,,SEC,Indep.,,,,,,
292879,1984-11-23,,1985,regular,,final,Texas Tech,Chicago State,298,50,70,67,,,Indep.,,,,,,
292880,1984-11-23,,1985,regular,,final,Cincinnati,Eastern Kentucky,51,78,50,48,,,OVC,,,,,,
292881,1984-11-23,,1985,regular,,final,Colgate,Cornell,55,60,40,47,,Am. East,Ivy,,,,,,
292882,1984-11-23,,1985,regular,,final,UCLA,Santa Clara,313,261,60,68,,Pac-12,WCC,,,,,,
292883,1984-11-23,,1985,regular,,final,Dartmouth,Hartford,62,363,55,52,,Ivy,Am. East,,,,,,
292885,1984-11-23,,1985,regular,,final,DePaul,Northern Illinois,65,208,59,58,,Indep.,MAC,,,,,,
292886,1984-11-23,,1985,regular,,final,Montana State,Eastern Washington,180,80,109,64,,Big Sky,Indep.,,,,,,
292887,1984-11-23,,1985,regular,,final,Marist,Fairfield,156,83,76,79,,NEC,Metro,,,,,,
292889,1984-11-23,,1985,regular,,final,Indiana,Louisville,121,150,64,75,,Big Ten,,,,,,,
292891,1984-11-23,,1985,regular,,final,Kansas State,North Texas,132,204,72,50,,,Southland,,,,,,
292892,1984-11-23,,1985,regular,,final,Ohio State,Lafayette,216,138,85,67,,Big Ten,,,,,,,
292893,1984-11-23,,1985,regular,,final,Lamar,Wichita State,139,352,65,70,,Southland,MVC,,,,,,
292894,1984-11-23,,1985,regular,,final,Minnesota,Green Bay,173,105,75,71,,Big Ten,Summit,,,,,,
292895,1984-11-23,,1985,regular,,final,Oklahoma,Morehead State,217,181,94,48,,,OVC,,,,,,
292896,1984-11-23,,1985,regular,,final,UNC Wilmington,Radford,321,239,58,42,,CAA,Indep.,,,,,,
292897,1984-11-23,,1985,regular,,final,Ohio,St. Francis (PA),215,278,94,84,,MAC,NEC,,,,,,
292898,1984-11-23,,1985,regular,,final,Virginia Tech,Old Dominion,340,219,102,76,,,CAA,,,,,,
292899,1984-11-23,,1985,regular,,final,Portland,Pacific,230,225,73,61,,WCC,Big West,,,,,,
292900,1984-11-23,,1985,regular,,final,Utah,Utah State,331,329,92,93,,UAC,Big West,,,,,,
292901,1984-11-23,,1985,regular,,final,Vermont,Villanova,337,338,56,80,,Am. East,Big East,,,,,,
292905,1984-11-24,,1985,regular,,final,James Madison,VMI,129,334,67,63,,CAA,SoCon,,,,,,
292906,1984-11-24,,1985,regular,,final,Notre Dame,Manhattan,213,155,67,56,,Indep.,Metro,,,,,,
292908,1984-11-24,,1985,regular,,final,Wisconsin,Morgan State,355,182,93,78,,Big Ten,MEAC,,,,,,
292909,1984-11-25,,1985,regular,,final,Alabama,Bucknell,5,32,81,56,,SEC,,,,,,,
292910,1984-11-25,,1985,regular,,final,Oklahoma,Little Rock,217,144,90,63,,,ASUN,,,,,,
292911,1984-11-25,,1985,regular,,final,South Carolina,Augusta,266,633,77,52,,,,,,,,,
292912,1984-11-25,,1985,regular,,final,South Florida,Bethune-Cookman,271,23,93,50,,Sun Belt,MEAC,,,,,,
292913,1984-11-25,,1985,regular,,final,Youngstown State,Brooklyn,361,414,71,58,,OVC,Indep.,,,,,,
292914,1984-11-25,,1985,regular,,final,Wichita State,Chicago State,352,50,49,60,,MVC,Indep.,,,,,,
292915,1984-11-25,,1985,regular,,final,Clemson,Tennessee Tech,52,291,67,68,,ACC,OVC,,,,,,
292916,1984-11-25,,1985,regular,,final,NC State,UC Santa Barbara,185,311,93,70,,ACC,Big West,,,,,,
292917,1984-11-25,,1985,regular,,final,Michigan,Detroit Mercy,170,69,80,66,,Big Ten,Horizon,,,,,,
292918,1984-11-25,,1985,regular,,final,Temple,Drexel,289,71,75,62,,A-10,,,,,,,
292919,1984-11-25,,1985,regular,,final,Saint Louis,Duke,252,72,64,97,,Horizon,ACC,,,,,,
292920,1984-11-25,,1985,regular,,final,Eastern Washington,Eastern Illinois,80,77,75,71,,Indep.,Summit,,,,,,
292921,1984-11-25,,1985,regular,,final,Wake Forest,Fairleigh Dickinson,342,84,81,67,,ACC,NEC,,,,,,
292922,1984-11-25,,1985,regular,,final,Stetson,Furman,283,93,60,58,,Indep.,SoCon,,,,,,
292923,1984-11-25,,1985,regular,,final,Iowa,Gonzaga,124,102,62,40,,Big Ten,WCC,,,,,,
292924,1984-11-25,,1985,regular,,final,Texas State,Lamar,297,139,75,85,,,Southland,,,,,,
292925,1984-11-25,,1985,regular,,final,La Salle,Monmouth,137,178,85,67,,Metro,Indep.,,,,,,
292926,1984-11-25,,1985,regular,,final,Utah,Loyola Marymount,331,153,89,85,,UAC,WCC,,,,,,
292927,1984-11-25,,1985,regular,,final,Tennessee State,Morehead State,290,181,60,42,,Indep.,OVC,,,,,,
292928,1984-11-25,,1985,regular,,final,SE Louisiana,Mississippi Valley State,246,175,76,67,,Indep.,SWAC,,,,,,
292929,1984-11-25,,1985,regular,,final,New Mexico,Texas Southern,191,296,64,63,,UAC,SWAC,,,,,,
292930,1984-11-25,,1985,regular,,final,Pittsburgh,St. Francis (PA),229,278,104,88,,Big East,NEC,,,,,,
292931,1984-11-25,,1985,regular,,final,Colorado,UC Irvine,56,308,80,73,,,Big West,,,,,,
292933,1984-11-26,,1985,regular,,final,Baylor,Prairie View A&M,20,232,99,77,,,SWAC,,,,,,
292934,1984-11-26,,1985,regular,,final,New Hampshire,Boston College,190,26,63,86,,Am. East,Big East,,,,,,
292935,1984-11-26,,1985,regular,,final,Fairfield,Brown,83,30,66,63,,Metro,Ivy,,,,,,
292936,1984-11-26,,1985,regular,,final,Weber State,Santa Clara,345,261,89,61,,Big Sky,WCC,,,,,,
292937,1984-11-26,,1985,regular,,final,Fordham,Long Island University,91,146,78,67,,Metro,NEC,,,,,,
292938,1984-11-26,,1985,regular,,final,Georgia Tech,Chattanooga,101,49,74,58,,ACC,SoCon,,,,,,
292939,1984-11-26,,1985,regular,,final,Radford,Georgia Southern,239,99,69,72,,Indep.,ASUN,,,,,,
292940,1984-11-26,,1985,regular,,final,Iona,Hofstra,123,110,80,72,,Metro,,,,,,,
292941,1984-11-26,,1985,regular,,final,Mississippi State,Jackson State,174,126,77,46,,SEC,SWAC,,,,,,
292942,1984-11-26,,1985,regular,,final,Kentucky,Toledo,135,300,63,54,,SEC,MAC,,,,,,
292943,1984-11-26,,1985,regular,,final,Pepperdine,Long Beach State,228,145,81,64,,WCC,Big West,,,,,,
292944,1984-11-26,,1985,regular,,final,McNeese,Southern Miss,162,275,56,74,,Southland,,,,,,,
292945,1984-11-26,,1985,regular,,final,South Alabama,Morgan State,265,182,109,57,,Sun Belt,MEAC,,,,,,
292946,1984-11-26,,1985,regular,,final,New Mexico State,UTEP,192,327,66,63,,Big West,UAC,,,,,,
292947,1984-11-26,,1985,regular,,final,Oral Roberts,Tulsa,222,304,82,86,,Horizon,MVC,,,,,,
292948,1984-11-26,,1985,regular,,final,San José State,Portland,260,230,81,82,,Big West,WCC,,,,,,
292949,1984-11-26,,1985,regular,,final,Rhode Island,Hartford,240,363,64,59,,A-10,Am. East,,,,,,
292950,1984-11-26,,1985,regular,,final,Siena,Utica,264,1325,71,56,,Am. East,,,,,,,
292951,1984-11-26,,1985,regular,,final,Valparaiso,Western Michigan,335,351,57,90,,Summit,MAC,,,,,,
292952,1984-11-27,,1985,regular,,final,Memphis,Arkansas State,163,13,79,62,,,Southland,,,,,,
292953,1984-11-27,,1985,regular,,final,Mercer,Augusta,164,633,84,72,,ASUN,,,,,,,
292954,1984-11-27,,1985,regular,,final,Charleston Southern,The Citadel,47,299,61,78,,Indep.,SoCon,,,,,,
292955,1984-11-27,,1985,regular,,final,Western Illinois,Butler,349,34,67,78,,Summit,Horizon,,,,,,
292956,1984-11-27,,1985,regular,,final,Illinois,Chicago State,118,50,81,63,,Big Ten,Indep.,,,,,,
292957,1984-11-27,,1985,regular,,final,Minnesota,UConn,173,314,61,60,,Big Ten,Big East,,,,,,
292958,1984-11-27,,1985,regular,,final,Syracuse,Cornell,286,60,65,53,,Big East,Ivy,,,,,,
292959,1984-11-27,,1985,regular,,final,Duke,William & Mary,72,353,92,60,,ACC,CAA,,,,,,
292960,1984-11-27,,1985,regular,,final,Illinois State,UIC,119,315,93,62,,MVC,Summit,,,,,,
292961,1984-11-27,,1985,regular,,final,Iowa,Morehead State,124,181,89,46,,Big Ten,OVC,,,,,,
292962,1984-11-27,,1985,regular,,final,Saint Mary's,La Salle,253,137,69,59,,WCC,Metro,,,,,,
292963,1984-11-27,,1985,regular,,final,Towson,Loyola Maryland,301,152,73,81,,,NEC,,,,,,
292964,1984-11-27,,1985,regular,,final,LSU,Loyola Chicago,136,151,102,96,,SEC,Horizon,,,,,,
292965,1984-11-27,,1985,regular,,final,Wagner,Manhattan,341,155,71,61,,NEC,Metro,,,,,,
292966,1984-11-27,,1985,regular,,final,Marist,Villanova,156,338,51,56,,NEC,Big East,,,,,,
292967,1984-11-27,,1985,regular,,final,UL Monroe,Louisiana,316,148,61,60,,Southland,Indep.,,,,,,
292968,1984-11-27,,1985,regular,,final,Vermont,Northeastern,337,205,52,71,,Am. East,Am. East,,,,,,
292969,1984-11-27,,1985,regular,,final,Old Dominion,VMI,219,334,56,50,,CAA,SoCon,,,,,,
292970,1984-11-27,,1985,regular,,final,San Diego,Nevada,258,189,80,75,,WCC,Big Sky,,,,,,
292971,1984-11-28,,1985,regular,,final,SE Louisiana,Little Rock,246,144,70,67,,Indep.,ASUN,,,,,,
292972,1984-11-28,,1985,regular,,final,Baylor,Missouri,20,177,103,88,,,,,,,,,
292973,1984-11-28,,1985,regular,,final,Colorado State,U.S. International,57,433,86,48,,UAC,Indep.,,,,,,
292974,1984-11-28,,1985,regular,,final,Navy,Drexel,187,71,91,74,,CAA,,,,,,,
292975,1984-11-28,,1985,regular,,final,East Carolina,VCU,74,333,61,72,,CAA,Sun Belt,,,,,,
292976,1984-11-28,,1985,regular,,final,Hawai'i,New Orleans,108,193,87,78,,UAC,Indep.,,,,,,
292977,1984-11-28,,1985,regular,,final,Radford,Maryland Eastern Shore,239,159,90,57,,Indep.,MEAC,,,,,,
292978,1984-11-28,,1985,regular,,final,Oregon,Montana,223,179,58,57,,Pac-12,Big Sky,,,,,,
292980,1984-11-28,,1985,regular,,final,Notre Dame,Northwestern,213,212,79,61,,Indep.,Big Ten,,,,,,
292981,1984-11-28,,1985,regular,,final,Texas,Northwestern State,295,211,87,52,,,,,,,,,
292982,1984-11-28,,1985,regular,,final,Rutgers,Rider,245,243,77,73,,A-10,,,,,,,
292983,1984-11-28,,1985,regular,,final,Saint Joseph's,Siena,251,264,56,43,,A-10,Am. East,,,,,,
292984,1984-11-28,,1985,regular,,final,Texas Tech,Utah,298,331,81,73,,,UAC,,,,,,
292985,1984-11-28,,1985,regular,,final,UC Irvine,San Diego State,308,257,77,86,,Big West,UAC,,,,,,
292986,1984-11-29,,1985,regular,,final,Idaho,Air Force,117,2,67,78,,Big Sky,UAC,,,,,,
292987,1984-11-29,,1985,regular,,final,Alabama,Kent State,5,134,65,64,,SEC,MAC,,,,,,
292989,1984-11-29,,1985,regular,,final,Charlotte,App State,48,9,68,77,,Sun Belt,SoCon,,,,,,
292990,1984-11-29,,1985,regular,,final,Arizona,Tulsa,11,304,84,80,,Pac-12,MVC,,,,,,
292992,1984-11-29,,1985,regular,,final,UAB,Auburn,305,16,59,61,,Sun Belt,SEC,,,,,,
292993,1984-11-29,,1985,regular,,final,Chattanooga,Austin Peay,49,17,64,54,,SoCon,OVC,,,,,,
292996,1984-11-29,,1985,regular,,final,Holy Cross,Brown,111,30,68,81,,Metro,Ivy,,,,,,
292998,1984-11-29,,1985,regular,,final,Clemson,Campbell,52,41,90,55,,ACC,Indep.,,,,,,
292999,1984-11-29,,1985,regular,,final,Eastern Michigan,Chicago State,79,50,85,76,,MAC,Indep.,,,,,,
293000,1984-11-29,,1985,regular,,final,New Mexico,Columbia,191,58,57,44,,UAC,Ivy,,,,,,
293001,1984-11-29,,1985,regular,,final,Portland,Eastern Washington,230,80,46,44,,WCC,Indep.,,,,,,
293002,1984-11-29,,1985,regular,,final,Grambling,Florida A&M,103,85,64,50,,SWAC,Indep.,,,,,,
293003,1984-11-29,,1985,regular,,final,Florida State,Florida,90,87,65,68,,,SEC,,,,,,
293004,1984-11-29,,1985,regular,,final,Fresno State,Green Bay,92,105,61,46,,Big West,Summit,,,,,,
293005,1984-11-29,,1985,regular,,final,Georgia Tech,Tennessee Tech,101,291,96,78,,ACC,OVC,,,,,,
293006,1984-11-29,,1985,regular,,final,Hawai'i,Samford,108,256,84,93,,UAC,ASUN,,,,,,
293009,1984-11-29,,1985,regular,,final,St. John's,Lafayette,279,138,93,47,,Big East,,,,,,,
293010,1984-11-29,,1985,regular,,final,South Florida,Long Island University,271,146,65,64,,Sun Belt,NEC,,,,,,
293011,1984-11-29,,1985,regular,,final,Virginia,Loyola Maryland,339,152,72,60,,ACC,NEC,,,,,,
293014,1984-11-29,,1985,regular,,final,Michigan State,Western Michigan,169,351,77,61,,Big Ten,MAC,,,,,,
293016,1984-11-29,,1985,regular,,final,Northern Iowa,South Carolina State,209,267,64,61,,Summit,MEAC,,,,,,
293017,1984-11-29,,1985,regular,,final,Stanford,Pacific,281,225,66,53,,Pac-12,Big West,,,,,,
293018,1984-11-29,,1985,regular,,final,Texas State,Prairie View A&M,297,232,72,69,,,SWAC,,,,,,
293022,1984-11-29,,1985,regular,,final,Vanderbilt,Yale,336,360,87,72,,SEC,Ivy,,,,,,
293025,1984-11-30,,1985,regular,,final,Montana,Air Force,179,2,80,55,,Big Sky,UAC,,,,,,
293026,1984-11-30,,1985,regular,,final,Akron,Western Illinois,3,349,64,57,,OVC,Summit,,,,,,
293028,1984-11-30,,1985,regular,,final,George Washington,American University,96,8,83,59,,A-10,CAA,,,,,,
293030,1984-11-30,,1985,regular,,final,Arizona,San José State,11,260,79,44,,Pac-12,Big West,,,,,,
293031,1984-11-30,,1985,regular,,final,Ohio State,Arkansas,216,12,85,84,,Big Ten,,,,,,,
293032,1984-11-30,,1985,regular,,final,Michigan State,Army,169,15,76,64,,Big Ten,Metro,,,,,,
293034,1984-11-30,,1985,regular,,final,Toledo,Arizona State,300,10,79,66,,MAC,Pac-12,,,,,,
293037,1984-11-30,,1985,regular,,final,Radford,Bethune-Cookman,239,23,84,60,,Indep.,MEAC,,,,,,
293038,1984-11-30,,1985,regular,,final,Eastern Washington,Boise State,80,25,49,54,,Indep.,Big Sky,,,,,,
293039,1984-11-30,,1985,regular,,final,Tulane,Bradley,303,29,65,56,,,MVC,,,,,,
293041,1984-11-30,,1985,regular,,final,Bucknell,Robert Morris,32,244,63,66,,,NEC,,,,,,
293044,1984-11-30,,1985,regular,,final,Centenary (LA),Louisiana Tech,367,149,62,78,,ASUN,Southland,,,,,,
293045,1984-11-30,,1985,regular,,final,The Citadel,Georgia State,299,100,93,72,,SoCon,ASUN,,,,,,
293046,1984-11-30,,1985,regular,,final,Clemson,South Alabama,52,265,79,69,,ACC,Sun Belt,,,,,,
293047,1984-11-30,,1985,regular,,final,Niagara,Colgate,194,55,73,37,,Am. East,Am. East,,,,,,
293049,1984-11-30,,1985,regular,,final,Cleveland State,Penn State,53,226,112,82,,Summit,A-10,,,,,,
293051,1984-11-30,,1985,regular,,final,Colorado,Utah,56,331,89,80,,,UAC,,,,,,
293052,1984-11-30,,1985,regular,,final,Iowa State,Creighton,125,61,77,68,,,MVC,,,,,,
293053,1984-11-30,,1985,regular,,final,Colorado State,UNLV,57,322,78,88,,UAC,Big West,,,,,,
293054,1984-11-30,,1985,regular,,final,Providence,Dayton,235,64,55,68,,Big East,Indep.,,,,,,
293055,1984-11-30,,1985,regular,,final,Delaware,Princeton,66,234,51,48,,,Ivy,,,,,,
293056,1984-11-30,,1985,regular,,final,DePaul,UCLA,65,313,80,61,,Indep.,Pac-12,,,,,,
293057,1984-11-30,,1985,regular,,final,Kansas,Detroit Mercy,131,69,86,64,,,Horizon,,,,,,
293058,1984-11-30,,1985,regular,,final,William & Mary,Drexel,353,71,81,65,,CAA,,,,,,,
293059,1984-11-30,,1985,regular,,final,Duke,Saint Joseph's,72,251,59,46,,ACC,A-10,,,,,,
293060,1984-11-30,,1985,regular,,final,Eastern Illinois,Indiana State,77,122,68,67,,Summit,MVC,,,,,,
293061,1984-11-30,,1985,regular,,final,Fresno State,Washington,92,343,45,53,,Big West,Pac-12,,,,,,
293062,1984-11-30,,1985,regular,,final,Utica,Fairfield,1325,83,63,68,,,Metro,,,,,,
293063,1984-11-30,,1985,regular,,final,James Madison,Furman,129,93,48,49,,CAA,SoCon,,,,,,
293064,1984-11-30,,1985,regular,,final,Iowa,George Mason,124,95,111,82,,Big Ten,CAA,,,,,,
293065,1984-11-30,,1985,regular,,final,Michigan,Georgia,170,98,63,57,,Big Ten,SEC,,,,,,
293066,1984-11-30,,1985,regular,,final,Oklahoma State,Houston Christian,218,112,44,43,,,ASUN,,,,,,
293067,1984-11-30,,1985,regular,,final,Holy Cross,Rice,111,241,60,62,,Metro,,,,,,,
293068,1984-11-30,,1985,regular,,final,UIC,Penn State (Beaver),315,1353,76,71,,Summit,,,,,,,
293069,1984-11-30,,1985,regular,,final,Illinois,Oklahoma,118,217,73,70,,Big Ten,,,,,,,
293070,1984-11-30,,1985,regular,,final,Illinois State,Missouri State,119,176,54,44,,MVC,Summit,,,,,,
293071,1984-11-30,,1985,regular,,final,Indiana,Ohio,121,215,90,73,,Big Ten,MAC,,,,,,
293072,1984-11-30,,1985,regular,,final,Iona,Marist,123,156,86,78,,Metro,NEC,,,,,,
293073,1984-11-30,,1985,regular,,final,Jackson State,Nicholls,126,195,84,83,,SWAC,,,,,,,
293075,1984-11-30,,1985,regular,,final,Louisiana,Lamar,148,139,57,53,,Indep.,Southland,,,,,,
293076,1984-11-30,,1985,regular,,final,Stanford,La Salle,281,137,84,73,,Pac-12,Metro,,,,,,
293077,1984-11-30,,1985,regular,,final,Manhattan,Lehigh,155,141,60,57,,Metro,,,,,,,
293078,1984-11-30,,1985,regular,,final,Loyola Chicago,Northwestern,151,212,73,67,,Horizon,Big Ten,,,,,,
293079,1984-11-30,,1985,regular,,final,Louisville,VCU,150,333,67,55,,,Sun Belt,,,,,,
293080,1984-11-30,,1985,regular,,final,Oral Roberts,LSU,222,136,71,74,,Horizon,SEC,,,,,,
293081,1984-11-30,,1985,regular,,final,Maine-Farmington,Rhode Island,1078,240,60,64,,,A-10,,,,,,
293082,1984-11-30,,1985,regular,,final,Maryland,West Virginia,160,347,56,47,,ACC,A-10,,,,,,
293083,1984-11-30,,1985,regular,,final,New Hampshire,Massachusetts,190,161,51,55,,Am. East,A-10,,,,,,
293084,1984-11-30,,1985,regular,,final,Chattanooga,Middle Tennessee,49,171,71,69,,SoCon,OVC,,,,,,
293085,1984-11-30,,1985,regular,,final,Memphis,USC,163,323,61,45,,,Pac-12,,,,,,
293086,1984-11-30,,1985,regular,,final,San Diego State,Morgan State,257,182,128,68,,UAC,MEAC,,,,,,
293087,1984-11-30,,1985,regular,,final,Minnesota,Montana State,173,180,85,71,,Big Ten,Big Sky,,,,,,
293088,1984-11-30,,1985,regular,,final,Marquette,U.S. International,157,433,74,27,,Indep.,Indep.,,,,,,
293089,1984-11-30,,1985,regular,,final,Oregon State,Missouri,224,177,54,52,,Pac-12,,,,,,,
293091,1984-11-30,,1985,regular,,final,Charlotte,UNC Wilmington,48,321,60,61,,Sun Belt,CAA,,,,,,
293092,1984-11-30,,1985,regular,,final,New Mexico,Northern Arizona,191,206,56,64,,UAC,Big Sky,,,,,,
293093,1984-11-30,,1985,regular,,final,Northern Iowa,Youngstown State,209,361,57,70,,Summit,OVC,,,,,,
293094,1984-11-30,,1985,regular,,final,Notre Dame,St. Francis (PA),213,278,85,45,,Indep.,NEC,,,,,,
293095,1984-11-30,,1985,regular,,final,North Texas,Texas Pan American,204,1535,50,60,,Southland,,,,,,,
293096,1984-11-30,,1985,regular,,final,SMU,Northwestern State,248,211,89,57,,,,,,,,,
293097,1984-11-30,,1985,regular,,final,Wichita State,Pepperdine,352,228,81,83,,MVC,WCC,,,,,,
293098,1984-11-30,,1985,regular,,final,Pittsburgh,Xavier,229,359,58,61,,Big East,Horizon,,,,,,
293099,1984-11-30,,1985,regular,,final,Virginia,Richmond,339,242,57,52,,ACC,CAA,,,,,,
293100,1984-11-30,,1985,regular,,final,South Carolina,Towson,266,301,79,68,,,,,,,,,
293101,1984-11-30,,1985,regular,,final,SE Louisiana,Texas Southern,246,296,82,68,,Indep.,SWAC,,,,,,
293102,1984-11-30,,1985,regular,,final,Southern,West Texas A&M,274,1440,82,78,,SWAC,MVC,,,,,,
293103,1984-11-30,,1985,regular,,final,St. John's,St. Bonaventure,279,277,58,57,,Big East,A-10,,,,,,
293105,1984-11-30,,1985,regular,,final,Texas Tech,Texas A&M-San Antonio,298,583,76,49,,,,,,,,,
293106,1984-11-30,,1985,regular,,final,UC Irvine,Loyola Marymount,308,153,66,76,,Big West,WCC,,,,,,
293107,1984-11-30,,1985,regular,,final,Weber State,Utah State,345,329,77,70,,Big Sky,Big West,,,,,,
293108,1984-11-30,,1985,regular,,final,Wisconsin,Washington State,355,344,61,59,,Big Ten,Pac-12,,,,,,
293111,1984-12-02,,1985,regular,,final,Alabama,East Tennessee State,5,75,100,76,,SEC,SoCon,,,,,,
293112,1984-12-02,,1985,regular,,final,Navy,American University,187,8,84,68,,CAA,CAA,,,,,,
293113,1984-12-02,,1985,regular,,final,UTEP,Arizona State,327,10,68,57,,UAC,Pac-12,,,,,,
293114,1984-12-02,,1985,regular,,final,Gonzaga,Boise State,102,25,55,54,,WCC,Big Sky,,,,,,
293115,1984-12-02,,1985,regular,,final,Butler,Valparaiso,34,335,66,51,,Horizon,Summit,,,,,,
293116,1984-12-02,,1985,regular,,final,Centenary (LA),SE Louisiana,367,246,60,91,,ASUN,Indep.,,,,,,
293117,1984-12-02,,1985,regular,,final,Southern,Chicago State,274,50,84,71,,SWAC,Indep.,,,,,,
293118,1984-12-02,,1985,regular,,final,South Carolina,The Citadel,266,299,94,82,,,SoCon,,,,,,
293119,1984-12-02,,1985,regular,,final,Drake,Green Bay,70,105,68,61,,MVC,Summit,,,,,,
293120,1984-12-02,,1985,regular,,final,Xavier,Eastern Michigan,359,79,71,70,,Horizon,MAC,,,,,,
293121,1984-12-02,,1985,regular,,final,St. Francis Brooklyn,Fordham,364,91,65,82,,NEC,Metro,,,,,,
293122,1984-12-02,,1985,regular,,final,Saint Mary's,Cal State Fullerton,253,37,50,51,,WCC,Big West,,,,,,
293123,1984-12-02,,1985,regular,,final,George Washington,Morgan State,96,182,115,67,,A-10,MEAC,,,,,,
293124,1984-12-02,,1985,regular,,final,UT Arlington,Hardin-Simmons,324,772,76,70,,Southland,,,,,,,
293125,1984-12-02,,1985,regular,,final,Nicholls,Houston Christian,195,112,61,63,,,ASUN,,,,,,
293126,1984-12-02,,1985,regular,,final,North Carolina,Howard,200,114,77,63,,ACC,MEAC,,,,,,
293127,1984-12-02,,1985,regular,,final,Pittsburgh,Lafayette,229,138,80,66,,Big East,,,,,,,
293128,1984-12-02,,1985,regular,,final,Lamar,Texas State,139,297,83,51,,Southland,,,,,,,
293129,1984-12-02,,1985,regular,,final,Lehigh,Siena,141,264,67,71,,,Am. East,,,,,,
293130,1984-12-02,,1985,regular,,final,Louisiana Tech,Rice,149,241,75,63,,Southland,,,,,,,
293131,1984-12-02,,1985,regular,,final,LSU,Texas,136,295,87,79,,SEC,,,,,,,
293132,1984-12-02,,1985,regular,,final,Virginia Tech,Maryland Eastern Shore,340,159,91,46,,,MEAC,,,,,,
293133,1984-12-02,,1985,regular,,final,Vanderbilt,Middle Tennessee,336,171,94,82,,SEC,OVC,,,,,,
293134,1984-12-02,,1985,regular,,final,Nebraska,Montana State,188,180,86,65,,MVC,Big Sky,,,,,,
293135,1984-12-02,,1985,regular,,final,Missouri,Morehead State,177,181,75,60,,,OVC,,,,,,
293136,1984-12-02,,1985,regular,,final,NC State,Hartford,185,363,83,46,,ACC,Am. East,,,,,,
293137,1984-12-02,,1985,regular,,final,Southern Miss,UL Monroe,275,316,59,73,,,Southland,,,,,,
293138,1984-12-02,,1985,regular,,final,Wichita State,Oregon,352,223,63,58,,MVC,Pac-12,,,,,,
293139,1984-12-02,,1985,regular,,final,San Diego,San José State,258,260,65,63,,WCC,Big West,,,,,,
293140,1984-12-02,,1985,regular,,final,Southern Illinois,Missouri State,273,176,71,67,,MVC,Summit,,,,,,
293141,1984-12-02,,1985,regular,,final,Texas Tech,Washington,298,343,57,59,,,Pac-12,,,,,,
293142,1984-12-02,,1985,regular,,final,VMI,Virginia,334,339,57,68,,SoCon,ACC,,,,,,
293143,1984-12-03,,1985,regular,,final,Arizona,Loyola Marymount,11,153,82,75,,Pac-12,WCC,,,,,,
293144,1984-12-03,,1985,regular,,final,Little Rock,Prairie View A&M,144,232,85,56,,ASUN,SWAC,,,,,,
293145,1984-12-03,,1985,regular,,final,Bowling Green,Boston University,28,27,67,63,,MAC,Am. East,,,,,,
293146,1984-12-03,,1985,regular,,final,Brooklyn,Fairleigh Dickinson,414,84,46,61,,Indep.,NEC,,,,,,
293147,1984-12-03,,1985,regular,,final,BYU,Utah State,18,329,93,97,,UAC,Big West,,,,,,
293148,1984-12-03,,1985,regular,,final,Syracuse,Canisius,286,42,52,48,,Big East,Am. East,,,,,,
293149,1984-12-03,,1985,regular,,final,Yale,UConn,360,314,77,95,,Ivy,Big East,,,,,,
293150,1984-12-03,,1985,regular,,final,Eastern Kentucky,Dayton,78,64,55,76,,OVC,Indep.,,,,,,
293151,1984-12-03,,1985,regular,,final,Drexel,East Carolina,71,74,80,73,,,CAA,,,,,,
293152,1984-12-03,,1985,regular,,final,South Florida,Florida,271,87,68,82,,Sun Belt,SEC,,,,,,
293153,1984-12-03,,1985,regular,,final,George Mason,Northern Illinois,95,208,96,97,,CAA,MAC,,,,,,
293154,1984-12-03,,1985,regular,,final,Tennessee State,Grambling,290,103,80,65,,Indep.,SWAC,,,,,,
293155,1984-12-03,,1985,regular,,final,Harvard,New Hampshire,107,190,69,63,,Ivy,Am. East,,,,,,
293156,1984-12-03,,1985,regular,,final,Hawai'i,Samford,108,256,82,83,,UAC,ASUN,,,,,,
293157,1984-12-03,,1985,regular,,final,Holy Cross,Providence,111,235,74,84,,Metro,Big East,,,,,,
293158,1984-12-03,,1985,regular,,final,Houston,Texas State,113,297,93,81,,,,,,,,,
293159,1984-12-03,,1985,regular,,final,Idaho,Washington State,117,344,77,56,,Big Sky,Pac-12,,,,,,
293160,1984-12-03,,1985,regular,,final,Notre Dame,Indiana,213,121,74,63,,Indep.,Big Ten,,,,,,
293161,1984-12-03,,1985,regular,,final,Iowa,Iowa State,124,125,50,54,,Big Ten,,,,,,,
293162,1984-12-03,,1985,regular,,final,James Madison,Radford,129,239,52,50,,CAA,Indep.,,,,,,
293163,1984-12-03,,1985,regular,,final,Kentucky,SMU,135,248,54,56,,SEC,,,,,,,
293164,1984-12-03,,1985,regular,,final,Marquette,Loyola Chicago,157,151,74,67,,Indep.,Horizon,,,,,,
293165,1984-12-03,,1985,regular,,final,Stetson,Mercer,283,164,71,89,,Indep.,ASUN,,,,,,
293166,1984-12-03,,1985,regular,,final,New Mexico,New Mexico State,191,192,64,67,,UAC,Big West,,,,,,
293167,1984-12-03,,1985,regular,,final,TCU,North Texas,287,204,76,58,,,Southland,,,,,,
293168,1984-12-03,,1985,regular,,final,Rutgers,Princeton,245,234,54,41,,A-10,Ivy,,,,,,
293169,1984-12-03,,1985,regular,,final,Richmond,VCU,242,333,60,69,,CAA,Sun Belt,,,,,,
293170,1984-12-03,,1985,regular,,final,Saint Peter's,Utica,254,1325,73,57,,Metro,,,,,,,
293171,1984-12-03,,1985,regular,,final,Santa Clara,Nevada,261,189,87,65,,WCC,Big Sky,,,,,,
293172,1984-12-03,,1985,regular,,final,USC,Wyoming,323,358,67,57,,Pac-12,UAC,,,,,,
293173,1984-12-03,,1985,regular,,final,Utah,Weber State,331,345,65,59,,UAC,Big Sky,,,,,,
293174,1984-12-04,,1985,regular,,final,UAB,South Carolina State,305,267,73,56,,Sun Belt,MEAC,,,,,,
293175,1984-12-04,,1985,regular,,final,Duke,App State,72,9,98,64,,ACC,SoCon,,,,,,
293176,1984-12-04,,1985,regular,,final,Brown,Boston College,30,26,70,90,,Ivy,Big East,,,,,,
293177,1984-12-04,,1985,regular,,final,Bradley,Temple,29,289,57,56,,MVC,A-10,,,,,,
293178,1984-12-04,,1985,regular,,final,Indiana State,Butler,122,34,78,52,,MVC,Horizon,,,,,,
293180,1984-12-04,,1985,regular,,final,Florida A&M,UCF,85,312,62,67,,Indep.,Indep.,,,,,,
293181,1984-12-04,,1985,regular,,final,Chicago State,U.S. International,50,433,74,47,,Indep.,Indep.,,,,,,
293182,1984-12-04,,1985,regular,,final,South Carolina,Clemson,266,52,71,66,,,ACC,,,,,,
293183,1984-12-04,,1985,regular,,final,Maryland,Cleveland State,160,53,95,84,,ACC,Summit,,,,,,
293184,1984-12-04,,1985,regular,,final,Detroit Mercy,Central Michigan,69,45,89,67,,Horizon,MAC,,,,,,
293185,1984-12-04,,1985,regular,,final,Colorado State,Colorado,57,56,70,64,,UAC,,,,,,,
293187,1984-12-04,,1985,regular,,final,Illinois State,DePaul,119,65,71,84,,MVC,Indep.,,,,,,
293188,1984-12-04,,1985,regular,,final,Kent State,Eastern Illinois,134,77,62,57,,MAC,Summit,,,,,,
293189,1984-12-04,,1985,regular,,final,Murray State,Evansville,184,82,58,50,,OVC,Horizon,,,,,,
293190,1984-12-04,,1985,regular,,final,St. John's,Fordham,279,91,47,46,,Big East,Metro,,,,,,
293191,1984-12-04,,1985,regular,,final,Jacksonville,Florida State,127,90,60,61,,Sun Belt,,,,,,,
293192,1984-12-04,,1985,regular,,final,Texas A&M-San Antonio,Cal State Fullerton,583,37,72,64,,,Big West,,,,,,
293193,1984-12-04,,1985,regular,,final,Kansas State,Mississippi State,132,174,67,58,,,SEC,,,,,,
293194,1984-12-04,,1985,regular,,final,Lehigh,Wagner,141,341,83,74,,,NEC,,,,,,
293195,1984-12-04,,1985,regular,,final,LSU,Ole Miss,136,220,89,64,,SEC,SEC,,,,,,
293196,1984-12-04,,1985,regular,,final,Maine-Farmington,Hartford,1078,363,71,78,,,Am. East,,,,,,
293197,1984-12-04,,1985,regular,,final,Manhattan,Seton Hall,155,263,59,56,,Metro,Big East,,,,,,
293198,1984-12-04,,1985,regular,,final,Memphis,Middle Tennessee,163,171,90,77,,,OVC,,,,,,
293199,1984-12-04,,1985,regular,,final,Michigan,Youngstown State,170,361,103,73,,Big Ten,OVC,,,,,,
293200,1984-12-04,,1985,regular,,final,Purdue,Miami (OH),236,167,79,84,,Big Ten,MAC,,,,,,
293201,1984-12-04,,1985,regular,,final,Villanova,Monmouth,338,178,77,62,,Big East,Indep.,,,,,,
293202,1984-12-04,,1985,regular,,final,Rider,Marist,243,156,68,73,,,NEC,,,,,,
293203,1984-12-04,,1985,regular,,final,Penn State,Navy,226,187,66,63,,A-10,CAA,,,,,,
293204,1984-12-04,,1985,regular,,final,NC State,North Carolina A&T,185,198,101,54,,ACC,MEAC,,,,,,
293205,1984-12-04,,1985,regular,,final,UL Monroe,Northwestern State,316,211,85,66,,Southland,,,,,,,
293206,1984-12-04,,1985,regular,,final,St. Bonaventure,Niagara,277,194,88,65,,A-10,Am. East,,,,,,
293207,1984-12-04,,1985,regular,,final,Nicholls,Tulane,195,303,54,55,,,,,,,,,
293208,1984-12-04,,1985,regular,,final,Old Dominion,Saint Joseph's,219,251,87,63,,CAA,A-10,,,,,,
293209,1984-12-04,,1985,regular,,final,Texas A&M,Oral Roberts,293,222,71,70,,,Horizon,,,,,,
293210,1984-12-04,,1985,regular,,final,West Virginia,Robert Morris,347,244,70,65,,A-10,NEC,,,,,,
293211,1984-12-04,,1985,regular,,final,St. Francis (PA),Towson,278,301,90,86,,NEC,,,,,,,
293212,1984-12-04,,1985,regular,,final,Saint Louis,Southern Illinois,252,273,64,73,,Horizon,MVC,,,,,,
293213,1984-12-04,,1985,regular,,final,William & Mary,Virginia,353,339,54,53,,CAA,ACC,,,,,,
293214,1984-12-05,,1985,regular,,final,Maryland Eastern Shore,Brooklyn,159,414,69,82,,MEAC,Indep.,,,,,,
293215,1984-12-05,,1985,regular,,final,South Alabama,UCF,265,312,83,66,,Sun Belt,Indep.,,,,,,
293216,1984-12-05,,1985,regular,,final,UConn,Massachusetts,314,161,64,52,,Big East,A-10,,,,,,
293217,1984-12-05,,1985,regular,,final,Washington State,Gonzaga,344,102,62,56,,Pac-12,WCC,,,,,,
293218,1984-12-05,,1985,regular,,final,Loyola Maryland,Holy Cross,152,111,87,73,,NEC,Metro,,,,,,
293219,1984-12-05,,1985,regular,,final,Howard,Saint Peter's,114,254,47,49,,MEAC,Metro,,,,,,
293220,1984-12-05,,1985,regular,,final,Missouri,Illinois,177,118,50,65,,,Big Ten,,,,,,
293221,1984-12-05,,1985,regular,,final,Lafayette,Princeton,138,234,45,43,,,Ivy,,,,,,
293222,1984-12-05,,1985,regular,,final,Wyoming,Long Beach State,358,145,73,49,,UAC,Big West,,,,,,
293223,1984-12-05,,1985,regular,,final,Northwestern,Marquette,212,157,44,53,,Big Ten,Indep.,,,,,,
293224,1984-12-05,,1985,regular,,final,Rhode Island,New Hampshire,240,190,82,74,,A-10,Am. East,,,,,,
293225,1984-12-05,,1985,regular,,final,UL Monroe,Southern,316,274,90,78,,Southland,SWAC,,,,,,
293227,1984-12-05,,1985,regular,,final,VMI,Radford,334,239,53,51,,SoCon,Indep.,,,,,,
293228,1984-12-05,,1985,regular,,final,San Diego State,San Diego,257,258,57,53,,UAC,WCC,,,,,,
293229,1984-12-05,,1985,regular,,final,Washington,Saint Mary's,343,253,68,48,,Pac-12,WCC,,,,,,
293230,1984-12-05,,1985,regular,,final,Texas State,UT Arlington,297,324,80,68,,,Southland,,,,,,
293231,1984-12-05,,1985,regular,,final,Vanderbilt,Vermont,336,337,73,55,,SEC,Am. East,,,,,,
293234,1984-12-06,,1985,regular,,final,Arizona State,Lehigh,10,141,81,64,,Pac-12,,,,,,,
293236,1984-12-06,,1985,regular,,final,Iowa,Boston University,124,27,67,53,,Big Ten,Am. East,,,,,,
293237,1984-12-06,,1985,regular,,final,Iona,Bucknell,123,32,81,68,,Metro,,,,,,,
293238,1984-12-06,,1985,regular,,final,Illinois,Columbia,118,58,72,48,,Big Ten,Ivy,,,,,,
293240,1984-12-06,,1985,regular,,final,South Florida,Florida A&M,271,85,87,59,,Sun Belt,Indep.,,,,,,
293241,1984-12-06,,1985,regular,,final,Montana,Georgia State,179,100,74,62,,Big Sky,ASUN,,,,,,
293245,1984-12-06,,1985,regular,,final,Long Island University,St. Francis Brooklyn,146,364,68,63,,NEC,NEC,,,,,,
293247,1984-12-06,,1985,regular,,final,Syracuse,Maine-Farmington,286,1078,84,65,,Big East,,,,,,,
293248,1984-12-06,,1985,regular,,final,Stetson,Marist,283,156,59,57,,Indep.,NEC,,,,,,
293249,1984-12-06,,1985,regular,,final,Southern Illinois,Navy,273,187,75,72,,MVC,CAA,,,,,,
293250,1984-12-06,,1985,regular,,final,Wichita State,Ohio,352,215,55,56,,MVC,MAC,,,,,,
293251,1984-12-06,,1985,regular,,final,Pacific,Oklahoma City,225,1476,80,67,,Big West,,,,,,,
293252,1984-12-06,,1985,regular,,final,Oregon State,Portland,224,230,69,54,,Pac-12,WCC,,,,,,
293253,1984-12-06,,1985,regular,,final,Western Kentucky,St. Francis (PA),350,278,83,67,,Sun Belt,NEC,,,,,,
293256,1984-12-07,,1985,regular,,final,Air Force,U.S. International,2,433,85,56,,UAC,Indep.,,,,,,
293259,1984-12-07,,1985,regular,,final,Wake Forest,App State,342,9,64,62,,ACC,SoCon,,,,,,
293260,1984-12-07,,1985,regular,,final,Northern Arizona,Arizona,206,11,61,82,,Big Sky,Pac-12,,,,,,
293261,1984-12-07,,1985,regular,,final,Arkansas,Missouri State,12,176,70,56,,,Summit,,,,,,
293263,1984-12-07,,1985,regular,,final,Holy Cross,Army,111,15,76,74,,Metro,Metro,,,,,,
293264,1984-12-07,,1985,regular,,final,Oklahoma State,Arkansas State,218,13,75,55,,,Southland,,,,,,
293265,1984-12-07,,1985,regular,,final,Arizona State,Xavier,10,359,71,67,,Pac-12,Horizon,,,,,,
293266,1984-12-07,,1985,regular,,final,Auburn,Mercer,16,164,70,69,,SEC,ASUN,,,,,,
293267,1984-12-07,,1985,regular,,final,Clemson,Augusta,52,633,89,62,,ACC,,,,,,,
293268,1984-12-07,,1985,regular,,final,New Orleans,Ball State,193,19,80,70,,Indep.,MAC,,,,,,
293269,1984-12-07,,1985,regular,,final,The Citadel,Charleston Southern,299,47,62,53,,SoCon,Indep.,,,,,,
293270,1984-12-07,,1985,regular,,final,Baylor,Vanderbilt,20,336,81,84,,,SEC,,,,,,
293272,1984-12-07,,1985,regular,,final,Boise State,Chicago State,25,50,81,61,,Big Sky,Indep.,,,,,,
293274,1984-12-07,,1985,regular,,final,Brooklyn,Utica,414,1325,59,56,,Indep.,,,,,,,
293276,1984-12-07,,1985,regular,,final,Weber State,BYU,345,18,87,79,,Big Sky,UAC,,,,,,
293277,1984-12-07,,1985,regular,,final,Nevada,California,189,40,92,80,,Big Sky,Pac-12,,,,,,
293278,1984-12-07,,1985,regular,,final,Canisius,St. Bonaventure,42,277,44,67,,Am. East,A-10,,,,,,
293279,1984-12-07,,1985,regular,,final,SMU,Centenary (LA),248,367,97,79,,,ASUN,,,,,,
293280,1984-12-07,,1985,regular,,final,Miami (OH),Cincinnati,167,51,77,80,,MAC,,,,,,,
293281,1984-12-07,,1985,regular,,final,Eastern Michigan,Cleveland State,79,53,109,105,,MAC,Summit,,,,,,
293282,1984-12-07,,1985,regular,,final,Wisconsin,Central Michigan,355,45,74,63,,Big Ten,MAC,,,,,,
293283,1984-12-07,,1985,regular,,final,Oregon,Colorado,223,56,79,60,,Pac-12,,,,,,,
293285,1984-12-07,,1985,regular,,final,Creighton,Nebraska,61,188,73,78,,MVC,MVC,,,,,,
293286,1984-12-07,,1985,regular,,final,San Diego,UC Santa Barbara,258,311,76,60,,WCC,Big West,,,,,,
293287,1984-12-07,,1985,regular,,final,Yale,Dartmouth,360,62,81,76,,Ivy,Ivy,,,,,,
293288,1984-12-07,,1985,regular,,final,Charlotte,Davidson,48,63,64,70,,Sun Belt,SoCon,,,,,,
293289,1984-12-07,,1985,regular,,final,Dayton,Michigan,64,170,78,87,,Indep.,Big Ten,,,,,,
293290,1984-12-07,,1985,regular,,final,Delaware,Loyola Maryland,66,152,84,79,,,NEC,,,,,,
293291,1984-12-07,,1985,regular,,final,DePaul,Notre Dame,65,213,95,83,,Indep.,Indep.,,,,,,
293292,1984-12-07,,1985,regular,,final,Toledo,Detroit Mercy,300,69,55,65,,MAC,Horizon,,,,,,
293293,1984-12-07,,1985,regular,,final,Iowa State,Drake,125,70,74,73,,,MVC,,,,,,
293295,1984-12-07,,1985,regular,,final,Duke,Virginia,72,339,78,65,,ACC,ACC,,,,,,
293296,1984-12-07,,1985,regular,,final,Stetson,East Tennessee State,283,75,65,55,,Indep.,SoCon,,,,,,
293297,1984-12-07,,1985,regular,,final,Evansville,Indiana State,82,122,72,70,,Horizon,MVC,,,,,,
293298,1984-12-07,,1985,regular,,final,Florida,Jacksonville,87,127,83,70,,SEC,Sun Belt,,,,,,
293299,1984-12-07,,1985,regular,,final,Fordham,Hofstra,91,110,93,73,,Metro,,,,,,,
293300,1984-12-07,,1985,regular,,final,Saint Joseph's,Fairfield,251,83,81,64,,A-10,Metro,,,,,,
293301,1984-12-07,,1985,regular,,final,Cal State Fullerton,Loyola Marymount,37,153,69,73,,Big West,WCC,,,,,,
293302,1984-12-07,,1985,regular,,final,VCU,George Mason,333,95,87,78,,Sun Belt,CAA,,,,,,
293304,1984-12-07,,1985,regular,,final,Oregon State,Gonzaga,224,102,62,46,,Pac-12,WCC,,,,,,
293305,1984-12-07,,1985,regular,,final,Georgetown,UNLV,97,322,82,46,,Big East,Big West,,,,,,
293306,1984-12-07,,1985,regular,,final,Hardin-Simmons,Saint Louis,772,252,64,66,,,Horizon,,,,,,
293307,1984-12-07,,1985,regular,,final,Houston,LSU,113,136,81,73,,,SEC,,,,,,
293308,1984-12-07,,1985,regular,,final,Howard,Towson,114,301,67,60,,MEAC,,,,,,,
293309,1984-12-07,,1985,regular,,final,Iona,Idaho State,123,116,74,69,,Metro,Big Sky,,,,,,
293311,1984-12-07,,1985,regular,,final,Illinois,New Mexico State,118,192,93,55,,Big Ten,Big West,,,,,,
293312,1984-12-07,,1985,regular,,final,Green Bay,Illinois State,105,119,49,52,,Summit,MVC,,,,,,
293313,1984-12-07,,1985,regular,,final,Indiana,Kentucky,121,135,81,68,,Big Ten,SEC,,,,,,
293314,1984-12-07,,1985,regular,,final,Iowa,Texas Tech,124,298,58,48,,Big Ten,,,,,,,
293315,1984-12-07,,1985,regular,,final,Kansas State,Northern Iowa,132,209,72,59,,,Summit,,,,,,
293316,1984-12-07,,1985,regular,,final,Syracuse,Lamar,286,139,68,58,,Big East,Southland,,,,,,
293317,1984-12-07,,1985,regular,,final,Niagara,La Salle,194,137,58,63,,Am. East,Metro,,,,,,
293318,1984-12-07,,1985,regular,,final,Texas,Long Beach State,295,145,86,62,,,Big West,,,,,,
293319,1984-12-07,,1985,regular,,final,Oklahoma,Loyola Chicago,217,151,115,82,,,Horizon,,,,,,
293320,1984-12-07,,1985,regular,,final,Western Kentucky,Louisiana Tech,350,149,54,59,,Sun Belt,Southland,,,,,,
293322,1984-12-07,,1985,regular,,final,Hartford,Massachusetts,363,161,63,59,,Am. East,A-10,,,,,,
293323,1984-12-07,,1985,regular,,final,Wichita State,McNeese,352,162,56,60,,MVC,Southland,,,,,,
293324,1984-12-07,,1985,regular,,final,Memphis,UCLA,163,313,86,70,,,Pac-12,,,,,,
293325,1984-12-07,,1985,regular,,final,North Carolina A&T,Morgan State,198,182,110,69,,MEAC,MEAC,,,,,,
293326,1984-12-07,,1985,regular,,final,Minnesota,Princeton,173,234,46,44,,Big Ten,Ivy,,,,,,
293327,1984-12-07,,1985,regular,,final,Ole Miss,Samford,220,256,80,66,,SEC,ASUN,,,,,,
293328,1984-12-07,,1985,regular,,final,Montana,Northeastern,179,205,81,80,,Big Sky,Am. East,,,,,,
293329,1984-12-07,,1985,regular,,final,Marquette,Northern Illinois,157,208,61,52,,Indep.,MAC,,,,,,
293330,1984-12-07,,1985,regular,,final,West Virginia,Marshall,347,158,89,77,,A-10,SoCon,,,,,,
293331,1984-12-07,,1985,regular,,final,Missouri,Tennessee Tech,177,291,86,66,,,OVC,,,,,,
293332,1984-12-07,,1985,regular,,final,Tennessee State,Murray State,290,184,58,75,,Indep.,OVC,,,,,,
293334,1984-12-07,,1985,regular,,final,NC State,Western Carolina,185,348,103,67,,ACC,SoCon,,,,,,
293335,1984-12-07,,1985,regular,,final,New Hampshire,Siena,190,264,66,73,,Am. East,Am. East,,,,,,
293336,1984-12-07,,1985,regular,,final,Southern,Nicholls,274,195,76,77,,SWAC,,,,,,,
293337,1984-12-07,,1985,regular,,final,Santa Clara,Oklahoma City,261,1476,74,59,,WCC,,,,,,,
293338,1984-12-07,,1985,regular,,final,William & Mary,Old Dominion,353,219,57,62,,CAA,CAA,,,,,,
293339,1984-12-07,,1985,regular,,final,Texas Pan American,Texas A&M,1535,293,53,74,,,,,,,,,
293340,1984-12-07,,1985,regular,,final,Penn State (Beaver),Temple,1353,289,57,70,,,A-10,,,,,,
293341,1984-12-07,,1985,regular,,final,Pittsburgh,Robert Morris,229,244,82,62,,Big East,NEC,,,,,,
293342,1984-12-07,,1985,regular,,final,Providence,Rhode Island,235,240,53,52,,Big East,A-10,,,,,,
293343,1984-12-07,,1985,regular,,final,Purdue,South Carolina,236,266,85,63,,Big Ten,,,,,,,
293344,1984-12-07,,1985,regular,,final,Rider,Radford,243,239,82,66,,,Indep.,,,,,,
293345,1984-12-07,,1985,regular,,final,Rice,Tulane,241,303,58,55,,,,,,,,,
293346,1984-12-07,,1985,regular,,final,South Alabama,Texas Southern,265,296,89,70,,Sun Belt,SWAC,,,,,,
293347,1984-12-07,,1985,regular,,final,Virginia Tech,South Carolina State,340,267,108,65,,,MEAC,,,,,,
293348,1984-12-07,,1985,regular,,final,Southern Illinois,UTEP,273,327,75,77,,MVC,UAC,,,,,,
293349,1984-12-07,,1985,regular,,final,Washington State,San José State,344,260,60,58,,Pac-12,Big West,,,,,,
293350,1984-12-07,,1985,regular,,final,Louisiana,Southern Miss,148,275,73,62,,Indep.,,,,,,,
293351,1984-12-07,,1985,regular,,final,Texas A&M-San Antonio,TCU,583,287,76,74,,,,,,,,,
293352,1984-12-07,,1985,regular,,final,Tennessee,Vermont,292,337,85,48,,SEC,Am. East,,,,,,
293353,1984-12-07,,1985,regular,,final,Tulsa,Youngstown State,304,361,67,49,,MVC,OVC,,,,,,
293354,1984-12-07,,1985,regular,,final,Hawai'i,UC Irvine,108,308,82,87,,UAC,Big West,,,,,,
293355,1984-12-07,,1985,regular,,final,North Carolina,Oral Roberts,200,222,87,65,,ACC,Horizon,,,,,,
293356,1984-12-07,,1985,regular,,final,Utah State,Utah,329,331,92,79,,Big West,UAC,,,,,,
293359,1984-12-08,,1985,regular,,final,Valparaiso,Notre Dame,335,213,57,88,,Summit,Indep.,,,,,,
293361,1984-12-09,,1985,regular,,final,Alabama,Austin Peay,5,17,68,48,,SEC,OVC,,,,,,
293362,1984-12-09,,1985,regular,,final,Alcorn State,Florida A&M,7,85,112,78,,SWAC,Indep.,,,,,,
293363,1984-12-09,,1985,regular,,final,Texas Pan American,Arizona,1535,11,60,85,,,Pac-12,,,,,,
293364,1984-12-09,,1985,regular,,final,Georgia Southern,Augusta,99,633,64,47,,ASUN,,,,,,,
293365,1984-12-09,,1985,regular,,final,Louisiana Tech,Ball State,149,19,73,59,,Southland,MAC,,,,,,
293366,1984-12-09,,1985,regular,,final,Charleston Southern,Bethune-Cookman,47,23,79,64,,Indep.,MEAC,,,,,,
293367,1984-12-09,,1985,regular,,final,Richmond,Campbell,242,41,74,58,,CAA,Indep.,,,,,,
293368,1984-12-09,,1985,regular,,final,Southern Illinois,Chicago State,273,50,92,87,,MVC,Indep.,,,,,,
293369,1984-12-09,,1985,regular,,final,Hartford,Cornell,363,60,70,66,,Am. East,Ivy,,,,,,
293370,1984-12-09,,1985,regular,,final,Fresno State,Marshall,92,158,63,58,,Big West,SoCon,,,,,,
293371,1984-12-09,,1985,regular,,final,Cal State Fullerton,Portland,37,230,53,54,,Big West,WCC,,,,,,
293372,1984-12-09,,1985,regular,,final,Providence,Howard,235,114,70,53,,Big East,MEAC,,,,,,
293373,1984-12-09,,1985,regular,,final,Kansas,South Carolina State,131,267,81,54,,,MEAC,,,,,,
293375,1984-12-09,,1985,regular,,final,Michigan,Western Michigan,170,351,83,59,,Big Ten,MAC,,,,,,
293376,1984-12-09,,1985,regular,,final,Morehead State,Tennessee State,181,290,87,85,,OVC,Indep.,,,,,,
293377,1984-12-09,,1985,regular,,final,Missouri,Tennessee,177,292,70,61,,,SEC,,,,,,
293378,1984-12-09,,1985,regular,,final,Michigan State,Saint Peter's,169,254,50,38,,Big Ten,Metro,,,,,,
293379,1984-12-09,,1985,regular,,final,North Carolina A&T,UNC Wilmington,198,321,70,66,,MEAC,CAA,,,,,,
293380,1984-12-09,,1985,regular,,final,Nebraska,Wyoming,188,358,79,65,,MVC,UAC,,,,,,
293381,1984-12-09,,1985,regular,,final,Southern,UL Monroe,274,316,98,81,,SWAC,Southland,,,,,,
293382,1984-12-09,,1985,regular,,final,Texas A&M-San Antonio,Rice,583,241,80,65,,,,,,,,,
293383,1984-12-09,,1985,regular,,final,UT Arlington,Texas State,324,297,78,63,,Southland,,,,,,,
293384,1984-12-10,,1985,regular,,final,Boston College,Rhode Island,26,240,70,50,,Big East,A-10,,,,,,
293385,1984-12-10,,1985,regular,,final,Massachusetts,Boston University,161,27,70,71,,A-10,Am. East,,,,,,
293386,1984-12-10,,1985,regular,,final,Furman,Bradley,93,29,47,59,,SoCon,MVC,,,,,,
293387,1984-12-10,,1985,regular,,final,Utah State,BYU,329,18,92,91,,Big West,UAC,,,,,,
293388,1984-12-10,,1985,regular,,final,Siena,Colgate,264,55,68,45,,Am. East,Am. East,,,,,,
293390,1984-12-10,,1985,regular,,final,San Diego State,UC Santa Barbara,257,311,84,69,,UAC,Big West,,,,,,
293391,1984-12-10,,1985,regular,,final,Dartmouth,Harvard,62,107,56,71,,Ivy,Ivy,,,,,,
293392,1984-12-10,,1985,regular,,final,Western Kentucky,Evansville,350,82,88,71,,Sun Belt,Horizon,,,,,,
293393,1984-12-10,,1985,regular,,final,Northern Arizona,Eastern Washington,206,80,83,68,,Big Sky,Indep.,,,,,,
293394,1984-12-10,,1985,regular,,final,Fordham,Seton Hall,91,263,74,70,,Metro,Big East,,,,,,
293395,1984-12-10,,1985,regular,,final,Georgia Tech,Georgia,101,98,59,60,,ACC,SEC,,,,,,
293396,1984-12-10,,1985,regular,,final,Hofstra,Marist,110,156,73,64,,,NEC,,,,,,
293397,1984-12-10,,1985,regular,,final,Iowa State,Indiana,125,121,67,69,,,Big Ten,,,,,,
293398,1984-12-10,,1985,regular,,final,Indiana State,Minnesota,122,173,94,86,,MVC,Big Ten,,,,,,
293399,1984-12-10,,1985,regular,,final,La Salle,Saint Joseph's,137,251,74,69,,Metro,A-10,,,,,,
293400,1984-12-10,,1985,regular,,final,U.S. International,Long Beach State,433,145,54,53,,Indep.,Big West,,,,,,
293401,1984-12-10,,1985,regular,,final,Lafayette,Manhattan,138,155,53,52,,,Metro,,,,,,
293402,1984-12-10,,1985,regular,,final,Maryland,Ohio State,160,216,76,73,,ACC,Big Ten,,,,,,
293403,1984-12-10,,1985,regular,,final,Ole Miss,Memphis,220,163,52,57,,SEC,,,,,,,
293404,1984-12-10,,1985,regular,,final,Montana,Washington State,179,344,53,54,,Big Sky,Pac-12,,,,,,
293405,1984-12-10,,1985,regular,,final,Mississippi State,Southern Miss,174,275,71,53,,SEC,,,,,,,
293406,1984-12-10,,1985,regular,,final,Niagara,Penn State (Beaver),194,1353,79,73,,Am. East,,,,,,,
293407,1984-12-10,,1985,regular,,final,UTEP,New Mexico State,327,192,83,62,,UAC,Big West,,,,,,
293408,1984-12-10,,1985,regular,,final,Tulane,SE Louisiana,303,246,73,62,,,Indep.,,,,,,
293409,1984-12-11,,1985,regular,,final,Bowling Green,Akron,28,3,64,53,,MAC,OVC,,,,,,
293410,1984-12-11,,1985,regular,,final,Cincinnati,UAB,51,305,69,67,,,Sun Belt,,,,,,
293411,1984-12-11,,1985,regular,,final,Georgetown,American University,97,8,86,64,,Big East,CAA,,,,,,
293412,1984-12-11,,1985,regular,,final,USC,Little Rock,323,144,76,68,,Pac-12,ASUN,,,,,,
293413,1984-12-11,,1985,regular,,final,Auburn,Radford,16,239,79,57,,SEC,Indep.,,,,,,
293414,1984-12-11,,1985,regular,,final,Augusta,Mercer,633,164,57,91,,,ASUN,,,,,,
293415,1984-12-11,,1985,regular,,final,Monmouth,Brooklyn,178,414,60,59,,Indep.,Indep.,,,,,,
293416,1984-12-11,,1985,regular,,final,Utica,Canisius,1325,42,69,61,,,Am. East,,,,,,
293418,1984-12-11,,1985,regular,,final,Miami (OH),Dayton,167,64,69,64,,MAC,Indep.,,,,,,
293419,1984-12-11,,1985,regular,,final,Penn State,DePaul,226,65,61,78,,A-10,Indep.,,,,,,
293420,1984-12-11,,1985,regular,,final,Michigan,Eastern Michigan,170,79,83,72,,Big Ten,MAC,,,,,,
293421,1984-12-11,,1985,regular,,final,Fresno State,New Orleans,92,193,50,32,,Big West,Indep.,,,,,,
293422,1984-12-11,,1985,regular,,final,Iowa,Georgia State,124,100,89,40,,Big Ten,ASUN,,,,,,
293423,1984-12-11,,1985,regular,,final,Grambling,Mississippi Valley State,103,175,60,77,,SWAC,SWAC,,,,,,
293424,1984-12-11,,1985,regular,,final,Iona,St. Francis Brooklyn,123,364,72,60,,Metro,NEC,,,,,,
293425,1984-12-11,,1985,regular,,final,Maine-Farmington,Valparaiso,1078,335,63,61,,,Summit,,,,,,
293426,1984-12-11,,1985,regular,,final,Western Illinois,Michigan State,349,169,61,93,,Summit,Big Ten,,,,,,
293427,1984-12-11,,1985,regular,,final,Southern Illinois,Murray State,273,184,60,66,,MVC,OVC,,,,,,
293428,1984-12-11,,1985,regular,,final,Nebraska,Wisconsin,188,355,53,51,,MVC,Big Ten,,,,,,
293429,1984-12-11,,1985,regular,,final,Niagara,Hartford,194,363,67,64,,Am. East,Am. East,,,,,,
293430,1984-12-11,,1985,regular,,final,Oral Roberts,Texas,222,295,82,71,,Horizon,,,,,,,
293431,1984-12-11,,1985,regular,,final,Rutgers,Wagner,245,341,70,64,,A-10,NEC,,,,,,
293432,1984-12-11,,1985,regular,,final,St. Bonaventure,Syracuse,277,286,59,71,,A-10,Big East,,,,,,
293433,1984-12-12,,1985,regular,,final,East Carolina,Campbell,74,41,58,56,,CAA,Indep.,,,,,,
293434,1984-12-12,,1985,regular,,final,Duquesne,Robert Morris,73,244,59,65,,A-10,NEC,,,,,,
293435,1984-12-12,,1985,regular,,final,Loyola Chicago,Long Island University,151,146,89,82,,Horizon,NEC,,,,,,
293436,1984-12-12,,1985,regular,,final,Maryland,Maryland Eastern Shore,160,159,87,48,,ACC,MEAC,,,,,,
293437,1984-12-12,,1985,regular,,final,Montana,UC Irvine,179,308,83,68,,Big Sky,Big West,,,,,,
293439,1984-12-13,,1985,regular,,final,Arkansas,Charleston Southern,12,47,74,55,,,Indep.,,,,,,
293440,1984-12-13,,1985,regular,,final,BYU,Missouri State,18,176,66,46,,UAC,Summit,,,,,,
293441,1984-12-13,,1985,regular,,final,Wyoming,Colorado,358,56,72,68,,UAC,,,,,,,
293442,1984-12-13,,1985,regular,,final,Wisconsin,Dartmouth,355,62,90,70,,Big Ten,Ivy,,,,,,
293443,1984-12-13,,1985,regular,,final,Drake,North Texas,70,204,63,59,,MVC,Southland,,,,,,
293444,1984-12-13,,1985,regular,,final,Louisiana,Drexel,148,71,71,52,,Indep.,,,,,,,
293445,1984-12-13,,1985,regular,,final,Marshall,Georgia Southern,158,99,70,69,,SoCon,ASUN,,,,,,
293447,1984-12-13,,1985,regular,,final,SMU,Idaho,248,117,90,71,,,Big Sky,,,,,,
293448,1984-12-13,,1985,regular,,final,Indiana,Western Kentucky,121,350,80,57,,Big Ten,Sun Belt,,,,,,
293453,1984-12-13,,1985,regular,,final,Tennessee,Southern Miss,292,275,89,73,,SEC,,,,,,,
293455,1984-12-13,,1985,regular,,final,Utah State,Weber State,329,345,104,83,,Big West,Big Sky,,,,,,
293456,1984-12-14,,1985,regular,,final,Akron,Maryland Eastern Shore,3,159,67,53,,OVC,MEAC,,,,,,
293457,1984-12-14,,1985,regular,,final,UAB,East Tennessee State,305,75,72,57,,Sun Belt,SoCon,,,,,,
293458,1984-12-14,,1985,regular,,final,Toledo,Alcorn State,300,7,82,70,,MAC,SWAC,,,,,,
293460,1984-12-14,,1985,regular,,final,Rutgers,American University,245,8,89,70,,A-10,CAA,,,,,,
293462,1984-12-14,,1985,regular,,final,Evansville,Little Rock,82,144,72,65,,Horizon,ASUN,,,,,,
293463,1984-12-14,,1985,regular,,final,Arizona State,Northern Arizona,10,206,67,61,,Pac-12,Big Sky,,,,,,
293464,1984-12-14,,1985,regular,,final,Eastern Kentucky,Augusta,78,633,87,64,,OVC,,,,,,,
293465,1984-12-14,,1985,regular,,final,Tennessee State,Austin Peay,290,17,63,65,,Indep.,OVC,,,,,,
293466,1984-12-14,,1985,regular,,final,Ball State,Indiana State,19,122,86,91,,MAC,MVC,,,,,,
293467,1984-12-14,,1985,regular,,final,Jacksonville,Bethune-Cookman,127,23,86,66,,Sun Belt,MEAC,,,,,,
293468,1984-12-14,,1985,regular,,final,Bowling Green,Morehead State,28,181,66,60,,MAC,OVC,,,,,,
293469,1984-12-14,,1985,regular,,final,Holy Cross,Boston College,111,26,63,85,,Metro,Big East,,,,,,
293470,1984-12-14,,1985,regular,,final,Boise State,Oregon State,25,224,59,74,,Big Sky,Pac-12,,,,,,
293471,1984-12-14,,1985,regular,,final,Bradley,Loyola Chicago,29,151,48,59,,MVC,Horizon,,,,,,
293472,1984-12-14,,1985,regular,,final,Maine-Farmington,Brooklyn,1078,414,64,63,,,Indep.,,,,,,
293473,1984-12-14,,1985,regular,,final,BYU,Hofstra,18,110,86,76,,UAC,,,,,,,
293475,1984-12-14,,1985,regular,,final,South Carolina,UCF,266,312,89,46,,,Indep.,,,,,,
293476,1984-12-14,,1985,regular,,final,Clemson,Middle Tennessee,52,171,81,75,,ACC,OVC,,,,,,
293477,1984-12-14,,1985,regular,,final,Kent State,Cleveland State,134,53,79,69,,MAC,Summit,,,,,,
293478,1984-12-14,,1985,regular,,final,UConn,Rhode Island,314,240,93,63,,Big East,A-10,,,,,,
293479,1984-12-14,,1985,regular,,final,UC Santa Barbara,Loyola Marymount,311,153,78,68,,Big West,WCC,,,,,,
293481,1984-12-14,,1985,regular,,final,VCU,Dayton,333,64,71,61,,Sun Belt,Indep.,,,,,,
293482,1984-12-14,,1985,regular,,final,Georgetown,DePaul,97,65,77,57,,Big East,Indep.,,,,,,
293483,1984-12-14,,1985,regular,,final,Illinois State,Detroit Mercy,119,69,76,73,,MVC,Horizon,,,,,,
293484,1984-12-14,,1985,regular,,final,Drake,Texas A&M,70,293,49,66,,MVC,,,,,,,
293486,1984-12-14,,1985,regular,,final,Iona,Duquesne,123,73,81,67,,Metro,A-10,,,,,,
293487,1984-12-14,,1985,regular,,final,Weber State,Eastern Washington,345,80,98,47,,Big Sky,Indep.,,,,,,
293488,1984-12-14,,1985,regular,,final,Fairfield,New Hampshire,83,190,73,64,,Metro,Am. East,,,,,,
293489,1984-12-14,,1985,regular,,final,Charlotte,Furman,48,93,71,65,,Sun Belt,SoCon,,,,,,
293490,1984-12-14,,1985,regular,,final,Georgia,Georgia State,98,100,89,53,,SEC,ASUN,,,,,,
293491,1984-12-14,,1985,regular,,final,NC State,Georgia Tech,185,101,64,66,,ACC,ACC,,,,,,
293492,1984-12-14,,1985,regular,,final,Grambling,Nicholls,103,195,63,73,,SWAC,,,,,,,
293493,1984-12-14,,1985,regular,,final,Harvard,Manhattan,107,155,56,51,,Ivy,Metro,,,,,,
293494,1984-12-14,,1985,regular,,final,Wyoming,Hardin-Simmons,358,772,51,44,,UAC,,,,,,,
293495,1984-12-14,,1985,regular,,final,Kansas,Houston,131,113,87,75,,,,,,,,,
293497,1984-12-14,,1985,regular,,final,UIC,Long Island University,315,146,66,62,,Summit,NEC,,,,,,
293498,1984-12-14,,1985,regular,,final,Illinois,South Carolina State,118,267,83,47,,Big Ten,MEAC,,,,,,
293499,1984-12-14,,1985,regular,,final,Indiana,Saint Joseph's,121,251,81,44,,Big Ten,A-10,,,,,,
293501,1984-12-14,,1985,regular,,final,Old Dominion,James Madison,219,129,65,57,,CAA,CAA,,,,,,
293502,1984-12-14,,1985,regular,,final,Louisville,Kentucky,150,135,71,64,,,SEC,,,,,,
293503,1984-12-14,,1985,regular,,final,Marquette,Kansas State,157,132,54,55,,Indep.,,,,,,,
293504,1984-12-14,,1985,regular,,final,UTEP,Lamar,327,139,69,62,,UAC,Southland,,,,,,
293505,1984-12-14,,1985,regular,,final,La Salle,Temple,137,289,54,65,,Metro,A-10,,,,,,
293506,1984-12-14,,1985,regular,,final,Long Beach State,San Diego State,145,257,60,62,,Big West,UAC,,,,,,
293507,1984-12-14,,1985,regular,,final,Marshall,Louisiana Tech,158,149,63,69,,SoCon,Southland,,,,,,
293508,1984-12-14,,1985,regular,,final,Massachusetts,Northeastern,161,205,67,66,,A-10,Am. East,,,,,,
293509,1984-12-14,,1985,regular,,final,Mississippi State,Memphis,174,163,59,68,,SEC,,,,,,,
293510,1984-12-14,,1985,regular,,final,Morgan State,Saint Peter's,182,254,68,103,,MEAC,Metro,,,,,,
293511,1984-12-14,,1985,regular,,final,Oregon,Minnesota,223,173,53,57,,Pac-12,Big Ten,,,,,,
293512,1984-12-14,,1985,regular,,final,Ole Miss,New Orleans,220,193,55,51,,SEC,Indep.,,,,,,
293513,1984-12-14,,1985,regular,,final,Marist,Monmouth,156,178,72,54,,NEC,Indep.,,,,,,
293514,1984-12-14,,1985,regular,,final,Michigan State,Missouri,169,177,79,61,,Big Ten,,,,,,,
293515,1984-12-14,,1985,regular,,final,Southern Illinois,Mississippi Valley State,273,175,92,76,,MVC,SWAC,,,,,,
293516,1984-12-14,,1985,regular,,final,Texas Tech,Nebraska,298,188,74,79,,,MVC,,,,,,
293517,1984-12-14,,1985,regular,,final,Niagara,St. John's,194,279,62,59,,Am. East,Big East,,,,,,
293518,1984-12-14,,1985,regular,,final,Northwestern,Northern Illinois,212,208,64,59,,Big Ten,MAC,,,,,,
293520,1984-12-14,,1985,regular,,final,TCU,Oklahoma City,287,1476,71,60,,,,,,,,,
293521,1984-12-14,,1985,regular,,final,SMU,Oklahoma State,248,218,82,65,,,,,,,,,
293522,1984-12-14,,1985,regular,,final,Ohio State,Tulane,216,303,76,71,,Big Ten,,,,,,,
293523,1984-12-14,,1985,regular,,final,Penn State (Beaver),Villanova,1353,338,67,80,,,Big East,,,,,,
293524,1984-12-14,,1985,regular,,final,Pittsburgh,West Virginia,229,347,84,65,,Big East,A-10,,,,,,
293525,1984-12-14,,1985,regular,,final,Prairie View A&M,Texas A&M-San Antonio,232,583,58,69,,SWAC,,,,,,,
293526,1984-12-14,,1985,regular,,final,Vanderbilt,Princeton,336,234,68,47,,SEC,Ivy,,,,,,
293527,1984-12-14,,1985,regular,,final,Rider,St. Francis Brooklyn,243,364,71,66,,,NEC,,,,,,
293528,1984-12-14,,1985,regular,,final,Youngstown State,South Alabama,361,265,74,73,,OVC,Sun Belt,,,,,,
293529,1984-12-14,,1985,regular,,final,Louisiana,SE Louisiana,148,246,80,83,,Indep.,Indep.,,,,,,
293530,1984-12-14,,1985,regular,,final,Seton Hall,Hartford,263,363,89,63,,Big East,Am. East,,,,,,
293531,1984-12-14,,1985,regular,,final,Xavier,South Florida,359,271,50,61,,Horizon,Sun Belt,,,,,,
293533,1984-12-14,,1985,regular,,final,Tennessee,Virginia Tech,292,340,86,75,,SEC,,,,,,,
293534,1984-12-14,,1985,regular,,final,Portland,UC Irvine,230,308,86,69,,WCC,Big West,,,,,,
293535,1984-12-14,,1985,regular,,final,UCLA,U.S. International,313,433,98,50,,Pac-12,Indep.,,,,,,
293536,1984-12-14,,1985,regular,,final,Wake Forest,North Carolina,342,200,73,79,,ACC,ACC,,,,,,
293537,1984-12-14,,1985,regular,,final,Nevada,Pepperdine,189,228,94,89,,Big Sky,WCC,,,,,,
293538,1984-12-14,,1985,regular,,final,Tennessee Tech,Chattanooga,291,49,64,59,,OVC,SoCon,,,,,,
293539,1984-12-15,,1985,regular,,final,Northwestern State,Chicago State,211,50,78,90,,,Indep.,,,,,,
293540,1984-12-16,,1985,regular,,final,Eastern Michigan,Akron,79,3,68,53,,MAC,OVC,,,,,,
293541,1984-12-16,,1985,regular,,final,Utah,Alabama,331,5,57,73,,UAC,SEC,,,,,,
293542,1984-12-16,,1985,regular,,final,UAB,Mississippi State,305,174,65,63,,Sun Belt,SEC,,,,,,
293543,1984-12-16,,1985,regular,,final,Michigan,Alcorn State,170,7,84,81,,Big Ten,SWAC,,,,,,
293544,1984-12-16,,1985,regular,,final,Arizona,Minnesota,11,173,79,88,,Pac-12,Big Ten,,,,,,
293545,1984-12-16,,1985,regular,,final,Georgia State,Augusta,100,633,73,69,,ASUN,,,,,,,
293546,1984-12-16,,1985,regular,,final,Georgia,Charleston Southern,98,47,85,48,,SEC,Indep.,,,,,,
293547,1984-12-16,,1985,regular,,final,SMU,Campbell,248,41,90,70,,,Indep.,,,,,,
293548,1984-12-16,,1985,regular,,final,Dayton,UCF,64,312,71,61,,Indep.,Indep.,,,,,,
293549,1984-12-16,,1985,regular,,final,McNeese,Chicago State,162,50,57,68,,Southland,Indep.,,,,,,
293550,1984-12-16,,1985,regular,,final,UC Santa Barbara,Pepperdine,311,228,63,65,,Big West,WCC,,,,,,
293551,1984-12-16,,1985,regular,,final,U.S. International,Colorado State,433,57,41,72,,Indep.,UAC,,,,,,
293552,1984-12-16,,1985,regular,,final,Duke,Davidson,72,63,82,65,,ACC,SoCon,,,,,,
293553,1984-12-16,,1985,regular,,final,Drake,Tulane,70,303,58,56,,MVC,,,,,,,
293554,1984-12-16,,1985,regular,,final,Tulsa,Drexel,304,71,86,62,,MVC,,,,,,,
293555,1984-12-16,,1985,regular,,final,Vanderbilt,Eastern Kentucky,336,78,73,59,,SEC,OVC,,,,,,
293556,1984-12-16,,1985,regular,,final,Purdue,Evansville,236,82,82,57,,Big Ten,Horizon,,,,,,
293557,1984-12-16,,1985,regular,,final,New Orleans,George Mason,193,95,87,67,,Indep.,CAA,,,,,,
293558,1984-12-16,,1985,regular,,final,Gonzaga,Montana State,102,180,78,65,,WCC,Big Sky,,,,,,
293559,1984-12-16,,1985,regular,,final,Houston Christian,Nicholls,112,195,62,61,,ASUN,,,,,,,
293560,1984-12-16,,1985,regular,,final,Kent State,Memphis,134,163,57,74,,MAC,,,,,,,
293561,1984-12-16,,1985,regular,,final,Northwestern State,Louisiana Tech,211,149,50,78,,,Southland,,,,,,
293562,1984-12-16,,1985,regular,,final,Marshall,Ohio,158,215,71,76,,SoCon,MAC,,,,,,
293563,1984-12-16,,1985,regular,,final,New Mexico State,New Mexico,192,191,72,87,,Big West,UAC,,,,,,
293564,1984-12-16,,1985,regular,,final,Tennessee Tech,Southern Miss,291,275,72,67,,OVC,,,,,,,
293566,1984-12-17,,1985,regular,,final,Bowling Green,Princeton,28,234,60,59,,MAC,Ivy,,,,,,
293567,1984-12-17,,1985,regular,,final,California,Dartmouth,40,62,71,44,,Pac-12,Ivy,,,,,,
293568,1984-12-17,,1985,regular,,final,TCU,Campbell,287,41,58,42,,,Indep.,,,,,,
293569,1984-12-17,,1985,regular,,final,SE Louisiana,Chicago State,246,50,85,72,,Indep.,Indep.,,,,,,
293571,1984-12-17,,1985,regular,,final,Hawai'i,Creighton,108,61,77,79,,UAC,MVC,,,,,,
293572,1984-12-17,,1985,regular,,final,Georgia Tech,North Carolina A&T,101,198,81,43,,ACC,MEAC,,,,,,
293573,1984-12-17,,1985,regular,,final,George Washington,Michigan State,96,169,54,68,,A-10,Big Ten,,,,,,
293574,1984-12-17,,1985,regular,,final,Loyola Marymount,UIC,153,315,58,59,,WCC,Summit,,,,,,
293575,1984-12-17,,1985,regular,,final,Loyola Chicago,Toledo,151,300,78,66,,Horizon,MAC,,,,,,
293576,1984-12-17,,1985,regular,,final,Tennessee,Charlotte,292,48,86,76,,SEC,Sun Belt,,,,,,
293577,1984-12-17,,1985,regular,,final,Oklahoma State,Oral Roberts,218,222,92,71,,,Horizon,,,,,,
293578,1984-12-17,,1985,regular,,final,Santa Clara,Oregon State,261,224,62,64,,WCC,Pac-12,,,,,,
293579,1984-12-17,,1985,regular,,final,South Florida,Youngstown State,271,361,63,56,,Sun Belt,OVC,,,,,,
293580,1984-12-17,,1985,regular,,final,Saint Mary's,Stanford,253,281,61,56,,WCC,Pac-12,,,,,,
293581,1984-12-17,,1985,regular,,final,UNLV,Nevada,322,189,86,77,,Big West,Big Sky,,,,,,
293582,1984-12-18,,1985,regular,,final,Radford,Augusta,239,633,64,51,,Indep.,,,,,,,
293583,1984-12-18,,1985,regular,,final,Mercer,Bethune-Cookman,164,23,75,60,,ASUN,MEAC,,,,,,
293584,1984-12-18,,1985,regular,,final,Tulane,Brooklyn,303,414,87,55,,,Indep.,,,,,,
293585,1984-12-18,,1985,regular,,final,BYU,UCLA,18,313,89,81,,UAC,Pac-12,,,,,,
293586,1984-12-18,,1985,regular,,final,Ohio State,UCF,216,312,83,59,,Big Ten,Indep.,,,,,,
293587,1984-12-18,,1985,regular,,final,Chicago State,Howard,50,114,78,66,,Indep.,MEAC,,,,,,
293588,1984-12-18,,1985,regular,,final,Furman,Clemson,93,52,53,55,,SoCon,ACC,,,,,,
293589,1984-12-18,,1985,regular,,final,UT Arlington,Colorado State,324,57,77,89,,Southland,UAC,,,,,,
293590,1984-12-18,,1985,regular,,final,Western Michigan,DePaul,351,65,65,64,,MAC,Indep.,,,,,,
293591,1984-12-18,,1985,regular,,final,Detroit Mercy,Eastern Michigan,69,79,85,80,,Horizon,MAC,,,,,,
293592,1984-12-18,,1985,regular,,final,Northwestern,Duke,212,72,55,76,,Big Ten,ACC,,,,,,
293593,1984-12-18,,1985,regular,,final,Wake Forest,East Carolina,342,74,83,57,,ACC,CAA,,,,,,
293594,1984-12-18,,1985,regular,,final,Eastern Washington,Montana State,80,180,81,73,,Indep.,Big Sky,,,,,,
293595,1984-12-18,,1985,regular,,final,Florida A&M,Grambling,85,103,81,72,,Indep.,SWAC,,,,,,
293596,1984-12-18,,1985,regular,,final,Providence,Fairleigh Dickinson,235,84,53,55,,Big East,NEC,,,,,,
293597,1984-12-18,,1985,regular,,final,Georgetown,Morgan State,97,182,89,62,,Big East,MEAC,,,,,,
293598,1984-12-18,,1985,regular,,final,Mississippi Valley State,Samford,175,256,89,76,,SWAC,ASUN,,,,,,
293599,1984-12-18,,1985,regular,,final,NC State,St. Francis (PA),185,278,82,64,,ACC,NEC,,,,,,
293600,1984-12-18,,1985,regular,,final,South Alabama,New Orleans,265,193,76,85,,Sun Belt,Indep.,,,,,,
293601,1984-12-18,,1985,regular,,final,SMU,North Texas,248,204,90,45,,,Southland,,,,,,
293602,1984-12-18,,1985,regular,,final,Northwestern State,Southern,211,274,76,79,,,SWAC,,,,,,
293603,1984-12-18,,1985,regular,,final,Virginia Tech,Rider,340,243,107,74,,,,,,,,,
293604,1984-12-19,,1985,regular,,final,Alabama,Youngstown State,5,361,88,69,,SEC,OVC,,,,,,
293605,1984-12-19,,1985,regular,,final,Bradley,Alcorn State,29,7,79,72,,MVC,SWAC,,,,,,
293607,1984-12-19,,1985,regular,,final,Baylor,Campbell,20,41,91,71,,,Indep.,,,,,,
293608,1984-12-19,,1985,regular,,final,Washington,Boise State,343,25,79,53,,Pac-12,Big Sky,,,,,,
293609,1984-12-19,,1985,regular,,final,Washington State,UC Santa Barbara,344,311,80,69,,Pac-12,Big West,,,,,,
293610,1984-12-19,,1985,regular,,final,Richmond,Drexel,242,71,85,52,,CAA,,,,,,,
293611,1984-12-19,,1985,regular,,final,Tennessee,Eastern Kentucky,292,78,98,74,,SEC,OVC,,,,,,
293612,1984-12-19,,1985,regular,,final,Cal State Fullerton,Montana,37,179,59,60,,Big West,Big Sky,,,,,,
293613,1984-12-19,,1985,regular,,final,Holy Cross,Marquette,111,157,67,74,,Metro,Indep.,,,,,,
293615,1984-12-19,,1985,regular,,final,Murray State,Tennessee State,184,290,76,56,,OVC,Indep.,,,,,,
293616,1984-12-19,,1985,regular,,final,U.S. International,UL Monroe,433,316,38,63,,Indep.,Southland,,,,,,
293617,1984-12-19,,1985,regular,,final,New Mexico State,Weber State,192,345,56,62,,Big West,Big Sky,,,,,,
293618,1984-12-19,,1985,regular,,final,Purdue,Southern Illinois,236,273,75,66,,Big Ten,MVC,,,,,,
293619,1984-12-19,,1985,regular,,final,UC Irvine,Pepperdine,308,228,92,91,,Big West,WCC,,,,,,
293621,1984-12-19,,1985,regular,,final,UNLV,Louisiana,322,148,84,55,,Big West,Indep.,,,,,,
293622,1984-12-19,,1985,regular,,final,Utah,Nevada,331,189,84,75,,UAC,Big Sky,,,,,,
293623,1984-12-20,,1985,regular,,final,UAB,Austin Peay,305,17,80,68,,Sun Belt,OVC,,,,,,
293624,1984-12-20,,1985,regular,,final,New Mexico,Arizona,191,11,59,58,,UAC,Pac-12,,,,,,
293627,1984-12-20,,1985,regular,,final,Georgia Tech,Augusta,101,633,84,53,,ACC,,,,,,,
293628,1984-12-20,,1985,regular,,final,Ball State,Georgia State,19,100,115,58,,MAC,ASUN,,,,,,
293631,1984-12-20,,1985,regular,,final,Chattanooga,Delaware,49,66,85,67,,SoCon,,,,,,,
293632,1984-12-20,,1985,regular,,final,Drexel,Villanova,71,338,55,63,,,Big East,,,,,,
293633,1984-12-20,,1985,regular,,final,Kentucky,East Tennessee State,135,75,69,54,,SEC,SoCon,,,,,,
293634,1984-12-20,,1985,regular,,final,Evansville,Howard,82,114,84,72,,Horizon,MEAC,,,,,,
293635,1984-12-20,,1985,regular,,final,Tulane,Florida A&M,303,85,89,56,,,Indep.,,,,,,
293638,1984-12-20,,1985,regular,,final,Vermont,Harvard,337,107,58,79,,Am. East,Ivy,,,,,,
293639,1984-12-20,,1985,regular,,final,Hawai'i,Oregon State,108,224,81,64,,UAC,Pac-12,,,,,,
293641,1984-12-20,,1985,regular,,final,Hofstra,Charlotte,110,48,77,70,,,Sun Belt,,,,,,
293642,1984-12-20,,1985,regular,,final,Houston,Portland,113,230,88,63,,,WCC,,,,,,
293644,1984-12-20,,1985,regular,,final,Jacksonville,Niagara,127,194,73,61,,Sun Belt,Am. East,,,,,,
293645,1984-12-20,,1985,regular,,final,Rice,Lamar,241,139,62,55,,,Southland,,,,,,
293646,1984-12-20,,1985,regular,,final,Stanford,Loyola Marymount,281,153,67,59,,Pac-12,WCC,,,,,,
293647,1984-12-20,,1985,regular,,final,LSU,New Orleans,136,193,78,64,,SEC,Indep.,,,,,,
293648,1984-12-20,,1985,regular,,final,UNLV,McNeese,322,162,84,73,,Big West,Southland,,,,,,
293650,1984-12-20,,1985,regular,,final,Wyoming,Oregon,358,223,60,58,,UAC,Pac-12,,,,,,
293651,1984-12-20,,1985,regular,,final,Pacific,San Diego,225,258,47,53,,Big West,WCC,,,,,,
293652,1984-12-20,,1985,regular,,final,Texas Pan American,Texas State,1535,297,73,53,,,,,,,,,
293654,1984-12-20,,1985,regular,,final,Southern Miss,South Alabama,275,265,58,67,,,Sun Belt,,,,,,
293657,1984-12-21,,1985,regular,,final,Akron,Kent State,3,134,52,56,,OVC,MAC,,,,,,
293658,1984-12-21,,1985,regular,,final,UAB,George Mason,305,95,60,61,,Sun Belt,CAA,,,,,,
293659,1984-12-21,,1985,regular,,final,Oral Roberts,Arkansas,222,12,57,64,,Horizon,,,,,,,
293660,1984-12-21,,1985,regular,,final,Jackson State,Arkansas State,126,13,64,66,,SWAC,Southland,,,,,,
293664,1984-12-21,,1985,regular,,final,Ball State,Rider,19,243,85,63,,MAC,,,,,,,
293665,1984-12-21,,1985,regular,,final,Wyoming,Boise State,358,25,55,57,,UAC,Big Sky,,,,,,
293666,1984-12-21,,1985,regular,,final,Hartford,Boston University,363,27,66,90,,Am. East,Am. East,,,,,,
293667,1984-12-21,,1985,regular,,final,Toledo,Bradley,300,29,76,78,,MAC,MVC,,,,,,
293668,1984-12-21,,1985,regular,,final,BYU,Washington,18,343,84,75,,UAC,Pac-12,,,,,,
293669,1984-12-21,,1985,regular,,final,California,Montana State,40,180,73,45,,Pac-12,Big Sky,,,,,,
293670,1984-12-21,,1985,regular,,final,Georgia Southern,Campbell,99,41,54,50,,ASUN,Indep.,,,,,,
293671,1984-12-21,,1985,regular,,final,Kentucky,Cincinnati,135,51,66,55,,SEC,,,,,,,
293672,1984-12-21,,1985,regular,,final,Evansville,Central Michigan,82,45,82,66,,Horizon,MAC,,,,,,
293673,1984-12-21,,1985,regular,,final,Iowa State,Colorado State,125,57,85,49,,,UAC,,,,,,
293674,1984-12-21,,1985,regular,,final,South Florida,Dayton,271,64,66,71,,Sun Belt,Indep.,,,,,,
293675,1984-12-21,,1985,regular,,final,DePaul,Northwestern,65,212,61,56,,Indep.,Big Ten,,,,,,
293676,1984-12-21,,1985,regular,,final,Minnesota,Detroit Mercy,173,69,67,77,,Big Ten,Horizon,,,,,,
293677,1984-12-21,,1985,regular,,final,Saint Louis,Drake,252,70,62,65,,Horizon,MVC,,,,,,
293678,1984-12-21,,1985,regular,,final,Fairleigh Dickinson,Delaware State,84,67,72,56,,NEC,MEAC,,,,,,
293679,1984-12-21,,1985,regular,,final,Furman,Eastern Kentucky,93,78,54,63,,SoCon,OVC,,,,,,
293680,1984-12-21,,1985,regular,,final,Youngstown State,Eastern Michigan,361,79,70,74,,OVC,MAC,,,,,,
293682,1984-12-21,,1985,regular,,final,Eastern Washington,Montana,80,179,70,77,,Indep.,Big Sky,,,,,,
293683,1984-12-21,,1985,regular,,final,Florida,Stetson,87,283,70,54,,SEC,Indep.,,,,,,
293684,1984-12-21,,1985,regular,,final,Siena,Fordham,264,91,69,83,,Am. East,Metro,,,,,,
293685,1984-12-21,,1985,regular,,final,Fairfield,Lehigh,83,141,75,79,,Metro,,,,,,,
293686,1984-12-21,,1985,regular,,final,Cal State Fullerton,Pepperdine,37,228,81,75,,Big West,WCC,,,,,,
293687,1984-12-21,,1985,regular,,final,Georgia,Robert Morris,98,244,99,62,,SEC,NEC,,,,,,
293689,1984-12-21,,1985,regular,,final,George Washington,Kansas,96,131,70,76,,A-10,,,,,,,
293690,1984-12-21,,1985,regular,,final,Texas A&M-San Antonio,Grambling,583,103,81,59,,,SWAC,,,,,,
293691,1984-12-21,,1985,regular,,final,New Mexico,Georgetown,191,97,61,69,,UAC,Big East,,,,,,
293693,1984-12-21,,1985,regular,,final,Texas Pan American,Houston Christian,1535,112,60,59,,,ASUN,,,,,,
293694,1984-12-21,,1985,regular,,final,Houston,Saint Mary's,113,253,66,63,,,WCC,,,,,,
293696,1984-12-21,,1985,regular,,final,Idaho State,Utah State,116,329,85,94,,Big Sky,Big West,,,,,,
293697,1984-12-21,,1985,regular,,final,UIC,Michigan State,315,169,60,81,,Summit,Big Ten,,,,,,
293698,1984-12-21,,1985,regular,,final,Loyola Chicago,Illinois,151,118,63,62,,Horizon,Big Ten,,,,,,
293700,1984-12-21,,1985,regular,,final,Kansas State,Indiana,132,121,58,70,,,Big Ten,,,,,,
293701,1984-12-21,,1985,regular,,final,Indiana State,Vanderbilt,122,336,88,77,,MVC,SEC,,,,,,
293702,1984-12-21,,1985,regular,,final,Memphis,Iona,163,123,76,62,,,Metro,,,,,,
293703,1984-12-21,,1985,regular,,final,Iowa,South Carolina,124,266,88,78,,Big Ten,,,,,,,
293704,1984-12-21,,1985,regular,,final,Jacksonville,Ole Miss,127,220,71,47,,Sun Belt,SEC,,,,,,
293705,1984-12-21,,1985,regular,,final,Lamar,Weber State,139,345,56,51,,Southland,Big Sky,,,,,,
293706,1984-12-21,,1985,regular,,final,La Salle,Villanova,137,338,63,80,,Metro,Big East,,,,,,
293707,1984-12-21,,1985,regular,,final,Loyola Maryland,Maryland,152,160,74,88,,NEC,ACC,,,,,,
293708,1984-12-21,,1985,regular,,final,LSU,UNC Wilmington,136,321,88,65,,SEC,CAA,,,,,,
293709,1984-12-21,,1985,regular,,final,St. Francis Brooklyn,Manhattan,364,155,64,69,,NEC,Metro,,,,,,
293710,1984-12-21,,1985,regular,,final,Mercer,Tennessee Tech,164,291,81,76,,ASUN,OVC,,,,,,
293711,1984-12-21,,1985,regular,,final,Michigan,Rutgers,170,245,93,77,,Big Ten,A-10,,,,,,
293712,1984-12-21,,1985,regular,,final,Xavier,Miami (OH),359,167,88,85,,Horizon,MAC,,,,,,
293713,1984-12-21,,1985,regular,,final,Marshall,Morehead State,158,181,79,73,,SoCon,OVC,,,,,,
293714,1984-12-21,,1985,regular,,final,Ohio State,Missouri,216,177,88,77,,Big Ten,,,,,,,
293715,1984-12-21,,1985,regular,,final,Nebraska,Washington State,188,344,58,63,,MVC,Pac-12,,,,,,
293716,1984-12-21,,1985,regular,,final,U.S. International,UL Monroe,433,316,42,85,,Indep.,Southland,,,,,,
293718,1984-12-21,,1985,regular,,final,Samford,Nicholls,256,195,88,76,,ASUN,,,,,,,
293720,1984-12-21,,1985,regular,,final,New Mexico State,Oregon,192,223,51,55,,Big West,Pac-12,,,,,,
293721,1984-12-21,,1985,regular,,final,Tulsa,Oklahoma State,304,218,96,83,,MVC,,,,,,,
293722,1984-12-21,,1985,regular,,final,Pacific,Texas A&M,225,293,62,79,,Big West,,,,,,,
293723,1984-12-21,,1985,regular,,final,Saint Joseph's,Penn State (Beaver),251,1353,59,57,,A-10,,,,,,,
293725,1984-12-21,,1985,regular,,final,Tennessee,Richmond,292,242,77,64,,SEC,CAA,,,,,,
293726,1984-12-21,,1985,regular,,final,San Diego State,Texas,257,295,71,65,,UAC,,,,,,,
293727,1984-12-21,,1985,regular,,final,San José State,Santa Clara,260,261,74,67,,Big West,WCC,,,,,,
293729,1984-12-21,,1985,regular,,final,Seton Hall,Saint Peter's,263,254,58,57,,Big East,Metro,,,,,,
293730,1984-12-21,,1985,regular,,final,Syracuse,Utica,286,1325,84,63,,Big East,,,,,,,
293731,1984-12-21,,1985,regular,,final,Wake Forest,Temple,342,289,61,71,,ACC,A-10,,,,,,
293732,1984-12-21,,1985,regular,,final,USC,Utah,323,331,78,65,,Pac-12,UAC,,,,,,
293733,1984-12-21,,1985,regular,,final,Chattanooga,VCU,49,333,58,74,,SoCon,Sun Belt,,,,,,
293734,1984-12-21,,1985,regular,,final,UTEP,Texas Southern,327,296,62,63,,UAC,SWAC,,,,,,
293735,1984-12-21,,1985,regular,,final,West Virginia,Virginia Tech,347,340,63,65,,A-10,,,,,,,
293736,1984-12-22,,1985,regular,,final,Little Rock,Northwestern State,144,211,68,52,,ASUN,,,,,,,
293737,1984-12-22,,1985,regular,,final,Providence,Brown,235,30,71,67,,Big East,Ivy,,,,,,
293738,1984-12-22,,1985,regular,,final,Duquesne,Canisius,73,42,74,77,,A-10,Am. East,,,,,,
293739,1984-12-22,,1985,regular,,final,Middle Tennessee,Western Kentucky,171,350,50,60,,OVC,Sun Belt,,,,,,
293741,1984-12-23,,1985,regular,,final,Jackson State,Tennessee State,126,290,79,63,,SWAC,Indep.,,,,,,
293743,1984-12-24,,1985,regular,,final,Hawai'i,Cornell,108,60,66,58,,UAC,Ivy,,,,,,
293750,1984-12-25,,1985,regular,,final,Green Bay,Gonzaga,105,102,53,52,,Summit,WCC,,,,,,
293751,1984-12-25,,1985,regular,,final,Hawai'i,Maryland,108,160,71,79,,UAC,ACC,,,,,,
293752,1984-12-25,,1985,regular,,final,Minnesota,Marquette,173,157,70,62,,Big Ten,Indep.,,,,,,
293754,1984-12-26,,1985,regular,,final,New Orleans,Alabama,193,5,55,73,,Indep.,SEC,,,,,,
293755,1984-12-26,,1985,regular,,final,South Alabama,Alabama State,265,6,90,85,,Sun Belt,SWAC,,,,,,
293757,1984-12-26,,1985,regular,,final,Little Rock,SE Louisiana,144,246,82,73,,ASUN,Indep.,,,,,,
293758,1984-12-26,,1985,regular,,final,UNLV,Arkansas State,322,13,78,71,,Big West,Southland,,,,,,
293759,1984-12-26,,1985,regular,,final,Northwestern,Butler,212,34,61,58,,Big Ten,Horizon,,,,,,
293760,1984-12-26,,1985,regular,,final,Portland,California,230,40,51,55,,WCC,Pac-12,,,,,,
293761,1984-12-26,,1985,regular,,final,Youngstown State,Cleveland State,361,53,70,63,,OVC,Summit,,,,,,
293762,1984-12-26,,1985,regular,,final,Colorado,Texas Tech,56,298,75,76,,,,,,,,,
293764,1984-12-26,,1985,regular,,final,DePaul,Creighton,65,61,87,58,,Indep.,MVC,,,,,,
293766,1984-12-26,,1985,regular,,final,Eastern Washington,Saint Louis,80,252,80,74,,Indep.,Horizon,,,,,,
293770,1984-12-26,,1985,regular,,final,Hawai'i,Washington,108,343,63,81,,UAC,Pac-12,,,,,,
293772,1984-12-26,,1985,regular,,final,Tennessee,Lafayette,292,138,77,58,,SEC,,,,,,,
293773,1984-12-26,,1985,regular,,final,Saint Peter's,Monmouth,254,178,63,53,,Metro,Indep.,,,,,,
293782,1984-12-27,,1985,regular,,final,Texas,Army,295,15,69,57,,,Metro,,,,,,
293788,1984-12-27,,1985,regular,,final,Dayton,Brown,64,30,88,65,,Indep.,Ivy,,,,,,
293791,1984-12-27,,1985,regular,,final,Santa Clara,Cincinnati,261,51,80,65,,WCC,,,,,,,
293792,1984-12-27,,1985,regular,,final,USC,The Citadel,323,299,95,62,,Pac-12,SoCon,,,,,,
293794,1984-12-27,,1985,regular,,final,Utica,Colgate,1325,55,51,43,,,Am. East,,,,,,
293795,1984-12-27,,1985,regular,,final,Vanderbilt,Columbia,336,58,73,59,,SEC,Ivy,,,,,,
293798,1984-12-27,,1985,regular,,final,South Florida,Dartmouth,271,62,90,54,,Sun Belt,Ivy,,,,,,
293799,1984-12-27,,1985,regular,,final,Portland,Davidson,230,63,51,49,,WCC,SoCon,,,,,,
293800,1984-12-27,,1985,regular,,final,Siena,Delaware,264,66,94,69,,Am. East,,,,,,,
293803,1984-12-27,,1985,regular,,final,Tulsa,East Carolina,304,74,86,63,,MVC,CAA,,,,,,
293804,1984-12-27,,1985,regular,,final,Utah,Eastern Kentucky,331,78,69,62,,UAC,OVC,,,,,,
293805,1984-12-27,,1985,regular,,final,Marshall,Eastern Michigan,158,79,62,63,,SoCon,MAC,,,,,,
293814,1984-12-27,,1985,regular,,final,San Diego,Hardin-Simmons,258,772,70,65,,WCC,,,,,,,
293815,1984-12-27,,1985,regular,,final,Toledo,Idaho,300,117,87,80,,MAC,Big Sky,,,,,,
293818,1984-12-27,,1985,regular,,final,UNLV,Kansas State,322,132,77,68,,Big West,,,,,,,
293819,1984-12-27,,1985,regular,,final,Marquette,Lehigh,157,141,85,56,,Indep.,,,,,,,
293820,1984-12-27,,1985,regular,,final,LSU,Utah State,136,329,103,71,,SEC,Big West,,,,,,
293827,1984-12-27,,1985,regular,,final,New Orleans,Penn State,193,226,61,59,,Indep.,A-10,,,,,,
293828,1984-12-27,,1985,regular,,final,Bradley,Northern Illinois,29,208,83,64,,MVC,MAC,,,,,,
293833,1984-12-27,,1985,regular,,final,Providence,West Texas A&M,235,1440,73,64,,Big East,MVC,,,,,,
293834,1984-12-27,,1985,regular,,final,VCU,Richmond,333,242,68,52,,Sun Belt,CAA,,,,,,
293835,1984-12-27,,1985,regular,,final,San Diego State,TCU,257,287,70,72,,UAC,,,,,,,
293839,1984-12-27,,1985,regular,,final,Nevada,Saint Mary's,189,253,67,62,,Big Sky,WCC,,,,,,
293840,1984-12-27,,1985,regular,,final,UTEP,Wake Forest,327,342,90,75,,UAC,ACC,,,,,,
293843,1984-12-28,,1985,regular,,final,Tulsa,Alcorn State,304,7,92,79,,MVC,SWAC,,,,,,
293847,1984-12-28,,1985,regular,,final,West Virginia,Auburn,347,16,58,59,,A-10,SEC,,,,,,
293848,1984-12-28,,1985,regular,,final,Butler,Ball State,34,19,88,75,,Horizon,MAC,,,,,,
293852,1984-12-28,,1985,regular,,final,Boise State,Idaho State,25,116,69,54,,Big Sky,Big Sky,,,,,,
293854,1984-12-28,,1985,regular,,final,Bradley,Kent State,29,134,84,72,,MVC,MAC,,,,,,
293856,1984-12-28,,1985,regular,,final,Utica,Bucknell,1325,32,67,65,,,,,,,,,
293859,1984-12-28,,1985,regular,,final,Vermont,Canisius,337,42,53,94,,Am. East,Am. East,,,,,,
293860,1984-12-28,,1985,regular,,final,Green Bay,Chicago State,105,50,59,60,,Summit,Indep.,,,,,,
293861,1984-12-28,,1985,regular,,final,Vanderbilt,Clemson,336,52,74,81,,SEC,ACC,,,,,,
293863,1984-12-28,,1985,regular,,final,Cleveland State,Northwestern,53,212,66,54,,Summit,Big Ten,,,,,,
293865,1984-12-28,,1985,regular,,final,UC Santa Barbara,Montana State,311,180,60,57,,Big West,Big Sky,,,,,,
293871,1984-12-28,,1985,regular,,final,USC,Duke,323,72,73,75,,Pac-12,ACC,,,,,,
293875,1984-12-28,,1985,regular,,final,South Florida,Fordham,271,91,73,64,,Sun Belt,Metro,,,,,,
293878,1984-12-28,,1985,regular,,final,Furman,Florida State,93,90,75,97,,SoCon,,,,,,,
293880,1984-12-28,,1985,regular,,final,Towson,George Washington,301,96,50,53,,,A-10,,,,,,
293881,1984-12-28,,1985,regular,,final,Marquette,Gonzaga,157,102,54,60,,Indep.,WCC,,,,,,
293882,1984-12-28,,1985,regular,,final,Texas State,Grambling,297,103,54,46,,,SWAC,,,,,,
293884,1984-12-28,,1985,regular,,final,Siena,Howard,264,114,64,62,,Am. East,MEAC,,,,,,
293887,1984-12-28,,1985,regular,,final,Providence,Illinois State,235,119,59,65,,Big East,MVC,,,,,,
293891,1984-12-28,,1985,regular,,final,Oklahoma City,Louisiana Tech,1476,149,62,90,,,Southland,,,,,,
293892,1984-12-28,,1985,regular,,final,Louisville,Loyola Chicago,150,151,81,93,,,Horizon,,,,,,
293894,1984-12-28,,1985,regular,,final,Texas,Mercer,295,164,69,68,,,ASUN,,,,,,
293895,1984-12-28,,1985,regular,,final,Tennessee,Michigan,292,170,81,77,,SEC,Big Ten,,,,,,
293896,1984-12-28,,1985,regular,,final,Western Kentucky,Morehead State,350,181,80,49,,Sun Belt,OVC,,,,,,
293897,1984-12-28,,1985,regular,,final,Marist,Saint Peter's,156,254,47,48,,NEC,Metro,,,,,,
293899,1984-12-28,,1985,regular,,final,San Diego State,Michigan State,257,169,61,77,,UAC,Big Ten,,,,,,
293900,1984-12-28,,1985,regular,,final,Portland,Murray State,230,184,49,71,,WCC,OVC,,,,,,
293901,1984-12-28,,1985,regular,,final,Santa Clara,Nebraska,261,188,78,59,,WCC,MVC,,,,,,
293902,1984-12-28,,1985,regular,,final,New Mexico,Wisconsin,191,355,74,83,,UAC,Big Ten,,,,,,
293903,1984-12-28,,1985,regular,,final,Niagara,Xavier,194,359,64,81,,Am. East,Horizon,,,,,,
293904,1984-12-28,,1985,regular,,final,New Mexico State,Texas Tech,192,298,87,97,,Big West,,,,,,,
293907,1984-12-28,,1985,regular,,final,UCLA,Oral Roberts,313,222,69,61,,Pac-12,Horizon,,,,,,
293908,1984-12-28,,1985,regular,,final,Pittsburgh,Robert Morris,229,244,66,48,,Big East,NEC,,,,,,
293909,1984-12-28,,1985,regular,,final,Toledo,Princeton,300,234,61,45,,MAC,Ivy,,,,,,
293910,1984-12-28,,1985,regular,,final,UTEP,Purdue,327,236,64,74,,UAC,Big Ten,,,,,,
293911,1984-12-28,,1985,regular,,final,Rice,SE Louisiana,241,246,64,61,,,Indep.,,,,,,
293913,1984-12-28,,1985,regular,,final,Utah,San José State,331,260,70,72,,UAC,Big West,,,,,,
293914,1984-12-28,,1985,regular,,final,U.S. International,Saint Louis,433,252,47,75,,Indep.,Horizon,,,,,,
293917,1984-12-28,,1985,regular,,final,Nevada,Cal State Fullerton,189,37,66,56,,Big Sky,Big West,,,,,,
293918,1984-12-28,,1985,regular,,final,VCU,Virginia Tech,333,340,69,65,,Sun Belt,,,,,,,
293919,1984-12-28,,1985,regular,,final,Wichita State,Hartford,352,363,97,66,,MVC,Am. East,,,,,,
293921,1984-12-29,,1985,regular,,final,LSU,Alabama,136,5,63,61,,SEC,SEC,,,,,,
293923,1984-12-29,,1985,regular,,final,Creighton,Notre Dame,61,213,60,58,,MVC,Indep.,,,,,,
293924,1984-12-29,,1985,regular,,final,Dayton,St. Bonaventure,64,277,83,60,,Indep.,A-10,,,,,,
293927,1984-12-29,,1985,regular,,final,Oklahoma City,Manhattan,1476,155,53,52,,,Metro,,,,,,
293930,1984-12-29,,1985,regular,,final,Pittsburgh,Tulane,229,303,69,54,,Big East,,,,,,,
293931,1984-12-30,,1985,regular,,final,UCF,Southern Illinois,312,273,65,76,,Indep.,MVC,,,,,,
293932,1984-12-30,,1985,regular,,final,Eastern Washington,Northern Arizona,80,206,70,83,,Indep.,Big Sky,,,,,,
293934,1984-12-30,,1985,regular,,final,Washington,Lamar,343,139,64,59,,Pac-12,Southland,,,,,,
293935,1984-12-30,,1985,regular,,final,Pacific,Montana State,225,180,73,70,,Big West,Big Sky,,,,,,
293936,1984-12-30,,1985,regular,,final,UTEP,Southern,327,274,75,84,,UAC,SWAC,,,,,,
293937,1984-12-31,,1985,regular,,final,Purdue,Kentucky,236,135,66,56,,Big Ten,SEC,,,,,,
293938,1985-01-01,,1985,regular,,final,Florida A&M,Alabama State,85,6,97,90,,Indep.,SWAC,,,,,,
293939,1985-01-01,,1985,regular,,final,George Mason,American University,95,8,104,78,,CAA,CAA,,,,,,
293940,1985-01-01,,1985,regular,,final,Clemson,App State,52,9,84,77,,ACC,SoCon,,,,,,
293941,1985-01-01,,1985,regular,,final,Texas A&M,Arkansas,293,12,67,70,,,,,,,,,
293942,1985-01-01,,1985,regular,,final,Siena,Army,264,15,84,67,,Am. East,Metro,,,,,,
293943,1985-01-01,,1985,regular,,final,Kentucky,Auburn,135,16,68,61,,SEC,SEC,,,,,,
293944,1985-01-01,,1985,regular,,final,Austin Peay,Tennessee State,17,290,75,76,,OVC,Indep.,,,,,,
293945,1985-01-01,,1985,regular,,final,Central Michigan,Ball State,45,19,78,75,,MAC,MAC,,,,,,
293946,1985-01-01,,1985,regular,,final,Texas A&M-San Antonio,Baylor,583,20,101,91,,,,,,,,,
293947,1985-01-01,,1985,regular,,final,Bowling Green,Kent State,28,134,66,80,,MAC,MAC,,,,,,
293948,1985-01-01,,1985,regular,,final,Boston College,Providence,26,235,67,55,,Big East,Big East,,,,,,
293949,1985-01-01,,1985,regular,,final,Creighton,Bradley,61,29,72,76,,MVC,MVC,,,,,,
293950,1985-01-01,,1985,regular,,final,Campbell,Georgia Southern,41,99,63,71,,Indep.,ASUN,,,,,,
293951,1985-01-01,,1985,regular,,final,New Hampshire,Canisius,190,42,47,56,,Am. East,Am. East,,,,,,
293952,1985-01-01,,1985,regular,,final,UCF,Eastern Illinois,312,77,79,97,,Indep.,Summit,,,,,,
293953,1985-01-01,,1985,regular,,final,Cincinnati,Florida State,51,90,63,62,,,,,,,,,
293954,1985-01-01,,1985,regular,,final,Colgate,Lafayette,55,138,40,47,,Am. East,,,,,,,
293955,1985-01-01,,1985,regular,,final,Colorado,Hartford,56,363,81,67,,,Am. East,,,,,,
293957,1985-01-01,,1985,regular,,final,Dartmouth,Fairfield,62,83,70,86,,Ivy,Metro,,,,,,
293958,1985-01-01,,1985,regular,,final,Furman,Davidson,93,63,67,68,,SoCon,SoCon,,,,,,
293959,1985-01-01,,1985,regular,,final,Dayton,Loyola Chicago,64,151,80,70,,Indep.,Horizon,,,,,,
293960,1985-01-01,,1985,regular,,final,Delaware,Drexel,66,71,75,89,,,,,,,,,
293961,1985-01-01,,1985,regular,,final,Marshall,Delaware State,158,67,90,62,,SoCon,MEAC,,,,,,
293962,1985-01-01,,1985,regular,,final,Eastern Michigan,Northern Illinois,79,208,81,56,,MAC,MAC,,,,,,
293963,1985-01-01,,1985,regular,,final,Florida,Tennessee,87,292,84,70,,SEC,SEC,,,,,,
293964,1985-01-01,,1985,regular,,final,Louisiana,Fresno State,148,92,63,56,,Indep.,Big West,,,,,,
293965,1985-01-01,,1985,regular,,final,Georgia,LSU,98,136,74,79,,SEC,SEC,,,,,,
293966,1985-01-01,,1985,regular,,final,Gonzaga,Idaho,102,117,56,54,,WCC,Big Sky,,,,,,
293967,1985-01-01,,1985,regular,,final,Georgetown,Seton Hall,97,263,73,56,,Big East,Big East,,,,,,
293968,1985-01-01,,1985,regular,,final,Towson,Hofstra,301,110,86,78,,,,,,,,,
293969,1985-01-01,,1985,regular,,final,TCU,Houston,287,113,73,83,,,,,,,,,
293970,1985-01-01,,1985,regular,,final,Michigan,Indiana,170,121,62,87,,Big Ten,Big Ten,,,,,,
293971,1985-01-01,,1985,regular,,final,Lehigh,Rider,141,243,76,59,,,,,,,,,
293972,1985-01-01,,1985,regular,,final,Maryland,NC State,160,185,58,56,,ACC,ACC,,,,,,
293973,1985-01-01,,1985,regular,,final,Vanderbilt,Ole Miss,336,220,63,61,,SEC,SEC,,,,,,
293974,1985-01-01,,1985,regular,,final,Marquette,Green Bay,157,105,66,48,,Indep.,Summit,,,,,,
293975,1985-01-01,,1985,regular,,final,South Alabama,Old Dominion,265,219,84,86,,Sun Belt,CAA,,,,,,
293976,1985-01-01,,1985,regular,,final,Rice,SMU,241,248,57,66,,,,,,,,,
293977,1985-01-01,,1985,regular,,final,Villanova,Syracuse,338,286,82,70,,Big East,Big East,,,,,,
293978,1985-01-01,,1985,regular,,final,Texas Tech,Texas,298,295,67,60,,,,,,,,,
293979,1985-01-01,,1985,regular,,final,Western Michigan,Toledo,351,300,72,64,,MAC,MAC,,,,,,
293980,1985-01-01,,1985,regular,,final,Utah State,UNLV,329,322,140,142,,Big West,Big West,,,,,,
293982,1985-01-01,,1985,regular,,final,Wake Forest,William & Mary,342,353,64,47,,ACC,CAA,,,,,,
293983,1985-01-02,,1985,regular,,final,Alabama,Mississippi State,5,174,67,71,,SEC,SEC,,,,,,
293984,1985-01-02,,1985,regular,,final,Little Rock,Georgia State,144,100,89,79,,ASUN,ASUN,,,,,,
293985,1985-01-02,,1985,regular,,final,Arkansas State,Oklahoma State,13,218,56,65,,Southland,,,,,,,
293986,1985-01-02,,1985,regular,,final,Augusta,Western Carolina,633,348,90,85,,,SoCon,,,,,,
293987,1985-01-02,,1985,regular,,final,Samford,Bethune-Cookman,256,23,73,59,,ASUN,MEAC,,,,,,
293988,1985-01-02,,1985,regular,,final,East Carolina,Boston University,74,27,75,62,,CAA,Am. East,,,,,,
293989,1985-01-02,,1985,regular,,final,South Florida,Brooklyn,271,414,80,66,,Sun Belt,Indep.,,,,,,
293990,1985-01-02,,1985,regular,,final,Manhattan,Brown,155,30,74,64,,Metro,Ivy,,,,,,
293991,1985-01-02,,1985,regular,,final,BYU,UTEP,18,327,62,60,,UAC,UAC,,,,,,
293992,1985-01-02,,1985,regular,,final,Washington State,California,344,40,86,67,,Pac-12,Pac-12,,,,,,
293993,1985-01-02,,1985,regular,,final,Centenary (LA),Northwestern State,367,211,68,67,,ASUN,,,,,,,
293994,1985-01-02,,1985,regular,,final,Colorado State,Hawai'i,57,108,69,58,,UAC,UAC,,,,,,
293995,1985-01-02,,1985,regular,,final,DePaul,Saint Mary's,65,253,76,53,,Indep.,WCC,,,,,,
293996,1985-01-02,,1985,regular,,final,Drake,Illinois State,70,119,56,66,,MVC,MVC,,,,,,
293997,1985-01-02,,1985,regular,,final,Massachusetts,Duquesne,161,73,53,59,,A-10,A-10,,,,,,
293998,1985-01-02,,1985,regular,,final,Evansville,Nebraska,82,188,80,73,,Horizon,MVC,,,,,,
293999,1985-01-02,,1985,regular,,final,Montana,Eastern Washington,179,80,72,59,,Big Sky,Indep.,,,,,,
294000,1985-01-02,,1985,regular,,final,Radford,Florida A&M,239,85,73,72,,Indep.,Indep.,,,,,,
294001,1985-01-02,,1985,regular,,final,Loyola Maryland,Fairleigh Dickinson,152,84,74,68,,NEC,NEC,,,,,,
294002,1985-01-02,,1985,regular,,final,Long Beach State,Fordham,145,91,55,67,,Big West,Metro,,,,,,
294003,1985-01-02,,1985,regular,,final,New Mexico State,Cal State Fullerton,192,37,70,63,,Big West,Big West,,,,,,
294004,1985-01-02,,1985,regular,,final,George Washington,West Virginia,96,347,71,67,,A-10,A-10,,,,,,
294005,1985-01-02,,1985,regular,,final,Grambling,Texas State,103,297,35,44,,SWAC,,,,,,,
294006,1985-01-02,,1985,regular,,final,Hardin-Simmons,UT Arlington,772,324,63,67,,,Southland,,,,,,
294007,1985-01-02,,1985,regular,,final,Holy Cross,Yale,111,360,55,59,,Metro,Ivy,,,,,,
294008,1985-01-02,,1985,regular,,final,U.S. International,Idaho State,433,116,59,89,,Indep.,Big Sky,,,,,,
294009,1985-01-02,,1985,regular,,final,Minnesota,Illinois,173,118,60,58,,Big Ten,Big Ten,,,,,,
294010,1985-01-02,,1985,regular,,final,Tulsa,Indiana State,304,122,90,71,,MVC,MVC,,,,,,
294011,1985-01-02,,1985,regular,,final,La Salle,Iona,137,123,73,103,,Metro,Metro,,,,,,
294012,1985-01-02,,1985,regular,,final,Iowa State,Morgan State,125,182,114,67,,,MEAC,,,,,,
294013,1985-01-02,,1985,regular,,final,Iowa,Purdue,124,236,75,63,,Big Ten,Big Ten,,,,,,
294014,1985-01-02,,1985,regular,,final,Kansas,Texas Southern,131,296,78,74,,,SWAC,,,,,,
294015,1985-01-02,,1985,regular,,final,Oral Roberts,Kansas State,222,132,86,71,,Horizon,,,,,,,
294016,1985-01-02,,1985,regular,,final,Louisville,Santa Clara,150,261,72,67,,,WCC,,,,,,
294017,1985-01-02,,1985,regular,,final,Maine-Farmington,Northeastern,1078,205,71,89,,,Am. East,,,,,,
294018,1985-01-02,,1985,regular,,final,Georgia Tech,Maryland Eastern Shore,101,159,93,40,,ACC,MEAC,,,,,,
294019,1985-01-02,,1985,regular,,final,Ohio,Miami (OH),215,167,73,62,,MAC,MAC,,,,,,
294020,1985-01-02,,1985,regular,,final,Marist,St. Francis Brooklyn,156,364,63,46,,NEC,NEC,,,,,,
294021,1985-01-02,,1985,regular,,final,Michigan State,Ohio State,169,216,82,79,,Big Ten,Big Ten,,,,,,
294022,1985-01-02,,1985,regular,,final,Pepperdine,Northern Arizona,228,206,82,65,,WCC,Big Sky,,,,,,
294023,1985-01-02,,1985,regular,,final,Utah,New Mexico,331,191,68,63,,UAC,UAC,,,,,,
294024,1985-01-02,,1985,regular,,final,Oregon,USC,223,323,59,63,,Pac-12,Pac-12,,,,,,
294025,1985-01-02,,1985,regular,,final,Oregon State,UCLA,224,313,59,49,,Pac-12,Pac-12,,,,,,
294026,1985-01-02,,1985,regular,,final,Rutgers,Rhode Island,245,240,74,68,,A-10,A-10,,,,,,
294027,1985-01-02,,1985,regular,,final,Wyoming,San Diego State,358,257,57,60,,UAC,UAC,,,,,,
294029,1985-01-02,,1985,regular,,final,San José State,UC Irvine,260,308,93,71,,Big West,Big West,,,,,,
294030,1985-01-02,,1985,regular,,final,Washington,Stanford,343,281,78,69,,Pac-12,Pac-12,,,,,,
294031,1985-01-02,,1985,regular,,final,Missouri State,Saint Louis,176,252,56,59,,Summit,Horizon,,,,,,
294033,1985-01-02,,1985,regular,,final,Utica,Vermont,1325,337,73,60,,,Am. East,,,,,,
294034,1985-01-02,,1985,regular,,final,Wichita State,West Texas A&M,352,1440,98,64,,MVC,MVC,,,,,,
294035,1985-01-03,,1985,regular,,final,Colorado State,Air Force,57,2,67,58,,UAC,UAC,,,,,,
294036,1985-01-03,,1985,regular,,final,UAB,DePaul,305,65,66,59,,Sun Belt,Indep.,,,,,,
294039,1985-01-03,,1985,regular,,final,Montana State,Loyola Marymount,180,153,78,60,,Big Sky,WCC,,,,,,
294040,1985-01-04,,1985,regular,,final,Air Force,San Diego State,2,257,73,88,,UAC,UAC,,,,,,
294041,1985-01-04,,1985,regular,,final,Akron,Youngstown State,3,361,61,75,,OVC,OVC,,,,,,
294042,1985-01-04,,1985,regular,,final,Alabama,Georgia,5,98,87,74,,SEC,SEC,,,,,,
294044,1985-01-04,,1985,regular,,final,South Carolina State,Alabama State,267,6,66,61,,MEAC,SWAC,,,,,,
294046,1985-01-04,,1985,regular,,final,East Tennessee State,App State,75,9,57,66,,SoCon,SoCon,,,,,,
294047,1985-01-04,,1985,regular,,final,Arizona State,Arizona,10,11,60,61,,Pac-12,Pac-12,,,,,,
294048,1985-01-04,,1985,regular,,final,SMU,Arkansas,248,12,63,60,,,,,,,,,
294049,1985-01-04,,1985,regular,,final,Little Rock,Samford,144,256,97,71,,ASUN,ASUN,,,,,,
294051,1985-01-04,,1985,regular,,final,Arkansas State,Jackson State,13,126,73,50,,Southland,SWAC,,,,,,
294052,1985-01-04,,1985,regular,,final,Auburn,Florida,16,87,80,74,,SEC,SEC,,,,,,
294053,1985-01-04,,1985,regular,,final,Charleston Southern,Augusta,47,633,79,58,,Indep.,,,,,,,
294054,1985-01-04,,1985,regular,,final,Missouri,Austin Peay,177,17,72,63,,,OVC,,,,,,
294055,1985-01-04,,1985,regular,,final,Ball State,Bowling Green,19,28,81,67,,MAC,MAC,,,,,,
294056,1985-01-04,,1985,regular,,final,Baylor,Texas A&M,20,293,78,102,,,,,,,,,
294057,1985-01-04,,1985,regular,,final,Georgetown,Boston College,97,26,82,80,,Big East,Big East,,,,,,
294058,1985-01-04,,1985,regular,,final,Boise State,Eastern Washington,25,80,68,57,,Big Sky,Indep.,,,,,,
294059,1985-01-04,,1985,regular,,final,Drake,Bradley,70,29,74,83,,MVC,MVC,,,,,,
294060,1985-01-04,,1985,regular,,final,Bucknell,Towson,32,301,68,50,,,,,,,,,
294061,1985-01-04,,1985,regular,,final,Butler,Loyola Chicago,34,151,74,86,,Horizon,Horizon,,,,,,
294062,1985-01-04,,1985,regular,,final,BYU,New Mexico,18,191,70,76,,UAC,UAC,,,,,,
294063,1985-01-04,,1985,regular,,final,Canisius,Siena,42,264,80,71,,Am. East,Am. East,,,,,,
294064,1985-01-04,,1985,regular,,final,Centenary (LA),Georgia State,367,100,88,63,,ASUN,ASUN,,,,,,
294065,1985-01-04,,1985,regular,,final,UCF,Western Illinois,312,349,58,55,,Indep.,Summit,,,,,,
294066,1985-01-04,,1985,regular,,final,Cincinnati,Tulane,51,303,59,50,,,,,,,,,
294067,1985-01-04,,1985,regular,,final,Furman,The Citadel,93,299,76,83,,SoCon,SoCon,,,,,,
294068,1985-01-04,,1985,regular,,final,Colgate,New Hampshire,55,190,40,52,,Am. East,Am. East,,,,,,
294069,1985-01-04,,1985,regular,,final,Utica,Cleveland State,1325,53,59,67,,,Summit,,,,,,
294070,1985-01-04,,1985,regular,,final,Miami (OH),Central Michigan,167,45,91,59,,MAC,MAC,,,,,,
294071,1985-01-04,,1985,regular,,final,Colorado,Marquette,56,157,52,67,,,Indep.,,,,,,
294072,1985-01-04,,1985,regular,,final,Villanova,UConn,338,314,70,59,,Big East,Big East,,,,,,
294073,1985-01-04,,1985,regular,,final,Cornell,Robert Morris,60,244,77,66,,Ivy,NEC,,,,,,
294074,1985-01-04,,1985,regular,,final,Creighton,Illinois State,61,119,73,63,,MVC,MVC,,,,,,
294075,1985-01-04,,1985,regular,,final,New Mexico State,UC Santa Barbara,192,311,83,89,,Big West,Big West,,,,,,
294076,1985-01-04,,1985,regular,,final,Harvard,Dartmouth,107,62,60,62,,Ivy,Ivy,,,,,,
294078,1985-01-04,,1985,regular,,final,Dayton,Maryland,64,160,67,63,,Indep.,ACC,,,,,,
294079,1985-01-04,,1985,regular,,final,Rider,Delaware,243,66,70,76,,,,,,,,,
294080,1985-01-04,,1985,regular,,final,Xavier,Detroit Mercy,359,69,68,63,,Horizon,Horizon,,,,,,
294081,1985-01-04,,1985,regular,,final,Virginia,Duke,339,72,58,63,,ACC,ACC,,,,,,
294082,1985-01-04,,1985,regular,,final,George Washington,Duquesne,96,73,83,66,,A-10,A-10,,,,,,
294083,1985-01-04,,1985,regular,,final,Kent State,Eastern Michigan,134,79,91,90,,MAC,MAC,,,,,,
294084,1985-01-04,,1985,regular,,final,Oklahoma City,Evansville,1476,82,63,65,,,Horizon,,,,,,
294085,1985-01-04,,1985,regular,,final,Tennessee State,Florida A&M,290,85,83,82,,Indep.,Indep.,,,,,,
294086,1985-01-04,,1985,regular,,final,Howard,Fairleigh Dickinson,114,84,57,55,,MEAC,NEC,,,,,,
294087,1985-01-04,,1985,regular,,final,Pepperdine,Fordham,228,91,76,71,,WCC,Metro,,,,,,
294088,1985-01-04,,1985,regular,,final,Pacific,Fresno State,225,92,57,62,,Big West,Big West,,,,,,
294090,1985-01-04,,1985,regular,,final,Long Beach State,Cal State Fullerton,145,37,71,82,,Big West,Big West,,,,,,
294091,1985-01-04,,1985,regular,,final,UNC Wilmington,George Mason,321,95,66,64,,CAA,CAA,,,,,,
294092,1985-01-04,,1985,regular,,final,Wake Forest,Georgia Tech,342,101,68,54,,ACC,ACC,,,,,,
294093,1985-01-04,,1985,regular,,final,Gonzaga,Idaho State,102,116,65,60,,WCC,Big Sky,,,,,,
294094,1985-01-04,,1985,regular,,final,Georgia Southern,Mercer,99,164,60,71,,ASUN,ASUN,,,,,,
294095,1985-01-04,,1985,regular,,final,Wyoming,Hawai'i,358,108,68,63,,UAC,UAC,,,,,,
294096,1985-01-04,,1985,regular,,final,Houston Christian,Hardin-Simmons,112,772,75,64,,ASUN,,,,,,,
294097,1985-01-04,,1985,regular,,final,Hofstra,Lafayette,110,138,75,64,,,,,,,,,
294098,1985-01-04,,1985,regular,,final,Holy Cross,Saint Peter's,111,254,72,60,,Metro,Metro,,,,,,
294099,1985-01-04,,1985,regular,,final,Texas,Houston,295,113,61,58,,,,,,,,,
294100,1985-01-04,,1985,regular,,final,Idaho,Santa Clara,117,261,58,74,,Big Sky,WCC,,,,,,
294101,1985-01-04,,1985,regular,,final,Iowa,Illinois,124,118,64,60,,Big Ten,Big Ten,,,,,,
294102,1985-01-04,,1985,regular,,final,Michigan State,Indiana,169,121,68,61,,Big Ten,Big Ten,,,,,,
294103,1985-01-04,,1985,regular,,final,West Texas A&M,Indiana State,1440,122,88,91,,MVC,MVC,,,,,,
294104,1985-01-04,,1985,regular,,final,Monmouth,Iona,178,123,67,70,,Indep.,Metro,,,,,,
294105,1985-01-04,,1985,regular,,final,Jacksonville,VCU,127,333,65,67,,Sun Belt,Sun Belt,,,,,,
294107,1985-01-04,,1985,regular,,final,Kentucky,NC State,135,185,78,62,,SEC,ACC,,,,,,
294108,1985-01-04,,1985,regular,,final,Kansas State,Morgan State,132,182,111,70,,,MEAC,,,,,,
294109,1985-01-04,,1985,regular,,final,Lehigh,Princeton,141,234,67,75,,,Ivy,,,,,,
294110,1985-01-04,,1985,regular,,final,Montana,Loyola Marymount,179,153,74,58,,Big Sky,WCC,,,,,,
294111,1985-01-04,,1985,regular,,final,Loyola Maryland,Navy,152,187,54,63,,NEC,CAA,,,,,,
294112,1985-01-04,,1985,regular,,final,Louisiana Tech,Northwestern State,149,211,92,63,,Southland,,,,,,,
294113,1985-01-04,,1985,regular,,final,Mississippi State,LSU,174,136,83,69,,SEC,SEC,,,,,,
294114,1985-01-04,,1985,regular,,final,Massachusetts,Rutgers,161,245,83,72,,A-10,A-10,,,,,,
294115,1985-01-04,,1985,regular,,final,South Carolina,Memphis,266,163,60,58,,,,,,,,,
294116,1985-01-04,,1985,regular,,final,Michigan,Ohio State,170,216,87,82,,Big Ten,Big Ten,,,,,,
294117,1985-01-04,,1985,regular,,final,Minnesota,Purdue,173,236,65,74,,Big Ten,Big Ten,,,,,,
294118,1985-01-04,,1985,regular,,final,Ole Miss,Tennessee,220,292,63,70,,SEC,SEC,,,,,,
294119,1985-01-04,,1985,regular,,final,Marshall,VMI,158,334,54,58,,SoCon,SoCon,,,,,,
294120,1985-01-04,,1985,regular,,final,Mississippi Valley State,SE Louisiana,175,246,87,74,,SWAC,Indep.,,,,,,
294121,1985-01-04,,1985,regular,,final,San Diego,Northern Arizona,258,206,54,53,,WCC,Big Sky,,,,,,
294122,1985-01-04,,1985,regular,,final,Virginia Tech,North Carolina A&T,340,198,92,67,,,MEAC,,,,,,
294123,1985-01-04,,1985,regular,,final,Oklahoma,UL Monroe,217,316,101,95,,,Southland,,,,,,
294124,1985-01-04,,1985,regular,,final,New Orleans,Oklahoma State,193,218,57,78,,Indep.,,,,,,,
294125,1985-01-04,,1985,regular,,final,Northeastern,Niagara,205,194,73,70,,Am. East,Am. East,,,,,,
294126,1985-01-04,,1985,regular,,final,Texas Southern,Nicholls,296,195,51,53,,SWAC,,,,,,,
294127,1985-01-04,,1985,regular,,final,Northern Illinois,Toledo,208,300,69,62,,MAC,MAC,,,,,,
294128,1985-01-04,,1985,regular,,final,Northwestern,Wisconsin,212,355,51,52,,Big Ten,Big Ten,,,,,,
294129,1985-01-04,,1985,regular,,final,Texas Tech,North Texas,298,204,81,55,,,Southland,,,,,,
294130,1985-01-04,,1985,regular,,final,Western Michigan,Ohio,351,215,84,79,,MAC,MAC,,,,,,
294131,1985-01-04,,1985,regular,,final,Western Kentucky,Old Dominion,350,219,73,67,,Sun Belt,CAA,,,,,,
294132,1985-01-04,,1985,regular,,final,Oral Roberts,Saint Louis,222,252,68,55,,Horizon,Horizon,,,,,,
294133,1985-01-04,,1985,regular,,final,UCLA,Oregon,313,223,67,59,,Pac-12,Pac-12,,,,,,
294134,1985-01-04,,1985,regular,,final,Washington,Oregon State,343,224,45,52,,Pac-12,Pac-12,,,,,,
294135,1985-01-04,,1985,regular,,final,Pittsburgh,Providence,229,235,73,62,,Big East,Big East,,,,,,
294136,1985-01-04,,1985,regular,,final,Penn State,Temple,226,289,49,65,,A-10,A-10,,,,,,
294137,1985-01-04,,1985,regular,,final,Rhode Island,St. Bonaventure,240,277,70,74,,A-10,A-10,,,,,,
294138,1985-01-04,,1985,regular,,final,Rice,TCU,241,287,63,62,,,,,,,,,
294139,1985-01-04,,1985,regular,,final,South Florida,South Alabama,271,265,59,63,,Sun Belt,Sun Belt,,,,,,
294140,1985-01-04,,1985,regular,,final,St. John's,Seton Hall,279,263,73,57,,Big East,Big East,,,,,,
294141,1985-01-04,,1985,regular,,final,Southern Illinois,Tulsa,273,304,96,98,,MVC,MVC,,,,,,
294143,1985-01-04,,1985,regular,,final,San José State,UNLV,260,322,65,80,,Big West,Big West,,,,,,
294144,1985-01-04,,1985,regular,,final,Washington State,Stanford,344,281,71,59,,Pac-12,Pac-12,,,,,,
294145,1985-01-04,,1985,regular,,final,Weber State,Louisiana,345,148,89,80,,Big Sky,Indep.,,,,,,
294146,1985-01-04,,1985,regular,,final,UT Arlington,Texas A&M-San Antonio,324,583,82,81,,Southland,,,,,,,
294147,1985-01-04,,1985,regular,,final,Utah State,UC Irvine,329,308,73,83,,Big West,Big West,,,,,,
294148,1985-01-04,,1985,regular,,final,Portland,Nevada,230,189,68,64,,WCC,Big Sky,,,,,,
294149,1985-01-04,,1985,regular,,final,Utah,UTEP,331,327,67,78,,UAC,UAC,,,,,,
294150,1985-01-04,,1985,regular,,final,Vermont,Yale,337,360,59,73,,Am. East,Ivy,,,,,,
294151,1985-01-05,,1985,regular,,final,Montana State,Colorado State,180,57,65,72,,Big Sky,UAC,,,,,,
294152,1985-01-05,,1985,regular,,final,Eastern Washington,Idaho State,80,116,82,70,,Indep.,Big Sky,,,,,,
294153,1985-01-06,,1985,regular,,final,UTEP,Charleston Southern,327,47,66,47,,UAC,Indep.,,,,,,
294154,1985-01-06,,1985,regular,,final,UCF,Brown,312,30,51,50,,Indep.,Ivy,,,,,,
294155,1985-01-06,,1985,regular,,final,Butler,Detroit Mercy,34,69,70,67,,Horizon,Horizon,,,,,,
294156,1985-01-06,,1985,regular,,final,Louisiana Tech,Centenary (LA),149,367,83,65,,Southland,ASUN,,,,,,
294157,1985-01-06,,1985,regular,,final,Columbia,Delaware,58,66,62,65,,Ivy,,,,,,,
294158,1985-01-06,,1985,regular,,final,Creighton,Southern,61,274,87,82,,MVC,SWAC,,,,,,
294159,1985-01-06,,1985,regular,,final,Long Beach State,UC Santa Barbara,145,311,73,84,,Big West,Big West,,,,,,
294160,1985-01-06,,1985,regular,,final,Drexel,Lafayette,71,138,55,58,,,,,,,,,
294161,1985-01-06,,1985,regular,,final,East Carolina,George Mason,74,95,69,81,,CAA,CAA,,,,,,
294162,1985-01-06,,1985,regular,,final,Eastern Kentucky,Morehead State,78,181,69,58,,OVC,OVC,,,,,,
294163,1985-01-06,,1985,regular,,final,East Tennessee State,Marshall,75,158,57,62,,SoCon,SoCon,,,,,,
294164,1985-01-06,,1985,regular,,final,Oral Roberts,Evansville,222,82,90,75,,Horizon,Horizon,,,,,,
294165,1985-01-06,,1985,regular,,final,Fresno State,San José State,92,260,58,49,,Big West,Big West,,,,,,
294166,1985-01-06,,1985,regular,,final,UIC,Jackson State,315,126,83,63,,Summit,SWAC,,,,,,
294167,1985-01-06,,1985,regular,,final,Kansas,Western Carolina,131,348,79,62,,,SoCon,,,,,,
294168,1985-01-06,,1985,regular,,final,Kentucky,Vanderbilt,135,336,75,58,,SEC,SEC,,,,,,
294169,1985-01-06,,1985,regular,,final,Loyola Marymount,U.S. International,153,433,84,65,,WCC,Indep.,,,,,,
294170,1985-01-06,,1985,regular,,final,Xavier,Loyola Chicago,359,151,95,90,,Horizon,Horizon,,,,,,
294171,1985-01-06,,1985,regular,,final,Loyola Maryland,Robert Morris,152,244,67,64,,NEC,NEC,,,,,,
294172,1985-01-06,,1985,regular,,final,Louisville,Tulane,150,303,52,51,,,,,,,,,
294173,1985-01-06,,1985,regular,,final,McNeese,SE Louisiana,162,246,86,68,,Southland,Indep.,,,,,,
294174,1985-01-06,,1985,regular,,final,Middle Tennessee,Tennessee Tech,171,291,64,70,,OVC,OVC,,,,,,
294175,1985-01-06,,1985,regular,,final,Monmouth,Wagner,178,341,66,68,,Indep.,NEC,,,,,,
294176,1985-01-06,,1985,regular,,final,St. Francis (PA),Marist,278,156,57,71,,NEC,NEC,,,,,,
294177,1985-01-06,,1985,regular,,final,Missouri,Texas State,177,297,88,54,,,,,,,,,
294178,1985-01-06,,1985,regular,,final,Murray State,New Orleans,184,193,66,61,,OVC,Indep.,,,,,,
294179,1985-01-06,,1985,regular,,final,Navy,UNC Wilmington,187,321,83,68,,CAA,CAA,,,,,,
294180,1985-01-06,,1985,regular,,final,Charlotte,Hartford,48,363,75,65,,Sun Belt,Am. East,,,,,,
294181,1985-01-06,,1985,regular,,final,Northwestern State,UL Monroe,211,316,71,88,,,Southland,,,,,,
294182,1985-01-06,,1985,regular,,final,Rice,Notre Dame,241,213,73,70,,,Indep.,,,,,,
294183,1985-01-06,,1985,regular,,final,Oklahoma City,Saint Louis,1476,252,60,73,,,Horizon,,,,,,
294184,1985-01-06,,1985,regular,,final,Houston Christian,Prairie View A&M,112,232,71,52,,ASUN,SWAC,,,,,,
294185,1985-01-06,,1985,regular,,final,St. John's,Villanova,279,338,76,71,,Big East,Big East,,,,,,
294186,1985-01-06,,1985,regular,,final,Missouri State,UT Arlington,176,324,76,49,,Summit,Southland,,,,,,
294187,1985-01-07,,1985,regular,,final,Army,Fordham,15,91,63,59,,Metro,Metro,,,,,,
294188,1985-01-07,,1985,regular,,final,New Mexico,Charleston Southern,191,47,64,59,,UAC,Indep.,,,,,,
294189,1985-01-07,,1985,regular,,final,Colgate,Boston University,55,27,54,57,,Am. East,Am. East,,,,,,
294190,1985-01-07,,1985,regular,,final,Chicago State,Jackson State,50,126,73,64,,Indep.,SWAC,,,,,,
294191,1985-01-07,,1985,regular,,final,Georgia Tech,Clemson,101,52,81,90,,ACC,ACC,,,,,,
294192,1985-01-07,,1985,regular,,final,Cleveland State,Eastern Illinois,53,77,83,72,,Summit,Summit,,,,,,
294193,1985-01-07,,1985,regular,,final,Pepperdine,Colorado,228,56,90,64,,WCC,,,,,,,
294194,1985-01-07,,1985,regular,,final,Furman,Wake Forest,93,342,64,79,,SoCon,ACC,,,,,,
294195,1985-01-07,,1985,regular,,final,Nicholls,Grambling,195,103,70,62,,,SWAC,,,,,,
294197,1985-01-07,,1985,regular,,final,North Texas,Hardin-Simmons,204,772,60,58,,Southland,,,,,,,
294198,1985-01-07,,1985,regular,,final,Western Kentucky,Jacksonville,350,127,75,64,,Sun Belt,Sun Belt,,,,,,
294199,1985-01-07,,1985,regular,,final,James Madison,Old Dominion,129,219,80,68,,CAA,CAA,,,,,,
294200,1985-01-07,,1985,regular,,final,Toledo,Kent State,300,134,67,58,,MAC,MAC,,,,,,
294201,1985-01-07,,1985,regular,,final,Northeastern,Maine-Farmington,205,1078,94,70,,Am. East,,,,,,,
294202,1985-01-07,,1985,regular,,final,Manhattan,Saint Peter's,155,254,75,65,,Metro,Metro,,,,,,
294203,1985-01-07,,1985,regular,,final,NC State,Virginia,185,339,51,45,,ACC,ACC,,,,,,
294204,1985-01-07,,1985,regular,,final,North Carolina A&T,App State,198,9,85,59,,MEAC,SoCon,,,,,,
294205,1985-01-07,,1985,regular,,final,New Hampshire,Niagara,190,194,69,71,,Am. East,Am. East,,,,,,
294206,1985-01-08,,1985,regular,,final,Alabama,LSU,5,136,79,67,,SEC,SEC,,,,,,
294207,1985-01-08,,1985,regular,,final,Delaware,American University,66,8,81,73,,,CAA,,,,,,
294208,1985-01-08,,1985,regular,,final,Arkansas,TCU,12,287,67,59,,,,,,,,,
294209,1985-01-08,,1985,regular,,final,Tennessee,Auburn,292,16,86,74,,SEC,SEC,,,,,,
294210,1985-01-08,,1985,regular,,final,Augusta,Florida A&M,633,85,76,81,,,Indep.,,,,,,
294211,1985-01-08,,1985,regular,,final,Austin Peay,Murray State,17,184,69,86,,OVC,OVC,,,,,,
294212,1985-01-08,,1985,regular,,final,Eastern Michigan,Ball State,79,19,79,81,,MAC,MAC,,,,,,
294213,1985-01-08,,1985,regular,,final,SMU,Baylor,248,20,95,63,,,,,,,,,
294214,1985-01-08,,1985,regular,,final,Bowling Green,Miami (OH),28,167,50,56,,MAC,MAC,,,,,,
294215,1985-01-08,,1985,regular,,final,Syracuse,Boston College,286,26,64,58,,Big East,Big East,,,,,,
294216,1985-01-08,,1985,regular,,final,Stetson,Brown,283,30,71,68,,Indep.,Ivy,,,,,,
294217,1985-01-08,,1985,regular,,final,Bucknell,Hofstra,32,110,69,54,,,,,,,,,
294218,1985-01-08,,1985,regular,,final,Cornell,Canisius,60,42,54,71,,Ivy,Am. East,,,,,,
294219,1985-01-08,,1985,regular,,final,UCF,Maryland Eastern Shore,312,159,70,58,,Indep.,MEAC,,,,,,
294220,1985-01-08,,1985,regular,,final,Chicago State,Southern,50,274,94,83,,Indep.,SWAC,,,,,,
294221,1985-01-08,,1985,regular,,final,Central Michigan,Ohio,45,215,66,75,,MAC,MAC,,,,,,
294222,1985-01-08,,1985,regular,,final,Providence,UConn,235,314,75,66,,Big East,Big East,,,,,,
294223,1985-01-08,,1985,regular,,final,Detroit Mercy,Iona,69,123,82,87,,Horizon,Metro,,,,,,
294224,1985-01-08,,1985,regular,,final,Drexel,Towson,71,301,93,76,,,,,,,,,
294225,1985-01-08,,1985,regular,,final,Duke,East Carolina,72,74,87,63,,ACC,CAA,,,,,,
294226,1985-01-08,,1985,regular,,final,Kansas State,Eastern Washington,132,80,81,43,,,Indep.,,,,,,
294227,1985-01-08,,1985,regular,,final,UC Irvine,Fresno State,308,92,66,72,,Big West,Big West,,,,,,
294228,1985-01-08,,1985,regular,,final,Fairfield,La Salle,83,137,89,95,,Metro,Metro,,,,,,
294229,1985-01-08,,1985,regular,,final,Florida State,South Florida,90,271,54,56,,,Sun Belt,,,,,,
294230,1985-01-08,,1985,regular,,final,Mississippi State,Georgia,174,98,65,64,,SEC,SEC,,,,,,
294231,1985-01-08,,1985,regular,,final,Houston,Texas Tech,113,298,83,74,,,,,,,,,
294232,1985-01-08,,1985,regular,,final,Ole Miss,Kentucky,220,135,45,57,,SEC,SEC,,,,,,
294233,1985-01-08,,1985,regular,,final,Lafayette,Lehigh,138,141,65,68,,,,,,,,,
294234,1985-01-08,,1985,regular,,final,Marshall,Lamar,158,139,67,75,,SoCon,Southland,,,,,,
294235,1985-01-08,,1985,regular,,final,North Carolina,Maryland,200,160,75,74,,ACC,ACC,,,,,,
294236,1985-01-08,,1985,regular,,final,Memphis,Tennessee State,163,290,90,57,,,Indep.,,,,,,
294238,1985-01-08,,1985,regular,,final,Northern Iowa,Missouri,209,177,56,70,,Summit,,,,,,,
294239,1985-01-08,,1985,regular,,final,Richmond,Navy,242,187,63,67,,CAA,CAA,,,,,,
294241,1985-01-08,,1985,regular,,final,Northern Illinois,Western Michigan,208,351,66,63,,MAC,MAC,,,,,,
294242,1985-01-08,,1985,regular,,final,Tulsa,Oklahoma,304,217,104,89,,MVC,,,,,,,
294243,1985-01-08,,1985,regular,,final,Oregon State,Oregon,224,223,59,54,,Pac-12,Pac-12,,,,,,
294244,1985-01-08,,1985,regular,,final,Ohio State,Wisconsin,216,355,99,88,,Big Ten,Big Ten,,,,,,
294245,1985-01-08,,1985,regular,,final,Rice,Texas,241,295,53,65,,,,,,,,,
294246,1985-01-08,,1985,regular,,final,South Carolina,Hartford,266,363,79,67,,,Am. East,,,,,,
294247,1985-01-08,,1985,regular,,final,St. Francis Brooklyn,Siena,364,264,60,67,,NEC,Am. East,,,,,,
294248,1985-01-08,,1985,regular,,final,Chattanooga,Western Carolina,49,348,81,69,,SoCon,SoCon,,,,,,
294249,1985-01-09,,1985,regular,,final,UTEP,Air Force,327,2,67,56,,UAC,UAC,,,,,,
294250,1985-01-09,,1985,regular,,final,UAB,Jacksonville,305,127,67,55,,Sun Belt,Sun Belt,,,,,,
294251,1985-01-09,,1985,regular,,final,California,Arizona,40,11,67,69,,Pac-12,Pac-12,,,,,,
294252,1985-01-09,,1985,regular,,final,Houston Christian,Little Rock,112,144,66,61,,ASUN,ASUN,,,,,,
294253,1985-01-09,,1985,regular,,final,Army,Manhattan,15,155,57,49,,Metro,Metro,,,,,,
294254,1985-01-09,,1985,regular,,final,Stanford,Arizona State,281,10,74,89,,Pac-12,Pac-12,,,,,,
294255,1985-01-09,,1985,regular,,final,Bradley,Wichita State,29,352,79,82,,MVC,MVC,,,,,,
294256,1985-01-09,,1985,regular,,final,Hawai'i,BYU,108,18,78,88,,UAC,UAC,,,,,,
294257,1985-01-09,,1985,regular,,final,Hardin-Simmons,Centenary (LA),772,367,67,60,,,ASUN,,,,,,
294258,1985-01-09,,1985,regular,,final,Clemson,NC State,52,185,68,71,,ACC,ACC,,,,,,
294259,1985-01-09,,1985,regular,,final,Columbia,Fordham,58,91,72,73,,Ivy,Metro,,,,,,
294260,1985-01-09,,1985,regular,,final,Loyola Marymount,Colorado,153,56,80,71,,WCC,,,,,,,
294261,1985-01-09,,1985,regular,,final,West Texas A&M,Creighton,1440,61,61,68,,MVC,MVC,,,,,,
294262,1985-01-09,,1985,regular,,final,UC Santa Barbara,Utah State,311,329,75,78,,Big West,Big West,,,,,,
294263,1985-01-09,,1985,regular,,final,Davidson,East Tennessee State,63,75,69,58,,SoCon,SoCon,,,,,,
294264,1985-01-09,,1985,regular,,final,Indiana State,Drake,122,70,73,70,,MVC,MVC,,,,,,
294265,1985-01-09,,1985,regular,,final,Duquesne,Penn State,73,226,69,63,,A-10,A-10,,,,,,
294266,1985-01-09,,1985,regular,,final,Eastern Illinois,Texas Pan American,77,1535,78,76,,Summit,,,,,,,
294267,1985-01-09,,1985,regular,,final,Fairleigh Dickinson,St. Francis (PA),84,278,77,73,,NEC,NEC,,,,,,
294268,1985-01-09,,1985,regular,,final,Vanderbilt,Florida,336,87,64,68,,SEC,SEC,,,,,,
294269,1985-01-09,,1985,regular,,final,Cal State Fullerton,San José State,37,260,92,97,,Big West,Big West,,,,,,
294270,1985-01-09,,1985,regular,,final,Georgia State,Georgia Southern,100,99,61,77,,ASUN,ASUN,,,,,,
294271,1985-01-09,,1985,regular,,final,St. Bonaventure,George Washington,277,96,65,61,,A-10,A-10,,,,,,
294272,1985-01-09,,1985,regular,,final,New Hampshire,Holy Cross,190,111,68,67,,Am. East,Metro,,,,,,
294273,1985-01-09,,1985,regular,,final,Northern Arizona,Idaho State,206,116,65,62,,Big Sky,Big Sky,,,,,,
294274,1985-01-09,,1985,regular,,final,UIC,Utica,315,1325,59,80,,Summit,,,,,,,
294275,1985-01-09,,1985,regular,,final,Illinois,Michigan,118,170,64,58,,Big Ten,Big Ten,,,,,,
294276,1985-01-09,,1985,regular,,final,Illinois State,Southern Illinois,119,273,78,63,,MVC,MVC,,,,,,
294277,1985-01-09,,1985,regular,,final,Indiana,Northwestern,121,212,77,50,,Big Ten,Big Ten,,,,,,
294278,1985-01-09,,1985,regular,,final,Northern Iowa,Iowa State,209,125,61,69,,Summit,,,,,,,
294279,1985-01-09,,1985,regular,,final,Long Island University,Marist,146,156,59,55,,NEC,NEC,,,,,,
294280,1985-01-09,,1985,regular,,final,Temple,Massachusetts,289,161,65,39,,A-10,A-10,,,,,,
294281,1985-01-09,,1985,regular,,final,Samford,Mercer,256,164,76,69,,ASUN,ASUN,,,,,,
294282,1985-01-09,,1985,regular,,final,Purdue,Michigan State,236,169,72,81,,Big Ten,Big Ten,,,,,,
294283,1985-01-09,,1985,regular,,final,Old Dominion,Charlotte,219,48,86,60,,CAA,Sun Belt,,,,,,
294284,1985-01-09,,1985,regular,,final,SE Louisiana,UL Monroe,246,316,71,68,,Indep.,Southland,,,,,,
294285,1985-01-09,,1985,regular,,final,New Mexico,Wyoming,191,358,50,37,,UAC,UAC,,,,,,
294286,1985-01-09,,1985,regular,,final,Nicholls,Texas Southern,195,296,93,86,,,SWAC,,,,,,
294287,1985-01-09,,1985,regular,,final,Oklahoma State,UT Arlington,218,324,96,84,,,Southland,,,,,,
294288,1985-01-09,,1985,regular,,final,UNLV,Pacific,322,225,68,57,,Big West,Big West,,,,,,
294289,1985-01-09,,1985,regular,,final,West Virginia,Rhode Island,347,240,70,51,,A-10,A-10,,,,,,
294290,1985-01-09,,1985,regular,,final,Louisiana,Rider,148,243,101,70,,Indep.,,,,,,,
294291,1985-01-09,,1985,regular,,final,Wagner,Robert Morris,341,244,88,79,,NEC,NEC,,,,,,
294292,1985-01-09,,1985,regular,,final,Rutgers,Saint Joseph's,245,251,85,76,,A-10,A-10,,,,,,
294293,1985-01-09,,1985,regular,,final,San Diego,Texas State,258,297,67,56,,WCC,,,,,,,
294294,1985-01-09,,1985,regular,,final,San Diego State,Utah,257,331,76,67,,UAC,UAC,,,,,,
294295,1985-01-09,,1985,regular,,final,UCLA,Washington State,313,344,75,48,,Pac-12,Pac-12,,,,,,
294296,1985-01-09,,1985,regular,,final,Nevada,Weber State,189,345,74,76,,Big Sky,Big Sky,,,,,,
294297,1985-01-09,,1985,regular,,final,USC,Washington,323,343,50,66,,Pac-12,Pac-12,,,,,,
294298,1985-01-09,,1985,regular,,final,Western Kentucky,VCU,350,333,58,72,,Sun Belt,Sun Belt,,,,,,
294299,1985-01-10,,1985,regular,,final,Boise State,Montana,25,179,51,61,,Big Sky,Big Sky,,,,,,
294300,1985-01-10,,1985,regular,,final,Brooklyn,Maine-Farmington,414,1078,82,67,,Indep.,,,,,,,
294301,1985-01-10,,1985,regular,,final,Penn State (Beaver),Dartmouth,1353,62,83,59,,,Ivy,,,,,,
294302,1985-01-10,,1985,regular,,final,Southern,Grambling,274,103,105,75,,SWAC,SWAC,,,,,,
294303,1985-01-10,,1985,regular,,final,Princeton,Harvard,234,107,50,60,,Ivy,Ivy,,,,,,
294304,1985-01-10,,1985,regular,,final,Idaho,Montana State,117,180,74,79,,Big Sky,Big Sky,,,,,,
294305,1985-01-10,,1985,regular,,final,South Alabama,Kansas,265,131,81,90,,Sun Belt,,,,,,,
294306,1985-01-10,,1985,regular,,final,St. Francis Brooklyn,Loyola Maryland,364,152,42,61,,NEC,NEC,,,,,,
294307,1985-01-10,,1985,regular,,final,Texas A&M,SMU,293,248,60,73,,,,,,,,,
294308,1985-01-11,,1985,regular,,final,New Mexico,Air Force,191,2,91,50,,UAC,UAC,,,,,,
294309,1985-01-11,,1985,regular,,final,Murray State,Akron,184,3,64,51,,OVC,OVC,,,,,,
294310,1985-01-11,,1985,regular,,final,Alabama,Kentucky,5,135,60,58,,SEC,SEC,,,,,,
294311,1985-01-11,,1985,regular,,final,South Florida,UAB,271,305,52,58,,Sun Belt,Sun Belt,,,,,,
294312,1985-01-11,,1985,regular,,final,Alcorn State,Mississippi Valley State,7,175,88,68,,SWAC,SWAC,,,,,,
294313,1985-01-11,,1985,regular,,final,Prairie View A&M,Alabama State,232,6,52,72,,SWAC,SWAC,,,,,,
294314,1985-01-11,,1985,regular,,final,Stanford,Arizona,281,11,55,51,,Pac-12,Pac-12,,,,,,
294315,1985-01-11,,1985,regular,,final,Arkansas,Texas,12,295,64,58,,,,,,,,,
294316,1985-01-11,,1985,regular,,final,Hardin-Simmons,Little Rock,772,144,65,80,,,ASUN,,,,,,
294317,1985-01-11,,1985,regular,,final,Arkansas State,McNeese,13,162,70,76,,Southland,Southland,,,,,,
294318,1985-01-11,,1985,regular,,final,California,Arizona State,40,10,70,77,,Pac-12,Pac-12,,,,,,
294319,1985-01-11,,1985,regular,,final,Auburn,Mississippi State,16,174,62,53,,SEC,SEC,,,,,,
294320,1985-01-11,,1985,regular,,final,Tennessee State,Augusta,290,633,66,57,,Indep.,,,,,,,
294321,1985-01-11,,1985,regular,,final,Austin Peay,Youngstown State,17,361,74,72,,OVC,OVC,,,,,,
294322,1985-01-11,,1985,regular,,final,Ball State,Toledo,19,300,67,68,,MAC,MAC,,,,,,
294323,1985-01-11,,1985,regular,,final,TCU,Baylor,287,20,84,68,,,,,,,,,
294324,1985-01-11,,1985,regular,,final,Bethune-Cookman,Maryland Eastern Shore,23,159,76,61,,MEAC,MEAC,,,,,,
294325,1985-01-11,,1985,regular,,final,Ohio,Bowling Green,215,28,79,57,,MAC,MAC,,,,,,
294326,1985-01-11,,1985,regular,,final,Boston College,Seton Hall,26,263,69,66,,Big East,Big East,,,,,,
294327,1985-01-11,,1985,regular,,final,Boise State,Montana State,25,180,77,83,,Big Sky,Big Sky,,,,,,
294328,1985-01-11,,1985,regular,,final,Bradley,West Texas A&M,29,1440,65,48,,MVC,MVC,,,,,,
294329,1985-01-11,,1985,regular,,final,Rider,Bucknell,243,32,57,75,,,,,,,,,
294330,1985-01-11,,1985,regular,,final,Evansville,Butler,82,34,68,80,,Horizon,Horizon,,,,,,
294331,1985-01-11,,1985,regular,,final,San Diego State,BYU,257,18,89,70,,UAC,UAC,,,,,,
294332,1985-01-11,,1985,regular,,final,Canisius,Colgate,42,55,68,42,,Am. East,Am. East,,,,,,
294333,1985-01-11,,1985,regular,,final,Houston Christian,Centenary (LA),112,367,68,56,,ASUN,ASUN,,,,,,
294334,1985-01-11,,1985,regular,,final,East Tennessee State,The Citadel,75,299,94,90,,SoCon,SoCon,,,,,,
294335,1985-01-11,,1985,regular,,final,Wake Forest,Clemson,342,52,83,61,,ACC,ACC,,,,,,
294336,1985-01-11,,1985,regular,,final,Cleveland State,Green Bay,53,105,82,66,,Summit,Summit,,,,,,
294337,1985-01-11,,1985,regular,,final,Western Michigan,Central Michigan,351,45,98,83,,MAC,MAC,,,,,,
294338,1985-01-11,,1985,regular,,final,UConn,Pittsburgh,314,229,76,74,,Big East,Big East,,,,,,
294339,1985-01-11,,1985,regular,,final,Marist,Cornell,156,60,61,73,,NEC,Ivy,,,,,,
294340,1985-01-11,,1985,regular,,final,Tulsa,Creighton,304,61,70,66,,MVC,MVC,,,,,,
294341,1985-01-11,,1985,regular,,final,UC Santa Barbara,San José State,311,260,55,74,,Big West,Big West,,,,,,
294342,1985-01-11,,1985,regular,,final,Colorado State,Nebraska,57,188,78,88,,UAC,MVC,,,,,,
294343,1985-01-11,,1985,regular,,final,Princeton,Dartmouth,234,62,73,57,,Ivy,Ivy,,,,,,
294344,1985-01-11,,1985,regular,,final,Dayton,Cincinnati,64,51,81,66,,Indep.,,,,,,,
294345,1985-01-11,,1985,regular,,final,Lehigh,Delaware,141,66,64,63,,,,,,,,,
294346,1985-01-11,,1985,regular,,final,DePaul,Houston,65,113,69,58,,Indep.,,,,,,,
294347,1985-01-11,,1985,regular,,final,Detroit Mercy,Loyola Chicago,69,151,79,85,,Horizon,Horizon,,,,,,
294348,1985-01-11,,1985,regular,,final,Drake,Southern Illinois,70,273,68,63,,MVC,MVC,,,,,,
294349,1985-01-11,,1985,regular,,final,South Carolina State,Delaware State,267,67,69,57,,MEAC,MEAC,,,,,,
294350,1985-01-11,,1985,regular,,final,Duke,Washington,72,343,71,59,,ACC,Pac-12,,,,,,
294351,1985-01-11,,1985,regular,,final,Duquesne,Rhode Island,73,240,63,72,,A-10,A-10,,,,,,
294352,1985-01-11,,1985,regular,,final,East Carolina,William & Mary,74,353,53,67,,CAA,CAA,,,,,,
294353,1985-01-11,,1985,regular,,final,Eastern Illinois,Northern Iowa,77,209,82,63,,Summit,Summit,,,,,,
294354,1985-01-11,,1985,regular,,final,Tennessee Tech,Eastern Kentucky,291,78,58,57,,OVC,OVC,,,,,,
294355,1985-01-11,,1985,regular,,final,Miami (OH),Eastern Michigan,167,79,58,48,,MAC,MAC,,,,,,
294356,1985-01-11,,1985,regular,,final,Fairleigh Dickinson,Robert Morris,84,244,76,63,,NEC,NEC,,,,,,
294357,1985-01-11,,1985,regular,,final,Florida,Ole Miss,87,220,82,64,,SEC,SEC,,,,,,
294358,1985-01-11,,1985,regular,,final,Fairfield,Fordham,83,91,72,74,,Metro,Metro,,,,,,
294359,1985-01-11,,1985,regular,,final,UNLV,Fresno State,322,92,70,58,,Big West,Big West,,,,,,
294360,1985-01-11,,1985,regular,,final,Florida State,Louisville,90,150,62,63,,,,,,,,,
294361,1985-01-11,,1985,regular,,final,Cal State Fullerton,Utah State,37,329,73,72,,Big West,Big West,,,,,,
294362,1985-01-11,,1985,regular,,final,Western Carolina,Furman,348,93,66,61,,SoCon,SoCon,,,,,,
294363,1985-01-11,,1985,regular,,final,George Mason,Radford,95,239,82,57,,CAA,Indep.,,,,,,
294364,1985-01-11,,1985,regular,,final,Georgia,Vanderbilt,98,336,80,73,,SEC,SEC,,,,,,
294365,1985-01-11,,1985,regular,,final,Georgia State,Mercer,100,164,82,93,,ASUN,ASUN,,,,,,
294367,1985-01-11,,1985,regular,,final,Samford,Georgia Southern,256,99,58,63,,ASUN,ASUN,,,,,,
294368,1985-01-11,,1985,regular,,final,Villanova,Georgetown,338,97,50,52,,Big East,Big East,,,,,,
294369,1985-01-11,,1985,regular,,final,Penn State (Beaver),Harvard,1353,107,75,77,,,Ivy,,,,,,
294370,1985-01-11,,1985,regular,,final,Hawai'i,Utah,108,331,54,76,,UAC,UAC,,,,,,
294371,1985-01-11,,1985,regular,,final,Holy Cross,Manhattan,111,155,76,66,,Metro,Metro,,,,,,
294372,1985-01-11,,1985,regular,,final,North Carolina A&T,Howard,198,114,64,53,,MEAC,MEAC,,,,,,
294373,1985-01-11,,1985,regular,,final,Idaho,Montana,117,179,54,60,,Big Sky,Big Sky,,,,,,
294374,1985-01-11,,1985,regular,,final,Nevada,Idaho State,189,116,102,82,,Big Sky,Big Sky,,,,,,
294375,1985-01-11,,1985,regular,,final,UIC,Valparaiso,315,335,84,64,,Summit,Summit,,,,,,
294376,1985-01-11,,1985,regular,,final,Illinois,Michigan State,118,169,75,63,,Big Ten,Big Ten,,,,,,
294377,1985-01-11,,1985,regular,,final,Illinois State,Wichita State,119,352,86,80,,MVC,MVC,,,,,,
294378,1985-01-11,,1985,regular,,final,Indiana,Wisconsin,121,355,90,68,,Big Ten,Big Ten,,,,,,
294379,1985-01-11,,1985,regular,,final,New Orleans,Iona,193,123,66,72,,Indep.,Metro,,,,,,
294380,1985-01-11,,1985,regular,,final,Minnesota,Iowa,173,124,65,57,,Big Ten,Big Ten,,,,,,
294381,1985-01-11,,1985,regular,,final,Charlotte,Jacksonville,48,127,72,82,,Sun Belt,Sun Belt,,,,,,
294382,1985-01-11,,1985,regular,,final,Navy,James Madison,187,129,79,65,,CAA,CAA,,,,,,
294383,1985-01-11,,1985,regular,,final,Texas Southern,Jackson State,296,126,60,54,,SWAC,SWAC,,,,,,
294384,1985-01-11,,1985,regular,,final,Kansas State,Oregon State,132,224,55,56,,,Pac-12,,,,,,
294385,1985-01-11,,1985,regular,,final,Kent State,Northern Illinois,134,208,64,56,,MAC,MAC,,,,,,
294386,1985-01-11,,1985,regular,,final,Towson,Lafayette,301,138,59,75,,,,,,,,,
294387,1985-01-11,,1985,regular,,final,Lamar,Texas Pan American,139,1535,73,66,,Southland,,,,,,,
294388,1985-01-11,,1985,regular,,final,Saint Peter's,La Salle,254,137,60,59,,Metro,Metro,,,,,,
294389,1985-01-11,,1985,regular,,final,Long Beach State,New Mexico State,145,192,79,85,,Big West,Big West,,,,,,
294390,1985-01-11,,1985,regular,,final,Long Island University,Loyola Maryland,146,152,74,66,,NEC,NEC,,,,,,
294391,1985-01-11,,1985,regular,,final,UT Arlington,Louisiana Tech,324,149,65,76,,Southland,Southland,,,,,,
294392,1985-01-11,,1985,regular,,final,LSU,Tennessee,136,292,75,65,,SEC,SEC,,,,,,
294393,1985-01-11,,1985,regular,,final,West Virginia,Massachusetts,347,161,82,59,,A-10,A-10,,,,,,
294394,1985-01-11,,1985,regular,,final,Middle Tennessee,Morehead State,171,181,75,63,,OVC,OVC,,,,,,
294395,1985-01-11,,1985,regular,,final,Memphis,Southern Miss,163,275,82,60,,,,,,,,,
294396,1985-01-11,,1985,regular,,final,Purdue,Michigan,236,170,65,81,,Big Ten,Big Ten,,,,,,
294397,1985-01-11,,1985,regular,,final,Monmouth,Morgan State,178,182,88,72,,Indep.,MEAC,,,,,,
294398,1985-01-11,,1985,regular,,final,Marquette,Notre Dame,157,213,62,63,,Indep.,Indep.,,,,,,
294399,1985-01-11,,1985,regular,,final,Marshall,Chattanooga,158,49,63,64,,SoCon,SoCon,,,,,,
294400,1985-01-11,,1985,regular,,final,Northern Arizona,Weber State,206,345,75,68,,Big Sky,Big Sky,,,,,,
294401,1985-01-11,,1985,regular,,final,UNC Wilmington,Richmond,321,242,52,75,,CAA,CAA,,,,,,
294402,1985-01-11,,1985,regular,,final,Yale,New Hampshire,360,190,65,63,,Ivy,Am. East,,,,,,
294403,1985-01-11,,1985,regular,,final,UL Monroe,North Texas,316,204,77,64,,Southland,Southland,,,,,,
294404,1985-01-11,,1985,regular,,final,Niagara,Vermont,194,337,65,54,,Am. East,Am. East,,,,,,
294405,1985-01-11,,1985,regular,,final,Siena,Northeastern,264,205,68,88,,Am. East,Am. East,,,,,,
294406,1985-01-11,,1985,regular,,final,Ohio State,Northwestern,216,212,79,59,,Big Ten,Big Ten,,,,,,
294407,1985-01-11,,1985,regular,,final,Oklahoma,Northwestern State,217,211,98,62,,,,,,,,,
294408,1985-01-11,,1985,regular,,final,Oral Roberts,Oklahoma City,222,1476,66,62,,Horizon,,,,,,,
294409,1985-01-11,,1985,regular,,final,Old Dominion,Western Kentucky,219,350,84,76,,CAA,Sun Belt,,,,,,
294410,1985-01-11,,1985,regular,,final,UC Irvine,Pacific,308,225,69,64,,Big West,Big West,,,,,,
294411,1985-01-11,,1985,regular,,final,Pepperdine,Texas State,228,297,87,70,,WCC,,,,,,,
294412,1985-01-11,,1985,regular,,final,Providence,Syracuse,235,286,63,71,,Big East,Big East,,,,,,
294413,1985-01-11,,1985,regular,,final,Penn State,Rutgers,226,245,71,88,,A-10,A-10,,,,,,
294414,1985-01-11,,1985,regular,,final,Virginia Tech,South Carolina,340,266,109,68,,,,,,,,,
294415,1985-01-11,,1985,regular,,final,Wagner,St. Francis (PA),341,278,108,91,,NEC,NEC,,,,,,
294416,1985-01-11,,1985,regular,,final,St. Bonaventure,Saint Joseph's,277,251,56,76,,A-10,A-10,,,,,,
294417,1985-01-11,,1985,regular,,final,Stetson,Louisiana,283,148,65,77,,Indep.,Indep.,,,,,,
294418,1985-01-11,,1985,regular,,final,Saint Louis,Xavier,252,359,77,67,,Horizon,Horizon,,,,,,
294419,1985-01-11,,1985,regular,,final,Saint Mary's,U.S. International,253,433,104,52,,WCC,Indep.,,,,,,
294420,1985-01-11,,1985,regular,,final,Missouri State,Western Illinois,176,349,61,55,,Summit,Summit,,,,,,
294421,1985-01-11,,1985,regular,,final,Virginia,North Carolina,339,200,61,65,,ACC,ACC,,,,,,
294422,1985-01-11,,1985,regular,,final,USC,Washington State,323,344,69,62,,Pac-12,Pac-12,,,,,,
294423,1985-01-11,,1985,regular,,final,UTEP,Wyoming,327,358,77,59,,UAC,UAC,,,,,,
294424,1985-01-12,,1985,regular,,final,Texas Tech,Rice,298,241,78,54,,,,,,,,,
294426,1985-01-13,,1985,regular,,final,Austin Peay,Akron,17,3,54,52,,OVC,OVC,,,,,,
294427,1985-01-13,,1985,regular,,final,Alcorn State,Grambling,7,103,73,54,,SWAC,SWAC,,,,,,
294428,1985-01-13,,1985,regular,,final,Texas Southern,Alabama State,296,6,74,67,,SWAC,SWAC,,,,,,
294429,1985-01-13,,1985,regular,,final,App State,Marshall,9,158,57,76,,SoCon,SoCon,,,,,,
294430,1985-01-13,,1985,regular,,final,Army,Robert Morris,15,244,83,77,,Metro,NEC,,,,,,
294431,1985-01-13,,1985,regular,,final,Arkansas State,Tennessee State,13,290,62,61,,Southland,Indep.,,,,,,
294432,1985-01-13,,1985,regular,,final,Boston University,Marist,27,156,45,51,,Am. East,NEC,,,,,,
294433,1985-01-13,,1985,regular,,final,Indiana State,Bradley,122,29,76,74,,MVC,MVC,,,,,,
294434,1985-01-13,,1985,regular,,final,Saint Louis,Butler,252,34,71,54,,Horizon,Horizon,,,,,,
294435,1985-01-13,,1985,regular,,final,Campbell,Radford,41,239,57,81,,Indep.,Indep.,,,,,,
294436,1985-01-13,,1985,regular,,final,Canisius,Vermont,42,337,70,48,,Am. East,Am. East,,,,,,
294437,1985-01-13,,1985,regular,,final,Jacksonville,UCF,127,312,64,49,,Sun Belt,Indep.,,,,,,
294438,1985-01-13,,1985,regular,,final,Chicago State,Utica,50,1325,66,57,,Indep.,,,,,,,
294439,1985-01-13,,1985,regular,,final,The Citadel,Furman,299,93,73,65,,SoCon,SoCon,,,,,,
294440,1985-01-13,,1985,regular,,final,Lehigh,Columbia,141,58,47,53,,,Ivy,,,,,,
294441,1985-01-13,,1985,regular,,final,Cleveland State,UIC,53,315,72,75,,Summit,Summit,,,,,,
294442,1985-01-13,,1985,regular,,final,DePaul,Old Dominion,65,219,64,58,,Indep.,CAA,,,,,,
294443,1985-01-13,,1985,regular,,final,North Carolina A&T,Delaware State,198,67,52,48,,MEAC,MEAC,,,,,,
294444,1985-01-13,,1985,regular,,final,Maryland,Duke,160,72,78,76,,ACC,ACC,,,,,,
294445,1985-01-13,,1985,regular,,final,Duquesne,West Virginia,73,347,62,72,,A-10,A-10,,,,,,
294446,1985-01-13,,1985,regular,,final,Middle Tennessee,Eastern Kentucky,171,78,45,43,,OVC,OVC,,,,,,
294447,1985-01-13,,1985,regular,,final,East Tennessee State,Western Carolina,75,348,65,86,,SoCon,SoCon,,,,,,
294448,1985-01-13,,1985,regular,,final,Evansville,Xavier,82,359,77,71,,Horizon,Horizon,,,,,,
294449,1985-01-13,,1985,regular,,final,Idaho State,Eastern Washington,116,80,53,66,,Big Sky,Indep.,,,,,,
294450,1985-01-13,,1985,regular,,final,Florida A&M,Samford,85,256,74,77,,Indep.,ASUN,,,,,,
294451,1985-01-13,,1985,regular,,final,Virginia Tech,Florida State,340,90,85,71,,,,,,,,,
294452,1985-01-13,,1985,regular,,final,Charlotte,Georgia Tech,48,101,68,86,,Sun Belt,ACC,,,,,,
294453,1985-01-13,,1985,regular,,final,Wagner,Hofstra,341,110,67,71,,NEC,,,,,,,
294454,1985-01-13,,1985,regular,,final,South Carolina State,Howard,267,114,64,65,,MEAC,MEAC,,,,,,
294455,1985-01-13,,1985,regular,,final,VCU,James Madison,333,129,65,52,,Sun Belt,CAA,,,,,,
294456,1985-01-13,,1985,regular,,final,Prairie View A&M,Jackson State,232,126,91,79,,SWAC,SWAC,,,,,,
294457,1985-01-13,,1985,regular,,final,Lamar,Louisiana,139,148,77,64,,Southland,Indep.,,,,,,
294458,1985-01-13,,1985,regular,,final,Long Island University,Monmouth,146,178,73,75,,NEC,Indep.,,,,,,
294459,1985-01-13,,1985,regular,,final,Maine-Farmington,St. Francis Brooklyn,1078,364,85,65,,,NEC,,,,,,
294460,1985-01-13,,1985,regular,,final,Memphis,Tulane,163,303,56,52,,,,,,,,,
294461,1985-01-13,,1985,regular,,final,Mercer,Stetson,164,283,53,61,,ASUN,Indep.,,,,,,
294462,1985-01-13,,1985,regular,,final,Tennessee Tech,Morehead State,291,181,76,64,,OVC,OVC,,,,,,
294463,1985-01-13,,1985,regular,,final,Murray State,Youngstown State,184,361,66,62,,OVC,OVC,,,,,,
294464,1985-01-13,,1985,regular,,final,Southern,Mississippi Valley State,274,175,105,98,,SWAC,SWAC,,,,,,
294465,1985-01-13,,1985,regular,,final,Missouri State,Northern Iowa,176,209,57,62,,Summit,Summit,,,,,,
294466,1985-01-13,,1985,regular,,final,UC Irvine,New Mexico State,308,192,89,91,,Big West,Big West,,,,,,
294467,1985-01-13,,1985,regular,,final,Tulsa,Oral Roberts,304,222,71,61,,MVC,Horizon,,,,,,
294468,1985-01-13,,1985,regular,,final,Pittsburgh,St. John's,229,279,56,87,,Big East,Big East,,,,,,
294469,1985-01-13,,1985,regular,,final,West Texas A&M,Texas A&M-San Antonio,1440,583,78,76,,MVC,,,,,,,
294470,1985-01-13,,1985,regular,,final,VMI,Chattanooga,334,49,60,78,,SoCon,SoCon,,,,,,
294471,1985-01-13,,1985,regular,,final,Valparaiso,Green Bay,335,105,53,47,,Summit,Summit,,,,,,
294472,1985-01-14,,1985,regular,,final,Bowling Green,Central Michigan,28,45,66,58,,MAC,MAC,,,,,,
294473,1985-01-14,,1985,regular,,final,Villanova,Boston College,338,26,85,66,,Big East,Big East,,,,,,
294474,1985-01-14,,1985,regular,,final,Yale,Brown,360,30,83,82,,Ivy,Ivy,,,,,,
294475,1985-01-14,,1985,regular,,final,Colgate,Niagara,55,194,44,54,,Am. East,Am. East,,,,,,
294476,1985-01-14,,1985,regular,,final,Dayton,Western Kentucky,64,350,53,51,,Indep.,Sun Belt,,,,,,
294477,1985-01-14,,1985,regular,,final,Fordham,Saint Peter's,91,254,62,55,,Metro,Metro,,,,,,
294478,1985-01-14,,1985,regular,,final,La Salle,Manhattan,137,155,85,74,,Metro,Metro,,,,,,
294479,1985-01-14,,1985,regular,,final,Penn State (Beaver),Virginia,1353,339,50,60,,,ACC,,,,,,
294480,1985-01-14,,1985,regular,,final,Weber State,U.S. International,345,433,90,51,,Big Sky,Indep.,,,,,,
294481,1985-01-15,,1985,regular,,final,Air Force,Wyoming,2,358,75,77,,UAC,UAC,,,,,,
294482,1985-01-15,,1985,regular,,final,Akron,Cleveland State,3,53,50,52,,OVC,Summit,,,,,,
294483,1985-01-15,,1985,regular,,final,Auburn,Alabama,16,5,55,60,,SEC,SEC,,,,,,
294484,1985-01-15,,1985,regular,,final,Jacksonville,UAB,127,305,64,69,,Sun Belt,Sun Belt,,,,,,
294485,1985-01-15,,1985,regular,,final,Texas Tech,Arkansas,298,12,64,48,,,,,,,,,
294486,1985-01-15,,1985,regular,,final,Fairfield,Army,83,15,68,69,,Metro,Metro,,,,,,
294487,1985-01-15,,1985,regular,,final,Augusta,Georgia State,633,100,85,69,,,ASUN,,,,,,
294488,1985-01-15,,1985,regular,,final,Northern Illinois,Ball State,208,19,86,71,,MAC,MAC,,,,,,
294489,1985-01-15,,1985,regular,,final,Baylor,Texas,20,295,65,68,,,,,,,,,
294490,1985-01-15,,1985,regular,,final,Delaware,Bucknell,66,32,76,82,,,,,,,,,
294491,1985-01-15,,1985,regular,,final,Butler,Western Illinois,34,349,64,55,,Horizon,Summit,,,,,,
294492,1985-01-15,,1985,regular,,final,Western Carolina,Campbell,348,41,84,63,,SoCon,Indep.,,,,,,
294493,1985-01-15,,1985,regular,,final,Cincinnati,South Carolina,51,266,73,51,,,,,,,,,
294494,1985-01-15,,1985,regular,,final,Maryland,Clemson,160,52,94,84,,ACC,ACC,,,,,,
294495,1985-01-15,,1985,regular,,final,Oklahoma State,Colorado,218,56,94,76,,,,,,,,,
294496,1985-01-15,,1985,regular,,final,UC Santa Barbara,UNLV,311,322,76,93,,Big West,Big West,,,,,,
294497,1985-01-15,,1985,regular,,final,Drexel,Rider,71,243,74,76,,,,,,,,,
294498,1985-01-15,,1985,regular,,final,Eastern Michigan,Ohio,79,215,66,73,,MAC,MAC,,,,,,
294499,1985-01-15,,1985,regular,,final,Idaho,Eastern Washington,117,80,69,66,,Big Sky,Indep.,,,,,,
294500,1985-01-15,,1985,regular,,final,Marist,Fairleigh Dickinson,156,84,64,56,,NEC,NEC,,,,,,
294501,1985-01-15,,1985,regular,,final,Florida,Georgia,87,98,60,71,,SEC,SEC,,,,,,
294502,1985-01-15,,1985,regular,,final,George Mason,Richmond,95,242,75,76,,CAA,CAA,,,,,,
294503,1985-01-15,,1985,regular,,final,Georgetown,Providence,97,235,85,44,,Big East,Big East,,,,,,
294504,1985-01-15,,1985,regular,,final,Notre Dame,Holy Cross,213,111,96,61,,Indep.,Metro,,,,,,
294505,1985-01-15,,1985,regular,,final,Rice,Houston,241,113,73,77,,,,,,,,,
294506,1985-01-15,,1985,regular,,final,Kentucky,Mississippi State,135,174,58,57,,SEC,SEC,,,,,,
294507,1985-01-15,,1985,regular,,final,Nebraska,Kansas State,188,132,75,63,,MVC,,,,,,,
294508,1985-01-15,,1985,regular,,final,Kent State,Western Michigan,134,351,89,81,,MAC,MAC,,,,,,
294509,1985-01-15,,1985,regular,,final,Lafayette,Navy,138,187,71,74,,,CAA,,,,,,
294510,1985-01-15,,1985,regular,,final,Towson,Lehigh,301,141,72,69,,,,,,,,,
294511,1985-01-15,,1985,regular,,final,Loyola Maryland,Wagner,152,341,65,64,,NEC,NEC,,,,,,
294512,1985-01-15,,1985,regular,,final,Southern Miss,Louisville,275,150,72,63,,,,,,,,,
294513,1985-01-15,,1985,regular,,final,Maine-Farmington,New Hampshire,1078,190,56,51,,,Am. East,,,,,,
294514,1985-01-15,,1985,regular,,final,Toledo,Miami (OH),300,167,74,65,,MAC,MAC,,,,,,
294515,1985-01-15,,1985,regular,,final,Marquette,Utica,157,1325,55,53,,Indep.,,,,,,,
294516,1985-01-15,,1985,regular,,final,Oklahoma,Missouri,217,177,92,65,,,,,,,,,
294517,1985-01-15,,1985,regular,,final,North Carolina,NC State,200,185,86,76,,ACC,ACC,,,,,,
294518,1985-01-15,,1985,regular,,final,Pacific,New Mexico State,225,192,61,59,,Big West,Big West,,,,,,
294519,1985-01-15,,1985,regular,,final,Northwestern,Purdue,212,236,49,50,,Big Ten,Big Ten,,,,,,
294520,1985-01-15,,1985,regular,,final,Texas Pan American,Stetson,1535,283,59,66,,,Indep.,,,,,,
294521,1985-01-15,,1985,regular,,final,Texas Southern,SE Louisiana,296,246,67,56,,SWAC,Indep.,,,,,,
294522,1985-01-15,,1985,regular,,final,Seton Hall,Syracuse,263,286,80,90,,Big East,Big East,,,,,,
294523,1985-01-15,,1985,regular,,final,TCU,Texas A&M,287,293,60,65,,,,,,,,,
294524,1985-01-15,,1985,regular,,final,Tennessee,Vanderbilt,292,336,87,79,,SEC,SEC,,,,,,
294525,1985-01-16,,1985,regular,,final,Air Force,BYU,2,18,72,79,,UAC,UAC,,,,,,
294526,1985-01-16,,1985,regular,,final,App State,VMI,9,334,47,52,,SoCon,SoCon,,,,,,
294527,1985-01-16,,1985,regular,,final,Arizona,USC,11,323,63,64,,Pac-12,Pac-12,,,,,,
294528,1985-01-16,,1985,regular,,final,Arizona State,UCLA,10,313,61,64,,Pac-12,Pac-12,,,,,,
294529,1985-01-16,,1985,regular,,final,Washington,California,343,40,72,54,,Pac-12,Pac-12,,,,,,
294530,1985-01-16,,1985,regular,,final,Centenary (LA),Samford,367,256,63,71,,ASUN,ASUN,,,,,,
294531,1985-01-16,,1985,regular,,final,UCF,Florida A&M,312,85,70,63,,Indep.,Indep.,,,,,,
294532,1985-01-16,,1985,regular,,final,Chicago State,Green Bay,50,105,82,60,,Indep.,Summit,,,,,,
294533,1985-01-16,,1985,regular,,final,Chattanooga,The Citadel,49,299,91,82,,SoCon,SoCon,,,,,,
294534,1985-01-16,,1985,regular,,final,Creighton,Southern Illinois,61,273,96,90,,MVC,MVC,,,,,,
294535,1985-01-16,,1985,regular,,final,Gonzaga,Santa Clara,102,261,60,68,,WCC,WCC,,,,,,
294536,1985-01-16,,1985,regular,,final,Colorado State,Utah,57,331,77,69,,UAC,UAC,,,,,,
294537,1985-01-16,,1985,regular,,final,West Texas A&M,Drake,1440,70,65,63,,MVC,MVC,,,,,,
294538,1985-01-16,,1985,regular,,final,Duke,Wake Forest,72,342,89,91,,ACC,ACC,,,,,,
294539,1985-01-16,,1985,regular,,final,Rutgers,Duquesne,245,73,74,62,,A-10,A-10,,,,,,
294540,1985-01-16,,1985,regular,,final,East Tennessee State,Furman,75,93,54,78,,SoCon,SoCon,,,,,,
294541,1985-01-16,,1985,regular,,final,Evansville,New Orleans,82,193,69,64,,Horizon,Indep.,,,,,,
294542,1985-01-16,,1985,regular,,final,Hartford,Fordham,363,91,70,77,,Am. East,Metro,,,,,,
294543,1985-01-16,,1985,regular,,final,Fresno State,Long Beach State,92,145,60,56,,Big West,Big West,,,,,,
294544,1985-01-16,,1985,regular,,final,UC Irvine,Cal State Fullerton,308,37,80,89,,Big West,Big West,,,,,,
294545,1985-01-16,,1985,regular,,final,Georgia Tech,Monmouth,101,178,96,66,,ACC,Indep.,,,,,,
294546,1985-01-16,,1985,regular,,final,George Washington,Penn State,96,226,69,65,,A-10,A-10,,,,,,
294547,1985-01-16,,1985,regular,,final,Georgia Southern,Houston Christian,99,112,61,48,,ASUN,ASUN,,,,,,
294548,1985-01-16,,1985,regular,,final,Mercer,Hardin-Simmons,164,772,88,73,,ASUN,,,,,,,
294549,1985-01-16,,1985,regular,,final,Wisconsin,Illinois,355,118,67,78,,Big Ten,Big Ten,,,,,,
294550,1985-01-16,,1985,regular,,final,Illinois State,Tulsa,119,304,69,79,,MVC,MVC,,,,,,
294551,1985-01-16,,1985,regular,,final,Wichita State,Indiana State,352,122,84,80,,MVC,MVC,,,,,,
294552,1985-01-16,,1985,regular,,final,Kansas,Iowa State,131,125,76,72,,,,,,,,,
294553,1985-01-16,,1985,regular,,final,Michigan State,Iowa,169,124,65,79,,Big Ten,Big Ten,,,,,,
294554,1985-01-16,,1985,regular,,final,Lamar,McNeese,139,162,73,84,,Southland,Southland,,,,,,
294555,1985-01-16,,1985,regular,,final,Robert Morris,Long Island University,244,146,57,55,,NEC,NEC,,,,,,
294556,1985-01-16,,1985,regular,,final,Loyola Marymount,Pepperdine,153,228,62,77,,WCC,WCC,,,,,,
294557,1985-01-16,,1985,regular,,final,Louisiana Tech,North Texas,149,204,68,50,,Southland,Southland,,,,,,
294558,1985-01-16,,1985,regular,,final,Ole Miss,LSU,220,136,68,65,,SEC,SEC,,,,,,
294559,1985-01-16,,1985,regular,,final,Massachusetts,Saint Joseph's,161,251,89,80,,A-10,A-10,,,,,,
294560,1985-01-16,,1985,regular,,final,Maryland Eastern Shore,Morgan State,159,182,72,63,,MEAC,MEAC,,,,,,
294561,1985-01-16,,1985,regular,,final,Michigan,Minnesota,170,173,97,56,,Big Ten,Big Ten,,,,,,
294562,1985-01-16,,1985,regular,,final,Charlotte,VCU,48,333,75,85,,Sun Belt,Sun Belt,,,,,,
294563,1985-01-16,,1985,regular,,final,William & Mary,UNC Wilmington,353,321,79,68,,CAA,CAA,,,,,,
294564,1985-01-16,,1985,regular,,final,UL Monroe,UT Arlington,316,324,77,80,,Southland,Southland,,,,,,
294565,1985-01-16,,1985,regular,,final,Nicholls,Texas State,195,297,89,56,,,,,,,,,
294566,1985-01-16,,1985,regular,,final,Old Dominion,South Florida,219,271,74,62,,CAA,Sun Belt,,,,,,
294567,1985-01-16,,1985,regular,,final,Washington State,Oregon,344,223,72,74,,Pac-12,Pac-12,,,,,,
294568,1985-01-16,,1985,regular,,final,Portland,Saint Mary's,230,253,58,64,,WCC,WCC,,,,,,
294569,1985-01-16,,1985,regular,,final,Rhode Island,Temple,240,289,49,57,,A-10,A-10,,,,,,
294570,1985-01-16,,1985,regular,,final,South Alabama,Western Kentucky,265,350,77,64,,Sun Belt,Sun Belt,,,,,,
294571,1985-01-16,,1985,regular,,final,St. Francis (PA),St. Francis Brooklyn,278,364,81,60,,NEC,NEC,,,,,,
294572,1985-01-16,,1985,regular,,final,West Virginia,St. Bonaventure,347,277,64,58,,A-10,A-10,,,,,,
294573,1985-01-16,,1985,regular,,final,Valparaiso,Utica,335,1325,47,64,,Summit,,,,,,,
294574,1985-01-17,,1985,regular,,final,Evansville,Detroit Mercy,82,69,75,89,,Horizon,Horizon,,,,,,
294575,1985-01-17,,1985,regular,,final,Harvard,Holy Cross,107,111,67,66,,Ivy,Metro,,,,,,
294576,1985-01-17,,1985,regular,,final,UTEP,Hawai'i,327,108,85,66,,UAC,UAC,,,,,,
294577,1985-01-17,,1985,regular,,final,Vermont,Maine-Farmington,337,1078,76,60,,Am. East,,,,,,,
294578,1985-01-17,,1985,regular,,final,Montana,Nevada,179,189,80,69,,Big Sky,Big Sky,,,,,,
294579,1985-01-17,,1985,regular,,final,Montana State,Northern Arizona,180,206,58,62,,Big Sky,Big Sky,,,,,,
294580,1985-01-17,,1985,regular,,final,New Mexico,San Diego State,191,257,94,85,,UAC,UAC,,,,,,
294581,1985-01-18,,1985,regular,,final,Akron,Tennessee Tech,3,291,42,57,,OVC,OVC,,,,,,
294582,1985-01-18,,1985,regular,,final,Tennessee,Alabama,292,5,79,67,,SEC,SEC,,,,,,
294583,1985-01-18,,1985,regular,,final,Western Kentucky,UAB,350,305,66,68,,Sun Belt,Sun Belt,,,,,,
294584,1985-01-18,,1985,regular,,final,Alcorn State,Jackson State,7,126,105,70,,SWAC,SWAC,,,,,,
294585,1985-01-18,,1985,regular,,final,Alabama State,Southern,6,274,73,71,,SWAC,SWAC,,,,,,
294586,1985-01-18,,1985,regular,,final,American University,UNC Wilmington,8,321,71,75,,CAA,CAA,,,,,,
294587,1985-01-18,,1985,regular,,final,Arizona,UCLA,11,313,53,52,,Pac-12,Pac-12,,,,,,
294588,1985-01-18,,1985,regular,,final,Houston,Arkansas,113,12,78,73,,,,,,,,,
294589,1985-01-18,,1985,regular,,final,Army,Saint Peter's,15,254,72,70,,Metro,Metro,,,,,,
294590,1985-01-18,,1985,regular,,final,UT Arlington,Arkansas State,324,13,61,73,,Southland,Southland,,,,,,
294591,1985-01-18,,1985,regular,,final,Arizona State,USC,10,323,54,73,,Pac-12,Pac-12,,,,,,
294592,1985-01-18,,1985,regular,,final,Georgia,Auburn,98,16,97,80,,SEC,SEC,,,,,,
294593,1985-01-18,,1985,regular,,final,Campbell,Augusta,41,633,63,69,,Indep.,,,,,,,
294594,1985-01-18,,1985,regular,,final,Morehead State,Austin Peay,181,17,61,63,,OVC,OVC,,,,,,
294595,1985-01-18,,1985,regular,,final,Ball State,Kent State,19,134,80,74,,MAC,MAC,,,,,,
294596,1985-01-18,,1985,regular,,final,Baylor,Texas Tech,20,298,71,92,,,,,,,,,
294597,1985-01-18,,1985,regular,,final,Bethune-Cookman,North Carolina A&T,23,198,46,66,,MEAC,MEAC,,,,,,
294598,1985-01-18,,1985,regular,,final,Western Michigan,Bowling Green,351,28,92,93,,MAC,MAC,,,,,,
294600,1985-01-18,,1985,regular,,final,Boise State,Idaho,25,117,76,68,,Big Sky,Big Sky,,,,,,
294601,1985-01-18,,1985,regular,,final,New Hampshire,Boston University,190,27,64,81,,Am. East,Am. East,,,,,,
294602,1985-01-18,,1985,regular,,final,Bradley,Tulsa,29,304,56,69,,MVC,MVC,,,,,,
294603,1985-01-18,,1985,regular,,final,Brown,Dartmouth,30,62,56,53,,Ivy,Ivy,,,,,,
294604,1985-01-18,,1985,regular,,final,Bucknell,Drexel,32,71,60,62,,,,,,,,,
294605,1985-01-18,,1985,regular,,final,Butler,Oklahoma City,34,1476,65,49,,Horizon,,,,,,,
294606,1985-01-18,,1985,regular,,final,Colorado State,BYU,57,18,64,65,,UAC,UAC,,,,,,
294607,1985-01-18,,1985,regular,,final,California,Stanford,40,281,87,72,,Pac-12,Pac-12,,,,,,
294608,1985-01-18,,1985,regular,,final,Niagara,Canisius,194,42,67,74,,Am. East,Am. East,,,,,,
294609,1985-01-18,,1985,regular,,final,Illinois State,Chicago State,119,50,79,66,,MVC,Indep.,,,,,,
294610,1985-01-18,,1985,regular,,final,Tulane,Cincinnati,303,51,56,51,,,,,,,,,
294611,1985-01-18,,1985,regular,,final,Clemson,Virginia,52,339,82,62,,ACC,ACC,,,,,,
294612,1985-01-18,,1985,regular,,final,Northeastern,Colgate,205,55,63,56,,Am. East,Am. East,,,,,,
294613,1985-01-18,,1985,regular,,final,Cornell,Columbia,60,58,57,64,,Ivy,Ivy,,,,,,
294614,1985-01-18,,1985,regular,,final,Northern Iowa,Cleveland State,209,53,64,66,,Summit,Summit,,,,,,
294615,1985-01-18,,1985,regular,,final,Central Michigan,Eastern Michigan,45,79,76,79,,MAC,MAC,,,,,,
294616,1985-01-18,,1985,regular,,final,Colorado,Kansas State,56,132,74,63,,,,,,,,,
294617,1985-01-18,,1985,regular,,final,Syracuse,UConn,286,314,68,70,,Big East,Big East,,,,,,
294618,1985-01-18,,1985,regular,,final,UC Santa Barbara,UC Irvine,311,308,70,67,,Big West,Big West,,,,,,
294619,1985-01-18,,1985,regular,,final,Portland,Santa Clara,230,261,59,64,,WCC,WCC,,,,,,
294620,1985-01-18,,1985,regular,,final,Davidson,Marshall,63,158,74,80,,SoCon,SoCon,,,,,,
294621,1985-01-18,,1985,regular,,final,Dayton,Towson,64,301,70,55,,Indep.,,,,,,,
294622,1985-01-18,,1985,regular,,final,Delaware,Hofstra,66,110,89,77,,,,,,,,,
294623,1985-01-18,,1985,regular,,final,Detroit Mercy,Saint Louis,69,252,61,49,,Horizon,Horizon,,,,,,
294624,1985-01-18,,1985,regular,,final,Wichita State,Drake,352,70,81,65,,MVC,MVC,,,,,,
294625,1985-01-18,,1985,regular,,final,Howard,Delaware State,114,67,66,58,,MEAC,MEAC,,,,,,
294626,1985-01-18,,1985,regular,,final,North Carolina,Duke,200,72,77,93,,ACC,ACC,,,,,,
294627,1985-01-18,,1985,regular,,final,Richmond,East Carolina,242,74,63,50,,CAA,CAA,,,,,,
294628,1985-01-18,,1985,regular,,final,Eastern Illinois,Missouri State,77,176,50,46,,Summit,Summit,,,,,,
294629,1985-01-18,,1985,regular,,final,Eastern Kentucky,Murray State,78,184,53,51,,OVC,OVC,,,,,,
294630,1985-01-18,,1985,regular,,final,Loyola Chicago,Evansville,151,82,94,89,,Horizon,Horizon,,,,,,
294631,1985-01-18,,1985,regular,,final,Wagner,Fairleigh Dickinson,341,84,72,82,,NEC,NEC,,,,,,
294632,1985-01-18,,1985,regular,,final,Kentucky,Florida,135,87,55,67,,SEC,SEC,,,,,,
294633,1985-01-18,,1985,regular,,final,Manhattan,Fordham,155,91,67,73,,Metro,Metro,,,,,,
294634,1985-01-18,,1985,regular,,final,Fresno State,New Mexico State,92,192,70,59,,Big West,Big West,,,,,,
294635,1985-01-18,,1985,regular,,final,Iona,Fairfield,123,83,110,97,,Metro,Metro,,,,,,
294636,1985-01-18,,1985,regular,,final,NC State,Florida State,185,90,72,66,,ACC,,,,,,,
294637,1985-01-18,,1985,regular,,final,Furman,Chattanooga,93,49,51,73,,SoCon,SoCon,,,,,,
294638,1985-01-18,,1985,regular,,final,James Madison,George Mason,129,95,53,64,,CAA,CAA,,,,,,
294639,1985-01-18,,1985,regular,,final,Georgia State,Samford,100,256,62,93,,ASUN,ASUN,,,,,,
294640,1985-01-18,,1985,regular,,final,Saint Joseph's,George Washington,251,96,75,62,,A-10,A-10,,,,,,
294641,1985-01-18,,1985,regular,,final,Gonzaga,Saint Mary's,102,253,57,55,,WCC,WCC,,,,,,
294642,1985-01-18,,1985,regular,,final,Grambling,Texas Southern,103,296,71,69,,SWAC,SWAC,,,,,,
294643,1985-01-18,,1985,regular,,final,Georgia Southern,Hardin-Simmons,99,772,77,62,,ASUN,,,,,,,
294644,1985-01-18,,1985,regular,,final,Pittsburgh,Georgetown,229,97,53,65,,Big East,Big East,,,,,,
294645,1985-01-18,,1985,regular,,final,New Mexico,Hawai'i,191,108,86,60,,UAC,UAC,,,,,,
294646,1985-01-18,,1985,regular,,final,Mercer,Houston Christian,164,112,57,58,,ASUN,ASUN,,,,,,
294648,1985-01-18,,1985,regular,,final,Weber State,Idaho State,345,116,85,68,,Big Sky,Big Sky,,,,,,
294649,1985-01-18,,1985,regular,,final,Northwestern,Illinois,212,118,43,55,,Big Ten,Big Ten,,,,,,
294650,1985-01-18,,1985,regular,,final,Ohio State,Indiana,216,121,86,84,,Big Ten,Big Ten,,,,,,
294651,1985-01-18,,1985,regular,,final,Missouri,Iowa State,177,125,64,71,,,,,,,,,
294652,1985-01-18,,1985,regular,,final,Michigan,Iowa,170,124,69,67,,Big Ten,Big Ten,,,,,,
294653,1985-01-18,,1985,regular,,final,Oklahoma,Kansas,217,131,87,76,,,,,,,,,
294654,1985-01-18,,1985,regular,,final,Rider,Lafayette,243,138,67,63,,,,,,,,,
294655,1985-01-18,,1985,regular,,final,North Texas,Lamar,204,139,64,79,,Southland,Southland,,,,,,
294656,1985-01-18,,1985,regular,,final,Pacific,Long Beach State,225,145,75,73,,Big West,Big West,,,,,,
294657,1985-01-18,,1985,regular,,final,St. Francis (PA),Long Island University,278,146,76,90,,NEC,NEC,,,,,,
294658,1985-01-18,,1985,regular,,final,Loyola Maryland,Marist,152,156,63,57,,NEC,NEC,,,,,,
294659,1985-01-18,,1985,regular,,final,Louisiana Tech,Louisiana,149,148,94,74,,Southland,Indep.,,,,,,
294660,1985-01-18,,1985,regular,,final,Louisville,Memphis,150,163,66,69,,,,,,,,,
294661,1985-01-18,,1985,regular,,final,Vanderbilt,LSU,336,136,68,69,,SEC,SEC,,,,,,
294662,1985-01-18,,1985,regular,,final,Vermont,Maine-Farmington,337,1078,71,61,,Am. East,,,,,,,
294663,1985-01-18,,1985,regular,,final,UNLV,Maryland,322,160,78,76,,Big West,ACC,,,,,,
294664,1985-01-18,,1985,regular,,final,Massachusetts,St. Bonaventure,161,277,69,53,,A-10,A-10,,,,,,
294665,1985-01-18,,1985,regular,,final,McNeese,UL Monroe,162,316,77,84,,Southland,Southland,,,,,,
294666,1985-01-18,,1985,regular,,final,Youngstown State,Middle Tennessee,361,171,57,54,,OVC,OVC,,,,,,
294667,1985-01-18,,1985,regular,,final,South Carolina State,Morgan State,267,182,84,60,,MEAC,MEAC,,,,,,
294668,1985-01-18,,1985,regular,,final,Mississippi State,Ole Miss,174,220,61,44,,SEC,SEC,,,,,,
294669,1985-01-18,,1985,regular,,final,Miami (OH),Northern Illinois,167,208,88,62,,MAC,MAC,,,,,,
294670,1985-01-18,,1985,regular,,final,Montana,Northern Arizona,179,206,76,69,,Big Sky,Big Sky,,,,,,
294671,1985-01-18,,1985,regular,,final,Montana State,Nevada,180,189,77,79,,Big Sky,Big Sky,,,,,,
294672,1985-01-18,,1985,regular,,final,Marquette,Providence,157,235,64,58,,Indep.,Big East,,,,,,
294673,1985-01-18,,1985,regular,,final,Michigan State,Minnesota,169,173,75,81,,Big Ten,Big Ten,,,,,,
294674,1985-01-18,,1985,regular,,final,Mississippi Valley State,Prairie View A&M,175,232,92,55,,SWAC,SWAC,,,,,,
294675,1985-01-18,,1985,regular,,final,William & Mary,Navy,353,187,59,70,,CAA,CAA,,,,,,
294676,1985-01-18,,1985,regular,,final,Oklahoma State,Nebraska,218,188,68,66,,,MVC,,,,,,
294677,1985-01-18,,1985,regular,,final,Ohio,Toledo,215,300,62,55,,MAC,MAC,,,,,,
294678,1985-01-18,,1985,regular,,final,Xavier,Oral Roberts,359,222,92,86,,Horizon,Horizon,,,,,,
294679,1985-01-18,,1985,regular,,final,Washington,Oregon,343,223,88,62,,Pac-12,Pac-12,,,,,,
294680,1985-01-18,,1985,regular,,final,Washington State,Oregon State,344,224,57,73,,Pac-12,Pac-12,,,,,,
294681,1985-01-18,,1985,regular,,final,Texas A&M-San Antonio,Texas Pan American,583,1535,70,79,,,,,,,,,
294682,1985-01-18,,1985,regular,,final,San Diego,Pepperdine,258,228,50,60,,WCC,WCC,,,,,,
294683,1985-01-18,,1985,regular,,final,Penn State,Rhode Island,226,240,86,71,,A-10,A-10,,,,,,
294684,1985-01-18,,1985,regular,,final,Wisconsin,Purdue,355,236,68,72,,Big Ten,Big Ten,,,,,,
294685,1985-01-18,,1985,regular,,final,Robert Morris,St. Francis Brooklyn,244,364,72,60,,NEC,NEC,,,,,,
294686,1985-01-18,,1985,regular,,final,Rutgers,Temple,245,289,63,66,,A-10,A-10,,,,,,
294687,1985-01-18,,1985,regular,,final,UTEP,San Diego State,327,257,87,81,,UAC,UAC,,,,,,
294688,1985-01-18,,1985,regular,,final,SE Louisiana,Texas State,246,297,69,54,,Indep.,,,,,,,
294690,1985-01-18,,1985,regular,,final,VCU,South Florida,333,271,58,60,,Sun Belt,Sun Belt,,,,,,
294691,1985-01-18,,1985,regular,,final,Southern Illinois,West Texas A&M,273,1440,67,58,,MVC,MVC,,,,,,
294692,1985-01-18,,1985,regular,,final,Utah State,San José State,329,260,80,75,,Big West,Big West,,,,,,
294693,1985-01-18,,1985,regular,,final,Southern Miss,Virginia Tech,275,340,68,72,,,,,,,,,
294694,1985-01-18,,1985,regular,,final,SMU,TCU,248,287,74,70,,,,,,,,,
294695,1985-01-18,,1985,regular,,final,Wyoming,Utah,358,331,69,60,,UAC,UAC,,,,,,
294696,1985-01-18,,1985,regular,,final,Western Illinois,Valparaiso,349,335,77,62,,Summit,Summit,,,,,,
294697,1985-01-18,,1985,regular,,final,VMI,Western Carolina,334,348,60,57,,SoCon,SoCon,,,,,,
294698,1985-01-19,,1985,regular,,final,Little Rock,Centenary (LA),144,367,75,56,,ASUN,ASUN,,,,,,
294699,1985-01-19,,1985,regular,,final,Creighton,Indiana State,61,122,111,80,,MVC,MVC,,,,,,
294700,1985-01-19,,1985,regular,,final,Notre Dame,DePaul,213,65,66,71,,Indep.,Indep.,,,,,,
294701,1985-01-19,,1985,regular,,final,Towson,George Mason,301,95,62,87,,,CAA,,,,,,
294702,1985-01-19,,1985,regular,,final,Hartford,La Salle,363,137,80,82,,Am. East,Metro,,,,,,
294703,1985-01-19,,1985,regular,,final,South Alabama,Charlotte,265,48,89,62,,Sun Belt,Sun Belt,,,,,,
294704,1985-01-19,,1985,regular,,final,Texas,Texas A&M,295,293,61,66,,,,,,,,,
294705,1985-01-20,,1985,regular,,final,Akron,Middle Tennessee,3,171,80,64,,OVC,OVC,,,,,,
294706,1985-01-20,,1985,regular,,final,Alabama State,Alcorn State,6,7,77,79,,SWAC,SWAC,,,,,,
294707,1985-01-20,,1985,regular,,final,Furman,App State,93,9,54,61,,SoCon,SoCon,,,,,,
294708,1985-01-20,,1985,regular,,final,Georgia Southern,Little Rock,99,144,67,64,,ASUN,ASUN,,,,,,
294709,1985-01-20,,1985,regular,,final,Eastern Kentucky,Austin Peay,78,17,67,47,,OVC,OVC,,,,,,
294710,1985-01-20,,1985,regular,,final,Ball State,Eastern Illinois,19,77,74,73,,MAC,Summit,,,,,,
294711,1985-01-20,,1985,regular,,final,UCF,Charleston Southern,312,47,67,69,,Indep.,Indep.,,,,,,
294712,1985-01-20,,1985,regular,,final,Boston College,Pittsburgh,26,229,55,61,,Big East,Big East,,,,,,
294713,1985-01-20,,1985,regular,,final,Butler,Oral Roberts,34,222,66,78,,Horizon,Horizon,,,,,,
294714,1985-01-20,,1985,regular,,final,Southern Miss,Cincinnati,275,51,58,59,,,,,,,,,
294715,1985-01-20,,1985,regular,,final,Western Illinois,Cleveland State,349,53,84,77,,Summit,Summit,,,,,,
294716,1985-01-20,,1985,regular,,final,VMI,Davidson,334,63,57,51,,SoCon,SoCon,,,,,,
294717,1985-01-20,,1985,regular,,final,Navy,Delaware,187,66,87,53,,CAA,,,,,,,
294718,1985-01-20,,1985,regular,,final,DePaul,Eastern Washington,65,80,72,50,,Indep.,Indep.,,,,,,
294719,1985-01-20,,1985,regular,,final,Detroit Mercy,Evansville,69,82,74,65,,Horizon,Horizon,,,,,,
294720,1985-01-20,,1985,regular,,final,Delaware State,Saint Peter's,67,254,61,63,,MEAC,Metro,,,,,,
294721,1985-01-20,,1985,regular,,final,Howard,East Carolina,114,74,48,46,,MEAC,CAA,,,,,,
294722,1985-01-20,,1985,regular,,final,Chattanooga,East Tennessee State,49,75,88,74,,SoCon,SoCon,,,,,,
294723,1985-01-20,,1985,regular,,final,Florida State,Memphis,90,163,69,74,,,,,,,,,
294724,1985-01-20,,1985,regular,,final,UNLV,Cal State Fullerton,322,37,83,69,,Big West,Big West,,,,,,
294725,1985-01-20,,1985,regular,,final,Georgia Tech,Virginia,101,339,49,46,,ACC,ACC,,,,,,
294726,1985-01-20,,1985,regular,,final,Grambling,Prairie View A&M,103,232,72,59,,SWAC,SWAC,,,,,,
294727,1985-01-20,,1985,regular,,final,Monmouth,Hofstra,178,110,58,56,,Indep.,,,,,,,
294728,1985-01-20,,1985,regular,,final,Maryland,Holy Cross,160,111,99,75,,ACC,Metro,,,,,,
294730,1985-01-20,,1985,regular,,final,Jackson State,Southern,126,274,95,78,,SWAC,SWAC,,,,,,
294731,1985-01-20,,1985,regular,,final,William & Mary,Lafayette,353,138,58,57,,CAA,,,,,,,
294732,1985-01-20,,1985,regular,,final,Long Beach State,San José State,145,260,67,73,,Big West,Big West,,,,,,
294733,1985-01-20,,1985,regular,,final,Loyola Chicago,Saint Louis,151,252,85,73,,Horizon,Horizon,,,,,,
294734,1985-01-20,,1985,regular,,final,St. Francis (PA),Loyola Maryland,278,152,84,81,,NEC,NEC,,,,,,
294735,1985-01-20,,1985,regular,,final,South Carolina,Louisville,266,150,64,59,,,,,,,,,
294736,1985-01-20,,1985,regular,,final,Siena,Maine-Farmington,264,1078,77,63,,Am. East,,,,,,,
294737,1985-01-20,,1985,regular,,final,Louisiana,McNeese,148,162,51,55,,Indep.,Southland,,,,,,
294738,1985-01-20,,1985,regular,,final,Morehead State,Murray State,181,184,61,83,,OVC,OVC,,,,,,
294739,1985-01-20,,1985,regular,,final,Western Michigan,Marquette,351,157,59,80,,MAC,Indep.,,,,,,
294740,1985-01-20,,1985,regular,,final,Marshall,Western Carolina,158,348,83,69,,SoCon,SoCon,,,,,,
294741,1985-01-20,,1985,regular,,final,Mississippi Valley State,Texas Southern,175,296,70,72,,SWAC,SWAC,,,,,,
294742,1985-01-20,,1985,regular,,final,UL Monroe,Northwestern State,316,211,72,65,,Southland,,,,,,,
294743,1985-01-20,,1985,regular,,final,Nicholls,New Orleans,195,193,71,66,,,Indep.,,,,,,
294744,1985-01-20,,1985,regular,,final,Northern Iowa,Valparaiso,209,335,66,53,,Summit,Summit,,,,,,
294745,1985-01-20,,1985,regular,,final,Xavier,Oklahoma City,359,1476,72,65,,Horizon,,,,,,,
294746,1985-01-20,,1985,regular,,final,Pacific,Utah State,225,329,101,89,,Big West,Big West,,,,,,
294747,1985-01-20,,1985,regular,,final,Samford,UT Arlington,256,324,59,63,,ASUN,Southland,,,,,,
294748,1985-01-20,,1985,regular,,final,Green Bay,Missouri State,105,176,57,59,,Summit,Summit,,,,,,
294749,1985-01-20,,1985,regular,,final,Tulane,Virginia Tech,303,340,58,66,,,,,,,,,
294750,1985-01-20,,1985,regular,,final,Western Kentucky,Tennessee State,350,290,86,56,,Sun Belt,Indep.,,,,,,
294751,1985-01-20,,1985,regular,,final,Youngstown State,Tennessee Tech,361,291,68,67,,OVC,OVC,,,,,,
294752,1985-01-20,,1985,regular,,final,UCLA,Washington,313,343,63,51,,Pac-12,Pac-12,,,,,,
294753,1985-01-21,,1985,regular,,final,UAB,Charlotte,305,48,65,62,,Sun Belt,Sun Belt,,,,,,
294754,1985-01-21,,1985,regular,,final,Northwestern State,Little Rock,211,144,66,73,,,ASUN,,,,,,
294755,1985-01-21,,1985,regular,,final,Manhattan,Army,155,15,48,49,,Metro,Metro,,,,,,
294756,1985-01-21,,1985,regular,,final,Eastern Michigan,Bowling Green,79,28,69,65,,MAC,MAC,,,,,,
294757,1985-01-21,,1985,regular,,final,Rhode Island,Brown,240,30,68,64,,A-10,Ivy,,,,,,
294758,1985-01-21,,1985,regular,,final,Dartmouth,Massachusetts,62,161,78,84,,Ivy,A-10,,,,,,
294759,1985-01-21,,1985,regular,,final,Northeastern,Fairfield,205,83,92,67,,Am. East,Metro,,,,,,
294760,1985-01-21,,1985,regular,,final,Kansas,Missouri,131,177,70,68,,,,,,,,,
294761,1985-01-21,,1985,regular,,final,San Diego State,U.S. International,257,433,112,74,,UAC,Indep.,,,,,,
294762,1985-01-21,,1985,regular,,final,VCU,West Virginia,333,347,72,60,,Sun Belt,A-10,,,,,,
294763,1985-01-22,,1985,regular,,final,Alabama,Vanderbilt,5,336,79,77,,SEC,SEC,,,,,,
294764,1985-01-22,,1985,regular,,final,South Alabama,UAB,265,305,80,68,,Sun Belt,Sun Belt,,,,,,
294765,1985-01-22,,1985,regular,,final,Penn State (Beaver),American University,1353,8,86,71,,,CAA,,,,,,
294766,1985-01-22,,1985,regular,,final,Arkansas,Rice,12,241,67,56,,,,,,,,,
294767,1985-01-22,,1985,regular,,final,Mercer,Little Rock,164,144,72,79,,ASUN,ASUN,,,,,,
294768,1985-01-22,,1985,regular,,final,Western Carolina,Augusta,348,633,95,59,,SoCon,,,,,,,
294769,1985-01-22,,1985,regular,,final,Ball State,Western Michigan,19,351,107,87,,MAC,MAC,,,,,,
294770,1985-01-22,,1985,regular,,final,Boston University,Maine-Farmington,27,1078,78,59,,Am. East,,,,,,,
294771,1985-01-22,,1985,regular,,final,Bucknell,Lafayette,32,138,77,80,,,,,,,,,
294772,1985-01-22,,1985,regular,,final,Colgate,Canisius,55,42,51,75,,Am. East,Am. East,,,,,,
294773,1985-01-22,,1985,regular,,final,Clemson,Georgia Tech,52,101,59,64,,ACC,ACC,,,,,,
294774,1985-01-22,,1985,regular,,final,Toledo,Central Michigan,300,45,68,67,,MAC,MAC,,,,,,
294775,1985-01-22,,1985,regular,,final,Nebraska,Colorado,188,56,85,67,,MVC,,,,,,,
294776,1985-01-22,,1985,regular,,final,Georgetown,UConn,97,314,79,66,,Big East,Big East,,,,,,
294777,1985-01-22,,1985,regular,,final,Notre Dame,Dayton,213,64,66,61,,Indep.,Indep.,,,,,,
294778,1985-01-22,,1985,regular,,final,Towson,Delaware,301,66,71,72,,,,,,,,,
294779,1985-01-22,,1985,regular,,final,St. Francis Brooklyn,Fairleigh Dickinson,364,84,62,49,,NEC,NEC,,,,,,
294780,1985-01-22,,1985,regular,,final,LSU,Florida,136,87,86,68,,SEC,SEC,,,,,,
294781,1985-01-22,,1985,regular,,final,Fordham,Holy Cross,91,111,77,66,,Metro,Metro,,,,,,
294782,1985-01-22,,1985,regular,,final,Utah State,Fresno State,329,92,75,76,,Big West,Big West,,,,,,
294783,1985-01-22,,1985,regular,,final,George Mason,William & Mary,95,353,62,63,,CAA,CAA,,,,,,
294784,1985-01-22,,1985,regular,,final,Georgia,Kentucky,98,135,81,73,,SEC,SEC,,,,,,
294785,1985-01-22,,1985,regular,,final,Lehigh,Hofstra,141,110,93,75,,,,,,,,,
294786,1985-01-22,,1985,regular,,final,Illinois,Ohio State,118,216,84,66,,Big Ten,Big Ten,,,,,,
294787,1985-01-22,,1985,regular,,final,Iona,La Salle,123,137,93,77,,Metro,Metro,,,,,,
294788,1985-01-22,,1985,regular,,final,Iowa State,Oklahoma,125,217,74,81,,,,,,,,,
294789,1985-01-22,,1985,regular,,final,James Madison,Richmond,129,242,68,72,,CAA,CAA,,,,,,
294790,1985-01-22,,1985,regular,,final,Kansas State,Oklahoma State,132,218,88,83,,,,,,,,,
294791,1985-01-22,,1985,regular,,final,Kent State,Miami (OH),134,167,80,69,,MAC,MAC,,,,,,
294792,1985-01-22,,1985,regular,,final,Long Island University,Wagner,146,341,75,73,,NEC,NEC,,,,,,
294793,1985-01-22,,1985,regular,,final,Maryland Eastern Shore,Radford,159,239,58,61,,MEAC,Indep.,,,,,,
294794,1985-01-22,,1985,regular,,final,New Orleans,Marshall,193,158,78,74,,Indep.,SoCon,,,,,,
294795,1985-01-22,,1985,regular,,final,Mississippi State,Tennessee,174,292,82,66,,SEC,SEC,,,,,,
294796,1985-01-22,,1985,regular,,final,Northern Illinois,Ohio,208,215,42,50,,MAC,MAC,,,,,,
294797,1985-01-22,,1985,regular,,final,Prairie View A&M,Texas State,232,297,51,50,,SWAC,,,,,,,
294798,1985-01-22,,1985,regular,,final,Villanova,Providence,338,235,65,57,,Big East,Big East,,,,,,
294799,1985-01-22,,1985,regular,,final,Wake Forest,Rider,342,243,81,59,,ACC,,,,,,,
294800,1985-01-22,,1985,regular,,final,Texas,SMU,295,248,46,54,,,,,,,,,
294803,1985-01-22,,1985,regular,,final,Texas A&M,Texas Tech,293,298,50,47,,,,,,,,,
294804,1985-01-23,,1985,regular,,final,Old Dominion,UAB,219,305,55,56,,CAA,Sun Belt,,,,,,
294805,1985-01-23,,1985,regular,,final,Oregon State,Arizona,224,11,59,55,,Pac-12,Pac-12,,,,,,
294806,1985-01-23,,1985,regular,,final,Little Rock,Georgia Southern,144,99,64,68,,ASUN,ASUN,,,,,,
294807,1985-01-23,,1985,regular,,final,Army,Yale,15,360,79,63,,Metro,Ivy,,,,,,
294808,1985-01-23,,1985,regular,,final,Arkansas State,North Texas,13,204,70,58,,Southland,Southland,,,,,,
294809,1985-01-23,,1985,regular,,final,Oregon,Arizona State,223,10,81,72,,Pac-12,Pac-12,,,,,,
294810,1985-01-23,,1985,regular,,final,Auburn,Ole Miss,16,220,93,73,,SEC,SEC,,,,,,
294811,1985-01-23,,1985,regular,,final,South Carolina State,Charleston Southern,267,47,96,84,,MEAC,Indep.,,,,,,
294812,1985-01-23,,1985,regular,,final,Houston,Baylor,113,20,81,71,,,,,,,,,
294813,1985-01-23,,1985,regular,,final,Nevada,Boise State,189,25,87,75,,Big Sky,Big Sky,,,,,,
294814,1985-01-23,,1985,regular,,final,Southern Illinois,Bradley,273,29,66,73,,MVC,MVC,,,,,,
294815,1985-01-23,,1985,regular,,final,Brooklyn,Chicago State,414,50,70,81,,Indep.,Indep.,,,,,,
294816,1985-01-23,,1985,regular,,final,BYU,Wyoming,18,358,78,65,,UAC,UAC,,,,,,
294817,1985-01-23,,1985,regular,,final,UCLA,California,313,40,80,69,,Pac-12,Pac-12,,,,,,
294818,1985-01-23,,1985,regular,,final,Centenary (LA),Mercer,367,164,58,73,,ASUN,ASUN,,,,,,
294819,1985-01-23,,1985,regular,,final,The Citadel,East Tennessee State,299,75,79,67,,SoCon,SoCon,,,,,,
294820,1985-01-23,,1985,regular,,final,Columbia,Manhattan,58,155,72,59,,Ivy,Metro,,,,,,
294821,1985-01-23,,1985,regular,,final,Wichita State,Creighton,352,61,82,81,,MVC,MVC,,,,,,
294822,1985-01-23,,1985,regular,,final,Santa Clara,Pepperdine,261,228,52,53,,WCC,WCC,,,,,,
294823,1985-01-23,,1985,regular,,final,UTEP,Colorado State,327,57,79,45,,UAC,UAC,,,,,,
294824,1985-01-23,,1985,regular,,final,South Carolina,Davidson,266,63,61,76,,,SoCon,,,,,,
294825,1985-01-23,,1985,regular,,final,Monmouth,Delaware State,178,67,82,66,,Indep.,MEAC,,,,,,
294826,1985-01-23,,1985,regular,,final,NC State,Duke,185,72,89,71,,ACC,ACC,,,,,,
294827,1985-01-23,,1985,regular,,final,Temple,Duquesne,289,73,82,73,,A-10,A-10,,,,,,
294828,1985-01-23,,1985,regular,,final,VMI,Furman,334,93,71,62,,SoCon,SoCon,,,,,,
294829,1985-01-23,,1985,regular,,final,Houston Christian,Georgia State,112,100,93,72,,ASUN,ASUN,,,,,,
294830,1985-01-23,,1985,regular,,final,George Washington,Massachusetts,96,161,69,59,,A-10,A-10,,,,,,
294831,1985-01-23,,1985,regular,,final,Gonzaga,San Diego,102,258,58,45,,WCC,WCC,,,,,,
294832,1985-01-23,,1985,regular,,final,Hawai'i,San Diego State,108,257,66,70,,UAC,UAC,,,,,,
294833,1985-01-23,,1985,regular,,final,Hardin-Simmons,Samford,772,256,66,62,,,ASUN,,,,,,
294834,1985-01-23,,1985,regular,,final,Indiana State,Illinois State,122,119,83,85,,MVC,MVC,,,,,,
294835,1985-01-23,,1985,regular,,final,Purdue,Indiana,236,121,62,52,,Big Ten,Big Ten,,,,,,
294836,1985-01-23,,1985,regular,,final,Iowa,Northwestern,124,212,66,47,,Big Ten,Big Ten,,,,,,
294837,1985-01-23,,1985,regular,,final,Jacksonville,Western Kentucky,127,350,69,65,,Sun Belt,Sun Belt,,,,,,
294838,1985-01-23,,1985,regular,,final,UT Arlington,Lamar,324,139,63,89,,Southland,Southland,,,,,,
294839,1985-01-23,,1985,regular,,final,Long Beach State,UC Irvine,145,308,84,99,,Big West,Big West,,,,,,
294840,1985-01-23,,1985,regular,,final,Portland,Loyola Marymount,230,153,53,57,,WCC,WCC,,,,,,
294841,1985-01-23,,1985,regular,,final,McNeese,Louisiana Tech,162,149,69,88,,Southland,Southland,,,,,,
294842,1985-01-23,,1985,regular,,final,Michigan,Michigan State,170,169,86,75,,Big Ten,Big Ten,,,,,,
294843,1985-01-23,,1985,regular,,final,Minnesota,Wisconsin,173,355,72,62,,Big Ten,Big Ten,,,,,,
294844,1985-01-23,,1985,regular,,final,Marist,St. Francis (PA),156,278,73,69,,NEC,NEC,,,,,,
294845,1985-01-23,,1985,regular,,final,UNC Wilmington,Navy,321,187,51,78,,CAA,CAA,,,,,,
294846,1985-01-23,,1985,regular,,final,Northeastern,New Hampshire,205,190,55,57,,Am. East,Am. East,,,,,,
294847,1985-01-23,,1985,regular,,final,Siena,Niagara,264,194,75,66,,Am. East,Am. East,,,,,,
294848,1985-01-23,,1985,regular,,final,Nicholls,SE Louisiana,195,246,59,64,,,Indep.,,,,,,
294849,1985-01-23,,1985,regular,,final,New Mexico State,UNLV,192,322,70,92,,Big West,Big West,,,,,,
294850,1985-01-23,,1985,regular,,final,Texas Pan American,Texas A&M-San Antonio,1535,583,59,60,,,,,,,,,
294851,1985-01-23,,1985,regular,,final,Penn State,West Virginia,226,347,56,69,,A-10,A-10,,,,,,
294852,1985-01-23,,1985,regular,,final,Rhode Island,Saint Joseph's,240,251,44,48,,A-10,A-10,,,,,,
294853,1985-01-23,,1985,regular,,final,Utica,Robert Morris,1325,244,84,56,,,NEC,,,,,,
294854,1985-01-23,,1985,regular,,final,St. Bonaventure,Rutgers,277,245,70,83,,A-10,A-10,,,,,,
294855,1985-01-23,,1985,regular,,final,South Alabama,VCU,265,333,70,71,,Sun Belt,Sun Belt,,,,,,
294856,1985-01-23,,1985,regular,,final,Tennessee Tech,Louisiana,291,148,80,82,,OVC,Indep.,,,,,,
294857,1985-01-23,,1985,regular,,final,Tulsa,West Texas A&M,304,1440,110,90,,MVC,MVC,,,,,,
294858,1985-01-24,,1985,regular,,final,Howard,Bethune-Cookman,114,23,85,73,,MEAC,MEAC,,,,,,
294859,1985-01-24,,1985,regular,,final,Lehigh,Drexel,141,71,69,70,,,,,,,,,
294860,1985-01-24,,1985,regular,,final,Idaho State,Montana State,116,180,85,77,,Big Sky,Big Sky,,,,,,
294861,1985-01-24,,1985,regular,,final,Weber State,Montana,345,179,95,70,,Big Sky,Big Sky,,,,,,
294862,1985-01-24,,1985,regular,,final,Utah,Wyoming,331,358,62,70,,UAC,UAC,,,,,,
294863,1985-01-25,,1985,regular,,final,Hawai'i,Air Force,108,2,72,69,,UAC,UAC,,,,,,
294864,1985-01-25,,1985,regular,,final,Eastern Kentucky,Akron,78,3,86,88,,OVC,OVC,,,,,,
294865,1985-01-25,,1985,regular,,final,Florida,Alabama,87,5,86,77,,SEC,SEC,,,,,,
294866,1985-01-25,,1985,regular,,final,UAB,VCU,305,333,66,62,,Sun Belt,Sun Belt,,,,,,
294867,1985-01-25,,1985,regular,,final,Texas Southern,Alcorn State,296,7,80,82,,SWAC,SWAC,,,,,,
294868,1985-01-25,,1985,regular,,final,Grambling,Alabama State,103,6,69,68,,SWAC,SWAC,,,,,,
294869,1985-01-25,,1985,regular,,final,American University,Towson,8,301,85,69,,CAA,,,,,,,
294870,1985-01-25,,1985,regular,,final,Western Carolina,App State,348,9,79,73,,SoCon,SoCon,,,,,,
294871,1985-01-25,,1985,regular,,final,Oregon,Arizona,223,11,54,73,,Pac-12,Pac-12,,,,,,
294872,1985-01-25,,1985,regular,,final,Little Rock,Mercer,144,164,66,74,,ASUN,ASUN,,,,,,
294873,1985-01-25,,1985,regular,,final,Army,Holy Cross,15,111,51,48,,Metro,Metro,,,,,,
294874,1985-01-25,,1985,regular,,final,UL Monroe,Arkansas State,316,13,66,54,,Southland,Southland,,,,,,
294875,1985-01-25,,1985,regular,,final,Oregon State,Arizona State,224,10,82,83,,Pac-12,Pac-12,,,,,,
294876,1985-01-25,,1985,regular,,final,LSU,Auburn,136,16,80,62,,SEC,SEC,,,,,,
294877,1985-01-25,,1985,regular,,final,Florida A&M,Augusta,85,633,74,78,,Indep.,,,,,,,
294878,1985-01-25,,1985,regular,,final,Austin Peay,Middle Tennessee,17,171,68,84,,OVC,OVC,,,,,,
294879,1985-01-25,,1985,regular,,final,Miami (OH),Ball State,167,19,93,89,,MAC,MAC,,,,,,
294880,1985-01-25,,1985,regular,,final,Rice,Baylor,241,20,56,65,,,,,,,,,
294881,1985-01-25,,1985,regular,,final,Morgan State,Bethune-Cookman,182,23,72,73,,MEAC,MEAC,,,,,,
294882,1985-01-25,,1985,regular,,final,Bowling Green,Toledo,28,300,67,75,,MAC,MAC,,,,,,
294883,1985-01-25,,1985,regular,,final,UConn,Boston College,314,26,77,78,,Big East,Big East,,,,,,
294884,1985-01-25,,1985,regular,,final,Northern Arizona,Boise State,206,25,69,63,,Big Sky,Big Sky,,,,,,
294885,1985-01-25,,1985,regular,,final,Boston University,Vermont,27,337,80,66,,Am. East,Am. East,,,,,,
294886,1985-01-25,,1985,regular,,final,Illinois State,Bradley,119,29,65,55,,MVC,MVC,,,,,,
294887,1985-01-25,,1985,regular,,final,Brooklyn,U.S. International,414,433,76,71,,Indep.,Indep.,,,,,,
294888,1985-01-25,,1985,regular,,final,Brown,Yale,30,360,82,76,,Ivy,Ivy,,,,,,
294889,1985-01-25,,1985,regular,,final,Xavier,Butler,359,34,59,61,,Horizon,Horizon,,,,,,
294890,1985-01-25,,1985,regular,,final,Utah,BYU,331,18,62,63,,UAC,UAC,,,,,,
294891,1985-01-25,,1985,regular,,final,USC,California,323,40,86,80,,Pac-12,Pac-12,,,,,,
294892,1985-01-25,,1985,regular,,final,Canisius,Northeastern,42,205,67,65,,Am. East,Am. East,,,,,,
294893,1985-01-25,,1985,regular,,final,Centenary (LA),Georgia Southern,367,99,56,65,,ASUN,ASUN,,,,,,
294894,1985-01-25,,1985,regular,,final,UCF,Nicholls,312,195,71,70,,Indep.,,,,,,,
294895,1985-01-25,,1985,regular,,final,Utica,Chicago State,1325,50,66,60,,,Indep.,,,,,,
294896,1985-01-25,,1985,regular,,final,Davidson,The Citadel,63,299,102,92,,SoCon,SoCon,,,,,,
294897,1985-01-25,,1985,regular,,final,Clemson,Duke,52,72,83,100,,ACC,ACC,,,,,,
294898,1985-01-25,,1985,regular,,final,Colgate,Dartmouth,55,62,60,52,,Am. East,Ivy,,,,,,
294899,1985-01-25,,1985,regular,,final,Columbia,Cornell,58,60,51,56,,Ivy,Ivy,,,,,,
294900,1985-01-25,,1985,regular,,final,Cleveland State,Missouri State,53,176,71,65,,Summit,Summit,,,,,,
294901,1985-01-25,,1985,regular,,final,Central Michigan,Northern Illinois,45,208,90,80,,MAC,MAC,,,,,,
294902,1985-01-25,,1985,regular,,final,Colorado,Kansas,56,131,68,70,,,,,,,,,
294903,1985-01-25,,1985,regular,,final,Pacific,UC Santa Barbara,225,311,55,67,,Big West,Big West,,,,,,
294904,1985-01-25,,1985,regular,,final,Dayton,DePaul,64,65,65,64,,Indep.,Indep.,,,,,,
294905,1985-01-25,,1985,regular,,final,Delaware,Lafayette,66,138,51,49,,,,,,,,,
294906,1985-01-25,,1985,regular,,final,Oral Roberts,Detroit Mercy,222,69,65,69,,Horizon,Horizon,,,,,,
294907,1985-01-25,,1985,regular,,final,St. Bonaventure,Duquesne,277,73,72,67,,A-10,A-10,,,,,,
294908,1985-01-25,,1985,regular,,final,East Carolina,Navy,74,187,68,87,,CAA,CAA,,,,,,
294909,1985-01-25,,1985,regular,,final,Valparaiso,Eastern Illinois,335,77,66,79,,Summit,Summit,,,,,,
294910,1985-01-25,,1985,regular,,final,Western Michigan,Eastern Michigan,351,79,87,84,,MAC,MAC,,,,,,
294911,1985-01-25,,1985,regular,,final,East Tennessee State,Radford,75,239,78,73,,SoCon,Indep.,,,,,,
294912,1985-01-25,,1985,regular,,final,Saint Louis,Evansville,252,82,73,69,,Horizon,Horizon,,,,,,
294913,1985-01-25,,1985,regular,,final,Long Island University,Fairleigh Dickinson,146,84,68,66,,NEC,NEC,,,,,,
294914,1985-01-25,,1985,regular,,final,Fordham,La Salle,91,137,66,70,,Metro,Metro,,,,,,
294915,1985-01-25,,1985,regular,,final,Fairfield,Manhattan,83,155,69,91,,Metro,Metro,,,,,,
294916,1985-01-25,,1985,regular,,final,Southern Miss,Florida State,275,90,77,63,,,,,,,,,
294917,1985-01-25,,1985,regular,,final,San José State,Cal State Fullerton,260,37,46,51,,Big West,Big West,,,,,,
294918,1985-01-25,,1985,regular,,final,Marshall,Furman,158,93,67,60,,SoCon,SoCon,,,,,,
294919,1985-01-25,,1985,regular,,final,Maine-Farmington,George Mason,1078,95,88,78,,,CAA,,,,,,
294920,1985-01-25,,1985,regular,,final,Ole Miss,Georgia,220,98,51,81,,SEC,SEC,,,,,,
294921,1985-01-25,,1985,regular,,final,Hardin-Simmons,Georgia State,772,100,79,66,,,ASUN,,,,,,
294922,1985-01-25,,1985,regular,,final,Rutgers,George Washington,245,96,80,73,,A-10,A-10,,,,,,
294923,1985-01-25,,1985,regular,,final,Gonzaga,Loyola Marymount,102,153,72,68,,WCC,WCC,,,,,,
294924,1985-01-25,,1985,regular,,final,Georgetown,St. John's,97,279,65,66,,Big East,Big East,,,,,,
294925,1985-01-25,,1985,regular,,final,Houston Christian,Samford,112,256,82,65,,ASUN,ASUN,,,,,,
294926,1985-01-25,,1985,regular,,final,Hofstra,Rider,110,243,68,72,,,,,,,,,
294927,1985-01-25,,1985,regular,,final,Nevada,Idaho,189,117,80,67,,Big Sky,Big Sky,,,,,,
294928,1985-01-25,,1985,regular,,final,Idaho State,Montana,116,179,65,73,,Big Sky,Big Sky,,,,,,
294929,1985-01-25,,1985,regular,,final,Northern Iowa,UIC,209,315,74,73,,Summit,Summit,,,,,,
294930,1985-01-25,,1985,regular,,final,Saint Peter's,Iona,254,123,48,52,,Metro,Metro,,,,,,
294931,1985-01-25,,1985,regular,,final,Oklahoma State,Iowa State,218,125,58,64,,,,,,,,,
294932,1985-01-25,,1985,regular,,final,Iowa,Wisconsin,124,355,105,65,,Big Ten,Big Ten,,,,,,
294933,1985-01-25,,1985,regular,,final,Jacksonville,Charlotte,127,48,96,67,,Sun Belt,Sun Belt,,,,,,
294934,1985-01-25,,1985,regular,,final,UNC Wilmington,James Madison,321,129,64,68,,CAA,CAA,,,,,,
294935,1985-01-25,,1985,regular,,final,Jackson State,Mississippi Valley State,126,175,51,68,,SWAC,SWAC,,,,,,
294936,1985-01-25,,1985,regular,,final,Oklahoma,Kansas State,217,132,94,75,,,,,,,,,
294937,1985-01-25,,1985,regular,,final,Kent State,Ohio,134,215,76,66,,MAC,MAC,,,,,,
294938,1985-01-25,,1985,regular,,final,Lamar,Louisiana Tech,139,149,72,64,,Southland,Southland,,,,,,
294939,1985-01-25,,1985,regular,,final,Long Beach State,UNLV,145,322,61,75,,Big West,Big West,,,,,,
294940,1985-01-25,,1985,regular,,final,Oklahoma City,Loyola Chicago,1476,151,65,80,,,Horizon,,,,,,
294941,1985-01-25,,1985,regular,,final,Louisville,NC State,150,185,84,78,,,ACC,,,,,,
294942,1985-01-25,,1985,regular,,final,Maryland,Notre Dame,160,213,77,65,,ACC,Indep.,,,,,,
294943,1985-01-25,,1985,regular,,final,Rhode Island,Massachusetts,240,161,68,72,,A-10,A-10,,,,,,
294944,1985-01-25,,1985,regular,,final,McNeese,North Texas,162,204,82,64,,Southland,Southland,,,,,,
294945,1985-01-25,,1985,regular,,final,Virginia Tech,Memphis,340,163,79,89,,,,,,,,,
294946,1985-01-25,,1985,regular,,final,Minnesota,Northwestern,173,212,51,56,,Big Ten,Big Ten,,,,,,
294947,1985-01-25,,1985,regular,,final,St. Francis (PA),Monmouth,278,178,79,81,,NEC,Indep.,,,,,,
294948,1985-01-25,,1985,regular,,final,Morehead State,Youngstown State,181,361,67,65,,OVC,OVC,,,,,,
294949,1985-01-25,,1985,regular,,final,Weber State,Montana State,345,180,79,66,,Big Sky,Big Sky,,,,,,
294950,1985-01-25,,1985,regular,,final,Marist,Robert Morris,156,244,59,57,,NEC,NEC,,,,,,
294951,1985-01-25,,1985,regular,,final,Nebraska,Missouri,188,177,74,66,,MVC,,,,,,,
294952,1985-01-25,,1985,regular,,final,Vanderbilt,Mississippi State,336,174,70,71,,SEC,SEC,,,,,,
294953,1985-01-25,,1985,regular,,final,Murray State,Tennessee Tech,184,291,82,73,,OVC,OVC,,,,,,
294954,1985-01-25,,1985,regular,,final,North Carolina A&T,South Carolina State,198,267,68,66,,MEAC,MEAC,,,,,,
294955,1985-01-25,,1985,regular,,final,Niagara,New Hampshire,194,190,81,57,,Am. East,Am. East,,,,,,
294956,1985-01-25,,1985,regular,,final,UTEP,New Mexico,327,191,71,69,,UAC,UAC,,,,,,
294957,1985-01-25,,1985,regular,,final,Louisiana,New Orleans,148,193,92,64,,Indep.,Indep.,,,,,,
294958,1985-01-25,,1985,regular,,final,New Mexico State,UC Irvine,192,308,75,78,,Big West,Big West,,,,,,
294959,1985-01-25,,1985,regular,,final,Old Dominion,South Alabama,219,265,86,74,,CAA,Sun Belt,,,,,,
294960,1985-01-25,,1985,regular,,final,Purdue,Ohio State,236,216,63,67,,Big Ten,Big Ten,,,,,,
294961,1985-01-25,,1985,regular,,final,Hartford,Penn State (Beaver),363,1353,57,59,,Am. East,,,,,,,
294962,1985-01-25,,1985,regular,,final,Saint Mary's,Pepperdine,253,228,76,71,,WCC,WCC,,,,,,
294963,1985-01-25,,1985,regular,,final,Pittsburgh,Syracuse,229,286,75,80,,Big East,Big East,,,,,,
294964,1985-01-25,,1985,regular,,final,Portland,San Diego,230,258,66,68,,WCC,WCC,,,,,,
294965,1985-01-25,,1985,regular,,final,Prairie View A&M,Southern,232,274,71,84,,SWAC,SWAC,,,,,,
294966,1985-01-25,,1985,regular,,final,Seton Hall,Providence,263,235,70,72,,Big East,Big East,,,,,,
294967,1985-01-25,,1985,regular,,final,Penn State,Saint Joseph's,226,251,60,84,,A-10,A-10,,,,,,
294968,1985-01-25,,1985,regular,,final,William & Mary,Richmond,353,242,76,82,,CAA,CAA,,,,,,
294969,1985-01-25,,1985,regular,,final,Tulane,South Carolina,303,266,77,71,,,,,,,,,
294970,1985-01-25,,1985,regular,,final,South Florida,Western Kentucky,271,350,73,68,,Sun Belt,Sun Belt,,,,,,
294971,1985-01-25,,1985,regular,,final,St. Francis Brooklyn,Wagner,364,341,57,56,,NEC,NEC,,,,,,
294972,1985-01-25,,1985,regular,,final,Tulsa,Southern Illinois,304,273,66,60,,MVC,MVC,,,,,,
294973,1985-01-25,,1985,regular,,final,Texas Tech,SMU,298,248,64,63,,,,,,,,,
294974,1985-01-25,,1985,regular,,final,UCLA,Stanford,313,281,100,71,,Pac-12,Pac-12,,,,,,
294975,1985-01-25,,1985,regular,,final,TCU,Texas,287,295,53,45,,,,,,,,,
294976,1985-01-25,,1985,regular,,final,Texas A&M-San Antonio,UT Arlington,583,324,81,62,,,Southland,,,,,,
294977,1985-01-25,,1985,regular,,final,West Virginia,Temple,347,289,61,57,,A-10,A-10,,,,,,
294978,1985-01-25,,1985,regular,,final,Chattanooga,VMI,49,334,70,54,,SoCon,SoCon,,,,,,
294979,1985-01-25,,1985,regular,,final,Virginia,Wake Forest,339,342,58,56,,ACC,ACC,,,,,,
294980,1985-01-25,,1985,regular,,final,Washington State,Washington,344,343,56,73,,Pac-12,Pac-12,,,,,,
294981,1985-01-25,,1985,regular,,final,West Texas A&M,Wichita State,1440,352,86,99,,MVC,MVC,,,,,,
294982,1985-01-26,,1985,regular,,final,Virginia,Arkansas,339,12,54,52,,ACC,,,,,,,
294983,1985-01-26,,1985,regular,,final,Creighton,Marquette,61,157,71,59,,MVC,Indep.,,,,,,
294984,1985-01-26,,1985,regular,,final,Fresno State,UC Santa Barbara,92,311,55,45,,Big West,Big West,,,,,,
294985,1985-01-26,,1985,regular,,final,Eastern Kentucky,Youngstown State,78,361,74,61,,OVC,OVC,,,,,,
294986,1985-01-26,,1985,regular,,final,North Carolina,Georgia Tech,200,101,62,66,,ACC,ACC,,,,,,
294987,1985-01-26,,1985,regular,,final,Texas A&M,Houston,293,113,71,69,,,,,,,,,
294988,1985-01-26,,1985,regular,,final,Illinois,Indiana,118,121,52,41,,Big Ten,Big Ten,,,,,,
294989,1985-01-26,,1985,regular,,final,Michigan,Kansas,170,131,96,77,,Big Ten,,,,,,,
294990,1985-01-26,,1985,regular,,final,Tennessee,Kentucky,292,135,81,65,,SEC,SEC,,,,,,
294991,1985-01-26,,1985,regular,,final,Maryland,Villanova,160,338,77,74,,ACC,Big East,,,,,,
294992,1985-01-27,,1985,regular,,final,San Diego State,Air Force,257,2,74,64,,UAC,UAC,,,,,,
294993,1985-01-27,,1985,regular,,final,Morehead State,Akron,181,3,61,71,,OVC,OVC,,,,,,
294994,1985-01-27,,1985,regular,,final,Prairie View A&M,Alcorn State,232,7,77,90,,SWAC,SWAC,,,,,,
294995,1985-01-27,,1985,regular,,final,Mississippi Valley State,Alabama State,175,6,87,73,,SWAC,SWAC,,,,,,
294996,1985-01-27,,1985,regular,,final,American University,William & Mary,8,353,64,62,,CAA,CAA,,,,,,
294997,1985-01-27,,1985,regular,,final,Austin Peay,Tennessee Tech,17,291,76,92,,OVC,OVC,,,,,,
294998,1985-01-27,,1985,regular,,final,Campbell,Charleston Southern,41,47,66,60,,Indep.,Indep.,,,,,,
294999,1985-01-27,,1985,regular,,final,Maryland Eastern Shore,Bethune-Cookman,159,23,76,70,,MEAC,MEAC,,,,,,
295000,1985-01-27,,1985,regular,,final,Boston College,Hartford,26,363,94,77,,Big East,Am. East,,,,,,
295001,1985-01-27,,1985,regular,,final,Delaware State,Brooklyn,67,414,87,78,,MEAC,Indep.,,,,,,
295002,1985-01-27,,1985,regular,,final,Canisius,New Hampshire,42,190,63,55,,Am. East,Am. East,,,,,,
295003,1985-01-27,,1985,regular,,final,Centenary (LA),UL Monroe,367,316,57,59,,ASUN,Southland,,,,,,
295004,1985-01-27,,1985,regular,,final,Memphis,Cincinnati,163,51,81,61,,,,,,,,,
295005,1985-01-27,,1985,regular,,final,Cleveland State,Kent State,53,134,79,78,,Summit,MAC,,,,,,
295006,1985-01-27,,1985,regular,,final,UConn,U.S. International,314,433,90,65,,Big East,Indep.,,,,,,
295007,1985-01-27,,1985,regular,,final,New Mexico,Colorado State,191,57,44,42,,UAC,UAC,,,,,,
295008,1985-01-27,,1985,regular,,final,Dayton,Miami (OH),64,167,63,54,,Indep.,MAC,,,,,,
295009,1985-01-27,,1985,regular,,final,Oklahoma City,Detroit Mercy,1476,69,74,77,,,Horizon,,,,,,
295010,1985-01-27,,1985,regular,,final,Drake,Indiana State,70,122,69,67,,MVC,MVC,,,,,,
295011,1985-01-27,,1985,regular,,final,Drexel,Saint Peter's,71,254,57,75,,,Metro,,,,,,
295012,1985-01-27,,1985,regular,,final,East Carolina,James Madison,74,129,65,74,,CAA,CAA,,,,,,
295013,1985-01-27,,1985,regular,,final,East Tennessee State,Chattanooga,75,49,63,71,,SoCon,SoCon,,,,,,
295014,1985-01-27,,1985,regular,,final,Tulane,Florida State,303,90,64,61,,,,,,,,,
295015,1985-01-27,,1985,regular,,final,Grambling,Jackson State,103,126,83,76,,SWAC,SWAC,,,,,,
295016,1985-01-27,,1985,regular,,final,Syracuse,Georgetown,286,97,65,63,,Big East,Big East,,,,,,
295017,1985-01-27,,1985,regular,,final,Texas A&M-San Antonio,Hardin-Simmons,583,772,92,83,,,,,,,,,
295018,1985-01-27,,1985,regular,,final,Howard,Morgan State,114,182,83,61,,MEAC,MEAC,,,,,,
295019,1985-01-27,,1985,regular,,final,Louisiana,Long Island University,148,146,117,71,,Indep.,NEC,,,,,,
295020,1985-01-27,,1985,regular,,final,Oral Roberts,Loyola Chicago,222,151,92,97,,Horizon,Horizon,,,,,,
295021,1985-01-27,,1985,regular,,final,Louisville,Virginia Tech,150,340,61,81,,,,,,,,,
295022,1985-01-27,,1985,regular,,final,Murray State,Middle Tennessee,184,171,63,59,,OVC,OVC,,,,,,
295023,1985-01-27,,1985,regular,,final,Marist,Utica,156,1325,59,71,,NEC,,,,,,,
295024,1985-01-27,,1985,regular,,final,VMI,Marshall,334,158,63,65,,SoCon,SoCon,,,,,,
295025,1985-01-27,,1985,regular,,final,South Florida,Charlotte,271,48,86,54,,Sun Belt,Sun Belt,,,,,,
295026,1985-01-27,,1985,regular,,final,Tennessee State,North Carolina A&T,290,198,64,76,,Indep.,MEAC,,,,,,
295027,1985-01-27,,1985,regular,,final,Stetson,New Orleans,283,193,90,74,,Indep.,Indep.,,,,,,
295028,1985-01-27,,1985,regular,,final,Niagara,Northeastern,194,205,85,80,,Am. East,Am. East,,,,,,
295029,1985-01-27,,1985,regular,,final,Green Bay,Northern Iowa,105,209,76,62,,Summit,Summit,,,,,,
295030,1985-01-27,,1985,regular,,final,Notre Dame,Providence,213,235,70,63,,Indep.,Big East,,,,,,
295031,1985-01-27,,1985,regular,,final,Northwestern State,SE Louisiana,211,246,69,75,,,Indep.,,,,,,
295032,1985-01-27,,1985,regular,,final,Utah State,Pacific,329,225,93,67,,Big West,Big West,,,,,,
295033,1985-01-27,,1985,regular,,final,Western Carolina,Radford,348,239,77,81,,SoCon,Indep.,,,,,,
295034,1985-01-27,,1985,regular,,final,Texas Southern,Southern,296,274,70,84,,SWAC,SWAC,,,,,,
295035,1985-01-27,,1985,regular,,final,USC,Stanford,323,281,54,60,,Pac-12,Pac-12,,,,,,
295036,1985-01-27,,1985,regular,,final,Valparaiso,Missouri State,335,176,79,74,,Summit,Summit,,,,,,
295037,1985-01-27,,1985,regular,,final,Washington,Nevada,343,189,74,62,,Pac-12,Big Sky,,,,,,
295038,1985-01-28,,1985,regular,,final,Ball State,Ohio,19,215,58,60,,MAC,MAC,,,,,,
295039,1985-01-28,,1985,regular,,final,Boston University,Siena,27,264,59,66,,Am. East,Am. East,,,,,,
295040,1985-01-28,,1985,regular,,final,Lehigh,Bucknell,141,32,61,67,,,,,,,,,
295041,1985-01-28,,1985,regular,,final,UCF,Louisiana,312,148,55,88,,Indep.,Indep.,,,,,,
295042,1985-01-28,,1985,regular,,final,Cincinnati,Louisville,51,150,56,54,,,,,,,,,
295045,1985-01-28,,1985,regular,,final,Northern Arizona,Idaho,206,117,85,71,,Big Sky,Big Sky,,,,,,
295046,1985-01-28,,1985,regular,,final,Penn State (Beaver),La Salle,1353,137,74,77,,,Metro,,,,,,
295047,1985-01-28,,1985,regular,,final,Yale,Manhattan,360,155,60,57,,Ivy,Metro,,,,,,
295048,1985-01-28,,1985,regular,,final,Villanova,Pittsburgh,338,229,70,63,,Big East,Big East,,,,,,
295049,1985-01-29,,1985,regular,,final,Alabama,Ole Miss,5,220,54,47,,SEC,SEC,,,,,,
295050,1985-01-29,,1985,regular,,final,Baylor,Arkansas,20,12,57,64,,,,,,,,,
295051,1985-01-29,,1985,regular,,final,Dartmouth,Army,62,15,59,65,,Ivy,Metro,,,,,,
295052,1985-01-29,,1985,regular,,final,Vanderbilt,Auburn,336,16,80,86,,SEC,SEC,,,,,,
295053,1985-01-29,,1985,regular,,final,Radford,Charleston Southern,239,47,69,68,,Indep.,Indep.,,,,,,
295054,1985-01-29,,1985,regular,,final,Northern Illinois,Bowling Green,208,28,81,62,,MAC,MAC,,,,,,
295055,1985-01-29,,1985,regular,,final,Northeastern,Boston College,205,26,75,82,,Am. East,Big East,,,,,,
295056,1985-01-29,,1985,regular,,final,Brooklyn,Wagner,414,341,75,73,,Indep.,NEC,,,,,,
295057,1985-01-29,,1985,regular,,final,Tennessee Tech,UCF,291,312,70,55,,OVC,Indep.,,,,,,
295058,1985-01-29,,1985,regular,,final,Cincinnati,Xavier,51,359,52,55,,,Horizon,,,,,,
295059,1985-01-29,,1985,regular,,final,The Citadel,Marshall,299,158,92,87,,SoCon,SoCon,,,,,,
295060,1985-01-29,,1985,regular,,final,Clemson,North Carolina,52,200,52,50,,ACC,ACC,,,,,,
295061,1985-01-29,,1985,regular,,final,Kent State,Central Michigan,134,45,67,64,,MAC,MAC,,,,,,
295062,1985-01-29,,1985,regular,,final,UConn,Seton Hall,314,263,81,76,,Big East,Big East,,,,,,
295063,1985-01-29,,1985,regular,,final,William & Mary,Delaware,353,66,72,61,,CAA,,,,,,,
295064,1985-01-29,,1985,regular,,final,Drake,Tulsa,70,304,66,67,,MVC,MVC,,,,,,
295065,1985-01-29,,1985,regular,,final,Lafayette,Drexel,138,71,69,59,,,,,,,,,
295066,1985-01-29,,1985,regular,,final,Wake Forest,Duke,342,72,70,76,,ACC,ACC,,,,,,
295067,1985-01-29,,1985,regular,,final,Toledo,Eastern Michigan,300,79,74,83,,MAC,MAC,,,,,,
295068,1985-01-29,,1985,regular,,final,Eastern Washington,Weber State,80,345,55,61,,Indep.,Big Sky,,,,,,
295069,1985-01-29,,1985,regular,,final,Mercer,Florida A&M,164,85,83,72,,ASUN,Indep.,,,,,,
295070,1985-01-29,,1985,regular,,final,Florida,Mississippi State,87,174,72,57,,SEC,SEC,,,,,,
295071,1985-01-29,,1985,regular,,final,Saint Peter's,Fairfield,254,83,64,75,,Metro,Metro,,,,,,
295072,1985-01-29,,1985,regular,,final,Cal State Fullerton,New Mexico State,37,192,84,53,,Big West,Big West,,,,,,
295073,1985-01-29,,1985,regular,,final,Navy,George Mason,187,95,74,78,,CAA,CAA,,,,,,
295074,1985-01-29,,1985,regular,,final,Georgia,Tennessee,98,292,79,80,,SEC,SEC,,,,,,
295075,1985-01-29,,1985,regular,,final,Georgia Tech,NC State,101,185,53,61,,ACC,ACC,,,,,,
295076,1985-01-29,,1985,regular,,final,Georgia Southern,Middle Tennessee,99,171,72,64,,ASUN,OVC,,,,,,
295077,1985-01-29,,1985,regular,,final,SMU,Houston,248,113,85,78,,,,,,,,,
295078,1985-01-29,,1985,regular,,final,Maryland Eastern Shore,Howard,159,114,59,69,,MEAC,MEAC,,,,,,
295079,1985-01-29,,1985,regular,,final,Purdue,Illinois,236,118,54,34,,Big Ten,Big Ten,,,,,,
295080,1985-01-29,,1985,regular,,final,Iowa State,Nebraska,125,188,76,65,,,MVC,,,,,,
295081,1985-01-29,,1985,regular,,final,Kansas State,Kansas,132,131,57,75,,,,,,,,,
295082,1985-01-29,,1985,regular,,final,Robert Morris,Loyola Maryland,244,152,72,70,,NEC,NEC,,,,,,
295083,1985-01-29,,1985,regular,,final,Maryland,Virginia,160,339,71,58,,ACC,ACC,,,,,,
295084,1985-01-29,,1985,regular,,final,Virginia Tech,Morgan State,340,182,98,66,,,MEAC,,,,,,
295085,1985-01-29,,1985,regular,,final,Miami (OH),Western Michigan,167,351,82,59,,MAC,MAC,,,,,,
295086,1985-01-29,,1985,regular,,final,Missouri,Oklahoma State,177,218,66,65,,,,,,,,,
295087,1985-01-29,,1985,regular,,final,Richmond,UNC Wilmington,242,321,70,54,,CAA,CAA,,,,,,
295088,1985-01-29,,1985,regular,,final,Notre Dame,Saint Louis,213,252,48,42,,Indep.,Horizon,,,,,,
295089,1985-01-29,,1985,regular,,final,Southern,Northwestern State,274,211,112,79,,SWAC,,,,,,,
295090,1985-01-29,,1985,regular,,final,Providence,St. John's,235,279,60,77,,Big East,Big East,,,,,,
295091,1985-01-29,,1985,regular,,final,Rice,Texas A&M,241,293,52,64,,,,,,,,,
295092,1985-01-29,,1985,regular,,final,Rider,Towson,243,301,75,63,,,,,,,,,
295093,1985-01-29,,1985,regular,,final,South Carolina,Southern Miss,266,275,90,72,,,,,,,,,
295094,1985-01-29,,1985,regular,,final,Texas Tech,TCU,298,287,47,48,,,,,,,,,
295095,1985-01-29,,1985,regular,,final,UC Irvine,Utah State,308,329,84,87,,Big West,Big West,,,,,,
295096,1985-01-29,,1985,regular,,final,Green Bay,Western Illinois,105,349,69,71,,Summit,Summit,,,,,,
295097,1985-01-30,,1985,regular,,final,Akron,UCF,3,312,61,60,,OVC,Indep.,,,,,,
295098,1985-01-30,,1985,regular,,final,UAB,Old Dominion,305,219,58,59,,Sun Belt,CAA,,,,,,
295099,1985-01-30,,1985,regular,,final,App State,North Carolina A&T,9,198,72,67,,SoCon,MEAC,,,,,,
295100,1985-01-30,,1985,regular,,final,Arizona,Washington,11,343,69,56,,Pac-12,Pac-12,,,,,,
295101,1985-01-30,,1985,regular,,final,Georgia State,Little Rock,100,144,64,68,,ASUN,ASUN,,,,,,
295102,1985-01-30,,1985,regular,,final,Louisiana Tech,Arkansas State,149,13,80,73,,Southland,Southland,,,,,,
295103,1985-01-30,,1985,regular,,final,Arizona State,Washington State,10,344,63,59,,Pac-12,Pac-12,,,,,,
295104,1985-01-30,,1985,regular,,final,Boston University,Niagara,27,194,87,88,,Am. East,Am. East,,,,,,
295105,1985-01-30,,1985,regular,,final,BYU,San Diego State,18,257,71,77,,UAC,UAC,,,,,,
295106,1985-01-30,,1985,regular,,final,California,Oregon State,40,224,42,36,,Pac-12,Pac-12,,,,,,
295107,1985-01-30,,1985,regular,,final,Samford,Centenary (LA),256,367,76,40,,ASUN,ASUN,,,,,,
295108,1985-01-30,,1985,regular,,final,U.S. International,Chicago State,433,50,67,77,,Indep.,Indep.,,,,,,
295109,1985-01-30,,1985,regular,,final,UC Santa Barbara,Long Beach State,311,145,72,56,,Big West,Big West,,,,,,
295110,1985-01-30,,1985,regular,,final,Loyola Marymount,Santa Clara,153,261,70,91,,WCC,WCC,,,,,,
295111,1985-01-30,,1985,regular,,final,Wyoming,Colorado State,358,57,54,53,,UAC,UAC,,,,,,
295112,1985-01-30,,1985,regular,,final,Western Carolina,Davidson,348,63,58,57,,SoCon,SoCon,,,,,,
295113,1985-01-30,,1985,regular,,final,Morgan State,Delaware State,182,67,68,83,,MEAC,MEAC,,,,,,
295114,1985-01-30,,1985,regular,,final,Duquesne,Saint Joseph's,73,251,56,70,,A-10,A-10,,,,,,
295115,1985-01-30,,1985,regular,,final,Evansville,Eastern Illinois,82,77,67,72,,Horizon,Summit,,,,,,
295116,1985-01-30,,1985,regular,,final,Furman,East Tennessee State,93,75,73,72,,SoCon,SoCon,,,,,,
295117,1985-01-30,,1985,regular,,final,Fairleigh Dickinson,Marist,84,156,57,54,,NEC,NEC,,,,,,
295118,1985-01-30,,1985,regular,,final,Fresno State,Pacific,92,225,56,39,,Big West,Big West,,,,,,
295119,1985-01-30,,1985,regular,,final,Rhode Island,George Washington,240,96,84,93,,A-10,A-10,,,,,,
295120,1985-01-30,,1985,regular,,final,Lehigh,Harvard,141,107,72,75,,,Ivy,,,,,,
295121,1985-01-30,,1985,regular,,final,Utah,Hawai'i,331,108,78,64,,UAC,UAC,,,,,,
295122,1985-01-30,,1985,regular,,final,Holy Cross,Iona,111,123,102,85,,Metro,Metro,,,,,,
295123,1985-01-30,,1985,regular,,final,Southern Illinois,Illinois State,273,119,63,50,,MVC,MVC,,,,,,
295124,1985-01-30,,1985,regular,,final,Indiana,Iowa,121,124,59,72,,Big Ten,Big Ten,,,,,,
295125,1985-01-30,,1985,regular,,final,Indiana State,Wichita State,122,352,72,88,,MVC,MVC,,,,,,
295126,1985-01-30,,1985,regular,,final,VCU,Jacksonville,333,127,81,54,,Sun Belt,Sun Belt,,,,,,
295127,1985-01-30,,1985,regular,,final,Tennessee State,Jackson State,290,126,47,46,,Indep.,SWAC,,,,,,
295128,1985-01-30,,1985,regular,,final,Kentucky,LSU,135,136,53,43,,SEC,SEC,,,,,,
295129,1985-01-30,,1985,regular,,final,Lamar,UL Monroe,139,316,84,70,,Southland,Southland,,,,,,
295130,1985-01-30,,1985,regular,,final,Massachusetts,Penn State,161,226,65,71,,A-10,A-10,,,,,,
295131,1985-01-30,,1985,regular,,final,McNeese,UT Arlington,162,324,91,82,,Southland,Southland,,,,,,
295132,1985-01-30,,1985,regular,,final,Northwestern,Michigan,212,170,52,76,,Big Ten,Big Ten,,,,,,
295133,1985-01-30,,1985,regular,,final,Ohio State,Minnesota,216,173,76,62,,Big Ten,Big Ten,,,,,,
295134,1985-01-30,,1985,regular,,final,Wisconsin,Michigan State,355,169,68,77,,Big Ten,Big Ten,,,,,,
295135,1985-01-30,,1985,regular,,final,Charlotte,South Alabama,48,265,76,87,,Sun Belt,Sun Belt,,,,,,
295136,1985-01-30,,1985,regular,,final,New Hampshire,Vermont,190,337,52,57,,Am. East,Am. East,,,,,,
295137,1985-01-30,,1985,regular,,final,New Orleans,Louisiana,193,148,45,62,,Indep.,Indep.,,,,,,
295138,1985-01-30,,1985,regular,,final,Texas State,Nicholls,297,195,73,97,,,,,,,,,
295139,1985-01-30,,1985,regular,,final,Northern Iowa,Texas Pan American,209,1535,70,68,,Summit,,,,,,,
295140,1985-01-30,,1985,regular,,final,North Texas,Texas A&M-San Antonio,204,583,73,72,,Southland,,,,,,,
295141,1985-01-30,,1985,regular,,final,Stanford,Oregon,281,223,54,61,,Pac-12,Pac-12,,,,,,
295142,1985-01-30,,1985,regular,,final,Pepperdine,Portland,228,230,76,75,,WCC,WCC,,,,,,
295143,1985-01-30,,1985,regular,,final,Rutgers,West Virginia,245,347,71,76,,A-10,A-10,,,,,,
295144,1985-01-30,,1985,regular,,final,San Diego,Saint Mary's,258,253,65,75,,WCC,WCC,,,,,,
295145,1985-01-30,,1985,regular,,final,UNLV,San José State,322,260,70,56,,Big West,Big West,,,,,,
295146,1985-01-30,,1985,regular,,final,Temple,St. Bonaventure,289,277,77,56,,A-10,A-10,,,,,,
295147,1985-01-31,,1985,regular,,final,Air Force,New Mexico,2,191,52,58,,UAC,UAC,,,,,,
295148,1985-01-31,,1985,regular,,final,Arkansas,Texas A&M,12,293,58,53,,,,,,,,,
295149,1985-01-31,,1985,regular,,final,Boise State,Idaho State,25,116,71,73,,Big Sky,Big Sky,,,,,,
295150,1985-01-31,,1985,regular,,final,Cornell,Brown,60,30,59,56,,Ivy,Ivy,,,,,,
295152,1985-01-31,,1985,regular,,final,Columbia,Yale,58,360,77,67,,Ivy,Ivy,,,,,,
295153,1985-01-31,,1985,regular,,final,Houston,TCU,113,287,80,85,,,,,,,,,
295154,1985-01-31,,1985,regular,,final,Idaho,Weber State,117,345,82,94,,Big Sky,Big Sky,,,,,,
295155,1985-01-31,,1985,regular,,final,Prairie View A&M,Houston Christian,232,112,58,60,,SWAC,ASUN,,,,,,
295156,1985-01-31,,1985,regular,,final,Syracuse,Villanova,286,338,92,79,,Big East,Big East,,,,,,
295157,1985-01-31,,1985,regular,,final,USC,UCLA,323,313,78,77,,Pac-12,Pac-12,,,,,,
295158,1985-01-31,,1985,regular,,final,Wyoming,UTEP,358,327,65,62,,UAC,UAC,,,,,,
295159,1985-02-01,,1985,regular,,final,Air Force,UTEP,2,327,53,64,,UAC,UAC,,,,,,
295160,1985-02-01,,1985,regular,,final,Youngstown State,Akron,361,3,73,67,,OVC,OVC,,,,,,
295161,1985-02-01,,1985,regular,,final,Mississippi State,Alabama,174,5,48,46,,SEC,SEC,,,,,,
295162,1985-02-01,,1985,regular,,final,UAB,South Alabama,305,265,81,73,,Sun Belt,Sun Belt,,,,,,
295163,1985-02-01,,1985,regular,,final,Alcorn State,Southern,7,274,72,86,,SWAC,SWAC,,,,,,
295164,1985-02-01,,1985,regular,,final,Alabama State,Jackson State,6,126,61,59,,SWAC,SWAC,,,,,,
295165,1985-02-01,,1985,regular,,final,App State,Western Carolina,9,348,60,63,,SoCon,SoCon,,,,,,
295166,1985-02-01,,1985,regular,,final,Arizona,Washington State,11,344,73,56,,Pac-12,Pac-12,,,,,,
295167,1985-02-01,,1985,regular,,final,Samford,Little Rock,256,144,79,73,,ASUN,ASUN,,,,,,
295168,1985-02-01,,1985,regular,,final,Army,La Salle,15,137,80,85,,Metro,Metro,,,,,,
295169,1985-02-01,,1985,regular,,final,Arkansas State,Lamar,13,139,69,67,,Southland,Southland,,,,,,
295170,1985-02-01,,1985,regular,,final,Arizona State,Washington,10,343,65,72,,Pac-12,Pac-12,,,,,,
295171,1985-02-01,,1985,regular,,final,Auburn,Kentucky,16,135,47,49,,SEC,SEC,,,,,,
295172,1985-02-01,,1985,regular,,final,East Tennessee State,Augusta,75,633,75,60,,SoCon,,,,,,,
295173,1985-02-01,,1985,regular,,final,Murray State,Austin Peay,184,17,64,60,,OVC,OVC,,,,,,
295174,1985-02-01,,1985,regular,,final,Bowling Green,Ball State,28,19,59,60,,MAC,MAC,,,,,,
295175,1985-02-01,,1985,regular,,final,Bethune-Cookman,Howard,23,114,62,79,,MEAC,MEAC,,,,,,
295176,1985-02-01,,1985,regular,,final,Providence,Boston College,235,26,66,93,,Big East,Big East,,,,,,
295177,1985-02-01,,1985,regular,,final,Boise State,Weber State,25,345,63,60,,Big Sky,Big Sky,,,,,,
295178,1985-02-01,,1985,regular,,final,Boston University,Canisius,27,42,71,84,,Am. East,Am. East,,,,,,
295179,1985-02-01,,1985,regular,,final,Bradley,Creighton,29,61,68,71,,MVC,MVC,,,,,,
295180,1985-02-01,,1985,regular,,final,Columbia,Brown,58,30,57,52,,Ivy,Ivy,,,,,,
295181,1985-02-01,,1985,regular,,final,VMI,Bucknell,334,32,60,63,,SoCon,,,,,,,
295182,1985-02-01,,1985,regular,,final,Loyola Chicago,Butler,151,34,105,90,,Horizon,Horizon,,,,,,
295183,1985-02-01,,1985,regular,,final,BYU,Hawai'i,18,108,66,60,,UAC,UAC,,,,,,
295184,1985-02-01,,1985,regular,,final,California,Oregon,40,223,50,37,,Pac-12,Pac-12,,,,,,
295185,1985-02-01,,1985,regular,,final,Campbell,UNC Wilmington,41,321,51,67,,Indep.,CAA,,,,,,
295186,1985-02-01,,1985,regular,,final,Georgia State,Centenary (LA),100,367,72,76,,ASUN,ASUN,,,,,,
295187,1985-02-01,,1985,regular,,final,Eastern Washington,Chicago State,80,50,67,66,,Indep.,Indep.,,,,,,
295188,1985-02-01,,1985,regular,,final,Clemson,Delaware State,52,67,96,65,,ACC,MEAC,,,,,,
295189,1985-02-01,,1985,regular,,final,Vermont,Colgate,337,55,37,34,,Am. East,Am. East,,,,,,
295190,1985-02-01,,1985,regular,,final,Valparaiso,Cleveland State,335,53,73,104,,Summit,Summit,,,,,,
295191,1985-02-01,,1985,regular,,final,Central Michigan,Miami (OH),45,167,59,69,,MAC,MAC,,,,,,
295192,1985-02-01,,1985,regular,,final,Missouri,Colorado,177,56,77,69,,,,,,,,,
295193,1985-02-01,,1985,regular,,final,St. John's,UConn,279,314,97,64,,Big East,Big East,,,,,,
295194,1985-02-01,,1985,regular,,final,Cornell,Yale,60,360,78,55,,Ivy,Ivy,,,,,,
295195,1985-02-01,,1985,regular,,final,UC Santa Barbara,New Mexico State,311,192,76,65,,Big West,Big West,,,,,,
295196,1985-02-01,,1985,regular,,final,San Diego,Santa Clara,258,261,56,62,,WCC,WCC,,,,,,
295197,1985-02-01,,1985,regular,,final,Colorado State,New Mexico,57,191,61,52,,UAC,UAC,,,,,,
295198,1985-02-01,,1985,regular,,final,Davidson,Chattanooga,63,49,52,62,,SoCon,SoCon,,,,,,
295199,1985-02-01,,1985,regular,,final,Cincinnati,Dayton,51,64,83,62,,,Indep.,,,,,,
295200,1985-02-01,,1985,regular,,final,Drexel,Delaware,71,66,73,67,,,,,,,,,
295201,1985-02-01,,1985,regular,,final,Louisville,DePaul,150,65,77,73,,,Indep.,,,,,,
295202,1985-02-01,,1985,regular,,final,Detroit Mercy,Xavier,69,359,87,83,,Horizon,Horizon,,,,,,
295203,1985-02-01,,1985,regular,,final,Drake,West Texas A&M,70,1440,78,69,,MVC,MVC,,,,,,
295204,1985-02-01,,1985,regular,,final,Duquesne,St. Bonaventure,73,277,66,63,,A-10,A-10,,,,,,
295205,1985-02-01,,1985,regular,,final,George Mason,East Carolina,95,74,86,59,,CAA,CAA,,,,,,
295206,1985-02-01,,1985,regular,,final,Eastern Illinois,UIC,77,315,74,64,,Summit,Summit,,,,,,
295207,1985-02-01,,1985,regular,,final,Morehead State,Eastern Kentucky,181,78,61,66,,OVC,OVC,,,,,,
295208,1985-02-01,,1985,regular,,final,Eastern Michigan,Kent State,79,134,71,66,,MAC,MAC,,,,,,
295209,1985-02-01,,1985,regular,,final,Evansville,Oklahoma City,82,1476,59,61,,Horizon,,,,,,,
295210,1985-02-01,,1985,regular,,final,Fairleigh Dickinson,Monmouth,84,178,79,77,,NEC,Indep.,,,,,,
295211,1985-02-01,,1985,regular,,final,Tennessee,Florida,292,87,86,93,,SEC,SEC,,,,,,
295212,1985-02-01,,1985,regular,,final,Iona,Fordham,123,91,66,65,,Metro,Metro,,,,,,
295213,1985-02-01,,1985,regular,,final,Holy Cross,Fairfield,111,83,79,71,,Metro,Metro,,,,,,
295214,1985-02-01,,1985,regular,,final,Florida State,South Carolina,90,266,87,75,,,,,,,,,
295215,1985-02-01,,1985,regular,,final,Cal State Fullerton,Long Beach State,37,145,69,60,,Big West,Big West,,,,,,
295217,1985-02-01,,1985,regular,,final,LSU,Georgia,136,98,58,59,,SEC,SEC,,,,,,
295218,1985-02-01,,1985,regular,,final,Maryland,Georgia Tech,160,101,60,72,,ACC,ACC,,,,,,
295219,1985-02-01,,1985,regular,,final,George Washington,Rutgers,96,245,96,77,,A-10,A-10,,,,,,
295220,1985-02-01,,1985,regular,,final,Pepperdine,Gonzaga,228,102,59,55,,WCC,WCC,,,,,,
295221,1985-02-01,,1985,regular,,final,Mercer,Georgia Southern,164,99,75,64,,ASUN,ASUN,,,,,,
295222,1985-02-01,,1985,regular,,final,Lafayette,Harvard,138,107,61,57,,,Ivy,,,,,,
295223,1985-02-01,,1985,regular,,final,Hardin-Simmons,Houston Christian,772,112,74,61,,,ASUN,,,,,,
295224,1985-02-01,,1985,regular,,final,Hofstra,Towson,110,301,67,65,,,,,,,,,
295225,1985-02-01,,1985,regular,,final,Idaho,Idaho State,117,116,95,69,,Big Sky,Big Sky,,,,,,
295226,1985-02-01,,1985,regular,,final,Indiana,Minnesota,121,173,89,66,,Big Ten,Big Ten,,,,,,
295227,1985-02-01,,1985,regular,,final,Indiana State,Tulsa,122,304,100,94,,MVC,MVC,,,,,,
295228,1985-02-01,,1985,regular,,final,Iowa State,Kansas State,125,132,58,54,,,,,,,,,
295229,1985-02-01,,1985,regular,,final,Ohio State,Iowa,216,124,58,67,,Big Ten,Big Ten,,,,,,
295230,1985-02-01,,1985,regular,,final,Old Dominion,Jacksonville,219,127,78,79,,CAA,Sun Belt,,,,,,
295231,1985-02-01,,1985,regular,,final,James Madison,William & Mary,129,353,70,78,,CAA,CAA,,,,,,
295232,1985-02-01,,1985,regular,,final,Nebraska,Kansas,188,131,80,91,,MVC,,,,,,,
295233,1985-02-01,,1985,regular,,final,Rider,Lehigh,243,141,84,53,,,,,,,,,
295234,1985-02-01,,1985,regular,,final,St. Francis Brooklyn,Long Island University,364,146,73,74,,NEC,NEC,,,,,,
295235,1985-02-01,,1985,regular,,final,Loyola Marymount,Saint Mary's,153,253,68,78,,WCC,WCC,,,,,,
295236,1985-02-01,,1985,regular,,final,Loyola Maryland,St. Francis (PA),152,278,86,77,,NEC,NEC,,,,,,
295237,1985-02-01,,1985,regular,,final,UL Monroe,Louisiana Tech,316,149,63,73,,Southland,Southland,,,,,,
295238,1985-02-01,,1985,regular,,final,Maine-Farmington,Niagara,1078,194,96,97,,,Am. East,,,,,,
295240,1985-02-01,,1985,regular,,final,Massachusetts,Rhode Island,161,240,76,65,,A-10,A-10,,,,,,
295241,1985-02-01,,1985,regular,,final,South Carolina State,Maryland Eastern Shore,267,159,91,64,,MEAC,MEAC,,,,,,
295242,1985-02-01,,1985,regular,,final,Middle Tennessee,Tennessee State,171,290,60,59,,OVC,Indep.,,,,,,
295243,1985-02-01,,1985,regular,,final,Memphis,Virginia Tech,163,340,91,82,,,,,,,,,
295244,1985-02-01,,1985,regular,,final,Wisconsin,Michigan,355,170,81,94,,Big Ten,Big Ten,,,,,,
295245,1985-02-01,,1985,regular,,final,Ole Miss,Vanderbilt,220,336,60,55,,SEC,SEC,,,,,,
295246,1985-02-01,,1985,regular,,final,Montana State,Montana,180,179,74,71,,Big Sky,Big Sky,,,,,,
295247,1985-02-01,,1985,regular,,final,Wagner,Marist,341,156,55,73,,NEC,NEC,,,,,,
295248,1985-02-01,,1985,regular,,final,Northwestern,Michigan State,212,169,54,68,,Big Ten,Big Ten,,,,,,
295249,1985-02-01,,1985,regular,,final,Nevada,Northern Arizona,189,206,72,59,,Big Sky,Big Sky,,,,,,
295250,1985-02-01,,1985,regular,,final,Navy,Richmond,187,242,80,55,,CAA,CAA,,,,,,
295251,1985-02-01,,1985,regular,,final,Western Kentucky,Charlotte,350,48,102,67,,Sun Belt,Sun Belt,,,,,,
295252,1985-02-01,,1985,regular,,final,Wake Forest,NC State,342,185,91,64,,ACC,ACC,,,,,,
295253,1985-02-01,,1985,regular,,final,Siena,New Hampshire,264,190,73,54,,Am. East,Am. East,,,,,,
295254,1985-02-01,,1985,regular,,final,New Orleans,Stetson,193,283,70,61,,Indep.,Indep.,,,,,,
295255,1985-02-01,,1985,regular,,final,Toledo,Northern Illinois,300,208,63,52,,MAC,MAC,,,,,,
295256,1985-02-01,,1985,regular,,final,Western Illinois,Northern Iowa,349,209,75,60,,Summit,Summit,,,,,,
295257,1985-02-01,,1985,regular,,final,UT Arlington,North Texas,324,204,86,67,,Southland,Southland,,,,,,
295258,1985-02-01,,1985,regular,,final,Texas State,Northwestern State,297,211,76,56,,,,,,,,,
295259,1985-02-01,,1985,regular,,final,Ohio,Western Michigan,215,351,62,54,,MAC,MAC,,,,,,
295260,1985-02-01,,1985,regular,,final,Oklahoma State,Oklahoma,218,217,81,83,,,,,,,,,
295261,1985-02-01,,1985,regular,,final,Saint Louis,Oral Roberts,252,222,64,74,,Horizon,Horizon,,,,,,
295262,1985-02-01,,1985,regular,,final,Stanford,Oregon State,281,224,73,83,,Pac-12,Pac-12,,,,,,
295263,1985-02-01,,1985,regular,,final,Louisiana,Texas Pan American,148,1535,77,56,,Indep.,,,,,,,
295264,1985-02-01,,1985,regular,,final,Penn State (Beaver),Princeton,1353,234,47,49,,,Ivy,,,,,,
295265,1985-02-01,,1985,regular,,final,Seton Hall,Pittsburgh,263,229,62,64,,Big East,Big East,,,,,,
295266,1985-02-01,,1985,regular,,final,Texas Southern,Prairie View A&M,296,232,90,72,,SWAC,SWAC,,,,,,
295267,1985-02-01,,1985,regular,,final,Saint Joseph's,Penn State,251,226,72,53,,A-10,A-10,,,,,,
295268,1985-02-01,,1985,regular,,final,Utah,San Diego State,331,257,77,75,,UAC,UAC,,,,,,
295269,1985-02-01,,1985,regular,,final,South Florida,VCU,271,333,55,62,,Sun Belt,Sun Belt,,,,,,
295270,1985-02-01,,1985,regular,,final,Southern Illinois,Wichita State,273,352,76,92,,MVC,MVC,,,,,,
295271,1985-02-01,,1985,regular,,final,UC Irvine,San José State,308,260,78,77,,Big West,Big West,,,,,,
295272,1985-02-01,,1985,regular,,final,Tulane,Southern Miss,303,275,64,63,,,,,,,,,
295273,1985-02-01,,1985,regular,,final,Missouri State,Green Bay,176,105,88,58,,Summit,Summit,,,,,,
295274,1985-02-01,,1985,regular,,final,Temple,West Virginia,289,347,88,71,,A-10,A-10,,,,,,
295275,1985-02-01,,1985,regular,,final,Texas,Texas Tech,295,298,66,61,,,,,,,,,
295276,1985-02-01,,1985,regular,,final,UNLV,Utah State,322,329,101,83,,Big West,Big West,,,,,,
295277,1985-02-02,,1985,regular,,final,Georgetown,Arkansas,97,12,56,39,,Big East,,,,,,,
295278,1985-02-02,,1985,regular,,final,Houston,Illinois,113,118,76,77,,,Big Ten,,,,,,
295279,1985-02-02,,1985,regular,,final,Syracuse,Marquette,286,157,71,53,,Big East,Indep.,,,,,,
295280,1985-02-02,,1985,regular,,final,UCLA,Notre Dame,313,213,52,53,,Pac-12,Indep.,,,,,,
295281,1985-02-02,,1985,regular,,final,SMU,Rice,248,241,68,52,,,,,,,,,
295282,1985-02-03,,1985,regular,,final,Alcorn State,South Carolina State,7,267,90,75,,SWAC,MEAC,,,,,,
295283,1985-02-03,,1985,regular,,final,New Orleans,Alabama State,193,6,57,42,,Indep.,SWAC,,,,,,
295284,1985-02-03,,1985,regular,,final,American University,George Mason,8,95,71,77,,CAA,CAA,,,,,,
295286,1985-02-03,,1985,regular,,final,Bethune-Cookman,Delaware State,23,67,66,77,,MEAC,MEAC,,,,,,
295287,1985-02-03,,1985,regular,,final,Hartford,Brooklyn,363,414,64,63,,Am. East,Indep.,,,,,,
295288,1985-02-03,,1985,regular,,final,Detroit Mercy,Butler,69,34,58,53,,Horizon,Horizon,,,,,,
295289,1985-02-03,,1985,regular,,final,The Citadel,Chattanooga,299,49,71,63,,SoCon,SoCon,,,,,,
295290,1985-02-03,,1985,regular,,final,Cleveland State,Akron,53,3,76,58,,Summit,OVC,,,,,,
295291,1985-02-03,,1985,regular,,final,Creighton,West Texas A&M,61,1440,87,63,,MVC,MVC,,,,,,
295292,1985-02-03,,1985,regular,,final,Drexel,Loyola Maryland,71,152,71,92,,,NEC,,,,,,
295293,1985-02-03,,1985,regular,,final,Duke,Harvard,72,107,82,53,,ACC,Ivy,,,,,,
295294,1985-02-03,,1985,regular,,final,Duquesne,Pittsburgh,73,229,61,77,,A-10,Big East,,,,,,
295295,1985-02-03,,1985,regular,,final,Eastern Illinois,Green Bay,77,105,77,58,,Summit,Summit,,,,,,
295296,1985-02-03,,1985,regular,,final,VMI,East Tennessee State,334,75,60,53,,SoCon,SoCon,,,,,,
295297,1985-02-03,,1985,regular,,final,Evansville,Oral Roberts,82,222,79,75,,Horizon,Horizon,,,,,,
295298,1985-02-03,,1985,regular,,final,Fairleigh Dickinson,Navy,84,187,74,83,,NEC,CAA,,,,,,
295299,1985-02-03,,1985,regular,,final,Florida,Florida State,87,90,86,79,,SEC,,,,,,,
295300,1985-02-03,,1985,regular,,final,Cal State Fullerton,Fresno State,37,92,52,51,,Big West,Big West,,,,,,
295301,1985-02-03,,1985,regular,,final,Furman,Marshall,93,158,62,90,,SoCon,SoCon,,,,,,
295302,1985-02-03,,1985,regular,,final,South Carolina,Georgia State,266,100,90,66,,,ASUN,,,,,,
295303,1985-02-03,,1985,regular,,final,Virginia,George Washington,339,96,51,42,,ACC,A-10,,,,,,
295304,1985-02-03,,1985,regular,,final,Grambling,Tennessee State,103,290,63,53,,SWAC,Indep.,,,,,,
295305,1985-02-03,,1985,regular,,final,Missouri State,UIC,176,315,101,81,,Summit,Summit,,,,,,
295306,1985-02-03,,1985,regular,,final,Iona,Manhattan,123,155,77,69,,Metro,Metro,,,,,,
295307,1985-02-03,,1985,regular,,final,Nicholls,Jackson State,195,126,65,61,,,SWAC,,,,,,
295308,1985-02-03,,1985,regular,,final,Lamar,Texas A&M-San Antonio,139,583,80,70,,Southland,,,,,,,
295309,1985-02-03,,1985,regular,,final,Loyola Chicago,Xavier,151,359,99,89,,Horizon,Horizon,,,,,,
295310,1985-02-03,,1985,regular,,final,Maryland,Old Dominion,160,219,87,75,,ACC,CAA,,,,,,
295311,1985-02-03,,1985,regular,,final,SE Louisiana,McNeese,246,162,65,60,,Indep.,Southland,,,,,,
295312,1985-02-03,,1985,regular,,final,North Carolina A&T,Maryland Eastern Shore,198,159,70,59,,MEAC,MEAC,,,,,,
295313,1985-02-03,,1985,regular,,final,Tennessee Tech,Middle Tennessee,291,171,74,70,,OVC,OVC,,,,,,
295314,1985-02-03,,1985,regular,,final,Radford,Morgan State,239,182,81,68,,Indep.,MEAC,,,,,,
295315,1985-02-03,,1985,regular,,final,Rutgers,Monmouth,245,178,96,74,,A-10,Indep.,,,,,,
295316,1985-02-03,,1985,regular,,final,Murray State,Western Kentucky,184,350,69,67,,OVC,Sun Belt,,,,,,
295317,1985-02-03,,1985,regular,,final,Saint Louis,Oklahoma City,252,1476,80,51,,Horizon,,,,,,,
295318,1985-02-03,,1985,regular,,final,Oregon State,USC,224,323,58,60,,Pac-12,Pac-12,,,,,,
295319,1985-02-03,,1985,regular,,final,San José State,Pacific,260,225,76,46,,Big West,Big West,,,,,,
295320,1985-02-03,,1985,regular,,final,Penn State,St. Bonaventure,226,277,59,64,,A-10,A-10,,,,,,
295321,1985-02-03,,1985,regular,,final,Seton Hall,St. John's,263,279,76,87,,Big East,Big East,,,,,,
295322,1985-02-03,,1985,regular,,final,Siena,Vermont,264,337,60,59,,Am. East,Am. East,,,,,,
295323,1985-02-03,,1985,regular,,final,Virginia Tech,Southern Miss,340,275,96,80,,,,,,,,,
295324,1985-02-03,,1985,regular,,final,Louisiana,Stetson,148,283,89,72,,Indep.,Indep.,,,,,,
295325,1985-02-03,,1985,regular,,final,Texas Southern,Texas State,296,297,75,61,,SWAC,,,,,,,
295326,1985-02-04,,1985,regular,,final,Fordham,Army,91,15,74,65,,Metro,Metro,,,,,,
295327,1985-02-04,,1985,regular,,final,Miami (OH),Bowling Green,167,28,73,63,,MAC,MAC,,,,,,
295329,1985-02-04,,1985,regular,,final,Northeastern,Canisius,205,42,99,91,,Am. East,Am. East,,,,,,
295330,1985-02-04,,1985,regular,,final,UConn,Villanova,314,338,71,79,,Big East,Big East,,,,,,
295331,1985-02-04,,1985,regular,,final,New Hampshire,Dartmouth,190,62,62,59,,Am. East,Ivy,,,,,,
295332,1985-02-04,,1985,regular,,final,Gonzaga,Eastern Washington,102,80,62,52,,WCC,Indep.,,,,,,
295333,1985-02-04,,1985,regular,,final,Jacksonville,Florida A&M,127,85,68,52,,Sun Belt,Indep.,,,,,,
295334,1985-02-04,,1985,regular,,final,Saint Peter's,Holy Cross,254,111,85,58,,Metro,Metro,,,,,,
295335,1985-02-04,,1985,regular,,final,James Madison,VCU,129,333,66,65,,CAA,Sun Belt,,,,,,
295336,1985-02-04,,1985,regular,,final,Marquette,Richmond,157,242,75,67,,Indep.,CAA,,,,,,
295337,1985-02-04,,1985,regular,,final,Pepperdine,U.S. International,228,433,75,56,,WCC,Indep.,,,,,,
295338,1985-02-05,,1985,regular,,final,Georgia,Alabama,98,5,74,70,,SEC,SEC,,,,,,
295339,1985-02-05,,1985,regular,,final,Arkansas,SMU,12,248,69,66,,,,,,,,,
295340,1985-02-05,,1985,regular,,final,Florida,Auburn,87,16,78,81,,SEC,SEC,,,,,,
295341,1985-02-05,,1985,regular,,final,Augusta,Campbell,633,41,81,67,,,Indep.,,,,,,
295342,1985-02-05,,1985,regular,,final,Ball State,Eastern Michigan,19,79,80,82,,MAC,MAC,,,,,,
295343,1985-02-05,,1985,regular,,final,Texas A&M,Baylor,293,20,78,74,,,,,,,,,
295344,1985-02-05,,1985,regular,,final,UCF,Bethune-Cookman,312,23,70,71,,Indep.,MEAC,,,,,,
295345,1985-02-05,,1985,regular,,final,Maine-Farmington,Boston University,1078,27,73,82,,,Am. East,,,,,,
295346,1985-02-05,,1985,regular,,final,Towson,Bucknell,301,32,68,65,,,,,,,,,
295347,1985-02-05,,1985,regular,,final,Louisville,Cincinnati,150,51,63,69,,,,,,,,,
295348,1985-02-05,,1985,regular,,final,NC State,Clemson,185,52,69,57,,ACC,ACC,,,,,,
295349,1985-02-05,,1985,regular,,final,Ohio,Central Michigan,215,45,56,52,,MAC,MAC,,,,,,
295350,1985-02-05,,1985,regular,,final,Davidson,Furman,63,93,84,70,,SoCon,SoCon,,,,,,
295351,1985-02-05,,1985,regular,,final,DePaul,Dayton,65,64,63,67,,Indep.,Indep.,,,,,,
295352,1985-02-05,,1985,regular,,final,Delaware,Rider,66,243,68,59,,,,,,,,,
295353,1985-02-05,,1985,regular,,final,Georgia Tech,Duke,101,72,81,71,,ACC,ACC,,,,,,
295354,1985-02-05,,1985,regular,,final,UNC Wilmington,East Carolina,321,74,58,56,,CAA,CAA,,,,,,
295355,1985-02-05,,1985,regular,,final,Western Kentucky,Eastern Kentucky,350,78,66,59,,Sun Belt,OVC,,,,,,
295356,1985-02-05,,1985,regular,,final,Florida State,Tulane,90,303,74,51,,,,,,,,,
295357,1985-02-05,,1985,regular,,final,Lafayette,Hofstra,138,110,85,62,,,,,,,,,
295358,1985-02-05,,1985,regular,,final,Houston,Texas,113,295,94,80,,,,,,,,,
295359,1985-02-05,,1985,regular,,final,Tulsa,Illinois State,304,119,72,73,,MVC,MVC,,,,,,
295360,1985-02-05,,1985,regular,,final,Iowa,Minnesota,124,173,70,65,,Big Ten,Big Ten,,,,,,
295361,1985-02-05,,1985,regular,,final,Kansas,Oklahoma State,131,218,84,72,,,,,,,,,
295362,1985-02-05,,1985,regular,,final,Kansas State,Missouri,132,177,47,54,,,,,,,,,
295363,1985-02-05,,1985,regular,,final,Kent State,Toledo,134,300,66,71,,MAC,MAC,,,,,,
295364,1985-02-05,,1985,regular,,final,Notre Dame,La Salle,213,137,71,58,,Indep.,Metro,,,,,,
295365,1985-02-05,,1985,regular,,final,Utah State,Long Beach State,329,145,86,59,,Big West,Big West,,,,,,
295366,1985-02-05,,1985,regular,,final,LSU,Mississippi State,136,174,80,65,,SEC,SEC,,,,,,
295367,1985-02-05,,1985,regular,,final,Wake Forest,Maryland,342,160,62,64,,ACC,ACC,,,,,,
295368,1985-02-05,,1985,regular,,final,Morgan State,Maryland Eastern Shore,182,159,89,80,,MEAC,MEAC,,,,,,
295369,1985-02-05,,1985,regular,,final,Tennessee,Ole Miss,292,220,57,58,,SEC,SEC,,,,,,
295370,1985-02-05,,1985,regular,,final,Wagner,Monmouth,341,178,77,75,,NEC,Indep.,,,,,,
295371,1985-02-05,,1985,regular,,final,Robert Morris,Marist,244,156,58,68,,NEC,NEC,,,,,,
295372,1985-02-05,,1985,regular,,final,Navy,Fairfield,187,83,95,82,,CAA,Metro,,,,,,
295373,1985-02-05,,1985,regular,,final,Oklahoma,Nebraska,217,188,83,74,,,MVC,,,,,,
295374,1985-02-05,,1985,regular,,final,Niagara,Siena,194,264,72,64,,Am. East,Am. East,,,,,,
295375,1985-02-05,,1985,regular,,final,Western Michigan,Northern Illinois,351,208,91,69,,MAC,MAC,,,,,,
295376,1985-02-05,,1985,regular,,final,Texas Pan American,Northern Iowa,1535,209,83,59,,,Summit,,,,,,
295377,1985-02-05,,1985,regular,,final,Providence,Pittsburgh,235,229,55,68,,Big East,Big East,,,,,,
295378,1985-02-05,,1985,regular,,final,TCU,Rice,287,241,61,62,,,,,,,,,
295379,1985-02-05,,1985,regular,,final,Southern Miss,South Carolina,275,266,77,66,,,,,,,,,
295380,1985-02-05,,1985,regular,,final,VMI,William & Mary,334,353,50,48,,SoCon,CAA,,,,,,
295381,1985-02-06,,1985,regular,,final,Marshall,App State,158,9,93,82,,SoCon,SoCon,,,,,,
295382,1985-02-06,,1985,regular,,final,Arizona,Stanford,11,281,68,56,,Pac-12,Pac-12,,,,,,
295383,1985-02-06,,1985,regular,,final,Little Rock,Houston Christian,144,112,74,64,,ASUN,ASUN,,,,,,
295384,1985-02-06,,1985,regular,,final,Army,St. Francis (PA),15,278,80,72,,Metro,NEC,,,,,,
295385,1985-02-06,,1985,regular,,final,McNeese,Arkansas State,162,13,70,60,,Southland,Southland,,,,,,
295386,1985-02-06,,1985,regular,,final,Arizona State,California,10,40,61,60,,Pac-12,Pac-12,,,,,,
295387,1985-02-06,,1985,regular,,final,Charleston Southern,Radford,47,239,68,70,,Indep.,Indep.,,,,,,
295388,1985-02-06,,1985,regular,,final,West Texas A&M,Bradley,1440,29,71,76,,MVC,MVC,,,,,,
295389,1985-02-06,,1985,regular,,final,New Mexico,BYU,191,18,76,74,,UAC,UAC,,,,,,
295390,1985-02-06,,1985,regular,,final,Centenary (LA),Hardin-Simmons,367,772,57,59,,ASUN,,,,,,,
295391,1985-02-06,,1985,regular,,final,Western Carolina,The Citadel,348,299,70,73,,SoCon,SoCon,,,,,,
295392,1985-02-06,,1985,regular,,final,Colgate,Northeastern,55,205,45,54,,Am. East,Am. East,,,,,,
295393,1985-02-06,,1985,regular,,final,Colorado,Iowa State,56,125,72,70,,,,,,,,,
295394,1985-02-06,,1985,regular,,final,Creighton,Drake,61,70,58,56,,MVC,MVC,,,,,,
295395,1985-02-06,,1985,regular,,final,San Diego State,Colorado State,257,57,75,72,,UAC,UAC,,,,,,
295396,1985-02-06,,1985,regular,,final,West Virginia,Duquesne,347,73,85,61,,A-10,A-10,,,,,,
295397,1985-02-06,,1985,regular,,final,Western Illinois,Eastern Illinois,349,77,80,73,,Summit,Summit,,,,,,
295398,1985-02-06,,1985,regular,,final,Fairleigh Dickinson,Loyola Maryland,84,152,83,61,,NEC,NEC,,,,,,
295399,1985-02-06,,1985,regular,,final,Georgia Southern,Georgia State,99,100,77,50,,ASUN,ASUN,,,,,,
295400,1985-02-06,,1985,regular,,final,George Washington,Saint Joseph's,96,251,40,64,,A-10,A-10,,,,,,
295401,1985-02-06,,1985,regular,,final,Hawai'i,Wyoming,108,358,68,50,,UAC,UAC,,,,,,
295402,1985-02-06,,1985,regular,,final,Michigan State,Illinois,169,118,64,56,,Big Ten,Big Ten,,,,,,
295403,1985-02-06,,1985,regular,,final,Wisconsin,Indiana,355,121,54,58,,Big Ten,Big Ten,,,,,,
295404,1985-02-06,,1985,regular,,final,Jacksonville,South Alabama,127,265,72,64,,Sun Belt,Sun Belt,,,,,,
295405,1985-02-06,,1985,regular,,final,UAB,Jackson State,305,126,80,57,,Sun Belt,SWAC,,,,,,
295406,1985-02-06,,1985,regular,,final,Vanderbilt,Kentucky,336,135,62,68,,SEC,SEC,,,,,,
295407,1985-02-06,,1985,regular,,final,Louisiana Tech,UT Arlington,149,324,86,61,,Southland,Southland,,,,,,
295408,1985-02-06,,1985,regular,,final,St. Bonaventure,Massachusetts,277,161,56,59,,A-10,A-10,,,,,,
295409,1985-02-06,,1985,regular,,final,Middle Tennessee,Tennessee State,171,290,70,65,,OVC,Indep.,,,,,,
295410,1985-02-06,,1985,regular,,final,Mercer,Samford,164,256,92,80,,ASUN,ASUN,,,,,,
295411,1985-02-06,,1985,regular,,final,Michigan,Purdue,170,236,95,84,,Big Ten,Big Ten,,,,,,
295412,1985-02-06,,1985,regular,,final,VCU,Charlotte,333,48,77,56,,Sun Belt,Sun Belt,,,,,,
295413,1985-02-06,,1985,regular,,final,North Texas,UL Monroe,204,316,74,80,,Southland,Southland,,,,,,
295414,1985-02-06,,1985,regular,,final,Prairie View A&M,Nicholls,232,195,68,70,,SWAC,,,,,,,
295415,1985-02-06,,1985,regular,,final,New Mexico State,San José State,192,260,59,69,,Big West,Big West,,,,,,
295416,1985-02-06,,1985,regular,,final,Northwestern,Ohio State,212,216,60,63,,Big Ten,Big Ten,,,,,,
295417,1985-02-06,,1985,regular,,final,South Florida,Old Dominion,271,219,73,75,,Sun Belt,CAA,,,,,,
295418,1985-02-06,,1985,regular,,final,Pacific,UNLV,225,322,72,97,,Big West,Big West,,,,,,
295419,1985-02-06,,1985,regular,,final,Rhode Island,Penn State,240,226,54,58,,A-10,A-10,,,,,,
295420,1985-02-06,,1985,regular,,final,Temple,Rutgers,289,245,62,52,,A-10,A-10,,,,,,
295421,1985-02-06,,1985,regular,,final,Texas State,SE Louisiana,297,246,65,75,,,Indep.,,,,,,
295422,1985-02-06,,1985,regular,,final,Wichita State,Southern Illinois,352,273,80,56,,MVC,MVC,,,,,,
295423,1985-02-06,,1985,regular,,final,Washington State,UCLA,344,313,66,58,,Pac-12,Pac-12,,,,,,
295424,1985-02-06,,1985,regular,,final,North Carolina,Virginia,200,339,82,73,,ACC,ACC,,,,,,
295425,1985-02-06,,1985,regular,,final,Washington,USC,343,323,50,61,,Pac-12,Pac-12,,,,,,
295426,1985-02-06,,1985,regular,,final,UTEP,Utah,327,331,68,56,,UAC,UAC,,,,,,
295427,1985-02-07,,1985,regular,,final,Montana State,Boise State,180,25,68,65,,Big Sky,Big Sky,,,,,,
295428,1985-02-07,,1985,regular,,final,Dartmouth,Brown,62,30,65,78,,Ivy,Ivy,,,,,,
295429,1985-02-07,,1985,regular,,final,Penn State (Beaver),Columbia,1353,58,71,51,,,Ivy,,,,,,
295430,1985-02-07,,1985,regular,,final,Princeton,Cornell,234,60,42,48,,Ivy,Ivy,,,,,,
295431,1985-02-07,,1985,regular,,final,Saint Mary's,Santa Clara,253,261,71,73,,WCC,WCC,,,,,,
295432,1985-02-07,,1985,regular,,final,Delaware State,South Carolina State,67,267,76,70,,MEAC,MEAC,,,,,,
295433,1985-02-07,,1985,regular,,final,Portland,Gonzaga,230,102,59,58,,WCC,WCC,,,,,,
295434,1985-02-07,,1985,regular,,final,Grambling,Southern,103,274,74,104,,SWAC,SWAC,,,,,,
295435,1985-02-07,,1985,regular,,final,Harvard,Yale,107,360,75,71,,Ivy,Ivy,,,,,,
295436,1985-02-07,,1985,regular,,final,Howard,North Carolina A&T,114,198,65,70,,MEAC,MEAC,,,,,,
295437,1985-02-07,,1985,regular,,final,Montana,Idaho,179,117,71,50,,Big Sky,Big Sky,,,,,,
295438,1985-02-07,,1985,regular,,final,Idaho State,Nevada,116,189,92,100,,Big Sky,Big Sky,,,,,,
295439,1985-02-07,,1985,regular,,final,La Salle,Saint Peter's,137,254,70,57,,Metro,Metro,,,,,,
295440,1985-02-07,,1985,regular,,final,Loyola Marymount,San Diego,153,258,54,62,,WCC,WCC,,,,,,
295441,1985-02-07,,1985,regular,,final,Weber State,Northern Arizona,345,206,87,75,,Big Sky,Big Sky,,,,,,
295442,1985-02-07,,1985,regular,,final,Texas Pan American,Louisiana,1535,148,60,76,,,Indep.,,,,,,
295443,1985-02-08,,1985,regular,,final,Akron,Eastern Kentucky,3,78,55,61,,OVC,OVC,,,,,,
295444,1985-02-08,,1985,regular,,final,UAB,Western Kentucky,305,350,77,62,,Sun Belt,Sun Belt,,,,,,
295445,1985-02-08,,1985,regular,,final,Mississippi Valley State,Alcorn State,175,7,74,81,,SWAC,SWAC,,,,,,
295446,1985-02-08,,1985,regular,,final,Alabama State,Prairie View A&M,6,232,75,65,,SWAC,SWAC,,,,,,
295447,1985-02-08,,1985,regular,,final,UNC Wilmington,American University,321,8,68,53,,CAA,CAA,,,,,,
295448,1985-02-08,,1985,regular,,final,VMI,App State,334,9,64,56,,SoCon,SoCon,,,,,,
295449,1985-02-08,,1985,regular,,final,Arizona,California,11,40,66,48,,Pac-12,Pac-12,,,,,,
295450,1985-02-08,,1985,regular,,final,TCU,Arkansas,287,12,72,66,,,,,,,,,
295451,1985-02-08,,1985,regular,,final,Little Rock,Hardin-Simmons,144,772,65,62,,ASUN,,,,,,,
295452,1985-02-08,,1985,regular,,final,Army,Iona,15,123,76,73,,Metro,Metro,,,,,,
295453,1985-02-08,,1985,regular,,final,Arizona State,Stanford,10,281,91,75,,Pac-12,Pac-12,,,,,,
295454,1985-02-08,,1985,regular,,final,Auburn,Tennessee,16,292,75,60,,SEC,SEC,,,,,,
295455,1985-02-08,,1985,regular,,final,Augusta,Radford,633,239,62,67,,,Indep.,,,,,,
295456,1985-02-08,,1985,regular,,final,Middle Tennessee,Austin Peay,171,17,61,60,,OVC,OVC,,,,,,
295457,1985-02-08,,1985,regular,,final,Toledo,Ball State,300,19,66,56,,MAC,MAC,,,,,,
295458,1985-02-08,,1985,regular,,final,Florida A&M,Bethune-Cookman,85,23,97,80,,Indep.,MEAC,,,,,,
295459,1985-02-08,,1985,regular,,final,Bowling Green,Ohio,28,215,56,60,,MAC,MAC,,,,,,
295461,1985-02-08,,1985,regular,,final,Montana,Boise State,179,25,65,49,,Big Sky,Big Sky,,,,,,
295462,1985-02-08,,1985,regular,,final,Northeastern,Boston University,205,27,74,62,,Am. East,Am. East,,,,,,
295463,1985-02-08,,1985,regular,,final,Oral Roberts,Bradley,222,29,83,73,,Horizon,MVC,,,,,,
295464,1985-02-08,,1985,regular,,final,Harvard,Brown,107,30,82,76,,Ivy,Ivy,,,,,,
295465,1985-02-08,,1985,regular,,final,Hofstra,Bucknell,110,32,91,71,,,,,,,,,
295466,1985-02-08,,1985,regular,,final,Butler,Evansville,34,82,71,69,,Horizon,Horizon,,,,,,
295467,1985-02-08,,1985,regular,,final,UTEP,BYU,327,18,97,86,,UAC,UAC,,,,,,
295468,1985-02-08,,1985,regular,,final,Campbell,UCF,41,312,59,69,,Indep.,Indep.,,,,,,
295469,1985-02-08,,1985,regular,,final,Dayton,Canisius,64,42,60,52,,Indep.,Am. East,,,,,,
295470,1985-02-08,,1985,regular,,final,Centenary (LA),Houston Christian,367,112,51,80,,ASUN,ASUN,,,,,,
295471,1985-02-08,,1985,regular,,final,Virginia Tech,Cincinnati,340,51,82,69,,,,,,,,,
295472,1985-02-08,,1985,regular,,final,Marshall,The Citadel,158,299,75,65,,SoCon,SoCon,,,,,,
295473,1985-02-08,,1985,regular,,final,Clemson,South Carolina,52,266,98,81,,ACC,,,,,,,
295474,1985-02-08,,1985,regular,,final,Princeton,Columbia,234,58,63,58,,Ivy,Ivy,,,,,,
295475,1985-02-08,,1985,regular,,final,Central Michigan,Western Michigan,45,351,69,71,,MAC,MAC,,,,,,
295476,1985-02-08,,1985,regular,,final,Kansas State,Colorado,132,56,76,67,,,,,,,,,
295478,1985-02-08,,1985,regular,,final,Penn State (Beaver),Cornell,1353,60,48,47,,,Ivy,,,,,,
295479,1985-02-08,,1985,regular,,final,Indiana State,Creighton,122,61,77,82,,MVC,MVC,,,,,,
295480,1985-02-08,,1985,regular,,final,UC Santa Barbara,Cal State Fullerton,311,37,85,69,,Big West,Big West,,,,,,
295481,1985-02-08,,1985,regular,,final,Hawai'i,Colorado State,108,57,66,59,,UAC,UAC,,,,,,
295482,1985-02-08,,1985,regular,,final,Dartmouth,Yale,62,360,87,73,,Ivy,Ivy,,,,,,
295483,1985-02-08,,1985,regular,,final,Chattanooga,Davidson,49,63,69,58,,SoCon,SoCon,,,,,,
295484,1985-02-08,,1985,regular,,final,DePaul,Pepperdine,65,228,90,65,,Indep.,WCC,,,,,,
295485,1985-02-08,,1985,regular,,final,Loyola Chicago,Detroit Mercy,151,69,127,100,,Horizon,Horizon,,,,,,
295486,1985-02-08,,1985,regular,,final,Illinois State,Drake,119,70,67,46,,MVC,MVC,,,,,,
295487,1985-02-08,,1985,regular,,final,Towson,Drexel,301,71,61,64,,,,,,,,,
295488,1985-02-08,,1985,regular,,final,Delaware State,North Carolina A&T,67,198,67,66,,MEAC,MEAC,,,,,,
295489,1985-02-08,,1985,regular,,final,Duke,Maryland,72,160,70,62,,ACC,ACC,,,,,,
295491,1985-02-08,,1985,regular,,final,William & Mary,East Carolina,353,74,80,71,,CAA,CAA,,,,,,
295492,1985-02-08,,1985,regular,,final,Northern Iowa,Eastern Illinois,209,77,82,90,,Summit,Summit,,,,,,
295493,1985-02-08,,1985,regular,,final,Eastern Michigan,Miami (OH),79,167,64,65,,MAC,MAC,,,,,,
295494,1985-02-08,,1985,regular,,final,Fairleigh Dickinson,St. Francis Brooklyn,84,364,69,48,,NEC,NEC,,,,,,
295495,1985-02-08,,1985,regular,,final,Florida,Vanderbilt,87,336,78,66,,SEC,SEC,,,,,,
295496,1985-02-08,,1985,regular,,final,Fordham,Fairfield,91,83,65,62,,Metro,Metro,,,,,,
295497,1985-02-08,,1985,regular,,final,Fresno State,UNLV,92,322,63,52,,Big West,Big West,,,,,,
295498,1985-02-08,,1985,regular,,final,Furman,Western Carolina,93,348,69,64,,SoCon,SoCon,,,,,,
295499,1985-02-08,,1985,regular,,final,Richmond,George Mason,242,95,53,54,,CAA,CAA,,,,,,
295500,1985-02-08,,1985,regular,,final,Georgia,Mississippi State,98,174,79,74,,SEC,SEC,,,,,,
295501,1985-02-08,,1985,regular,,final,Mercer,Georgia State,164,100,81,62,,ASUN,ASUN,,,,,,
295502,1985-02-08,,1985,regular,,final,George Washington,Rhode Island,96,240,84,75,,A-10,A-10,,,,,,
295503,1985-02-08,,1985,regular,,final,Georgia Southern,Samford,99,256,71,70,,ASUN,ASUN,,,,,,
295504,1985-02-08,,1985,regular,,final,Manhattan,Holy Cross,155,111,97,88,,Metro,Metro,,,,,,
295505,1985-02-08,,1985,regular,,final,Montana State,Idaho,180,117,81,61,,Big Sky,Big Sky,,,,,,
295506,1985-02-08,,1985,regular,,final,Idaho State,Northern Arizona,116,206,88,56,,Big Sky,Big Sky,,,,,,
295507,1985-02-08,,1985,regular,,final,Valparaiso,UIC,335,315,47,62,,Summit,Summit,,,,,,
295508,1985-02-08,,1985,regular,,final,Michigan,Illinois,170,118,57,45,,Big Ten,Big Ten,,,,,,
295509,1985-02-08,,1985,regular,,final,Northwestern,Indiana,212,121,59,78,,Big Ten,Big Ten,,,,,,
295510,1985-02-08,,1985,regular,,final,Iowa State,Missouri,125,177,70,73,,,,,,,,,
295511,1985-02-08,,1985,regular,,final,Jacksonville,Old Dominion,127,219,65,67,,Sun Belt,CAA,,,,,,
295512,1985-02-08,,1985,regular,,final,James Madison,Navy,129,187,65,62,,CAA,CAA,,,,,,
295513,1985-02-08,,1985,regular,,final,Jackson State,Texas Southern,126,296,78,75,,SWAC,SWAC,,,,,,
295514,1985-02-08,,1985,regular,,final,Kentucky,Ole Miss,135,220,67,52,,SEC,SEC,,,,,,
295515,1985-02-08,,1985,regular,,final,Northern Illinois,Kent State,208,134,60,62,,MAC,MAC,,,,,,
295516,1985-02-08,,1985,regular,,final,Lehigh,Lafayette,141,138,59,63,,,,,,,,,
295517,1985-02-08,,1985,regular,,final,San José State,Long Beach State,260,145,68,72,,Big West,Big West,,,,,,
295518,1985-02-08,,1985,regular,,final,Marist,Long Island University,156,146,72,63,,NEC,NEC,,,,,,
295519,1985-02-08,,1985,regular,,final,Wagner,Loyola Maryland,341,152,93,89,,NEC,NEC,,,,,,
295520,1985-02-08,,1985,regular,,final,North Texas,Louisiana Tech,204,149,72,90,,Southland,Southland,,,,,,
295521,1985-02-08,,1985,regular,,final,Virginia,Louisville,339,150,74,65,,ACC,,,,,,,
295522,1985-02-08,,1985,regular,,final,Niagara,Maine-Farmington,194,1078,83,72,,Am. East,,,,,,,
295523,1985-02-08,,1985,regular,,final,Penn State,Massachusetts,226,161,78,79,,A-10,A-10,,,,,,
295524,1985-02-08,,1985,regular,,final,Maryland Eastern Shore,South Carolina State,159,267,52,57,,MEAC,MEAC,,,,,,
295525,1985-02-08,,1985,regular,,final,Monmouth,Vermont,178,337,69,72,,Indep.,Am. East,,,,,,
295526,1985-02-08,,1985,regular,,final,Youngstown State,Morehead State,361,181,71,65,,OVC,OVC,,,,,,
295527,1985-02-08,,1985,regular,,final,Michigan State,Purdue,169,236,65,66,,Big Ten,Big Ten,,,,,,
295528,1985-02-08,,1985,regular,,final,Tennessee Tech,Murray State,291,184,53,51,,OVC,OVC,,,,,,
295529,1985-02-08,,1985,regular,,final,Charlotte,South Florida,48,271,81,82,,Sun Belt,Sun Belt,,,,,,
295530,1985-02-08,,1985,regular,,final,NC State,SMU,185,248,82,78,,ACC,,,,,,,
295531,1985-02-08,,1985,regular,,final,Nebraska,Oklahoma State,188,218,66,48,,MVC,,,,,,,
295532,1985-02-08,,1985,regular,,final,UT Arlington,UL Monroe,324,316,75,74,,Southland,Southland,,,,,,
295533,1985-02-08,,1985,regular,,final,New Mexico,Utah,191,331,58,65,,UAC,UAC,,,,,,
295534,1985-02-08,,1985,regular,,final,New Orleans,Tulane,193,303,49,52,,Indep.,,,,,,,
295535,1985-02-08,,1985,regular,,final,New Mexico State,Utah State,192,329,79,80,,Big West,Big West,,,,,,
295536,1985-02-08,,1985,regular,,final,Notre Dame,Syracuse,213,286,62,65,,Indep.,Big East,,,,,,
295537,1985-02-08,,1985,regular,,final,Oregon,Oregon State,223,224,51,53,,Pac-12,Pac-12,,,,,,
295538,1985-02-08,,1985,regular,,final,Wisconsin,Ohio State,355,216,92,78,,Big Ten,Big Ten,,,,,,
295539,1985-02-08,,1985,regular,,final,Pacific,UC Irvine,225,308,65,70,,Big West,Big West,,,,,,
295540,1985-02-08,,1985,regular,,final,Pittsburgh,Seton Hall,229,263,80,68,,Big East,Big East,,,,,,
295541,1985-02-08,,1985,regular,,final,St. Francis (PA),Robert Morris,278,244,81,77,,NEC,NEC,,,,,,
295542,1985-02-08,,1985,regular,,final,West Virginia,Rutgers,347,245,73,57,,A-10,A-10,,,,,,
295543,1985-02-08,,1985,regular,,final,VCU,South Alabama,333,265,53,45,,Sun Belt,Sun Belt,,,,,,
295544,1985-02-08,,1985,regular,,final,San Diego State,Wyoming,257,358,79,70,,UAC,UAC,,,,,,
295545,1985-02-08,,1985,regular,,final,Siena,Hartford,264,363,81,65,,Am. East,Am. East,,,,,,
295546,1985-02-08,,1985,regular,,final,West Texas A&M,Southern Illinois,1440,273,64,57,,MVC,MVC,,,,,,
295547,1985-02-08,,1985,regular,,final,St. Bonaventure,Temple,277,289,52,53,,A-10,A-10,,,,,,
295548,1985-02-08,,1985,regular,,final,Villanova,St. John's,338,279,68,70,,Big East,Big East,,,,,,
295549,1985-02-08,,1985,regular,,final,Xavier,Saint Louis,359,252,72,53,,Horizon,Horizon,,,,,,
295550,1985-02-08,,1985,regular,,final,Western Illinois,Missouri State,349,176,77,59,,Summit,Summit,,,,,,
295551,1985-02-08,,1985,regular,,final,Texas A&M-San Antonio,Texas State,583,297,83,76,,,,,,,,,
295552,1985-02-08,,1985,regular,,final,Wichita State,Tulsa,352,304,75,87,,MVC,MVC,,,,,,
295553,1985-02-08,,1985,regular,,final,Washington,UCLA,343,313,67,61,,Pac-12,Pac-12,,,,,,
295554,1985-02-08,,1985,regular,,final,Weber State,Nevada,345,189,77,62,,Big Sky,Big Sky,,,,,,
295555,1985-02-08,,1985,regular,,final,Washington State,USC,344,323,58,64,,Pac-12,Pac-12,,,,,,
295556,1985-02-09,,1985,regular,,final,Georgia Tech,Wake Forest,101,342,94,75,,ACC,ACC,,,,,,
295557,1985-02-09,,1985,regular,,final,Texas Tech,Houston,298,113,91,80,,,,,,,,,
295558,1985-02-09,,1985,regular,,final,Kansas,Memphis,131,163,75,71,,,,,,,,,
295559,1985-02-09,,1985,regular,,final,LSU,North Carolina,136,200,70,75,,SEC,ACC,,,,,,
295560,1985-02-09,,1985,regular,,final,Marquette,Louisiana,157,148,72,64,,Indep.,Indep.,,,,,,
295561,1985-02-09,,1985,regular,,final,Texas,Rice,295,241,66,65,,,,,,,,,
295562,1985-02-10,,1985,regular,,final,Akron,Morehead State,3,181,54,53,,OVC,OVC,,,,,,
295563,1985-02-10,,1985,regular,,final,Grambling,Alcorn State,103,7,67,88,,SWAC,SWAC,,,,,,
295564,1985-02-10,,1985,regular,,final,Alabama State,Texas Southern,6,296,69,67,,SWAC,SWAC,,,,,,
295565,1985-02-10,,1985,regular,,final,East Carolina,American University,74,8,62,79,,CAA,CAA,,,,,,
295566,1985-02-10,,1985,regular,,final,App State,Chattanooga,9,49,76,60,,SoCon,SoCon,,,,,,
295567,1985-02-10,,1985,regular,,final,Arkansas State,Little Rock,13,144,67,54,,Southland,ASUN,,,,,,
295568,1985-02-10,,1985,regular,,final,Washington,Arizona State,343,10,81,63,,Pac-12,Pac-12,,,,,,
295569,1985-02-10,,1985,regular,,final,Augusta,Tennessee State,633,290,49,65,,,Indep.,,,,,,
295570,1985-02-10,,1985,regular,,final,Tennessee Tech,Austin Peay,291,17,87,65,,OVC,OVC,,,,,,
295571,1985-02-10,,1985,regular,,final,Charleston Southern,UCF,47,312,51,55,,Indep.,Indep.,,,,,,
295572,1985-02-10,,1985,regular,,final,Baylor,SMU,20,248,94,90,,,,,,,,,
295573,1985-02-10,,1985,regular,,final,Stetson,Bethune-Cookman,283,23,100,83,,Indep.,MEAC,,,,,,
295574,1985-02-10,,1985,regular,,final,Chicago State,Brooklyn,50,414,78,69,,Indep.,Indep.,,,,,,
295575,1985-02-10,,1985,regular,,final,Butler,Saint Louis,34,252,66,61,,Horizon,Horizon,,,,,,
295576,1985-02-10,,1985,regular,,final,Canisius,Maine-Farmington,42,1078,90,71,,Am. East,,,,,,,
295577,1985-02-10,,1985,regular,,final,UIC,Cleveland State,315,53,72,90,,Summit,Summit,,,,,,
295578,1985-02-10,,1985,regular,,final,East Tennessee State,Davidson,75,63,68,67,,SoCon,SoCon,,,,,,
295579,1985-02-10,,1985,regular,,final,Drexel,Hofstra,71,110,78,66,,,,,,,,,
295580,1985-02-10,,1985,regular,,final,Youngstown State,Eastern Kentucky,361,78,61,60,,OVC,OVC,,,,,,
295581,1985-02-10,,1985,regular,,final,Xavier,Evansville,359,82,83,63,,Horizon,Horizon,,,,,,
295582,1985-02-10,,1985,regular,,final,Eastern Washington,Gonzaga,80,102,66,63,,Indep.,WCC,,,,,,
295583,1985-02-10,,1985,regular,,final,Samford,Florida A&M,256,85,78,56,,ASUN,Indep.,,,,,,
295584,1985-02-10,,1985,regular,,final,Fresno State,UC Irvine,92,308,52,40,,Big West,Big West,,,,,,
295585,1985-02-10,,1985,regular,,final,Florida State,Southern Miss,90,275,91,79,,,,,,,,,
295586,1985-02-10,,1985,regular,,final,Cal State Fullerton,Pacific,37,225,86,64,,Big West,Big West,,,,,,
295587,1985-02-10,,1985,regular,,final,George Mason,Morgan State,95,182,113,72,,CAA,MEAC,,,,,,
295588,1985-02-10,,1985,regular,,final,Georgetown,Villanova,97,338,57,50,,Big East,Big East,,,,,,
295589,1985-02-10,,1985,regular,,final,Howard,South Carolina State,114,267,53,54,,MEAC,MEAC,,,,,,
295590,1985-02-10,,1985,regular,,final,Jackson State,Prairie View A&M,126,232,71,65,,SWAC,SWAC,,,,,,
295591,1985-02-10,,1985,regular,,final,Virginia Tech,Louisville,340,150,65,70,,,,,,,,,
295592,1985-02-10,,1985,regular,,final,Maryland Eastern Shore,North Carolina A&T,159,198,53,57,,MEAC,MEAC,,,,,,
295593,1985-02-10,,1985,regular,,final,Middle Tennessee,Murray State,171,184,65,59,,OVC,OVC,,,,,,
295594,1985-02-10,,1985,regular,,final,Monmouth,Utica,178,1325,77,78,,Indep.,,,,,,,
295595,1985-02-10,,1985,regular,,final,Texas Pan American,New Orleans,1535,193,76,93,,,Indep.,,,,,,
295596,1985-02-10,,1985,regular,,final,Vermont,Niagara,337,194,68,80,,Am. East,Am. East,,,,,,
295597,1985-02-10,,1985,regular,,final,Northern Iowa,Missouri State,209,176,54,62,,Summit,Summit,,,,,,
295598,1985-02-10,,1985,regular,,final,Texas A&M-San Antonio,North Texas,583,204,97,69,,,Southland,,,,,,
295599,1985-02-10,,1985,regular,,final,Oklahoma City,Oral Roberts,1476,222,61,81,,,Horizon,,,,,,
295600,1985-02-10,,1985,regular,,final,Towson,Rider,301,243,78,77,,,,,,,,,
295601,1985-02-10,,1985,regular,,final,South Alabama,South Florida,265,271,60,59,,Sun Belt,Sun Belt,,,,,,
295602,1985-02-10,,1985,regular,,final,South Carolina,Tulane,266,303,73,65,,,,,,,,,
295603,1985-02-10,,1985,regular,,final,Wagner,St. Francis Brooklyn,341,364,73,65,,NEC,NEC,,,,,,
295604,1985-02-10,,1985,regular,,final,Green Bay,Valparaiso,105,335,55,66,,Summit,Summit,,,,,,
295605,1985-02-11,,1985,regular,,final,App State,Davidson,9,63,68,70,,SoCon,SoCon,,,,,,
295606,1985-02-11,,1985,regular,,final,Army,Fairfield,15,83,66,67,,Metro,Metro,,,,,,
295607,1985-02-11,,1985,regular,,final,Seton Hall,Boston College,263,26,83,101,,Big East,Big East,,,,,,
295608,1985-02-11,,1985,regular,,final,Boston University,New Hampshire,27,190,64,51,,Am. East,Am. East,,,,,,
295609,1985-02-11,,1985,regular,,final,The Citadel,VMI,299,334,64,61,,SoCon,SoCon,,,,,,
295610,1985-02-11,,1985,regular,,final,Colgate,Siena,55,264,54,74,,Am. East,Am. East,,,,,,
295611,1985-02-11,,1985,regular,,final,Columbia,St. John's,58,279,49,68,,Ivy,Big East,,,,,,
295612,1985-02-11,,1985,regular,,final,Loyola Chicago,DePaul,151,65,78,71,,Horizon,Indep.,,,,,,
295613,1985-02-11,,1985,regular,,final,Saint Peter's,Fordham,254,91,48,64,,Metro,Metro,,,,,,
295614,1985-02-11,,1985,regular,,final,Iona,Holy Cross,123,111,80,58,,Metro,Metro,,,,,,
295615,1985-02-11,,1985,regular,,final,Missouri,Kansas,177,131,62,55,,,,,,,,,
295616,1985-02-11,,1985,regular,,final,Manhattan,La Salle,155,137,64,65,,Metro,Metro,,,,,,
295617,1985-02-11,,1985,regular,,final,San Diego State,Long Beach State,257,145,86,69,,UAC,Big West,,,,,,
295618,1985-02-11,,1985,regular,,final,Loyola Maryland,Richmond,152,242,52,84,,NEC,CAA,,,,,,
295619,1985-02-11,,1985,regular,,final,McNeese,Louisiana,162,148,87,86,,Southland,Indep.,,,,,,
295620,1985-02-11,,1985,regular,,final,Miami (OH),Toledo,167,300,70,69,,MAC,MAC,,,,,,
295621,1985-02-11,,1985,regular,,final,Syracuse,Providence,286,235,82,76,,Big East,Big East,,,,,,
295622,1985-02-12,,1985,regular,,final,Akron,Chicago State,3,50,63,65,,OVC,Indep.,,,,,,
295623,1985-02-12,,1985,regular,,final,Kentucky,Alabama,135,5,51,48,,SEC,SEC,,,,,,
295624,1985-02-12,,1985,regular,,final,VCU,UAB,333,305,67,53,,Sun Belt,Sun Belt,,,,,,
295625,1985-02-12,,1985,regular,,final,American University,Navy,8,187,61,81,,CAA,CAA,,,,,,
295626,1985-02-12,,1985,regular,,final,Mississippi State,Auburn,174,16,82,65,,SEC,SEC,,,,,,
295627,1985-02-12,,1985,regular,,final,Augusta,UNC Wilmington,633,321,65,63,,,CAA,,,,,,
295628,1985-02-12,,1985,regular,,final,Ball State,Northern Illinois,19,208,82,64,,MAC,MAC,,,,,,
295629,1985-02-12,,1985,regular,,final,Baylor,TCU,20,287,70,81,,,,,,,,,
295630,1985-02-12,,1985,regular,,final,Central Michigan,Bowling Green,45,28,70,72,,MAC,MAC,,,,,,
295631,1985-02-12,,1985,regular,,final,Boise State,U.S. International,25,433,93,42,,Big Sky,Indep.,,,,,,
295632,1985-02-12,,1985,regular,,final,Bradley,Drake,29,70,71,55,,MVC,MVC,,,,,,
295633,1985-02-12,,1985,regular,,final,Bucknell,Rider,32,243,85,72,,,,,,,,,
295634,1985-02-12,,1985,regular,,final,Cincinnati,Memphis,51,163,55,68,,,,,,,,,
295635,1985-02-12,,1985,regular,,final,Clemson,Wake Forest,52,342,80,65,,ACC,ACC,,,,,,
295636,1985-02-12,,1985,regular,,final,Green Bay,Cleveland State,105,53,68,73,,Summit,Summit,,,,,,
295637,1985-02-12,,1985,regular,,final,Colorado,Nebraska,56,188,64,61,,,MVC,,,,,,
295638,1985-02-12,,1985,regular,,final,Pittsburgh,UConn,229,314,78,71,,Big East,Big East,,,,,,
295639,1985-02-12,,1985,regular,,final,San José State,UC Santa Barbara,260,311,57,54,,Big West,Big West,,,,,,
295640,1985-02-12,,1985,regular,,final,Dartmouth,Vermont,62,337,67,62,,Ivy,Am. East,,,,,,
295641,1985-02-12,,1985,regular,,final,Detroit Mercy,Dayton,69,64,68,67,,Horizon,Indep.,,,,,,
295642,1985-02-12,,1985,regular,,final,Delaware,Lehigh,66,141,55,52,,,,,,,,,
295643,1985-02-12,,1985,regular,,final,Duke,Stetson,72,283,94,51,,ACC,Indep.,,,,,,
295644,1985-02-12,,1985,regular,,final,Ohio,Eastern Michigan,215,79,71,61,,MAC,MAC,,,,,,
295645,1985-02-12,,1985,regular,,final,Eastern Washington,Idaho,80,117,75,78,,Indep.,Big Sky,,,,,,
295646,1985-02-12,,1985,regular,,final,Ole Miss,Florida,220,87,56,54,,SEC,SEC,,,,,,
295647,1985-02-12,,1985,regular,,final,Florida State,Jacksonville,90,127,88,72,,,Sun Belt,,,,,,
295648,1985-02-12,,1985,regular,,final,Howard,George Mason,114,95,77,69,,MEAC,CAA,,,,,,
295649,1985-02-12,,1985,regular,,final,Vanderbilt,Georgia,336,98,69,68,,SEC,SEC,,,,,,
295650,1985-02-12,,1985,regular,,final,Oklahoma,Iowa State,217,125,104,76,,,,,,,,,
295651,1985-02-12,,1985,regular,,final,Oklahoma State,Kansas State,218,132,81,77,,,,,,,,,
295652,1985-02-12,,1985,regular,,final,Western Michigan,Kent State,351,134,69,84,,MAC,MAC,,,,,,
295653,1985-02-12,,1985,regular,,final,Lafayette,Towson,138,301,57,56,,,,,,,,,
295654,1985-02-12,,1985,regular,,final,Monmouth,Long Island University,178,146,85,77,,Indep.,NEC,,,,,,
295655,1985-02-12,,1985,regular,,final,Maryland,North Carolina,160,200,54,60,,ACC,ACC,,,,,,
295656,1985-02-12,,1985,regular,,final,Marquette,Xavier,157,359,71,53,,Indep.,Horizon,,,,,,
295657,1985-02-12,,1985,regular,,final,Minnesota,Michigan State,173,169,73,65,,Big Ten,Big Ten,,,,,,
295658,1985-02-12,,1985,regular,,final,NC State,Maryland Eastern Shore,185,159,90,51,,ACC,MEAC,,,,,,
295659,1985-02-12,,1985,regular,,final,Notre Dame,New Orleans,213,193,79,54,,Indep.,Indep.,,,,,,
295660,1985-02-12,,1985,regular,,final,SE Louisiana,Nicholls,246,195,76,70,,Indep.,,,,,,,
295661,1985-02-12,,1985,regular,,final,Rice,Texas Tech,241,298,60,61,,,,,,,,,
295662,1985-02-12,,1985,regular,,final,Robert Morris,Wagner,244,341,94,76,,NEC,NEC,,,,,,
295663,1985-02-12,,1985,regular,,final,SMU,Texas A&M,248,293,81,79,,,,,,,,,
295664,1985-02-13,,1985,regular,,final,Utah,Air Force,331,2,69,65,,UAC,UAC,,,,,,
295665,1985-02-13,,1985,regular,,final,Prairie View A&M,Little Rock,232,144,66,80,,SWAC,ASUN,,,,,,
295666,1985-02-13,,1985,regular,,final,Iona,Army,123,15,47,45,,Metro,Metro,,,,,,
295667,1985-02-13,,1985,regular,,final,Arkansas State,UT Arlington,13,324,61,60,,Southland,Southland,,,,,,
295668,1985-02-13,,1985,regular,,final,USC,Arizona State,323,10,76,60,,Pac-12,Pac-12,,,,,,
295669,1985-02-13,,1985,regular,,final,Charleston Southern,Campbell,47,41,80,72,,Indep.,Indep.,,,,,,
295670,1985-02-13,,1985,regular,,final,BYU,Colorado State,18,57,77,69,,UAC,UAC,,,,,,
295671,1985-02-13,,1985,regular,,final,Creighton,Wichita State,61,352,72,64,,MVC,MVC,,,,,,
295672,1985-02-13,,1985,regular,,final,Delaware State,Morgan State,67,182,79,77,,MEAC,MEAC,,,,,,
295673,1985-02-13,,1985,regular,,final,Duquesne,Rutgers,73,245,59,67,,A-10,A-10,,,,,,
295674,1985-02-13,,1985,regular,,final,Marshall,East Tennessee State,158,75,81,59,,SoCon,SoCon,,,,,,
295675,1985-02-13,,1985,regular,,final,St. Francis (PA),Fairleigh Dickinson,278,84,66,69,,NEC,NEC,,,,,,
295676,1985-02-13,,1985,regular,,final,New Mexico State,Fresno State,192,92,53,61,,Big West,Big West,,,,,,
295677,1985-02-13,,1985,regular,,final,Utah State,Cal State Fullerton,329,37,73,63,,Big West,Big West,,,,,,
295678,1985-02-13,,1985,regular,,final,Furman,VMI,93,334,63,58,,SoCon,SoCon,,,,,,
295679,1985-02-13,,1985,regular,,final,Penn State,George Washington,226,96,70,67,,A-10,A-10,,,,,,
295680,1985-02-13,,1985,regular,,final,Gonzaga,Pepperdine,102,228,58,69,,WCC,WCC,,,,,,
295681,1985-02-13,,1985,regular,,final,Houston Christian,Georgia Southern,112,99,71,65,,ASUN,ASUN,,,,,,
295682,1985-02-13,,1985,regular,,final,Hawai'i,New Mexico,108,191,73,68,,UAC,UAC,,,,,,
295683,1985-02-13,,1985,regular,,final,Hardin-Simmons,Mercer,772,164,70,67,,,ASUN,,,,,,
295684,1985-02-13,,1985,regular,,final,Hofstra,Manhattan,110,155,70,61,,,Metro,,,,,,
295685,1985-02-13,,1985,regular,,final,Idaho State,U.S. International,116,433,95,53,,Big Sky,Indep.,,,,,,
295686,1985-02-13,,1985,regular,,final,UIC,Western Illinois,315,349,77,88,,Summit,Summit,,,,,,
295687,1985-02-13,,1985,regular,,final,Illinois,Northwestern,118,212,64,42,,Big Ten,Big Ten,,,,,,
295688,1985-02-13,,1985,regular,,final,West Texas A&M,Illinois State,1440,119,68,66,,MVC,MVC,,,,,,
295689,1985-02-13,,1985,regular,,final,Indiana,Ohio State,121,216,63,72,,Big Ten,Big Ten,,,,,,
295690,1985-02-13,,1985,regular,,final,Southern Illinois,Indiana State,273,122,74,63,,MVC,MVC,,,,,,
295691,1985-02-13,,1985,regular,,final,Iowa,Michigan,124,170,52,56,,Big Ten,Big Ten,,,,,,
295692,1985-02-13,,1985,regular,,final,Lamar,North Texas,139,204,86,60,,Southland,Southland,,,,,,
295693,1985-02-13,,1985,regular,,final,Long Beach State,Pacific,145,225,57,64,,Big West,Big West,,,,,,
295694,1985-02-13,,1985,regular,,final,Loyola Maryland,St. Francis Brooklyn,152,364,75,50,,NEC,NEC,,,,,,
295695,1985-02-13,,1985,regular,,final,Louisiana,Louisiana Tech,148,149,76,83,,Indep.,Southland,,,,,,
295696,1985-02-13,,1985,regular,,final,Tennessee,LSU,292,136,82,87,,SEC,SEC,,,,,,
295697,1985-02-13,,1985,regular,,final,Saint Joseph's,Massachusetts,251,161,66,54,,A-10,A-10,,,,,,
295698,1985-02-13,,1985,regular,,final,UL Monroe,McNeese,316,162,58,67,,Southland,Southland,,,,,,
295699,1985-02-13,,1985,regular,,final,Northern Arizona,Montana,206,179,76,72,,Big Sky,Big Sky,,,,,,
295700,1985-02-13,,1985,regular,,final,Nevada,Montana State,189,180,59,48,,Big Sky,Big Sky,,,,,,
295701,1985-02-13,,1985,regular,,final,Mississippi Valley State,Southern,175,274,78,72,,SWAC,SWAC,,,,,,
295702,1985-02-13,,1985,regular,,final,Charlotte,Old Dominion,48,219,64,80,,Sun Belt,CAA,,,,,,
295703,1985-02-13,,1985,regular,,final,Oregon,Washington,223,343,70,66,,Pac-12,Pac-12,,,,,,
295704,1985-02-13,,1985,regular,,final,Oregon State,Washington State,224,344,69,49,,Pac-12,Pac-12,,,,,,
295705,1985-02-13,,1985,regular,,final,Purdue,Wisconsin,236,355,67,52,,Big Ten,Big Ten,,,,,,
295706,1985-02-13,,1985,regular,,final,Richmond,Radford,242,239,71,42,,CAA,Indep.,,,,,,
295707,1985-02-13,,1985,regular,,final,Temple,Rhode Island,289,240,76,60,,A-10,A-10,,,,,,
295708,1985-02-13,,1985,regular,,final,San Diego State,UTEP,257,327,76,63,,UAC,UAC,,,,,,
295709,1985-02-13,,1985,regular,,final,Syracuse,Seton Hall,286,263,94,62,,Big East,Big East,,,,,,
295710,1985-02-13,,1985,regular,,final,Western Kentucky,South Florida,350,271,67,61,,Sun Belt,Sun Belt,,,,,,
295711,1985-02-13,,1985,regular,,final,St. Bonaventure,West Virginia,277,347,50,54,,A-10,A-10,,,,,,
295712,1985-02-13,,1985,regular,,final,Saint Peter's,Hartford,254,363,79,73,,Metro,Am. East,,,,,,
295713,1985-02-13,,1985,regular,,final,Western Carolina,Chattanooga,348,49,66,69,,SoCon,SoCon,,,,,,
295714,1985-02-14,,1985,regular,,final,American University,James Madison,8,129,68,70,,CAA,CAA,,,,,,
295715,1985-02-14,,1985,regular,,final,Brown,Penn State (Beaver),30,1353,72,79,,Ivy,,,,,,,
295716,1985-02-14,,1985,regular,,final,Columbia,Dartmouth,58,62,67,63,,Ivy,Ivy,,,,,,
295717,1985-02-14,,1985,regular,,final,Cornell,Harvard,60,107,64,43,,Ivy,Ivy,,,,,,
295718,1985-02-14,,1985,regular,,final,Santa Clara,San Diego,261,258,57,60,,WCC,WCC,,,,,,
295719,1985-02-14,,1985,regular,,final,Saint Mary's,Loyola Marymount,253,153,48,67,,WCC,WCC,,,,,,
295720,1985-02-14,,1985,regular,,final,Utica,Maine-Farmington,1325,1078,66,69,,,,,,,,,
295721,1985-02-14,,1985,regular,,final,St. John's,Pittsburgh,279,229,84,63,,Big East,Big East,,,,,,
295722,1985-02-14,,1985,regular,,final,Yale,Princeton,360,234,48,46,,Ivy,Ivy,,,,,,
295723,1985-02-15,,1985,regular,,final,BYU,Air Force,18,2,71,61,,UAC,UAC,,,,,,
295724,1985-02-15,,1985,regular,,final,Akron,Murray State,3,184,67,64,,OVC,OVC,,,,,,
295725,1985-02-15,,1985,regular,,final,Alabama,Auburn,5,16,74,72,,SEC,SEC,,,,,,
295726,1985-02-15,,1985,regular,,final,Jackson State,Alcorn State,126,7,72,76,,SWAC,SWAC,,,,,,
295727,1985-02-15,,1985,regular,,final,Southern,Alabama State,274,6,101,84,,SWAC,SWAC,,,,,,
295728,1985-02-15,,1985,regular,,final,App State,East Tennessee State,9,75,74,70,,SoCon,SoCon,,,,,,
295729,1985-02-15,,1985,regular,,final,USC,Arizona,323,11,55,60,,Pac-12,Pac-12,,,,,,
295730,1985-02-15,,1985,regular,,final,Arkansas,Texas Tech,12,298,50,52,,,,,,,,,
295731,1985-02-15,,1985,regular,,final,Centenary (LA),Little Rock,367,144,61,73,,ASUN,ASUN,,,,,,
295732,1985-02-15,,1985,regular,,final,Saint Peter's,Army,254,15,77,72,,Metro,Metro,,,,,,
295733,1985-02-15,,1985,regular,,final,North Texas,Arkansas State,204,13,58,69,,Southland,Southland,,,,,,
295734,1985-02-15,,1985,regular,,final,UCLA,Arizona State,313,10,69,65,,Pac-12,Pac-12,,,,,,
295735,1985-02-15,,1985,regular,,final,Augusta,Charleston Southern,633,47,80,74,,,Indep.,,,,,,
295736,1985-02-15,,1985,regular,,final,Youngstown State,Austin Peay,361,17,80,64,,OVC,OVC,,,,,,
295737,1985-02-15,,1985,regular,,final,Kent State,Ball State,134,19,99,88,,MAC,MAC,,,,,,
295738,1985-02-15,,1985,regular,,final,Texas,Baylor,295,20,75,72,,,,,,,,,
295739,1985-02-15,,1985,regular,,final,South Carolina State,Bethune-Cookman,267,23,57,58,,MEAC,MEAC,,,,,,
295740,1985-02-15,,1985,regular,,final,Bowling Green,Western Michigan,28,351,86,57,,MAC,MAC,,,,,,
295741,1985-02-15,,1985,regular,,final,Boston College,Villanova,26,338,62,61,,Big East,Big East,,,,,,
295742,1985-02-15,,1985,regular,,final,Idaho,Boise State,117,25,72,74,,Big Sky,Big Sky,,,,,,
295743,1985-02-15,,1985,regular,,final,Vermont,Boston University,337,27,45,61,,Am. East,Am. East,,,,,,
295744,1985-02-15,,1985,regular,,final,Bradley,Indiana State,29,122,75,78,,MVC,MVC,,,,,,
295745,1985-02-15,,1985,regular,,final,Brooklyn,Hartford,414,363,82,63,,Indep.,Am. East,,,,,,
295746,1985-02-15,,1985,regular,,final,Brown,Princeton,30,234,54,74,,Ivy,Ivy,,,,,,
295747,1985-02-15,,1985,regular,,final,Bucknell,Delaware,32,66,75,71,,,,,,,,,
295748,1985-02-15,,1985,regular,,final,Oklahoma City,Butler,1476,34,62,72,,,Horizon,,,,,,
295749,1985-02-15,,1985,regular,,final,Stanford,California,281,40,41,43,,Pac-12,Pac-12,,,,,,
295750,1985-02-15,,1985,regular,,final,Canisius,Niagara,42,194,70,51,,Am. East,Am. East,,,,,,
295751,1985-02-15,,1985,regular,,final,UCF,Stetson,312,283,64,71,,Indep.,Indep.,,,,,,
295752,1985-02-15,,1985,regular,,final,Cincinnati,Southern Miss,51,275,66,65,,,,,,,,,
295753,1985-02-15,,1985,regular,,final,The Citadel,Western Carolina,299,348,91,85,,SoCon,SoCon,,,,,,
295754,1985-02-15,,1985,regular,,final,New Hampshire,Colgate,190,55,43,42,,Am. East,Am. East,,,,,,
295755,1985-02-15,,1985,regular,,final,Columbia,Harvard,58,107,56,59,,Ivy,Ivy,,,,,,
295756,1985-02-15,,1985,regular,,final,Cleveland State,Northern Iowa,53,209,79,63,,Summit,Summit,,,,,,
295757,1985-02-15,,1985,regular,,final,Eastern Michigan,Central Michigan,79,45,81,70,,MAC,MAC,,,,,,
295758,1985-02-15,,1985,regular,,final,Colorado,Oklahoma State,56,218,88,83,,,,,,,,,
295759,1985-02-15,,1985,regular,,final,UConn,Delaware State,314,67,74,68,,Big East,MEAC,,,,,,
295760,1985-02-15,,1985,regular,,final,Cornell,Dartmouth,60,62,75,54,,Ivy,Ivy,,,,,,
295761,1985-02-15,,1985,regular,,final,Creighton,Tulsa,61,304,63,78,,MVC,MVC,,,,,,
295762,1985-02-15,,1985,regular,,final,Utah State,UC Santa Barbara,329,311,67,55,,Big West,Big West,,,,,,
295763,1985-02-15,,1985,regular,,final,Santa Clara,Loyola Marymount,261,153,92,55,,WCC,WCC,,,,,,
295764,1985-02-15,,1985,regular,,final,Utah,Colorado State,331,57,87,90,,UAC,UAC,,,,,,
295765,1985-02-15,,1985,regular,,final,Marshall,Davidson,158,63,65,63,,SoCon,SoCon,,,,,,
295766,1985-02-15,,1985,regular,,final,Marquette,Dayton,157,64,61,55,,Indep.,Indep.,,,,,,
295767,1985-02-15,,1985,regular,,final,Saint Louis,Detroit Mercy,252,69,62,61,,Horizon,Horizon,,,,,,
295768,1985-02-15,,1985,regular,,final,Southern Illinois,Drake,273,70,92,68,,MVC,MVC,,,,,,
295769,1985-02-15,,1985,regular,,final,Rider,Drexel,243,71,53,54,,,,,,,,,
295771,1985-02-15,,1985,regular,,final,Duquesne,Temple,73,289,71,60,,A-10,A-10,,,,,,
295772,1985-02-15,,1985,regular,,final,East Carolina,Richmond,74,242,60,63,,CAA,CAA,,,,,,
295773,1985-02-15,,1985,regular,,final,Missouri State,Eastern Illinois,176,77,87,80,,Summit,Summit,,,,,,
295774,1985-02-15,,1985,regular,,final,Eastern Kentucky,Tennessee Tech,78,291,60,64,,OVC,OVC,,,,,,
295775,1985-02-15,,1985,regular,,final,Evansville,Loyola Chicago,82,151,80,89,,Horizon,Horizon,,,,,,
295776,1985-02-15,,1985,regular,,final,Robert Morris,Fairleigh Dickinson,244,84,66,67,,NEC,NEC,,,,,,
295777,1985-02-15,,1985,regular,,final,Georgia,Florida,98,87,80,56,,SEC,SEC,,,,,,
295778,1985-02-15,,1985,regular,,final,Fordham,Manhattan,91,155,69,55,,Metro,Metro,,,,,,
295779,1985-02-15,,1985,regular,,final,Long Beach State,Fresno State,145,92,52,66,,Big West,Big West,,,,,,
295780,1985-02-15,,1985,regular,,final,Fairfield,Iona,83,123,73,71,,Metro,Metro,,,,,,
295781,1985-02-15,,1985,regular,,final,Memphis,Florida State,163,90,70,68,,,,,,,,,
295782,1985-02-15,,1985,regular,,final,George Mason,James Madison,95,129,66,62,,CAA,CAA,,,,,,
295783,1985-02-15,,1985,regular,,final,Samford,Georgia State,256,100,79,77,,ASUN,ASUN,,,,,,
295784,1985-02-15,,1985,regular,,final,Virginia,Georgia Tech,339,101,62,55,,ACC,ACC,,,,,,
295785,1985-02-15,,1985,regular,,final,Massachusetts,George Washington,161,96,63,55,,A-10,A-10,,,,,,
295786,1985-02-15,,1985,regular,,final,Texas Southern,Grambling,296,103,68,46,,SWAC,SWAC,,,,,,
295787,1985-02-15,,1985,regular,,final,Hardin-Simmons,Georgia Southern,772,99,46,55,,,ASUN,,,,,,
295788,1985-02-15,,1985,regular,,final,Providence,Georgetown,235,97,73,87,,Big East,Big East,,,,,,
295789,1985-02-15,,1985,regular,,final,Hawai'i,UTEP,108,327,63,65,,UAC,UAC,,,,,,
295790,1985-02-15,,1985,regular,,final,Houston Christian,Mercer,112,164,77,90,,ASUN,ASUN,,,,,,
295791,1985-02-15,,1985,regular,,final,Holy Cross,La Salle,111,137,82,79,,Metro,Metro,,,,,,
295792,1985-02-15,,1985,regular,,final,Morgan State,Howard,182,114,61,70,,MEAC,MEAC,,,,,,
295793,1985-02-15,,1985,regular,,final,Idaho State,Weber State,116,345,86,102,,Big Sky,Big Sky,,,,,,
295794,1985-02-15,,1985,regular,,final,Green Bay,UIC,105,315,62,64,,Summit,Summit,,,,,,
295795,1985-02-15,,1985,regular,,final,Illinois,Wisconsin,118,355,68,49,,Big Ten,Big Ten,,,,,,
295796,1985-02-15,,1985,regular,,final,Wichita State,Illinois State,352,119,58,64,,MVC,MVC,,,,,,
295797,1985-02-15,,1985,regular,,final,Iowa State,Kansas,125,131,72,70,,,,,,,,,
295798,1985-02-15,,1985,regular,,final,Iowa,Michigan State,124,169,55,57,,Big Ten,Big Ten,,,,,,
295799,1985-02-15,,1985,regular,,final,South Florida,Jacksonville,271,127,61,60,,Sun Belt,Sun Belt,,,,,,
295800,1985-02-15,,1985,regular,,final,Mississippi State,Kentucky,174,135,82,69,,SEC,SEC,,,,,,
295801,1985-02-15,,1985,regular,,final,Kansas State,Nebraska,132,188,68,62,,,MVC,,,,,,
295802,1985-02-15,,1985,regular,,final,Lamar,UT Arlington,139,324,90,52,,Southland,Southland,,,,,,
295803,1985-02-15,,1985,regular,,final,Lehigh,Towson,141,301,62,64,,,,,,,,,
295804,1985-02-15,,1985,regular,,final,Loyola Maryland,Long Island University,152,146,84,77,,NEC,NEC,,,,,,
295805,1985-02-15,,1985,regular,,final,Louisiana Tech,McNeese,149,162,59,58,,Southland,Southland,,,,,,
295806,1985-02-15,,1985,regular,,final,SMU,Louisville,248,150,72,64,,,,,,,,,
295807,1985-02-15,,1985,regular,,final,Syracuse,LSU,286,136,76,64,,Big East,SEC,,,,,,
295808,1985-02-15,,1985,regular,,final,Siena,Maine-Farmington,264,1078,83,65,,Am. East,,,,,,,
295809,1985-02-15,,1985,regular,,final,Radford,Maryland Eastern Shore,239,159,98,60,,Indep.,MEAC,,,,,,
295810,1985-02-15,,1985,regular,,final,Morehead State,Middle Tennessee,181,171,67,83,,OVC,OVC,,,,,,
295811,1985-02-15,,1985,regular,,final,Minnesota,Michigan,173,170,54,66,,Big Ten,Big Ten,,,,,,
295812,1985-02-15,,1985,regular,,final,Northern Illinois,Miami (OH),208,167,63,61,,MAC,MAC,,,,,,
295813,1985-02-15,,1985,regular,,final,Nevada,Montana,189,179,86,81,,Big Sky,Big Sky,,,,,,
295814,1985-02-15,,1985,regular,,final,Northern Arizona,Montana State,206,180,69,66,,Big Sky,Big Sky,,,,,,
295815,1985-02-15,,1985,regular,,final,St. Francis Brooklyn,Marist,364,156,42,48,,NEC,NEC,,,,,,
295816,1985-02-15,,1985,regular,,final,Missouri,Oklahoma,177,217,84,88,,,,,,,,,
295817,1985-02-15,,1985,regular,,final,Prairie View A&M,Mississippi Valley State,232,175,101,92,,SWAC,SWAC,,,,,,
295818,1985-02-15,,1985,regular,,final,Navy,William & Mary,187,353,84,60,,CAA,CAA,,,,,,
295819,1985-02-15,,1985,regular,,final,NC State,North Carolina,185,200,85,76,,ACC,ACC,,,,,,
295820,1985-02-15,,1985,regular,,final,Wake Forest,UNC Wilmington,342,321,91,71,,ACC,CAA,,,,,,
295821,1985-02-15,,1985,regular,,final,San Diego State,New Mexico,257,191,99,80,,UAC,UAC,,,,,,
295822,1985-02-15,,1985,regular,,final,New Mexico State,Pacific,192,225,79,64,,Big West,Big West,,,,,,
295824,1985-02-15,,1985,regular,,final,Purdue,Northwestern,236,212,76,57,,Big Ten,Big Ten,,,,,,
295825,1985-02-15,,1985,regular,,final,Nicholls,Northwestern State,195,211,80,70,,,,,,,,,
295826,1985-02-15,,1985,regular,,final,Toledo,Ohio,300,215,72,65,,MAC,MAC,,,,,,
295827,1985-02-15,,1985,regular,,final,VCU,Old Dominion,333,219,90,71,,Sun Belt,CAA,,,,,,
295828,1985-02-15,,1985,regular,,final,Oral Roberts,Xavier,222,359,70,67,,Horizon,Horizon,,,,,,
295829,1985-02-15,,1985,regular,,final,Oregon,Washington State,223,344,84,82,,Pac-12,Pac-12,,,,,,
295830,1985-02-15,,1985,regular,,final,Oregon State,Washington,224,343,45,60,,Pac-12,Pac-12,,,,,,
295831,1985-02-15,,1985,regular,,final,Texas State,Texas Pan American,297,1535,58,72,,,,,,,,,
295832,1985-02-15,,1985,regular,,final,Yale,Penn State (Beaver),360,1353,77,75,,Ivy,,,,,,,
295833,1985-02-15,,1985,regular,,final,Pepperdine,Portland,228,230,80,60,,WCC,WCC,,,,,,
295834,1985-02-15,,1985,regular,,final,West Virginia,Penn State,347,226,75,65,,A-10,A-10,,,,,,
295835,1985-02-15,,1985,regular,,final,Saint Joseph's,Rhode Island,251,240,73,56,,A-10,A-10,,,,,,
295836,1985-02-15,,1985,regular,,final,Rutgers,St. Bonaventure,245,277,81,87,,A-10,A-10,,,,,,
295837,1985-02-15,,1985,regular,,final,Western Kentucky,South Alabama,350,265,64,61,,Sun Belt,Sun Belt,,,,,,
295838,1985-02-15,,1985,regular,,final,Saint Mary's,San Diego,253,258,71,61,,WCC,WCC,,,,,,
295839,1985-02-15,,1985,regular,,final,St. Francis (PA),Wagner,278,341,92,83,,NEC,NEC,,,,,,
295840,1985-02-15,,1985,regular,,final,Texas A&M,TCU,293,287,67,60,,,,,,,,,
295841,1985-02-15,,1985,regular,,final,Vanderbilt,Tennessee,336,292,85,82,,SEC,SEC,,,,,,
295842,1985-02-15,,1985,regular,,final,Virginia Tech,Tulane,340,303,66,65,,,,,,,,,
295843,1985-02-15,,1985,regular,,final,Texas A&M-San Antonio,West Texas A&M,583,1440,61,55,,,MVC,,,,,,
295844,1985-02-15,,1985,regular,,final,UC Irvine,UNLV,308,322,89,99,,Big West,Big West,,,,,,
295845,1985-02-15,,1985,regular,,final,Valparaiso,Western Illinois,335,349,79,73,,Summit,Summit,,,,,,
295846,1985-02-16,,1985,regular,,final,Clemson,Maryland,52,160,71,64,,ACC,ACC,,,,,,
295847,1985-02-16,,1985,regular,,final,St. John's,DePaul,279,65,93,80,,Big East,Indep.,,,,,,
295848,1985-02-16,,1985,regular,,final,Houston,Rice,113,241,96,91,,,,,,,,,
295849,1985-02-17,,1985,regular,,final,Akron,Austin Peay,3,17,80,66,,OVC,OVC,,,,,,
295850,1985-02-17,,1985,regular,,final,Alcorn State,Alabama State,7,6,107,79,,SWAC,SWAC,,,,,,
295851,1985-02-17,,1985,regular,,final,William & Mary,American University,353,8,89,61,,CAA,CAA,,,,,,
295852,1985-02-17,,1985,regular,,final,App State,Furman,9,93,75,66,,SoCon,SoCon,,,,,,
295853,1985-02-17,,1985,regular,,final,Washington State,Arizona,344,11,60,63,,Pac-12,Pac-12,,,,,,
295854,1985-02-17,,1985,regular,,final,Arkansas State,Missouri State,13,176,62,75,,Southland,Summit,,,,,,
295855,1985-02-17,,1985,regular,,final,Charleston Southern,South Carolina State,47,267,70,69,,Indep.,MEAC,,,,,,
295856,1985-02-17,,1985,regular,,final,North Carolina A&T,Bethune-Cookman,198,23,90,69,,MEAC,MEAC,,,,,,
295857,1985-02-17,,1985,regular,,final,Boston University,Colgate,27,55,60,36,,Am. East,Am. East,,,,,,
295858,1985-02-17,,1985,regular,,final,Brooklyn,Monmouth,414,178,83,64,,Indep.,Indep.,,,,,,
295859,1985-02-17,,1985,regular,,final,Oral Roberts,Butler,222,34,60,62,,Horizon,Horizon,,,,,,
295860,1985-02-17,,1985,regular,,final,UNC Wilmington,Campbell,321,41,74,61,,CAA,Indep.,,,,,,
295861,1985-02-17,,1985,regular,,final,Northwestern State,Centenary (LA),211,367,84,87,,,ASUN,,,,,,
295862,1985-02-17,,1985,regular,,final,The Citadel,Davidson,299,63,82,79,,SoCon,SoCon,,,,,,
295863,1985-02-17,,1985,regular,,final,Cleveland State,Western Illinois,53,349,78,69,,Summit,Summit,,,,,,
295864,1985-02-17,,1985,regular,,final,UConn,Holy Cross,314,111,71,58,,Big East,Metro,,,,,,
295865,1985-02-17,,1985,regular,,final,Old Dominion,Dayton,219,64,91,82,,CAA,Indep.,,,,,,
295866,1985-02-17,,1985,regular,,final,Drake,Wichita State,70,352,77,95,,MVC,MVC,,,,,,
295867,1985-02-17,,1985,regular,,final,St. Francis (PA),Delaware State,278,67,95,86,,NEC,MEAC,,,,,,
295868,1985-02-17,,1985,regular,,final,Navy,East Carolina,187,74,76,66,,CAA,CAA,,,,,,
295869,1985-02-17,,1985,regular,,final,UIC,Eastern Illinois,315,77,57,76,,Summit,Summit,,,,,,
295870,1985-02-17,,1985,regular,,final,Eastern Kentucky,Middle Tennessee,78,171,69,67,,OVC,OVC,,,,,,
295871,1985-02-17,,1985,regular,,final,East Tennessee State,Georgia State,75,100,91,80,,SoCon,ASUN,,,,,,
295872,1985-02-17,,1985,regular,,final,Louisville,Florida State,150,90,83,72,,,,,,,,,
295873,1985-02-17,,1985,regular,,final,Cal State Fullerton,UNLV,37,322,69,78,,Big West,Big West,,,,,,
295874,1985-02-17,,1985,regular,,final,Prairie View A&M,Grambling,232,103,79,72,,SWAC,SWAC,,,,,,
295875,1985-02-17,,1985,regular,,final,Hardin-Simmons,Texas A&M-San Antonio,772,583,74,75,,,,,,,,,
295876,1985-02-17,,1985,regular,,final,Houston Christian,Texas Pan American,112,1535,86,75,,ASUN,,,,,,,
295877,1985-02-17,,1985,regular,,final,Richmond,Hofstra,242,110,85,70,,CAA,,,,,,,
295878,1985-02-17,,1985,regular,,final,Southern,Jackson State,274,126,68,69,,SWAC,SWAC,,,,,,
295879,1985-02-17,,1985,regular,,final,Saint Louis,Loyola Chicago,252,151,43,52,,Horizon,Horizon,,,,,,
295880,1985-02-17,,1985,regular,,final,Notre Dame,Loyola Maryland,213,152,61,60,,Indep.,NEC,,,,,,
295881,1985-02-17,,1985,regular,,final,Memphis,South Carolina,163,266,99,75,,,,,,,,,
295882,1985-02-17,,1985,regular,,final,Morehead State,Tennessee Tech,181,291,79,70,,OVC,OVC,,,,,,
295883,1985-02-17,,1985,regular,,final,Youngstown State,Murray State,361,184,59,57,,OVC,OVC,,,,,,
295884,1985-02-17,,1985,regular,,final,UL Monroe,SE Louisiana,316,246,66,65,,Southland,Indep.,,,,,,
295885,1985-02-17,,1985,regular,,final,Valparaiso,Northern Iowa,335,209,52,56,,Summit,Summit,,,,,,
295886,1985-02-17,,1985,regular,,final,Hartford,Northeastern,363,205,59,75,,Am. East,Am. East,,,,,,
295887,1985-02-17,,1985,regular,,final,Oklahoma City,Xavier,1476,359,62,73,,,Horizon,,,,,,
295888,1985-02-17,,1985,regular,,final,Providence,Seton Hall,235,263,74,73,,Big East,Big East,,,,,,
295889,1985-02-17,,1985,regular,,final,Stanford,UCLA,281,313,66,72,,Pac-12,Pac-12,,,,,,
295890,1985-02-17,,1985,regular,,final,Western Carolina,VMI,348,334,61,54,,SoCon,SoCon,,,,,,
295891,1985-02-18,,1985,regular,,final,UAB,South Florida,305,271,62,61,,Sun Belt,Sun Belt,,,,,,
295892,1985-02-18,,1985,regular,,final,The Citadel,App State,299,9,84,77,,SoCon,SoCon,,,,,,
295893,1985-02-18,,1985,regular,,final,Texas,Arkansas,295,12,51,60,,,,,,,,,
295894,1985-02-18,,1985,regular,,final,La Salle,Fairfield,137,83,105,106,,Metro,Metro,,,,,,
295895,1985-02-18,,1985,regular,,final,Georgia Tech,Maryland,101,160,48,43,,ACC,ACC,,,,,,
295896,1985-02-18,,1985,regular,,final,Georgia Southern,Radford,99,239,48,42,,ASUN,Indep.,,,,,,
295897,1985-02-18,,1985,regular,,final,Georgetown,Pittsburgh,97,229,70,46,,Big East,Big East,,,,,,
295898,1985-02-18,,1985,regular,,final,McNeese,Lamar,162,139,72,68,,Southland,Southland,,,,,,
295900,1985-02-19,,1985,regular,,final,Alabama,Tennessee,5,292,80,59,,SEC,SEC,,,,,,
295901,1985-02-19,,1985,regular,,final,South Carolina State,Alcorn State,267,7,83,85,,MEAC,SWAC,,,,,,
295902,1985-02-19,,1985,regular,,final,American University,East Carolina,8,74,88,79,,CAA,CAA,,,,,,
295903,1985-02-19,,1985,regular,,final,Arkansas,Houston,12,113,73,59,,,,,,,,,
295904,1985-02-19,,1985,regular,,final,Western Michigan,Ball State,351,19,86,77,,MAC,MAC,,,,,,
295905,1985-02-19,,1985,regular,,final,Texas Tech,Baylor,298,20,83,71,,,,,,,,,
295906,1985-02-19,,1985,regular,,final,Bowling Green,Eastern Michigan,28,79,72,68,,MAC,MAC,,,,,,
295907,1985-02-19,,1985,regular,,final,St. John's,Boston College,279,26,71,69,,Big East,Big East,,,,,,
295908,1985-02-19,,1985,regular,,final,Drexel,Bucknell,71,32,57,67,,,,,,,,,
295909,1985-02-19,,1985,regular,,final,Siena,Canisius,264,42,65,57,,Am. East,Am. East,,,,,,
295910,1985-02-19,,1985,regular,,final,Virginia,Clemson,339,52,69,66,,ACC,ACC,,,,,,
295911,1985-02-19,,1985,regular,,final,Central Michigan,Toledo,45,300,74,63,,MAC,MAC,,,,,,
295912,1985-02-19,,1985,regular,,final,Oklahoma,Colorado,217,56,110,80,,,,,,,,,
295913,1985-02-19,,1985,regular,,final,UConn,Syracuse,314,286,71,69,,Big East,Big East,,,,,,
295914,1985-02-19,,1985,regular,,final,Southern Illinois,Creighton,273,61,83,70,,MVC,MVC,,,,,,
295915,1985-02-19,,1985,regular,,final,Hofstra,Delaware,110,66,93,62,,,,,,,,,
295916,1985-02-19,,1985,regular,,final,DePaul,Indiana State,65,122,77,65,,Indep.,MVC,,,,,,
295917,1985-02-19,,1985,regular,,final,Duke,NC State,72,185,66,70,,ACC,ACC,,,,,,
295918,1985-02-19,,1985,regular,,final,Florida A&M,Tennessee State,85,290,86,77,,Indep.,Indep.,,,,,,
295919,1985-02-19,,1985,regular,,final,Utica,Fairleigh Dickinson,1325,84,53,51,,,NEC,,,,,,
295920,1985-02-19,,1985,regular,,final,Florida,Kentucky,87,135,68,76,,SEC,SEC,,,,,,
295923,1985-02-19,,1985,regular,,final,Wisconsin,Iowa,355,124,54,53,,Big Ten,Big Ten,,,,,,
295924,1985-02-19,,1985,regular,,final,James Madison,UNC Wilmington,129,321,75,59,,CAA,CAA,,,,,,
295925,1985-02-19,,1985,regular,,final,Kansas,Kansas State,131,132,75,64,,,,,,,,,
295926,1985-02-19,,1985,regular,,final,Miami (OH),Kent State,167,134,72,66,,MAC,MAC,,,,,,
295927,1985-02-19,,1985,regular,,final,Lafayette,Rider,138,243,52,59,,,,,,,,,
295928,1985-02-19,,1985,regular,,final,UC Irvine,Long Beach State,308,145,75,67,,Big West,Big West,,,,,,
295929,1985-02-19,,1985,regular,,final,Louisville,Southern Miss,150,275,88,71,,,,,,,,,
295930,1985-02-19,,1985,regular,,final,LSU,Vanderbilt,136,336,64,55,,SEC,SEC,,,,,,
295931,1985-02-19,,1985,regular,,final,Ole Miss,Mississippi State,220,174,53,50,,SEC,SEC,,,,,,
295932,1985-02-19,,1985,regular,,final,Xavier,Marquette,359,157,60,69,,Horizon,Indep.,,,,,,
295933,1985-02-19,,1985,regular,,final,Marist,Wagner,156,341,82,58,,NEC,NEC,,,,,,
295934,1985-02-19,,1985,regular,,final,Oklahoma State,Missouri,218,177,74,78,,,,,,,,,
295935,1985-02-19,,1985,regular,,final,Texas Southern,Mississippi Valley State,296,175,76,67,,SWAC,SWAC,,,,,,
295936,1985-02-19,,1985,regular,,final,Ohio,Northern Illinois,215,208,72,49,,MAC,MAC,,,,,,
295937,1985-02-19,,1985,regular,,final,Northeastern,Vermont,205,337,88,62,,Am. East,Am. East,,,,,,
295938,1985-02-19,,1985,regular,,final,Old Dominion,William & Mary,219,353,72,58,,CAA,CAA,,,,,,
295939,1985-02-19,,1985,regular,,final,Texas A&M-San Antonio,Prairie View A&M,583,232,74,69,,,SWAC,,,,,,
295940,1985-02-19,,1985,regular,,final,TCU,SMU,287,248,72,64,,,,,,,,,
295941,1985-02-19,,1985,regular,,final,Tulane,Louisiana,303,148,64,53,,,Indep.,,,,,,
295942,1985-02-19,,1985,regular,,final,Texas A&M,Texas,293,295,51,53,,,,,,,,,
295943,1985-02-19,,1985,regular,,final,North Carolina,Wake Forest,200,342,69,59,,ACC,ACC,,,,,,
295944,1985-02-20,,1985,regular,,final,Wyoming,Air Force,358,2,49,52,,UAC,UAC,,,,,,
295945,1985-02-20,,1985,regular,,final,Charlotte,UAB,48,305,55,60,,Sun Belt,Sun Belt,,,,,,
295946,1985-02-20,,1985,regular,,final,American University,Richmond,8,242,58,74,,CAA,CAA,,,,,,
295947,1985-02-20,,1985,regular,,final,Arizona,Oregon,11,223,40,43,,Pac-12,Pac-12,,,,,,
295948,1985-02-20,,1985,regular,,final,Arkansas State,UL Monroe,13,316,61,56,,Southland,Southland,,,,,,
295949,1985-02-20,,1985,regular,,final,Arizona State,Oregon State,10,224,64,75,,Pac-12,Pac-12,,,,,,
295950,1985-02-20,,1985,regular,,final,Auburn,Georgia,16,98,84,86,,SEC,SEC,,,,,,
295951,1985-02-20,,1985,regular,,final,Monmouth,Charleston Southern,178,47,72,74,,Indep.,Indep.,,,,,,
295952,1985-02-20,,1985,regular,,final,Bethune-Cookman,Morgan State,23,182,87,86,,MEAC,MEAC,,,,,,
295953,1985-02-20,,1985,regular,,final,Niagara,Boston University,194,27,51,78,,Am. East,Am. East,,,,,,
295954,1985-02-20,,1985,regular,,final,Tulsa,Bradley,304,29,64,69,,MVC,MVC,,,,,,
295955,1985-02-20,,1985,regular,,final,Brooklyn,Delaware State,414,67,96,75,,Indep.,MEAC,,,,,,
295956,1985-02-20,,1985,regular,,final,California,UCLA,40,313,48,53,,Pac-12,Pac-12,,,,,,
295957,1985-02-20,,1985,regular,,final,Mercer,Centenary (LA),164,367,93,69,,ASUN,ASUN,,,,,,
295958,1985-02-20,,1985,regular,,final,South Carolina,Cincinnati,266,51,79,60,,,,,,,,,
295959,1985-02-20,,1985,regular,,final,Davidson,VMI,63,334,71,63,,SoCon,SoCon,,,,,,
295960,1985-02-20,,1985,regular,,final,Rhode Island,Duquesne,240,73,51,54,,A-10,A-10,,,,,,
295961,1985-02-20,,1985,regular,,final,Eastern Illinois,Western Illinois,77,349,69,70,,Summit,Summit,,,,,,
295962,1985-02-20,,1985,regular,,final,Western Carolina,East Tennessee State,348,75,95,74,,SoCon,SoCon,,,,,,
295963,1985-02-20,,1985,regular,,final,Fresno State,Utah State,92,329,76,58,,Big West,Big West,,,,,,
295964,1985-02-20,,1985,regular,,final,Fairfield,Saint Peter's,83,254,60,61,,Metro,Metro,,,,,,
295965,1985-02-20,,1985,regular,,final,Georgia State,Houston Christian,100,112,68,81,,ASUN,ASUN,,,,,,
295966,1985-02-20,,1985,regular,,final,George Washington,Temple,96,289,54,56,,A-10,A-10,,,,,,
295967,1985-02-20,,1985,regular,,final,Loyola Marymount,Gonzaga,153,102,49,51,,WCC,WCC,,,,,,
295968,1985-02-20,,1985,regular,,final,San Diego State,Hawai'i,257,108,68,69,,UAC,UAC,,,,,,
295969,1985-02-20,,1985,regular,,final,Samford,Hardin-Simmons,256,772,88,66,,ASUN,,,,,,,
295970,1985-02-20,,1985,regular,,final,UIC,Northern Iowa,315,209,77,73,,Summit,Summit,,,,,,
295971,1985-02-20,,1985,regular,,final,Indiana,Illinois,121,118,50,66,,Big Ten,Big Ten,,,,,,
295972,1985-02-20,,1985,regular,,final,Illinois State,West Texas A&M,119,1440,74,58,,MVC,MVC,,,,,,
295973,1985-02-20,,1985,regular,,final,Nebraska,Iowa State,188,125,74,57,,MVC,,,,,,,
295974,1985-02-20,,1985,regular,,final,South Alabama,Jacksonville,265,127,66,67,,Sun Belt,Sun Belt,,,,,,
295975,1985-02-20,,1985,regular,,final,Louisiana Tech,Lamar,149,139,73,65,,Southland,Southland,,,,,,
295976,1985-02-20,,1985,regular,,final,Long Island University,Robert Morris,146,244,83,61,,NEC,NEC,,,,,,
295977,1985-02-20,,1985,regular,,final,Maryland,Towson,160,301,91,38,,ACC,,,,,,,
295978,1985-02-20,,1985,regular,,final,Massachusetts,West Virginia,161,347,74,76,,A-10,A-10,,,,,,
295979,1985-02-20,,1985,regular,,final,North Texas,McNeese,204,162,59,78,,Southland,Southland,,,,,,
295980,1985-02-20,,1985,regular,,final,Michigan State,Michigan,169,170,73,75,,Big Ten,Big Ten,,,,,,
295981,1985-02-20,,1985,regular,,final,Northwestern,Minnesota,212,173,48,74,,Big Ten,Big Ten,,,,,,
295982,1985-02-20,,1985,regular,,final,Chattanooga,Marshall,49,158,80,73,,SoCon,SoCon,,,,,,
295983,1985-02-20,,1985,regular,,final,Nicholls,Southern,195,274,77,69,,,SWAC,,,,,,
295984,1985-02-20,,1985,regular,,final,UNLV,New Mexico State,322,192,80,67,,Big West,Big West,,,,,,
295985,1985-02-20,,1985,regular,,final,Northwestern State,Texas State,211,297,62,67,,,,,,,,,
295986,1985-02-20,,1985,regular,,final,Ohio State,Purdue,216,236,86,68,,Big Ten,Big Ten,,,,,,
295987,1985-02-20,,1985,regular,,final,Pacific,San José State,225,260,64,55,,Big West,Big West,,,,,,
295988,1985-02-20,,1985,regular,,final,Pepperdine,Saint Mary's,228,253,69,64,,WCC,WCC,,,,,,
295989,1985-02-20,,1985,regular,,final,San Diego,Portland,258,230,61,57,,WCC,WCC,,,,,,
295990,1985-02-20,,1985,regular,,final,Rutgers,Penn State,245,226,84,67,,A-10,A-10,,,,,,
295991,1985-02-20,,1985,regular,,final,Stanford,USC,281,323,86,65,,Pac-12,Pac-12,,,,,,
295992,1985-02-20,,1985,regular,,final,Saint Joseph's,St. Bonaventure,251,277,79,64,,A-10,A-10,,,,,,
295993,1985-02-20,,1985,regular,,final,VCU,Western Kentucky,333,350,85,62,,Sun Belt,Sun Belt,,,,,,
295994,1985-02-21,,1985,regular,,final,Boise State,Northern Arizona,25,206,72,55,,Big Sky,Big Sky,,,,,,
295995,1985-02-21,,1985,regular,,final,Brown,Columbia,30,58,56,58,,Ivy,Ivy,,,,,,
295996,1985-02-21,,1985,regular,,final,Yale,Cornell,360,60,75,61,,Ivy,Ivy,,,,,,
295997,1985-02-21,,1985,regular,,final,Colorado State,Wyoming,57,358,83,68,,UAC,UAC,,,,,,
295998,1985-02-21,,1985,regular,,final,Dartmouth,Princeton,62,234,71,59,,Ivy,Ivy,,,,,,
295999,1985-02-21,,1985,regular,,final,Harvard,Penn State (Beaver),107,1353,51,53,,Ivy,,,,,,,
296000,1985-02-21,,1985,regular,,final,Idaho,Nevada,117,189,76,87,,Big Sky,Big Sky,,,,,,
296001,1985-02-21,,1985,regular,,final,Montana,Idaho State,179,116,63,62,,Big Sky,Big Sky,,,,,,
296002,1985-02-21,,1985,regular,,final,Montana State,Weber State,180,345,79,66,,Big Sky,Big Sky,,,,,,
296003,1985-02-21,,1985,regular,,final,New Hampshire,Northeastern,190,205,70,78,,Am. East,Am. East,,,,,,
296004,1985-02-21,,1985,regular,,final,St. Francis Brooklyn,St. Francis (PA),364,278,59,61,,NEC,NEC,,,,,,
296005,1985-02-22,,1985,regular,,final,Air Force,Hawai'i,2,108,58,54,,UAC,UAC,,,,,,
296006,1985-02-22,,1985,regular,,final,Tennessee Tech,Akron,291,3,74,52,,OVC,OVC,,,,,,
296007,1985-02-22,,1985,regular,,final,Vanderbilt,Alabama,336,5,56,81,,SEC,SEC,,,,,,
296008,1985-02-22,,1985,regular,,final,Alcorn State,Texas Southern,7,296,70,66,,SWAC,SWAC,,,,,,
296009,1985-02-22,,1985,regular,,final,Alabama State,Grambling,6,103,77,59,,SWAC,SWAC,,,,,,
296010,1985-02-22,,1985,regular,,final,App State,The Citadel,9,299,57,56,,SoCon,SoCon,,,,,,
296011,1985-02-22,,1985,regular,,final,Arizona,Oregon State,11,224,67,52,,Pac-12,Pac-12,,,,,,
296012,1985-02-22,,1985,regular,,final,Navy,Army,187,15,48,47,,CAA,Metro,,,,,,
296013,1985-02-22,,1985,regular,,final,Arkansas State,Louisiana Tech,13,149,67,100,,Southland,Southland,,,,,,
296014,1985-02-22,,1985,regular,,final,Arizona State,Oregon,10,223,65,64,,Pac-12,Pac-12,,,,,,
296015,1985-02-22,,1985,regular,,final,Ole Miss,Auburn,220,16,57,69,,SEC,SEC,,,,,,
296016,1985-02-22,,1985,regular,,final,Austin Peay,Morehead State,17,181,64,55,,OVC,OVC,,,,,,
296017,1985-02-22,,1985,regular,,final,Ball State,Miami (OH),19,167,92,81,,MAC,MAC,,,,,,
296018,1985-02-22,,1985,regular,,final,Brooklyn,Charleston Southern,414,47,67,73,,Indep.,Indep.,,,,,,
296019,1985-02-22,,1985,regular,,final,Baylor,Houston,20,113,88,84,,,,,,,,,
296020,1985-02-22,,1985,regular,,final,Bethune-Cookman,Florida A&M,23,85,67,86,,MEAC,Indep.,,,,,,
296021,1985-02-22,,1985,regular,,final,Toledo,Bowling Green,300,28,74,65,,MAC,MAC,,,,,,
296022,1985-02-22,,1985,regular,,final,Pittsburgh,Boston College,229,26,58,55,,Big East,Big East,,,,,,
296023,1985-02-22,,1985,regular,,final,Boise State,Nevada,25,189,74,76,,Big Sky,Big Sky,,,,,,
296024,1985-02-22,,1985,regular,,final,Canisius,Boston University,42,27,77,68,,Am. East,Am. East,,,,,,
296025,1985-02-22,,1985,regular,,final,Wichita State,Bradley,352,29,75,65,,MVC,MVC,,,,,,
296026,1985-02-22,,1985,regular,,final,Brown,Cornell,30,60,63,60,,Ivy,Ivy,,,,,,
296027,1985-02-22,,1985,regular,,final,Lafayette,Bucknell,138,32,75,77,,,,,,,,,
296028,1985-02-22,,1985,regular,,final,Butler,Xavier,34,359,81,73,,Horizon,Horizon,,,,,,
296029,1985-02-22,,1985,regular,,final,Notre Dame,BYU,213,18,67,58,,Indep.,UAC,,,,,,
296030,1985-02-22,,1985,regular,,final,California,USC,40,323,52,75,,Pac-12,Pac-12,,,,,,
296031,1985-02-22,,1985,regular,,final,Radford,Campbell,239,41,68,62,,Indep.,Indep.,,,,,,
296032,1985-02-22,,1985,regular,,final,Georgia Southern,Centenary (LA),99,367,69,52,,ASUN,ASUN,,,,,,
296033,1985-02-22,,1985,regular,,final,Stetson,UCF,283,312,60,66,,Indep.,Indep.,,,,,,
296034,1985-02-22,,1985,regular,,final,North Carolina,Clemson,200,52,84,50,,ACC,ACC,,,,,,
296035,1985-02-22,,1985,regular,,final,Maine-Farmington,Colgate,1078,55,66,60,,,Am. East,,,,,,
296036,1985-02-22,,1985,regular,,final,Yale,Columbia,360,58,55,52,,Ivy,Ivy,,,,,,
296037,1985-02-22,,1985,regular,,final,Missouri State,Cleveland State,176,53,88,76,,Summit,Summit,,,,,,
296038,1985-02-22,,1985,regular,,final,Northern Illinois,Central Michigan,208,45,83,76,,MAC,MAC,,,,,,
296039,1985-02-22,,1985,regular,,final,Kansas,Colorado,131,56,88,69,,,,,,,,,
296040,1985-02-22,,1985,regular,,final,UConn,Georgetown,314,97,47,68,,Big East,Big East,,,,,,
296041,1985-02-22,,1985,regular,,final,Illinois State,Creighton,119,61,89,61,,MVC,MVC,,,,,,
296042,1985-02-22,,1985,regular,,final,UNLV,UC Santa Barbara,322,311,81,71,,Big West,Big West,,,,,,
296043,1985-02-22,,1985,regular,,final,Pepperdine,Santa Clara,228,261,97,90,,WCC,WCC,,,,,,
296044,1985-02-22,,1985,regular,,final,Colorado State,San Diego State,57,257,78,72,,UAC,UAC,,,,,,
296045,1985-02-22,,1985,regular,,final,Dartmouth,Penn State (Beaver),62,1353,76,98,,Ivy,,,,,,,
296046,1985-02-22,,1985,regular,,final,Davidson,Western Carolina,63,348,68,78,,SoCon,SoCon,,,,,,
296047,1985-02-22,,1985,regular,,final,Dayton,Marquette,64,157,72,59,,Indep.,Indep.,,,,,,
296048,1985-02-22,,1985,regular,,final,Delaware,Towson,66,301,84,64,,,,,,,,,
296049,1985-02-22,,1985,regular,,final,DePaul,La Salle,65,137,87,60,,Indep.,Metro,,,,,,
296050,1985-02-22,,1985,regular,,final,Detroit Mercy,Oral Roberts,69,222,70,80,,Horizon,Horizon,,,,,,
296051,1985-02-22,,1985,regular,,final,Tulsa,Drake,304,70,79,56,,MVC,MVC,,,,,,
296052,1985-02-22,,1985,regular,,final,Niagara,Drexel,194,71,73,67,,Am. East,,,,,,,
296053,1985-02-22,,1985,regular,,final,Maryland Eastern Shore,Delaware State,159,67,59,71,,MEAC,MEAC,,,,,,
296054,1985-02-22,,1985,regular,,final,Duke,Georgia Tech,72,101,67,62,,ACC,ACC,,,,,,
296055,1985-02-22,,1985,regular,,final,Penn State,Duquesne,226,73,61,62,,A-10,A-10,,,,,,
296056,1985-02-22,,1985,regular,,final,East Carolina,UNC Wilmington,74,321,78,61,,CAA,CAA,,,,,,
296057,1985-02-22,,1985,regular,,final,Eastern Illinois,Valparaiso,77,335,91,77,,Summit,Summit,,,,,,
296058,1985-02-22,,1985,regular,,final,Murray State,Eastern Kentucky,184,78,70,76,,OVC,OVC,,,,,,
296059,1985-02-22,,1985,regular,,final,Eastern Michigan,Western Michigan,79,351,88,85,,MAC,MAC,,,,,,
296060,1985-02-22,,1985,regular,,final,East Tennessee State,VMI,75,334,71,70,,SoCon,SoCon,,,,,,
296061,1985-02-22,,1985,regular,,final,Evansville,Saint Louis,82,252,67,65,,Horizon,Horizon,,,,,,
296062,1985-02-22,,1985,regular,,final,Florida,LSU,87,136,59,61,,SEC,SEC,,,,,,
296063,1985-02-22,,1985,regular,,final,Holy Cross,Fordham,111,91,66,62,,Metro,Metro,,,,,,
296064,1985-02-22,,1985,regular,,final,Fresno State,Cal State Fullerton,92,37,67,53,,Big West,Big West,,,,,,
296065,1985-02-22,,1985,regular,,final,Manhattan,Fairfield,155,83,88,81,,Metro,Metro,,,,,,
296066,1985-02-22,,1985,regular,,final,Florida State,Virginia Tech,90,340,75,87,,,,,,,,,
296067,1985-02-22,,1985,regular,,final,Chattanooga,Furman,49,93,63,52,,SoCon,SoCon,,,,,,
296068,1985-02-22,,1985,regular,,final,William & Mary,George Mason,353,95,74,73,,CAA,CAA,,,,,,
296069,1985-02-22,,1985,regular,,final,Georgia State,Hardin-Simmons,100,772,59,60,,ASUN,,,,,,,
296070,1985-02-22,,1985,regular,,final,George Washington,St. Bonaventure,96,277,71,56,,A-10,A-10,,,,,,
296071,1985-02-22,,1985,regular,,final,San Diego,Gonzaga,258,102,58,43,,WCC,WCC,,,,,,
296072,1985-02-22,,1985,regular,,final,Harvard,Princeton,107,234,45,52,,Ivy,Ivy,,,,,,
296073,1985-02-22,,1985,regular,,final,Samford,Houston Christian,256,112,70,76,,ASUN,ASUN,,,,,,
296074,1985-02-22,,1985,regular,,final,Hofstra,Lehigh,110,141,75,80,,,,,,,,,
296075,1985-02-22,,1985,regular,,final,Idaho,Northern Arizona,117,206,75,80,,Big Sky,Big Sky,,,,,,
296076,1985-02-22,,1985,regular,,final,Montana State,Idaho State,180,116,70,65,,Big Sky,Big Sky,,,,,,
296077,1985-02-22,,1985,regular,,final,Ohio State,Illinois,216,118,72,64,,Big Ten,Big Ten,,,,,,
296078,1985-02-22,,1985,regular,,final,Indiana,Purdue,121,236,63,72,,Big Ten,Big Ten,,,,,,
296079,1985-02-22,,1985,regular,,final,Indiana State,West Texas A&M,122,1440,77,64,,MVC,MVC,,,,,,
296080,1985-02-22,,1985,regular,,final,Iowa State,Oklahoma State,125,218,82,67,,,,,,,,,
296081,1985-02-22,,1985,regular,,final,Northwestern,Iowa,212,124,78,58,,Big Ten,Big Ten,,,,,,
296082,1985-02-22,,1985,regular,,final,Jacksonville,South Florida,127,271,54,56,,Sun Belt,Sun Belt,,,,,,
296083,1985-02-22,,1985,regular,,final,Richmond,James Madison,242,129,74,56,,CAA,CAA,,,,,,
296084,1985-02-22,,1985,regular,,final,Mississippi Valley State,Jackson State,175,126,87,74,,SWAC,SWAC,,,,,,
296085,1985-02-22,,1985,regular,,final,Kansas State,Oklahoma,132,217,75,81,,,,,,,,,
296086,1985-02-22,,1985,regular,,final,Ohio,Kent State,215,134,77,58,,MAC,MAC,,,,,,
296087,1985-02-22,,1985,regular,,final,UL Monroe,Lamar,316,139,69,81,,Southland,Southland,,,,,,
296088,1985-02-22,,1985,regular,,final,New Mexico State,Long Beach State,192,145,70,72,,Big West,Big West,,,,,,
296089,1985-02-22,,1985,regular,,final,Long Island University,St. Francis (PA),146,278,96,92,,NEC,NEC,,,,,,
296090,1985-02-22,,1985,regular,,final,Loyola Marymount,Portland,153,230,63,70,,WCC,WCC,,,,,,
296091,1985-02-22,,1985,regular,,final,Loyola Chicago,Oklahoma City,151,1476,99,84,,Horizon,,,,,,,
296092,1985-02-22,,1985,regular,,final,Marist,Loyola Maryland,156,152,63,46,,NEC,NEC,,,,,,
296093,1985-02-22,,1985,regular,,final,Massachusetts,Temple,161,289,48,50,,A-10,A-10,,,,,,
296094,1985-02-22,,1985,regular,,final,UT Arlington,McNeese,324,162,90,108,,Southland,Southland,,,,,,
296095,1985-02-22,,1985,regular,,final,Middle Tennessee,Youngstown State,171,361,76,82,,OVC,OVC,,,,,,
296096,1985-02-22,,1985,regular,,final,Tulane,Memphis,303,163,49,60,,,,,,,,,
296097,1985-02-22,,1985,regular,,final,Morgan State,U.S. International,182,433,71,61,,MEAC,Indep.,,,,,,
296098,1985-02-22,,1985,regular,,final,Rider,Monmouth,243,178,72,76,,,Indep.,,,,,,
296099,1985-02-22,,1985,regular,,final,Montana,Weber State,179,345,66,58,,Big Sky,Big Sky,,,,,,
296100,1985-02-22,,1985,regular,,final,Missouri,Nebraska,177,188,69,50,,,MVC,,,,,,
296101,1985-02-22,,1985,regular,,final,Tennessee,Mississippi State,292,174,79,64,,SEC,SEC,,,,,,
296102,1985-02-22,,1985,regular,,final,Charlotte,Western Kentucky,48,350,77,76,,Sun Belt,Sun Belt,,,,,,
296103,1985-02-22,,1985,regular,,final,South Carolina State,North Carolina A&T,267,198,82,80,,MEAC,MEAC,,,,,,
296104,1985-02-22,,1985,regular,,final,New Mexico,UTEP,191,327,65,79,,UAC,UAC,,,,,,
296105,1985-02-22,,1985,regular,,final,New Orleans,Texas A&M-San Antonio,193,583,67,65,,Indep.,,,,,,,
296106,1985-02-22,,1985,regular,,final,Texas Pan American,North Texas,1535,204,64,67,,,Southland,,,,,,
296107,1985-02-22,,1985,regular,,final,Old Dominion,VCU,219,333,66,78,,CAA,Sun Belt,,,,,,
296108,1985-02-22,,1985,regular,,final,Southern,Prairie View A&M,274,232,80,76,,SWAC,SWAC,,,,,,
296109,1985-02-22,,1985,regular,,final,Providence,Villanova,235,338,82,88,,Big East,Big East,,,,,,
296110,1985-02-22,,1985,regular,,final,Rhode Island,West Virginia,240,347,69,76,,A-10,A-10,,,,,,
296111,1985-02-22,,1985,regular,,final,St. Francis Brooklyn,Robert Morris,364,244,55,51,,NEC,NEC,,,,,,
296112,1985-02-22,,1985,regular,,final,Saint Joseph's,Rutgers,251,245,71,57,,A-10,A-10,,,,,,
296113,1985-02-22,,1985,regular,,final,Vermont,Siena,337,264,61,79,,Am. East,Am. East,,,,,,
296114,1985-02-22,,1985,regular,,final,San José State,Utah State,260,329,83,76,,Big West,Big West,,,,,,
296115,1985-02-22,,1985,regular,,final,SMU,Texas,248,295,64,60,,,,,,,,,
296116,1985-02-22,,1985,regular,,final,Syracuse,St. John's,286,279,83,88,,Big East,Big East,,,,,,
296117,1985-02-22,,1985,regular,,final,Texas Tech,Texas A&M,298,293,58,50,,,,,,,,,
296118,1985-02-22,,1985,regular,,final,Hartford,Utica,363,1325,64,61,,Am. East,,,,,,,
296119,1985-02-22,,1985,regular,,final,Washington,Washington State,343,344,68,55,,Pac-12,Pac-12,,,,,,
296120,1985-02-22,,1985,regular,,final,Western Illinois,Green Bay,349,105,59,55,,Summit,Summit,,,,,,
296121,1985-02-23,,1985,regular,,final,Rice,Arkansas,241,12,71,68,,,,,,,,,
296122,1985-02-23,,1985,regular,,final,Maine-Farmington,Colgate,1078,55,73,56,,,Am. East,,,,,,
296123,1985-02-23,,1985,regular,,final,Cal State Fullerton,UC Santa Barbara,37,311,80,72,,Big West,Big West,,,,,,
296124,1985-02-23,,1985,regular,,final,Kentucky,Georgia,135,98,77,79,,SEC,SEC,,,,,,
296125,1985-02-23,,1985,regular,,final,Iona,Saint Peter's,123,254,66,60,,Metro,Metro,,,,,,
296126,1985-02-23,,1985,regular,,final,Kansas,Oklahoma,131,217,82,76,,,,,,,,,
296127,1985-02-23,,1985,regular,,final,Maryland,Wake Forest,160,342,69,66,,ACC,ACC,,,,,,
296128,1985-02-23,,1985,regular,,final,Memphis,VCU,163,333,81,73,,,Sun Belt,,,,,,
296129,1985-02-23,,1985,regular,,final,Wisconsin,Minnesota,355,173,65,61,,Big Ten,Big Ten,,,,,,
296130,1985-02-23,,1985,regular,,final,Virginia,NC State,339,185,55,57,,ACC,ACC,,,,,,
296131,1985-02-23,,1985,regular,,final,UCLA,Louisville,313,150,75,65,,Pac-12,,,,,,,
296132,1985-02-24,,1985,regular,,final,Middle Tennessee,Akron,171,3,71,63,,OVC,OVC,,,,,,
296133,1985-02-24,,1985,regular,,final,Alcorn State,Prairie View A&M,7,232,104,86,,SWAC,SWAC,,,,,,
296134,1985-02-24,,1985,regular,,final,Alabama State,Mississippi Valley State,6,175,74,72,,SWAC,SWAC,,,,,,
296135,1985-02-24,,1985,regular,,final,Richmond,American University,242,8,82,63,,CAA,CAA,,,,,,
296136,1985-02-24,,1985,regular,,final,Chattanooga,App State,49,9,64,59,,SoCon,SoCon,,,,,,
296137,1985-02-24,,1985,regular,,final,Austin Peay,Eastern Kentucky,17,78,62,69,,OVC,OVC,,,,,,
296138,1985-02-24,,1985,regular,,final,Utica,Charleston Southern,1325,47,59,62,,,Indep.,,,,,,
296139,1985-02-24,,1985,regular,,final,Boston College,UConn,26,314,68,74,,Big East,Big East,,,,,,
296140,1985-02-24,,1985,regular,,final,Brooklyn,Maryland Eastern Shore,414,159,84,71,,Indep.,MEAC,,,,,,
296141,1985-02-24,,1985,regular,,final,Bucknell,Lehigh,32,141,75,58,,,,,,,,,
296142,1985-02-24,,1985,regular,,final,Butler,Indiana State,34,122,67,66,,Horizon,MVC,,,,,,
296143,1985-02-24,,1985,regular,,final,Florida State,Cincinnati,90,51,86,60,,,,,,,,,
296144,1985-02-24,,1985,regular,,final,VMI,The Citadel,334,299,53,69,,SoCon,SoCon,,,,,,
296145,1985-02-24,,1985,regular,,final,Eastern Illinois,Cleveland State,77,53,70,78,,Summit,Summit,,,,,,
296146,1985-02-24,,1985,regular,,final,UC Irvine,UC Santa Barbara,308,311,84,76,,Big West,Big West,,,,,,
296147,1985-02-24,,1985,regular,,final,Detroit Mercy,Oklahoma City,69,1476,82,65,,Horizon,,,,,,,
296148,1985-02-24,,1985,regular,,final,Delaware State,Howard,67,114,67,86,,MEAC,MEAC,,,,,,
296149,1985-02-24,,1985,regular,,final,Ole Miss,East Tennessee State,220,75,64,70,,SEC,SoCon,,,,,,
296150,1985-02-24,,1985,regular,,final,Florida A&M,Mercer,85,164,100,87,,Indep.,ASUN,,,,,,
296151,1985-02-24,,1985,regular,,final,Fairfield,Holy Cross,83,111,56,58,,Metro,Metro,,,,,,
296152,1985-02-24,,1985,regular,,final,Pacific,Cal State Fullerton,225,37,59,79,,Big West,Big West,,,,,,
296153,1985-02-24,,1985,regular,,final,Jackson State,Grambling,126,103,63,44,,SWAC,SWAC,,,,,,
296154,1985-02-24,,1985,regular,,final,Western Illinois,UIC,349,315,76,65,,Summit,Summit,,,,,,
296155,1985-02-24,,1985,regular,,final,Loyola Chicago,Oral Roberts,151,222,86,77,,Horizon,Horizon,,,,,,
296156,1985-02-24,,1985,regular,,final,Southern Miss,Memphis,275,163,63,78,,,,,,,,,
296157,1985-02-24,,1985,regular,,final,Murray State,Morehead State,184,181,76,58,,OVC,OVC,,,,,,
296158,1985-02-24,,1985,regular,,final,Western Carolina,Marshall,348,158,68,78,,SoCon,SoCon,,,,,,
296159,1985-02-24,,1985,regular,,final,North Carolina A&T,Tennessee State,198,290,66,63,,MEAC,Indep.,,,,,,
296160,1985-02-24,,1985,regular,,final,UNC Wilmington,William & Mary,321,353,59,67,,CAA,CAA,,,,,,
296161,1985-02-24,,1985,regular,,final,Northern Iowa,Green Bay,209,105,79,68,,Summit,Summit,,,,,,
296162,1985-02-24,,1985,regular,,final,Northeastern,Siena,205,264,72,63,,Am. East,Am. East,,,,,,
296163,1985-02-24,,1985,regular,,final,Northwestern State,Nicholls,211,195,47,70,,,,,,,,,
296164,1985-02-24,,1985,regular,,final,Stetson,Texas Pan American,283,1535,64,74,,Indep.,,,,,,,
296165,1985-02-24,,1985,regular,,final,South Carolina,Virginia Tech,266,340,67,78,,,,,,,,,
296166,1985-02-24,,1985,regular,,final,Southern,Texas Southern,274,296,83,67,,SWAC,SWAC,,,,,,
296167,1985-02-24,,1985,regular,,final,Missouri State,Valparaiso,176,335,75,72,,Summit,Summit,,,,,,
296168,1985-02-24,,1985,regular,,final,Tennessee Tech,Youngstown State,291,361,64,54,,OVC,OVC,,,,,,
296169,1985-02-25,,1985,regular,,final,Air Force,Colorado State,2,57,63,65,,UAC,UAC,,,,,,
296170,1985-02-25,,1985,regular,,final,Army,Niagara,15,194,61,59,,Metro,Am. East,,,,,,
296171,1985-02-25,,1985,regular,,final,Augusta,Georgia Southern,633,99,56,66,,,ASUN,,,,,,
296172,1985-02-25,,1985,regular,,final,Maine-Farmington,Canisius,1078,42,68,67,,,Am. East,,,,,,
296173,1985-02-25,,1985,regular,,final,Drake,Creighton,70,61,103,54,,MVC,MVC,,,,,,
296174,1985-02-25,,1985,regular,,final,Eastern Michigan,Toledo,79,300,69,67,,MAC,MAC,,,,,,
296175,1985-02-25,,1985,regular,,final,Fairleigh Dickinson,Hartford,84,363,68,63,,NEC,Am. East,,,,,,
296177,1985-02-25,,1985,regular,,final,Tulane,Louisville,303,150,68,56,,,,,,,,,
296178,1985-02-25,,1985,regular,,final,Samford,Mississippi Valley State,256,175,95,78,,ASUN,SWAC,,,,,,
296179,1985-02-25,,1985,regular,,final,Vermont,New Hampshire,337,190,69,75,,Am. East,Am. East,,,,,,
296180,1985-02-25,,1985,regular,,final,Oregon State,New Mexico,224,191,65,72,,Pac-12,UAC,,,,,,
296181,1985-02-25,,1985,regular,,final,New Orleans,South Alabama,193,265,65,68,,Indep.,Sun Belt,,,,,,
296182,1985-02-25,,1985,regular,,final,Penn State (Beaver),Princeton,1353,234,59,49,,,Ivy,,,,,,
296183,1985-02-25,,1985,regular,,final,Syracuse,Pittsburgh,286,229,80,72,,Big East,Big East,,,,,,
296184,1985-02-25,,1985,regular,,final,Robert Morris,St. Francis (PA),244,278,74,78,,NEC,NEC,,,,,,
296185,1985-02-25,,1985,regular,,final,Texas State,Texas A&M-San Antonio,297,583,77,94,,,,,,,,,
296186,1985-02-26,,1985,regular,,final,Alabama,Florida,5,87,81,66,,SEC,SEC,,,,,,
296187,1985-02-26,,1985,regular,,final,Auburn,LSU,16,136,73,78,,SEC,SEC,,,,,,
296188,1985-02-26,,1985,regular,,final,Ohio,Ball State,215,19,64,56,,MAC,MAC,,,,,,
296189,1985-02-26,,1985,regular,,final,Baylor,Rice,20,241,97,78,,,,,,,,,
296190,1985-02-26,,1985,regular,,final,Bowling Green,Northern Illinois,28,208,90,79,,MAC,MAC,,,,,,
296191,1985-02-26,,1985,regular,,final,East Carolina,Campbell,74,41,58,60,,CAA,Indep.,,,,,,
296192,1985-02-26,,1985,regular,,final,Duke,Clemson,72,52,90,73,,ACC,ACC,,,,,,
296193,1985-02-26,,1985,regular,,final,Central Michigan,Kent State,45,134,81,69,,MAC,MAC,,,,,,
296194,1985-02-26,,1985,regular,,final,Colorado,Missouri,56,177,88,79,,,,,,,,,
296195,1985-02-26,,1985,regular,,final,Lafayette,Delaware,138,66,70,65,,,,,,,,,
296196,1985-02-26,,1985,regular,,final,Drexel,Lehigh,71,141,72,73,,,,,,,,,
296197,1985-02-26,,1985,regular,,final,George Mason,Navy,95,187,93,77,,CAA,CAA,,,,,,
296198,1985-02-26,,1985,regular,,final,Georgia,Ole Miss,98,220,94,66,,SEC,SEC,,,,,,
296200,1985-02-26,,1985,regular,,final,Rider,Hofstra,243,110,59,58,,,,,,,,,
296201,1985-02-26,,1985,regular,,final,Houston,Texas A&M,113,293,77,81,,,,,,,,,
296202,1985-02-26,,1985,regular,,final,Kansas State,Iowa State,132,125,68,67,,,,,,,,,
296203,1985-02-26,,1985,regular,,final,William & Mary,James Madison,353,129,71,60,,CAA,CAA,,,,,,
296204,1985-02-26,,1985,regular,,final,Wagner,Long Island University,341,146,95,93,,NEC,NEC,,,,,,
296205,1985-02-26,,1985,regular,,final,Loyola Maryland,Towson,152,301,58,56,,NEC,,,,,,,
296206,1985-02-26,,1985,regular,,final,NC State,Maryland,185,160,70,71,,ACC,ACC,,,,,,
296207,1985-02-26,,1985,regular,,final,Western Michigan,Miami (OH),351,167,69,76,,MAC,MAC,,,,,,
296208,1985-02-26,,1985,regular,,final,Marquette,Valparaiso,157,335,88,46,,Indep.,Summit,,,,,,
296209,1985-02-26,,1985,regular,,final,Mississippi State,Vanderbilt,174,336,71,81,,SEC,SEC,,,,,,
296210,1985-02-26,,1985,regular,,final,Michigan State,Northwestern,169,212,61,47,,Big Ten,Big Ten,,,,,,
296211,1985-02-26,,1985,regular,,final,Nicholls,Prairie View A&M,195,232,75,70,,,SWAC,,,,,,
296212,1985-02-26,,1985,regular,,final,Oklahoma,Oklahoma State,217,218,89,84,,,,,,,,,
296213,1985-02-26,,1985,regular,,final,VMI,Richmond,334,242,48,47,,SoCon,CAA,,,,,,
296214,1985-02-26,,1985,regular,,final,Villanova,Seton Hall,338,263,80,75,,Big East,Big East,,,,,,
296215,1985-02-26,,1985,regular,,final,SMU,Texas Tech,248,298,54,59,,,,,,,,,
296216,1985-02-26,,1985,regular,,final,Texas,TCU,295,287,52,54,,,,,,,,,
296217,1985-02-26,,1985,regular,,final,UNLV,UC Irvine,322,308,97,95,,Big West,Big West,,,,,,
296218,1985-02-26,,1985,regular,,final,Wake Forest,Virginia,342,339,68,65,,ACC,ACC,,,,,,
296219,1985-02-27,,1985,regular,,final,Air Force,Utah,2,331,59,60,,UAC,UAC,,,,,,
296220,1985-02-27,,1985,regular,,final,Washington,Arizona,343,11,60,58,,Pac-12,Pac-12,,,,,,
296221,1985-02-27,,1985,regular,,final,Lamar,Arkansas State,139,13,77,68,,Southland,Southland,,,,,,
296222,1985-02-27,,1985,regular,,final,UNC Wilmington,Augusta,321,633,80,54,,CAA,,,,,,,
296223,1985-02-27,,1985,regular,,final,Boston University,Northeastern,27,205,69,80,,Am. East,Am. East,,,,,,
296224,1985-02-27,,1985,regular,,final,Bradley,Southern Illinois,29,273,62,55,,MVC,MVC,,,,,,
296225,1985-02-27,,1985,regular,,final,U.S. International,Brooklyn,433,414,55,71,,Indep.,Indep.,,,,,,
296226,1985-02-27,,1985,regular,,final,Butler,Notre Dame,34,213,70,69,,Horizon,Indep.,,,,,,
296227,1985-02-27,,1985,regular,,final,Wyoming,BYU,358,18,78,66,,UAC,UAC,,,,,,
296228,1985-02-27,,1985,regular,,final,Oregon,California,223,40,70,53,,Pac-12,Pac-12,,,,,,
296229,1985-02-27,,1985,regular,,final,Canisius,Hartford,42,363,89,65,,Am. East,Am. East,,,,,,
296230,1985-02-27,,1985,regular,,final,Xavier,UCF,359,312,78,51,,Horizon,Indep.,,,,,,
296231,1985-02-27,,1985,regular,,final,Dayton,Creighton,64,61,67,62,,Indep.,MVC,,,,,,
296232,1985-02-27,,1985,regular,,final,UC Santa Barbara,Fresno State,311,92,40,41,,Big West,Big West,,,,,,
296233,1985-02-27,,1985,regular,,final,Detroit Mercy,Memphis,69,163,71,66,,Horizon,,,,,,,
296234,1985-02-27,,1985,regular,,final,Duquesne,George Washington,73,96,60,99,,A-10,A-10,,,,,,
296235,1985-02-27,,1985,regular,,final,Missouri State,Evansville,176,82,74,64,,Summit,Horizon,,,,,,
296236,1985-02-27,,1985,regular,,final,Mississippi Valley State,Grambling,175,103,73,47,,SWAC,SWAC,,,,,,
296237,1985-02-27,,1985,regular,,final,UIC,Green Bay,315,105,66,62,,Summit,Summit,,,,,,
296238,1985-02-27,,1985,regular,,final,Illinois State,Indiana State,119,122,75,64,,MVC,MVC,,,,,,
296239,1985-02-27,,1985,regular,,final,Minnesota,Indiana,173,121,68,79,,Big Ten,Big Ten,,,,,,
296240,1985-02-27,,1985,regular,,final,Iowa,Ohio State,124,216,87,82,,Big Ten,Big Ten,,,,,,
296241,1985-02-27,,1985,regular,,final,Kansas,Nebraska,131,188,70,65,,,MVC,,,,,,
296242,1985-02-27,,1985,regular,,final,Kentucky,Tennessee,135,292,92,67,,SEC,SEC,,,,,,
296243,1985-02-27,,1985,regular,,final,Long Beach State,Utah State,145,329,69,81,,Big West,Big West,,,,,,
296244,1985-02-27,,1985,regular,,final,Louisiana Tech,UL Monroe,149,316,72,65,,Southland,Southland,,,,,,
296245,1985-02-27,,1985,regular,,final,Louisville,South Carolina,150,266,70,54,,,,,,,,,
296246,1985-02-27,,1985,regular,,final,Rutgers,Massachusetts,245,161,86,79,,A-10,A-10,,,,,,
296247,1985-02-27,,1985,regular,,final,Morgan State,South Carolina State,182,267,70,86,,MEAC,MEAC,,,,,,
296248,1985-02-27,,1985,regular,,final,Michigan,Wisconsin,170,355,88,68,,Big Ten,Big Ten,,,,,,
296249,1985-02-27,,1985,regular,,final,San José State,New Mexico State,260,192,76,64,,Big West,Big West,,,,,,
296250,1985-02-27,,1985,regular,,final,North Texas,UT Arlington,204,324,83,77,,Southland,Southland,,,,,,
296251,1985-02-27,,1985,regular,,final,SE Louisiana,Northwestern State,246,211,89,81,,Indep.,,,,,,,
296252,1985-02-27,,1985,regular,,final,Oregon State,Stanford,224,281,54,49,,Pac-12,Pac-12,,,,,,
296253,1985-02-27,,1985,regular,,final,San Diego,Pepperdine,258,228,54,57,,WCC,WCC,,,,,,
296254,1985-02-27,,1985,regular,,final,Temple,Penn State,289,226,57,51,,A-10,A-10,,,,,,
296255,1985-02-27,,1985,regular,,final,St. Bonaventure,Rhode Island,277,240,83,53,,A-10,A-10,,,,,,
296256,1985-02-27,,1985,regular,,final,West Virginia,Saint Joseph's,347,251,71,67,,A-10,A-10,,,,,,
296257,1985-02-27,,1985,regular,,final,Texas State,Texas Southern,297,296,61,86,,,SWAC,,,,,,
296258,1985-02-27,,1985,regular,,final,West Texas A&M,Tulsa,1440,304,70,62,,MVC,MVC,,,,,,
296259,1985-02-27,,1985,regular,,final,UCLA,USC,313,323,78,80,,Pac-12,Pac-12,,,,,,
296260,1985-02-27,,1985,regular,,final,Colorado,Oklahoma,56,217,71,90,,,,,,,,,
296262,1985-02-27,,1985,regular,,final,James Madison,American University,129,8,64,60,,CAA,CAA,,,,,,
296265,1985-02-28,,1985,regular,,final,Arkansas,Baylor,12,20,106,71,,,,,,,,,
296266,1985-02-28,,1985,regular,,final,La Salle,Army,137,15,80,63,,Metro,Metro,,,,,,
296268,1985-02-28,,1985,regular,,final,Weber State,Boise State,345,25,69,71,,Big Sky,Big Sky,,,,,,
296269,1985-02-28,,1985,regular,,final,Princeton,Brown,234,30,58,56,,Ivy,Ivy,,,,,,
296270,1985-02-28,,1985,regular,,final,Colgate,Vermont,55,337,54,58,,Am. East,Am. East,,,,,,
296271,1985-02-28,,1985,regular,,final,Harvard,Columbia,107,58,58,62,,Ivy,Ivy,,,,,,
296272,1985-02-28,,1985,regular,,final,Dartmouth,Cornell,62,60,53,57,,Ivy,Ivy,,,,,,
296273,1985-02-28,,1985,regular,,final,Santa Clara,Portland,261,230,79,69,,WCC,WCC,,,,,,
296275,1985-02-28,,1985,regular,,final,Delaware State,Maryland Eastern Shore,67,159,89,55,,MEAC,MEAC,,,,,,
296279,1985-02-28,,1985,regular,,final,Saint Mary's,Gonzaga,253,102,67,53,,WCC,WCC,,,,,,
296280,1985-02-28,,1985,regular,,final,Georgetown,Syracuse,97,286,90,63,,Big East,Big East,,,,,,
296281,1985-02-28,,1985,regular,,final,Hawai'i,Louisiana,108,148,71,70,,UAC,Indep.,,,,,,
296283,1985-02-28,,1985,regular,,final,Idaho State,Idaho,116,117,102,99,,Big Sky,Big Sky,,,,,,
296285,1985-02-28,,1985,regular,,final,New Orleans,Loyola Chicago,193,151,85,101,,Indep.,Horizon,,,,,,
296286,1985-02-28,,1985,regular,,final,New Hampshire,Maine-Farmington,190,1078,59,60,,Am. East,,,,,,,
296287,1985-02-28,,1985,regular,,final,Middle Tennessee,Murray State,171,184,63,60,,OVC,OVC,,,,,,
296290,1985-02-28,,1985,regular,,final,Penn State (Beaver),Yale,1353,360,72,66,,,Ivy,,,,,,
296293,1985-03-01,,1985,regular,,final,Ole Miss,Alabama,220,5,49,61,,SEC,SEC,,,,,,
296295,1985-03-01,,1985,regular,,final,Southern,Alcorn State,274,7,57,60,,SWAC,SWAC,,,,,,
296296,1985-03-01,,1985,regular,,final,Jackson State,Alabama State,126,6,75,74,,SWAC,SWAC,,,,,,
296297,1985-03-01,,1985,regular,,final,American University,Monmouth,8,178,84,81,,CAA,Indep.,,,,,,
296298,1985-03-01,,1985,regular,,final,UCLA,Arizona,313,11,58,54,,Pac-12,Pac-12,,,,,,
296299,1985-03-01,,1985,regular,,final,Hardin-Simmons,Little Rock,772,144,73,75,,,ASUN,,,,,,
296301,1985-03-01,,1985,regular,,final,Tennessee State,Arkansas State,290,13,54,56,,Indep.,Southland,,,,,,
296302,1985-03-01,,1985,regular,,final,Washington State,Arizona State,344,10,86,78,,Pac-12,Pac-12,,,,,,
296303,1985-03-01,,1985,regular,,final,Auburn,Vanderbilt,16,336,84,58,,SEC,SEC,,,,,,
296304,1985-03-01,,1985,regular,,final,Ball State,Central Michigan,19,45,93,78,,MAC,MAC,,,,,,
296305,1985-03-01,,1985,regular,,final,Kent State,Bowling Green,134,28,76,72,,MAC,MAC,,,,,,
296306,1985-03-01,,1985,regular,,final,Idaho State,Boise State,116,25,78,75,,Big Sky,Big Sky,,,,,,
296307,1985-03-01,,1985,regular,,final,Siena,Boston University,264,27,75,71,,Am. East,Am. East,,,,,,
296308,1985-03-01,,1985,regular,,final,Bradley,Illinois State,29,119,82,69,,MVC,MVC,,,,,,
296309,1985-03-01,,1985,regular,,final,Penn State (Beaver),Brown,1353,30,91,79,,,Ivy,,,,,,
296310,1985-03-01,,1985,regular,,final,Towson,Bucknell,301,32,77,79,,,,,,,,,
296311,1985-03-01,,1985,regular,,final,BYU,Utah,18,331,85,86,,UAC,UAC,,,,,,
296312,1985-03-01,,1985,regular,,final,Oregon State,California,224,40,51,37,,Pac-12,Pac-12,,,,,,
296313,1985-03-01,,1985,regular,,final,Mercer,Centenary (LA),164,367,74,70,,ASUN,ASUN,,,,,,
296314,1985-03-01,,1985,regular,,final,Nicholls,UCF,195,312,64,59,,,Indep.,,,,,,
296315,1985-03-01,,1985,regular,,final,Eastern Illinois,Chicago State,77,50,81,77,,Summit,Indep.,,,,,,
296316,1985-03-01,,1985,regular,,final,Cincinnati,Virginia Tech,51,340,70,61,,,,,,,,,
296318,1985-03-01,,1985,regular,,final,New Hampshire,Colgate,190,55,53,47,,Am. East,Am. East,,,,,,
296319,1985-03-01,,1985,regular,,final,Dartmouth,Columbia,62,58,66,83,,Ivy,Ivy,,,,,,
296320,1985-03-01,,1985,regular,,final,Cleveland State,Valparaiso,53,335,105,87,,Summit,Summit,,,,,,
296321,1985-03-01,,1985,regular,,final,Iowa State,Colorado,125,56,70,63,,,,,,,,,
296322,1985-03-01,,1985,regular,,final,Seton Hall,UConn,263,314,85,80,,Big East,Big East,,,,,,
296323,1985-03-01,,1985,regular,,final,Harvard,Cornell,107,60,77,64,,Ivy,Ivy,,,,,,
296324,1985-03-01,,1985,regular,,final,UC Santa Barbara,Pacific,311,225,79,75,,Big West,Big West,,,,,,
296325,1985-03-01,,1985,regular,,final,Santa Clara,Gonzaga,261,102,65,52,,WCC,WCC,,,,,,
296326,1985-03-01,,1985,regular,,final,Colorado State,UTEP,57,327,73,69,,UAC,UAC,,,,,,
296328,1985-03-01,,1985,regular,,final,DePaul,Marquette,65,157,69,52,,Indep.,Indep.,,,,,,
296330,1985-03-01,,1985,regular,,final,Duke,North Carolina,72,200,68,78,,ACC,ACC,,,,,,
296331,1985-03-01,,1985,regular,,final,Duquesne,Massachusetts,73,161,59,68,,A-10,A-10,,,,,,
296332,1985-03-01,,1985,regular,,final,James Madison,East Carolina,129,74,77,61,,CAA,CAA,,,,,,
296334,1985-03-01,,1985,regular,,final,Northern Illinois,Eastern Michigan,208,79,79,72,,MAC,MAC,,,,,,
296335,1985-03-01,,1985,regular,,final,Eastern Washington,U.S. International,80,433,99,71,,Indep.,Indep.,,,,,,
296336,1985-03-01,,1985,regular,,final,Florida A&M,Radford,85,239,84,76,,Indep.,Indep.,,,,,,
296338,1985-03-01,,1985,regular,,final,Mississippi State,Florida,174,87,63,69,,SEC,SEC,,,,,,
296340,1985-03-01,,1985,regular,,final,San José State,Fresno State,260,92,84,80,,Big West,Big West,,,,,,
296341,1985-03-01,,1985,regular,,final,South Carolina,Florida State,266,90,92,77,,,,,,,,,
296342,1985-03-01,,1985,regular,,final,Cal State Fullerton,UC Irvine,37,308,84,74,,Big West,Big West,,,,,,
296343,1985-03-01,,1985,regular,,final,George Mason,UNC Wilmington,95,321,99,88,,CAA,CAA,,,,,,
296344,1985-03-01,,1985,regular,,final,Tennessee,Georgia,292,98,86,85,,SEC,SEC,,,,,,
296345,1985-03-01,,1985,regular,,final,Georgia Southern,Georgia State,99,100,109,61,,ASUN,ASUN,,,,,,
296346,1985-03-01,,1985,regular,,final,Georgia Tech,Saint Louis,101,252,64,54,,ACC,Horizon,,,,,,
296347,1985-03-01,,1985,regular,,final,West Virginia,George Washington,347,96,73,63,,A-10,A-10,,,,,,
296348,1985-03-01,,1985,regular,,final,Grambling,Mississippi Valley State,103,175,50,79,,SWAC,SWAC,,,,,,
296349,1985-03-01,,1985,regular,,final,Houston Christian,Samford,112,256,77,67,,ASUN,ASUN,,,,,,
296350,1985-03-01,,1985,regular,,final,Howard,Maryland Eastern Shore,114,159,77,61,,MEAC,MEAC,,,,,,
296351,1985-03-01,,1985,regular,,final,Weber State,Idaho,345,117,96,76,,Big Sky,Big Sky,,,,,,
296352,1985-03-01,,1985,regular,,final,Illinois,Purdue,118,236,86,43,,Big Ten,Big Ten,,,,,,
296353,1985-03-01,,1985,regular,,final,Indiana State,Southern Illinois,122,273,84,85,,MVC,MVC,,,,,,
296355,1985-03-01,,1985,regular,,final,Oklahoma State,Kansas,218,131,79,88,,,,,,,,,
296356,1985-03-01,,1985,regular,,final,LSU,Kentucky,136,135,67,61,,SEC,SEC,,,,,,
296357,1985-03-01,,1985,regular,,final,Missouri,Kansas State,177,132,54,69,,,,,,,,,
296359,1985-03-01,,1985,regular,,final,Texas Pan American,Lamar,1535,139,69,75,,,Southland,,,,,,
296360,1985-03-01,,1985,regular,,final,UNLV,Long Beach State,322,145,84,61,,Big West,Big West,,,,,,
296362,1985-03-01,,1985,regular,,final,Pepperdine,Loyola Marymount,228,153,86,77,,WCC,WCC,,,,,,
296364,1985-03-01,,1985,regular,,final,Memphis,Louisville,163,150,66,59,,,,,,,,,
296365,1985-03-01,,1985,regular,,final,Middle Tennessee,Tennessee Tech,171,291,54,52,,OVC,OVC,,,,,,
296366,1985-03-01,,1985,regular,,final,Morgan State,North Carolina A&T,182,198,66,90,,MEAC,MEAC,,,,,,
296367,1985-03-01,,1985,regular,,final,Michigan,Northwestern,170,212,87,66,,Big Ten,Big Ten,,,,,,
296368,1985-03-01,,1985,regular,,final,Minnesota,Ohio State,173,216,77,78,,Big Ten,Big Ten,,,,,,
296369,1985-03-01,,1985,regular,,final,Miami (OH),Ohio,167,215,67,66,,MAC,MAC,,,,,,
296370,1985-03-01,,1985,regular,,final,Montana,Montana State,179,180,66,50,,Big Sky,Big Sky,,,,,,
296372,1985-03-01,,1985,regular,,final,Michigan State,Wisconsin,169,355,82,63,,Big Ten,Big Ten,,,,,,
296373,1985-03-01,,1985,regular,,final,Northern Arizona,Nevada,206,189,66,77,,Big Sky,Big Sky,,,,,,
296374,1985-03-01,,1985,regular,,final,NC State,Wake Forest,185,342,66,64,,ACC,ACC,,,,,,
296375,1985-03-01,,1985,regular,,final,Nebraska,Oklahoma,188,217,62,65,,MVC,,,,,,,
296376,1985-03-01,,1985,regular,,final,Wyoming,New Mexico,358,191,78,83,,UAC,UAC,,,,,,
296377,1985-03-01,,1985,regular,,final,Northern Iowa,Western Illinois,209,349,79,70,,Summit,Summit,,,,,,
296378,1985-03-01,,1985,regular,,final,Utah State,New Mexico State,329,192,105,95,,Big West,Big West,,,,,,
296379,1985-03-01,,1985,regular,,final,Oral Roberts,Stetson,222,283,93,76,,Horizon,Indep.,,,,,,
296380,1985-03-01,,1985,regular,,final,Oregon,Stanford,223,281,68,61,,Pac-12,Pac-12,,,,,,
296381,1985-03-01,,1985,regular,,final,Pittsburgh,Villanova,229,338,85,62,,Big East,Big East,,,,,,
296382,1985-03-01,,1985,regular,,final,Saint Mary's,Portland,253,230,61,56,,WCC,WCC,,,,,,
296383,1985-03-01,,1985,regular,,final,Prairie View A&M,Texas Southern,232,296,82,76,,SWAC,SWAC,,,,,,
296384,1985-03-01,,1985,regular,,final,Princeton,Yale,234,360,65,61,,Ivy,Ivy,,,,,,
296385,1985-03-01,,1985,regular,,final,St. John's,Providence,279,235,72,53,,Big East,Big East,,,,,,
296386,1985-03-01,,1985,regular,,final,St. Bonaventure,Penn State,277,226,72,57,,A-10,A-10,,,,,,
296387,1985-03-01,,1985,regular,,final,Richmond,William & Mary,242,353,68,58,,CAA,CAA,,,,,,
296388,1985-03-01,,1985,regular,,final,Rhode Island,Rutgers,240,245,71,69,,A-10,A-10,,,,,,
296389,1985-03-01,,1985,regular,,final,Texas A&M,Rice,293,241,79,62,,,,,,,,,
296391,1985-03-01,,1985,regular,,final,Southern Miss,Tulane,275,303,67,71,,,,,,,,,
296392,1985-03-01,,1985,regular,,final,TCU,Texas Tech,287,298,53,61,,,,,,,,,
296393,1985-03-01,,1985,regular,,final,Toledo,Western Michigan,300,351,95,89,,MAC,MAC,,,,,,
296394,1985-03-01,,1985,regular,,final,Tulsa,Wichita State,304,352,67,66,,MVC,MVC,,,,,,
296396,1985-03-02,,1985,regular,,final,Georgia Southern,Little Rock,99,144,65,67,,ASUN,ASUN,,,,,,
296399,1985-03-02,,1985,regular,,final,Dayton,Xavier,64,359,66,56,,Indep.,Horizon,,,,,,
296400,1985-03-02,,1985,regular,,final,Western Illinois,Eastern Illinois,349,77,67,74,,Summit,Summit,,,,,,
296403,1985-03-02,,1985,regular,,final,Oklahoma,Georgia Tech,217,101,87,80,,,ACC,,,,,,
296405,1985-03-02,,1985,regular,,final,Hofstra,Lehigh,110,141,68,72,,,,,,,,,
296406,1985-03-02,,1985,regular,,final,Houston,SMU,113,248,79,76,,,,,,,,,
296407,1985-03-02,,1985,regular,,final,Iowa,Indiana,124,121,70,50,,Big Ten,Big Ten,,,,,,
296409,1985-03-02,,1985,regular,,final,Virginia,Maryland,339,160,55,60,,ACC,ACC,,,,,,
296410,1985-03-02,,1985,regular,,final,Middle Tennessee,Youngstown State,171,361,66,63,,OVC,OVC,,,,,,
296412,1985-03-02,,1985,regular,,final,Notre Dame,Washington,213,343,57,50,,Indep.,Pac-12,,,,,,
296414,1985-03-02,,1985,regular,,final,Hartford,Texas A&M-San Antonio,363,583,77,75,,Am. East,,,,,,,
296415,1985-03-02,,1985,regular,,final,Texas,USC,295,323,71,70,,,Pac-12,,,,,,
296416,1985-03-03,,1985,regular,,final,BYU,Air Force,18,2,79,82,,UAC,UAC,,,,,,
296417,1985-03-03,,1985,regular,,final,Alabama State,Florida A&M,6,85,83,79,,SWAC,Indep.,,,,,,
296419,1985-03-03,,1985,regular,,final,Niagara,Boston University,194,27,68,69,,Am. East,Am. East,,,,,,
296421,1985-03-03,,1985,regular,,final,Valparaiso,Butler,335,34,50,56,,Summit,Horizon,,,,,,
296422,1985-03-03,,1985,regular,,final,Campbell,Navy,41,187,63,84,,Indep.,CAA,,,,,,
296423,1985-03-03,,1985,regular,,final,Canisius,New Hampshire,42,190,90,56,,Am. East,Am. East,,,,,,
296424,1985-03-03,,1985,regular,,final,Colorado State,Hawai'i,57,108,73,68,,UAC,UAC,,,,,,
296425,1985-03-03,,1985,regular,,final,Green Bay,Eastern Illinois,105,77,66,67,,Summit,Summit,,,,,,
296427,1985-03-03,,1985,regular,,final,UIC,Missouri State,315,176,74,70,,Summit,Summit,,,,,,
296428,1985-03-03,,1985,regular,,final,Lamar,UT Arlington,139,324,98,70,,Southland,Southland,,,,,,
296429,1985-03-03,,1985,regular,,final,Northeastern,Maine-Farmington,205,1078,103,81,,Am. East,,,,,,,
296430,1985-03-03,,1985,regular,,final,McNeese,North Texas,162,204,89,78,,Southland,Southland,,,,,,
296431,1985-03-03,,1985,regular,,final,Siena,Vermont,264,337,65,56,,Am. East,Am. East,,,,,,
296432,1985-03-03,,1985,regular,,final,Saint Louis,Western Illinois,252,349,65,47,,Horizon,Summit,,,,,,
296433,1985-03-03,,1985,regular,,final,Utah,Wyoming,331,358,61,60,,UAC,UAC,,,,,,
296434,1985-03-04,,1985,regular,,final,Utah,Air Force,331,2,66,64,,UAC,UAC,,,,,,
296435,1985-03-04,,1985,regular,,final,Arkansas State,UL Monroe,13,316,62,70,,Southland,Southland,,,,,,
296436,1985-03-04,,1985,regular,,final,Toledo,Ball State,300,19,66,68,,MAC,MAC,,,,,,
296437,1985-03-04,,1985,regular,,final,Delaware State,Bethune-Cookman,67,23,84,79,,MEAC,MEAC,,,,,,
296438,1985-03-04,,1985,regular,,final,Boise State,Montana,25,179,67,54,,Big Sky,Big Sky,,,,,,
296439,1985-03-04,,1985,regular,,final,Canisius,Boston University,42,27,56,64,,Am. East,Am. East,,,,,,
296440,1985-03-04,,1985,regular,,final,Iowa State,Colorado,125,56,76,52,,,,,,,,,
296442,1985-03-04,,1985,regular,,final,New Mexico,Colorado State,191,57,62,56,,UAC,UAC,,,,,,
296443,1985-03-04,,1985,regular,,final,Texas Pan American,DePaul,1535,65,55,65,,,Indep.,,,,,,
296448,1985-03-04,,1985,regular,,final,Illinois State,Indiana State,119,122,61,66,,MVC,MVC,,,,,,
296449,1985-03-04,,1985,regular,,final,Kansas,Nebraska,131,188,74,69,,,MVC,,,,,,
296450,1985-03-04,,1985,regular,,final,Missouri,Kansas State,177,132,68,50,,,,,,,,,
296454,1985-03-04,,1985,regular,,final,Northeastern,Siena,205,264,73,69,,Am. East,Am. East,,,,,,
296455,1985-03-04,,1985,regular,,final,Oklahoma,Oklahoma State,217,218,116,91,,,,,,,,,
296457,1985-03-04,,1985,regular,,final,Wichita State,Southern Illinois,352,273,69,66,,MVC,MVC,,,,,,
296459,1985-03-04,,1985,regular,,final,Tulsa,West Texas A&M,304,1440,74,69,,MVC,MVC,,,,,,
296463,1985-03-05,,1985,regular,,final,Boise State,Nevada,25,189,67,79,,Big Sky,Big Sky,,,,,,
296464,1985-03-05,,1985,regular,,final,Northeastern,Boston University,205,27,68,67,,Am. East,Am. East,,,,,,
296465,1985-03-05,,1985,regular,,final,Tulsa,Bradley,304,29,85,77,,MVC,MVC,,,,,,
296466,1985-03-05,,1985,regular,,final,Cleveland State,Green Bay,53,105,85,67,,Summit,Summit,,,,,,
296468,1985-03-05,,1985,regular,,final,Eastern Illinois,Northern Iowa,77,209,66,65,,Summit,Summit,,,,,,
296471,1985-03-05,,1985,regular,,final,Missouri State,UIC,176,315,104,86,,Summit,Summit,,,,,,
296472,1985-03-05,,1985,regular,,final,Wichita State,Indiana State,352,122,92,65,,MVC,MVC,,,,,,
296475,1985-03-05,,1985,regular,,final,Louisiana Tech,UL Monroe,149,316,72,70,,Southland,Southland,,,,,,
296476,1985-03-05,,1985,regular,,final,Ohio State,Michigan,216,170,72,77,,Big Ten,Big Ten,,,,,,
296477,1985-03-05,,1985,regular,,final,Notre Dame,Marquette,213,157,66,60,,Indep.,Indep.,,,,,,
296482,1985-03-05,,1985,regular,,final,South Florida,Radford,271,239,75,67,,Sun Belt,Indep.,,,,,,
296486,1985-03-05,,1985,regular,,final,UTEP,Utah,327,331,82,73,,UAC,UAC,,,,,,
296487,1985-03-05,,1985,regular,,final,Western Illinois,Valparaiso,349,335,76,71,,Summit,Summit,,,,,,
296494,1985-03-06,,1985,regular,,final,Bradley,Creighton,29,61,66,59,,MVC,MVC,,,,,,
296495,1985-03-06,,1985,regular,,final,Brown,Harvard,30,107,82,77,,Ivy,Ivy,,,,,,
296497,1985-03-06,,1985,regular,,final,California,Washington,40,343,38,41,,Pac-12,Pac-12,,,,,,
296499,1985-03-06,,1985,regular,,final,Cleveland State,Missouri State,53,176,76,79,,Summit,Summit,,,,,,
296501,1985-03-06,,1985,regular,,final,Santa Clara,Saint Mary's,261,253,67,63,,WCC,WCC,,,,,,
296512,1985-03-06,,1985,regular,,final,Gonzaga,Portland,102,230,54,56,,WCC,WCC,,,,,,
296515,1985-03-06,,1985,regular,,final,Illinois,Iowa,118,124,59,53,,Big Ten,Big Ten,,,,,,
296516,1985-03-06,,1985,regular,,final,Indiana,Michigan State,121,169,58,68,,Big Ten,Big Ten,,,,,,
296518,1985-03-06,,1985,regular,,final,William & Mary,James Madison,353,129,68,61,,CAA,CAA,,,,,,
296519,1985-03-06,,1985,regular,,final,Louisiana Tech,Lamar,149,139,70,69,,Southland,Southland,,,,,,
296520,1985-03-06,,1985,regular,,final,San Diego,Loyola Marymount,258,153,64,66,,WCC,WCC,,,,,,
296522,1985-03-06,,1985,regular,,final,Louisville,South Carolina,150,266,74,61,,,,,,,,,
296523,1985-03-06,,1985,regular,,final,Rutgers,Massachusetts,245,161,69,67,,A-10,A-10,,,,,,
296525,1985-03-06,,1985,regular,,final,Purdue,Minnesota,236,173,79,67,,Big Ten,Big Ten,,,,,,
296527,1985-03-06,,1985,regular,,final,Oral Roberts,Saint Louis,222,252,56,53,,Horizon,Horizon,,,,,,
296528,1985-03-06,,1985,regular,,final,USC,Oregon,323,223,65,62,,Pac-12,Pac-12,,,,,,
296529,1985-03-06,,1985,regular,,final,UCLA,Oregon State,313,224,59,51,,Pac-12,Pac-12,,,,,,
296532,1985-03-06,,1985,regular,,final,UTEP,San Diego State,327,257,81,87,,UAC,UAC,,,,,,
296533,1985-03-06,,1985,regular,,final,Stanford,Washington State,281,344,68,78,,Pac-12,Pac-12,,,,,,
296535,1985-03-06,,1985,regular,,final,Tulsa,Wichita State,304,352,82,84,,MVC,MVC,,,,,,
296544,1985-03-07,,1985,regular,,final,Columbia,Princeton,58,234,54,40,,Ivy,Ivy,,,,,,
296545,1985-03-07,,1985,regular,,final,Cornell,Penn State (Beaver),60,1353,71,74,,Ivy,,,,,,,
296548,1985-03-07,,1985,regular,,final,Rutgers,Duquesne,245,73,78,53,,A-10,A-10,,,,,,
296549,1985-03-07,,1985,regular,,final,Eastern Illinois,Missouri State,77,176,75,64,,Summit,Summit,,,,,,
296550,1985-03-07,,1985,regular,,final,Oral Roberts,Evansville,222,82,74,69,,Horizon,Horizon,,,,,,
296555,1985-03-07,,1985,regular,,final,Louisville,Memphis,150,163,74,81,,,,,,,,,
296556,1985-03-07,,1985,regular,,final,William & Mary,Navy,353,187,83,89,,CAA,CAA,,,,,,
296562,1985-03-08,,1985,regular,,final,Arizona,Arizona State,11,10,68,48,,Pac-12,Pac-12,,,,,,
296564,1985-03-08,,1985,regular,,final,California,Washington State,40,344,67,58,,Pac-12,Pac-12,,,,,,
296565,1985-03-08,,1985,regular,,final,Columbia,Penn State (Beaver),58,1353,70,65,,Ivy,,,,,,,
296566,1985-03-08,,1985,regular,,final,Cornell,Princeton,60,234,63,30,,Ivy,Ivy,,,,,,
296567,1985-03-08,,1985,regular,,final,Dayton,Notre Dame,64,213,73,80,,Indep.,Indep.,,,,,,
296568,1985-03-08,,1985,regular,,final,Marquette,DePaul,157,65,68,64,,Indep.,Indep.,,,,,,
296572,1985-03-08,,1985,regular,,final,Yale,Harvard,360,107,70,69,,Ivy,Ivy,,,,,,
296574,1985-03-08,,1985,regular,,final,Illinois,Minnesota,118,173,82,56,,Big Ten,Big Ten,,,,,,
296575,1985-03-08,,1985,regular,,final,Purdue,Iowa,236,124,60,54,,Big Ten,Big Ten,,,,,,
296576,1985-03-08,,1985,regular,,final,Oral Roberts,Loyola Chicago,222,151,83,89,,Horizon,Horizon,,,,,,
296577,1985-03-08,,1985,regular,,final,Ohio State,Michigan State,216,169,90,79,,Big Ten,Big Ten,,,,,,
296580,1985-03-08,,1985,regular,,final,New Orleans,Texas Pan American,193,1535,70,66,,Indep.,,,,,,,
296581,1985-03-08,,1985,regular,,final,Wisconsin,Northwestern,355,212,61,53,,Big Ten,Big Ten,,,,,,
296582,1985-03-08,,1985,regular,,final,Oregon,UCLA,223,313,69,72,,Pac-12,Pac-12,,,,,,
296583,1985-03-08,,1985,regular,,final,USC,Oregon State,323,224,58,60,,Pac-12,Pac-12,,,,,,
296584,1985-03-08,,1985,regular,,final,Rutgers,Temple,245,289,51,59,,A-10,A-10,,,,,,
296585,1985-03-08,,1985,regular,,final,Stanford,Washington,281,343,47,67,,Pac-12,Pac-12,,,,,,
296588,1985-03-09,,1985,regular,,final,Georgia Tech,North Carolina,101,200,67,62,,ACC,ACC,,,,,,
296589,1985-03-09,,1985,regular,,final,Indiana,Michigan,121,170,71,73,,Big Ten,Big Ten,,,,,,
370393,1985-03-11,,1985,postseason,NIT,final,New Mexico,Texas A&M,191,293,80,67,,UAC,,,,,,,NIT-FIRST-ROUND
370394,1985-03-12,,1985,postseason,NIT,final,Nebraska,Canisius,188,42,79,66,,MVC,Am. East,,,,,,NIT-FIRST-ROUND
370395,1985-03-13,,1985,postseason,NCAA,final,Georgetown,Lehigh,97,141,68,43,1,Big East,,1,16,,,,"NCAA Men's Tourn., East - First Round"
370396,1985-03-13,,1985,postseason,NCAA,final,North Carolina A&T,Oklahoma,198,217,83,96,1,MEAC,,16,1,,,,"NCAA Men's Tourn., Midwest - First Round"
370397,1985-03-13,,1985,postseason,NCAA,final,Southern,St. John's,274,279,59,83,1,SWAC,Big East,16,1,,,,"NCAA Men's Tourn., West - First Round"
370398,1985-03-13,,1985,postseason,NCAA,final,Middle Tennessee,North Carolina,171,200,57,76,1,OVC,ACC,15,2,,,,"NCAA Men's Tourn., Southeast - First Round"
370399,1985-03-13,,1985,postseason,NCAA,final,Kansas,Ohio,131,215,49,38,1,,MAC,3,14,,,,"NCAA Men's Tourn., Southeast - First Round"
370400,1985-03-13,,1985,postseason,NCAA,final,Iona,Loyola Chicago,123,151,58,59,1,Metro,Horizon,13,4,,,,"NCAA Men's Tourn., East - First Round"
370401,1985-03-13,,1985,postseason,NCAA,final,Iowa State,Ohio State,125,216,64,75,1,,Big Ten,13,4,,,,"NCAA Men's Tourn., Midwest - First Round"
370402,1985-03-13,,1985,postseason,NCAA,final,UNLV,San Diego State,322,257,85,80,1,Big West,UAC,4,13,,,,"NCAA Men's Tourn., West - First Round"
370403,1985-03-13,,1985,postseason,NCAA,final,Kentucky,Washington,135,343,66,58,1,SEC,Pac-12,12,5,,,,"NCAA Men's Tourn., West - First Round"
370404,1985-03-13,,1985,postseason,NCAA,final,Louisiana Tech,Pittsburgh,149,229,78,54,1,Southland,Big East,5,12,,,,"NCAA Men's Tourn., Midwest - First Round"
370405,1985-03-13,,1985,postseason,NCAA,final,Old Dominion,SMU,219,248,68,85,1,CAA,,12,5,,,,"NCAA Men's Tourn., East - First Round"
370406,1985-03-13,,1985,postseason,NCAA,final,Auburn,Purdue,16,236,59,58,1,SEC,Big Ten,11,6,,,,"NCAA Men's Tourn., Southeast - First Round"
370407,1985-03-13,,1985,postseason,NCAA,final,Notre Dame,Oregon State,213,224,79,70,1,Indep.,Pac-12,7,10,,,,"NCAA Men's Tourn., Southeast - First Round"
370408,1985-03-13,,1985,postseason,NCAA,final,Arkansas,Iowa,12,124,63,54,1,,Big Ten,9,8,,,,"NCAA Men's Tourn., West - First Round"
370409,1985-03-13,,1985,postseason,NCAA,final,Illinois State,USC,119,323,58,55,1,MVC,Pac-12,9,8,,,,"NCAA Men's Tourn., Midwest - First Round"
370410,1985-03-13,,1985,postseason,NCAA,final,Temple,Virginia Tech,289,340,60,57,1,A-10,,8,9,,,,"NCAA Men's Tourn., East - First Round"
370411,1985-03-13,,1985,postseason,NIT,final,Cincinnati,Kent State,51,134,77,61,,,MAC,,,,,,NIT-FIRST-ROUND
370412,1985-03-13,,1985,postseason,NIT,final,Fresno State,Santa Clara,92,261,79,76,,Big West,WCC,,,,,,NIT-FIRST-ROUND
370413,1985-03-13,,1985,postseason,NIT,final,Louisiana,Florida,148,87,65,64,,Indep.,SEC,,,,,,NIT-FIRST-ROUND
370414,1985-03-13,,1985,postseason,NIT,final,Louisville,Alcorn State,150,7,77,75,,,SWAC,,,,,,NIT-FIRST-ROUND
370415,1985-03-13,,1985,postseason,NIT,final,Marquette,Bradley,157,29,77,64,,Indep.,MVC,,,,,,NIT-FIRST-ROUND
370416,1985-03-13,,1985,postseason,NIT,final,Missouri,Saint Joseph's,177,251,67,68,,,A-10,,,,,,NIT-FIRST-ROUND
370417,1985-03-13,,1985,postseason,NIT,final,South Florida,Wake Forest,271,342,77,66,,Sun Belt,ACC,,,,,,NIT-FIRST-ROUND
370418,1985-03-13,,1985,postseason,NIT,final,Tennessee Tech,Tennessee,291,292,62,65,,OVC,SEC,,,,,,NIT-FIRST-ROUND
370419,1985-03-13,,1985,postseason,NIT,final,UCLA,Montana,313,179,78,47,,Pac-12,Big Sky,,,,,,NIT-FIRST-ROUND
370420,1985-03-13,,1985,postseason,NIT,final,West Virginia,Virginia,347,339,55,56,,A-10,ACC,,,,,,NIT-FIRST-ROUND
370421,1985-03-14,,1985,postseason,NCAA,final,Fairleigh Dickinson,Michigan,84,170,55,59,1,NEC,Big Ten,16,1,,,,"NCAA Men's Tourn., Southeast - First Round"
370422,1985-03-14,,1985,postseason,NCAA,final,Georgia Tech,Mercer,101,164,65,58,1,ACC,ASUN,2,15,,,,"NCAA Men's Tourn., East - First Round"
370423,1985-03-14,,1985,postseason,NCAA,final,Marshall,VCU,158,333,65,81,1,SoCon,Sun Belt,15,2,,,,"NCAA Men's Tourn., West - First Round"
370424,1985-03-14,,1985,postseason,NCAA,final,Memphis,Pennsylvania,163,227,67,55,1,,Ivy,2,15,,,,"NCAA Men's Tourn., Midwest - First Round"
370425,1985-03-14,,1985,postseason,NCAA,final,Duke,Pepperdine,72,228,75,62,1,ACC,WCC,3,14,,,,"NCAA Men's Tourn., Midwest - First Round"
370426,1985-03-14,,1985,postseason,NCAA,final,Illinois,Northeastern,118,205,76,57,1,Big Ten,Am. East,3,14,,,,"NCAA Men's Tourn., East - First Round"
370427,1985-03-14,,1985,postseason,NCAA,final,Nevada,NC State,189,185,56,65,1,Big Sky,ACC,14,3,,,,"NCAA Men's Tourn., West - First Round"
370428,1985-03-14,,1985,postseason,NCAA,final,LSU,Navy,136,187,55,78,1,SEC,CAA,4,13,,,,"NCAA Men's Tourn., Southeast - First Round"
370429,1985-03-14,,1985,postseason,NCAA,final,Maryland,Miami (OH),160,167,69,68,1,ACC,MAC,5,12,,,,"NCAA Men's Tourn., Southeast - First Round"
370430,1985-03-14,,1985,postseason,NCAA,final,Boston College,Texas Tech,26,298,55,53,1,Big East,,11,6,,,,"NCAA Men's Tourn., Midwest - First Round"
370431,1985-03-14,,1985,postseason,NCAA,final,Georgia,Wichita State,98,352,67,59,1,SEC,MVC,6,11,,,,"NCAA Men's Tourn., East - First Round"
370432,1985-03-14,,1985,postseason,NCAA,final,UTEP,Tulsa,327,304,79,75,1,UAC,MVC,11,6,,,,"NCAA Men's Tourn., West - First Round"
370433,1985-03-14,,1985,postseason,NCAA,final,Alabama,Arizona,5,11,50,41,1,SEC,Pac-12,7,10,,,,"NCAA Men's Tourn., West - First Round"
370434,1985-03-14,,1985,postseason,NCAA,final,UAB,Michigan State,305,169,70,68,1,Sun Belt,Big Ten,7,10,,,,"NCAA Men's Tourn., Midwest - First Round"
370435,1985-03-14,,1985,postseason,NCAA,final,DePaul,Syracuse,65,286,65,70,1,Indep.,Big East,10,7,,,,"NCAA Men's Tourn., East - First Round"
370436,1985-03-14,,1985,postseason,NCAA,final,Dayton,Villanova,64,338,49,51,1,Indep.,Big East,9,8,,,,"NCAA Men's Tourn., Southeast - First Round"
370437,1985-03-14,,1985,postseason,NIT,final,Chattanooga,Clemson,49,52,67,65,,SoCon,ACC,,,,,,NIT-FIRST-ROUND
370438,1985-03-14,,1985,postseason,NIT,final,Indiana,Butler,121,34,79,57,,Big Ten,Horizon,,,,,,NIT-FIRST-ROUND
370439,1985-03-14,,1985,postseason,NIT,final,Lamar,Houston,139,113,78,71,,Southland,,,,,,,NIT-FIRST-ROUND
370440,1985-03-14,,1985,postseason,NIT,final,Richmond,Fordham,242,91,59,57,,CAA,Metro,,,,,,NIT-FIRST-ROUND
370441,1985-03-15,,1985,postseason,NCAA,final,Arkansas,St. John's,12,279,65,68,1,,Big East,9,1,,,,"NCAA Men's Tourn., West - Second Round"
370442,1985-03-15,,1985,postseason,NCAA,final,Georgetown,Temple,97,289,63,46,1,Big East,A-10,1,8,,,,"NCAA Men's Tourn., East - Second Round"
370443,1985-03-15,,1985,postseason,NCAA,final,Illinois State,Oklahoma,119,217,69,75,1,MVC,,9,1,,,,"NCAA Men's Tourn., Midwest - Second Round"
370444,1985-03-15,,1985,postseason,NCAA,final,North Carolina,Notre Dame,200,213,60,58,1,ACC,Indep.,2,7,,,,"NCAA Men's Tourn., Southeast - Second Round"
370445,1985-03-15,,1985,postseason,NCAA,final,Auburn,Kansas,16,131,66,64,1,SEC,,11,3,,,,"NCAA Men's Tourn., Southeast - Second Round"
370446,1985-03-15,,1985,postseason,NCAA,final,Kentucky,UNLV,135,322,64,61,1,SEC,Big West,12,4,,,,"NCAA Men's Tourn., West - Second Round"
370447,1985-03-15,,1985,postseason,NCAA,final,Louisiana Tech,Ohio State,149,216,79,67,1,Southland,Big Ten,5,4,,,,"NCAA Men's Tourn., Midwest - Second Round"
370448,1985-03-15,,1985,postseason,NCAA,final,Loyola Chicago,SMU,151,248,70,57,1,Horizon,,4,5,,,,"NCAA Men's Tourn., East - Second Round"
370449,1985-03-16,,1985,postseason,NCAA,final,Michigan,Villanova,170,338,55,59,1,Big Ten,Big East,1,8,,,,"NCAA Men's Tourn., Southeast - Second Round"
370450,1985-03-16,,1985,postseason,NCAA,final,Alabama,VCU,5,333,63,59,1,SEC,Sun Belt,7,2,,,,"NCAA Men's Tourn., West - Second Round"
370451,1985-03-16,,1985,postseason,NCAA,final,UAB,Memphis,305,163,66,67,1,Sun Belt,,7,2,,,,"NCAA Men's Tourn., Midwest - Second Round"
370452,1985-03-16,,1985,postseason,NCAA,final,Georgia Tech,Syracuse,101,286,70,53,1,ACC,Big East,2,7,,,,"NCAA Men's Tourn., East - Second Round"
370453,1985-03-16,,1985,postseason,NCAA,final,Boston College,Duke,26,72,74,73,1,Big East,ACC,11,3,,,,"NCAA Men's Tourn., Midwest - Second Round"
370454,1985-03-16,,1985,postseason,NCAA,final,Georgia,Illinois,98,118,58,74,1,SEC,Big Ten,6,3,,,,"NCAA Men's Tourn., East - Second Round"
370455,1985-03-16,,1985,postseason,NCAA,final,NC State,UTEP,185,327,86,73,1,ACC,UAC,3,11,,,,"NCAA Men's Tourn., West - Second Round"
370456,1985-03-16,,1985,postseason,NCAA,final,Maryland,Navy,160,187,64,59,1,ACC,CAA,5,13,,,,"NCAA Men's Tourn., Southeast - Second Round"
370457,1985-03-18,,1985,postseason,NIT,final,Cincinnati,Marquette,51,157,54,56,,,Indep.,,,,,,NIT-SECOND-ROUND
370458,1985-03-18,,1985,postseason,NIT,final,Fresno State,New Mexico,92,191,66,55,,Big West,UAC,,,,,,NIT-SECOND-ROUND
370459,1985-03-18,,1985,postseason,NIT,final,Indiana,Richmond,121,242,75,53,,Big Ten,CAA,,,,,,NIT-SECOND-ROUND
370460,1985-03-18,,1985,postseason,NIT,final,UCLA,Nebraska,313,188,82,63,,Pac-12,MVC,,,,,,NIT-SECOND-ROUND
370461,1985-03-18,,1985,postseason,NIT,final,Virginia,Saint Joseph's,339,251,68,61,,ACC,A-10,,,,,,NIT-SECOND-ROUND
370462,1985-03-19,,1985,postseason,NIT,final,Lamar,Chattanooga,139,49,84,85,,Southland,SoCon,,,,,,NIT-SECOND-ROUND
370463,1985-03-19,,1985,postseason,NIT,final,Louisville,South Florida,150,271,68,61,,,Sun Belt,,,,,,NIT-SECOND-ROUND
370464,1985-03-19,,1985,postseason,NIT,final,Tennessee,Louisiana,292,148,73,72,,SEC,Indep.,,,,,,NIT-SECOND-ROUND
370465,1985-03-20,,1985,postseason,NCAA,final,Georgetown,Loyola Chicago,97,151,65,53,1,Big East,Horizon,1,4,,,,"NCAA Men's Tourn., East - Regional Semifinal"
370466,1985-03-20,,1985,postseason,NCAA,final,Louisiana Tech,Oklahoma,149,217,84,86,1,Southland,,5,1,,,,"NCAA Men's Tourn., Midwest - Regional Semifinal"
370467,1985-03-20,,1985,postseason,NCAA,final,Boston College,Memphis,26,163,57,59,1,Big East,,11,2,,,,"NCAA Men's Tourn., Midwest - Regional Semifinal"
370468,1985-03-20,,1985,postseason,NCAA,final,Georgia Tech,Illinois,101,118,61,53,1,ACC,Big Ten,2,3,,,,"NCAA Men's Tourn., East - Regional Semifinal"
370469,1985-03-21,,1985,postseason,NCAA,final,Kentucky,St. John's,135,279,70,86,1,SEC,Big East,12,1,,,,"NCAA Men's Tourn., West - Regional Semifinal"
370470,1985-03-21,,1985,postseason,NCAA,final,Auburn,North Carolina,16,200,56,62,1,SEC,ACC,11,2,,,,"NCAA Men's Tourn., Southeast - Regional Semifinal"
370471,1985-03-21,,1985,postseason,NCAA,final,Alabama,NC State,5,185,55,61,1,SEC,ACC,7,3,,,,"NCAA Men's Tourn., West - Regional Semifinal"
370472,1985-03-21,,1985,postseason,NCAA,final,Maryland,Villanova,160,338,43,46,1,ACC,Big East,5,8,,,,"NCAA Men's Tourn., Southeast - Regional Semifinal"
370473,1985-03-22,,1985,postseason,NCAA,final,Georgetown,Georgia Tech,97,101,60,54,1,Big East,ACC,1,2,,,,"NCAA Men's Tourn., East - Regional Final"
370474,1985-03-22,,1985,postseason,NCAA,final,Memphis,Oklahoma,163,217,63,61,1,,,2,1,,,,"NCAA Men's Tourn., Midwest - Regional Final"
370475,1985-03-22,,1985,postseason,NIT,final,UCLA,Fresno State,313,92,53,43,,Pac-12,Big West,,,,,,NIT-QUARTERFINAL
370476,1985-03-23,,1985,postseason,NCAA,final,NC State,St. John's,185,279,60,69,1,ACC,Big East,3,1,,,,"NCAA Men's Tourn., West - Regional Final"
370477,1985-03-23,,1985,postseason,NCAA,final,North Carolina,Villanova,200,338,44,56,1,ACC,Big East,2,8,,,,"NCAA Men's Tourn., Southeast - Regional Final"
370478,1985-03-23,,1985,postseason,NIT,final,Indiana,Marquette,121,157,94,82,,Big Ten,Indep.,,,,,,NIT-QUARTERFINAL
370479,1985-03-23,,1985,postseason,NIT,final,Louisville,Chattanooga,150,49,71,66,,,SoCon,,,,,,NIT-QUARTERFINAL
370480,1985-03-23,,1985,postseason,NIT,final,Tennessee,Virginia,292,339,61,54,,SEC,ACC,,,,,,NIT-QUARTERFINAL
370481,1985-03-26,,1985,postseason,NIT,final,Tennessee,Indiana,292,121,67,74,,SEC,Big Ten,,,,,,NIT-SEMIFINAL
370482,1985-03-26,,1985,postseason,NIT,final,UCLA,Louisville,313,150,75,66,,Pac-12,,,,,,,NIT-SEMIFINAL
370483,1985-03-28,,1985,postseason,NIT,final,Tennessee,Louisville,292,150,100,84,,SEC,,,,,,,NIT-THIRD-PLACE
370484,1985-03-28,,1985,postseason,NIT,final,UCLA,Indiana,313,121,65,62,,Pac-12,Big Ten,,,,,,NIT-FINAL
370485,1985-03-29,,1985,postseason,NCAA,final,Georgetown,St. John's,97,279,77,59,1,Big East,Big East,1,1,,,,"NCAA Men's Tourn., National - National Semifinal"
370486,1985-03-29,,1985,postseason,NCAA,final,Memphis,Villanova,163,338,45,52,1,,Big East,2,8,,,,"NCAA Men's Tourn., National - National Semifinal"
370487,1985-03-31,,1985,postseason,NCAA,final,Georgetown,Villanova,97,338,64,66,1,Big East,Big East,1,8,,,,"NCAA Men's Tourn., National - National Final"
