id,date,start_et,season,season_type,tournament,status,home,away,home_id,away_id,home_points,away_points,neutral,home_conf,away_conf,home_seed,away_seed,venue,city,state,notes
320551,1991-11-19,,1992,regular,,final,Purdue,Ball State,236,19,56,48,,Big Ten,MAC,,,,,,
320552,1991-11-19,,1992,regular,,final,Boise State,Colorado State,25,57,67,78,,Big Sky,UAC,,,,,,
320553,1991-11-19,,1992,regular,,final,Oklahoma State,Evansville,218,82,86,57,,,Horizon,,,,,,
320554,1991-11-19,,1992,regular,,final,Georgia Tech,James Madison,101,129,93,69,,ACC,CAA,,,,,,
320555,1991-11-19,,1992,regular,,final,Kentucky,West Virginia,135,347,106,80,,SEC,A-10,,,,,,
320556,1991-11-19,,1992,regular,,final,Pittsburgh,Manhattan,229,155,72,61,,Big East,Metro,,,,,,
320557,1991-11-19,,1992,regular,,final,Princeton,Monmouth,234,178,58,47,,Ivy,NEC,,,,,,
320558,1991-11-19,,1992,regular,,final,Texas,Washington,295,343,104,83,,,Pac-12,,,,,,
320559,1991-11-20,,1992,regular,,final,Georgia Tech,Colorado State,101,57,84,67,,ACC,UAC,,,,,,
320560,1991-11-20,,1992,regular,,final,Kentucky,Pittsburgh,135,229,67,85,,SEC,Big East,,,,,,
320561,1991-11-20,,1992,regular,,final,Oklahoma State,Purdue,218,236,76,48,,,Big Ten,,,,,,
320562,1991-11-20,,1992,regular,,final,Texas,Princeton,295,234,57,46,,,Ivy,,,,,,
320565,1991-11-21,,1992,regular,,final,Cincinnati,Austin Peay,51,17,108,77,,,OVC,,,,,,
320566,1991-11-21,,1992,regular,,final,Butler,Cal State Northridge,34,38,82,67,,Horizon,Indep.,,,,,,
320567,1991-11-21,,1992,regular,,final,California,Nevada,40,189,91,73,,Pac-12,Big Sky,,,,,,
320568,1991-11-21,,1992,regular,,final,Idaho,Sacramento State,117,249,116,101,,Big Sky,Indep.,,,,,,
320570,1991-11-21,,1992,regular,,final,Centenary (LA),Grambling,367,103,105,103,,ASUN,SWAC,,,,,,
320571,1991-11-21,,1992,regular,,final,Yale,Colgate,360,55,64,61,,Ivy,Patriot,,,,,,
320572,1991-11-21,,1992,regular,,final,UConn,Hartford,314,363,76,46,,Big East,Am. East,,,,,,
320573,1991-11-21,,1992,regular,,final,UC Santa Barbara,Richmond,311,242,67,60,,Big West,CAA,,,,,,
320574,1991-11-21,,1992,regular,,final,NC State,Florida International,185,89,80,69,,ACC,ASUN,,,,,,
320575,1991-11-21,,1992,regular,,final,Fresno State,Santa Clara,92,261,79,68,,Big West,WCC,,,,,,
320576,1991-11-21,,1992,regular,,final,Lehigh,Harvard,141,107,86,74,,Patriot,Ivy,,,,,,
320577,1991-11-21,,1992,regular,,final,New Mexico,Idaho State,191,116,112,98,,UAC,Big Sky,,,,,,
320578,1991-11-21,,1992,regular,,final,Loyola Marymount,Morgan State,153,182,140,110,,WCC,MEAC,,,,,,
320579,1991-11-21,,1992,regular,,final,Stanford,Loyola Maryland,281,152,98,56,,Pac-12,Metro,,,,,,
320580,1991-11-21,,1992,regular,,final,LSU,UL Monroe,136,316,77,76,,SEC,Southland,,,,,,
320581,1991-11-21,,1992,regular,,final,Massachusetts,Siena,161,264,94,59,,A-10,Metro,,,,,,
320582,1991-11-21,,1992,regular,,final,Montana,Oregon,179,223,78,39,,Big Sky,Pac-12,,,,,,
320583,1991-11-21,,1992,regular,,final,Marquette,Prairie View A&M,157,232,98,55,,,SWAC,,,,,,
320584,1991-11-21,,1992,regular,,final,Mississippi State,Chattanooga,174,49,73,85,,SEC,SoCon,,,,,,
320585,1991-11-21,,1992,regular,,final,Providence,New Hampshire,235,190,92,73,,Big East,Am. East,,,,,,
320587,1991-11-21,,1992,regular,,final,San Diego,San Diego State,258,257,60,57,,WCC,UAC,,,,,,
320589,1991-11-21,,1992,regular,,final,South Florida,Stetson,271,283,91,75,,,ASUN,,,,,,
320590,1991-11-21,,1992,regular,,final,Seton Hall,St. Francis Brooklyn,263,364,99,78,,Big East,NEC,,,,,,
320591,1991-11-21,,1992,regular,,final,Tulane,Samford,303,256,75,48,,,ASUN,,,,,,
320592,1991-11-21,,1992,regular,,final,Texas State,SMU,297,248,59,63,,Southland,,,,,,,
320593,1991-11-21,,1992,regular,,final,Weber State,Saint Mary's,345,253,71,74,,Big Sky,WCC,,,,,,
320594,1991-11-21,,1992,regular,,final,Stephen F. Austin,Southern Utah,282,276,62,79,,Southland,Indep.,,,,,,
320595,1991-11-22,,1992,regular,,final,Air Force,Valparaiso,2,335,68,73,,UAC,Summit,,,,,,
320596,1991-11-22,,1992,regular,,final,Davidson,Alabama,63,5,59,76,,Big South,SEC,,,,,,
320598,1991-11-22,,1992,regular,,final,Little Rock,Alcorn State,144,7,82,74,,Sun Belt,SWAC,,,,,,
320599,1991-11-22,,1992,regular,,final,Cincinnati,American University,51,8,72,69,,,CAA,,,,,,
320600,1991-11-22,,1992,regular,,final,Cornell,Army,60,15,52,56,,Ivy,Patriot,,,,,,
320601,1991-11-22,,1992,regular,,final,Arkansas State,Middle Tennessee,13,171,60,61,,Sun Belt,OVC,,,,,,
320603,1991-11-22,,1992,regular,,final,Georgia Southern,Bethune-Cookman,99,23,111,73,,ASUN,MEAC,,,,,,
320604,1991-11-22,,1992,regular,,final,Saint Louis,Bradley,252,29,53,63,,,MVC,,,,,,
320605,1991-11-22,,1992,regular,,final,Canisius,Buffalo,42,33,77,55,,Metro,Indep.,,,,,,
320607,1991-11-22,,1992,regular,,final,Centenary (LA),TCU,367,287,72,74,,ASUN,,,,,,,
320608,1991-11-22,,1992,regular,,final,Charlotte,Charleston,48,46,54,68,,,Indep.,,,,,,
320609,1991-11-22,,1992,regular,,final,Detroit Mercy,Chicago State,69,50,81,82,,Horizon,Indep.,,,,,,
320610,1991-11-22,,1992,regular,,final,New Mexico,Duquesne,191,73,91,85,,UAC,A-10,,,,,,
320611,1991-11-22,,1992,regular,,final,Western Michigan,Fairleigh Dickinson,351,84,78,61,,MAC,NEC,,,,,,
320612,1991-11-22,,1992,regular,,final,Florida,Florida A&M,87,85,76,66,,SEC,MEAC,,,,,,
320614,1991-11-22,,1992,regular,,final,Hofstra,Navy,110,187,85,62,,,Patriot,,,,,,
320615,1991-11-22,,1992,regular,,final,Houston,Villanova,113,338,79,49,,,Big East,,,,,,
320616,1991-11-22,,1992,regular,,final,Louisville,Howard,150,114,102,73,,,MEAC,,,,,,
320617,1991-11-22,,1992,regular,,final,VCU,Illinois State,333,119,92,66,,,MVC,,,,,,
320618,1991-11-22,,1992,regular,,final,Iowa,Maryland Eastern Shore,124,159,101,48,,Big Ten,MEAC,,,,,,
320619,1991-11-22,,1992,regular,,final,Jacksonville,Pepperdine,127,228,64,84,,Sun Belt,WCC,,,,,,
320620,1991-11-22,,1992,regular,,final,Kansas,UMBC,131,317,122,58,,,,,,,,,
320621,1991-11-22,,1992,regular,,final,Kansas State,Texas A&M-San Antonio,132,583,103,65,,,,,,,,,
320622,1991-11-22,,1992,regular,,final,Loyola Marymount,Washington State,153,344,84,95,,WCC,Pac-12,,,,,,
320623,1991-11-22,,1992,regular,,final,Wisconsin,Loyola Chicago,355,151,89,67,,Big Ten,Horizon,,,,,,
320625,1991-11-22,,1992,regular,,final,Wyoming,Louisiana Tech,358,149,96,78,,UAC,Sun Belt,,,,,,
320626,1991-11-22,,1992,regular,,final,Northern Arizona,Maine-Farmington,206,1078,74,80,,Big Sky,,,,,,,
320627,1991-11-22,,1992,regular,,final,Maryland,Mount St. Mary's,160,183,83,53,,ACC,NEC,,,,,,
320628,1991-11-22,,1992,regular,,final,Mississippi Valley State,Oral Roberts,175,222,105,87,,SWAC,Indep.,,,,,,
320629,1991-11-22,,1992,regular,,final,Wake Forest,UNC Greensboro,342,320,87,59,,ACC,Indep.,,,,,,
320630,1991-11-22,,1992,regular,,final,Nebraska,Sam Houston,188,255,91,42,,MVC,Southland,,,,,,
320631,1991-11-22,,1992,regular,,final,St. John's,Niagara,279,194,73,64,,Big East,Metro,,,,,,
320632,1991-11-22,,1992,regular,,final,Louisiana,Northern Iowa,148,209,77,78,,Sun Belt,MVC,,,,,,
320633,1991-11-22,,1992,regular,,final,Rhode Island,Northeastern,240,205,102,72,,A-10,Am. East,,,,,,
320634,1991-11-22,,1992,regular,,final,Texas Tech,North Texas,298,204,75,81,,,Southland,,,,,,
320635,1991-11-22,,1992,regular,,final,Stanford,Rice,281,241,68,64,,Pac-12,,,,,,,
320636,1991-11-22,,1992,regular,,final,Rider,Wagner,243,341,62,65,,,NEC,,,,,,
320637,1991-11-22,,1992,regular,,final,Green Bay,Southeast Missouri State,105,272,82,54,,Summit,OVC,,,,,,
320638,1991-11-22,,1992,regular,,final,Utah,UT Arlington,331,324,58,57,,UAC,Southland,,,,,,
320639,1991-11-22,,1992,regular,,final,UTEP,Texas Southern,327,296,83,56,,UAC,SWAC,,,,,,
320640,1991-11-23,,1992,regular,,final,North Carolina,The Citadel,200,299,97,58,,ACC,SoCon,,,,,,
320641,1991-11-23,,1992,regular,,final,Southern Illinois,Cal State Northridge,273,38,73,67,,MVC,Indep.,,,,,,
320642,1991-11-23,,1992,regular,,final,Iowa State,Maryland Eastern Shore,125,159,114,59,,,MEAC,,,,,,
320643,1991-11-23,,1992,regular,,final,Monmouth,Vermont,178,337,72,65,,NEC,Am. East,,,,,,
320644,1991-11-23,,1992,regular,,final,San Diego State,Richmond,257,242,68,78,,UAC,CAA,,,,,,
320645,1991-11-24,,1992,regular,,final,App State,Georgia Southern,9,99,80,81,,SoCon,ASUN,,,,,,
320648,1991-11-24,,1992,regular,,final,Dayton,Austin Peay,64,17,101,94,,Horizon,OVC,,,,,,
320649,1991-11-24,,1992,regular,,final,Baylor,Texas A&M-San Antonio,20,583,79,73,,,,,,,,,
320650,1991-11-24,,1992,regular,,final,Stetson,Bethune-Cookman,283,23,106,85,,ASUN,MEAC,,,,,,
320651,1991-11-24,,1992,regular,,final,Bowling Green,Cleveland State,28,53,54,63,,MAC,Summit,,,,,,
320652,1991-11-24,,1992,regular,,final,Wyoming,Boise State,358,25,78,60,,UAC,Big Sky,,,,,,
320653,1991-11-24,,1992,regular,,final,California,Morgan State,40,182,97,50,,Pac-12,MEAC,,,,,,
320654,1991-11-24,,1992,regular,,final,Missouri,Canisius,177,42,72,42,,,Metro,,,,,,
320655,1991-11-24,,1992,regular,,final,Fresno State,Sacramento State,92,249,92,72,,Big West,Indep.,,,,,,
320656,1991-11-24,,1992,regular,,final,South Carolina State,Coastal Carolina,267,54,48,50,,MEAC,Big South,,,,,,
320657,1991-11-24,,1992,regular,,final,Cincinnati,Fairleigh Dickinson,51,84,75,58,,,NEC,,,,,,
320658,1991-11-24,,1992,regular,,final,Wake Forest,The Citadel,342,299,97,57,,ACC,SoCon,,,,,,
320659,1991-11-24,,1992,regular,,final,Evansville,Cal State Northridge,82,38,74,44,,Horizon,Indep.,,,,,,
320660,1991-11-24,,1992,regular,,final,Colorado,Towson,56,301,93,83,,,,,,,,,
320661,1991-11-24,,1992,regular,,final,Lehigh,Drexel,141,71,98,82,,Patriot,Am. East,,,,,,
320662,1991-11-24,,1992,regular,,final,Delaware State,Mount St. Mary's,67,183,81,78,,MEAC,NEC,,,,,,
320663,1991-11-24,,1992,regular,,final,Duke,East Carolina,72,74,103,75,,ACC,CAA,,,,,,
320664,1991-11-24,,1992,regular,,final,Eastern Illinois,Indiana State,77,122,59,50,,Summit,MVC,,,,,,
320665,1991-11-24,,1992,regular,,final,Tennessee,East Tennessee State,292,75,70,87,,SEC,SoCon,,,,,,
320666,1991-11-24,,1992,regular,,final,Cal State Fullerton,San Francisco,37,259,93,84,,Big West,WCC,,,,,,
320667,1991-11-24,,1992,regular,,final,UIC,Northeastern Illinois,315,390,77,67,,Summit,Indep.,,,,,,
320668,1991-11-24,,1992,regular,,final,Illinois,Penn State,118,226,60,65,,Big Ten,Indep.,,,,,,
320669,1991-11-24,,1992,regular,,final,Ole Miss,Jackson State,220,126,69,55,,SEC,SWAC,,,,,,
320670,1991-11-24,,1992,regular,,final,Lafayette,Vermont,138,337,51,69,,Patriot,Am. East,,,,,,
320672,1991-11-24,,1992,regular,,final,Charlotte,Long Beach State,48,145,72,49,,,Big West,,,,,,
320673,1991-11-24,,1992,regular,,final,Loyola Marymount,Loyola Maryland,153,152,101,87,,WCC,Metro,,,,,,
320674,1991-11-24,,1992,regular,,final,Loyola Chicago,Western Michigan,151,351,59,70,,Horizon,MAC,,,,,,
320675,1991-11-24,,1992,regular,,final,McNeese,SE Louisiana,162,246,91,87,,Southland,ASUN,,,,,,
320676,1991-11-24,,1992,regular,,final,UNC Greensboro,UNC Wilmington,320,321,68,66,,Indep.,CAA,,,,,,
320677,1991-11-24,,1992,regular,,final,Nebraska,USC,188,323,93,84,,MVC,Pac-12,,,,,,
320678,1991-11-24,,1992,regular,,final,Nicholls,Tulane,195,303,64,72,,Southland,,,,,,,
320679,1991-11-24,,1992,regular,,final,Texas Tech,Northern Illinois,298,208,82,68,,,Summit,,,,,,
320680,1991-11-24,,1992,regular,,final,New Mexico State,Texas Southern,192,296,101,78,,Big West,SWAC,,,,,,
320681,1991-11-24,,1992,regular,,final,Oklahoma State,Tennessee State,218,290,89,58,,,OVC,,,,,,
320682,1991-11-24,,1992,regular,,final,Texas A&M,Prairie View A&M,293,232,83,56,,,SWAC,,,,,,
320683,1991-11-24,,1992,regular,,final,Wichita State,Rider,352,243,78,39,,MVC,,,,,,,
320684,1991-11-24,,1992,regular,,final,San Diego,SMU,258,248,75,68,,WCC,,,,,,,
320685,1991-11-24,,1992,regular,,final,Wisconsin,Southeast Missouri State,355,272,82,71,,Big Ten,OVC,,,,,,
320686,1991-11-24,,1992,regular,,final,Vanderbilt,Tennessee Tech,336,291,96,89,,SEC,OVC,,,,,,
320687,1991-11-24,,1992,regular,,final,Chattanooga,Milwaukee,49,172,85,80,,SoCon,Indep.,,,,,,
320688,1991-11-24,,1992,regular,,final,Virginia,William & Mary,339,353,78,43,,ACC,CAA,,,,,,
320689,1991-11-25,,1992,regular,,final,South Florida,Alcorn State,271,7,104,84,,,SWAC,,,,,,
320690,1991-11-25,,1992,regular,,final,Alabama State,Samford,6,256,75,65,,SWAC,ASUN,,,,,,
320691,1991-11-25,,1992,regular,,final,Kansas,Little Rock,131,144,91,80,,,Sun Belt,,,,,,
320692,1991-11-25,,1992,regular,,final,Missouri State,Arkansas State,176,13,70,69,,MVC,Sun Belt,,,,,,
320694,1991-11-25,,1992,regular,,final,Baylor,Sam Houston,20,255,99,60,,,Southland,,,,,,
320695,1991-11-25,,1992,regular,,final,Boston College,Brown,26,30,99,67,,Big East,Ivy,,,,,,
320696,1991-11-25,,1992,regular,,final,Boston University,Harvard,27,107,85,84,,Am. East,Ivy,,,,,,
320697,1991-11-25,,1992,regular,,final,Bradley,Chicago State,29,50,79,64,,MVC,Indep.,,,,,,
320698,1991-11-25,,1992,regular,,final,Bucknell,UMBC,32,317,97,83,,Patriot,,,,,,,
320699,1991-11-25,,1992,regular,,final,Notre Dame,Butler,213,34,60,67,,Indep.,Horizon,,,,,,
320700,1991-11-25,,1992,regular,,final,Utah State,BYU,329,18,66,82,,Big West,UAC,,,,,,
320701,1991-11-25,,1992,regular,,final,Central Connecticut,Long Island University,44,146,107,103,,Indep.,NEC,,,,,,
320702,1991-11-25,,1992,regular,,final,Manhattan,Columbia,155,58,94,81,,Metro,Ivy,,,,,,
320703,1991-11-25,,1992,regular,,final,Coppin State,Winthrop,59,354,76,68,,MEAC,Big South,,,,,,
320704,1991-11-25,,1992,regular,,final,Syracuse,Cornell,286,60,78,71,,Big East,Ivy,,,,,,
320705,1991-11-25,,1992,regular,,final,Iowa State,Creighton,125,61,92,75,,,MVC,,,,,,
320706,1991-11-25,,1992,regular,,final,Detroit Mercy,Valparaiso,69,335,82,65,,Horizon,Summit,,,,,,
320707,1991-11-25,,1992,regular,,final,Duquesne,Iona,73,123,90,81,,A-10,Metro,,,,,,
320708,1991-11-25,,1992,regular,,final,Portland,Eastern Washington,230,80,103,89,,WCC,Big Sky,,,,,,
320709,1991-11-25,,1992,regular,,final,Florida,Howard,87,114,74,60,,SEC,MEAC,,,,,,
320710,1991-11-25,,1992,regular,,final,Rhode Island,Fordham,240,91,62,56,,A-10,Patriot,,,,,,
320711,1991-11-25,,1992,regular,,final,Florida State,Jacksonville,90,127,100,91,,ACC,Sun Belt,,,,,,
320712,1991-11-25,,1992,regular,,final,George Mason,Monmouth,95,178,51,54,,CAA,NEC,,,,,,
320713,1991-11-25,,1992,regular,,final,Georgia,Mercer,98,164,84,64,,SEC,ASUN,,,,,,
320715,1991-11-25,,1992,regular,,final,Weber State,Gonzaga,345,102,79,77,,Big Sky,WCC,,,,,,
320716,1991-11-25,,1992,regular,,final,Iowa,Western Illinois,124,349,95,58,,Big Ten,Summit,,,,,,
320717,1991-11-25,,1992,regular,,final,Maryland,Maryland Eastern Shore,160,159,115,60,,ACC,MEAC,,,,,,
320719,1991-11-25,,1992,regular,,final,Ohio State,Miami (OH),216,167,94,61,,Big Ten,MAC,,,,,,
320720,1991-11-25,,1992,regular,,final,San José State,Montana,260,179,51,72,,Big West,Big Sky,,,,,,
320722,1991-11-25,,1992,regular,,final,Western Carolina,UNC Asheville,348,319,100,85,,SoCon,Big South,,,,,,
320723,1991-11-25,,1992,regular,,final,New Hampshire,Yale,190,360,74,76,,Am. East,Ivy,,,,,,
320724,1991-11-25,,1992,regular,,final,Oregon State,New Orleans,224,193,79,58,,Pac-12,Sun Belt,,,,,,
320725,1991-11-25,,1992,regular,,final,Niagara,St. Francis Brooklyn,194,364,79,59,,Metro,NEC,,,,,,
320726,1991-11-25,,1992,regular,,final,South Carolina,Oklahoma,266,217,60,61,,SEC,,,,,,,
320728,1991-11-25,,1992,regular,,final,Pacific,Nevada,225,189,78,62,,Big West,Big Sky,,,,,,
320729,1991-11-25,,1992,regular,,final,VCU,Radford,333,239,97,83,,,Big South,,,,,,
320730,1991-11-25,,1992,regular,,final,Stephen F. Austin,Oral Roberts,282,222,86,80,,Southland,Indep.,,,,,,
320731,1991-11-25,,1992,regular,,final,Wagner,St. Bonaventure,341,277,60,59,,NEC,A-10,,,,,,
320732,1991-11-25,,1992,regular,,final,TCU,Tulsa,287,304,94,81,,,MVC,,,,,,
320733,1991-11-25,,1992,regular,,final,Toledo,Green Bay,300,105,45,73,,MAC,Summit,,,,,,
320734,1991-11-26,,1992,regular,,final,Alabama,Tennessee Tech,5,291,105,85,,SEC,OVC,,,,,,
320735,1991-11-26,,1992,regular,,final,UAB,Mississippi Valley State,305,175,93,62,,,SWAC,,,,,,
320738,1991-11-26,,1992,regular,,final,Penn State,Buffalo,226,33,89,62,,Indep.,Indep.,,,,,,
320739,1991-11-26,,1992,regular,,final,Sacramento State,Northern Arizona,249,206,80,86,,Indep.,Big Sky,,,,,,
320740,1991-11-26,,1992,regular,,final,Stetson,Delaware,283,66,85,103,,ASUN,Am. East,,,,,,
320742,1991-11-26,,1992,regular,,final,Hofstra,Lehigh,110,141,97,87,,,Patriot,,,,,,
320743,1991-11-26,,1992,regular,,final,Houston,North Carolina,113,200,65,68,,,ACC,,,,,,
320744,1991-11-26,,1992,regular,,final,Illinois State,UIC,119,315,72,64,,MVC,Summit,,,,,,
320746,1991-11-26,,1992,regular,,final,LSU,Middle Tennessee,136,171,96,65,,SEC,OVC,,,,,,
320747,1991-11-26,,1992,regular,,final,UNC Greensboro,Morehead State,320,181,67,87,,Indep.,OVC,,,,,,
320748,1991-11-26,,1992,regular,,final,New Mexico,Texas Tech,191,298,56,58,,UAC,,,,,,,
320749,1991-11-26,,1992,regular,,final,New Mexico State,Southern Utah,192,276,87,80,,Big West,Indep.,,,,,,
320751,1991-11-26,,1992,regular,,final,Tulane,Prairie View A&M,303,232,120,54,,,SWAC,,,,,,
320752,1991-11-26,,1992,regular,,final,South Alabama,Southern Miss,265,275,75,81,,Sun Belt,,,,,,,
320753,1991-11-26,,1992,regular,,final,Western Kentucky,Southern Illinois,350,273,64,73,,Sun Belt,MVC,,,,,,
320754,1991-11-27,,1992,regular,,final,Marquette,Northern Illinois,157,208,76,71,,,Summit,,,,,,
320755,1991-11-27,,1992,regular,,final,Oral Roberts,Tennessee State,222,290,96,85,,Indep.,OVC,,,,,,
320756,1991-11-28,,1992,regular,,final,UAB,Auburn,305,16,88,74,,,SEC,,,,,,
320762,1991-11-28,,1992,regular,,final,UCF,Campbell,312,41,82,74,,Sun Belt,Big South,,,,,,
320765,1991-11-28,,1992,regular,,final,Southeast Missouri State,Cleveland State,272,53,80,88,,OVC,Summit,,,,,,
320766,1991-11-28,,1992,regular,,final,Cal State Northridge,Northern Arizona,38,206,71,74,,Indep.,Big Sky,,,,,,
320767,1991-11-28,,1992,regular,,final,UConn,Yale,314,360,79,55,,Big East,Ivy,,,,,,
320768,1991-11-28,,1992,regular,,final,San Diego,UC Santa Barbara,258,311,53,58,,WCC,Big West,,,,,,
320770,1991-11-28,,1992,regular,,final,Memphis,DePaul,163,65,89,92,,,,,,,,,
320772,1991-11-28,,1992,regular,,final,Siena,Fordham,264,91,69,90,,Metro,Patriot,,,,,,
320773,1991-11-28,,1992,regular,,final,Fresno State,Northeastern,92,205,84,70,,Big West,Am. East,,,,,,
320774,1991-11-28,,1992,regular,,final,Hawai'i,Montana State,108,180,71,55,,UAC,Big Sky,,,,,,
320777,1991-11-28,,1992,regular,,final,Nevada,Loyola Marymount,189,153,120,116,,Big Sky,WCC,,,,,,
320780,1991-11-28,,1992,regular,,final,Louisiana,Ole Miss,148,220,96,87,,Sun Belt,SEC,,,,,,
320782,1991-11-28,,1992,regular,,final,Montana,SE Louisiana,179,246,89,47,,Big Sky,ASUN,,,,,,
320784,1991-11-28,,1992,regular,,final,St. John's,UNC Wilmington,279,321,75,57,,Big East,CAA,,,,,,
320785,1991-11-28,,1992,regular,,final,Virginia,Penn State (Beaver),339,1353,87,58,,ACC,,,,,,,
320786,1991-11-28,,1992,regular,,final,Richmond,Virginia Tech,242,340,84,51,,CAA,,,,,,,
320788,1991-11-28,,1992,regular,,final,San José State,Utah,260,331,57,75,,Big West,UAC,,,,,,
320789,1991-11-28,,1992,regular,,final,Weber State,VMI,345,334,83,65,,Big Sky,SoCon,,,,,,
320790,1991-11-29,,1992,regular,,final,Samford,Air Force,256,2,51,44,,ASUN,UAC,,,,,,
320791,1991-11-29,,1992,regular,,final,Akron,Mississippi Valley State,3,175,80,65,,Summit,SWAC,,,,,,
320792,1991-11-29,,1992,regular,,final,Maryland,American University,160,8,93,68,,ACC,CAA,,,,,,
320793,1991-11-29,,1992,regular,,final,East Carolina,App State,74,9,79,76,,CAA,SoCon,,,,,,
320794,1991-11-29,,1992,regular,,final,Hawai'i,Arizona,108,11,71,85,,UAC,Pac-12,,,,,,
320795,1991-11-29,,1992,regular,,final,Arkansas State,Little Rock,13,144,65,60,,Sun Belt,Sun Belt,,,,,,
320798,1991-11-29,,1992,regular,,final,Detroit Mercy,Bowling Green,69,28,74,71,,Horizon,MAC,,,,,,
320799,1991-11-29,,1992,regular,,final,Boston College,Brooklyn,26,414,77,53,,Big East,,,,,,,
320800,1991-11-29,,1992,regular,,final,Pepperdine,Boise State,228,25,70,48,,WCC,Big Sky,,,,,,
320801,1991-11-29,,1992,regular,,final,Bradley,Chattanooga,29,49,66,65,,MVC,SoCon,,,,,,
320802,1991-11-29,,1992,regular,,final,St. Francis (PA),Buffalo,278,33,84,55,,NEC,Indep.,,,,,,
320803,1991-11-29,,1992,regular,,final,Indiana,Butler,121,34,97,73,,Big Ten,Horizon,,,,,,
320806,1991-11-29,,1992,regular,,final,USC,Sacramento State,323,249,107,94,,Pac-12,Indep.,,,,,,
320808,1991-11-29,,1992,regular,,final,St. Bonaventure,Central Connecticut,277,44,82,78,,A-10,Indep.,,,,,,
320809,1991-11-29,,1992,regular,,final,UCF,Delaware,312,66,79,92,,Sun Belt,Am. East,,,,,,
320810,1991-11-29,,1992,regular,,final,Ohio State,Chicago State,216,50,116,44,,Big Ten,Indep.,,,,,,
320811,1991-11-29,,1992,regular,,final,Cincinnati,Miami (OH),51,167,82,62,,,MAC,,,,,,
320812,1991-11-29,,1992,regular,,final,Weber State,The Citadel,345,299,108,74,,Big Sky,SoCon,,,,,,
320813,1991-11-29,,1992,regular,,final,Clemson,Morehead State,52,181,114,69,,ACC,OVC,,,,,,
320814,1991-11-29,,1992,regular,,final,Xavier,Colgate,359,55,94,65,,Horizon,Patriot,,,,,,
320815,1991-11-29,,1992,regular,,final,Northwestern,Columbia,212,58,78,60,,Big Ten,Ivy,,,,,,
320817,1991-11-29,,1992,regular,,final,Stanford,Colorado,281,56,71,58,,Pac-12,,,,,,,
320818,1991-11-29,,1992,regular,,final,Dartmouth,Hartford,62,363,53,55,,Ivy,Am. East,,,,,,
320820,1991-11-29,,1992,regular,,final,St. John's,Drexel,279,71,81,61,,Big East,Am. East,,,,,,
320821,1991-11-29,,1992,regular,,final,Wichita State,Delaware State,352,67,78,68,,MVC,MEAC,,,,,,
320822,1991-11-29,,1992,regular,,final,Duke,Harvard,72,107,118,65,,ACC,Ivy,,,,,,
320823,1991-11-29,,1992,regular,,final,Northeastern Illinois,Eastern Illinois,390,77,75,84,,Indep.,Summit,,,,,,
320826,1991-11-29,,1992,regular,,final,East Tennessee State,Oral Roberts,75,222,109,93,,SoCon,Indep.,,,,,,
320827,1991-11-29,,1992,regular,,final,Fresno State,Gonzaga,92,102,77,76,,Big West,WCC,,,,,,
320828,1991-11-29,,1992,regular,,final,Wake Forest,Fairfield,342,83,91,62,,ACC,Metro,,,,,,
320829,1991-11-29,,1992,regular,,final,Furman,Mercer,93,164,85,74,,SoCon,ASUN,,,,,,
320830,1991-11-29,,1992,regular,,final,George Washington,Monmouth,96,178,66,51,,A-10,NEC,,,,,,
320831,1991-11-29,,1992,regular,,final,Georgia Southern,Tennessee Tech,99,291,103,86,,ASUN,OVC,,,,,,
320832,1991-11-29,,1992,regular,,final,Hofstra,Manhattan,110,155,81,79,,,Metro,,,,,,
320833,1991-11-29,,1992,regular,,final,Western Michigan,Holy Cross,351,111,78,65,,MAC,Patriot,,,,,,
320834,1991-11-29,,1992,regular,,final,Houston,North Texas,113,204,89,87,,,Southland,,,,,,
320835,1991-11-29,,1992,regular,,final,Minnesota,Howard,173,114,95,54,,Big Ten,MEAC,,,,,,
320836,1991-11-29,,1992,regular,,final,Illinois,UL Monroe,118,316,95,70,,Big Ten,Southland,,,,,,
320837,1991-11-29,,1992,regular,,final,Iona,Rhode Island,123,240,76,81,,Metro,A-10,,,,,,
320838,1991-11-29,,1992,regular,,final,Jacksonville,Long Island University,127,146,97,82,,Sun Belt,NEC,,,,,,
320839,1991-11-29,,1992,regular,,final,Jackson State,South Alabama,126,265,84,91,,SWAC,Sun Belt,,,,,,
320840,1991-11-29,,1992,regular,,final,Princeton,Lafayette,234,138,72,49,,Ivy,Patriot,,,,,,
320841,1991-11-29,,1992,regular,,final,Richmond,La Salle,242,137,78,63,,CAA,Metro,,,,,,
320842,1991-11-29,,1992,regular,,final,UCLA,Long Beach State,313,145,68,57,,Pac-12,Big West,,,,,,
320843,1991-11-29,,1992,regular,,final,Liberty,Maryland Eastern Shore,142,159,90,65,,Big South,MEAC,,,,,,
320844,1991-11-29,,1992,regular,,final,UNLV,LSU,322,136,76,55,,Big West,SEC,,,,,,
320846,1991-11-29,,1992,regular,,final,Morgan State,Radford,182,239,60,95,,MEAC,Big South,,,,,,
320848,1991-11-29,,1992,regular,,final,Montana,UT Arlington,179,324,73,68,,Big Sky,Southland,,,,,,
320849,1991-11-29,,1992,regular,,final,Missouri,Texas A&M,177,293,77,47,,,,,,,,,
320850,1991-11-29,,1992,regular,,final,Louisiana,Mississippi State,148,174,77,86,,Sun Belt,SEC,,,,,,
320851,1991-11-29,,1992,regular,,final,Murray State,Southern Illinois,184,273,98,109,,OVC,MVC,,,,,,
320852,1991-11-29,,1992,regular,,final,William & Mary,Navy,353,187,82,77,,CAA,Patriot,,,,,,
320853,1991-11-29,,1992,regular,,final,Syracuse,UNC Asheville,286,319,83,68,,Big East,Big South,,,,,,
320854,1991-11-29,,1992,regular,,final,Vermont,UNC Greensboro,337,320,72,52,,Am. East,Indep.,,,,,,
320855,1991-11-29,,1992,regular,,final,NC State,Western Carolina,185,348,101,79,,ACC,SoCon,,,,,,
320857,1991-11-29,,1992,regular,,final,Southern Utah,Nebraska,276,188,101,106,,Indep.,MVC,,,,,,
320858,1991-11-29,,1992,regular,,final,New Mexico,New Mexico State,191,192,73,80,,UAC,Big West,,,,,,
320859,1991-11-29,,1992,regular,,final,Southeast Missouri State,Nicholls,272,195,76,73,,OVC,Southland,,,,,,
320860,1991-11-29,,1992,regular,,final,Youngstown State,Ohio,361,215,62,72,,Indep.,MAC,,,,,,
320861,1991-11-29,,1992,regular,,final,Old Dominion,South Florida,219,271,71,90,,CAA,,,,,,,
320862,1991-11-29,,1992,regular,,final,Portland,Wisconsin,230,355,87,96,,WCC,Big Ten,,,,,,
320863,1991-11-29,,1992,regular,,final,Rutgers,Wagner,245,341,91,70,,A-10,NEC,,,,,,
320864,1991-11-29,,1992,regular,,final,Wyoming,Sam Houston,358,255,85,70,,UAC,Southland,,,,,,
320865,1991-11-29,,1992,regular,,final,Winthrop,South Carolina State,354,267,56,74,,Big South,MEAC,,,,,,
320867,1991-11-29,,1992,regular,,final,Saint Joseph's,South Carolina,251,266,67,81,,A-10,SEC,,,,,,
320868,1991-11-29,,1992,regular,,final,SMU,Vanderbilt,248,336,55,67,,,SEC,,,,,,
320870,1991-11-29,,1992,regular,,final,Texas Southern,Green Bay,296,105,46,66,,SWAC,Summit,,,,,,
320871,1991-11-29,,1992,regular,,final,Texas Pan American,Texas Tech,1535,298,63,71,,,,,,,,,
320872,1991-11-29,,1992,regular,,final,UC Irvine,San Diego State,308,257,79,64,,Big West,UAC,,,,,,
320873,1991-11-29,,1992,regular,,final,North Carolina,Towson,200,301,98,88,,ACC,,,,,,,
320874,1991-11-30,,1992,regular,,final,Alabama,Virginia,5,339,80,69,,SEC,ACC,,,,,,
320875,1991-11-30,,1992,regular,,final,Providence,Brown,235,30,69,71,,Big East,Ivy,,,,,,
320876,1991-11-30,,1992,regular,,final,Georgia,Bucknell,98,32,93,90,,SEC,Patriot,,,,,,
320878,1991-11-30,,1992,regular,,final,North Carolina,Cornell,200,60,109,66,,ACC,Ivy,,,,,,
320884,1991-12-01,,1992,regular,,final,Nicholls,Air Force,195,2,75,74,,Southland,UAC,,,,,,
320885,1991-12-01,,1992,regular,,final,Alcorn State,North Texas,7,204,102,98,,SWAC,Southland,,,,,,
320887,1991-12-01,,1992,regular,,final,American University,Penn State,8,226,65,77,,CAA,Indep.,,,,,,
320888,1991-12-01,,1992,regular,,final,App State,Charlotte,9,48,68,83,,SoCon,,,,,,,
320889,1991-12-01,,1992,regular,,final,Valparaiso,Baylor,335,20,68,77,,Summit,,,,,,,
320890,1991-12-01,,1992,regular,,final,Boston College,New Hampshire,26,190,123,78,,Big East,Am. East,,,,,,
320891,1991-12-01,,1992,regular,,final,UC Santa Barbara,Sacramento State,311,249,101,65,,Big West,Indep.,,,,,,
320892,1991-12-01,,1992,regular,,final,UCF,Long Island University,312,146,113,84,,Sun Belt,NEC,,,,,,
320893,1991-12-01,,1992,regular,,final,North Carolina A&T,Charleston,198,46,71,55,,MEAC,Indep.,,,,,,
320894,1991-12-01,,1992,regular,,final,Nebraska,The Citadel,188,299,84,61,,MVC,SoCon,,,,,,
320895,1991-12-01,,1992,regular,,final,Clemson,Oral Roberts,52,222,96,76,,ACC,Indep.,,,,,,
320896,1991-12-01,,1992,regular,,final,UConn,Wake Forest,314,342,84,75,,Big East,ACC,,,,,,
320897,1991-12-01,,1992,regular,,final,Creighton,Colorado State,61,57,62,56,,MVC,UAC,,,,,,
320898,1991-12-01,,1992,regular,,final,William & Mary,Davidson,353,63,70,69,,CAA,Big South,,,,,,
320899,1991-12-01,,1992,regular,,final,Detroit Mercy,Michigan,69,170,74,100,,Horizon,Big Ten,,,,,,
320900,1991-12-01,,1992,regular,,final,Fairleigh Dickinson,UNC Greensboro,84,320,73,59,,NEC,Indep.,,,,,,
320901,1991-12-01,,1992,regular,,final,Jacksonville,Florida,127,87,77,80,,Sun Belt,SEC,,,,,,
320902,1991-12-01,,1992,regular,,final,South Carolina,Furman,266,93,69,49,,SEC,SoCon,,,,,,
320903,1991-12-01,,1992,regular,,final,Northwestern State,Grambling,211,103,123,73,,Southland,SWAC,,,,,,
320904,1991-12-01,,1992,regular,,final,Western Kentucky,UIC,350,315,80,78,,Sun Belt,Summit,,,,,,
320905,1991-12-01,,1992,regular,,final,Loyola Chicago,Illinois State,151,119,71,58,,Horizon,MVC,,,,,,
320906,1991-12-01,,1992,regular,,final,Indiana State,Purdue,122,236,65,81,,MVC,Big Ten,,,,,,
320907,1991-12-01,,1992,regular,,final,Iona,Old Dominion,123,219,86,71,,Metro,CAA,,,,,,
320908,1991-12-01,,1992,regular,,final,James Madison,Maryland Eastern Shore,129,159,84,57,,CAA,MEAC,,,,,,
320909,1991-12-01,,1992,regular,,final,SE Louisiana,Louisiana Tech,246,149,75,99,,ASUN,Sun Belt,,,,,,
320910,1991-12-01,,1992,regular,,final,Minnesota,Youngstown State,173,361,98,59,,Big Ten,Indep.,,,,,,
320911,1991-12-01,,1992,regular,,final,Siena,Marist,264,156,80,63,,Metro,NEC,,,,,,
320912,1991-12-01,,1992,regular,,final,Robert Morris,Marshall,244,158,85,61,,NEC,SoCon,,,,,,
320913,1991-12-01,,1992,regular,,final,Toledo,Mississippi Valley State,300,175,62,44,,MAC,SWAC,,,,,,
320915,1991-12-01,,1992,regular,,final,Northwestern,Vanderbilt,212,336,83,81,,Big Ten,SEC,,,,,,
320916,1991-12-01,,1992,regular,,final,Prairie View A&M,Rice,232,241,60,96,,SWAC,,,,,,,
320917,1991-12-01,,1992,regular,,final,West Virginia,Radford,347,239,83,49,,A-10,Big South,,,,,,
320918,1991-12-01,,1992,regular,,final,Southeast Missouri State,Texas Pan American,272,1535,85,56,,OVC,,,,,,,
320919,1991-12-01,,1992,regular,,final,Xavier,Samford,359,256,75,59,,Horizon,ASUN,,,,,,
320920,1991-12-01,,1992,regular,,final,USC,Saint Louis,323,252,76,60,,Pac-12,,,,,,,
320921,1991-12-01,,1992,regular,,final,Colorado,UC Irvine,56,308,73,70,,,Big West,,,,,,
320922,1991-12-01,,1992,regular,,final,Western Illinois,Milwaukee,349,172,84,98,,Summit,Indep.,,,,,,
320923,1991-12-02,,1992,regular,,final,Kent State,Akron,134,3,55,53,,MAC,Summit,,,,,,
320924,1991-12-02,,1992,regular,,final,Alabama,Chattanooga,5,49,76,61,,SEC,SoCon,,,,,,
320925,1991-12-02,,1992,regular,,final,Monmouth,Army,178,15,64,37,,NEC,Patriot,,,,,,
320926,1991-12-02,,1992,regular,,final,Houston,Arkansas State,113,13,72,54,,,Sun Belt,,,,,,
320927,1991-12-02,,1992,regular,,final,Arizona State,Idaho State,10,116,69,59,,Pac-12,Big Sky,,,,,,
320928,1991-12-02,,1992,regular,,final,Evansville,Austin Peay,82,17,98,78,,Horizon,OVC,,,,,,
320929,1991-12-02,,1992,regular,,final,Ball State,Mississippi State,19,174,81,52,,MAC,SEC,,,,,,
320930,1991-12-02,,1992,regular,,final,Wright State,Bowling Green,357,28,82,76,,Summit,MAC,,,,,,
320931,1991-12-02,,1992,regular,,final,Brooklyn,Morgan State,414,182,80,66,,,MEAC,,,,,,
320932,1991-12-02,,1992,regular,,final,Butler,Cal State Fullerton,34,37,100,83,,Horizon,Big West,,,,,,
320933,1991-12-02,,1992,regular,,final,California,San Francisco,40,259,73,80,,Pac-12,WCC,,,,,,
320934,1991-12-02,,1992,regular,,final,Cincinnati,Cleveland State,51,53,91,56,,,Summit,,,,,,
320935,1991-12-02,,1992,regular,,final,Coppin State,Maine-Farmington,59,1078,66,69,,MEAC,,,,,,,
320936,1991-12-02,,1992,regular,,final,Iowa,Drake,124,70,83,56,,Big Ten,MVC,,,,,,
320937,1991-12-02,,1992,regular,,final,Saint Joseph's,Drexel,251,71,94,79,,A-10,Am. East,,,,,,
320938,1991-12-02,,1992,regular,,final,Missouri,Florida A&M,177,85,86,61,,,MEAC,,,,,,
320941,1991-12-02,,1992,regular,,final,Hartford,George Washington,363,96,77,81,,Am. East,A-10,,,,,,
320942,1991-12-02,,1992,regular,,final,Illinois,Tennessee State,118,290,78,56,,Big Ten,OVC,,,,,,
320943,1991-12-02,,1992,regular,,final,Indiana,Notre Dame,121,213,78,46,,Big Ten,Indep.,,,,,,
320944,1991-12-02,,1992,regular,,final,Lafayette,Yale,138,360,76,83,,Patriot,Ivy,,,,,,
320945,1991-12-02,,1992,regular,,final,Towson,Lehigh,301,141,99,97,,,Patriot,,,,,,
320946,1991-12-02,,1992,regular,,final,Loyola Marymount,Pacific,153,225,96,80,,WCC,Big West,,,,,,
320947,1991-12-02,,1992,regular,,final,Loyola Maryland,Manhattan,152,155,75,79,,Metro,Metro,,,,,,
320948,1991-12-02,,1992,regular,,final,Memphis,Murray State,163,184,78,54,,,OVC,,,,,,
320949,1991-12-02,,1992,regular,,final,New Mexico State,UTEP,192,327,71,78,,Big West,UAC,,,,,,
320950,1991-12-02,,1992,regular,,final,Penn State (Beaver),Temple,1353,289,65,69,,,A-10,,,,,,
320951,1991-12-02,,1992,regular,,final,Princeton,Rutgers,234,245,41,46,,Ivy,A-10,,,,,,
320952,1991-12-02,,1992,regular,,final,Southern Miss,Louisiana,275,148,83,65,,,Sun Belt,,,,,,
320953,1991-12-02,,1992,regular,,final,Wisconsin,SMU,355,248,64,66,,Big Ten,,,,,,,
320954,1991-12-02,,1992,regular,,final,Pepperdine,Nevada,228,189,93,72,,WCC,Big Sky,,,,,,
320955,1991-12-02,,1992,regular,,final,Utah State,Utah,329,331,62,71,,Big West,UAC,,,,,,
320956,1991-12-03,,1992,regular,,final,UAB,Prairie View A&M,305,232,110,49,,,SWAC,,,,,,
320957,1991-12-03,,1992,regular,,final,Arkansas,Bethune-Cookman,12,23,128,46,,SEC,MEAC,,,,,,
320958,1991-12-03,,1992,regular,,final,Little Rock,Grambling,144,103,83,67,,Sun Belt,SWAC,,,,,,
320959,1991-12-03,,1992,regular,,final,Texas A&M,Auburn,293,16,83,86,,,SEC,,,,,,
320960,1991-12-03,,1992,regular,,final,Long Island University,Boston University,146,27,86,83,,NEC,Am. East,,,,,,
320961,1991-12-03,,1992,regular,,final,Brown,Rhode Island,30,240,58,88,,Ivy,A-10,,,,,,
320962,1991-12-03,,1992,regular,,final,Mount St. Mary's,Bucknell,183,32,67,97,,NEC,Patriot,,,,,,
320963,1991-12-03,,1992,regular,,final,Central Connecticut,Fairleigh Dickinson,44,84,91,104,,Indep.,NEC,,,,,,
320964,1991-12-03,,1992,regular,,final,Central Michigan,Chicago State,45,50,92,75,,MAC,Indep.,,,,,,
320965,1991-12-03,,1992,regular,,final,Long Beach State,Cal State Northridge,145,38,76,67,,Big West,Indep.,,,,,,
320966,1991-12-03,,1992,regular,,final,Florida,Charleston Southern,87,47,57,52,,SEC,Big South,,,,,,
320967,1991-12-03,,1992,regular,,final,New Hampshire,Dartmouth,190,62,56,48,,Am. East,Ivy,,,,,,
320968,1991-12-03,,1992,regular,,final,DePaul,Northeastern Illinois,65,390,100,77,,,Indep.,,,,,,
320969,1991-12-03,,1992,regular,,final,Eastern Kentucky,Western Kentucky,78,350,62,64,,OVC,Sun Belt,,,,,,
320970,1991-12-03,,1992,regular,,final,Hofstra,Fordham,110,91,64,82,,,Patriot,,,,,,
320971,1991-12-03,,1992,regular,,final,Virginia Tech,George Mason,340,95,76,64,,,CAA,,,,,,
320972,1991-12-03,,1992,regular,,final,Gonzaga,USC,102,323,60,77,,WCC,Pac-12,,,,,,
320973,1991-12-03,,1992,regular,,final,Holy Cross,Harvard,111,107,100,75,,Patriot,Ivy,,,,,,
320974,1991-12-03,,1992,regular,,final,Howard,Northeastern,114,205,67,71,,MEAC,Am. East,,,,,,
320975,1991-12-03,,1992,regular,,final,Jackson State,North Texas,126,204,81,80,,SWAC,Southland,,,,,,
320976,1991-12-03,,1992,regular,,final,Kentucky,Massachusetts,135,161,90,69,,SEC,A-10,,,,,,
320978,1991-12-03,,1992,regular,,final,Kansas City,Texas Pan American,130,1535,92,80,,Indep.,,,,,,,
320979,1991-12-03,,1992,regular,,final,Montana,Portland,179,230,98,68,,Big Sky,WCC,,,,,,
320980,1991-12-03,,1992,regular,,final,Michigan State,Nebraska,169,188,101,78,,Big Ten,MVC,,,,,,
320981,1991-12-03,,1992,regular,,final,William & Mary,UNC Greensboro,353,320,73,79,,CAA,Indep.,,,,,,
320982,1991-12-03,,1992,regular,,final,Oklahoma State,New Orleans,218,193,63,55,,,Sun Belt,,,,,,
320983,1991-12-03,,1992,regular,,final,St. Bonaventure,Niagara,277,194,79,64,,A-10,Metro,,,,,,
320984,1991-12-03,,1992,regular,,final,Xavier,Northern Illinois,359,208,77,74,,Horizon,Summit,,,,,,
320985,1991-12-03,,1992,regular,,final,Tulane,Northwestern,303,212,83,79,,,Big Ten,,,,,,
320986,1991-12-03,,1992,regular,,final,Ohio State,Ohio,216,215,78,62,,Big Ten,MAC,,,,,,
320987,1991-12-03,,1992,regular,,final,Pittsburgh,St. Francis (PA),229,278,84,68,,Big East,NEC,,,,,,
320988,1991-12-03,,1992,regular,,final,VMI,Radford,334,239,79,69,,SoCon,Big South,,,,,,
320989,1991-12-03,,1992,regular,,final,VCU,Richmond,333,242,73,70,,,CAA,,,,,,
320990,1991-12-03,,1992,regular,,final,Rice,Sam Houston,241,255,78,51,,,Southland,,,,,,
320991,1991-12-03,,1992,regular,,final,Stephen F. Austin,San Diego,282,258,70,47,,Southland,WCC,,,,,,
320992,1991-12-03,,1992,regular,,final,Valparaiso,Toledo,335,300,61,58,,Summit,MAC,,,,,,
320993,1991-12-03,,1992,regular,,final,Seton Hall,North Carolina,263,200,54,83,,Big East,ACC,,,,,,
320994,1991-12-04,,1992,regular,,final,Alcorn State,Tennessee State,7,290,84,74,,SWAC,OVC,,,,,,
320995,1991-12-04,,1992,regular,,final,Coppin State,American University,59,8,92,87,,MEAC,CAA,,,,,,
320996,1991-12-04,,1992,regular,,final,Arizona State,Texas A&M-San Antonio,10,583,87,62,,Pac-12,,,,,,,
320997,1991-12-04,,1992,regular,,final,Utah,Bradley,331,29,65,41,,UAC,MVC,,,,,,
320998,1991-12-04,,1992,regular,,final,Butler,Illinois State,34,119,93,85,,Horizon,MVC,,,,,,
320999,1991-12-04,,1992,regular,,final,Tulsa,BYU,304,18,86,102,,MVC,UAC,,,,,,
321000,1991-12-04,,1992,regular,,final,Wisconsin,Central Connecticut,355,44,80,54,,Big Ten,Indep.,,,,,,
321001,1991-12-04,,1992,regular,,final,The Citadel,Charleston,299,46,60,63,,SoCon,Indep.,,,,,,
321002,1991-12-04,,1992,regular,,final,UC Santa Barbara,Saint Mary's,311,253,77,56,,Big West,WCC,,,,,,
321003,1991-12-04,,1992,regular,,final,Delaware,Delaware State,66,67,95,99,,Am. East,MEAC,,,,,,
321004,1991-12-04,,1992,regular,,final,Detroit Mercy,Florida International,69,89,87,69,,Horizon,ASUN,,,,,,
321006,1991-12-04,,1992,regular,,final,Oregon,Fresno State,223,92,71,63,,Pac-12,Big West,,,,,,
321007,1991-12-04,,1992,regular,,final,Eastern Illinois,Cal State Fullerton,77,37,58,57,,Summit,Big West,,,,,,
321009,1991-12-04,,1992,regular,,final,Washington State,Idaho,344,117,81,49,,Pac-12,Big Sky,,,,,,
321010,1991-12-04,,1992,regular,,final,James Madison,UNLV,129,322,73,80,,CAA,Big West,,,,,,
321011,1991-12-04,,1992,regular,,final,Notre Dame,Louisville,213,150,81,84,,Indep.,,,,,,,
321012,1991-12-04,,1992,regular,,final,Ole Miss,McNeese,220,162,92,70,,SEC,Southland,,,,,,
321013,1991-12-04,,1992,regular,,final,Tennessee,Middle Tennessee,292,171,86,83,,SEC,OVC,,,,,,
321014,1991-12-04,,1992,regular,,final,Milwaukee,Morehead State,172,181,94,90,,Indep.,OVC,,,,,,
321015,1991-12-04,,1992,regular,,final,Vanderbilt,UNC Wilmington,336,321,90,71,,SEC,CAA,,,,,,
321016,1991-12-04,,1992,regular,,final,Western Michigan,Oregon State,351,224,87,76,,MAC,Pac-12,,,,,,
321017,1991-12-04,,1992,regular,,final,Wagner,Rider,341,243,85,99,,NEC,,,,,,,
321018,1991-12-04,,1992,regular,,final,West Virginia,Robert Morris,347,244,79,69,,A-10,NEC,,,,,,
321019,1991-12-04,,1992,regular,,final,South Carolina,Winthrop,266,354,68,56,,SEC,Big South,,,,,,
321020,1991-12-04,,1992,regular,,final,Southern Utah,Southeast Missouri State,276,272,98,62,,Indep.,OVC,,,,,,
321022,1991-12-05,,1992,regular,,final,UAB,Jackson State,305,126,83,62,,,SWAC,,,,,,
321024,1991-12-05,,1992,regular,,final,Iowa,Army,124,15,73,39,,Big Ten,Patriot,,,,,,
321025,1991-12-05,,1992,regular,,final,Baylor,SE Louisiana,20,246,73,58,,,ASUN,,,,,,
321027,1991-12-05,,1992,regular,,final,Boise State,Sacramento State,25,249,87,60,,Big Sky,Indep.,,,,,,
321028,1991-12-05,,1992,regular,,final,Hartford,Buffalo,363,33,71,54,,Am. East,Indep.,,,,,,
321030,1991-12-05,,1992,regular,,final,Cincinnati,East Carolina,51,74,105,69,,,CAA,,,,,,
321031,1991-12-05,,1992,regular,,final,Marquette,Columbia,157,58,71,63,,,Ivy,,,,,,
321033,1991-12-05,,1992,regular,,final,Colorado,Mercer,56,164,78,61,,,ASUN,,,,,,
321034,1991-12-05,,1992,regular,,final,Charlotte,DePaul,48,65,68,63,,,,,,,,,
321035,1991-12-05,,1992,regular,,final,Syracuse,Eastern Kentucky,286,78,84,78,,Big East,OVC,,,,,,
321037,1991-12-05,,1992,regular,,final,Florida State,Southern,90,274,95,75,,ACC,SWAC,,,,,,
321040,1991-12-05,,1992,regular,,final,Illinois,Hawai'i,118,108,69,64,,Big Ten,UAC,,,,,,
321042,1991-12-05,,1992,regular,,final,Miami,Howard,168,114,55,64,,Big East,MEAC,,,,,,
321046,1991-12-05,,1992,regular,,final,Loyola Maryland,Mount St. Mary's,152,183,98,94,,Metro,NEC,,,,,,
321047,1991-12-05,,1992,regular,,final,UMBC,Towson,317,301,92,83,,,,,,,,,
321048,1991-12-05,,1992,regular,,final,Missouri State,Morgan State,176,182,97,51,,MVC,MEAC,,,,,,
321050,1991-12-05,,1992,regular,,final,San Francisco,Marist,259,156,97,69,,WCC,NEC,,,,,,
321051,1991-12-05,,1992,regular,,final,Marshall,Oral Roberts,158,222,61,82,,SoCon,Indep.,,,,,,
321052,1991-12-05,,1992,regular,,final,Penn State (Beaver),Navy,1353,187,81,73,,,Patriot,,,,,,
321053,1991-12-05,,1992,regular,,final,Stetson,UNC Asheville,283,319,91,88,,ASUN,Big South,,,,,,
321054,1991-12-05,,1992,regular,,final,Texas,North Texas,295,204,124,107,,,Southland,,,,,,
321055,1991-12-05,,1992,regular,,final,Purdue,Prairie View A&M,236,232,103,57,,Big Ten,SWAC,,,,,,
321061,1991-12-05,,1992,regular,,final,UC Irvine,Houston,308,113,51,73,,Big West,,,,,,,
321062,1991-12-06,,1992,regular,,final,Akron,Lamar,3,139,65,62,,Summit,Sun Belt,,,,,,
321063,1991-12-06,,1992,regular,,final,Charlotte,Alabama,48,5,79,74,,,SEC,,,,,,
321064,1991-12-06,,1992,regular,,final,Alcorn State,Northeastern Illinois,7,390,98,69,,SWAC,Indep.,,,,,,
321065,1991-12-06,,1992,regular,,final,UAB,Alabama State,305,6,83,61,,,SWAC,,,,,,
321066,1991-12-06,,1992,regular,,final,American University,George Washington,8,96,72,80,,CAA,A-10,,,,,,
321067,1991-12-06,,1992,regular,,final,App State,Arkansas State,9,13,85,74,,SoCon,Sun Belt,,,,,,
321068,1991-12-06,,1992,regular,,final,Arizona,LSU,11,136,87,67,,Pac-12,SEC,,,,,,
321069,1991-12-06,,1992,regular,,final,Arkansas,Missouri,12,177,76,87,,SEC,,,,,,,
321070,1991-12-06,,1992,regular,,final,Little Rock,Jacksonville,144,127,75,72,,Sun Belt,Sun Belt,,,,,,
321072,1991-12-06,,1992,regular,,final,New Mexico,Arizona State,191,10,69,71,,UAC,Pac-12,,,,,,
321073,1991-12-06,,1992,regular,,final,Austin Peay,Southern Illinois,17,273,73,81,,OVC,MVC,,,,,,
321074,1991-12-06,,1992,regular,,final,Ball State,Western Carolina,19,348,86,59,,MAC,SoCon,,,,,,
321075,1991-12-06,,1992,regular,,final,Baylor,Princeton,20,234,54,61,,,Ivy,,,,,,
321076,1991-12-06,,1992,regular,,final,Harvard,Boston College,107,26,59,98,,Ivy,Big East,,,,,,
321077,1991-12-06,,1992,regular,,final,Boise State,Stephen F. Austin,25,282,63,55,,Big Sky,Southland,,,,,,
321078,1991-12-06,,1992,regular,,final,Brown,Holy Cross,30,111,79,76,,Ivy,Patriot,,,,,,
321079,1991-12-06,,1992,regular,,final,St. Francis (PA),Bucknell,278,32,81,80,,NEC,Patriot,,,,,,
321081,1991-12-06,,1992,regular,,final,James Madison,BYU,129,18,63,66,,CAA,UAC,,,,,,
321083,1991-12-06,,1992,regular,,final,Canisius,Duke,42,72,60,96,,Metro,ACC,,,,,,
321085,1991-12-06,,1992,regular,,final,Wisconsin,Coastal Carolina,355,54,91,57,,Big Ten,Big South,,,,,,
321086,1991-12-06,,1992,regular,,final,Milwaukee,Central Connecticut,172,44,96,77,,Indep.,Indep.,,,,,,
321088,1991-12-06,,1992,regular,,final,North Carolina,UCF,200,312,101,72,,ACC,Sun Belt,,,,,,
321089,1991-12-06,,1992,regular,,final,Chicago State,Toledo,50,300,87,86,,Indep.,MAC,,,,,,
321091,1991-12-06,,1992,regular,,final,Cleveland State,Michigan,53,170,61,80,,Summit,Big Ten,,,,,,
321093,1991-12-06,,1992,regular,,final,Cal State Northridge,Montana,38,179,48,67,,Indep.,Big Sky,,,,,,
321094,1991-12-06,,1992,regular,,final,Colorado,Georgia,56,98,69,58,,,SEC,,,,,,
321095,1991-12-06,,1992,regular,,final,UConn,Maine-Farmington,314,1078,85,71,,Big East,,,,,,,
321096,1991-12-06,,1992,regular,,final,Oklahoma,Coppin State,217,59,97,70,,,MEAC,,,,,,
321097,1991-12-06,,1992,regular,,final,Cornell,Niagara,60,194,70,71,,Ivy,Metro,,,,,,
321098,1991-12-06,,1992,regular,,final,Creighton,Nebraska,61,188,85,90,,MVC,MVC,,,,,,
321099,1991-12-06,,1992,regular,,final,Loyola Marymount,UC Santa Barbara,153,311,58,59,,WCC,Big West,,,,,,
321100,1991-12-06,,1992,regular,,final,Clemson,Charleston Southern,52,47,87,67,,ACC,Big South,,,,,,
321101,1991-12-06,,1992,regular,,final,Colorado State,Texas Tech,57,298,56,62,,UAC,,,,,,,
321102,1991-12-06,,1992,regular,,final,Dayton,Michigan State,64,169,74,83,,Horizon,Big Ten,,,,,,
321104,1991-12-06,,1992,regular,,final,Kansas State,Delaware State,132,67,115,54,,,MEAC,,,,,,
321105,1991-12-06,,1992,regular,,final,Temple,Duquesne,289,73,94,78,,A-10,A-10,,,,,,
321107,1991-12-06,,1992,regular,,final,East Tennessee State,Southern Miss,75,275,87,76,,SoCon,,,,,,,
321108,1991-12-06,,1992,regular,,final,Evansville,Samford,82,256,74,50,,Horizon,ASUN,,,,,,
321110,1991-12-06,,1992,regular,,final,Fairleigh Dickinson,Wake Forest,84,342,43,66,,NEC,ACC,,,,,,
321111,1991-12-06,,1992,regular,,final,Valparaiso,Florida International,335,89,74,69,,Summit,ASUN,,,,,,
321112,1991-12-06,,1992,regular,,final,Wichita State,Florida,352,87,50,61,,MVC,SEC,,,,,,
321113,1991-12-06,,1992,regular,,final,Portland,Fresno State,230,92,79,86,,WCC,Big West,,,,,,
321114,1991-12-06,,1992,regular,,final,Richmond,Fairfield,242,83,74,66,,CAA,Metro,,,,,,
321115,1991-12-06,,1992,regular,,final,Northeastern,George Mason,205,95,72,77,,Am. East,CAA,,,,,,
321116,1991-12-06,,1992,regular,,final,UT Arlington,Georgia State,324,100,110,85,,Southland,ASUN,,,,,,
321117,1991-12-06,,1992,regular,,final,Georgia Tech,Chattanooga,101,49,97,84,,ACC,SoCon,,,,,,
321121,1991-12-06,,1992,regular,,final,Hartford,Yale,363,360,38,56,,Am. East,Ivy,,,,,,
321122,1991-12-06,,1992,regular,,final,Western Michigan,UIC,351,315,84,59,,MAC,Summit,,,,,,
321123,1991-12-06,,1992,regular,,final,Illinois,Washington,118,343,76,55,,Big Ten,Pac-12,,,,,,
321124,1991-12-06,,1992,regular,,final,Illinois State,Southern Utah,119,276,81,84,,MVC,Indep.,,,,,,
321126,1991-12-06,,1992,regular,,final,Miami (OH),Indiana State,167,122,77,61,,MAC,MVC,,,,,,
321127,1991-12-06,,1992,regular,,final,Seton Hall,Iona,263,123,88,72,,Big East,Metro,,,,,,
321128,1991-12-06,,1992,regular,,final,Iowa State,Northern Iowa,125,209,84,66,,,MVC,,,,,,
321129,1991-12-06,,1992,regular,,final,Iowa,Louisiana Tech,124,149,84,65,,Big Ten,Sun Belt,,,,,,
321131,1991-12-06,,1992,regular,,final,Long Beach State,Kansas,145,131,60,66,,Big West,,,,,,,
321132,1991-12-06,,1992,regular,,final,Rider,Lafayette,243,138,79,75,,,Patriot,,,,,,
321133,1991-12-06,,1992,regular,,final,La Salle,Siena,137,264,65,68,,Metro,Metro,,,,,,
321134,1991-12-06,,1992,regular,,final,VMI,Liberty,334,142,55,64,,SoCon,Big South,,,,,,
321136,1991-12-06,,1992,regular,,final,UMBC,Loyola Maryland,317,152,82,91,,,Metro,,,,,,
321137,1991-12-06,,1992,regular,,final,Maryland,West Virginia,160,347,101,91,,ACC,A-10,,,,,,
321138,1991-12-06,,1992,regular,,final,Massachusetts,Xavier,161,359,91,72,,A-10,Horizon,,,,,,
321139,1991-12-06,,1992,regular,,final,Mississippi Valley State,Middle Tennessee,175,171,67,87,,SWAC,OVC,,,,,,
321140,1991-12-06,,1992,regular,,final,Stetson,Monmouth,283,178,66,87,,ASUN,NEC,,,,,,
321141,1991-12-06,,1992,regular,,final,Montana State,Southeast Missouri State,180,272,70,67,,Big Sky,OVC,,,,,,
321142,1991-12-06,,1992,regular,,final,Marquette,Penn State,157,226,56,60,,,Indep.,,,,,,
321143,1991-12-06,,1992,regular,,final,Marshall,Wyoming,158,358,91,86,,SoCon,UAC,,,,,,
321145,1991-12-06,,1992,regular,,final,Vanderbilt,Mississippi State,336,174,71,74,,SEC,SEC,,,,,,
321147,1991-12-06,,1992,regular,,final,Saint Mary's,Northern Arizona,253,206,57,50,,WCC,Big Sky,,,,,,
321148,1991-12-06,,1992,regular,,final,North Carolina A&T,UNC Wilmington,198,321,88,92,,MEAC,CAA,,,,,,
321149,1991-12-06,,1992,regular,,final,UTEP,New Mexico State,327,192,61,63,,UAC,Big West,,,,,,
321151,1991-12-06,,1992,regular,,final,Old Dominion,VCU,219,333,83,98,,CAA,,,,,,,
321152,1991-12-06,,1992,regular,,final,Ohio State,Oregon State,216,224,84,58,,Big Ten,Pac-12,,,,,,
321153,1991-12-06,,1992,regular,,final,UCLA,Pepperdine,313,228,98,58,,Pac-12,WCC,,,,,,
321154,1991-12-06,,1992,regular,,final,Providence,Rhode Island,235,240,77,74,,Big East,A-10,,,,,,
321155,1991-12-06,,1992,regular,,final,Purdue,Green Bay,236,105,53,69,,Big Ten,Summit,,,,,,
321156,1991-12-06,,1992,regular,,final,Rice,Texas State,241,297,93,63,,,Southland,,,,,,
321157,1991-12-06,,1992,regular,,final,Robert Morris,Youngstown State,244,361,75,64,,NEC,Indep.,,,,,,
321158,1991-12-06,,1992,regular,,final,Texas A&M,Sam Houston,293,255,72,67,,,Southland,,,,,,
321159,1991-12-06,,1992,regular,,final,Missouri State,San Diego,176,258,70,63,,MVC,WCC,,,,,,
321160,1991-12-06,,1992,regular,,final,Texas,San Diego State,295,257,85,58,,,UAC,,,,,,
321162,1991-12-06,,1992,regular,,final,Syracuse,Saint Joseph's,286,251,72,70,,Big East,A-10,,,,,,
321163,1991-12-06,,1992,regular,,final,Washington State,San José State,344,260,81,57,,Pac-12,Big West,,,,,,
321164,1991-12-06,,1992,regular,,final,SMU,Tulane,248,303,56,65,,,,,,,,,
321165,1991-12-06,,1992,regular,,final,Saint Louis,South Alabama,252,265,74,72,,,Sun Belt,,,,,,
321166,1991-12-06,,1992,regular,,final,San Francisco,Saint Peter's,259,254,86,75,,WCC,Metro,,,,,,
321167,1991-12-06,,1992,regular,,final,UC Irvine,USC,308,323,71,80,,Big West,Pac-12,,,,,,
321168,1991-12-06,,1992,regular,,final,Rutgers,UNLV,245,322,91,85,,A-10,Big West,,,,,,
321169,1991-12-06,,1992,regular,,final,Nevada,Santa Clara,189,261,72,68,,Big Sky,WCC,,,,,,
321170,1991-12-06,,1992,regular,,final,Weber State,Utah State,345,329,78,92,,Big Sky,Big West,,,,,,
321171,1991-12-06,,1992,regular,,final,William & Mary,Virginia Tech,353,340,66,60,,CAA,,,,,,,
321172,1991-12-07,,1992,regular,,final,Boston University,Eastern Michigan,27,79,70,64,,Am. East,MAC,,,,,,
321173,1991-12-07,,1992,regular,,final,Detroit Mercy,Georgia State,69,100,100,86,,Horizon,ASUN,,,,,,
321174,1991-12-07,,1992,regular,,final,Navy,Manhattan,187,155,75,79,,Patriot,Metro,,,,,,
321175,1991-12-08,,1992,regular,,final,Alcorn State,Little Rock,7,144,86,75,,SWAC,Sun Belt,,,,,,
321176,1991-12-08,,1992,regular,,final,Boston College,Hofstra,26,110,65,52,,Big East,,,,,,,
321177,1991-12-08,,1992,regular,,final,Butler,Mercer,34,164,96,73,,Horizon,ASUN,,,,,,
321178,1991-12-08,,1992,regular,,final,UNC Greensboro,UCF,320,312,66,63,,Indep.,Sun Belt,,,,,,
321179,1991-12-08,,1992,regular,,final,Michigan,Chicago State,170,50,112,62,,Big Ten,Indep.,,,,,,
321180,1991-12-08,,1992,regular,,final,The Citadel,Winthrop,299,354,82,57,,SoCon,Big South,,,,,,
321181,1991-12-08,,1992,regular,,final,Dayton,Fordham,64,91,92,82,,Horizon,Patriot,,,,,,
321182,1991-12-08,,1992,regular,,final,Georgetown,Delaware State,97,67,93,76,,Big East,MEAC,,,,,,
321183,1991-12-08,,1992,regular,,final,Evansville,Southern Utah,82,276,93,98,,Horizon,Indep.,,,,,,
321184,1991-12-08,,1992,regular,,final,Gonzaga,San José State,102,260,61,56,,WCC,Big West,,,,,,
321186,1991-12-08,,1992,regular,,final,Milwaukee,Maine-Farmington,172,1078,87,73,,Indep.,,,,,,,
321187,1991-12-08,,1992,regular,,final,Valparaiso,Notre Dame,335,213,66,71,,Summit,Indep.,,,,,,
321189,1991-12-08,,1992,regular,,final,Radford,VCU,239,333,72,71,,Big South,,,,,,,
321190,1991-12-08,,1992,regular,,final,Southern Illinois,South Alabama,273,265,93,84,,MVC,Sun Belt,,,,,,
321191,1991-12-08,,1992,regular,,final,Green Bay,Texas Southern,105,296,57,42,,Summit,SWAC,,,,,,
321192,1991-12-09,,1992,regular,,final,Kansas State,Arkansas,132,12,59,70,,,SEC,,,,,,
321193,1991-12-09,,1992,regular,,final,Richmond,Army,242,15,59,36,,CAA,Patriot,,,,,,
321194,1991-12-09,,1992,regular,,final,Boise State,San Francisco,25,259,71,65,,Big Sky,WCC,,,,,,
321195,1991-12-09,,1992,regular,,final,Lamar,Bradley,139,29,71,41,,Sun Belt,MVC,,,,,,
321196,1991-12-09,,1992,regular,,final,UNC Greensboro,Campbell,320,41,51,53,,Indep.,Big South,,,,,,
321197,1991-12-09,,1992,regular,,final,Canisius,St. Bonaventure,42,277,70,76,,Metro,A-10,,,,,,
321198,1991-12-09,,1992,regular,,final,Sacramento State,Idaho,249,117,88,91,,Indep.,Big Sky,,,,,,
321199,1991-12-09,,1992,regular,,final,South Carolina State,Charleston Southern,267,47,60,64,,MEAC,Big South,,,,,,
321200,1991-12-09,,1992,regular,,final,Monmouth,Delaware,178,66,63,73,,NEC,Am. East,,,,,,
321201,1991-12-09,,1992,regular,,final,Mississippi State,Drake,174,70,79,50,,SEC,MVC,,,,,,
321202,1991-12-09,,1992,regular,,final,Robert Morris,Duquesne,244,73,82,93,,NEC,A-10,,,,,,
321203,1991-12-09,,1992,regular,,final,Eastern Washington,Washington State,80,344,59,80,,Big Sky,Pac-12,,,,,,
321204,1991-12-09,,1992,regular,,final,Fairfield,Fairleigh Dickinson,83,84,93,79,,Metro,NEC,,,,,,
321205,1991-12-09,,1992,regular,,final,Virginia Tech,George Washington,340,96,73,71,,,A-10,,,,,,
321206,1991-12-09,,1992,regular,,final,Providence,Holy Cross,235,111,80,73,,Big East,Patriot,,,,,,
321207,1991-12-09,,1992,regular,,final,Temple,Illinois,289,118,92,56,,A-10,Big Ten,,,,,,
321208,1991-12-09,,1992,regular,,final,Indiana,Vanderbilt,121,336,88,51,,Big Ten,SEC,,,,,,
321209,1991-12-09,,1992,regular,,final,Iowa State,UT Arlington,125,324,96,82,,,Southland,,,,,,
321210,1991-12-09,,1992,regular,,final,Northern Iowa,Iowa,209,124,85,100,,MVC,Big Ten,,,,,,
321211,1991-12-09,,1992,regular,,final,Kentucky,Texas State,135,297,82,36,,SEC,Southland,,,,,,
321212,1991-12-09,,1992,regular,,final,Louisiana Tech,Oklahoma State,149,218,71,77,,Sun Belt,,,,,,,
321213,1991-12-09,,1992,regular,,final,Louisville,Maryland,150,160,96,79,,,ACC,,,,,,
321214,1991-12-09,,1992,regular,,final,Massachusetts,New Hampshire,161,190,84,63,,A-10,Am. East,,,,,,
321215,1991-12-09,,1992,regular,,final,Texas A&M,New Mexico,293,191,72,94,,,UAC,,,,,,
321216,1991-12-09,,1992,regular,,final,Oklahoma,Texas,217,295,106,91,,,,,,,,,
321217,1991-12-09,,1992,regular,,final,Siena,Western Michigan,264,351,59,63,,Metro,MAC,,,,,,
321218,1991-12-09,,1992,regular,,final,Utah,Utah State,331,329,72,74,,UAC,Big West,,,,,,
321219,1991-12-10,,1992,regular,,final,Minnesota,Akron,173,3,86,59,,Big Ten,Summit,,,,,,
321220,1991-12-10,,1992,regular,,final,DePaul,American University,65,8,106,80,,,CAA,,,,,,
321221,1991-12-10,,1992,regular,,final,Bowling Green,Western Kentucky,28,350,81,74,,MAC,Sun Belt,,,,,,
321222,1991-12-10,,1992,regular,,final,Boston College,Notre Dame,26,213,78,54,,Big East,Indep.,,,,,,
321223,1991-12-10,,1992,regular,,final,Wagner,Brooklyn,341,414,90,71,,NEC,,,,,,,
321224,1991-12-10,,1992,regular,,final,West Virginia,Buffalo,347,33,91,46,,A-10,Indep.,,,,,,
321225,1991-12-10,,1992,regular,,final,Valparaiso,Butler,335,34,80,83,,Summit,Horizon,,,,,,
321226,1991-12-10,,1992,regular,,final,Colorado,Wyoming,56,358,58,60,,,UAC,,,,,,
321227,1991-12-10,,1992,regular,,final,UMBC,Coppin State,317,59,74,84,,,MEAC,,,,,,
321228,1991-12-10,,1992,regular,,final,Fresno State,Nevada,92,189,94,78,,Big West,Big Sky,,,,,,
321229,1991-12-10,,1992,regular,,final,George Mason,VCU,95,333,82,90,,CAA,,,,,,,
321230,1991-12-10,,1992,regular,,final,Iona,Hofstra,123,110,57,43,,Metro,,,,,,,
321231,1991-12-10,,1992,regular,,final,Xavier,Kent State,359,134,73,65,,Horizon,MAC,,,,,,
321232,1991-12-10,,1992,regular,,final,Long Beach State,Texas Pan American,145,1535,71,60,,Big West,,,,,,,
321233,1991-12-10,,1992,regular,,final,Saint Peter's,Long Island University,254,146,78,79,,Metro,NEC,,,,,,
321234,1991-12-10,,1992,regular,,final,Missouri State,Kansas City,176,130,77,64,,MVC,Indep.,,,,,,
321235,1991-12-10,,1992,regular,,final,Nebraska,Wisconsin,188,355,86,67,,MVC,Big Ten,,,,,,
321236,1991-12-10,,1992,regular,,final,TCU,Pacific,287,225,66,61,,,Big West,,,,,,
321237,1991-12-10,,1992,regular,,final,Rutgers,Seton Hall,245,263,72,77,,A-10,Big East,,,,,,
321238,1991-12-11,,1992,regular,,final,Dayton,Miami (OH),64,167,47,59,,Horizon,MAC,,,,,,
321239,1991-12-11,,1992,regular,,final,Michigan,Eastern Michigan,170,79,91,77,,Big Ten,MAC,,,,,,
321240,1991-12-11,,1992,regular,,final,Cal State Fullerton,Pepperdine,37,228,69,79,,Big West,WCC,,,,,,
321241,1991-12-11,,1992,regular,,final,Idaho State,Gonzaga,116,102,70,79,,Big Sky,WCC,,,,,,
321242,1991-12-11,,1992,regular,,final,Holy Cross,Massachusetts,111,161,73,85,,Patriot,A-10,,,,,,
321243,1991-12-11,,1992,regular,,final,Siena,Hartford,264,363,76,58,,Metro,Am. East,,,,,,
321245,1991-12-11,,1992,regular,,final,Milwaukee,Montana State,172,180,77,75,,Indep.,Big Sky,,,,,,
321246,1991-12-11,,1992,regular,,final,Wright State,Northeastern Illinois,357,390,82,83,,Summit,Indep.,,,,,,
321247,1991-12-11,,1992,regular,,final,Ohio,Robert Morris,215,244,78,67,,MAC,NEC,,,,,,
321248,1991-12-12,,1992,regular,,final,Arkansas State,Nicholls,13,195,83,57,,Sun Belt,Southland,,,,,,
321249,1991-12-12,,1992,regular,,final,Boise State,Cal State Northridge,25,38,66,45,,Big Sky,Indep.,,,,,,
321250,1991-12-12,,1992,regular,,final,Indiana,Boston University,121,27,88,47,,Big Ten,Am. East,,,,,,
321251,1991-12-12,,1992,regular,,final,Youngstown State,Buffalo,361,33,76,72,,Indep.,Indep.,,,,,,
321252,1991-12-12,,1992,regular,,final,BYU,Utah State,18,329,93,77,,UAC,Big West,,,,,,
321255,1991-12-12,,1992,regular,,final,Dartmouth,Central Connecticut,62,44,78,58,,Ivy,Indep.,,,,,,
321256,1991-12-12,,1992,regular,,final,Hawai'i,Saint Mary's,108,253,78,62,,UAC,WCC,,,,,,
321259,1991-12-12,,1992,regular,,final,Western Michigan,Niagara,351,194,86,68,,MAC,Metro,,,,,,
321261,1991-12-12,,1992,regular,,final,Wisconsin,Sam Houston,355,255,98,75,,Big Ten,Southland,,,,,,
321263,1991-12-13,,1992,regular,,final,Alabama,Old Dominion,5,219,105,67,,SEC,CAA,,,,,,
321264,1991-12-13,,1992,regular,,final,UAB,Minnesota,305,173,86,80,,,Big Ten,,,,,,
321265,1991-12-13,,1992,regular,,final,Idaho,Alcorn State,117,7,87,75,,Big Sky,SWAC,,,,,,
321266,1991-12-13,,1992,regular,,final,Kansas State,Alabama State,132,6,99,81,,,SWAC,,,,,,
321267,1991-12-13,,1992,regular,,final,Villanova,American University,338,8,78,64,,Big East,CAA,,,,,,
321268,1991-12-13,,1992,regular,,final,Arkansas State,South Carolina State,13,267,68,56,,Sun Belt,MEAC,,,,,,
321269,1991-12-13,,1992,regular,,final,Kentucky,Arizona State,135,10,94,68,,SEC,Pac-12,,,,,,
321270,1991-12-13,,1992,regular,,final,Auburn,Southern Miss,16,275,93,78,,SEC,,,,,,,
321271,1991-12-13,,1992,regular,,final,Western Kentucky,Austin Peay,350,17,86,67,,Sun Belt,OVC,,,,,,
321272,1991-12-13,,1992,regular,,final,Texas State,Baylor,297,20,55,67,,Southland,,,,,,,
321273,1991-12-13,,1992,regular,,final,Penn State,Bowling Green,226,28,51,48,,Indep.,MAC,,,,,,
321274,1991-12-13,,1992,regular,,final,Brooklyn,St. Francis Brooklyn,414,364,69,73,,,NEC,,,,,,
321276,1991-12-13,,1992,regular,,final,Butler,Indiana State,34,122,80,65,,Horizon,MVC,,,,,,
321277,1991-12-13,,1992,regular,,final,BYU,Princeton,18,234,65,59,,UAC,Ivy,,,,,,
321278,1991-12-13,,1992,regular,,final,Dartmouth,Campbell,62,41,90,74,,Ivy,Big South,,,,,,
321280,1991-12-13,,1992,regular,,final,Louisiana Tech,Centenary (LA),149,367,111,89,,Sun Belt,ASUN,,,,,,
321281,1991-12-13,,1992,regular,,final,Charleston,Tennessee Tech,46,291,75,59,,Indep.,OVC,,,,,,
321282,1991-12-13,,1992,regular,,final,Clemson,Tennessee State,52,290,85,60,,ACC,OVC,,,,,,
321283,1991-12-13,,1992,regular,,final,Eastern Michigan,Cleveland State,79,53,60,74,,MAC,Summit,,,,,,
321284,1991-12-13,,1992,regular,,final,Indiana,Central Michigan,121,45,99,52,,Big Ten,MAC,,,,,,
321285,1991-12-13,,1992,regular,,final,Utah,Cal State Northridge,331,38,75,58,,UAC,Indep.,,,,,,
321286,1991-12-13,,1992,regular,,final,Texas,UConn,295,314,77,94,,,Big East,,,,,,
321287,1991-12-13,,1992,regular,,final,Santa Clara,Stanford,261,281,59,75,,WCC,Pac-12,,,,,,
321288,1991-12-13,,1992,regular,,final,Tulsa,Charleston Southern,304,47,91,46,,MVC,Big South,,,,,,
321289,1991-12-13,,1992,regular,,final,Eastern Kentucky,Colorado State,78,57,80,66,,OVC,UAC,,,,,,
321290,1991-12-13,,1992,regular,,final,Dayton,Mount St. Mary's,64,183,107,81,,Horizon,NEC,,,,,,
321291,1991-12-13,,1992,regular,,final,Kansas,DePaul,131,65,104,75,,,,,,,,,
321292,1991-12-13,,1992,regular,,final,Michigan State,Detroit Mercy,169,69,91,75,,Big Ten,Horizon,,,,,,
321293,1991-12-13,,1992,regular,,final,Lamar,Drake,139,70,67,69,,Sun Belt,MVC,,,,,,
321294,1991-12-13,,1992,regular,,final,Michigan,Duke,170,72,85,88,,Big Ten,ACC,,,,,,
321296,1991-12-13,,1992,regular,,final,Evansville,Southern Illinois,82,273,99,98,,Horizon,MVC,,,,,,
321297,1991-12-13,,1992,regular,,final,Fairleigh Dickinson,Maine-Farmington,84,1078,64,51,,NEC,,,,,,,
321298,1991-12-13,,1992,regular,,final,Fordham,Iona,91,123,73,74,,Patriot,Metro,,,,,,
321299,1991-12-13,,1992,regular,,final,Portland,Cal State Fullerton,230,37,94,98,,WCC,Big West,,,,,,
321300,1991-12-13,,1992,regular,,final,Georgia Southern,Furman,99,93,77,80,,ASUN,SoCon,,,,,,
321301,1991-12-13,,1992,regular,,final,Louisville,George Mason,150,95,85,66,,,CAA,,,,,,
321302,1991-12-13,,1992,regular,,final,Georgia Tech,Georgia State,101,100,90,72,,ACC,ASUN,,,,,,
321303,1991-12-13,,1992,regular,,final,George Washington,Massachusetts,96,161,77,65,,A-10,A-10,,,,,,
321304,1991-12-13,,1992,regular,,final,Hawai'i,McNeese,108,162,85,65,,UAC,Southland,,,,,,
321305,1991-12-13,,1992,regular,,final,UIC,Houston,315,113,66,75,,Summit,,,,,,,
321306,1991-12-13,,1992,regular,,final,Ohio State,Howard,216,114,114,53,,Big Ten,MEAC,,,,,,
321307,1991-12-13,,1992,regular,,final,Illinois State,Idaho State,119,116,95,63,,MVC,Big Sky,,,,,,
321308,1991-12-13,,1992,regular,,final,Iowa State,Iowa,125,124,98,84,,,Big Ten,,,,,,
321309,1991-12-13,,1992,regular,,final,Mississippi State,Jacksonville,174,127,77,74,,SEC,Sun Belt,,,,,,
321310,1991-12-13,,1992,regular,,final,James Madison,South Alabama,129,265,108,85,,CAA,Sun Belt,,,,,,
321311,1991-12-13,,1992,regular,,final,Kent State,Valparaiso,134,335,76,45,,MAC,Summit,,,,,,
321312,1991-12-13,,1992,regular,,final,Stephen F. Austin,Long Beach State,282,145,62,70,,Southland,Big West,,,,,,
321313,1991-12-13,,1992,regular,,final,Maryland Eastern Shore,Liberty,159,142,64,89,,MEAC,Big South,,,,,,
321314,1991-12-13,,1992,regular,,final,Loyola Chicago,Morgan State,151,182,105,55,,Horizon,MEAC,,,,,,
321315,1991-12-13,,1992,regular,,final,Loyola Maryland,UMBC,152,317,78,76,,Metro,,,,,,,
321317,1991-12-13,,1992,regular,,final,Murray State,Middle Tennessee,184,171,98,74,,OVC,OVC,,,,,,
321318,1991-12-13,,1992,regular,,final,Memphis,Tennessee,163,292,64,65,,,SEC,,,,,,
321319,1991-12-13,,1992,regular,,final,Mercer,Chattanooga,164,49,73,69,,ASUN,SoCon,,,,,,
321320,1991-12-13,,1992,regular,,final,Miami (OH),Xavier,167,359,73,58,,MAC,Horizon,,,,,,
321321,1991-12-13,,1992,regular,,final,New Hampshire,Monmouth,190,178,54,71,,Am. East,NEC,,,,,,
321322,1991-12-13,,1992,regular,,final,Pepperdine,Montana,228,179,88,89,,WCC,Big Sky,,,,,,
321323,1991-12-13,,1992,regular,,final,Saint Louis,Montana State,252,180,78,87,,,Big Sky,,,,,,
321324,1991-12-13,,1992,regular,,final,Ohio,Marshall,215,158,75,64,,MAC,SoCon,,,,,,
321325,1991-12-13,,1992,regular,,final,Missouri,UNLV,177,322,90,78,,,Big West,,,,,,
321326,1991-12-13,,1992,regular,,final,Kansas City,Mississippi Valley State,130,175,84,68,,Indep.,SWAC,,,,,,
321328,1991-12-13,,1992,regular,,final,Northern Iowa,Louisiana,209,148,76,71,,MVC,Sun Belt,,,,,,
321329,1991-12-13,,1992,regular,,final,Northwestern,Northeastern,212,205,93,66,,Big Ten,Am. East,,,,,,
321330,1991-12-13,,1992,regular,,final,Oklahoma State,Wichita State,218,352,82,54,,,MVC,,,,,,
321331,1991-12-13,,1992,regular,,final,Oregon State,Missouri State,224,176,72,63,,Pac-12,MVC,,,,,,
321332,1991-12-13,,1992,regular,,final,San Francisco,Pacific,259,225,82,68,,WCC,Big West,,,,,,
321333,1991-12-13,,1992,regular,,final,West Virginia,Pittsburgh,347,229,86,85,,A-10,Big East,,,,,,
321334,1991-12-13,,1992,regular,,final,San José State,San Diego,260,258,54,62,,Big West,WCC,,,,,,
321335,1991-12-13,,1992,regular,,final,San Diego State,UCLA,257,313,64,84,,UAC,Pac-12,,,,,,
321337,1991-12-13,,1992,regular,,final,Seton Hall,Saint Peter's,263,254,66,44,,Big East,Metro,,,,,,
321338,1991-12-13,,1992,regular,,final,Southern Utah,Weber State,276,345,102,89,,Indep.,Big Sky,,,,,,
321339,1991-12-13,,1992,regular,,final,Syracuse,TCU,286,287,89,72,,Big East,,,,,,,
321341,1991-12-13,,1992,regular,,final,Youngstown State,Western Illinois,361,349,59,65,,Indep.,Summit,,,,,,
321342,1991-12-14,,1992,regular,,final,New Mexico,Arizona,191,11,54,66,,UAC,Pac-12,,,,,,
321343,1991-12-14,,1992,regular,,final,Boston College,Holy Cross,26,111,94,84,,Big East,Patriot,,,,,,
321344,1991-12-14,,1992,regular,,final,Marquette,Sacramento State,157,249,79,35,,,Indep.,,,,,,
321346,1991-12-14,,1992,regular,,final,Gonzaga,Eastern Washington,102,80,74,67,,WCC,Big Sky,,,,,,
321347,1991-12-14,,1992,regular,,final,Florida,South Florida,87,271,71,73,,SEC,,,,,,,
321348,1991-12-14,,1992,regular,,final,Purdue,Georgia,236,98,65,62,,Big Ten,SEC,,,,,,
321349,1991-12-15,,1992,regular,,final,Washington State,Alcorn State,344,7,119,81,,Pac-12,SWAC,,,,,,
321350,1991-12-15,,1992,regular,,final,Bradley,Creighton,29,61,53,55,,MVC,MVC,,,,,,
321351,1991-12-15,,1992,regular,,final,Brooklyn,Long Island University,414,146,101,74,,,NEC,,,,,,
321352,1991-12-15,,1992,regular,,final,Grambling,Centenary (LA),103,367,110,107,,SWAC,ASUN,,,,,,
321353,1991-12-15,,1992,regular,,final,UCF,Florida International,312,89,102,85,,Sun Belt,ASUN,,,,,,
321354,1991-12-15,,1992,regular,,final,Kansas City,Cincinnati,130,51,61,65,,Indep.,,,,,,,
321356,1991-12-15,,1992,regular,,final,Michigan,Central Michigan,170,45,86,70,,Big Ten,MAC,,,,,,
321357,1991-12-15,,1992,regular,,final,Coppin State,Youngstown State,59,361,76,59,,MEAC,Indep.,,,,,,
321358,1991-12-15,,1992,regular,,final,Eastern Illinois,Northeastern,77,205,70,66,,Summit,Am. East,,,,,,
321359,1991-12-15,,1992,regular,,final,Eastern Kentucky,Mississippi State,78,174,68,87,,OVC,SEC,,,,,,
321360,1991-12-15,,1992,regular,,final,North Carolina,Florida State,200,90,74,86,,ACC,ACC,,,,,,
321361,1991-12-15,,1992,regular,,final,Toledo,Howard,300,114,80,62,,MAC,MEAC,,,,,,
321362,1991-12-15,,1992,regular,,final,Northwestern,Idaho State,212,116,84,60,,Big Ten,Big Sky,,,,,,
321363,1991-12-15,,1992,regular,,final,Memphis,Louisiana,163,148,105,97,,,Sun Belt,,,,,,
321364,1991-12-15,,1992,regular,,final,Southern Utah,Montana,276,179,74,65,,Indep.,Big Sky,,,,,,
321365,1991-12-15,,1992,regular,,final,UNC Greensboro,Chattanooga,320,49,62,64,,Indep.,SoCon,,,,,,
321366,1991-12-15,,1992,regular,,final,Charlotte,North Carolina A&T,48,198,90,59,,,MEAC,,,,,,
321367,1991-12-15,,1992,regular,,final,Loyola Marymount,UC Irvine,153,308,95,84,,WCC,Big West,,,,,,
321368,1991-12-15,,1992,regular,,final,Weber State,Oral Roberts,345,222,115,80,,Big Sky,Indep.,,,,,,
321369,1991-12-16,,1992,regular,,final,UAB,Tulsa,305,304,90,75,,,MVC,,,,,,
321371,1991-12-16,,1992,regular,,final,UNLV,Auburn,322,16,85,82,,Big West,SEC,,,,,,
321372,1991-12-16,,1992,regular,,final,Indiana State,Ball State,122,19,59,61,,MVC,MAC,,,,,,
321373,1991-12-16,,1992,regular,,final,Ohio,Colorado State,215,57,70,54,,MAC,UAC,,,,,,
321374,1991-12-16,,1992,regular,,final,Harvard,Dartmouth,107,62,53,56,,Ivy,Ivy,,,,,,
321375,1991-12-16,,1992,regular,,final,Minnesota,Detroit Mercy,173,69,68,66,,Big Ten,Horizon,,,,,,
321376,1991-12-16,,1992,regular,,final,Southern,Florida A&M,274,85,88,72,,SWAC,MEAC,,,,,,
321377,1991-12-16,,1992,regular,,final,Michigan State,UIC,169,315,75,51,,Big Ten,Summit,,,,,,
321378,1991-12-16,,1992,regular,,final,Jacksonville,North Carolina,127,200,87,98,,Sun Belt,ACC,,,,,,
321379,1991-12-16,,1992,regular,,final,LSU,SE Louisiana,136,246,101,64,,SEC,ASUN,,,,,,
321380,1991-12-16,,1992,regular,,final,Marquette,Mississippi Valley State,157,175,87,62,,,SWAC,,,,,,
321381,1991-12-16,,1992,regular,,final,South Alabama,North Texas,265,204,105,98,,Sun Belt,Southland,,,,,,
321382,1991-12-16,,1992,regular,,final,Purdue,Stetson,236,283,101,75,,Big Ten,ASUN,,,,,,
321383,1991-12-16,,1992,regular,,final,Southern Miss,Tennessee Tech,275,291,95,80,,,OVC,,,,,,
321384,1991-12-16,,1992,regular,,final,SMU,William & Mary,248,353,66,55,,,CAA,,,,,,
321385,1991-12-16,,1992,regular,,final,Southern Illinois,Saint Louis,273,252,91,66,,MVC,,,,,,,
321386,1991-12-17,,1992,regular,,final,Alabama,The Citadel,5,299,107,67,,SEC,SoCon,,,,,,
321387,1991-12-17,,1992,regular,,final,UNC Wilmington,App State,321,9,75,72,,CAA,SoCon,,,,,,
321388,1991-12-17,,1992,regular,,final,Arizona,Northern Arizona,11,206,127,81,,Pac-12,Big Sky,,,,,,
321389,1991-12-17,,1992,regular,,final,Boise State,Saint Mary's,25,253,54,50,,Big Sky,WCC,,,,,,
321390,1991-12-17,,1992,regular,,final,Lamar,UCF,139,312,95,89,,Sun Belt,Sun Belt,,,,,,
321391,1991-12-17,,1992,regular,,final,Cleveland State,Creighton,53,61,76,68,,Summit,MVC,,,,,,
321392,1991-12-17,,1992,regular,,final,UC Santa Barbara,Ohio State,311,216,75,82,,Big West,Big Ten,,,,,,
321393,1991-12-17,,1992,regular,,final,DePaul,Northern Illinois,65,208,90,77,,,Summit,,,,,,
321394,1991-12-17,,1992,regular,,final,Drexel,Penn State,71,226,65,80,,Am. East,Indep.,,,,,,
321395,1991-12-17,,1992,regular,,final,Tennessee,East Carolina,292,74,93,58,,SEC,CAA,,,,,,
321397,1991-12-17,,1992,regular,,final,James Madison,Mount St. Mary's,129,183,118,68,,CAA,NEC,,,,,,
321398,1991-12-17,,1992,regular,,final,Kansas City,Jackson State,130,126,86,74,,Indep.,SWAC,,,,,,
321399,1991-12-17,,1992,regular,,final,Virginia Tech,Liberty,340,142,93,64,,,Big South,,,,,,
321400,1991-12-17,,1992,regular,,final,Rider,Long Island University,243,146,79,60,,,NEC,,,,,,
321401,1991-12-17,,1992,regular,,final,NC State,Princeton,185,234,47,50,,ACC,Ivy,,,,,,
321402,1991-12-17,,1992,regular,,final,New Orleans,Virginia,193,339,54,52,,Sun Belt,ACC,,,,,,
321403,1991-12-17,,1992,regular,,final,Oregon State,Oral Roberts,224,222,112,87,,Pac-12,Indep.,,,,,,
321404,1991-12-17,,1992,regular,,final,Wake Forest,VMI,342,334,74,43,,ACC,SoCon,,,,,,
321405,1991-12-18,,1992,regular,,final,Ole Miss,Alcorn State,220,7,111,67,,SEC,SWAC,,,,,,
321406,1991-12-18,,1992,regular,,final,Jacksonville,Bethune-Cookman,127,23,110,93,,Sun Belt,MEAC,,,,,,
321407,1991-12-18,,1992,regular,,final,BYU,McNeese,18,162,104,64,,UAC,Southland,,,,,,
321408,1991-12-18,,1992,regular,,final,Evansville,Coastal Carolina,82,54,80,57,,Horizon,Big South,,,,,,
321409,1991-12-18,,1992,regular,,final,Manhattan,Colgate,155,55,71,46,,Metro,Patriot,,,,,,
321410,1991-12-18,,1992,regular,,final,Mercer,Georgia State,164,100,78,79,,ASUN,ASUN,,,,,,
321411,1991-12-18,,1992,regular,,final,Rice,Grambling,241,103,101,61,,,SWAC,,,,,,
321412,1991-12-18,,1992,regular,,final,Louisville,Morehead State,150,181,90,76,,,OVC,,,,,,
321413,1991-12-18,,1992,regular,,final,Memphis,Minnesota,163,173,65,62,,,Big Ten,,,,,,
321414,1991-12-18,,1992,regular,,final,Marshall,Pittsburgh,158,229,65,89,,SoCon,Big East,,,,,,
321415,1991-12-18,,1992,regular,,final,Western Kentucky,Murray State,350,184,93,89,,Sun Belt,OVC,,,,,,
321416,1991-12-18,,1992,regular,,final,Louisiana,Nicholls,148,195,53,52,,Sun Belt,Southland,,,,,,
321417,1991-12-18,,1992,regular,,final,Texas Tech,New Mexico State,298,192,68,76,,,Big West,,,,,,
321418,1991-12-18,,1992,regular,,final,Texas Pan American,Southeast Missouri State,1535,272,68,70,,,OVC,,,,,,
321419,1991-12-18,,1992,regular,,final,Loyola Chicago,UC Irvine,151,308,84,51,,Horizon,Big West,,,,,,
321420,1991-12-18,,1992,regular,,final,Nevada,Northwestern State,189,211,117,88,,Big Sky,Southland,,,,,,
321422,1991-12-19,,1992,regular,,final,UAB,Texas State,305,297,66,49,,,Southland,,,,,,
321424,1991-12-19,,1992,regular,,final,Sacramento State,UNC Greensboro,249,320,63,72,,Indep.,Indep.,,,,,,
321426,1991-12-19,,1992,regular,,final,San Diego State,Florida A&M,257,85,94,90,,UAC,MEAC,,,,,,
321427,1991-12-19,,1992,regular,,final,South Florida,Florida State,271,90,92,88,,,ACC,,,,,,
321430,1991-12-19,,1992,regular,,final,Harvard,Vermont,107,337,63,74,,Ivy,Am. East,,,,,,
321431,1991-12-19,,1992,regular,,final,Hawai'i,Idaho State,108,116,88,76,,UAC,Big Sky,,,,,,
321432,1991-12-19,,1992,regular,,final,UCLA,Loyola Marymount,313,153,106,80,,Pac-12,WCC,,,,,,
321434,1991-12-19,,1992,regular,,final,Miami,SMU,168,248,60,69,,Big East,,,,,,,
321435,1991-12-19,,1992,regular,,final,Montana,Washington,179,343,60,55,,Big Sky,Pac-12,,,,,,
321436,1991-12-19,,1992,regular,,final,Nebraska,Texas A&M,188,293,91,68,,MVC,,,,,,,
321437,1991-12-19,,1992,regular,,final,Oregon,Oral Roberts,223,222,105,73,,Pac-12,Indep.,,,,,,
321438,1991-12-20,,1992,regular,,final,Air Force,Kent State,2,134,72,64,,UAC,MAC,,,,,,
321441,1991-12-20,,1992,regular,,final,UAB,Georgia Southern,305,99,87,69,,,ASUN,,,,,,
321442,1991-12-20,,1992,regular,,final,Wright State,Alabama State,357,6,95,89,,Summit,SWAC,,,,,,
321443,1991-12-20,,1992,regular,,final,Arizona State,App State,10,9,88,57,,Pac-12,SoCon,,,,,,
321444,1991-12-20,,1992,regular,,final,Arkansas,Arizona,12,11,65,59,,SEC,Pac-12,,,,,,
321445,1991-12-20,,1992,regular,,final,Little Rock,Arkansas State,144,13,79,82,,Sun Belt,Sun Belt,,,,,,
321446,1991-12-20,,1992,regular,,final,Army,Manhattan,15,155,51,69,,Patriot,Metro,,,,,,
321448,1991-12-20,,1992,regular,,final,Austin Peay,East Tennessee State,17,75,89,85,,OVC,SoCon,,,,,,
321449,1991-12-20,,1992,regular,,final,Ball State,Valparaiso,19,335,67,46,,MAC,Summit,,,,,,
321450,1991-12-20,,1992,regular,,final,Baylor,DePaul,20,65,67,82,,,,,,,,,
321451,1991-12-20,,1992,regular,,final,Marquette,Bethune-Cookman,157,23,89,53,,,MEAC,,,,,,
321452,1991-12-20,,1992,regular,,final,Bradley,UC Irvine,29,308,57,61,,MVC,Big West,,,,,,
321453,1991-12-20,,1992,regular,,final,Brooklyn,Colgate,414,55,65,67,,,Patriot,,,,,,
321454,1991-12-20,,1992,regular,,final,Marist,Buffalo,156,33,67,71,,NEC,Indep.,,,,,,
321455,1991-12-20,,1992,regular,,final,Butler,Purdue,34,236,70,76,,Horizon,Big Ten,,,,,,
321456,1991-12-20,,1992,regular,,final,BYU,Weber State,18,345,81,68,,UAC,Big Sky,,,,,,
321457,1991-12-20,,1992,regular,,final,California,Houston,40,113,75,81,,Pac-12,,,,,,,
321458,1991-12-20,,1992,regular,,final,Montana,Coastal Carolina,179,54,74,52,,Big Sky,Big South,,,,,,
321459,1991-12-20,,1992,regular,,final,UCF,Georgia State,312,100,95,94,,Sun Belt,ASUN,,,,,,
321460,1991-12-20,,1992,regular,,final,Western Carolina,Charleston,348,46,70,79,,SoCon,Indep.,,,,,,
321461,1991-12-20,,1992,regular,,final,Green Bay,Chicago State,105,50,72,53,,Summit,Indep.,,,,,,
321462,1991-12-20,,1992,regular,,final,Michigan State,Cincinnati,169,51,90,89,,Big Ten,,,,,,,
321463,1991-12-20,,1992,regular,,final,Colorado,Northern Arizona,56,206,90,66,,,Big Sky,,,,,,
321464,1991-12-20,,1992,regular,,final,James Madison,Coppin State,129,59,100,88,,CAA,MEAC,,,,,,
321465,1991-12-20,,1992,regular,,final,Vanderbilt,Dayton,336,64,84,64,,SEC,Horizon,,,,,,
321466,1991-12-20,,1992,regular,,final,Hawai'i,Detroit Mercy,108,69,81,83,,UAC,Horizon,,,,,,
321467,1991-12-20,,1992,regular,,final,Drexel,St. Francis (PA),71,278,73,83,,Am. East,NEC,,,,,,
321469,1991-12-20,,1992,regular,,final,Xavier,Duquesne,359,73,104,108,,Horizon,A-10,,,,,,
321471,1991-12-20,,1992,regular,,final,Murray State,Evansville,184,82,80,87,,OVC,Horizon,,,,,,
321472,1991-12-20,,1992,regular,,final,Nebraska,Eastern Washington,188,80,102,67,,MVC,Big Sky,,,,,,
321474,1991-12-20,,1992,regular,,final,Fairleigh Dickinson,Western Michigan,84,351,59,67,,NEC,MAC,,,,,,
321475,1991-12-20,,1992,regular,,final,Florida International,Florida,89,87,44,69,,ASUN,SEC,,,,,,
321476,1991-12-20,,1992,regular,,final,Fordham,Saint Joseph's,91,251,75,87,,Patriot,A-10,,,,,,
321477,1991-12-20,,1992,regular,,final,Fresno State,Oregon State,92,224,83,72,,Big West,Pac-12,,,,,,
321478,1991-12-20,,1992,regular,,final,Fairfield,Miami (OH),83,167,66,75,,Metro,MAC,,,,,,
321479,1991-12-20,,1992,regular,,final,Cal State Fullerton,Cal State Northridge,37,38,82,61,,Big West,Indep.,,,,,,
321480,1991-12-20,,1992,regular,,final,Furman,South Carolina State,93,267,90,59,,SoCon,MEAC,,,,,,
321481,1991-12-20,,1992,regular,,final,George Mason,Liberty,95,142,89,100,,CAA,Big South,,,,,,
321484,1991-12-20,,1992,regular,,final,Georgetown,Maryland Eastern Shore,97,159,79,37,,Big East,MEAC,,,,,,
321485,1991-12-20,,1992,regular,,final,St. Francis Brooklyn,Hofstra,364,110,53,71,,NEC,,,,,,,
321486,1991-12-20,,1992,regular,,final,Wisconsin,Howard,355,114,64,57,,Big Ten,MEAC,,,,,,
321487,1991-12-20,,1992,regular,,final,Hartford,Rhode Island,363,240,68,75,,Am. East,A-10,,,,,,
321488,1991-12-20,,1992,regular,,final,Illinois,UMBC,118,317,84,71,,Big Ten,,,,,,,
321489,1991-12-20,,1992,regular,,final,Missouri State,Illinois State,176,119,51,61,,MVC,MVC,,,,,,
321490,1991-12-20,,1992,regular,,final,St. John's,Indiana,279,121,77,82,,Big East,Big Ten,,,,,,
321491,1991-12-20,,1992,regular,,final,Southern Illinois,Indiana State,273,122,74,57,,MVC,MVC,,,,,,
321492,1991-12-20,,1992,regular,,final,Iona,NC State,123,185,100,86,,Metro,ACC,,,,,,
321493,1991-12-20,,1992,regular,,final,Missouri,Jackson State,177,126,99,76,,,SWAC,,,,,,
321494,1991-12-20,,1992,regular,,final,Lamar,Kansas State,139,132,116,75,,Sun Belt,,,,,,,
321495,1991-12-20,,1992,regular,,final,Syracuse,Lafayette,286,138,87,58,,Big East,Patriot,,,,,,
321496,1991-12-20,,1992,regular,,final,La Salle,Princeton,137,234,46,47,,Metro,Ivy,,,,,,
321497,1991-12-20,,1992,regular,,final,Rutgers,Long Island University,245,146,86,72,,A-10,NEC,,,,,,
321498,1991-12-20,,1992,regular,,final,Loyola Chicago,Northwestern,151,212,88,73,,Horizon,Big Ten,,,,,,
321499,1991-12-20,,1992,regular,,final,Louisiana Tech,SE Louisiana,149,246,92,69,,Sun Belt,ASUN,,,,,,
321500,1991-12-20,,1992,regular,,final,LSU,Louisville,136,150,92,93,,SEC,,,,,,,
321501,1991-12-20,,1992,regular,,final,Maryland,Towson,160,301,83,76,,ACC,,,,,,,
321502,1991-12-20,,1992,regular,,final,Tulane,Mercer,303,164,82,56,,,ASUN,,,,,,
321503,1991-12-20,,1992,regular,,final,Oklahoma,Morgan State,217,182,144,81,,,MEAC,,,,,,
321504,1991-12-20,,1992,regular,,final,Michigan,Rice,170,241,87,70,,Big Ten,,,,,,,
321505,1991-12-20,,1992,regular,,final,Texas Pan American,Kansas City,1535,130,56,55,,,Indep.,,,,,,
321506,1991-12-20,,1992,regular,,final,Montana State,Southern Utah,180,276,103,91,,Big Sky,Indep.,,,,,,
321507,1991-12-20,,1992,regular,,final,Tennessee Tech,Mississippi State,291,174,84,90,,OVC,SEC,,,,,,
321508,1991-12-20,,1992,regular,,final,Saint Louis,North Carolina A&T,252,198,81,85,,,MEAC,,,,,,
321509,1991-12-20,,1992,regular,,final,Stetson,UNC Wilmington,283,321,87,90,,ASUN,CAA,,,,,,
321510,1991-12-20,,1992,regular,,final,New Mexico,Tennessee State,191,290,107,59,,UAC,OVC,,,,,,
321511,1991-12-20,,1992,regular,,final,Niagara,Northeastern,194,205,71,75,,Metro,Am. East,,,,,,
321512,1991-12-20,,1992,regular,,final,Northeastern Illinois,Nicholls,390,195,68,69,,Indep.,Southland,,,,,,
321513,1991-12-20,,1992,regular,,final,USC,Ohio State,323,216,79,77,,Pac-12,Big Ten,,,,,,
321514,1991-12-20,,1992,regular,,final,Saint Mary's,Pacific,253,225,69,61,,WCC,Big West,,,,,,
321516,1991-12-20,,1992,regular,,final,Providence,Vermont,235,337,74,67,,Big East,Am. East,,,,,,
321517,1991-12-20,,1992,regular,,final,Youngstown State,Radford,361,239,75,70,,Indep.,Big South,,,,,,
321518,1991-12-20,,1992,regular,,final,Richmond,Wake Forest,242,342,60,74,,CAA,ACC,,,,,,
321519,1991-12-20,,1992,regular,,final,San Diego State,South Carolina,257,266,69,71,,UAC,SEC,,,,,,
321520,1991-12-20,,1992,regular,,final,Santa Clara,San José State,261,260,60,61,,WCC,Big West,,,,,,
321521,1991-12-20,,1992,regular,,final,Stanford,Virginia,281,339,74,60,,Pac-12,ACC,,,,,,
321522,1991-12-20,,1992,regular,,final,St. Bonaventure,Wagner,277,341,83,84,,A-10,NEC,,,,,,
321523,1991-12-20,,1992,regular,,final,VCU,Tennessee,333,292,78,92,,,SEC,,,,,,
321524,1991-12-20,,1992,regular,,final,Texas A&M-San Antonio,Texas Southern,583,296,99,72,,,SWAC,,,,,,
321525,1991-12-20,,1992,regular,,final,Nevada,San Francisco,189,259,87,83,,Big Sky,WCC,,,,,,
321526,1991-12-20,,1992,regular,,final,Wichita State,Utah,352,331,36,58,,MVC,UAC,,,,,,
321527,1991-12-20,,1992,regular,,final,Virginia Tech,West Virginia,340,347,65,66,,,A-10,,,,,,
321528,1991-12-21,,1992,regular,,final,San Diego,Cal State Northridge,258,38,80,59,,WCC,Indep.,,,,,,
321529,1991-12-21,,1992,regular,,final,Creighton,Siena,61,264,60,71,,MVC,Metro,,,,,,
321530,1991-12-21,,1992,regular,,final,Texas,UC Santa Barbara,295,311,90,77,,,Big West,,,,,,
321531,1991-12-21,,1992,regular,,final,Gonzaga,Idaho,102,117,80,62,,WCC,Big Sky,,,,,,
321532,1991-12-21,,1992,regular,,final,Saint Peter's,Holy Cross,254,111,83,87,,Metro,Patriot,,,,,,
321533,1991-12-21,,1992,regular,,final,Northern Iowa,Wyoming,209,358,55,60,,MVC,UAC,,,,,,
321535,1991-12-22,,1992,regular,,final,Tulsa,Arkansas,304,12,64,74,,MVC,SEC,,,,,,
321536,1991-12-22,,1992,regular,,final,Arizona State,Miami,10,168,62,57,,Pac-12,Big East,,,,,,
321537,1991-12-22,,1992,regular,,final,Ball State,Butler,19,34,72,78,,MAC,Horizon,,,,,,
321538,1991-12-22,,1992,regular,,final,Western Kentucky,Bethune-Cookman,350,23,105,78,,Sun Belt,MEAC,,,,,,
321539,1991-12-22,,1992,regular,,final,San José State,Boise State,260,25,68,80,,Big West,Big Sky,,,,,,
321540,1991-12-22,,1992,regular,,final,Brooklyn,Delaware,414,66,74,92,,,Am. East,,,,,,
321541,1991-12-22,,1992,regular,,final,Canisius,Niagara,42,194,85,81,,Metro,Metro,,,,,,
321542,1991-12-22,,1992,regular,,final,Washington State,Sacramento State,344,249,97,63,,Pac-12,Indep.,,,,,,
321543,1991-12-22,,1992,regular,,final,UIC,Chicago State,315,50,96,80,,Summit,Indep.,,,,,,
321544,1991-12-22,,1992,regular,,final,Colorado,Texas A&M-San Antonio,56,583,101,86,,,,,,,,,
321545,1991-12-22,,1992,regular,,final,UConn,Fairfield,314,83,89,59,,Big East,Metro,,,,,,
321546,1991-12-22,,1992,regular,,final,Pittsburgh,Cornell,229,60,86,47,,Big East,Ivy,,,,,,
321547,1991-12-22,,1992,regular,,final,Providence,Dartmouth,235,62,81,54,,Big East,Ivy,,,,,,
321548,1991-12-22,,1992,regular,,final,East Tennessee State,James Madison,75,129,110,90,,SoCon,CAA,,,,,,
321549,1991-12-22,,1992,regular,,final,Seton Hall,Fairleigh Dickinson,263,84,72,46,,Big East,NEC,,,,,,
321550,1991-12-22,,1992,regular,,final,San Francisco,Fresno State,259,92,91,82,,WCC,Big West,,,,,,
321551,1991-12-22,,1992,regular,,final,Florida State,Robert Morris,90,244,76,60,,ACC,NEC,,,,,,
321552,1991-12-22,,1992,regular,,final,UCLA,Cal State Fullerton,313,37,86,80,,Pac-12,Big West,,,,,,
321553,1991-12-22,,1992,regular,,final,Idaho State,Northern Illinois,116,208,97,92,,Big Sky,Summit,,,,,,
321555,1991-12-22,,1992,regular,,final,Washington,Jacksonville,343,127,63,53,,Pac-12,Sun Belt,,,,,,
321556,1991-12-22,,1992,regular,,final,Memphis,Jackson State,163,126,87,73,,,SWAC,,,,,,
321558,1991-12-22,,1992,regular,,final,UNLV,Lamar,322,139,100,75,,Big West,Sun Belt,,,,,,
321559,1991-12-22,,1992,regular,,final,Maryland,Rider,160,243,83,69,,ACC,,,,,,,
321560,1991-12-22,,1992,regular,,final,Minnesota,Weber State,173,345,92,52,,Big Ten,Big Sky,,,,,,
321561,1991-12-22,,1992,regular,,final,Marquette,Sam Houston,157,255,75,44,,,Southland,,,,,,
321562,1991-12-22,,1992,regular,,final,Saint Mary's,UNC Greensboro,253,320,71,49,,WCC,Indep.,,,,,,
321563,1991-12-22,,1992,regular,,final,New Orleans,Texas Southern,193,296,95,80,,Sun Belt,SWAC,,,,,,
321564,1991-12-22,,1992,regular,,final,Old Dominion,West Virginia,219,347,83,82,,CAA,A-10,,,,,,
321565,1991-12-22,,1992,regular,,final,Purdue,Missouri State,236,176,53,44,,Big Ten,MVC,,,,,,
321566,1991-12-22,,1992,regular,,final,Chattanooga,Southern Miss,49,275,72,67,,SoCon,,,,,,,
321567,1991-12-22,,1992,regular,,final,Tulane,Southern,303,274,97,94,,,SWAC,,,,,,
321568,1991-12-26,,1992,regular,,final,Boise State,Air Force,25,2,77,68,,Big Sky,UAC,,,,,,
321570,1991-12-26,,1992,regular,,final,Santa Clara,UAB,261,305,62,73,,WCC,,,,,,,
321572,1991-12-26,,1992,regular,,final,Arizona State,Brown,10,30,78,71,,Pac-12,Ivy,,,,,,
321573,1991-12-26,,1992,regular,,final,Michigan State,Austin Peay,169,17,82,71,,Big Ten,OVC,,,,,,
321575,1991-12-26,,1992,regular,,final,Wyoming,Boston University,358,27,81,75,,UAC,Am. East,,,,,,
321576,1991-12-26,,1992,regular,,final,New Mexico,Bucknell,191,32,70,57,,UAC,Patriot,,,,,,
321579,1991-12-26,,1992,regular,,final,UConn,Central Connecticut,314,44,112,58,,Big East,Indep.,,,,,,
321582,1991-12-26,,1992,regular,,final,New Mexico State,Delaware State,192,67,109,73,,Big West,MEAC,,,,,,
321583,1991-12-26,,1992,regular,,final,Xavier,East Tennessee State,359,75,79,82,,Horizon,SoCon,,,,,,
321584,1991-12-26,,1992,regular,,final,St. John's,Fordham,279,91,70,53,,Big East,Patriot,,,,,,
321589,1991-12-26,,1992,regular,,final,Gonzaga,Maine-Farmington,102,1078,70,55,,WCC,,,,,,,
321591,1991-12-26,,1992,regular,,final,Hawai'i,Navy,108,187,95,88,,UAC,Patriot,,,,,,
321597,1991-12-26,,1992,regular,,final,New Orleans,James Madison,193,129,67,47,,Sun Belt,CAA,,,,,,
321601,1991-12-26,,1992,regular,,final,South Alabama,Louisiana Tech,265,149,64,65,,Sun Belt,Sun Belt,,,,,,
321602,1991-12-26,,1992,regular,,final,Mount St. Mary's,Maryland Eastern Shore,183,159,88,69,,NEC,MEAC,,,,,,
321607,1991-12-26,,1992,regular,,final,Montana State,Milwaukee,180,172,67,70,,Big Sky,Indep.,,,,,,
321609,1991-12-26,,1992,regular,,final,South Florida,Northeastern Illinois,271,390,96,77,,,Indep.,,,,,,
321610,1991-12-26,,1992,regular,,final,Toledo,Rhode Island,300,240,55,66,,MAC,A-10,,,,,,
321619,1991-12-27,,1992,regular,,final,Arizona,Evansville,11,82,83,76,,Pac-12,Horizon,,,,,,
321621,1991-12-27,,1992,regular,,final,Texas Pan American,Little Rock,1535,144,55,54,,,Sun Belt,,,,,,
321622,1991-12-27,,1992,regular,,final,Arizona State,Northwestern,10,212,81,62,,Pac-12,Big Ten,,,,,,
321625,1991-12-27,,1992,regular,,final,Sacramento State,Ball State,249,19,60,83,,Indep.,MAC,,,,,,
321626,1991-12-27,,1992,regular,,final,Bethune-Cookman,Georgetown,23,97,54,98,,MEAC,Big East,,,,,,
321627,1991-12-27,,1992,regular,,final,Santa Clara,Boston College,261,26,45,62,,WCC,Big East,,,,,,
321628,1991-12-27,,1992,regular,,final,Boise State,Western Michigan,25,351,80,64,,Big Sky,MAC,,,,,,
321630,1991-12-27,,1992,regular,,final,Buffalo,Brooklyn,33,414,59,72,,Indep.,,,,,,,
321635,1991-12-27,,1992,regular,,final,San José State,California,260,40,87,93,,Big West,Pac-12,,,,,,
321638,1991-12-27,,1992,regular,,final,Charleston,UT Arlington,46,324,83,70,,Indep.,Southland,,,,,,
321639,1991-12-27,,1992,regular,,final,Northern Illinois,Chicago State,208,50,106,100,,Summit,Indep.,,,,,,
321641,1991-12-27,,1992,regular,,final,St. Francis (PA),Cleveland State,278,53,58,75,,NEC,Summit,,,,,,
321642,1991-12-27,,1992,regular,,final,Cal State Northridge,Eastern Washington,38,80,78,72,,Indep.,Big Sky,,,,,,
321643,1991-12-27,,1992,regular,,final,Colorado State,Colorado,57,56,57,75,,UAC,,,,,,,
321644,1991-12-27,,1992,regular,,final,UConn,Furman,314,93,87,68,,Big East,SoCon,,,,,,
321645,1991-12-27,,1992,regular,,final,Saint Louis,Dayton,252,64,72,83,,,Horizon,,,,,,
321647,1991-12-27,,1992,regular,,final,Florida A&M,Seton Hall,85,263,59,100,,MEAC,Big East,,,,,,
321650,1991-12-27,,1992,regular,,final,Cal State Fullerton,Drake,37,70,70,58,,Big West,MVC,,,,,,
321651,1991-12-27,,1992,regular,,final,Georgia,Tennessee Tech,98,291,105,90,,SEC,OVC,,,,,,
321652,1991-12-27,,1992,regular,,final,Mount St. Mary's,Georgia State,183,100,97,92,,NEC,ASUN,,,,,,
321653,1991-12-27,,1992,regular,,final,Georgia Tech,Mercer,101,164,97,67,,ACC,ASUN,,,,,,
321655,1991-12-27,,1992,regular,,final,Gonzaga,Yale,102,360,70,59,,WCC,Ivy,,,,,,
321656,1991-12-27,,1992,regular,,final,Hawai'i,Washington State,108,344,61,63,,UAC,Pac-12,,,,,,
321657,1991-12-27,,1992,regular,,final,Hartford,Saint Peter's,363,254,65,73,,Am. East,Metro,,,,,,
321658,1991-12-27,,1992,regular,,final,Toledo,Idaho,300,117,60,52,,MAC,Big Sky,,,,,,
321660,1991-12-27,,1992,regular,,final,Jacksonville,Iona,127,123,88,85,,Sun Belt,Metro,,,,,,
321662,1991-12-27,,1992,regular,,final,South Florida,Iowa,271,124,85,78,,,Big Ten,,,,,,
321665,1991-12-27,,1992,regular,,final,Kentucky,Louisville,135,150,103,89,,SEC,,,,,,,
321669,1991-12-27,,1992,regular,,final,San Diego,Lehigh,258,141,91,79,,WCC,Patriot,,,,,,
321670,1991-12-27,,1992,regular,,final,Loyola Chicago,Purdue,151,236,87,79,,Horizon,Big Ten,,,,,,
321671,1991-12-27,,1992,regular,,final,LSU,Northern Arizona,136,206,159,86,,SEC,Big Sky,,,,,,
321673,1991-12-27,,1992,regular,,final,Saint Mary's,Manhattan,253,155,50,66,,WCC,Metro,,,,,,
321675,1991-12-27,,1992,regular,,final,McNeese,Louisiana,162,148,79,94,,Southland,Sun Belt,,,,,,
321676,1991-12-27,,1992,regular,,final,St. John's,Memphis,279,163,75,54,,Big East,,,,,,,
321678,1991-12-27,,1992,regular,,final,New Mexico,Miami (OH),191,167,63,55,,UAC,MAC,,,,,,
321679,1991-12-27,,1992,regular,,final,Monmouth,Rice,178,241,60,59,,NEC,,,,,,,
321681,1991-12-27,,1992,regular,,final,Missouri,Murray State,177,184,92,52,,,OVC,,,,,,
321682,1991-12-27,,1992,regular,,final,Michigan State,Stanford,169,281,72,62,,Big Ten,Pac-12,,,,,,
321685,1991-12-27,,1992,regular,,final,New Orleans,Pittsburgh,193,229,78,77,,Sun Belt,Big East,,,,,,
321686,1991-12-27,,1992,regular,,final,UTEP,Northern Iowa,327,209,90,56,,UAC,MVC,,,,,,
321687,1991-12-27,,1992,regular,,final,Wyoming,Ohio,358,215,70,65,,UAC,MAC,,,,,,
321690,1991-12-27,,1992,regular,,final,VCU,Richmond,333,242,71,72,,,CAA,,,,,,
321691,1991-12-27,,1992,regular,,final,USC,Robert Morris,323,244,92,77,,Pac-12,NEC,,,,,,
321692,1991-12-27,,1992,regular,,final,South Carolina,Southern,266,274,98,69,,SEC,SWAC,,,,,,
321693,1991-12-27,,1992,regular,,final,Southern Utah,San Diego State,276,257,104,82,,Indep.,UAC,,,,,,
321694,1991-12-27,,1992,regular,,final,Wichita State,Southern Illinois,352,273,64,66,,MVC,MVC,,,,,,
321695,1991-12-27,,1992,regular,,final,SMU,Towson,248,301,85,66,,,,,,,,,
321696,1991-12-27,,1992,regular,,final,Texas A&M,Texas State,293,297,71,73,,,Southland,,,,,,
321697,1991-12-27,,1992,regular,,final,Youngstown State,Tennessee State,361,290,81,73,,Indep.,OVC,,,,,,
321698,1991-12-27,,1992,regular,,final,UC Irvine,Lafayette,308,138,64,56,,Big West,Patriot,,,,,,
321699,1991-12-27,,1992,regular,,final,UCLA,Oral Roberts,313,222,113,62,,Pac-12,Indep.,,,,,,
321700,1991-12-27,,1992,regular,,final,UNLV,Nevada,322,189,93,72,,Big West,Big Sky,,,,,,
321701,1991-12-27,,1992,regular,,final,Weber State,Utah,345,331,75,59,,Big Sky,UAC,,,,,,
321703,1991-12-28,,1992,regular,,final,UCF,Alcorn State,312,7,96,88,,Sun Belt,SWAC,,,,,,
321704,1991-12-28,,1992,regular,,final,Ohio State,American University,216,8,96,70,,Big Ten,CAA,,,,,,
321705,1991-12-28,,1992,regular,,final,Arizona,Rutgers,11,245,103,80,,Pac-12,A-10,,,,,,
321706,1991-12-28,,1992,regular,,final,Chattanooga,Auburn,49,16,87,75,,SoCon,SEC,,,,,,
321709,1991-12-28,,1992,regular,,final,Marist,Colgate,156,55,44,48,,NEC,Patriot,,,,,,
321711,1991-12-28,,1992,regular,,final,Florida State,Duquesne,90,73,88,73,,ACC,A-10,,,,,,
321715,1991-12-28,,1992,regular,,final,Hawai'i,Villanova,108,338,86,79,,UAC,Big East,,,,,,
321718,1991-12-28,,1992,regular,,final,Vanderbilt,New Hampshire,336,190,100,67,,SEC,Am. East,,,,,,
321719,1991-12-28,,1992,regular,,final,Tulsa,Oklahoma State,304,218,76,82,,MVC,,,,,,,
321720,1991-12-28,,1992,regular,,final,VCU,Old Dominion,333,219,66,67,,,CAA,,,,,,
321722,1991-12-28,,1992,regular,,final,UTEP,Texas,327,295,92,88,,UAC,,,,,,,
321723,1991-12-29,,1992,regular,,final,Akron,Tennessee State,3,290,82,71,,Summit,OVC,,,,,,
321724,1991-12-29,,1992,regular,,final,Montana State,App State,180,9,87,73,,Big Sky,SoCon,,,,,,
321725,1991-12-29,,1992,regular,,final,South Alabama,Arkansas,265,12,82,101,,Sun Belt,SEC,,,,,,
321726,1991-12-29,,1992,regular,,final,Little Rock,Southeast Missouri State,144,272,85,77,,Sun Belt,OVC,,,,,,
321727,1991-12-29,,1992,regular,,final,Army,Saint Peter's,15,254,47,60,,Patriot,Metro,,,,,,
321728,1991-12-29,,1992,regular,,final,Baylor,North Texas,20,204,80,66,,,Southland,,,,,,
321729,1991-12-29,,1992,regular,,final,New Orleans,Brown,193,30,60,59,,Sun Belt,Ivy,,,,,,
321731,1991-12-29,,1992,regular,,final,California,Manhattan,40,155,82,56,,Pac-12,Metro,,,,,,
321732,1991-12-29,,1992,regular,,final,St. Francis (PA),Canisius,278,42,63,62,,NEC,Metro,,,,,,
321733,1991-12-29,,1992,regular,,final,Sacramento State,Drake,249,70,60,58,,Indep.,MVC,,,,,,
321734,1991-12-29,,1992,regular,,final,Providence,Central Connecticut,235,44,75,63,,Big East,Indep.,,,,,,
321735,1991-12-29,,1992,regular,,final,Western Illinois,Chicago State,349,50,100,98,,Summit,Indep.,,,,,,
321737,1991-12-29,,1992,regular,,final,Cornell,Winthrop,60,354,74,52,,Ivy,Big South,,,,,,
321738,1991-12-29,,1992,regular,,final,Colorado State,Idaho State,57,116,81,77,,UAC,Big Sky,,,,,,
321739,1991-12-29,,1992,regular,,final,Marist,Dartmouth,156,62,48,50,,NEC,Ivy,,,,,,
321740,1991-12-29,,1992,regular,,final,South Carolina,Davidson,266,63,84,56,,SEC,Big South,,,,,,
321741,1991-12-29,,1992,regular,,final,Dayton,VMI,64,334,84,56,,Horizon,SoCon,,,,,,
321742,1991-12-29,,1992,regular,,final,Eastern Michigan,Detroit Mercy,79,69,89,81,,MAC,Horizon,,,,,,
321743,1991-12-29,,1992,regular,,final,Duke,William & Mary,72,353,97,91,,ACC,CAA,,,,,,
321744,1991-12-29,,1992,regular,,final,Missouri,Eastern Illinois,177,77,83,56,,,Summit,,,,,,
321745,1991-12-29,,1992,regular,,final,Eastern Washington,UL Monroe,80,316,77,81,,Big Sky,Southland,,,,,,
321746,1991-12-29,,1992,regular,,final,Louisiana,Florida International,148,89,104,93,,Sun Belt,ASUN,,,,,,
321747,1991-12-29,,1992,regular,,final,Fairfield,Rice,83,241,77,78,,Metro,,,,,,,
321748,1991-12-29,,1992,regular,,final,Houston,Cal State Fullerton,113,37,83,67,,,Big West,,,,,,
321749,1991-12-29,,1992,regular,,final,Tennessee,Furman,292,93,92,74,,SEC,SoCon,,,,,,
321750,1991-12-29,,1992,regular,,final,Georgia Tech,St. Bonaventure,101,277,98,60,,ACC,A-10,,,,,,
321751,1991-12-29,,1992,regular,,final,Tennessee Tech,Georgia Southern,291,99,92,90,,OVC,ASUN,,,,,,
321752,1991-12-29,,1992,regular,,final,Vanderbilt,Holy Cross,336,111,76,72,,SEC,Patriot,,,,,,
321753,1991-12-29,,1992,regular,,final,Howard,Towson,114,301,74,69,,MEAC,,,,,,,
321754,1991-12-29,,1992,regular,,final,UIC,Illinois,315,118,87,94,,Summit,Big Ten,,,,,,
321755,1991-12-29,,1992,regular,,final,Stetson,Iona,283,123,102,105,,ASUN,Metro,,,,,,
321756,1991-12-29,,1992,regular,,final,Louisiana Tech,Jackson State,149,126,76,72,,Sun Belt,SWAC,,,,,,
321757,1991-12-29,,1992,regular,,final,Pepperdine,Lafayette,228,138,76,63,,WCC,Patriot,,,,,,
321758,1991-12-29,,1992,regular,,final,Lamar,Sam Houston,139,255,126,57,,Sun Belt,Southland,,,,,,
321759,1991-12-29,,1992,regular,,final,Long Beach State,Robert Morris,145,244,84,81,,Big West,NEC,,,,,,
321760,1991-12-29,,1992,regular,,final,Loyola Marymount,Lehigh,153,141,106,97,,WCC,Patriot,,,,,,
321761,1991-12-29,,1992,regular,,final,LSU,Nicholls,136,195,123,61,,SEC,Southland,,,,,,
321763,1991-12-29,,1992,regular,,final,Texas A&M,Kansas City,293,130,79,85,,,Indep.,,,,,,
321764,1991-12-29,,1992,regular,,final,Marquette,UMBC,157,317,93,63,,,,,,,,,
321765,1991-12-29,,1992,regular,,final,Mississippi State,Samford,174,256,72,48,,SEC,ASUN,,,,,,
321767,1991-12-29,,1992,regular,,final,UNC Greensboro,Western Carolina,320,348,81,79,,Indep.,SoCon,,,,,,
321769,1991-12-29,,1992,regular,,final,Nebraska,Green Bay,188,105,76,68,,MVC,Summit,,,,,,
321771,1991-12-29,,1992,regular,,final,Northern Illinois,Xavier,208,359,74,84,,Summit,Horizon,,,,,,
321772,1991-12-29,,1992,regular,,final,Oral Roberts,Stephen F. Austin,222,282,71,51,,Indep.,Southland,,,,,,
321773,1991-12-29,,1992,regular,,final,TCU,San Francisco,287,259,96,66,,,WCC,,,,,,
321774,1991-12-29,,1992,regular,,final,Texas A&M-San Antonio,SMU,583,248,80,60,,,,,,,,,
321775,1991-12-29,,1992,regular,,final,Santa Clara,Saint Louis,261,252,81,76,,WCC,,,,,,,
321776,1991-12-29,,1992,regular,,final,Syracuse,Wichita State,286,352,88,63,,Big East,MVC,,,,,,
321777,1991-12-29,,1992,regular,,final,UC Irvine,Tulane,308,303,77,96,,Big West,,,,,,,
321778,1991-12-29,,1992,regular,,final,UNLV,San Diego State,322,257,88,72,,Big West,UAC,,,,,,
321779,1991-12-29,,1992,regular,,final,Utah,Milwaukee,331,172,70,54,,UAC,Indep.,,,,,,
321780,1991-12-29,,1992,regular,,final,Utah State,Weber State,329,345,84,72,,Big West,Big Sky,,,,,,
321781,1991-12-29,,1992,regular,,final,Youngstown State,Wright State,361,357,81,95,,Indep.,Summit,,,,,,
321782,1991-12-30,,1992,regular,,final,Arkansas State,Murray State,13,184,63,59,,Sun Belt,OVC,,,,,,
321783,1991-12-30,,1992,regular,,final,UCF,Radford,312,239,81,76,,Sun Belt,Big South,,,,,,
321784,1991-12-30,,1992,regular,,final,Cincinnati,South Florida,51,271,80,60,,,,,,,,,
321785,1991-12-30,,1992,regular,,final,Missouri State,Fordham,176,91,61,48,,MVC,Patriot,,,,,,
321786,1991-12-30,,1992,regular,,final,Lamar,Oklahoma,139,217,91,101,,Sun Belt,,,,,,,
321787,1991-12-30,,1992,regular,,final,Maine-Farmington,Loyola Chicago,1078,151,55,65,,,Horizon,,,,,,
321789,1992-01-01,,1992,regular,,final,UAB,Southern,305,274,90,72,,,SWAC,,,,,,
321790,1992-01-01,,1992,regular,,final,Alabama State,Tennessee State,6,290,105,81,,SWAC,OVC,,,,,,
321791,1992-01-01,,1992,regular,,final,Arizona,New Orleans,11,193,82,64,,Pac-12,Sun Belt,,,,,,
321792,1992-01-01,,1992,regular,,final,Boston University,Army,27,15,44,42,,Am. East,Patriot,,,,,,
321793,1992-01-01,,1992,regular,,final,Boston College,Syracuse,26,286,90,100,,Big East,Big East,,,,,,
321794,1992-01-01,,1992,regular,,final,Northern Arizona,Boise State,206,25,64,59,,Big Sky,Big Sky,,,,,,
321795,1992-01-01,,1992,regular,,final,Brooklyn,Central Connecticut,414,44,95,69,,,Indep.,,,,,,
321796,1992-01-01,,1992,regular,,final,Delaware,Bucknell,66,32,68,86,,Am. East,Patriot,,,,,,
321797,1992-01-01,,1992,regular,,final,California,Columbia,40,58,92,64,,Pac-12,Ivy,,,,,,
321798,1992-01-01,,1992,regular,,final,East Carolina,Campbell,74,41,105,67,,CAA,Big South,,,,,,
321799,1992-01-01,,1992,regular,,final,Oregon State,Sacramento State,224,249,104,89,,Pac-12,Indep.,,,,,,
321800,1992-01-01,,1992,regular,,final,Georgia State,UCF,100,312,80,71,,ASUN,Sun Belt,,,,,,
321801,1992-01-01,,1992,regular,,final,Marquette,Chicago State,157,50,92,55,,,Indep.,,,,,,
321802,1992-01-01,,1992,regular,,final,Cleveland State,Kent State,53,134,52,49,,Summit,MAC,,,,,,
321803,1992-01-01,,1992,regular,,final,Green Bay,Colorado,105,56,69,60,,Summit,,,,,,,
321804,1992-01-01,,1992,regular,,final,UConn,Miami,314,168,85,62,,Big East,Big East,,,,,,
321805,1992-01-01,,1992,regular,,final,Coppin State,South Carolina State,59,267,86,74,,MEAC,MEAC,,,,,,
321806,1992-01-01,,1992,regular,,final,Creighton,Eastern Illinois,61,77,61,60,,MVC,Summit,,,,,,
321807,1992-01-01,,1992,regular,,final,UC Santa Barbara,Pacific,311,225,60,53,,Big West,Big West,,,,,,
321808,1992-01-01,,1992,regular,,final,Drake,Colorado State,70,57,58,40,,MVC,UAC,,,,,,
321809,1992-01-01,,1992,regular,,final,DePaul,San Francisco,65,259,56,71,,,WCC,,,,,,
321810,1992-01-01,,1992,regular,,final,Virginia,Duke,339,72,62,68,,ACC,ACC,,,,,,
321811,1992-01-01,,1992,regular,,final,Rutgers,Duquesne,245,73,82,66,,A-10,A-10,,,,,,
321812,1992-01-01,,1992,regular,,final,Eastern Kentucky,Howard,78,114,77,62,,OVC,MEAC,,,,,,
321813,1992-01-01,,1992,regular,,final,Florida,Texas A&M,87,293,73,46,,SEC,,,,,,,
321814,1992-01-01,,1992,regular,,final,Florida State,UNC Asheville,90,319,107,54,,ACC,Big South,,,,,,
321815,1992-01-01,,1992,regular,,final,Cal State Fullerton,UNLV,37,322,74,86,,Big West,Big West,,,,,,
321816,1992-01-01,,1992,regular,,final,Santa Clara,George Mason,261,95,65,58,,WCC,CAA,,,,,,
321817,1992-01-01,,1992,regular,,final,Georgia Tech,Richmond,101,242,82,75,,ACC,CAA,,,,,,
321818,1992-01-01,,1992,regular,,final,Louisville,Houston,150,113,60,56,,,,,,,,,
321819,1992-01-01,,1992,regular,,final,Nevada,Idaho,189,117,88,70,,Big Sky,Big Sky,,,,,,
321820,1992-01-01,,1992,regular,,final,Montana State,Idaho State,180,116,90,87,,Big Sky,Big Sky,,,,,,
321821,1992-01-01,,1992,regular,,final,Iona,Manhattan,123,155,69,84,,Metro,Metro,,,,,,
321822,1992-01-01,,1992,regular,,final,South Alabama,Jacksonville,265,127,113,95,,Sun Belt,Sun Belt,,,,,,
321823,1992-01-01,,1992,regular,,final,Kansas,Pepperdine,131,228,79,73,,,WCC,,,,,,
321824,1992-01-01,,1992,regular,,final,Kentucky,Notre Dame,135,213,91,70,,SEC,Indep.,,,,,,
321825,1992-01-01,,1992,regular,,final,Wyoming,Kansas State,358,132,65,71,,UAC,,,,,,,
321826,1992-01-01,,1992,regular,,final,Long Beach State,San José State,145,260,68,65,,Big West,Big West,,,,,,
321827,1992-01-01,,1992,regular,,final,Marist,Loyola Marymount,156,153,80,84,,NEC,WCC,,,,,,
321828,1992-01-01,,1992,regular,,final,Siena,Loyola Maryland,264,152,82,66,,Metro,Metro,,,,,,
321829,1992-01-01,,1992,regular,,final,UMBC,St. Francis (PA),317,278,82,63,,,NEC,,,,,,
321830,1992-01-01,,1992,regular,,final,McNeese,UL Monroe,162,316,58,64,,Southland,Southland,,,,,,
321831,1992-01-01,,1992,regular,,final,Middle Tennessee,Oral Roberts,171,222,100,78,,OVC,Indep.,,,,,,
321832,1992-01-01,,1992,regular,,final,Mercer,St. Bonaventure,164,277,63,73,,ASUN,A-10,,,,,,
321833,1992-01-01,,1992,regular,,final,Monmouth,Northeastern,178,205,92,55,,NEC,Am. East,,,,,,
321834,1992-01-01,,1992,regular,,final,Montana,Weber State,179,345,62,60,,Big Sky,Big Sky,,,,,,
321835,1992-01-01,,1992,regular,,final,San Diego,Navy,258,187,93,76,,WCC,Patriot,,,,,,
321836,1992-01-01,,1992,regular,,final,Toledo,Nebraska,300,188,52,57,,MAC,MVC,,,,,,
321837,1992-01-01,,1992,regular,,final,Niagara,Rider,194,243,69,44,,Metro,,,,,,,
321838,1992-01-01,,1992,regular,,final,Nicholls,Northwestern State,195,211,81,79,,Southland,Southland,,,,,,
321839,1992-01-01,,1992,regular,,final,Northern Illinois,Valparaiso,208,335,77,66,,Summit,Summit,,,,,,
321840,1992-01-01,,1992,regular,,final,North Texas,Texas State,204,297,71,64,,Southland,Southland,,,,,,
321841,1992-01-01,,1992,regular,,final,Wright State,Ohio,357,215,71,87,,Summit,MAC,,,,,,
321842,1992-01-01,,1992,regular,,final,Ohio State,Penn State,216,226,73,63,,Big Ten,Indep.,,,,,,
321843,1992-01-01,,1992,regular,,final,Pittsburgh,Seton Hall,229,263,77,68,,Big East,Big East,,,,,,
321844,1992-01-01,,1992,regular,,final,Stetson,Radford,283,239,57,66,,ASUN,Big South,,,,,,
321845,1992-01-01,,1992,regular,,final,Temple,Rhode Island,289,240,62,74,,A-10,A-10,,,,,,
321846,1992-01-01,,1992,regular,,final,San Diego State,Yale,257,360,62,69,,UAC,Ivy,,,,,,
321847,1992-01-01,,1992,regular,,final,Tulsa,SE Louisiana,304,246,97,70,,MVC,ASUN,,,,,,
321848,1992-01-01,,1992,regular,,final,Villanova,St. John's,338,279,69,79,,Big East,Big East,,,,,,
321849,1992-01-01,,1992,regular,,final,Stanford,Southern Utah,281,276,89,71,,Pac-12,Indep.,,,,,,
321850,1992-01-01,,1992,regular,,final,UT Arlington,Texas A&M-San Antonio,324,583,83,78,,Southland,,,,,,,
321851,1992-01-01,,1992,regular,,final,UC Irvine,New Mexico State,308,192,71,75,,Big West,Big West,,,,,,
321852,1992-01-01,,1992,regular,,final,North Carolina,Purdue,200,236,78,50,,ACC,Big Ten,,,,,,
321853,1992-01-02,,1992,regular,,final,Canisius,Fairfield,42,83,86,81,,Metro,Metro,,,,,,
321854,1992-01-02,,1992,regular,,final,Saint Mary's,Cal State Northridge,253,38,74,72,,WCC,Indep.,,,,,,
321855,1992-01-02,,1992,regular,,final,Oregon State,James Madison,224,129,68,80,,Pac-12,CAA,,,,,,
321857,1992-01-02,,1992,regular,,final,New Mexico,Utah,191,331,60,54,,UAC,UAC,,,,,,
321858,1992-01-02,,1992,regular,,final,Washington,UTEP,343,327,50,55,,Pac-12,UAC,,,,,,
321859,1992-01-03,,1992,regular,,final,Portland,Air Force,230,2,84,59,,WCC,UAC,,,,,,
321860,1992-01-03,,1992,regular,,final,Akron,Northern Illinois,3,208,82,69,,Summit,Summit,,,,,,
321861,1992-01-03,,1992,regular,,final,Mississippi State,Alabama,174,5,64,78,,SEC,SEC,,,,,,
321862,1992-01-03,,1992,regular,,final,UAB,Memphis,305,163,63,67,,,,,,,,,
321863,1992-01-03,,1992,regular,,final,Grambling,Alcorn State,103,7,79,82,,SWAC,SWAC,,,,,,
321864,1992-01-03,,1992,regular,,final,Alabama State,Prairie View A&M,6,232,108,63,,SWAC,SWAC,,,,,,
321865,1992-01-03,,1992,regular,,final,Saint Joseph's,American University,251,8,96,82,,A-10,CAA,,,,,,
321866,1992-01-03,,1992,regular,,final,Arkansas,Auburn,12,16,110,92,,SEC,SEC,,,,,,
321867,1992-01-03,,1992,regular,,final,Little Rock,Lamar,144,139,83,73,,Sun Belt,Sun Belt,,,,,,
321868,1992-01-03,,1992,regular,,final,Marist,Army,156,15,67,60,,NEC,Patriot,,,,,,
321869,1992-01-03,,1992,regular,,final,Arkansas State,Southern Miss,13,275,64,54,,Sun Belt,,,,,,,
321870,1992-01-03,,1992,regular,,final,Arizona State,San Diego,10,258,59,56,,Pac-12,WCC,,,,,,
321871,1992-01-03,,1992,regular,,final,Southeast Missouri State,Austin Peay,272,17,79,76,,OVC,OVC,,,,,,
321872,1992-01-03,,1992,regular,,final,Baylor,South Alabama,20,265,59,88,,,Sun Belt,,,,,,
321873,1992-01-03,,1992,regular,,final,Delaware State,Bethune-Cookman,67,23,84,78,,MEAC,MEAC,,,,,,
321874,1992-01-03,,1992,regular,,final,Boston College,Seton Hall,26,263,64,67,,Big East,Big East,,,,,,
321875,1992-01-03,,1992,regular,,final,Nevada,Boise State,189,25,74,68,,Big Sky,Big Sky,,,,,,
321876,1992-01-03,,1992,regular,,final,Bradley,Indiana State,29,122,49,59,,MVC,MVC,,,,,,
321877,1992-01-03,,1992,regular,,final,Bucknell,Cornell,32,60,98,96,,Patriot,Ivy,,,,,,
321878,1992-01-03,,1992,regular,,final,Buffalo,Rider,33,243,63,84,,Indep.,,,,,,,
321879,1992-01-03,,1992,regular,,final,BYU,Tennessee Tech,18,291,95,68,,UAC,OVC,,,,,,
321880,1992-01-03,,1992,regular,,final,Saint Mary's,Sacramento State,253,249,98,59,,WCC,Indep.,,,,,,
321881,1992-01-03,,1992,regular,,final,Charlotte,Coastal Carolina,48,54,76,61,,,Big South,,,,,,
321882,1992-01-03,,1992,regular,,final,Central Connecticut,Robert Morris,44,244,63,81,,Indep.,NEC,,,,,,
321883,1992-01-03,,1992,regular,,final,Iowa,Centenary (LA),124,367,121,76,,Big Ten,ASUN,,,,,,
321884,1992-01-03,,1992,regular,,final,UCF,UNC Greensboro,312,320,71,57,,Sun Belt,Indep.,,,,,,
321885,1992-01-03,,1992,regular,,final,Charleston,UNC Wilmington,46,321,63,53,,Indep.,CAA,,,,,,
321886,1992-01-03,,1992,regular,,final,Cincinnati,Indiana,51,121,60,81,,,Big Ten,,,,,,
321887,1992-01-03,,1992,regular,,final,Clemson,Wake Forest,52,342,58,73,,ACC,ACC,,,,,,
321888,1992-01-03,,1992,regular,,final,Vermont,Colgate,337,55,59,58,,Am. East,Patriot,,,,,,
321889,1992-01-03,,1992,regular,,final,San Francisco,Columbia,259,58,85,74,,WCC,Ivy,,,,,,
321890,1992-01-03,,1992,regular,,final,Cleveland State,Green Bay,53,105,56,67,,Summit,Summit,,,,,,
321891,1992-01-03,,1992,regular,,final,Louisiana Tech,Central Michigan,149,45,104,85,,Sun Belt,MAC,,,,,,
321892,1992-01-03,,1992,regular,,final,Stanford,Cal State Northridge,281,38,80,59,,Pac-12,Indep.,,,,,,
321893,1992-01-03,,1992,regular,,final,North Carolina,Colorado,200,56,85,64,,ACC,,,,,,,
321894,1992-01-03,,1992,regular,,final,Illinois,UConn,118,314,66,70,,Big Ten,Big East,,,,,,
321895,1992-01-03,,1992,regular,,final,Creighton,Illinois State,61,119,49,56,,MVC,MVC,,,,,,
321896,1992-01-03,,1992,regular,,final,UC Santa Barbara,San José State,311,260,77,70,,Big West,Big West,,,,,,
321897,1992-01-03,,1992,regular,,final,NC State,Davidson,185,63,83,63,,ACC,Big South,,,,,,
321898,1992-01-03,,1992,regular,,final,Dayton,Evansville,64,82,72,70,,Horizon,Horizon,,,,,,
321899,1992-01-03,,1992,regular,,final,Rutgers,Delaware,245,66,101,78,,A-10,Am. East,,,,,,
321900,1992-01-03,,1992,regular,,final,Southern Illinois,Drake,273,70,70,55,,MVC,MVC,,,,,,
321901,1992-01-03,,1992,regular,,final,Drexel,Lafayette,71,138,67,46,,Am. East,Patriot,,,,,,
321902,1992-01-03,,1992,regular,,final,Nebraska,Eastern Illinois,188,77,81,68,,MVC,Summit,,,,,,
321903,1992-01-03,,1992,regular,,final,Rhode Island,Eastern Michigan,240,79,91,80,,A-10,MAC,,,,,,
321904,1992-01-03,,1992,regular,,final,Oral Roberts,East Tennessee State,222,75,85,83,,Indep.,SoCon,,,,,,
321905,1992-01-03,,1992,regular,,final,Eastern Washington,Gonzaga,80,102,49,67,,Big Sky,WCC,,,,,,
321906,1992-01-03,,1992,regular,,final,Maryland Eastern Shore,Florida A&M,159,85,79,80,,MEAC,MEAC,,,,,,
321907,1992-01-03,,1992,regular,,final,Florida International,Maine-Farmington,89,1078,61,68,,ASUN,,,,,,,
321908,1992-01-03,,1992,regular,,final,Fordham,Manhattan,91,155,66,67,,Patriot,Metro,,,,,,
321909,1992-01-03,,1992,regular,,final,Fresno State,Utah State,92,329,83,88,,Big West,Big West,,,,,,
321910,1992-01-03,,1992,regular,,final,Florida State,Virginia,90,339,68,77,,ACC,ACC,,,,,,
321911,1992-01-03,,1992,regular,,final,UCLA,Georgia,313,98,87,80,,Pac-12,SEC,,,,,,
321912,1992-01-03,,1992,regular,,final,Loyola Chicago,Georgia State,151,100,94,73,,Horizon,ASUN,,,,,,
321913,1992-01-03,,1992,regular,,final,Georgetown,Villanova,97,338,73,75,,Big East,Big East,,,,,,
321914,1992-01-03,,1992,regular,,final,Hofstra,Wagner,110,341,68,65,,,NEC,,,,,,
321915,1992-01-03,,1992,regular,,final,Holy Cross,Mount St. Mary's,111,183,115,82,,Patriot,NEC,,,,,,
321916,1992-01-03,,1992,regular,,final,Howard,North Carolina A&T,114,198,68,59,,MEAC,MEAC,,,,,,
321917,1992-01-03,,1992,regular,,final,Northern Arizona,Idaho,206,117,80,84,,Big Sky,Big Sky,,,,,,
321918,1992-01-03,,1992,regular,,final,Montana,Idaho State,179,116,87,74,,Big Sky,Big Sky,,,,,,
321919,1992-01-03,,1992,regular,,final,UIC,Wright State,315,357,92,69,,Summit,Summit,,,,,,
321920,1992-01-03,,1992,regular,,final,La Salle,Iona,137,123,120,88,,Metro,Metro,,,,,,
321921,1992-01-03,,1992,regular,,final,Minnesota,Iowa State,173,125,73,76,,Big Ten,,,,,,,
321922,1992-01-03,,1992,regular,,final,Jacksonville,Louisiana,127,148,66,96,,Sun Belt,Sun Belt,,,,,,
321923,1992-01-03,,1992,regular,,final,Jackson State,Texas Southern,126,296,67,76,,SWAC,SWAC,,,,,,
321924,1992-01-03,,1992,regular,,final,SMU,Kansas,248,131,67,79,,,,,,,,,
321925,1992-01-03,,1992,regular,,final,South Carolina,Kentucky,266,135,63,80,,SEC,SEC,,,,,,
321926,1992-01-03,,1992,regular,,final,Long Beach State,Pacific,145,225,86,78,,Big West,Big West,,,,,,
321927,1992-01-03,,1992,regular,,final,William & Mary,Lehigh,353,141,82,65,,CAA,Patriot,,,,,,
321928,1992-01-03,,1992,regular,,final,Loyola Maryland,Princeton,152,234,46,47,,Metro,Ivy,,,,,,
321929,1992-01-03,,1992,regular,,final,Louisville,Tulane,150,303,83,87,,,,,,,,,
321931,1992-01-03,,1992,regular,,final,McNeese,Northwestern State,162,211,92,101,,Southland,Southland,,,,,,
321932,1992-01-03,,1992,regular,,final,St. John's,Miami,279,168,83,69,,Big East,Big East,,,,,,
321933,1992-01-03,,1992,regular,,final,Morgan State,South Carolina State,182,267,90,86,,MEAC,MEAC,,,,,,
321934,1992-01-03,,1992,regular,,final,Ole Miss,Stetson,220,283,84,64,,SEC,ASUN,,,,,,
321935,1992-01-03,,1992,regular,,final,Kansas City,Milwaukee,130,172,82,74,,Indep.,Indep.,,,,,,
321936,1992-01-03,,1992,regular,,final,Montana State,Weber State,180,345,60,81,,Big Sky,Big Sky,,,,,,
321937,1992-01-03,,1992,regular,,final,Wisconsin,Marquette,355,157,81,63,,Big Ten,,,,,,,
321938,1992-01-03,,1992,regular,,final,Oregon,Missouri,223,177,58,79,,Pac-12,,,,,,,
321939,1992-01-03,,1992,regular,,final,Mississippi Valley State,Southern,175,274,97,81,,SWAC,SWAC,,,,,,
321940,1992-01-03,,1992,regular,,final,New Hampshire,Xavier,190,359,59,91,,Am. East,Horizon,,,,,,
321941,1992-01-03,,1992,regular,,final,Northeastern Illinois,Western Illinois,390,349,92,90,,Indep.,Summit,,,,,,
321942,1992-01-03,,1992,regular,,final,New Orleans,Texas Pan American,193,1535,56,49,,Sun Belt,,,,,,,
321943,1992-01-03,,1992,regular,,final,Nicholls,UL Monroe,195,316,74,83,,Southland,Southland,,,,,,
321944,1992-01-03,,1992,regular,,final,Tulsa,Northern Iowa,304,209,68,83,,MVC,MVC,,,,,,
321945,1992-01-03,,1992,regular,,final,Northeastern,VCU,205,333,47,57,,Am. East,,,,,,,
321946,1992-01-03,,1992,regular,,final,North Texas,Texas A&M-San Antonio,204,583,57,67,,Southland,,,,,,,
321947,1992-01-03,,1992,regular,,final,Virginia Tech,Old Dominion,340,219,78,62,,,CAA,,,,,,
321948,1992-01-03,,1992,regular,,final,Syracuse,Providence,286,235,79,66,,Big East,Big East,,,,,,
321949,1992-01-03,,1992,regular,,final,Purdue,Western Michigan,236,351,64,48,,Big Ten,MAC,,,,,,
321950,1992-01-03,,1992,regular,,final,Sam Houston,Stephen F. Austin,255,282,45,72,,Southland,Southland,,,,,,
321951,1992-01-03,,1992,regular,,final,South Florida,TCU,271,287,78,67,,,,,,,,,
321952,1992-01-03,,1992,regular,,final,Saint Louis,Missouri State,252,176,59,66,,,MVC,,,,,,
321953,1992-01-03,,1992,regular,,final,Wichita State,Saint Peter's,352,254,68,71,,MVC,Metro,,,,,,
321954,1992-01-03,,1992,regular,,final,UT Arlington,Texas State,324,297,96,70,,Southland,Southland,,,,,,
321955,1992-01-03,,1992,regular,,final,West Virginia,Temple,347,289,62,63,,A-10,A-10,,,,,,
321956,1992-01-03,,1992,regular,,final,Tennessee,Vanderbilt,292,336,91,75,,SEC,SEC,,,,,,
321957,1992-01-03,,1992,regular,,final,Youngstown State,Towson,361,301,52,67,,Indep.,,,,,,,
321958,1992-01-03,,1992,regular,,final,UC Irvine,UNLV,308,322,57,71,,Big West,Big West,,,,,,
321959,1992-01-04,,1992,regular,,final,Arizona,Santa Clara,11,261,79,60,,Pac-12,WCC,,,,,,
321960,1992-01-04,,1992,regular,,final,Siena,Canisius,264,42,95,90,,Metro,Metro,,,,,,
321961,1992-01-04,,1992,regular,,final,DePaul,Loyola Marymount,65,153,125,93,,,WCC,,,,,,
321962,1992-01-04,,1992,regular,,final,Fairleigh Dickinson,St. Francis (PA),84,278,62,60,,NEC,NEC,,,,,,
321963,1992-01-04,,1992,regular,,final,Niagara,Fairfield,194,83,67,62,,Metro,Metro,,,,,,
321964,1992-01-04,,1992,regular,,final,Georgia Tech,Maryland,101,160,92,67,,ACC,ACC,,,,,,
321965,1992-01-04,,1992,regular,,final,St. Bonaventure,George Washington,277,96,76,87,,A-10,A-10,,,,,,
321966,1992-01-04,,1992,regular,,final,Hartford,Portland,363,230,76,87,,Am. East,WCC,,,,,,
321967,1992-01-04,,1992,regular,,final,St. Francis Brooklyn,Long Island University,364,146,83,73,,NEC,NEC,,,,,,
321968,1992-01-04,,1992,regular,,final,UTEP,Texas Tech,327,298,68,62,,UAC,,,,,,,
321969,1992-01-05,,1992,regular,,final,Akron,Green Bay,3,105,60,62,,Summit,Summit,,,,,,
321970,1992-01-05,,1992,regular,,final,Mississippi Valley State,Alcorn State,175,7,92,66,,SWAC,SWAC,,,,,,
321971,1992-01-05,,1992,regular,,final,Alabama State,Texas Southern,6,296,88,76,,SWAC,SWAC,,,,,,
321972,1992-01-05,,1992,regular,,final,Georgia Southern,App State,99,9,88,77,,ASUN,SoCon,,,,,,
321973,1992-01-05,,1992,regular,,final,Maryland Eastern Shore,Bethune-Cookman,159,23,73,77,,MEAC,MEAC,,,,,,
321974,1992-01-05,,1992,regular,,final,Hofstra,Boston University,110,27,59,55,,,Am. East,,,,,,
321975,1992-01-05,,1992,regular,,final,Butler,Georgia State,34,100,86,82,,Horizon,ASUN,,,,,,
321976,1992-01-05,,1992,regular,,final,UT Arlington,Charleston,324,46,64,67,,Southland,Indep.,,,,,,
321977,1992-01-05,,1992,regular,,final,Chicago State,Northeastern Illinois,50,390,97,96,,Indep.,Indep.,,,,,,
321978,1992-01-05,,1992,regular,,final,Cincinnati,Middle Tennessee,51,171,79,70,,,OVC,,,,,,
321979,1992-01-05,,1992,regular,,final,Harvard,Colgate,107,55,70,83,,Ivy,Patriot,,,,,,
321980,1992-01-05,,1992,regular,,final,Cleveland State,Northern Illinois,53,208,77,82,,Summit,Summit,,,,,,
321981,1992-01-05,,1992,regular,,final,Winthrop,Coppin State,354,59,62,59,,Big South,MEAC,,,,,,
321982,1992-01-05,,1992,regular,,final,Charleston Southern,Liberty,47,142,80,75,,Big South,Big South,,,,,,
321983,1992-01-05,,1992,regular,,final,Colorado State,Texas Pan American,57,1535,71,56,,UAC,,,,,,,
321984,1992-01-05,,1992,regular,,final,Dartmouth,Holy Cross,62,111,55,72,,Ivy,Patriot,,,,,,
321985,1992-01-05,,1992,regular,,final,Dayton,East Carolina,64,74,61,49,,Horizon,CAA,,,,,,
321986,1992-01-05,,1992,regular,,final,Drake,Northern Iowa,70,209,51,56,,MVC,MVC,,,,,,
321987,1992-01-05,,1992,regular,,final,Navy,Drexel,187,71,84,71,,Patriot,Am. East,,,,,,
321988,1992-01-05,,1992,regular,,final,Delaware State,Florida A&M,67,85,83,80,,MEAC,MEAC,,,,,,
321989,1992-01-05,,1992,regular,,final,Duke,Florida State,72,90,86,70,,ACC,ACC,,,,,,
321990,1992-01-05,,1992,regular,,final,Duquesne,Pittsburgh,73,229,69,93,,A-10,Big East,,,,,,
321991,1992-01-05,,1992,regular,,final,Rice,Fordham,241,91,74,57,,,Patriot,,,,,,
321992,1992-01-05,,1992,regular,,final,Grambling,Southern,103,274,90,113,,SWAC,SWAC,,,,,,
321993,1992-01-05,,1992,regular,,final,Providence,Georgetown,235,97,63,70,,Big East,Big East,,,,,,
321994,1992-01-05,,1992,regular,,final,Howard,South Carolina State,114,267,64,61,,MEAC,MEAC,,,,,,
321995,1992-01-05,,1992,regular,,final,Valparaiso,UIC,335,315,45,74,,Summit,Summit,,,,,,
321996,1992-01-05,,1992,regular,,final,Jacksonville,Lamar,127,139,82,93,,Sun Belt,Sun Belt,,,,,,
321997,1992-01-05,,1992,regular,,final,Jackson State,Prairie View A&M,126,232,83,60,,SWAC,SWAC,,,,,,
321998,1992-01-05,,1992,regular,,final,Oklahoma State,Kansas State,218,132,72,34,,,,,,,,,
321999,1992-01-05,,1992,regular,,final,Richmond,Loyola Maryland,242,152,68,64,,CAA,Metro,,,,,,
322000,1992-01-05,,1992,regular,,final,Morgan State,North Carolina A&T,182,198,67,98,,MEAC,MEAC,,,,,,
322001,1992-01-05,,1992,regular,,final,Ole Miss,Oral Roberts,220,222,86,73,,SEC,Indep.,,,,,,
322002,1992-01-05,,1992,regular,,final,Kansas City,Western Illinois,130,349,77,46,,Indep.,Summit,,,,,,
322003,1992-01-05,,1992,regular,,final,Texas,Murray State,295,184,93,75,,,OVC,,,,,,
322004,1992-01-05,,1992,regular,,final,UNC Wilmington,Charlotte,321,48,89,99,,CAA,,,,,,,
322005,1992-01-05,,1992,regular,,final,Chattanooga,UNC Greensboro,49,320,80,61,,SoCon,Indep.,,,,,,
322006,1992-01-05,,1992,regular,,final,New Mexico State,New Mexico,192,191,68,63,,Big West,UAC,,,,,,
322007,1992-01-05,,1992,regular,,final,USC,Notre Dame,323,213,58,64,,Pac-12,Indep.,,,,,,
322008,1992-01-05,,1992,regular,,final,Rutgers,Temple,245,289,61,75,,A-10,A-10,,,,,,
322009,1992-01-05,,1992,regular,,final,Southeast Missouri State,Milwaukee,272,172,71,83,,OVC,Indep.,,,,,,
322010,1992-01-05,,1992,regular,,final,Wake Forest,Samford,342,256,74,45,,ACC,ASUN,,,,,,
322011,1992-01-05,,1992,regular,,final,Saint Louis,Southern Illinois,252,273,73,71,,,MVC,,,,,,
322012,1992-01-05,,1992,regular,,final,Tennessee,Towson,292,301,77,70,,SEC,,,,,,,
322013,1992-01-06,,1992,regular,,final,Army,William & Mary,15,353,43,49,,Patriot,CAA,,,,,,
322014,1992-01-06,,1992,regular,,final,Lehigh,Brown,141,30,95,85,,Patriot,Ivy,,,,,,
322015,1992-01-06,,1992,regular,,final,Saint Peter's,Canisius,254,42,66,64,,Metro,Metro,,,,,,
322016,1992-01-06,,1992,regular,,final,Tulane,Central Connecticut,303,44,95,68,,,Indep.,,,,,,
322017,1992-01-06,,1992,regular,,final,Colorado,San Diego,56,258,71,63,,,WCC,,,,,,
322018,1992-01-06,,1992,regular,,final,UConn,St. John's,314,279,85,76,,Big East,Big East,,,,,,
322019,1992-01-06,,1992,regular,,final,Vermont,Cornell,337,60,78,65,,Am. East,Ivy,,,,,,
322020,1992-01-06,,1992,regular,,final,Creighton,Indiana State,61,122,60,63,,MVC,MVC,,,,,,
322021,1992-01-06,,1992,regular,,final,UMBC,Delaware,317,66,101,103,,,Am. East,,,,,,
322022,1992-01-06,,1992,regular,,final,Wright State,Eastern Illinois,357,77,72,65,,Summit,Summit,,,,,,
322023,1992-01-06,,1992,regular,,final,Southern Miss,East Tennessee State,275,75,79,63,,,SoCon,,,,,,
322024,1992-01-06,,1992,regular,,final,Fairleigh Dickinson,Robert Morris,84,244,57,61,,NEC,NEC,,,,,,
322025,1992-01-06,,1992,regular,,final,Florida International,South Florida,89,271,52,73,,ASUN,,,,,,,
322026,1992-01-06,,1992,regular,,final,Kentucky,Georgia,135,98,78,66,,SEC,SEC,,,,,,
322027,1992-01-06,,1992,regular,,final,Illinois State,Missouri State,119,176,69,55,,MVC,MVC,,,,,,
322028,1992-01-06,,1992,regular,,final,Iowa State,Loyola Chicago,125,151,92,69,,,Horizon,,,,,,
322029,1992-01-06,,1992,regular,,final,Seton Hall,Miami,263,168,64,52,,Big East,Big East,,,,,,
322030,1992-01-06,,1992,regular,,final,Monmouth,Mount St. Mary's,178,183,74,63,,NEC,NEC,,,,,,
322031,1992-01-06,,1992,regular,,final,Marist,St. Francis (PA),156,278,79,63,,NEC,NEC,,,,,,
322032,1992-01-06,,1992,regular,,final,Ohio State,Michigan State,216,169,62,46,,Big Ten,Big Ten,,,,,,
322033,1992-01-06,,1992,regular,,final,Northeastern,Siena,205,264,64,70,,Am. East,Metro,,,,,,
322034,1992-01-07,,1992,regular,,final,Alabama,Arkansas,5,12,65,63,,SEC,SEC,,,,,,
322035,1992-01-07,,1992,regular,,final,UAB,DePaul,305,65,75,69,,,,,,,,,
322036,1992-01-07,,1992,regular,,final,Northeastern Illinois,Alcorn State,390,7,67,74,,Indep.,SWAC,,,,,,
322037,1992-01-07,,1992,regular,,final,Auburn,LSU,16,136,70,87,,SEC,SEC,,,,,,
322038,1992-01-07,,1992,regular,,final,Vanderbilt,Austin Peay,336,17,83,66,,SEC,OVC,,,,,,
322039,1992-01-07,,1992,regular,,final,Kent State,Ball State,134,19,73,54,,MAC,MAC,,,,,,
322040,1992-01-07,,1992,regular,,final,Bowling Green,Ohio,28,215,65,68,,MAC,MAC,,,,,,
322041,1992-01-07,,1992,regular,,final,Villanova,Boston College,338,26,83,74,,Big East,Big East,,,,,,
322042,1992-01-07,,1992,regular,,final,Brooklyn,Yale,414,360,65,73,,,Ivy,,,,,,
322043,1992-01-07,,1992,regular,,final,Bucknell,Fairfield,32,83,70,77,,Patriot,Metro,,,,,,
322044,1992-01-07,,1992,regular,,final,Detroit Mercy,Butler,69,34,82,91,,Horizon,Horizon,,,,,,
322045,1992-01-07,,1992,regular,,final,Coastal Carolina,Davidson,54,63,79,62,,Big South,Big South,,,,,,
322046,1992-01-07,,1992,regular,,final,New Orleans,UCF,193,312,76,60,,Sun Belt,Sun Belt,,,,,,
322047,1992-01-07,,1992,regular,,final,Tennessee,Cincinnati,292,51,51,62,,SEC,,,,,,,
322048,1992-01-07,,1992,regular,,final,Columbia,Hofstra,58,110,66,80,,Ivy,,,,,,,
322049,1992-01-07,,1992,regular,,final,North Carolina A&T,Coppin State,198,59,82,80,,MEAC,MEAC,,,,,,
322050,1992-01-07,,1992,regular,,final,UNC Asheville,Charleston Southern,319,47,53,60,,Big South,Big South,,,,,,
322051,1992-01-07,,1992,regular,,final,Dartmouth,Portland,62,230,54,60,,Ivy,WCC,,,,,,
322052,1992-01-07,,1992,regular,,final,Dayton,Marquette,64,157,60,57,,Horizon,,,,,,,
322053,1992-01-07,,1992,regular,,final,Rutgers,Drexel,245,71,80,57,,A-10,Am. East,,,,,,
322054,1992-01-07,,1992,regular,,final,Maryland,Duke,160,72,66,83,,ACC,ACC,,,,,,
322055,1992-01-07,,1992,regular,,final,Eastern Kentucky,Morehead State,78,181,86,63,,OVC,OVC,,,,,,
322056,1992-01-07,,1992,regular,,final,Eastern Michigan,Western Michigan,79,351,68,64,,MAC,MAC,,,,,,
322057,1992-01-07,,1992,regular,,final,Florida,South Carolina,87,266,53,52,,SEC,SEC,,,,,,
322058,1992-01-07,,1992,regular,,final,George Mason,Towson,95,301,89,75,,CAA,,,,,,,
322059,1992-01-07,,1992,regular,,final,NC State,Georgia Tech,185,101,63,80,,ACC,ACC,,,,,,
322060,1992-01-07,,1992,regular,,final,Illinois,Purdue,118,236,74,72,,Big Ten,Big Ten,,,,,,
322061,1992-01-07,,1992,regular,,final,Princeton,Iona,234,123,68,51,,Ivy,Metro,,,,,,
322062,1992-01-07,,1992,regular,,final,James Madison,Penn State,129,226,82,69,,CAA,Indep.,,,,,,
322063,1992-01-07,,1992,regular,,final,Wichita State,Kansas,352,131,51,81,,MVC,,,,,,,
322064,1992-01-07,,1992,regular,,final,Rider,Maine-Farmington,243,1078,53,56,,,,,,,,,
322065,1992-01-07,,1992,regular,,final,Massachusetts,West Virginia,161,347,75,76,,A-10,A-10,,,,,,
322066,1992-01-07,,1992,regular,,final,Memphis,Missouri,163,177,89,78,,,,,,,,,
322067,1992-01-07,,1992,regular,,final,SE Louisiana,Ole Miss,246,220,82,86,,ASUN,SEC,,,,,,
322068,1992-01-07,,1992,regular,,final,Toledo,Miami (OH),300,167,39,69,,MAC,MAC,,,,,,
322069,1992-01-07,,1992,regular,,final,Charlotte,Virginia Tech,48,340,62,53,,,,,,,,,
322070,1992-01-07,,1992,regular,,final,Western Carolina,UNC Greensboro,348,320,55,65,,SoCon,Indep.,,,,,,
322071,1992-01-07,,1992,regular,,final,Wisconsin,Northwestern,355,212,69,67,,Big Ten,Big Ten,,,,,,
322072,1992-01-07,,1992,regular,,final,Pittsburgh,Syracuse,229,286,83,74,,Big East,Big East,,,,,,
322073,1992-01-07,,1992,regular,,final,Radford,Western Kentucky,239,350,78,81,,Big South,Sun Belt,,,,,,
322074,1992-01-07,,1992,regular,,final,Richmond,VMI,242,334,76,59,,CAA,SoCon,,,,,,
322075,1992-01-07,,1992,regular,,final,Texas Tech,SMU,298,248,80,69,,,,,,,,,
322076,1992-01-07,,1992,regular,,final,TCU,Texas A&M,287,293,83,71,,,,,,,,,
322077,1992-01-07,,1992,regular,,final,Virginia,Wake Forest,339,342,59,53,,ACC,ACC,,,,,,
322078,1992-01-08,,1992,regular,,final,Air Force,Colorado State,2,57,64,66,,UAC,UAC,,,,,,
322079,1992-01-08,,1992,regular,,final,Arizona,USC,11,323,107,68,,Pac-12,Pac-12,,,,,,
322080,1992-01-08,,1992,regular,,final,Louisiana Tech,Little Rock,149,144,94,71,,Sun Belt,Sun Belt,,,,,,
322081,1992-01-08,,1992,regular,,final,Louisiana,Arkansas State,148,13,65,49,,Sun Belt,Sun Belt,,,,,,
322082,1992-01-08,,1992,regular,,final,Arizona State,UCLA,10,313,62,83,,Pac-12,Pac-12,,,,,,
322083,1992-01-08,,1992,regular,,final,Rice,Baylor,241,20,76,69,,,,,,,,,
322084,1992-01-08,,1992,regular,,final,Drake,Bradley,70,29,51,41,,MVC,MVC,,,,,,
322085,1992-01-08,,1992,regular,,final,Lafayette,Brown,138,30,68,80,,Patriot,Ivy,,,,,,
322086,1992-01-08,,1992,regular,,final,UTEP,BYU,327,18,89,69,,UAC,UAC,,,,,,
322087,1992-01-08,,1992,regular,,final,Oregon,California,223,40,67,57,,Pac-12,Pac-12,,,,,,
322088,1992-01-08,,1992,regular,,final,Campbell,Liberty,41,142,71,73,,Big South,Big South,,,,,,
322089,1992-01-08,,1992,regular,,final,Sacramento State,Milwaukee,249,172,110,106,,Indep.,Indep.,,,,,,
322090,1992-01-08,,1992,regular,,final,Centenary (LA),Northwestern State,367,211,77,112,,ASUN,Southland,,,,,,
322091,1992-01-08,,1992,regular,,final,North Carolina,Clemson,200,52,103,69,,ACC,ACC,,,,,,
322092,1992-01-08,,1992,regular,,final,St. Francis Brooklyn,Colgate,364,55,79,71,,NEC,Patriot,,,,,,
322093,1992-01-08,,1992,regular,,final,New Mexico State,UC Santa Barbara,192,311,72,63,,Big West,Big West,,,,,,
322094,1992-01-08,,1992,regular,,final,Eastern Washington,Montana State,80,180,48,50,,Big Sky,Big Sky,,,,,,
322095,1992-01-08,,1992,regular,,final,Fresno State,Cal State Fullerton,92,37,88,83,,Big West,Big West,,,,,,
322096,1992-01-08,,1992,regular,,final,Georgia State,Mercer,100,164,80,70,,ASUN,ASUN,,,,,,
322097,1992-01-08,,1992,regular,,final,Samford,Georgia Southern,256,99,65,83,,ASUN,ASUN,,,,,,
322098,1992-01-08,,1992,regular,,final,Texas,Houston,295,113,86,75,,,,,,,,,
322099,1992-01-08,,1992,regular,,final,Idaho State,Northern Arizona,116,206,109,82,,Big Sky,Big Sky,,,,,,
322100,1992-01-08,,1992,regular,,final,Indiana,Minnesota,121,173,96,50,,Big Ten,Big Ten,,,,,,
322101,1992-01-08,,1992,regular,,final,Iowa,Michigan,124,170,77,80,,Big Ten,Big Ten,,,,,,
322102,1992-01-08,,1992,regular,,final,Lamar,South Alabama,139,265,91,99,,Sun Belt,Sun Belt,,,,,,
322103,1992-01-08,,1992,regular,,final,La Salle,Notre Dame,137,213,79,87,,Metro,Indep.,,,,,,
322104,1992-01-08,,1992,regular,,final,UNLV,Long Beach State,322,145,88,63,,Big West,Big West,,,,,,
322105,1992-01-08,,1992,regular,,final,Loyola Maryland,Siena,152,264,76,68,,Metro,Metro,,,,,,
322106,1992-01-08,,1992,regular,,final,VCU,Louisville,333,150,66,57,,,,,,,,,
322107,1992-01-08,,1992,regular,,final,Texas A&M-San Antonio,McNeese,583,162,84,68,,,Southland,,,,,,
322108,1992-01-08,,1992,regular,,final,Marist,Robert Morris,156,244,63,70,,NEC,NEC,,,,,,
322109,1992-01-08,,1992,regular,,final,Wagner,Mount St. Mary's,341,183,82,74,,NEC,NEC,,,,,,
322110,1992-01-08,,1992,regular,,final,Vermont,New Hampshire,337,190,65,71,,Am. East,Am. East,,,,,,
322111,1992-01-08,,1992,regular,,final,Texas State,Nicholls,297,195,58,62,,Southland,Southland,,,,,,
322112,1992-01-08,,1992,regular,,final,Stephen F. Austin,North Texas,282,204,80,64,,Southland,Southland,,,,,,
322113,1992-01-08,,1992,regular,,final,Oregon State,Stanford,224,281,64,67,,Pac-12,Pac-12,,,,,,
322114,1992-01-08,,1992,regular,,final,St. Bonaventure,Rhode Island,277,240,64,93,,A-10,A-10,,,,,,
322115,1992-01-08,,1992,regular,,final,Sam Houston,UT Arlington,255,324,76,88,,Southland,Southland,,,,,,
322116,1992-01-08,,1992,regular,,final,San Diego State,Wyoming,257,358,72,85,,UAC,UAC,,,,,,
322117,1992-01-08,,1992,regular,,final,Utah State,UC Irvine,329,308,81,63,,Big West,Big West,,,,,,
322118,1992-01-08,,1992,regular,,final,Weber State,Nevada,345,189,78,92,,Big Sky,Big Sky,,,,,,
322119,1992-01-09,,1992,regular,,final,George Washington,Boston University,96,27,77,62,,A-10,Am. East,,,,,,
322120,1992-01-09,,1992,regular,,final,Saint Joseph's,Temple,251,289,60,55,,A-10,A-10,,,,,,
322121,1992-01-10,,1992,regular,,final,New Mexico,Air Force,191,2,78,63,,UAC,UAC,,,,,,
322122,1992-01-10,,1992,regular,,final,Alabama,Northeastern Illinois,5,390,82,56,,SEC,Indep.,,,,,,
322123,1992-01-10,,1992,regular,,final,Marquette,UAB,157,305,66,54,,,,,,,,,
322124,1992-01-10,,1992,regular,,final,Alcorn State,Alabama State,7,6,79,88,,SWAC,SWAC,,,,,,
322125,1992-01-10,,1992,regular,,final,William & Mary,American University,353,8,70,66,,CAA,CAA,,,,,,
322126,1992-01-10,,1992,regular,,final,The Citadel,App State,299,9,80,72,,SoCon,SoCon,,,,,,
322127,1992-01-10,,1992,regular,,final,Arizona,UCLA,11,313,87,89,,Pac-12,Pac-12,,,,,,
322128,1992-01-10,,1992,regular,,final,LSU,Arkansas,136,12,90,101,,SEC,SEC,,,,,,
322129,1992-01-10,,1992,regular,,final,Little Rock,TCU,144,287,69,84,,Sun Belt,,,,,,,
322130,1992-01-10,,1992,regular,,final,Army,Lehigh,15,141,63,71,,Patriot,Patriot,,,,,,
322131,1992-01-10,,1992,regular,,final,Murray State,Austin Peay,184,17,85,86,,OVC,OVC,,,,,,
322132,1992-01-10,,1992,regular,,final,Houston,Baylor,113,20,83,77,,,,,,,,,
322133,1992-01-10,,1992,regular,,final,North Carolina A&T,Bethune-Cookman,198,23,85,75,,MEAC,MEAC,,,,,,
322134,1992-01-10,,1992,regular,,final,Central Michigan,Bowling Green,45,28,78,71,,MAC,MAC,,,,,,
322135,1992-01-10,,1992,regular,,final,St. John's,Boston College,279,26,85,72,,Big East,Big East,,,,,,
322136,1992-01-10,,1992,regular,,final,Idaho,Boise State,117,25,76,61,,Big Sky,Big Sky,,,,,,
322137,1992-01-10,,1992,regular,,final,Manhattan,Bradley,155,29,72,52,,Metro,MVC,,,,,,
322138,1992-01-10,,1992,regular,,final,St. Francis Brooklyn,Brooklyn,364,414,83,71,,NEC,,,,,,,
322139,1992-01-10,,1992,regular,,final,Navy,Bucknell,187,32,74,78,,Patriot,Patriot,,,,,,
322140,1992-01-10,,1992,regular,,final,Evansville,Butler,82,34,88,83,,Horizon,Horizon,,,,,,
322141,1992-01-10,,1992,regular,,final,BYU,Colorado State,18,57,72,51,,UAC,UAC,,,,,,
322142,1992-01-10,,1992,regular,,final,Oregon State,California,224,40,77,65,,Pac-12,Pac-12,,,,,,
322143,1992-01-10,,1992,regular,,final,Winthrop,Campbell,354,41,59,69,,Big South,Big South,,,,,,
322144,1992-01-10,,1992,regular,,final,Canisius,La Salle,42,137,78,85,,Metro,Metro,,,,,,
322145,1992-01-10,,1992,regular,,final,Montana State,Sacramento State,180,249,104,84,,Big Sky,Indep.,,,,,,
322146,1992-01-10,,1992,regular,,final,Rider,Central Connecticut,243,44,101,61,,,Indep.,,,,,,
322147,1992-01-10,,1992,regular,,final,SE Louisiana,Centenary (LA),246,367,90,70,,ASUN,ASUN,,,,,,
322148,1992-01-10,,1992,regular,,final,UCF,Jacksonville,312,127,74,78,,Sun Belt,Sun Belt,,,,,,
322149,1992-01-10,,1992,regular,,final,Charleston,Coastal Carolina,46,54,84,44,,Indep.,Big South,,,,,,
322150,1992-01-10,,1992,regular,,final,Cincinnati,Saint Louis,51,252,79,66,,,,,,,,,
322151,1992-01-10,,1992,regular,,final,Clemson,UNC Asheville,52,319,94,54,,ACC,Big South,,,,,,
322152,1992-01-10,,1992,regular,,final,Fordham,Colgate,91,55,74,50,,Patriot,Patriot,,,,,,
322153,1992-01-10,,1992,regular,,final,Colorado,Nebraska,56,188,74,84,,,MVC,,,,,,
322154,1992-01-10,,1992,regular,,final,Villanova,UConn,338,314,79,70,,Big East,Big East,,,,,,
322155,1992-01-10,,1992,regular,,final,Youngstown State,Coppin State,361,59,65,84,,Indep.,MEAC,,,,,,
322156,1992-01-10,,1992,regular,,final,Creighton,Missouri State,61,176,53,49,,MVC,MVC,,,,,,
322157,1992-01-10,,1992,regular,,final,UNLV,UC Santa Barbara,322,311,78,54,,Big West,Big West,,,,,,
322158,1992-01-10,,1992,regular,,final,Charleston Southern,Davidson,47,63,64,59,,Big South,Big South,,,,,,
322159,1992-01-10,,1992,regular,,final,Dartmouth,Harvard,62,107,35,41,,Ivy,Ivy,,,,,,
322160,1992-01-10,,1992,regular,,final,Niagara,Dayton,194,64,82,64,,Metro,Horizon,,,,,,
322161,1992-01-10,,1992,regular,,final,Delaware,Towson,66,301,90,69,,Am. East,,,,,,,
322162,1992-01-10,,1992,regular,,final,DePaul,Memphis,65,163,88,80,,,,,,,,,
322163,1992-01-10,,1992,regular,,final,Xavier,Detroit Mercy,359,69,84,80,,Horizon,Horizon,,,,,,
322164,1992-01-10,,1992,regular,,final,Drake,Tulsa,70,304,70,72,,MVC,MVC,,,,,,
322165,1992-01-10,,1992,regular,,final,Delaware State,Howard,67,114,96,95,,MEAC,MEAC,,,,,,
322166,1992-01-10,,1992,regular,,final,Duke,Georgia Tech,72,101,97,84,,ACC,ACC,,,,,,
322167,1992-01-10,,1992,regular,,final,West Virginia,Duquesne,347,73,83,75,,A-10,A-10,,,,,,
322168,1992-01-10,,1992,regular,,final,East Carolina,Richmond,74,242,62,65,,CAA,CAA,,,,,,
322169,1992-01-10,,1992,regular,,final,Eastern Illinois,Valparaiso,77,335,51,46,,Summit,Summit,,,,,,
322170,1992-01-10,,1992,regular,,final,Eastern Kentucky,Tennessee Tech,78,291,84,75,,OVC,OVC,,,,,,
322171,1992-01-10,,1992,regular,,final,Ohio,Eastern Michigan,215,79,85,67,,MAC,MAC,,,,,,
322172,1992-01-10,,1992,regular,,final,Furman,East Tennessee State,93,75,75,80,,SoCon,SoCon,,,,,,
322173,1992-01-10,,1992,regular,,final,Eastern Washington,Montana,80,179,65,71,,Big Sky,Big Sky,,,,,,
322174,1992-01-10,,1992,regular,,final,South Carolina State,Florida A&M,267,85,68,71,,MEAC,MEAC,,,,,,
322175,1992-01-10,,1992,regular,,final,Florida International,Stetson,89,283,78,62,,ASUN,ASUN,,,,,,
322176,1992-01-10,,1992,regular,,final,Kentucky,Florida,135,87,81,60,,SEC,SEC,,,,,,
322177,1992-01-10,,1992,regular,,final,Yale,Fairfield,360,83,87,78,,Ivy,Metro,,,,,,
322178,1992-01-10,,1992,regular,,final,Wake Forest,Florida State,342,90,85,88,,ACC,ACC,,,,,,
322179,1992-01-10,,1992,regular,,final,Utah State,Cal State Fullerton,329,37,89,72,,Big West,Big West,,,,,,
322180,1992-01-10,,1992,regular,,final,Old Dominion,George Mason,219,95,80,73,,CAA,CAA,,,,,,
322181,1992-01-10,,1992,regular,,final,Tennessee,Georgia,292,98,78,76,,SEC,SEC,,,,,,
322182,1992-01-10,,1992,regular,,final,Texas Southern,Grambling,296,103,93,70,,SWAC,SWAC,,,,,,
322183,1992-01-10,,1992,regular,,final,Georgia State,Georgia Southern,100,99,87,88,,ASUN,ASUN,,,,,,
322184,1992-01-10,,1992,regular,,final,Georgetown,Seton Hall,97,263,73,65,,Big East,Big East,,,,,,
322185,1992-01-10,,1992,regular,,final,Hawai'i,Wyoming,108,358,77,55,,UAC,UAC,,,,,,
322186,1992-01-10,,1992,regular,,final,Lafayette,Holy Cross,138,111,85,92,,Patriot,Patriot,,,,,,
322187,1992-01-10,,1992,regular,,final,Idaho State,Nevada,116,189,96,89,,Big Sky,Big Sky,,,,,,
322188,1992-01-10,,1992,regular,,final,Western Illinois,UIC,349,315,70,73,,Summit,Summit,,,,,,
322189,1992-01-10,,1992,regular,,final,Michigan State,Illinois,169,118,77,75,,Big Ten,Big Ten,,,,,,
322190,1992-01-10,,1992,regular,,final,Northern Iowa,Illinois State,209,119,66,73,,MVC,MVC,,,,,,
322191,1992-01-10,,1992,regular,,final,Wisconsin,Indiana,355,121,63,79,,Big Ten,Big Ten,,,,,,
322192,1992-01-10,,1992,regular,,final,Indiana State,Wichita State,122,352,81,51,,MVC,MVC,,,,,,
322193,1992-01-10,,1992,regular,,final,Iona,Loyola Maryland,123,152,70,65,,Metro,Metro,,,,,,
322194,1992-01-10,,1992,regular,,final,Iowa State,Oklahoma,125,217,73,71,,,,,,,,,
322195,1992-01-10,,1992,regular,,final,Purdue,Iowa,236,124,77,69,,Big Ten,Big Ten,,,,,,
322196,1992-01-10,,1992,regular,,final,UNC Wilmington,James Madison,321,129,68,87,,CAA,CAA,,,,,,
322197,1992-01-10,,1992,regular,,final,Southern,Jackson State,274,126,89,81,,SWAC,SWAC,,,,,,
322198,1992-01-10,,1992,regular,,final,Kansas,Louisville,131,150,78,85,,,,,,,,,
322199,1992-01-10,,1992,regular,,final,Miami (OH),Kent State,167,134,59,49,,MAC,MAC,,,,,,
322200,1992-01-10,,1992,regular,,final,Lamar,New Orleans,139,193,64,70,,Sun Belt,Sun Belt,,,,,,
322201,1992-01-10,,1992,regular,,final,New Mexico State,Long Beach State,192,145,67,51,,Big West,Big West,,,,,,
322202,1992-01-10,,1992,regular,,final,Mount St. Mary's,Long Island University,183,146,75,82,,NEC,NEC,,,,,,
322203,1992-01-10,,1992,regular,,final,Pepperdine,Loyola Marymount,228,153,94,84,,WCC,WCC,,,,,,
322204,1992-01-10,,1992,regular,,final,Loyola Chicago,Portland,151,230,76,63,,Horizon,WCC,,,,,,
322205,1992-01-10,,1992,regular,,final,Maine-Farmington,Vermont,1078,337,76,60,,,Am. East,,,,,,
322206,1992-01-10,,1992,regular,,final,NC State,Maryland,185,160,94,88,,ACC,ACC,,,,,,
322207,1992-01-10,,1992,regular,,final,UMBC,Radford,317,239,88,89,,,Big South,,,,,,
322208,1992-01-10,,1992,regular,,final,Texas State,McNeese,297,162,55,56,,Southland,Southland,,,,,,
322209,1992-01-10,,1992,regular,,final,Middle Tennessee,Southeast Missouri State,171,272,61,58,,OVC,OVC,,,,,,
322210,1992-01-10,,1992,regular,,final,Samford,Mercer,256,164,73,55,,ASUN,ASUN,,,,,,
322211,1992-01-10,,1992,regular,,final,Syracuse,Miami,286,168,73,57,,Big East,Big East,,,,,,
322212,1992-01-10,,1992,regular,,final,Penn State,Morgan State,226,182,102,51,,Indep.,MEAC,,,,,,
322213,1992-01-10,,1992,regular,,final,Minnesota,Michigan,173,170,73,64,,Big Ten,Big Ten,,,,,,
322214,1992-01-10,,1992,regular,,final,Mississippi State,Ole Miss,174,220,84,72,,SEC,SEC,,,,,,
322215,1992-01-10,,1992,regular,,final,Oklahoma State,Kansas City,218,130,86,58,,,Indep.,,,,,,
322216,1992-01-10,,1992,regular,,final,St. Francis (PA),Monmouth,278,178,48,56,,NEC,NEC,,,,,,
322217,1992-01-10,,1992,regular,,final,Morehead State,Tennessee State,181,290,101,75,,OVC,OVC,,,,,,
322218,1992-01-10,,1992,regular,,final,Chattanooga,Marshall,49,158,86,68,,SoCon,SoCon,,,,,,
322219,1992-01-10,,1992,regular,,final,Prairie View A&M,Mississippi Valley State,232,175,68,78,,SWAC,SWAC,,,,,,
322220,1992-01-10,,1992,regular,,final,Weber State,Northern Arizona,345,206,96,61,,Big Sky,Big Sky,,,,,,
322221,1992-01-10,,1992,regular,,final,South Florida,Charlotte,271,48,75,85,,,,,,,,,
322222,1992-01-10,,1992,regular,,final,UNC Greensboro,Siena,320,264,61,80,,Indep.,Metro,,,,,,
322223,1992-01-10,,1992,regular,,final,UL Monroe,Northwestern State,316,211,109,88,,Southland,Southland,,,,,,
322224,1992-01-10,,1992,regular,,final,Texas A&M-San Antonio,Nicholls,583,195,89,73,,,Southland,,,,,,
322225,1992-01-10,,1992,regular,,final,Southern Illinois,Northern Illinois,273,208,83,65,,MVC,Summit,,,,,,
322226,1992-01-10,,1992,regular,,final,Northwestern,Ohio State,212,216,52,60,,Big Ten,Big Ten,,,,,,
322227,1992-01-10,,1992,regular,,final,Sam Houston,North Texas,255,204,64,65,,Southland,Southland,,,,,,
322228,1992-01-10,,1992,regular,,final,Oregon,Stanford,223,281,57,78,,Pac-12,Pac-12,,,,,,
322229,1992-01-10,,1992,regular,,final,Pacific,San José State,225,260,66,52,,Big West,Big West,,,,,,
322230,1992-01-10,,1992,regular,,final,Princeton,Penn State (Beaver),234,1353,55,42,,Ivy,,,,,,,
322231,1992-01-10,,1992,regular,,final,Pittsburgh,Providence,229,235,83,72,,Big East,Big East,,,,,,
322232,1992-01-10,,1992,regular,,final,Rhode Island,Saint Peter's,240,254,66,57,,A-10,Metro,,,,,,
322233,1992-01-10,,1992,regular,,final,Robert Morris,Wagner,244,341,79,61,,NEC,NEC,,,,,,
322234,1992-01-10,,1992,regular,,final,Texas Pan American,South Alabama,1535,265,56,76,,,Sun Belt,,,,,,
322235,1992-01-10,,1992,regular,,final,Vanderbilt,South Carolina,336,266,79,75,,SEC,SEC,,,,,,
322236,1992-01-10,,1992,regular,,final,San Diego,Santa Clara,258,261,67,58,,WCC,WCC,,,,,,
322237,1992-01-10,,1992,regular,,final,San Diego State,Southern Utah,257,276,78,87,,UAC,Indep.,,,,,,
322238,1992-01-10,,1992,regular,,final,Stephen F. Austin,UT Arlington,282,324,70,65,,Southland,Southland,,,,,,
322239,1992-01-10,,1992,regular,,final,Texas A&M,SMU,293,248,69,73,,,,,,,,,
322240,1992-01-10,,1992,regular,,final,Saint Mary's,San Francisco,253,259,72,70,,WCC,WCC,,,,,,
322241,1992-01-10,,1992,regular,,final,Louisiana,Western Kentucky,148,350,79,76,,Sun Belt,Sun Belt,,,,,,
322242,1992-01-10,,1992,regular,,final,Texas,Texas Tech,295,298,88,83,,,,,,,,,
322243,1992-01-10,,1992,regular,,final,Western Michigan,Toledo,351,300,58,45,,MAC,MAC,,,,,,
322244,1992-01-10,,1992,regular,,final,Fresno State,UC Irvine,92,308,82,55,,Big West,Big West,,,,,,
322246,1992-01-10,,1992,regular,,final,UTEP,Utah,327,331,64,62,,UAC,UAC,,,,,,
322247,1992-01-10,,1992,regular,,final,Virginia Tech,VCU,340,333,73,72,,,,,,,,,
322248,1992-01-10,,1992,regular,,final,Western Carolina,VMI,348,334,74,79,,SoCon,SoCon,,,,,,
322249,1992-01-10,,1992,regular,,final,Washington,Washington State,343,344,78,73,,Pac-12,Pac-12,,,,,,
322250,1992-01-10,,1992,regular,,final,Green Bay,Wright State,105,357,63,44,,Summit,Summit,,,,,,
322251,1992-01-11,,1992,regular,,final,Arizona State,USC,10,323,64,69,,Pac-12,Pac-12,,,,,,
322252,1992-01-12,,1992,regular,,final,Cleveland State,Akron,53,3,67,71,,Summit,Summit,,,,,,
322253,1992-01-12,,1992,regular,,final,Alcorn State,Jackson State,7,126,72,63,,SWAC,SWAC,,,,,,
322254,1992-01-12,,1992,regular,,final,Southern,Alabama State,274,6,85,94,,SWAC,SWAC,,,,,,
322255,1992-01-12,,1992,regular,,final,Furman,App State,93,9,88,78,,SoCon,SoCon,,,,,,
322256,1992-01-12,,1992,regular,,final,Saint Louis,Arkansas State,252,13,59,58,,,Sun Belt,,,,,,
322257,1992-01-12,,1992,regular,,final,Ole Miss,Auburn,220,16,83,96,,SEC,SEC,,,,,,
322258,1992-01-12,,1992,regular,,final,Middle Tennessee,Austin Peay,171,17,84,71,,OVC,OVC,,,,,,
322259,1992-01-12,,1992,regular,,final,Ball State,Sacramento State,19,249,87,66,,MAC,Indep.,,,,,,
322260,1992-01-12,,1992,regular,,final,Boston University,Massachusetts,27,161,82,84,,Am. East,A-10,,,,,,
322261,1992-01-12,,1992,regular,,final,Penn State,Brown,226,30,81,59,,Indep.,Ivy,,,,,,
322262,1992-01-12,,1992,regular,,final,Buffalo,Marist,33,156,67,93,,Indep.,NEC,,,,,,
322263,1992-01-12,,1992,regular,,final,Davidson,Campbell,63,41,48,47,,Big South,Big South,,,,,,
322264,1992-01-12,,1992,regular,,final,UMBC,Charleston,317,46,66,73,,,Indep.,,,,,,
322265,1992-01-12,,1992,regular,,final,Evansville,Chicago State,82,50,95,80,,Horizon,Indep.,,,,,,
322266,1992-01-12,,1992,regular,,final,The Citadel,East Tennessee State,299,75,60,79,,SoCon,SoCon,,,,,,
322267,1992-01-12,,1992,regular,,final,Fordham,Columbia,91,58,60,54,,Patriot,Ivy,,,,,,
322268,1992-01-12,,1992,regular,,final,Coppin State,Maryland Eastern Shore,59,159,106,72,,MEAC,MEAC,,,,,,
322269,1992-01-12,,1992,regular,,final,Creighton,Southern Illinois,61,273,63,76,,MVC,MVC,,,,,,
322270,1992-01-12,,1992,regular,,final,Radford,Charleston Southern,239,47,69,64,,Big South,Big South,,,,,,
322271,1992-01-12,,1992,regular,,final,Vermont,Dartmouth,337,62,61,53,,Am. East,Ivy,,,,,,
322272,1992-01-12,,1992,regular,,final,Detroit Mercy,DePaul,69,65,81,92,,Horizon,,,,,,,
322273,1992-01-12,,1992,regular,,final,Illinois State,Drake,119,70,54,51,,MVC,MVC,,,,,,
322274,1992-01-12,,1992,regular,,final,Delaware State,Morgan State,67,182,99,81,,MEAC,MEAC,,,,,,
322275,1992-01-12,,1992,regular,,final,Duquesne,Temple,73,289,88,61,,A-10,A-10,,,,,,
322276,1992-01-12,,1992,regular,,final,East Carolina,James Madison,74,129,77,81,,CAA,CAA,,,,,,
322277,1992-01-12,,1992,regular,,final,Eastern Illinois,UIC,77,315,81,76,,Summit,Summit,,,,,,
322278,1992-01-12,,1992,regular,,final,Eastern Kentucky,Tennessee State,78,290,64,61,,OVC,OVC,,,,,,
322279,1992-01-12,,1992,regular,,final,Northeastern,Fairleigh Dickinson,205,84,72,65,,Am. East,NEC,,,,,,
322280,1992-01-12,,1992,regular,,final,George Washington,Old Dominion,96,219,85,86,,A-10,CAA,,,,,,
322281,1992-01-12,,1992,regular,,final,Prairie View A&M,Grambling,232,103,67,86,,SWAC,SWAC,,,,,,
322282,1992-01-12,,1992,regular,,final,Hartford,New Hampshire,363,190,71,72,,Am. East,Am. East,,,,,,
322283,1992-01-12,,1992,regular,,final,Missouri,Kansas,177,131,80,92,,,,,,,,,
322284,1992-01-12,,1992,regular,,final,Niagara,La Salle,194,137,77,93,,Metro,Metro,,,,,,
322285,1992-01-12,,1992,regular,,final,Penn State (Beaver),Lehigh,1353,141,92,89,,,Patriot,,,,,,
322286,1992-01-12,,1992,regular,,final,Loyola Maryland,Navy,152,187,73,75,,Metro,Patriot,,,,,,
322287,1992-01-12,,1992,regular,,final,North Carolina,Maryland,200,160,96,76,,ACC,ACC,,,,,,
322288,1992-01-12,,1992,regular,,final,Robert Morris,Monmouth,244,178,68,72,,NEC,NEC,,,,,,
322289,1992-01-12,,1992,regular,,final,Morehead State,Tennessee Tech,181,291,96,85,,OVC,OVC,,,,,,
322290,1992-01-12,,1992,regular,,final,Western Carolina,Marshall,348,158,93,80,,SoCon,SoCon,,,,,,
322291,1992-01-12,,1992,regular,,final,Mount St. Mary's,St. Francis Brooklyn,183,364,64,65,,NEC,NEC,,,,,,
322292,1992-01-12,,1992,regular,,final,Murray State,Southeast Missouri State,184,272,86,76,,OVC,OVC,,,,,,
322293,1992-01-12,,1992,regular,,final,Texas Southern,Mississippi Valley State,296,175,89,78,,SWAC,SWAC,,,,,,
322294,1992-01-12,,1992,regular,,final,UNC Wilmington,Richmond,321,242,73,82,,CAA,CAA,,,,,,
322295,1992-01-12,,1992,regular,,final,New Orleans,Tulane,193,303,61,83,,Sun Belt,,,,,,,
322296,1992-01-12,,1992,regular,,final,Green Bay,Northern Illinois,105,208,58,43,,Summit,Summit,,,,,,
322297,1992-01-12,,1992,regular,,final,Northern Iowa,Tulsa,209,304,54,70,,MVC,MVC,,,,,,
322298,1992-01-12,,1992,regular,,final,Utah State,Rutgers,329,245,78,70,,Big West,A-10,,,,,,
322299,1992-01-12,,1992,regular,,final,Seton Hall,Villanova,263,338,68,73,,Big East,Big East,,,,,,
322300,1992-01-12,,1992,regular,,final,St. Francis (PA),Wagner,278,341,78,64,,NEC,NEC,,,,,,
322301,1992-01-12,,1992,regular,,final,Saint Joseph's,St. Bonaventure,251,277,83,75,,A-10,A-10,,,,,,
322302,1992-01-12,,1992,regular,,final,Chattanooga,VMI,49,334,83,69,,SoCon,SoCon,,,,,,
322303,1992-01-12,,1992,regular,,final,Western Illinois,Valparaiso,349,335,94,70,,Summit,Summit,,,,,,
322304,1992-01-12,,1992,regular,,final,Winthrop,Xavier,354,359,56,83,,Big South,Horizon,,,,,,
322305,1992-01-13,,1992,regular,,final,Alabama,LSU,5,136,81,89,,SEC,SEC,,,,,,
322306,1992-01-13,,1992,regular,,final,Army,Lafayette,15,138,47,49,,Patriot,Patriot,,,,,,
322307,1992-01-13,,1992,regular,,final,Boston College,Providence,26,235,77,75,,Big East,Big East,,,,,,
322308,1992-01-13,,1992,regular,,final,Bradley,Loyola Chicago,29,151,70,61,,MVC,Horizon,,,,,,
322309,1992-01-13,,1992,regular,,final,Cal State Northridge,Montana State,38,180,81,77,,Indep.,Big Sky,,,,,,
322310,1992-01-13,,1992,regular,,final,UConn,Pittsburgh,314,229,87,77,,Big East,Big East,,,,,,
322311,1992-01-13,,1992,regular,,final,St. Francis (PA),Cornell,278,60,72,68,,NEC,Ivy,,,,,,
322312,1992-01-13,,1992,regular,,final,Georgia Tech,Virginia,101,339,75,71,,ACC,ACC,,,,,,
322313,1992-01-13,,1992,regular,,final,Indiana,Ohio State,121,216,91,83,,Big Ten,Big Ten,,,,,,
322314,1992-01-13,,1992,regular,,final,Saint Peter's,Iona,254,123,66,80,,Metro,Metro,,,,,,
322315,1992-01-13,,1992,regular,,final,Liberty,UNC Greensboro,142,320,56,52,,Big South,Indep.,,,,,,
322316,1992-01-13,,1992,regular,,final,Miami,St. John's,168,279,46,42,,Big East,Big East,,,,,,
322317,1992-01-13,,1992,regular,,final,Oklahoma State,Marquette,218,157,64,52,,,,,,,,,
322318,1992-01-13,,1992,regular,,final,West Virginia,Notre Dame,347,213,87,67,,A-10,Indep.,,,,,,
322319,1992-01-13,,1992,regular,,final,Nevada,Saint Mary's,189,253,67,71,,Big Sky,WCC,,,,,,
322320,1992-01-14,,1992,regular,,final,Old Dominion,American University,219,8,74,79,,CAA,CAA,,,,,,
322321,1992-01-14,,1992,regular,,final,Arkansas,Mississippi State,12,174,99,78,,SEC,SEC,,,,,,
322322,1992-01-14,,1992,regular,,final,Ball State,Miami (OH),19,167,70,64,,MAC,MAC,,,,,,
322323,1992-01-14,,1992,regular,,final,Baylor,Texas Tech,20,298,75,68,,,,,,,,,
322324,1992-01-14,,1992,regular,,final,Youngstown State,Bowling Green,361,28,45,65,,Indep.,MAC,,,,,,
322325,1992-01-14,,1992,regular,,final,Brooklyn,Buffalo,414,33,74,67,,,Indep.,,,,,,
322326,1992-01-14,,1992,regular,,final,Holy Cross,Bucknell,111,32,94,76,,Patriot,Patriot,,,,,,
322327,1992-01-14,,1992,regular,,final,Campbell,East Carolina,41,74,80,72,,Big South,CAA,,,,,,
322328,1992-01-14,,1992,regular,,final,Saint Louis,Chicago State,252,50,102,90,,,Indep.,,,,,,
322329,1992-01-14,,1992,regular,,final,DePaul,Cincinnati,65,51,75,66,,,,,,,,,
322330,1992-01-14,,1992,regular,,final,Colgate,Navy,55,187,78,76,,Patriot,Patriot,,,,,,
322331,1992-01-14,,1992,regular,,final,Columbia,Rider,58,243,73,77,,Ivy,,,,,,,
322332,1992-01-14,,1992,regular,,final,Eastern Michigan,Central Michigan,79,45,61,67,,MAC,MAC,,,,,,
322333,1992-01-14,,1992,regular,,final,Colorado,Colorado State,56,57,76,59,,,UAC,,,,,,
322334,1992-01-14,,1992,regular,,final,UNC Asheville,Davidson,319,63,45,64,,Big South,Big South,,,,,,
322335,1992-01-14,,1992,regular,,final,Dayton,Robert Morris,64,244,82,65,,Horizon,NEC,,,,,,
322336,1992-01-14,,1992,regular,,final,Duke,NC State,72,185,110,75,,ACC,ACC,,,,,,
322337,1992-01-14,,1992,regular,,final,Georgia,Florida,98,87,71,63,,SEC,SEC,,,,,,
322338,1992-01-14,,1992,regular,,final,Lehigh,Fordham,141,91,65,63,,Patriot,Patriot,,,,,,
322339,1992-01-14,,1992,regular,,final,Fairfield,Siena,83,264,63,65,,Metro,Metro,,,,,,
322340,1992-01-14,,1992,regular,,final,William & Mary,George Mason,353,95,92,77,,CAA,CAA,,,,,,
322341,1992-01-14,,1992,regular,,final,Massachusetts,George Washington,161,96,88,80,,A-10,A-10,,,,,,
322342,1992-01-14,,1992,regular,,final,Georgetown,Syracuse,97,286,62,74,,Big East,Big East,,,,,,
322343,1992-01-14,,1992,regular,,final,Iowa,Illinois,124,118,74,69,,Big Ten,Big Ten,,,,,,
322344,1992-01-14,,1992,regular,,final,Vanderbilt,Kentucky,336,135,71,84,,SEC,SEC,,,,,,
322345,1992-01-14,,1992,regular,,final,Kansas State,Wichita State,132,352,72,50,,,MVC,,,,,,
322346,1992-01-14,,1992,regular,,final,Kent State,Western Michigan,134,351,48,64,,MAC,MAC,,,,,,
322347,1992-01-14,,1992,regular,,final,Louisiana,Louisiana Tech,148,149,79,63,,Sun Belt,Sun Belt,,,,,,
322348,1992-01-14,,1992,regular,,final,Manhattan,Marist,155,156,81,60,,Metro,NEC,,,,,,
322349,1992-01-14,,1992,regular,,final,Memphis,Texas Southern,163,296,71,53,,,SWAC,,,,,,
322350,1992-01-14,,1992,regular,,final,Michigan,Purdue,170,236,60,65,,Big Ten,Big Ten,,,,,,
322351,1992-01-14,,1992,regular,,final,Wisconsin,Minnesota,355,173,48,49,,Big Ten,Big Ten,,,,,,
322352,1992-01-14,,1992,regular,,final,Michigan State,Northwestern,169,212,78,61,,Big Ten,Big Ten,,,,,,
322353,1992-01-14,,1992,regular,,final,Murray State,VCU,184,333,90,91,,OVC,,,,,,,
322354,1992-01-14,,1992,regular,,final,Missouri State,Northern Iowa,176,209,73,48,,MVC,MVC,,,,,,
322355,1992-01-14,,1992,regular,,final,Toledo,Ohio,300,215,70,66,,MAC,MAC,,,,,,
322356,1992-01-14,,1992,regular,,final,Rutgers,St. Bonaventure,245,277,85,51,,A-10,A-10,,,,,,
322357,1992-01-14,,1992,regular,,final,South Carolina,Tennessee,266,292,73,59,,SEC,SEC,,,,,,
322358,1992-01-14,,1992,regular,,final,SMU,TCU,248,287,62,73,,,,,,,,,
322359,1992-01-14,,1992,regular,,final,Texas A&M,Texas,293,295,73,76,,,,,,,,,
322360,1992-01-15,,1992,regular,,final,Utah,Air Force,331,2,68,51,,UAC,UAC,,,,,,
322361,1992-01-15,,1992,regular,,final,Wright State,Akron,357,3,93,68,,Summit,Summit,,,,,,
322362,1992-01-15,,1992,regular,,final,Alcorn State,Morehead State,7,181,87,91,,SWAC,OVC,,,,,,
322363,1992-01-15,,1992,regular,,final,Washington,Arizona,343,11,62,60,,Pac-12,Pac-12,,,,,,
322364,1992-01-15,,1992,regular,,final,Little Rock,South Alabama,144,265,85,74,,Sun Belt,Sun Belt,,,,,,
322365,1992-01-15,,1992,regular,,final,Arkansas State,New Orleans,13,193,64,62,,Sun Belt,Sun Belt,,,,,,
322366,1992-01-15,,1992,regular,,final,Washington State,Arizona State,344,10,86,95,,Pac-12,Pac-12,,,,,,
322367,1992-01-15,,1992,regular,,final,Bethune-Cookman,Howard,23,114,70,91,,MEAC,MEAC,,,,,,
322368,1992-01-15,,1992,regular,,final,Boise State,Weber State,25,345,83,89,,Big Sky,Big Sky,,,,,,
322369,1992-01-15,,1992,regular,,final,Boston University,Hartford,27,363,70,63,,Am. East,Am. East,,,,,,
322370,1992-01-15,,1992,regular,,final,BYU,Wyoming,18,358,68,59,,UAC,UAC,,,,,,
322371,1992-01-15,,1992,regular,,final,Georgia Southern,Centenary (LA),99,367,119,91,,ASUN,ASUN,,,,,,
322372,1992-01-15,,1992,regular,,final,Texas Pan American,UCF,1535,312,51,59,,,Sun Belt,,,,,,
322373,1992-01-15,,1992,regular,,final,Charleston,Charleston Southern,46,47,58,53,,Indep.,Big South,,,,,,
322374,1992-01-15,,1992,regular,,final,UIC,Cleveland State,315,53,79,65,,Summit,Summit,,,,,,
322375,1992-01-15,,1992,regular,,final,Indiana State,Creighton,122,61,77,49,,MVC,MVC,,,,,,
322376,1992-01-15,,1992,regular,,final,UC Santa Barbara,Utah State,311,329,74,72,,Big West,Big West,,,,,,
322377,1992-01-15,,1992,regular,,final,Northern Arizona,Eastern Washington,206,80,80,71,,Big Sky,Big Sky,,,,,,
322378,1992-01-15,,1992,regular,,final,Florida A&M,Morgan State,85,182,98,67,,MEAC,MEAC,,,,,,
322379,1992-01-15,,1992,regular,,final,Fairleigh Dickinson,Mount St. Mary's,84,183,74,65,,NEC,NEC,,,,,,
322380,1992-01-15,,1992,regular,,final,Florida International,Georgia State,89,100,91,81,,ASUN,ASUN,,,,,,
322381,1992-01-15,,1992,regular,,final,Long Beach State,Fresno State,145,92,80,72,,Big West,Big West,,,,,,
322382,1992-01-15,,1992,regular,,final,Gonzaga,Pepperdine,102,228,66,68,,WCC,WCC,,,,,,
322383,1992-01-15,,1992,regular,,final,UTEP,Hawai'i,327,108,67,51,,UAC,UAC,,,,,,
322384,1992-01-15,,1992,regular,,final,Idaho,Idaho State,117,116,85,75,,Big Sky,Big Sky,,,,,,
322385,1992-01-15,,1992,regular,,final,Jackson State,Kansas City,126,130,76,66,,SWAC,Indep.,,,,,,
322386,1992-01-15,,1992,regular,,final,Radford,Liberty,239,142,76,74,,Big South,Big South,,,,,,
322387,1992-01-15,,1992,regular,,final,Wagner,Long Island University,341,146,75,77,,NEC,NEC,,,,,,
322388,1992-01-15,,1992,regular,,final,Portland,Loyola Marymount,230,153,95,94,,WCC,WCC,,,,,,
322389,1992-01-15,,1992,regular,,final,Louisville,South Florida,150,271,60,47,,,,,,,,,
322390,1992-01-15,,1992,regular,,final,McNeese,Sam Houston,162,255,81,54,,Southland,Southland,,,,,,
322391,1992-01-15,,1992,regular,,final,Mercer,SE Louisiana,164,246,81,65,,ASUN,ASUN,,,,,,
322392,1992-01-15,,1992,regular,,final,Monmouth,St. Francis Brooklyn,178,364,62,40,,NEC,NEC,,,,,,
322393,1992-01-15,,1992,regular,,final,Marshall,Penn State,158,226,60,67,,SoCon,Indep.,,,,,,
322394,1992-01-15,,1992,regular,,final,Southern Miss,Charlotte,275,48,69,77,,,,,,,,,
322395,1992-01-15,,1992,regular,,final,UL Monroe,Texas A&M-San Antonio,316,583,68,74,,Southland,,,,,,,
322396,1992-01-15,,1992,regular,,final,New Mexico,San Diego State,191,257,90,68,,UAC,UAC,,,,,,
322397,1992-01-15,,1992,regular,,final,Nicholls,Stephen F. Austin,195,282,72,62,,Southland,Southland,,,,,,
322398,1992-01-15,,1992,regular,,final,San José State,New Mexico State,260,192,73,81,,Big West,Big West,,,,,,
322399,1992-01-15,,1992,regular,,final,Northeastern,Vermont,205,337,58,70,,Am. East,Am. East,,,,,,
322400,1992-01-15,,1992,regular,,final,Northwestern State,Texas State,211,297,86,72,,Southland,Southland,,,,,,
322401,1992-01-15,,1992,regular,,final,UCLA,Oregon,313,223,99,71,,Pac-12,Pac-12,,,,,,
322402,1992-01-15,,1992,regular,,final,USC,Oregon State,323,224,90,73,,Pac-12,Pac-12,,,,,,
322403,1992-01-15,,1992,regular,,final,Prairie View A&M,Oral Roberts,232,222,90,101,,SWAC,Indep.,,,,,,
322404,1992-01-15,,1992,regular,,final,Stetson,Samford,283,256,71,70,,ASUN,ASUN,,,,,,
322405,1992-01-15,,1992,regular,,final,Temple,West Virginia,289,347,62,67,,A-10,A-10,,,,,,
322406,1992-01-15,,1992,regular,,final,Tulane,Virginia Tech,303,340,80,60,,,,,,,,,
322407,1992-01-15,,1992,regular,,final,Wake Forest,North Carolina,342,200,79,90,,ACC,ACC,,,,,,
322408,1992-01-15,,1992,regular,,final,Pacific,UNLV,225,322,52,70,,Big West,Big West,,,,,,
322409,1992-01-15,,1992,regular,,final,VMI,Winthrop,334,354,67,52,,SoCon,Big South,,,,,,
322410,1992-01-15,,1992,regular,,final,Milwaukee,Western Illinois,172,349,70,69,,Indep.,Summit,,,,,,
322411,1992-01-16,,1992,regular,,final,Canisius,Loyola Maryland,42,152,80,88,,Metro,Metro,,,,,,
322412,1992-01-16,,1992,regular,,final,New Hampshire,Delaware,190,66,74,89,,Am. East,Am. East,,,,,,
322413,1992-01-16,,1992,regular,,final,Maine-Farmington,Drexel,1078,71,50,55,,,Am. East,,,,,,
322414,1992-01-16,,1992,regular,,final,Niagara,Iona,194,123,88,62,,Metro,Metro,,,,,,
322415,1992-01-16,,1992,regular,,final,Rhode Island,Saint Joseph's,240,251,84,63,,A-10,A-10,,,,,,
322416,1992-01-16,,1992,regular,,final,San Francisco,Santa Clara,259,261,71,74,,WCC,WCC,,,,,,
322417,1992-01-16,,1992,regular,,final,Saint Mary's,San Diego,253,258,46,36,,WCC,WCC,,,,,,
322418,1992-01-17,,1992,regular,,final,BYU,Air Force,18,2,66,45,,UAC,UAC,,,,,,
322419,1992-01-17,,1992,regular,,final,Akron,Western Illinois,3,349,59,54,,Summit,Summit,,,,,,
322420,1992-01-17,,1992,regular,,final,Auburn,Alabama,16,5,81,63,,SEC,SEC,,,,,,
322421,1992-01-17,,1992,regular,,final,Alcorn State,Texas Southern,7,296,60,71,,SWAC,SWAC,,,,,,
322422,1992-01-17,,1992,regular,,final,Grambling,Alabama State,103,6,71,85,,SWAC,SWAC,,,,,,
322423,1992-01-17,,1992,regular,,final,American University,East Carolina,8,74,80,79,,CAA,CAA,,,,,,
322424,1992-01-17,,1992,regular,,final,App State,Chattanooga,9,49,86,81,,SoCon,SoCon,,,,,,
322425,1992-01-17,,1992,regular,,final,Washington State,Arizona,344,11,65,78,,Pac-12,Pac-12,,,,,,
322426,1992-01-17,,1992,regular,,final,Ole Miss,Arkansas,220,12,93,114,,SEC,SEC,,,,,,
322427,1992-01-17,,1992,regular,,final,Little Rock,New Orleans,144,193,72,61,,Sun Belt,Sun Belt,,,,,,
322428,1992-01-17,,1992,regular,,final,Bucknell,Army,32,15,83,65,,Patriot,Patriot,,,,,,
322429,1992-01-17,,1992,regular,,final,Arkansas State,Lamar,13,139,58,54,,Sun Belt,Sun Belt,,,,,,
322430,1992-01-17,,1992,regular,,final,Washington,Arizona State,343,10,62,68,,Pac-12,Pac-12,,,,,,
322431,1992-01-17,,1992,regular,,final,Western Michigan,Ball State,351,19,69,59,,MAC,MAC,,,,,,
322432,1992-01-17,,1992,regular,,final,Bethune-Cookman,Morgan State,23,182,68,92,,MEAC,MEAC,,,,,,
322433,1992-01-17,,1992,regular,,final,Bowling Green,Eastern Michigan,28,79,72,69,,MAC,MAC,,,,,,
322434,1992-01-17,,1992,regular,,final,Seton Hall,Boston College,263,26,64,65,,Big East,Big East,,,,,,
322435,1992-01-17,,1992,regular,,final,Boise State,Idaho State,25,116,82,69,,Big Sky,Big Sky,,,,,,
322436,1992-01-17,,1992,regular,,final,Indiana State,Bradley,122,29,72,51,,MVC,MVC,,,,,,
322437,1992-01-17,,1992,regular,,final,Hofstra,Brooklyn,110,414,78,54,,,,,,,,,
322438,1992-01-17,,1992,regular,,final,Brown,Yale,30,360,65,59,,Ivy,Ivy,,,,,,
322439,1992-01-17,,1992,regular,,final,Buffalo,Towson,33,301,65,77,,Indep.,,,,,,,
322440,1992-01-17,,1992,regular,,final,Butler,Green Bay,34,105,66,69,,Horizon,Summit,,,,,,
322441,1992-01-17,,1992,regular,,final,Stanford,California,281,40,76,61,,Pac-12,Pac-12,,,,,,
322442,1992-01-17,,1992,regular,,final,Campbell,Radford,41,239,75,78,,Big South,Big South,,,,,,
322443,1992-01-17,,1992,regular,,final,Coastal Carolina,UNC Asheville,54,319,93,85,,Big South,Big South,,,,,,
322444,1992-01-17,,1992,regular,,final,Mercer,Centenary (LA),164,367,80,66,,ASUN,ASUN,,,,,,
322445,1992-01-17,,1992,regular,,final,UCF,Louisiana,312,148,70,87,,Sun Belt,Sun Belt,,,,,,
322446,1992-01-17,,1992,regular,,final,Cincinnati,Memphis,51,163,75,66,,,,,,,,,
322447,1992-01-17,,1992,regular,,final,The Citadel,Furman,299,93,65,85,,SoCon,SoCon,,,,,,
322448,1992-01-17,,1992,regular,,final,Clemson,NC State,52,185,75,78,,ACC,ACC,,,,,,
322449,1992-01-17,,1992,regular,,final,Colgate,Lehigh,55,141,87,82,,Patriot,Patriot,,,,,,
322450,1992-01-17,,1992,regular,,final,Columbia,Cornell,58,60,78,74,,Ivy,Ivy,,,,,,
322451,1992-01-17,,1992,regular,,final,Cleveland State,Eastern Illinois,53,77,71,73,,Summit,Summit,,,,,,
322452,1992-01-17,,1992,regular,,final,Central Michigan,Toledo,45,300,64,61,,MAC,MAC,,,,,,
322453,1992-01-17,,1992,regular,,final,Cal State Northridge,Southern Utah,38,276,76,90,,Indep.,Indep.,,,,,,
322454,1992-01-17,,1992,regular,,final,Colorado,Kansas,56,131,80,81,,,,,,,,,
322455,1992-01-17,,1992,regular,,final,Miami,UConn,168,314,58,77,,Big East,Big East,,,,,,
322456,1992-01-17,,1992,regular,,final,Florida A&M,Coppin State,85,59,89,90,,MEAC,MEAC,,,,,,
322457,1992-01-17,,1992,regular,,final,Southern Illinois,Creighton,273,61,92,82,,MVC,MVC,,,,,,
322458,1992-01-17,,1992,regular,,final,Charleston Southern,Winthrop,47,354,76,69,,Big South,Big South,,,,,,
322459,1992-01-17,,1992,regular,,final,Utah,Colorado State,331,57,48,67,,UAC,UAC,,,,,,
322460,1992-01-17,,1992,regular,,final,Liberty,Davidson,142,63,86,68,,Big South,Big South,,,,,,
322461,1992-01-17,,1992,regular,,final,DePaul,Georgetown,65,97,72,62,,,Big East,,,,,,
322462,1992-01-17,,1992,regular,,final,Detroit Mercy,Evansville,69,82,65,86,,Horizon,Horizon,,,,,,
322463,1992-01-17,,1992,regular,,final,Drake,Milwaukee,70,172,46,47,,MVC,Indep.,,,,,,
322464,1992-01-17,,1992,regular,,final,North Carolina A&T,Delaware State,198,67,81,73,,MEAC,MEAC,,,,,,
322465,1992-01-17,,1992,regular,,final,Duke,Charlotte,72,48,104,82,,ACC,,,,,,,
322466,1992-01-17,,1992,regular,,final,Duquesne,St. Bonaventure,73,277,85,57,,A-10,A-10,,,,,,
322467,1992-01-17,,1992,regular,,final,Kentucky,Eastern Kentucky,135,78,85,55,,SEC,OVC,,,,,,
322468,1992-01-17,,1992,regular,,final,East Tennessee State,Western Carolina,75,348,102,66,,SoCon,SoCon,,,,,,
322469,1992-01-17,,1992,regular,,final,Nevada,Eastern Washington,189,80,73,71,,Big Sky,Big Sky,,,,,,
322470,1992-01-17,,1992,regular,,final,Florida International,Samford,89,256,70,54,,ASUN,ASUN,,,,,,
322471,1992-01-17,,1992,regular,,final,Florida,Tennessee,87,292,71,65,,SEC,SEC,,,,,,
322472,1992-01-17,,1992,regular,,final,Fordham,Lafayette,91,138,80,52,,Patriot,Patriot,,,,,,
322473,1992-01-17,,1992,regular,,final,Maryland,Florida State,160,90,83,91,,ACC,ACC,,,,,,
322474,1992-01-17,,1992,regular,,final,UC Irvine,Cal State Fullerton,308,37,83,86,,Big West,Big West,,,,,,
322475,1992-01-17,,1992,regular,,final,George Mason,UNC Wilmington,95,321,74,55,,CAA,CAA,,,,,,
322476,1992-01-17,,1992,regular,,final,South Carolina,Georgia,266,98,71,68,,SEC,SEC,,,,,,
322477,1992-01-17,,1992,regular,,final,Stetson,Georgia State,283,100,81,73,,ASUN,ASUN,,,,,,
322478,1992-01-17,,1992,regular,,final,Wake Forest,Georgia Tech,342,101,86,72,,ACC,ACC,,,,,,
322479,1992-01-17,,1992,regular,,final,George Washington,Rutgers,96,245,73,70,,A-10,A-10,,,,,,
322480,1992-01-17,,1992,regular,,final,Gonzaga,Loyola Marymount,102,153,97,95,,WCC,WCC,,,,,,
322481,1992-01-17,,1992,regular,,final,Georgia Southern,SE Louisiana,99,246,90,75,,ASUN,ASUN,,,,,,
322482,1992-01-17,,1992,regular,,final,New Mexico,Hawai'i,191,108,79,67,,UAC,UAC,,,,,,
322483,1992-01-17,,1992,regular,,final,Navy,Holy Cross,187,111,80,85,,Patriot,Patriot,,,,,,
322484,1992-01-17,,1992,regular,,final,Rice,Houston,241,113,60,74,,,,,,,,,
322485,1992-01-17,,1992,regular,,final,Hartford,Northeastern,363,205,60,56,,Am. East,Am. East,,,,,,
322486,1992-01-17,,1992,regular,,final,Idaho,Weber State,117,345,76,80,,Big Sky,Big Sky,,,,,,
322487,1992-01-17,,1992,regular,,final,Northern Illinois,UIC,208,315,85,81,,Summit,Summit,,,,,,
322488,1992-01-17,,1992,regular,,final,Illinois,Michigan,118,170,61,68,,Big Ten,Big Ten,,,,,,
322489,1992-01-17,,1992,regular,,final,Wichita State,Illinois State,352,119,66,50,,MVC,MVC,,,,,,
322490,1992-01-17,,1992,regular,,final,Northwestern,Indiana,212,121,62,96,,Big Ten,Big Ten,,,,,,
322491,1992-01-17,,1992,regular,,final,Oklahoma State,Iowa State,218,125,85,67,,,,,,,,,
322492,1992-01-17,,1992,regular,,final,Jacksonville,Western Kentucky,127,350,89,85,,Sun Belt,Sun Belt,,,,,,
322493,1992-01-17,,1992,regular,,final,James Madison,Old Dominion,129,219,92,76,,CAA,CAA,,,,,,
322494,1992-01-17,,1992,regular,,final,Jackson State,Mississippi Valley State,126,175,73,80,,SWAC,SWAC,,,,,,
322495,1992-01-17,,1992,regular,,final,Kansas State,Oklahoma,132,217,76,117,,,,,,,,,
322496,1992-01-17,,1992,regular,,final,Ohio,Kent State,215,134,72,60,,MAC,MAC,,,,,,
322497,1992-01-17,,1992,regular,,final,Saint Peter's,La Salle,254,137,71,94,,Metro,Metro,,,,,,
322498,1992-01-17,,1992,regular,,final,Long Beach State,Utah State,145,329,87,72,,Big West,Big West,,,,,,
322499,1992-01-17,,1992,regular,,final,Monmouth,Long Island University,178,146,66,68,,NEC,NEC,,,,,,
322500,1992-01-17,,1992,regular,,final,Loyola Chicago,Xavier,151,359,73,75,,Horizon,Horizon,,,,,,
322501,1992-01-17,,1992,regular,,final,Louisville,Wyoming,150,358,68,60,,,UAC,,,,,,
322502,1992-01-17,,1992,regular,,final,Mississippi State,LSU,174,136,70,83,,SEC,SEC,,,,,,
322503,1992-01-17,,1992,regular,,final,Siena,Manhattan,264,155,66,81,,Metro,Metro,,,,,,
322504,1992-01-17,,1992,regular,,final,UMBC,Rider,317,243,73,90,,,,,,,,,
322505,1992-01-17,,1992,regular,,final,McNeese,Stephen F. Austin,162,282,45,51,,Southland,Southland,,,,,,
322506,1992-01-17,,1992,regular,,final,South Carolina State,Maryland Eastern Shore,267,159,76,63,,MEAC,MEAC,,,,,,
322507,1992-01-17,,1992,regular,,final,Tennessee State,Middle Tennessee,290,171,50,55,,OVC,OVC,,,,,,
322508,1992-01-17,,1992,regular,,final,Penn State,Miami (OH),226,167,87,73,,Indep.,MAC,,,,,,
322509,1992-01-17,,1992,regular,,final,Montana,Montana State,179,180,73,59,,Big Sky,Big Sky,,,,,,
322510,1992-01-17,,1992,regular,,final,Southeast Missouri State,Morehead State,272,181,85,74,,OVC,OVC,,,,,,
322511,1992-01-17,,1992,regular,,final,Saint Louis,Marquette,252,157,67,70,,,,,,,,,
322512,1992-01-17,,1992,regular,,final,Marist,Mount St. Mary's,156,183,94,80,,NEC,NEC,,,,,,
322513,1992-01-17,,1992,regular,,final,Marshall,VMI,158,334,69,74,,SoCon,SoCon,,,,,,
322514,1992-01-17,,1992,regular,,final,Nebraska,Missouri,188,177,73,83,,MVC,,,,,,,
322515,1992-01-17,,1992,regular,,final,Minnesota,Michigan State,173,169,70,66,,Big Ten,Big Ten,,,,,,
322516,1992-01-17,,1992,regular,,final,Tennessee Tech,Murray State,291,184,80,87,,OVC,OVC,,,,,,
322517,1992-01-17,,1992,regular,,final,Youngstown State,Northeastern Illinois,361,390,60,72,,Indep.,Indep.,,,,,,
322518,1992-01-17,,1992,regular,,final,UL Monroe,Texas State,316,297,78,65,,Southland,Southland,,,,,,
322519,1992-01-17,,1992,regular,,final,Nicholls,Sam Houston,195,255,88,62,,Southland,Southland,,,,,,
322520,1992-01-17,,1992,regular,,final,Pacific,New Mexico State,225,192,77,90,,Big West,Big West,,,,,,
322521,1992-01-17,,1992,regular,,final,Virginia,Notre Dame,339,213,83,56,,ACC,Indep.,,,,,,
322522,1992-01-17,,1992,regular,,final,North Texas,UT Arlington,204,324,86,70,,Southland,Southland,,,,,,
322523,1992-01-17,,1992,regular,,final,Northwestern State,Texas A&M-San Antonio,211,583,77,94,,Southland,,,,,,,
322524,1992-01-17,,1992,regular,,final,USC,Oregon,323,223,85,56,,Pac-12,Pac-12,,,,,,
322525,1992-01-17,,1992,regular,,final,UCLA,Oregon State,313,224,87,81,,Pac-12,Pac-12,,,,,,
322526,1992-01-17,,1992,regular,,final,Portland,Pepperdine,230,228,73,94,,WCC,WCC,,,,,,
322527,1992-01-17,,1992,regular,,final,Syracuse,Pittsburgh,286,229,83,79,,Big East,Big East,,,,,,
322528,1992-01-17,,1992,regular,,final,Southern,Prairie View A&M,274,232,111,65,,SWAC,SWAC,,,,,,
322529,1992-01-17,,1992,regular,,final,St. John's,Providence,279,235,85,75,,Big East,Big East,,,,,,
322530,1992-01-17,,1992,regular,,final,Richmond,William & Mary,242,353,82,65,,CAA,CAA,,,,,,
322531,1992-01-17,,1992,regular,,final,St. Francis (PA),Robert Morris,278,244,45,70,,NEC,NEC,,,,,,
322532,1992-01-17,,1992,regular,,final,South Alabama,Texas Pan American,265,1535,98,55,,Sun Belt,,,,,,,
322533,1992-01-17,,1992,regular,,final,San Francisco,San Diego,259,258,69,70,,WCC,WCC,,,,,,
322534,1992-01-17,,1992,regular,,final,UTEP,San Diego State,327,257,72,58,,UAC,UAC,,,,,,
322535,1992-01-17,,1992,regular,,final,VCU,South Florida,333,271,71,63,,,,,,,,,
322536,1992-01-17,,1992,regular,,final,Wagner,St. Francis Brooklyn,341,364,82,75,,NEC,NEC,,,,,,
322537,1992-01-17,,1992,regular,,final,Southern Miss,Virginia Tech,275,340,72,60,,,,,,,,,
322538,1992-01-17,,1992,regular,,final,Oral Roberts,SMU,222,248,80,92,,Indep.,,,,,,,
322539,1992-01-17,,1992,regular,,final,Saint Mary's,Santa Clara,253,261,72,85,,WCC,WCC,,,,,,
322540,1992-01-17,,1992,regular,,final,Tulsa,Missouri State,304,176,64,63,,MVC,MVC,,,,,,
322541,1992-01-17,,1992,regular,,final,TCU,Texas,287,295,80,76,,,,,,,,,
322542,1992-01-17,,1992,regular,,final,San José State,UNLV,260,322,67,79,,Big West,Big West,,,,,,
322543,1992-01-17,,1992,regular,,final,Wright State,Valparaiso,357,335,70,63,,Summit,Summit,,,,,,
322544,1992-01-18,,1992,regular,,final,Canisius,Iona,42,123,84,79,,Metro,Metro,,,,,,
322545,1992-01-18,,1992,regular,,final,Delaware,Maine-Farmington,66,1078,80,67,,Am. East,,,,,,,
322546,1992-01-18,,1992,regular,,final,New Hampshire,Drexel,190,71,75,72,,Am. East,Am. East,,,,,,
322547,1992-01-18,,1992,regular,,final,Ohio State,Iowa,216,124,85,81,,Big Ten,Big Ten,,,,,,
322549,1992-01-18,,1992,regular,,final,Niagara,Loyola Maryland,194,152,76,73,,Metro,Metro,,,,,,
322550,1992-01-18,,1992,regular,,final,Virginia,Marshall,339,158,73,53,,ACC,SoCon,,,,,,
322552,1992-01-18,,1992,regular,,final,North Carolina,Villanova,200,338,76,64,,ACC,Big East,,,,,,
322553,1992-01-19,,1992,regular,,final,Akron,Eastern Illinois,3,77,71,61,,Summit,Summit,,,,,,
322554,1992-01-19,,1992,regular,,final,Alcorn State,Prairie View A&M,7,232,100,64,,SWAC,SWAC,,,,,,
322555,1992-01-19,,1992,regular,,final,Alabama State,Mississippi Valley State,6,175,81,96,,SWAC,SWAC,,,,,,
322556,1992-01-19,,1992,regular,,final,American University,UNC Wilmington,8,321,98,97,,CAA,CAA,,,,,,
322557,1992-01-19,,1992,regular,,final,App State,Western Carolina,9,348,86,61,,SoCon,SoCon,,,,,,
322558,1992-01-19,,1992,regular,,final,Austin Peay,Morehead State,17,181,102,100,,OVC,OVC,,,,,,
322559,1992-01-19,,1992,regular,,final,Bethune-Cookman,Coppin State,23,59,73,85,,MEAC,MEAC,,,,,,
322560,1992-01-19,,1992,regular,,final,Southern Illinois,Bradley,273,29,90,68,,MVC,MVC,,,,,,
322561,1992-01-19,,1992,regular,,final,Rider,Brooklyn,243,414,64,57,,,,,,,,,
322562,1992-01-19,,1992,regular,,final,Bucknell,Towson,32,301,85,72,,Patriot,,,,,,,
322563,1992-01-19,,1992,regular,,final,Campbell,UNC Asheville,41,319,69,75,,Big South,Big South,,,,,,
322564,1992-01-19,,1992,regular,,final,Northern Arizona,Sacramento State,206,249,71,68,,Big Sky,Indep.,,,,,,
322565,1992-01-19,,1992,regular,,final,Coastal Carolina,Radford,54,239,56,58,,Big South,Big South,,,,,,
322566,1992-01-19,,1992,regular,,final,Charleston,Morgan State,46,182,92,50,,Indep.,MEAC,,,,,,
322567,1992-01-19,,1992,regular,,final,Cornell,Colgate,60,55,62,76,,Ivy,Patriot,,,,,,
322568,1992-01-19,,1992,regular,,final,Columbia,Lehigh,58,141,90,84,,Ivy,Patriot,,,,,,
322569,1992-01-19,,1992,regular,,final,Cleveland State,Western Illinois,53,349,68,78,,Summit,Summit,,,,,,
322570,1992-01-19,,1992,regular,,final,UC Santa Barbara,Fresno State,311,92,75,55,,Big West,Big West,,,,,,
322571,1992-01-19,,1992,regular,,final,UNC Greensboro,Charleston Southern,320,47,65,66,,Indep.,Big South,,,,,,
322572,1992-01-19,,1992,regular,,final,South Carolina State,Delaware State,267,67,58,62,,MEAC,MEAC,,,,,,
322573,1992-01-19,,1992,regular,,final,George Washington,Duquesne,96,73,63,67,,A-10,A-10,,,,,,
322574,1992-01-19,,1992,regular,,final,George Mason,East Carolina,95,74,81,78,,CAA,CAA,,,,,,
322575,1992-01-19,,1992,regular,,final,Southeast Missouri State,Eastern Kentucky,272,78,76,74,,OVC,OVC,,,,,,
322576,1992-01-19,,1992,regular,,final,East Tennessee State,Chattanooga,75,49,82,88,,SoCon,SoCon,,,,,,
322577,1992-01-19,,1992,regular,,final,Florida A&M,Howard,85,114,78,67,,MEAC,MEAC,,,,,,
322578,1992-01-19,,1992,regular,,final,Florida State,Mercer,90,164,78,64,,ACC,ASUN,,,,,,
322579,1992-01-19,,1992,regular,,final,Grambling,Jackson State,103,126,73,93,,SWAC,SWAC,,,,,,
322580,1992-01-19,,1992,regular,,final,UIC,Green Bay,315,105,66,70,,Summit,Summit,,,,,,
322581,1992-01-19,,1992,regular,,final,Tulsa,Illinois State,304,119,72,73,,MVC,MVC,,,,,,
322582,1992-01-19,,1992,regular,,final,LSU,McNeese,136,162,115,67,,SEC,Southland,,,,,,
322583,1992-01-19,,1992,regular,,final,Rhode Island,Massachusetts,240,161,59,72,,A-10,A-10,,,,,,
322584,1992-01-19,,1992,regular,,final,North Carolina A&T,Maryland Eastern Shore,198,159,90,66,,MEAC,MEAC,,,,,,
322585,1992-01-19,,1992,regular,,final,Tennessee Tech,Middle Tennessee,291,171,99,90,,OVC,OVC,,,,,,
322586,1992-01-19,,1992,regular,,final,Southern Miss,Memphis,275,163,67,59,,,,,,,,,
322587,1992-01-19,,1992,regular,,final,Nebraska,Kansas City,188,130,74,71,,MVC,Indep.,,,,,,
322588,1992-01-19,,1992,regular,,final,Tennessee State,Murray State,290,184,62,71,,OVC,OVC,,,,,,
322589,1992-01-19,,1992,regular,,final,Northern Illinois,Wright State,208,357,70,84,,Summit,Summit,,,,,,
322590,1992-01-19,,1992,regular,,final,Oklahoma,Oklahoma State,217,218,89,92,,,,,,,,,
322591,1992-01-19,,1992,regular,,final,Tulane,Penn State (Beaver),303,1353,88,74,,,,,,,,,
322592,1992-01-19,,1992,regular,,final,Southern,Texas Southern,274,296,85,79,,SWAC,SWAC,,,,,,
322593,1992-01-19,,1992,regular,,final,Seton Hall,St. John's,263,279,75,60,,Big East,Big East,,,,,,
322594,1992-01-19,,1992,regular,,final,UNLV,UC Irvine,322,308,71,52,,Big West,Big West,,,,,,
322595,1992-01-20,,1992,regular,,final,Army,Holy Cross,15,111,61,69,,Patriot,Patriot,,,,,,
322596,1992-01-20,,1992,regular,,final,Western Kentucky,Arkansas State,350,13,80,66,,Sun Belt,Sun Belt,,,,,,
322597,1992-01-20,,1992,regular,,final,Miami,Boston College,168,26,50,51,,Big East,Big East,,,,,,
322598,1992-01-20,,1992,regular,,final,Boston University,Duke,27,72,85,95,,Am. East,ACC,,,,,,
322599,1992-01-20,,1992,regular,,final,Butler,Penn State,34,226,79,74,,Horizon,Indep.,,,,,,
322600,1992-01-20,,1992,regular,,final,Loyola Chicago,Canisius,151,42,88,72,,Horizon,Metro,,,,,,
322601,1992-01-20,,1992,regular,,final,Charlotte,Davidson,48,63,82,70,,,Big South,,,,,,
322602,1992-01-20,,1992,regular,,final,Xavier,Dayton,359,64,77,69,,Horizon,Horizon,,,,,,
322603,1992-01-20,,1992,regular,,final,Georgia State,Detroit Mercy,100,69,85,74,,ASUN,Horizon,,,,,,
322604,1992-01-20,,1992,regular,,final,Drake,Iowa State,70,125,61,92,,MVC,,,,,,,
322605,1992-01-20,,1992,regular,,final,St. Francis Brooklyn,Fairleigh Dickinson,364,84,82,87,,NEC,NEC,,,,,,
322606,1992-01-20,,1992,regular,,final,Manhattan,Fairfield,155,83,85,72,,Metro,Metro,,,,,,
322607,1992-01-20,,1992,regular,,final,Houston,Saint Louis,113,252,110,88,,,,,,,,,
322608,1992-01-20,,1992,regular,,final,Indiana,Michigan,121,170,89,74,,Big Ten,Big Ten,,,,,,
322609,1992-01-20,,1992,regular,,final,Tennessee,Kentucky,292,135,107,85,,SEC,SEC,,,,,,
322610,1992-01-20,,1992,regular,,final,Lamar,Louisiana,139,148,90,84,,Sun Belt,Sun Belt,,,,,,
322611,1992-01-20,,1992,regular,,final,Long Island University,Marist,146,156,85,103,,NEC,NEC,,,,,,
322612,1992-01-20,,1992,regular,,final,Wagner,Monmouth,341,178,61,58,,NEC,NEC,,,,,,
322613,1992-01-20,,1992,regular,,final,Marquette,Notre Dame,157,213,63,69,,,Indep.,,,,,,
322614,1992-01-20,,1992,regular,,final,Mount St. Mary's,St. Francis (PA),183,278,87,84,,NEC,NEC,,,,,,
322615,1992-01-20,,1992,regular,,final,Rutgers,Saint Joseph's,245,251,70,75,,A-10,A-10,,,,,,
322616,1992-01-20,,1992,regular,,final,Villanova,Syracuse,338,286,70,60,,Big East,Big East,,,,,,
322617,1992-01-21,,1992,regular,,final,Alabama,Ole Miss,5,220,77,78,,SEC,SEC,,,,,,
322618,1992-01-21,,1992,regular,,final,American University,Penn State (Beaver),8,1353,65,72,,CAA,,,,,,,
322619,1992-01-21,,1992,regular,,final,Arkansas,Florida,12,87,75,62,,SEC,SEC,,,,,,
322620,1992-01-21,,1992,regular,,final,Auburn,South Carolina,16,266,85,68,,SEC,SEC,,,,,,
322621,1992-01-21,,1992,regular,,final,Austin Peay,Mississippi State,17,174,103,97,,OVC,SEC,,,,,,
322622,1992-01-21,,1992,regular,,final,Ball State,Ohio,19,215,76,60,,MAC,MAC,,,,,,
322623,1992-01-21,,1992,regular,,final,TCU,Baylor,287,20,63,64,,,,,,,,,
322624,1992-01-21,,1992,regular,,final,Toledo,Bowling Green,300,28,57,53,,MAC,MAC,,,,,,
322625,1992-01-21,,1992,regular,,final,Brown,Rider,30,243,70,60,,Ivy,,,,,,,
322626,1992-01-21,,1992,regular,,final,Fordham,Bucknell,91,32,53,77,,Patriot,Patriot,,,,,,
322627,1992-01-21,,1992,regular,,final,Buffalo,UMBC,33,317,80,103,,Indep.,,,,,,,
322628,1992-01-21,,1992,regular,,final,Campbell,Winthrop,41,354,57,58,,Big South,Big South,,,,,,
322629,1992-01-21,,1992,regular,,final,Central Connecticut,Hartford,44,363,81,80,,Indep.,Am. East,,,,,,
322630,1992-01-21,,1992,regular,,final,South Carolina State,Charleston,267,46,60,52,,MEAC,Indep.,,,,,,
322631,1992-01-21,,1992,regular,,final,Chicago State,Eastern Michigan,50,79,82,109,,Indep.,MAC,,,,,,
322632,1992-01-21,,1992,regular,,final,Cincinnati,Eastern Kentucky,51,78,81,41,,,OVC,,,,,,
322633,1992-01-21,,1992,regular,,final,Clemson,Virginia,52,339,51,48,,ACC,ACC,,,,,,
322634,1992-01-21,,1992,regular,,final,Lafayette,Colgate,138,55,73,74,,Patriot,Patriot,,,,,,
322635,1992-01-21,,1992,regular,,final,Kent State,Central Michigan,134,45,75,63,,MAC,MAC,,,,,,
322636,1992-01-21,,1992,regular,,final,Northern Arizona,Cal State Northridge,206,38,73,82,,Big Sky,Indep.,,,,,,
322637,1992-01-21,,1992,regular,,final,Providence,UConn,235,314,86,97,,Big East,Big East,,,,,,
322638,1992-01-21,,1992,regular,,final,Dartmouth,New Hampshire,62,190,62,56,,Ivy,Am. East,,,,,,
322639,1992-01-21,,1992,regular,,final,Evansville,Northeastern Illinois,82,390,87,51,,Horizon,Indep.,,,,,,
322640,1992-01-21,,1992,regular,,final,Furman,Georgia Southern,93,99,76,70,,SoCon,ASUN,,,,,,
322641,1992-01-21,,1992,regular,,final,Georgia,Vanderbilt,98,336,72,70,,SEC,SEC,,,,,,
322642,1992-01-21,,1992,regular,,final,Pittsburgh,Georgetown,229,97,59,63,,Big East,Big East,,,,,,
322643,1992-01-21,,1992,regular,,final,Illinois,Wisconsin,118,355,74,67,,Big Ten,Big Ten,,,,,,
322644,1992-01-21,,1992,regular,,final,Iona,Siena,123,264,65,62,,Metro,Metro,,,,,,
322645,1992-01-21,,1992,regular,,final,Northwestern,Iowa,212,124,71,78,,Big Ten,Big Ten,,,,,,
322646,1992-01-21,,1992,regular,,final,William & Mary,James Madison,353,129,47,56,,CAA,CAA,,,,,,
322647,1992-01-21,,1992,regular,,final,Kansas State,Southern Utah,132,276,84,74,,,Indep.,,,,,,
322648,1992-01-21,,1992,regular,,final,Navy,Lehigh,187,141,86,106,,Patriot,Patriot,,,,,,
322649,1992-01-21,,1992,regular,,final,Maryland,Wake Forest,160,342,76,86,,ACC,ACC,,,,,,
322650,1992-01-21,,1992,regular,,final,Ohio State,Minnesota,216,173,72,69,,Big Ten,Big Ten,,,,,,
322651,1992-01-21,,1992,regular,,final,Miami (OH),Western Michigan,167,351,59,53,,MAC,MAC,,,,,,
322652,1992-01-21,,1992,regular,,final,Purdue,Michigan State,236,169,61,66,,Big Ten,Big Ten,,,,,,
322653,1992-01-21,,1992,regular,,final,Niagara,St. Bonaventure,194,277,74,73,,Metro,A-10,,,,,,
322654,1992-01-21,,1992,regular,,final,Wichita State,Northern Iowa,352,209,65,60,,MVC,MVC,,,,,,
322655,1992-01-21,,1992,regular,,final,Old Dominion,Richmond,219,242,77,82,,CAA,CAA,,,,,,
322656,1992-01-21,,1992,regular,,final,Texas Tech,Rice,298,241,69,84,,,,,,,,,
322657,1992-01-21,,1992,regular,,final,Texas,SMU,295,248,106,91,,,,,,,,,
322658,1992-01-21,,1992,regular,,final,NC State,North Carolina,185,200,99,88,,ACC,ACC,,,,,,
322659,1992-01-22,,1992,regular,,final,Air Force,Utah,2,331,51,68,,UAC,UAC,,,,,,
322660,1992-01-22,,1992,regular,,final,Akron,Youngstown State,3,361,80,67,,Summit,Indep.,,,,,,
322661,1992-01-22,,1992,regular,,final,Arizona,Arizona State,11,10,92,55,,Pac-12,Pac-12,,,,,,
322662,1992-01-22,,1992,regular,,final,Prairie View A&M,Little Rock,232,144,56,86,,SWAC,Sun Belt,,,,,,
322663,1992-01-22,,1992,regular,,final,South Florida,Bethune-Cookman,271,23,66,47,,,MEAC,,,,,,
322664,1992-01-22,,1992,regular,,final,Montana State,Boise State,180,25,60,56,,Big Sky,Big Sky,,,,,,
322665,1992-01-22,,1992,regular,,final,Wyoming,BYU,358,18,72,67,,UAC,UAC,,,,,,
322666,1992-01-22,,1992,regular,,final,California,UCLA,40,313,66,86,,Pac-12,Pac-12,,,,,,
322667,1992-01-22,,1992,regular,,final,Centenary (LA),Stetson,367,283,69,64,,ASUN,ASUN,,,,,,
322668,1992-01-22,,1992,regular,,final,Morgan State,Coppin State,182,59,82,96,,MEAC,MEAC,,,,,,
322669,1992-01-22,,1992,regular,,final,Drake,Missouri State,70,176,41,63,,MVC,MVC,,,,,,
322670,1992-01-22,,1992,regular,,final,Rhode Island,Duquesne,240,73,78,65,,A-10,A-10,,,,,,
322671,1992-01-22,,1992,regular,,final,Virginia Tech,East Carolina,340,74,57,44,,,CAA,,,,,,
322672,1992-01-22,,1992,regular,,final,Eastern Washington,Weber State,80,345,71,68,,Big Sky,Big Sky,,,,,,
322673,1992-01-22,,1992,regular,,final,Long Island University,Fairleigh Dickinson,146,84,76,84,,NEC,NEC,,,,,,
322674,1992-01-22,,1992,regular,,final,SE Louisiana,Florida International,246,89,81,79,,ASUN,ASUN,,,,,,
322675,1992-01-22,,1992,regular,,final,Fresno State,Pacific,92,225,76,67,,Big West,Big West,,,,,,
322676,1992-01-22,,1992,regular,,final,Georgia Tech,Florida State,101,90,79,83,,ACC,ACC,,,,,,
322677,1992-01-22,,1992,regular,,final,Cal State Fullerton,UC Santa Barbara,37,311,58,64,,Big West,Big West,,,,,,
322678,1992-01-22,,1992,regular,,final,Santa Clara,Gonzaga,261,102,73,52,,WCC,WCC,,,,,,
322679,1992-01-22,,1992,regular,,final,Hawai'i,New Mexico,108,191,58,55,,UAC,UAC,,,,,,
322680,1992-01-22,,1992,regular,,final,Howard,Maryland Eastern Shore,114,159,87,54,,MEAC,MEAC,,,,,,
322681,1992-01-22,,1992,regular,,final,Montana,Idaho,179,117,73,58,,Big Sky,Big Sky,,,,,,
322682,1992-01-22,,1992,regular,,final,Tulsa,Indiana State,304,122,67,53,,MVC,MVC,,,,,,
322683,1992-01-22,,1992,regular,,final,Louisiana Tech,Jacksonville,149,127,85,64,,Sun Belt,Sun Belt,,,,,,
322684,1992-01-22,,1992,regular,,final,New Orleans,Lamar,193,139,87,72,,Sun Belt,Sun Belt,,,,,,
322685,1992-01-22,,1992,regular,,final,Temple,La Salle,289,137,67,78,,A-10,Metro,,,,,,
322686,1992-01-22,,1992,regular,,final,Liberty,UNC Asheville,142,319,90,76,,Big South,Big South,,,,,,
322687,1992-01-22,,1992,regular,,final,Louisville,Southern Miss,150,275,88,74,,,,,,,,,
322688,1992-01-22,,1992,regular,,final,Vermont,Maine-Farmington,337,1078,78,56,,Am. East,,,,,,,
322689,1992-01-22,,1992,regular,,final,Saint Joseph's,Massachusetts,251,161,66,91,,A-10,A-10,,,,,,
322690,1992-01-22,,1992,regular,,final,North Texas,McNeese,204,162,72,59,,Southland,Southland,,,,,,
322691,1992-01-22,,1992,regular,,final,St. Francis Brooklyn,Marist,364,156,59,66,,NEC,NEC,,,,,,
322693,1992-01-22,,1992,regular,,final,Mount St. Mary's,Robert Morris,183,244,72,63,,NEC,NEC,,,,,,
322694,1992-01-22,,1992,regular,,final,Notre Dame,Missouri,213,177,68,77,,Indep.,,,,,,,
322695,1992-01-22,,1992,regular,,final,Samford,UNC Greensboro,256,320,56,53,,ASUN,Indep.,,,,,,
322696,1992-01-22,,1992,regular,,final,Stephen F. Austin,UL Monroe,282,316,70,65,,Southland,Southland,,,,,,
322697,1992-01-22,,1992,regular,,final,UT Arlington,Nicholls,324,195,72,81,,Southland,Southland,,,,,,
322698,1992-01-22,,1992,regular,,final,Sam Houston,Northwestern State,255,211,64,74,,Southland,Southland,,,,,,
322699,1992-01-22,,1992,regular,,final,Oklahoma,Oral Roberts,217,222,130,89,,,Indep.,,,,,,
322700,1992-01-22,,1992,regular,,final,Oregon,Washington State,223,344,55,90,,Pac-12,Pac-12,,,,,,
322701,1992-01-22,,1992,regular,,final,Oregon State,Washington,224,343,82,58,,Pac-12,Pac-12,,,,,,
322702,1992-01-22,,1992,regular,,final,San Diego,Portland,258,230,92,76,,WCC,WCC,,,,,,
322703,1992-01-22,,1992,regular,,final,Western Kentucky,South Alabama,350,265,72,84,,Sun Belt,Sun Belt,,,,,,
322704,1992-01-22,,1992,regular,,final,San Diego State,UTEP,257,327,54,77,,UAC,UAC,,,,,,
322705,1992-01-22,,1992,regular,,final,Utah State,San José State,329,260,80,63,,Big West,Big West,,,,,,
322706,1992-01-22,,1992,regular,,final,Louisiana,Texas Pan American,148,1535,90,54,,Sun Belt,,,,,,,
322707,1992-01-22,,1992,regular,,final,VCU,Tulane,333,303,85,87,,,,,,,,,
322708,1992-01-22,,1992,regular,,final,UC Irvine,Long Beach State,308,145,79,82,,Big West,Big West,,,,,,
322709,1992-01-22,,1992,regular,,final,Stanford,USC,281,323,72,82,,Pac-12,Pac-12,,,,,,
322710,1992-01-23,,1992,regular,,final,Montana,Boise State,179,25,67,53,,Big Sky,Big Sky,,,,,,
322711,1992-01-23,,1992,regular,,final,Delaware,Boston University,66,27,93,57,,Am. East,Am. East,,,,,,
322712,1992-01-23,,1992,regular,,final,Drexel,Northeastern,71,205,70,67,,Am. East,Am. East,,,,,,
322713,1992-01-23,,1992,regular,,final,Loyola Marymount,Saint Mary's,153,253,84,67,,WCC,WCC,,,,,,
322714,1992-01-23,,1992,regular,,final,Pepperdine,San Francisco,228,259,77,64,,WCC,WCC,,,,,,
322715,1992-01-24,,1992,regular,,final,Air Force,Youngstown State,2,361,83,57,,UAC,Indep.,,,,,,
322716,1992-01-24,,1992,regular,,final,UIC,Akron,315,3,77,60,,Summit,Summit,,,,,,
322717,1992-01-24,,1992,regular,,final,Georgia,Alabama,98,5,65,68,,SEC,SEC,,,,,,
322718,1992-01-24,,1992,regular,,final,Cincinnati,UAB,51,305,76,52,,,,,,,,,
322719,1992-01-24,,1992,regular,,final,Alcorn State,Southern,7,274,101,91,,SWAC,SWAC,,,,,,
322720,1992-01-24,,1992,regular,,final,Jackson State,Alabama State,126,6,73,68,,SWAC,SWAC,,,,,,
322721,1992-01-24,,1992,regular,,final,James Madison,American University,129,8,77,70,,CAA,CAA,,,,,,
322722,1992-01-24,,1992,regular,,final,Marshall,App State,158,9,72,75,,SoCon,SoCon,,,,,,
322723,1992-01-24,,1992,regular,,final,Arizona,Pittsburgh,11,229,96,76,,Pac-12,Big East,,,,,,
322724,1992-01-24,,1992,regular,,final,Kentucky,Arkansas,135,12,88,105,,SEC,SEC,,,,,,
322725,1992-01-24,,1992,regular,,final,Western Kentucky,Little Rock,350,144,72,58,,Sun Belt,Sun Belt,,,,,,
322726,1992-01-24,,1992,regular,,final,Army,Navy,15,187,64,56,,Patriot,Patriot,,,,,,
322727,1992-01-24,,1992,regular,,final,Texas Pan American,Arkansas State,1535,13,55,72,,,Sun Belt,,,,,,
322728,1992-01-24,,1992,regular,,final,Tennessee,Auburn,292,16,82,74,,SEC,SEC,,,,,,
322729,1992-01-24,,1992,regular,,final,Tennessee Tech,Austin Peay,291,17,98,80,,OVC,OVC,,,,,,
322730,1992-01-24,,1992,regular,,final,Central Michigan,Ball State,45,19,66,73,,MAC,MAC,,,,,,
322731,1992-01-24,,1992,regular,,final,SMU,Baylor,248,20,74,72,,,,,,,,,
322732,1992-01-24,,1992,regular,,final,Bethune-Cookman,North Carolina A&T,23,198,59,70,,MEAC,MEAC,,,,,,
322733,1992-01-24,,1992,regular,,final,Bowling Green,Kent State,28,134,62,47,,MAC,MAC,,,,,,
322734,1992-01-24,,1992,regular,,final,UConn,Boston College,314,26,83,77,,Big East,Big East,,,,,,
322735,1992-01-24,,1992,regular,,final,Drexel,Boston University,71,27,107,77,,Am. East,Am. East,,,,,,
322736,1992-01-24,,1992,regular,,final,Bradley,Northern Iowa,29,209,70,53,,MVC,MVC,,,,,,
322737,1992-01-24,,1992,regular,,final,Brooklyn,UMBC,414,317,75,78,,,,,,,,,
322738,1992-01-24,,1992,regular,,final,Yale,Brown,360,30,56,53,,Ivy,Ivy,,,,,,
322739,1992-01-24,,1992,regular,,final,Colgate,Bucknell,55,32,86,77,,Patriot,Patriot,,,,,,
322740,1992-01-24,,1992,regular,,final,Buffalo,Delaware State,33,67,71,58,,Indep.,MEAC,,,,,,
322741,1992-01-24,,1992,regular,,final,Dayton,Butler,64,34,66,83,,Horizon,Horizon,,,,,,
322742,1992-01-24,,1992,regular,,final,Colorado State,BYU,57,18,74,79,,UAC,UAC,,,,,,
322743,1992-01-24,,1992,regular,,final,California,USC,40,323,83,85,,Pac-12,Pac-12,,,,,,
322744,1992-01-24,,1992,regular,,final,Campbell,Charleston Southern,41,47,85,70,,Big South,Big South,,,,,,
322745,1992-01-24,,1992,regular,,final,La Salle,Canisius,137,42,90,73,,Metro,Metro,,,,,,
322746,1992-01-24,,1992,regular,,final,Liberty,Coastal Carolina,142,54,72,71,,Big South,Big South,,,,,,
322747,1992-01-24,,1992,regular,,final,Central Connecticut,Towson,44,301,54,93,,Indep.,,,,,,,
322748,1992-01-24,,1992,regular,,final,Centenary (LA),Florida International,367,89,78,85,,ASUN,ASUN,,,,,,
322749,1992-01-24,,1992,regular,,final,Louisiana Tech,UCF,149,312,78,61,,Sun Belt,Sun Belt,,,,,,
322750,1992-01-24,,1992,regular,,final,Chattanooga,The Citadel,49,299,93,76,,SoCon,SoCon,,,,,,
322751,1992-01-24,,1992,regular,,final,Maryland,Clemson,160,52,84,71,,ACC,ACC,,,,,,
322752,1992-01-24,,1992,regular,,final,Cornell,Columbia,60,58,70,85,,Ivy,Ivy,,,,,,
322753,1992-01-24,,1992,regular,,final,Valparaiso,Cleveland State,335,53,67,66,,Summit,Summit,,,,,,
322754,1992-01-24,,1992,regular,,final,Northeastern Illinois,Cal State Northridge,390,38,74,76,,Indep.,Indep.,,,,,,
322755,1992-01-24,,1992,regular,,final,Missouri,Colorado,177,56,69,52,,,,,,,,,
322756,1992-01-24,,1992,regular,,final,Coppin State,Howard,59,114,64,66,,MEAC,MEAC,,,,,,
322757,1992-01-24,,1992,regular,,final,Tulsa,Creighton,304,61,80,65,,MVC,MVC,,,,,,
322758,1992-01-24,,1992,regular,,final,Davidson,Winthrop,63,354,67,68,,Big South,Big South,,,,,,
322759,1992-01-24,,1992,regular,,final,Delaware,Northeastern,66,205,65,63,,Am. East,Am. East,,,,,,
322760,1992-01-24,,1992,regular,,final,DePaul,Saint Louis,65,252,91,84,,,,,,,,,
322761,1992-01-24,,1992,regular,,final,Detroit Mercy,Xavier,69,359,93,88,,Horizon,Horizon,,,,,,
322762,1992-01-24,,1992,regular,,final,Drake,Wichita State,70,352,65,56,,MVC,MVC,,,,,,
322763,1992-01-24,,1992,regular,,final,Duke,Wake Forest,72,342,84,68,,ACC,ACC,,,,,,
322764,1992-01-24,,1992,regular,,final,Massachusetts,Duquesne,161,73,87,68,,A-10,A-10,,,,,,
322765,1992-01-24,,1992,regular,,final,East Carolina,Old Dominion,74,219,72,80,,CAA,CAA,,,,,,
322766,1992-01-24,,1992,regular,,final,Eastern Illinois,Green Bay,77,105,70,74,,Summit,Summit,,,,,,
322767,1992-01-24,,1992,regular,,final,Murray State,Eastern Kentucky,184,78,90,100,,OVC,OVC,,,,,,
322768,1992-01-24,,1992,regular,,final,Eastern Michigan,Toledo,79,300,65,53,,MAC,MAC,,,,,,
322769,1992-01-24,,1992,regular,,final,VMI,East Tennessee State,334,75,68,80,,SoCon,SoCon,,,,,,
322770,1992-01-24,,1992,regular,,final,Evansville,Loyola Chicago,82,151,90,73,,Horizon,Horizon,,,,,,
322771,1992-01-24,,1992,regular,,final,Eastern Washington,Idaho State,80,116,73,70,,Big Sky,Big Sky,,,,,,
322772,1992-01-24,,1992,regular,,final,Florida A&M,South Carolina State,85,267,69,70,,MEAC,MEAC,,,,,,
322773,1992-01-24,,1992,regular,,final,Wagner,Fairleigh Dickinson,341,84,56,54,,NEC,NEC,,,,,,
322774,1992-01-24,,1992,regular,,final,Florida,Vanderbilt,87,336,75,55,,SEC,SEC,,,,,,
322775,1992-01-24,,1992,regular,,final,Holy Cross,Fordham,111,91,58,75,,Patriot,Patriot,,,,,,
322776,1992-01-24,,1992,regular,,final,Fairfield,Loyola Maryland,83,152,71,63,,Metro,Metro,,,,,,
322777,1992-01-24,,1992,regular,,final,Florida State,NC State,90,185,98,76,,ACC,ACC,,,,,,
322778,1992-01-24,,1992,regular,,final,Cal State Fullerton,Long Beach State,37,145,78,77,,Big West,Big West,,,,,,
322779,1992-01-24,,1992,regular,,final,Western Carolina,Furman,348,93,81,94,,SoCon,SoCon,,,,,,
322780,1992-01-24,,1992,regular,,final,George Mason,Richmond,95,242,65,63,,CAA,CAA,,,,,,
322781,1992-01-24,,1992,regular,,final,Georgia State,Samford,100,256,74,69,,ASUN,ASUN,,,,,,
322782,1992-01-24,,1992,regular,,final,Louisville,Georgia Tech,150,101,65,73,,,ACC,,,,,,
322783,1992-01-24,,1992,regular,,final,West Virginia,George Washington,347,96,79,55,,A-10,A-10,,,,,,
322784,1992-01-24,,1992,regular,,final,San Diego,Gonzaga,258,102,69,71,,WCC,WCC,,,,,,
322785,1992-01-24,,1992,regular,,final,Mississippi Valley State,Grambling,175,103,89,80,,SWAC,SWAC,,,,,,
322786,1992-01-24,,1992,regular,,final,Mercer,Georgia Southern,164,99,75,90,,ASUN,ASUN,,,,,,
322787,1992-01-24,,1992,regular,,final,Georgetown,Miami,97,168,60,40,,Big East,Big East,,,,,,
322788,1992-01-24,,1992,regular,,final,Hawai'i,UTEP,108,327,57,66,,UAC,UAC,,,,,,
322789,1992-01-24,,1992,regular,,final,Houston,Texas Tech,113,298,77,58,,,,,,,,,
322790,1992-01-24,,1992,regular,,final,Montana State,Idaho,180,117,67,53,,Big Sky,Big Sky,,,,,,
322791,1992-01-24,,1992,regular,,final,Minnesota,Illinois,173,118,54,53,,Big Ten,Big Ten,,,,,,
322792,1992-01-24,,1992,regular,,final,Illinois State,Southern Illinois,119,273,59,64,,MVC,MVC,,,,,,
322793,1992-01-24,,1992,regular,,final,Missouri State,Indiana State,176,122,65,57,,MVC,MVC,,,,,,
322794,1992-01-24,,1992,regular,,final,Iowa State,Kansas State,125,132,85,59,,,,,,,,,
322795,1992-01-24,,1992,regular,,final,New Orleans,Jacksonville,193,127,66,58,,Sun Belt,Sun Belt,,,,,,
322796,1992-01-24,,1992,regular,,final,Kansas,Nebraska,131,188,103,78,,,MVC,,,,,,
322797,1992-01-24,,1992,regular,,final,Lehigh,Lafayette,141,138,78,64,,Patriot,Patriot,,,,,,
322798,1992-01-24,,1992,regular,,final,Robert Morris,Long Island University,244,146,81,68,,NEC,NEC,,,,,,
322799,1992-01-24,,1992,regular,,final,Loyola Marymount,San Francisco,153,259,89,94,,WCC,WCC,,,,,,
322800,1992-01-24,,1992,regular,,final,Ole Miss,LSU,220,136,73,83,,SEC,SEC,,,,,,
322801,1992-01-24,,1992,regular,,final,Manhattan,Niagara,155,194,65,50,,Metro,Metro,,,,,,
322802,1992-01-24,,1992,regular,,final,UT Arlington,McNeese,324,162,77,57,,Southland,Southland,,,,,,
322803,1992-01-24,,1992,regular,,final,Maryland Eastern Shore,Morgan State,159,182,74,62,,MEAC,MEAC,,,,,,
322804,1992-01-24,,1992,regular,,final,Middle Tennessee,Morehead State,171,181,80,72,,OVC,OVC,,,,,,
322805,1992-01-24,,1992,regular,,final,Michigan,Wisconsin,170,355,98,83,,Big Ten,Big Ten,,,,,,
322806,1992-01-24,,1992,regular,,final,Milwaukee,Kansas City,172,130,58,81,,Indep.,Indep.,,,,,,
322807,1992-01-24,,1992,regular,,final,Ohio,Miami (OH),215,167,86,91,,MAC,MAC,,,,,,
322808,1992-01-24,,1992,regular,,final,Memphis,Marquette,163,157,59,55,,,,,,,,,
322809,1992-01-24,,1992,regular,,final,Marist,Monmouth,156,178,50,64,,NEC,NEC,,,,,,
322810,1992-01-24,,1992,regular,,final,South Carolina,Mississippi State,266,174,57,60,,SEC,SEC,,,,,,
322811,1992-01-24,,1992,regular,,final,Radford,UNC Asheville,239,319,81,68,,Big South,Big South,,,,,,
322812,1992-01-24,,1992,regular,,final,UNC Wilmington,William & Mary,321,353,68,64,,CAA,CAA,,,,,,
322813,1992-01-24,,1992,regular,,final,New Hampshire,Vermont,190,337,76,70,,Am. East,Am. East,,,,,,
322814,1992-01-24,,1992,regular,,final,Sam Houston,UL Monroe,255,316,63,80,,Southland,Southland,,,,,,
322815,1992-01-24,,1992,regular,,final,San Diego State,New Mexico,257,191,61,71,,UAC,UAC,,,,,,
322816,1992-01-24,,1992,regular,,final,North Texas,Nicholls,204,195,90,72,,Southland,Southland,,,,,,
322817,1992-01-24,,1992,regular,,final,Western Illinois,Northern Illinois,349,208,71,66,,Summit,Summit,,,,,,
322818,1992-01-24,,1992,regular,,final,Purdue,Northwestern,236,212,82,63,,Big Ten,Big Ten,,,,,,
322819,1992-01-24,,1992,regular,,final,Stephen F. Austin,Northwestern State,282,211,73,76,,Southland,Southland,,,,,,
322820,1992-01-24,,1992,regular,,final,Oral Roberts,Oklahoma State,222,218,61,81,,Indep.,,,,,,,
322821,1992-01-24,,1992,regular,,final,Oregon,Washington,223,343,71,72,,Pac-12,Pac-12,,,,,,
322822,1992-01-24,,1992,regular,,final,Oregon State,Washington State,224,344,69,81,,Pac-12,Pac-12,,,,,,
322823,1992-01-24,,1992,regular,,final,Utah State,Pacific,329,225,67,60,,Big West,Big West,,,,,,
322825,1992-01-24,,1992,regular,,final,Pepperdine,Saint Mary's,228,253,69,52,,WCC,WCC,,,,,,
322826,1992-01-24,,1992,regular,,final,Santa Clara,Portland,261,230,94,85,,WCC,WCC,,,,,,
322827,1992-01-24,,1992,regular,,final,Prairie View A&M,Texas Southern,232,296,70,85,,SWAC,SWAC,,,,,,
322828,1992-01-24,,1992,regular,,final,Providence,Villanova,235,338,63,55,,Big East,Big East,,,,,,
322829,1992-01-24,,1992,regular,,final,Texas A&M,Rice,293,241,64,79,,,,,,,,,
322830,1992-01-24,,1992,regular,,final,SE Louisiana,Stetson,246,283,81,85,,ASUN,ASUN,,,,,,
322831,1992-01-24,,1992,regular,,final,Tennessee State,Southeast Missouri State,290,272,63,62,,OVC,OVC,,,,,,
322832,1992-01-24,,1992,regular,,final,TCU,South Florida,287,271,77,49,,,,,,,,,
322833,1992-01-24,,1992,regular,,final,St. Francis (PA),St. Francis Brooklyn,278,364,67,79,,NEC,NEC,,,,,,
322834,1992-01-24,,1992,regular,,final,VCU,Southern Miss,333,275,68,70,,,,,,,,,
322835,1992-01-24,,1992,regular,,final,Stanford,UCLA,281,313,77,83,,Pac-12,Pac-12,,,,,,
322836,1992-01-24,,1992,regular,,final,Wright State,St. Bonaventure,357,277,68,71,,Summit,A-10,,,,,,
322837,1992-01-24,,1992,regular,,final,Saint Peter's,Siena,254,264,67,69,,Metro,Metro,,,,,,
322838,1992-01-24,,1992,regular,,final,Texas State,Texas A&M-San Antonio,297,583,68,70,,Southland,,,,,,,
322839,1992-01-24,,1992,regular,,final,Tulane,Temple,303,289,99,75,,,A-10,,,,,,
322840,1992-01-24,,1992,regular,,final,UC Irvine,UC Santa Barbara,308,311,59,61,,Big West,Big West,,,,,,
322841,1992-01-24,,1992,regular,,final,North Carolina,Virginia,200,339,77,56,,ACC,ACC,,,,,,
322842,1992-01-24,,1992,regular,,final,New Mexico State,UNLV,192,322,67,74,,Big West,Big West,,,,,,
322843,1992-01-24,,1992,regular,,final,Northern Arizona,Nevada,206,189,60,64,,Big Sky,Big Sky,,,,,,
322844,1992-01-24,,1992,regular,,final,Wyoming,Utah,358,331,79,80,,UAC,UAC,,,,,,
322845,1992-01-25,,1992,regular,,final,Maine-Farmington,Hartford,1078,363,73,63,,,Am. East,,,,,,
322846,1992-01-25,,1992,regular,,final,Seton Hall,Ohio State,263,216,68,64,,Big East,Big Ten,,,,,,
322847,1992-01-25,,1992,regular,,final,Rhode Island,Rutgers,240,245,89,72,,A-10,A-10,,,,,,
322848,1992-01-25,,1992,regular,,final,South Alabama,Louisiana,265,148,97,102,,Sun Belt,Sun Belt,,,,,,
322849,1992-01-25,,1992,regular,,final,Syracuse,St. John's,286,279,58,56,,Big East,Big East,,,,,,
322850,1992-01-26,,1992,regular,,final,Valparaiso,Akron,335,3,62,71,,Summit,Summit,,,,,,
322851,1992-01-26,,1992,regular,,final,VMI,App State,334,9,67,80,,SoCon,SoCon,,,,,,
322852,1992-01-26,,1992,regular,,final,Tennessee State,Austin Peay,290,17,78,59,,OVC,OVC,,,,,,
322853,1992-01-26,,1992,regular,,final,Baylor,Texas,20,295,84,68,,,,,,,,,
322854,1992-01-26,,1992,regular,,final,Bethune-Cookman,South Carolina State,23,267,45,82,,MEAC,MEAC,,,,,,
322855,1992-01-26,,1992,regular,,final,Missouri State,Bradley,176,29,51,37,,MVC,MVC,,,,,,
322856,1992-01-26,,1992,regular,,final,UMBC,Bucknell,317,32,80,87,,,Patriot,,,,,,
322857,1992-01-26,,1992,regular,,final,Hofstra,Buffalo,110,33,67,51,,,Indep.,,,,,,
322858,1992-01-26,,1992,regular,,final,Butler,Charlotte,34,48,87,84,,Horizon,,,,,,,
322859,1992-01-26,,1992,regular,,final,Coastal Carolina,Campbell,54,41,54,55,,Big South,Big South,,,,,,
322860,1992-01-26,,1992,regular,,final,Loyola Maryland,Canisius,152,42,71,53,,Metro,Metro,,,,,,
322861,1992-01-26,,1992,regular,,final,Centenary (LA),Louisiana Tech,367,149,68,90,,ASUN,Sun Belt,,,,,,
322862,1992-01-26,,1992,regular,,final,Iowa State,Chicago State,125,50,114,76,,,Indep.,,,,,,
322863,1992-01-26,,1992,regular,,final,Western Carolina,The Citadel,348,299,88,77,,SoCon,SoCon,,,,,,
322864,1992-01-26,,1992,regular,,final,Duke,Clemson,72,52,112,73,,ACC,ACC,,,,,,
322865,1992-01-26,,1992,regular,,final,Wright State,Cleveland State,357,53,52,55,,Summit,Summit,,,,,,
322866,1992-01-26,,1992,regular,,final,Milwaukee,Cal State Northridge,172,38,90,71,,Indep.,Indep.,,,,,,
322867,1992-01-26,,1992,regular,,final,UConn,Villanova,314,338,72,58,,Big East,Big East,,,,,,
322868,1992-01-26,,1992,regular,,final,Wichita State,Creighton,352,61,68,73,,MVC,MVC,,,,,,
322869,1992-01-26,,1992,regular,,final,UC Santa Barbara,Pepperdine,311,228,64,56,,Big West,WCC,,,,,,
322870,1992-01-26,,1992,regular,,final,Notre Dame,Dayton,213,64,76,54,,Indep.,Horizon,,,,,,
322871,1992-01-26,,1992,regular,,final,Eastern Illinois,Northern Illinois,77,208,67,76,,Summit,Summit,,,,,,
322872,1992-01-26,,1992,regular,,final,Middle Tennessee,Eastern Kentucky,171,78,73,68,,OVC,OVC,,,,,,
322873,1992-01-26,,1992,regular,,final,Marshall,East Tennessee State,158,75,66,72,,SoCon,SoCon,,,,,,
322874,1992-01-26,,1992,regular,,final,Indiana State,Evansville,122,82,60,77,,MVC,Horizon,,,,,,
322875,1992-01-26,,1992,regular,,final,Florida A&M,North Carolina A&T,85,198,93,89,,MEAC,MEAC,,,,,,
322876,1992-01-26,,1992,regular,,final,Florida,Florida State,87,90,67,68,,SEC,ACC,,,,,,
322877,1992-01-26,,1992,regular,,final,Fresno State,San José State,92,260,64,51,,Big West,Big West,,,,,,
322878,1992-01-26,,1992,regular,,final,Chattanooga,Furman,49,93,65,55,,SoCon,SoCon,,,,,,
322879,1992-01-26,,1992,regular,,final,Morgan State,Howard,182,114,63,78,,MEAC,MEAC,,,,,,
322880,1992-01-26,,1992,regular,,final,Iona,Niagara,123,194,72,63,,Metro,Metro,,,,,,
322881,1992-01-26,,1992,regular,,final,Jacksonville,Texas Pan American,127,1535,58,45,,Sun Belt,,,,,,,
322882,1992-01-26,,1992,regular,,final,Penn State (Beaver),Lafayette,1353,138,67,56,,,Patriot,,,,,,
322883,1992-01-26,,1992,regular,,final,Liberty,Radford,142,239,92,77,,Big South,Big South,,,,,,
322884,1992-01-26,,1992,regular,,final,St. Francis (PA),Long Island University,278,146,102,91,,NEC,NEC,,,,,,
322885,1992-01-26,,1992,regular,,final,Murray State,Morehead State,184,181,87,83,,OVC,OVC,,,,,,
322886,1992-01-26,,1992,regular,,final,Marist,Wagner,156,341,85,68,,NEC,NEC,,,,,,
322887,1992-01-26,,1992,regular,,final,Towson,Mount St. Mary's,301,183,103,76,,,NEC,,,,,,
322888,1992-01-26,,1992,regular,,final,UNC Asheville,Winthrop,319,354,64,59,,Big South,Big South,,,,,,
322889,1992-01-26,,1992,regular,,final,NC State,Tennessee,185,292,78,92,,ACC,SEC,,,,,,
322890,1992-01-26,,1992,regular,,final,Nebraska,Oklahoma,188,217,76,79,,MVC,,,,,,,
322891,1992-01-26,,1992,regular,,final,Southern Utah,Northeastern Illinois,276,390,100,73,,Indep.,Indep.,,,,,,
322892,1992-01-26,,1992,regular,,final,Northern Iowa,Southern Illinois,209,273,80,69,,MVC,MVC,,,,,,
322893,1992-01-26,,1992,regular,,final,Penn State,Toledo,226,300,70,52,,Indep.,MAC,,,,,,
322894,1992-01-26,,1992,regular,,final,Robert Morris,St. Francis Brooklyn,244,364,64,46,,NEC,NEC,,,,,,
322895,1992-01-26,,1992,regular,,final,SE Louisiana,Southern,246,274,93,98,,ASUN,SWAC,,,,,,
322896,1992-01-26,,1992,regular,,final,Tennessee Tech,Southeast Missouri State,291,272,84,51,,OVC,OVC,,,,,,
322897,1992-01-26,,1992,regular,,final,St. Bonaventure,Saint Joseph's,277,251,84,75,,A-10,A-10,,,,,,
322898,1992-01-26,,1992,regular,,final,Western Illinois,Green Bay,349,105,53,65,,Summit,Summit,,,,,,
322899,1992-01-27,,1992,regular,,final,South Carolina,Alabama,266,5,81,83,,SEC,SEC,,,,,,
322900,1992-01-27,,1992,regular,,final,UAB,New Orleans,305,193,54,50,,,Sun Belt,,,,,,
322901,1992-01-27,,1992,regular,,final,Grambling,Little Rock,103,144,61,63,,SWAC,Sun Belt,,,,,,
322902,1992-01-27,,1992,regular,,final,Delaware,Brooklyn,66,414,66,51,,Am. East,,,,,,,
322903,1992-01-27,,1992,regular,,final,UCF,South Alabama,312,265,88,107,,Sun Belt,Sun Belt,,,,,,
322904,1992-01-27,,1992,regular,,final,Georgia Tech,Charleston,101,46,77,70,,ACC,Indep.,,,,,,
322905,1992-01-27,,1992,regular,,final,Coppin State,Delaware State,59,67,79,56,,MEAC,MEAC,,,,,,
322906,1992-01-27,,1992,regular,,final,Colorado State,Wyoming,57,358,68,67,,UAC,UAC,,,,,,
322907,1992-01-27,,1992,regular,,final,Samford,Davidson,256,63,59,61,,ASUN,Big South,,,,,,
322908,1992-01-27,,1992,regular,,final,Fairleigh Dickinson,Monmouth,84,178,51,46,,NEC,NEC,,,,,,
322909,1992-01-27,,1992,regular,,final,Fairfield,Saint Peter's,83,254,80,65,,Metro,Metro,,,,,,
322910,1992-01-27,,1992,regular,,final,New Hampshire,Harvard,190,107,66,65,,Am. East,Ivy,,,,,,
322911,1992-01-27,,1992,regular,,final,Indiana,Purdue,121,236,106,65,,Big Ten,Big Ten,,,,,,
322912,1992-01-27,,1992,regular,,final,Marquette,Kansas,157,131,61,85,,,,,,,,,
322913,1992-01-27,,1992,regular,,final,Manhattan,La Salle,155,137,67,65,,Metro,Metro,,,,,,
322914,1992-01-27,,1992,regular,,final,Virginia Tech,Louisville,340,150,68,78,,,,,,,,,
322915,1992-01-27,,1992,regular,,final,Temple,Massachusetts,289,161,83,61,,A-10,A-10,,,,,,
322916,1992-01-27,,1992,regular,,final,Oral Roberts,Mississippi Valley State,222,175,92,96,,Indep.,SWAC,,,,,,
322917,1992-01-27,,1992,regular,,final,SMU,Oklahoma State,248,218,53,64,,,,,,,,,
322918,1992-01-27,,1992,regular,,final,Providence,Syracuse,235,286,87,73,,Big East,Big East,,,,,,
322919,1992-01-27,,1992,regular,,final,Rice,TCU,241,287,50,76,,,,,,,,,
322920,1992-01-28,,1992,regular,,final,Richmond,American University,242,8,82,60,,CAA,CAA,,,,,,
322921,1992-01-28,,1992,regular,,final,Fordham,Army,91,15,72,49,,Patriot,Patriot,,,,,,
322922,1992-01-28,,1992,regular,,final,Arkansas State,Louisiana,13,148,78,57,,Sun Belt,Sun Belt,,,,,,
322923,1992-01-28,,1992,regular,,final,Auburn,Mississippi State,16,174,72,75,,SEC,SEC,,,,,,
322924,1992-01-28,,1992,regular,,final,Ball State,Bowling Green,19,28,91,88,,MAC,MAC,,,,,,
322925,1992-01-28,,1992,regular,,final,Bucknell,Lehigh,32,141,86,78,,Patriot,Patriot,,,,,,
322926,1992-01-28,,1992,regular,,final,Xavier,Cincinnati,359,51,75,93,,Horizon,,,,,,,
322927,1992-01-28,,1992,regular,,final,Western Carolina,Clemson,348,52,71,81,,SoCon,ACC,,,,,,
322928,1992-01-28,,1992,regular,,final,Colgate,Holy Cross,55,111,59,68,,Patriot,Patriot,,,,,,
322929,1992-01-28,,1992,regular,,final,Miami (OH),Central Michigan,167,45,99,81,,MAC,MAC,,,,,,
322930,1992-01-28,,1992,regular,,final,Notre Dame,DePaul,213,65,74,69,,Indep.,,,,,,,
322931,1992-01-28,,1992,regular,,final,Detroit Mercy,Youngstown State,69,361,91,64,,Horizon,Indep.,,,,,,
322932,1992-01-28,,1992,regular,,final,Duquesne,St. Francis (PA),73,278,94,70,,A-10,NEC,,,,,,
322933,1992-01-28,,1992,regular,,final,William & Mary,East Carolina,353,74,59,66,,CAA,CAA,,,,,,
322934,1992-01-28,,1992,regular,,final,Kent State,Eastern Michigan,134,79,64,56,,MAC,MAC,,,,,,
322935,1992-01-28,,1992,regular,,final,Fresno State,New Mexico State,92,192,76,69,,Big West,Big West,,,,,,
322936,1992-01-28,,1992,regular,,final,James Madison,George Mason,129,95,84,47,,CAA,CAA,,,,,,
322937,1992-01-28,,1992,regular,,final,Gonzaga,Portland,102,230,86,73,,WCC,WCC,,,,,,
322938,1992-01-28,,1992,regular,,final,Georgetown,St. John's,97,279,61,48,,Big East,Big East,,,,,,
322939,1992-01-28,,1992,regular,,final,Texas A&M,Houston,293,113,65,69,,,,,,,,,
322940,1992-01-28,,1992,regular,,final,Iowa,Wisconsin,124,355,73,66,,Big Ten,Big Ten,,,,,,
322941,1992-01-28,,1992,regular,,final,Kentucky,Ole Miss,135,220,95,78,,SEC,SEC,,,,,,
322942,1992-01-28,,1992,regular,,final,Kansas State,Kansas City,132,130,72,53,,,Indep.,,,,,,
322943,1992-01-28,,1992,regular,,final,Navy,Lafayette,187,138,62,75,,Patriot,Patriot,,,,,,
322944,1992-01-28,,1992,regular,,final,Lamar,Southern,139,274,94,109,,Sun Belt,SWAC,,,,,,
322945,1992-01-28,,1992,regular,,final,Loyola Chicago,Northern Illinois,151,208,56,62,,Horizon,Summit,,,,,,
322946,1992-01-28,,1992,regular,,final,LSU,Tennessee,136,292,97,82,,SEC,SEC,,,,,,
322947,1992-01-28,,1992,regular,,final,Virginia,Maryland,339,160,82,75,,ACC,ACC,,,,,,
322948,1992-01-28,,1992,regular,,final,Vanderbilt,Memphis,336,163,70,72,,SEC,,,,,,,
322949,1992-01-28,,1992,regular,,final,Pittsburgh,Miami,229,168,82,52,,Big East,Big East,,,,,,
322950,1992-01-28,,1992,regular,,final,Michigan State,Michigan,169,170,79,89,,Big Ten,Big Ten,,,,,,
322951,1992-01-28,,1992,regular,,final,Minnesota,Northwestern,173,212,92,50,,Big Ten,Big Ten,,,,,,
322952,1992-01-28,,1992,regular,,final,VMI,UNC Asheville,334,319,62,51,,SoCon,Big South,,,,,,
322953,1992-01-28,,1992,regular,,final,Wake Forest,NC State,342,185,86,73,,ACC,ACC,,,,,,
322954,1992-01-28,,1992,regular,,final,UNC Wilmington,Old Dominion,321,219,83,62,,CAA,CAA,,,,,,
322955,1992-01-28,,1992,regular,,final,New Orleans,Western Kentucky,193,350,67,68,,Sun Belt,Sun Belt,,,,,,
322956,1992-01-28,,1992,regular,,final,Western Michigan,Ohio,351,215,84,75,,MAC,MAC,,,,,,
322957,1992-01-28,,1992,regular,,final,Oklahoma,Texas Southern,217,296,110,85,,,SWAC,,,,,,
322958,1992-01-28,,1992,regular,,final,Oral Roberts,Prairie View A&M,222,232,108,67,,Indep.,SWAC,,,,,,
322959,1992-01-28,,1992,regular,,final,UCLA,USC,313,323,82,86,,Pac-12,Pac-12,,,,,,
322960,1992-01-29,,1992,regular,,final,Air Force,Hawai'i,2,108,72,74,,UAC,UAC,,,,,,
322961,1992-01-29,,1992,regular,,final,Arizona,Oregon,11,223,104,53,,Pac-12,Pac-12,,,,,,
322962,1992-01-29,,1992,regular,,final,Arizona State,Oregon State,10,224,47,61,,Pac-12,Pac-12,,,,,,
322963,1992-01-29,,1992,regular,,final,Boston University,Maine-Farmington,27,1078,46,79,,Am. East,,,,,,,
322964,1992-01-29,,1992,regular,,final,Bradley,Tulsa,29,304,61,71,,MVC,MVC,,,,,,
322965,1992-01-29,,1992,regular,,final,UMBC,Buffalo,317,33,87,84,,,Indep.,,,,,,
322966,1992-01-29,,1992,regular,,final,BYU,New Mexico,18,191,85,65,,UAC,UAC,,,,,,
322967,1992-01-29,,1992,regular,,final,Washington,California,343,40,58,76,,Pac-12,Pac-12,,,,,,
322968,1992-01-29,,1992,regular,,final,Canisius,Manhattan,42,155,64,82,,Metro,Metro,,,,,,
322969,1992-01-29,,1992,regular,,final,Samford,Centenary (LA),256,367,62,57,,ASUN,ASUN,,,,,,
322970,1992-01-29,,1992,regular,,final,Tennessee Tech,Charleston,291,46,75,67,,OVC,Indep.,,,,,,
322971,1992-01-29,,1992,regular,,final,Colorado State,San Diego State,57,257,76,63,,UAC,UAC,,,,,,
322972,1992-01-29,,1992,regular,,final,Florida State,Duke,90,72,62,75,,ACC,ACC,,,,,,
322973,1992-01-29,,1992,regular,,final,Idaho,Eastern Washington,117,80,64,54,,Big Sky,Big Sky,,,,,,
322974,1992-01-29,,1992,regular,,final,Jacksonville,Florida A&M,127,85,81,65,,Sun Belt,MEAC,,,,,,
322975,1992-01-29,,1992,regular,,final,Florida International,Mercer,89,164,58,81,,ASUN,ASUN,,,,,,
322976,1992-01-29,,1992,regular,,final,Siena,Fairfield,264,83,77,53,,Metro,Metro,,,,,,
322977,1992-01-29,,1992,regular,,final,San José State,Cal State Fullerton,260,37,64,76,,Big West,Big West,,,,,,
322978,1992-01-29,,1992,regular,,final,Georgia State,SE Louisiana,100,246,89,62,,ASUN,ASUN,,,,,,
322979,1992-01-29,,1992,regular,,final,George Washington,Rhode Island,96,240,72,70,,A-10,A-10,,,,,,
322980,1992-01-29,,1992,regular,,final,Stetson,Georgia Southern,283,99,67,103,,ASUN,ASUN,,,,,,
322981,1992-01-29,,1992,regular,,final,Hofstra,Rider,110,243,61,69,,,,,,,,,
322982,1992-01-29,,1992,regular,,final,Illinois,Ohio State,118,216,72,74,,Big Ten,Big Ten,,,,,,
322983,1992-01-29,,1992,regular,,final,Winthrop,Liberty,354,142,58,72,,Big South,Big South,,,,,,
322984,1992-01-29,,1992,regular,,final,Texas Pan American,Louisiana Tech,1535,149,62,89,,,Sun Belt,,,,,,
322985,1992-01-29,,1992,regular,,final,Charlotte,Louisville,48,150,77,68,,,,,,,,,
322986,1992-01-29,,1992,regular,,final,Massachusetts,Rutgers,161,245,77,66,,A-10,A-10,,,,,,
322987,1992-01-29,,1992,regular,,final,Northern Arizona,Montana,206,179,59,74,,Big Sky,Big Sky,,,,,,
322988,1992-01-29,,1992,regular,,final,Nevada,Montana State,189,180,91,74,,Big Sky,Big Sky,,,,,,
322989,1992-01-29,,1992,regular,,final,St. Francis Brooklyn,Mount St. Mary's,364,183,97,83,,NEC,NEC,,,,,,
322990,1992-01-29,,1992,regular,,final,North Carolina A&T,UNC Greensboro,198,320,72,57,,MEAC,Indep.,,,,,,
322991,1992-01-29,,1992,regular,,final,Northeastern,New Hampshire,205,190,90,51,,Am. East,Am. East,,,,,,
322992,1992-01-29,,1992,regular,,final,Northeastern Illinois,Milwaukee,390,172,61,84,,Indep.,Indep.,,,,,,
322993,1992-01-29,,1992,regular,,final,UL Monroe,UT Arlington,316,324,74,66,,Southland,Southland,,,,,,
322994,1992-01-29,,1992,regular,,final,Northwestern State,North Texas,211,204,79,94,,Southland,Southland,,,,,,
322995,1992-01-29,,1992,regular,,final,Texas State,Sam Houston,297,255,85,55,,Southland,Southland,,,,,,
322996,1992-01-29,,1992,regular,,final,Texas A&M-San Antonio,Stephen F. Austin,583,282,88,86,,,Southland,,,,,,
322997,1992-01-29,,1992,regular,,final,Saint Joseph's,West Virginia,251,347,77,88,,A-10,A-10,,,,,,
322998,1992-01-29,,1992,regular,,final,Tulane,Southern Miss,303,275,98,86,,,,,,,,,
322999,1992-01-29,,1992,regular,,final,Washington State,Stanford,344,281,67,59,,Pac-12,Pac-12,,,,,,
323000,1992-01-29,,1992,regular,,final,St. Bonaventure,Temple,277,289,52,69,,A-10,A-10,,,,,,
323001,1992-01-29,,1992,regular,,final,VCU,Texas,333,295,94,105,,,,,,,,,
323002,1992-01-29,,1992,regular,,final,Pacific,UC Irvine,225,308,65,59,,Big West,Big West,,,,,,
323003,1992-01-29,,1992,regular,,final,Utah State,UNLV,329,322,80,85,,Big West,Big West,,,,,,
323004,1992-01-29,,1992,regular,,final,Utah,UTEP,331,327,57,54,,UAC,UAC,,,,,,
323005,1992-01-29,,1992,regular,,final,Wright State,Western Illinois,357,349,94,80,,Summit,Summit,,,,,,
323006,1992-01-30,,1992,regular,,final,Brown,Cornell,30,60,69,59,,Ivy,Ivy,,,,,,
323007,1992-01-30,,1992,regular,,final,Yale,Columbia,360,58,79,75,,Ivy,Ivy,,,,,,
323008,1992-01-30,,1992,regular,,final,Cal State Northridge,Sacramento State,38,249,82,73,,Indep.,Indep.,,,,,,
323009,1992-01-30,,1992,regular,,final,Dartmouth,Penn State (Beaver),62,1353,65,61,,Ivy,,,,,,,
323010,1992-01-30,,1992,regular,,final,Harvard,Princeton,107,234,44,67,,Ivy,Ivy,,,,,,
323011,1992-01-30,,1992,regular,,final,Iona,Saint Peter's,123,254,70,56,,Metro,Metro,,,,,,
323012,1992-01-30,,1992,regular,,final,San Francisco,Loyola Marymount,259,153,79,92,,WCC,WCC,,,,,,
323013,1992-01-30,,1992,regular,,final,Saint Mary's,Pepperdine,253,228,64,76,,WCC,WCC,,,,,,
323014,1992-01-31,,1992,regular,,final,Air Force,San Diego State,2,257,65,47,,UAC,UAC,,,,,,
323015,1992-01-31,,1992,regular,,final,Green Bay,Akron,105,3,62,63,,Summit,Summit,,,,,,
323016,1992-01-31,,1992,regular,,final,Alabama,Florida,5,87,68,56,,SEC,SEC,,,,,,
323017,1992-01-31,,1992,regular,,final,DePaul,UAB,65,305,94,82,,,,,,,,,
323018,1992-01-31,,1992,regular,,final,Alcorn State,Grambling,7,103,120,94,,SWAC,SWAC,,,,,,
323019,1992-01-31,,1992,regular,,final,Prairie View A&M,Alabama State,232,6,81,100,,SWAC,SWAC,,,,,,
323020,1992-01-31,,1992,regular,,final,American University,George Mason,8,95,88,60,,CAA,CAA,,,,,,
323021,1992-01-31,,1992,regular,,final,East Tennessee State,App State,75,9,81,75,,SoCon,SoCon,,,,,,
323022,1992-01-31,,1992,regular,,final,UCF,Little Rock,312,144,79,71,,Sun Belt,Sun Belt,,,,,,
323023,1992-01-31,,1992,regular,,final,Army,Colgate,15,55,64,85,,Patriot,Patriot,,,,,,
323024,1992-01-31,,1992,regular,,final,Arkansas State,South Alabama,13,265,63,60,,Sun Belt,Sun Belt,,,,,,
323025,1992-01-31,,1992,regular,,final,Arizona State,Oregon,10,223,71,62,,Pac-12,Pac-12,,,,,,
323026,1992-01-31,,1992,regular,,final,Auburn,Georgia,16,98,89,84,,SEC,SEC,,,,,,
323027,1992-01-31,,1992,regular,,final,Austin Peay,Southeast Missouri State,17,272,92,86,,OVC,OVC,,,,,,
323028,1992-01-31,,1992,regular,,final,Eastern Michigan,Ball State,79,19,54,73,,MAC,MAC,,,,,,
323029,1992-01-31,,1992,regular,,final,Kansas City,Baylor,130,20,75,61,,Indep.,,,,,,,
323030,1992-01-31,,1992,regular,,final,Bethune-Cookman,Florida A&M,23,85,65,88,,MEAC,MEAC,,,,,,
323031,1992-01-31,,1992,regular,,final,Bowling Green,Miami (OH),28,167,53,47,,MAC,MAC,,,,,,
323032,1992-01-31,,1992,regular,,final,Boston College,Georgetown,26,97,88,86,,Big East,Big East,,,,,,
323033,1992-01-31,,1992,regular,,final,Boise State,Eastern Washington,25,80,60,54,,Big Sky,Big Sky,,,,,,
323034,1992-01-31,,1992,regular,,final,New Hampshire,Boston University,190,27,68,72,,Am. East,Am. East,,,,,,
323035,1992-01-31,,1992,regular,,final,Bradley,Wichita State,29,352,78,62,,MVC,MVC,,,,,,
323036,1992-01-31,,1992,regular,,final,Towson,Brooklyn,301,414,96,56,,,,,,,,,
323037,1992-01-31,,1992,regular,,final,Brown,Columbia,30,58,65,60,,Ivy,Ivy,,,,,,
323038,1992-01-31,,1992,regular,,final,Lafayette,Bucknell,138,32,71,80,,Patriot,Patriot,,,,,,
323039,1992-01-31,,1992,regular,,final,Rider,Buffalo,243,33,69,55,,,Indep.,,,,,,
323040,1992-01-31,,1992,regular,,final,Loyola Chicago,Butler,151,34,63,68,,Horizon,Horizon,,,,,,
323041,1992-01-31,,1992,regular,,final,BYU,UTEP,18,327,80,63,,UAC,UAC,,,,,,
323042,1992-01-31,,1992,regular,,final,Washington State,California,344,40,101,83,,Pac-12,Pac-12,,,,,,
323043,1992-01-31,,1992,regular,,final,UNC Asheville,Campbell,319,41,57,71,,Big South,Big South,,,,,,
323044,1992-01-31,,1992,regular,,final,Canisius,St. Bonaventure,42,277,85,67,,Metro,A-10,,,,,,
323045,1992-01-31,,1992,regular,,final,Radford,Coastal Carolina,239,54,68,65,,Big South,Big South,,,,,,
323046,1992-01-31,,1992,regular,,final,Central Connecticut,Hofstra,44,110,80,92,,Indep.,,,,,,,
323047,1992-01-31,,1992,regular,,final,Georgia State,Centenary (LA),100,367,81,82,,ASUN,ASUN,,,,,,
323048,1992-01-31,,1992,regular,,final,Southern Utah,Chicago State,276,50,104,78,,Indep.,Indep.,,,,,,
323049,1992-01-31,,1992,regular,,final,Marquette,Cincinnati,157,51,57,71,,,,,,,,,
323050,1992-01-31,,1992,regular,,final,The Citadel,VMI,299,334,66,60,,SoCon,SoCon,,,,,,
323051,1992-01-31,,1992,regular,,final,Clemson,South Carolina,52,266,55,52,,ACC,SEC,,,,,,
323052,1992-01-31,,1992,regular,,final,Northern Illinois,Cleveland State,208,53,55,71,,Summit,Summit,,,,,,
323053,1992-01-31,,1992,regular,,final,Central Michigan,Western Michigan,45,351,77,81,,MAC,MAC,,,,,,
323054,1992-01-31,,1992,regular,,final,Kansas State,Colorado,132,56,62,56,,,,,,,,,
323055,1992-01-31,,1992,regular,,final,St. John's,UConn,279,314,90,57,,Big East,Big East,,,,,,
323056,1992-01-31,,1992,regular,,final,Howard,Coppin State,114,59,69,64,,MEAC,MEAC,,,,,,
323057,1992-01-31,,1992,regular,,final,Yale,Cornell,360,60,66,58,,Ivy,Ivy,,,,,,
323058,1992-01-31,,1992,regular,,final,Creighton,Northern Iowa,61,209,57,54,,MVC,MVC,,,,,,
323059,1992-01-31,,1992,regular,,final,UC Santa Barbara,Long Beach State,311,145,71,65,,Big West,Big West,,,,,,
323060,1992-01-31,,1992,regular,,final,Winthrop,Charleston Southern,354,47,55,62,,Big South,Big South,,,,,,
323061,1992-01-31,,1992,regular,,final,Dartmouth,Princeton,62,234,44,83,,Ivy,Ivy,,,,,,
323062,1992-01-31,,1992,regular,,final,Davidson,Miami,63,168,66,62,,Big South,Big East,,,,,,
323063,1992-01-31,,1992,regular,,final,Dayton,Detroit Mercy,64,69,83,71,,Horizon,Horizon,,,,,,
323064,1992-01-31,,1992,regular,,final,Vermont,Delaware,337,66,60,68,,Am. East,Am. East,,,,,,
323065,1992-01-31,,1992,regular,,final,Drake,Indiana State,70,122,59,61,,MVC,MVC,,,,,,
323066,1992-01-31,,1992,regular,,final,Hartford,Drexel,363,71,63,69,,Am. East,Am. East,,,,,,
323067,1992-01-31,,1992,regular,,final,Delaware State,North Carolina A&T,67,198,77,71,,MEAC,MEAC,,,,,,
323068,1992-01-31,,1992,regular,,final,Duke,Notre Dame,72,213,100,71,,ACC,Indep.,,,,,,
323069,1992-01-31,,1992,regular,,final,East Carolina,UNC Wilmington,74,321,80,65,,CAA,CAA,,,,,,
323070,1992-01-31,,1992,regular,,final,Western Illinois,Eastern Illinois,349,77,66,78,,Summit,Summit,,,,,,
323071,1992-01-31,,1992,regular,,final,Xavier,Evansville,359,82,76,63,,Horizon,Horizon,,,,,,
323072,1992-01-31,,1992,regular,,final,Marist,Fairleigh Dickinson,156,84,69,70,,NEC,NEC,,,,,,
323073,1992-01-31,,1992,regular,,final,Florida International,Georgia Southern,89,99,72,78,,ASUN,ASUN,,,,,,
323074,1992-01-31,,1992,regular,,final,Fordham,Navy,91,187,81,75,,Patriot,Patriot,,,,,,
323075,1992-01-31,,1992,regular,,final,UNLV,Fresno State,322,92,58,50,,Big West,Big West,,,,,,
323076,1992-01-31,,1992,regular,,final,Florida State,Wake Forest,90,342,79,78,,ACC,ACC,,,,,,
323077,1992-01-31,,1992,regular,,final,Pacific,Cal State Fullerton,225,37,73,69,,Big West,Big West,,,,,,
323078,1992-01-31,,1992,regular,,final,Furman,Marshall,93,158,93,82,,SoCon,SoCon,,,,,,
323079,1992-01-31,,1992,regular,,final,George Washington,Saint Joseph's,96,251,81,80,,A-10,A-10,,,,,,
323080,1992-01-31,,1992,regular,,final,Portland,Gonzaga,230,102,81,83,,WCC,WCC,,,,,,
323081,1992-01-31,,1992,regular,,final,Harvard,Penn State (Beaver),107,1353,60,78,,Ivy,,,,,,,
323082,1992-01-31,,1992,regular,,final,Wyoming,Hawai'i,358,108,65,68,,UAC,UAC,,,,,,
323083,1992-01-31,,1992,regular,,final,Lehigh,Holy Cross,141,111,88,78,,Patriot,Patriot,,,,,,
323084,1992-01-31,,1992,regular,,final,TCU,Houston,287,113,67,54,,,,,,,,,
323085,1992-01-31,,1992,regular,,final,Weber State,Idaho State,345,116,80,77,,Big Sky,Big Sky,,,,,,
323086,1992-01-31,,1992,regular,,final,Wright State,UIC,357,315,93,82,,Summit,Summit,,,,,,
323087,1992-01-31,,1992,regular,,final,Northwestern,Illinois,212,118,46,43,,Big Ten,Big Ten,,,,,,
323088,1992-01-31,,1992,regular,,final,Illinois State,Tulsa,119,304,66,67,,MVC,MVC,,,,,,
323089,1992-01-31,,1992,regular,,final,Michigan State,Indiana,169,121,76,60,,Big Ten,Big Ten,,,,,,
323090,1992-01-31,,1992,regular,,final,Nebraska,Iowa State,188,125,68,63,,MVC,,,,,,,
323091,1992-01-31,,1992,regular,,final,Iowa,Minnesota,124,173,87,70,,Big Ten,Big Ten,,,,,,
323092,1992-01-31,,1992,regular,,final,Western Kentucky,Jacksonville,350,127,90,67,,Sun Belt,Sun Belt,,,,,,
323093,1992-01-31,,1992,regular,,final,Texas Southern,Jackson State,296,126,64,63,,SWAC,SWAC,,,,,,
323094,1992-01-31,,1992,regular,,final,Oklahoma,Kansas,217,131,95,96,,,,,,,,,
323095,1992-01-31,,1992,regular,,final,Toledo,Kent State,300,134,66,64,,MAC,MAC,,,,,,
323096,1992-01-31,,1992,regular,,final,Lamar,Louisiana Tech,139,149,72,80,,Sun Belt,Sun Belt,,,,,,
323097,1992-01-31,,1992,regular,,final,UNC Greensboro,Liberty,320,142,53,58,,Indep.,Big South,,,,,,
323098,1992-01-31,,1992,regular,,final,Long Island University,Mount St. Mary's,146,183,93,91,,NEC,NEC,,,,,,
323099,1992-01-31,,1992,regular,,final,Saint Mary's,Loyola Marymount,253,153,76,81,,WCC,WCC,,,,,,
323100,1992-01-31,,1992,regular,,final,Loyola Maryland,Saint Peter's,152,254,73,63,,Metro,Metro,,,,,,
323101,1992-01-31,,1992,regular,,final,Northeastern,Maine-Farmington,205,1078,65,67,,Am. East,,,,,,,
323102,1992-01-31,,1992,regular,,final,Niagara,Manhattan,194,155,62,69,,Metro,Metro,,,,,,
323103,1992-01-31,,1992,regular,,final,Penn State,UMBC,226,317,93,59,,Indep.,,,,,,,
323104,1992-01-31,,1992,regular,,final,Nicholls,McNeese,195,162,69,51,,Southland,Southland,,,,,,
323105,1992-01-31,,1992,regular,,final,Maryland Eastern Shore,South Carolina State,159,267,78,75,,MEAC,MEAC,,,,,,
323106,1992-01-31,,1992,regular,,final,Middle Tennessee,Murray State,171,184,83,84,,OVC,OVC,,,,,,
323107,1992-01-31,,1992,regular,,final,Memphis,Saint Louis,163,252,77,64,,,,,,,,,
323108,1992-01-31,,1992,regular,,final,Stetson,Mercer,283,164,87,78,,ASUN,ASUN,,,,,,
323109,1992-01-31,,1992,regular,,final,Ole Miss,Vanderbilt,220,336,84,72,,SEC,SEC,,,,,,
323110,1992-01-31,,1992,regular,,final,Monmouth,Robert Morris,178,244,55,46,,NEC,NEC,,,,,,
323111,1992-01-31,,1992,regular,,final,Nevada,Montana,189,179,89,67,,Big Sky,Big Sky,,,,,,
323112,1992-01-31,,1992,regular,,final,Northern Arizona,Montana State,206,180,81,78,,Big Sky,Big Sky,,,,,,
323113,1992-01-31,,1992,regular,,final,Southern,Mississippi Valley State,274,175,114,102,,SWAC,SWAC,,,,,,
323114,1992-01-31,,1992,regular,,final,NC State,Virginia,185,339,69,80,,ACC,ACC,,,,,,
323115,1992-01-31,,1992,regular,,final,Utah,New Mexico,331,191,61,54,,UAC,UAC,,,,,,
323116,1992-01-31,,1992,regular,,final,Louisiana,New Orleans,148,193,80,89,,Sun Belt,Sun Belt,,,,,,
323117,1992-01-31,,1992,regular,,final,UL Monroe,North Texas,316,204,75,80,,Southland,Southland,,,,,,
323118,1992-01-31,,1992,regular,,final,Northwestern State,UT Arlington,211,324,95,91,,Southland,Southland,,,,,,
323119,1992-01-31,,1992,regular,,final,Old Dominion,William & Mary,219,353,102,92,,CAA,CAA,,,,,,
323120,1992-01-31,,1992,regular,,final,San Francisco,Pepperdine,259,228,62,68,,WCC,WCC,,,,,,
323121,1992-01-31,,1992,regular,,final,Providence,Pittsburgh,235,229,81,85,,Big East,Big East,,,,,,
323123,1992-01-31,,1992,regular,,final,Rice,SMU,241,248,66,56,,,,,,,,,
323124,1992-01-31,,1992,regular,,final,Texas A&M-San Antonio,Sam Houston,583,255,83,59,,,Southland,,,,,,
323125,1992-01-31,,1992,regular,,final,Santa Clara,San Diego,261,258,73,55,,WCC,WCC,,,,,,
323126,1992-01-31,,1992,regular,,final,Syracuse,Seton Hall,286,263,70,67,,Big East,Big East,,,,,,
323127,1992-01-31,,1992,regular,,final,South Florida,Virginia Tech,271,340,64,52,,,,,,,,,
323128,1992-01-31,,1992,regular,,final,Wagner,St. Francis (PA),341,278,54,50,,NEC,NEC,,,,,,
323129,1992-01-31,,1992,regular,,final,Southern Illinois,Missouri State,273,176,49,56,,MVC,MVC,,,,,,
323130,1992-01-31,,1992,regular,,final,Texas State,Stephen F. Austin,297,282,44,48,,Southland,Southland,,,,,,
323131,1992-01-31,,1992,regular,,final,Texas Tech,Texas A&M,298,293,70,50,,,,,,,,,
323133,1992-01-31,,1992,regular,,final,Tennessee State,Tennessee Tech,290,291,72,92,,OVC,OVC,,,,,,
323134,1992-01-31,,1992,regular,,final,San José State,UC Irvine,260,308,58,52,,Big West,Big West,,,,,,
323135,1992-01-31,,1992,regular,,final,Western Carolina,Chattanooga,348,49,83,98,,SoCon,SoCon,,,,,,
323136,1992-01-31,,1992,regular,,final,Youngstown State,Milwaukee,361,172,62,72,,Indep.,Indep.,,,,,,
323137,1992-02-01,,1992,regular,,final,Arizona,Oregon State,11,224,86,58,,Pac-12,Pac-12,,,,,,
323138,1992-02-01,,1992,regular,,final,Hartford,Delaware,363,66,65,75,,Am. East,Am. East,,,,,,
323139,1992-02-01,,1992,regular,,final,Vermont,Drexel,337,71,77,75,,Am. East,Am. East,,,,,,
323141,1992-02-01,,1992,regular,,final,Georgia Tech,North Carolina,101,200,76,86,,ACC,ACC,,,,,,
323142,1992-02-01,,1992,regular,,final,LSU,Kentucky,136,135,74,53,,SEC,SEC,,,,,,
323143,1992-02-01,,1992,regular,,final,Siena,La Salle,264,137,77,64,,Metro,Metro,,,,,,
323144,1992-02-01,,1992,regular,,final,Louisville,UCLA,150,313,64,78,,,Pac-12,,,,,,
323145,1992-02-01,,1992,regular,,final,Michigan,Ohio State,170,216,58,68,,Big Ten,Big Ten,,,,,,
323146,1992-02-01,,1992,regular,,final,Oklahoma State,Missouri,218,177,84,61,,,,,,,,,
323147,1992-02-01,,1992,regular,,final,Wisconsin,Purdue,355,236,79,69,,Big Ten,Big Ten,,,,,,
323148,1992-02-01,,1992,regular,,final,Rutgers,West Virginia,245,347,84,88,,A-10,A-10,,,,,,
323149,1992-02-01,,1992,regular,,final,Samford,SE Louisiana,256,246,77,67,,ASUN,ASUN,,,,,,
323150,1992-02-01,,1992,regular,,final,Washington,Stanford,343,281,58,64,,Pac-12,Pac-12,,,,,,
323151,1992-02-02,,1992,regular,,final,Northern Illinois,Akron,208,3,75,56,,Summit,Summit,,,,,,
323152,1992-02-02,,1992,regular,,final,Alcorn State,Mississippi Valley State,7,175,88,80,,SWAC,SWAC,,,,,,
323153,1992-02-02,,1992,regular,,final,Texas Southern,Alabama State,296,6,82,66,,SWAC,SWAC,,,,,,
323154,1992-02-02,,1992,regular,,final,Southeast Missouri State,Little Rock,272,144,80,78,,OVC,Sun Belt,,,,,,
323155,1992-02-02,,1992,regular,,final,Tulsa,Baylor,304,20,59,73,,MVC,,,,,,,
323156,1992-02-02,,1992,regular,,final,Oral Roberts,Bethune-Cookman,222,23,106,85,,Indep.,MEAC,,,,,,
323157,1992-02-02,,1992,regular,,final,Radford,Campbell,239,41,80,75,,Big South,Big South,,,,,,
323158,1992-02-02,,1992,regular,,final,Sacramento State,Chicago State,249,50,92,87,,Indep.,Indep.,,,,,,
323159,1992-02-02,,1992,regular,,final,UNC Asheville,Coastal Carolina,319,54,66,62,,Big South,Big South,,,,,,
323160,1992-02-02,,1992,regular,,final,Charleston,East Carolina,46,74,72,68,,Indep.,CAA,,,,,,
323161,1992-02-02,,1992,regular,,final,The Citadel,Marshall,299,158,67,75,,SoCon,SoCon,,,,,,
323162,1992-02-02,,1992,regular,,final,Green Bay,Cleveland State,105,53,92,53,,Summit,Summit,,,,,,
323163,1992-02-02,,1992,regular,,final,Syracuse,UConn,286,314,84,83,,Big East,Big East,,,,,,
323164,1992-02-02,,1992,regular,,final,Coppin State,Morgan State,59,182,70,62,,MEAC,MEAC,,,,,,
323165,1992-02-02,,1992,regular,,final,Davidson,UNC Wilmington,63,321,68,71,,Big South,CAA,,,,,,
323166,1992-02-02,,1992,regular,,final,Delaware State,South Carolina State,67,267,59,74,,MEAC,MEAC,,,,,,
323167,1992-02-02,,1992,regular,,final,Penn State,Duquesne,226,73,69,59,,Indep.,A-10,,,,,,
323168,1992-02-02,,1992,regular,,final,Eastern Illinois,Murray State,77,184,73,77,,Summit,OVC,,,,,,
323169,1992-02-02,,1992,regular,,final,Morehead State,Eastern Kentucky,181,78,86,71,,OVC,OVC,,,,,,
323170,1992-02-02,,1992,regular,,final,Fairleigh Dickinson,Rider,84,243,64,65,,NEC,,,,,,,
323171,1992-02-02,,1992,regular,,final,Furman,VMI,93,334,74,57,,SoCon,SoCon,,,,,,
323172,1992-02-02,,1992,regular,,final,George Washington,Temple,96,289,75,85,,A-10,A-10,,,,,,
323173,1992-02-02,,1992,regular,,final,Southern,Grambling,274,103,89,79,,SWAC,SWAC,,,,,,
323174,1992-02-02,,1992,regular,,final,UIC,Western Illinois,315,349,81,61,,Summit,Summit,,,,,,
323175,1992-02-02,,1992,regular,,final,Illinois State,Wichita State,119,352,63,62,,MVC,MVC,,,,,,
323176,1992-02-02,,1992,regular,,final,Northern Iowa,Indiana State,209,122,54,65,,MVC,MVC,,,,,,
323177,1992-02-02,,1992,regular,,final,Richmond,James Madison,242,129,45,61,,CAA,CAA,,,,,,
323178,1992-02-02,,1992,regular,,final,Prairie View A&M,Jackson State,232,126,75,108,,SWAC,SWAC,,,,,,
323179,1992-02-02,,1992,regular,,final,Kansas,Kansas State,131,132,80,58,,,,,,,,,
323180,1992-02-02,,1992,regular,,final,Texas Pan American,Lamar,1535,139,55,79,,,Sun Belt,,,,,,
323181,1992-02-02,,1992,regular,,final,Loyola Maryland,Towson,152,301,64,66,,Metro,,,,,,,
323182,1992-02-02,,1992,regular,,final,Louisiana Tech,Western Kentucky,149,350,91,79,,Sun Belt,Sun Belt,,,,,,
323183,1992-02-02,,1992,regular,,final,Navy,UMBC,187,317,97,80,,Patriot,,,,,,,
323184,1992-02-02,,1992,regular,,final,Maryland Eastern Shore,North Carolina A&T,159,198,63,67,,MEAC,MEAC,,,,,,
323185,1992-02-02,,1992,regular,,final,Kansas City,Tennessee State,130,290,74,56,,Indep.,OVC,,,,,,
323186,1992-02-02,,1992,regular,,final,Monmouth,St. Francis (PA),178,278,69,44,,NEC,NEC,,,,,,
323187,1992-02-02,,1992,regular,,final,Wagner,Robert Morris,341,244,70,74,,NEC,NEC,,,,,,
323188,1992-02-02,,1992,regular,,final,Wake Forest,Tulane,342,303,69,66,,ACC,,,,,,,
323189,1992-02-02,,1992,regular,,final,Valparaiso,Wright State,335,357,66,68,,Summit,Summit,,,,,,
323190,1992-02-03,,1992,regular,,final,Wyoming,Air Force,358,2,69,47,,UAC,UAC,,,,,,
323191,1992-02-03,,1992,regular,,final,Vanderbilt,Auburn,336,16,89,83,,SEC,SEC,,,,,,
323192,1992-02-03,,1992,regular,,final,Creighton,Bradley,61,29,66,47,,MVC,MVC,,,,,,
323193,1992-02-03,,1992,regular,,final,Notre Dame,Detroit Mercy,213,69,70,72,,Indep.,Horizon,,,,,,
323194,1992-02-03,,1992,regular,,final,Missouri State,Drake,176,70,55,40,,MVC,MVC,,,,,,
323195,1992-02-03,,1992,regular,,final,Saint Peter's,Fairfield,254,83,69,50,,Metro,Metro,,,,,,
323196,1992-02-03,,1992,regular,,final,Cal State Fullerton,New Mexico State,37,192,67,69,,Big West,Big West,,,,,,
323197,1992-02-03,,1992,regular,,final,Liberty,George Mason,142,95,69,55,,Big South,CAA,,,,,,
323198,1992-02-03,,1992,regular,,final,Villanova,Georgetown,338,97,63,71,,Big East,Big East,,,,,,
323199,1992-02-03,,1992,regular,,final,Idaho,Southern Utah,117,276,91,70,,Big Sky,Indep.,,,,,,
323200,1992-02-03,,1992,regular,,final,Illinois,Indiana,118,121,65,76,,Big Ten,Big Ten,,,,,,
323201,1992-02-03,,1992,regular,,final,St. Bonaventure,Massachusetts,277,161,58,76,,A-10,A-10,,,,,,
323202,1992-02-03,,1992,regular,,final,Louisiana,Memphis,148,163,76,77,,Sun Belt,,,,,,,
323203,1992-02-03,,1992,regular,,final,Miami,Pittsburgh,168,229,55,77,,Big East,Big East,,,,,,
323204,1992-02-03,,1992,regular,,final,Marquette,NC State,157,185,66,42,,,ACC,,,,,,
323205,1992-02-03,,1992,regular,,final,Providence,Seton Hall,235,263,65,68,,Big East,Big East,,,,,,
323206,1992-02-04,,1992,regular,,final,Texas A&M,Alabama,293,5,61,74,,,SEC,,,,,,
323207,1992-02-04,,1992,regular,,final,Tennessee,Arkansas,292,12,83,81,,SEC,SEC,,,,,,
323208,1992-02-04,,1992,regular,,final,Lehigh,Army,141,15,76,58,,Patriot,Patriot,,,,,,
323209,1992-02-04,,1992,regular,,final,Arkansas State,Jacksonville,13,127,98,89,,Sun Belt,Sun Belt,,,,,,
323210,1992-02-04,,1992,regular,,final,Ball State,Toledo,19,300,57,34,,MAC,MAC,,,,,,
323211,1992-02-04,,1992,regular,,final,Western Michigan,Bowling Green,351,28,72,70,,MAC,MAC,,,,,,
323212,1992-02-04,,1992,regular,,final,Boston College,St. John's,26,279,60,70,,Big East,Big East,,,,,,
323213,1992-02-04,,1992,regular,,final,Boston University,Vermont,27,337,86,76,,Am. East,Am. East,,,,,,
323214,1992-02-04,,1992,regular,,final,Long Island University,Brooklyn,146,414,86,75,,NEC,,,,,,,
323215,1992-02-04,,1992,regular,,final,Bucknell,Navy,32,187,74,71,,Patriot,Patriot,,,,,,
323216,1992-02-04,,1992,regular,,final,Cincinnati,Dayton,51,64,77,48,,,Horizon,,,,,,
323217,1992-02-04,,1992,regular,,final,Clemson,Georgia Tech,52,101,95,78,,ACC,ACC,,,,,,
323218,1992-02-04,,1992,regular,,final,Colgate,Fordham,55,91,56,58,,Patriot,Patriot,,,,,,
323219,1992-02-04,,1992,regular,,final,Ohio,Central Michigan,215,45,81,52,,MAC,MAC,,,,,,
323220,1992-02-04,,1992,regular,,final,Colorado,Oklahoma,56,217,70,68,,,,,,,,,
323221,1992-02-04,,1992,regular,,final,Delaware State,Coppin State,67,59,96,93,,MEAC,MEAC,,,,,,
323222,1992-02-04,,1992,regular,,final,DePaul,Loyola Chicago,65,151,91,63,,,Horizon,,,,,,
323223,1992-02-04,,1992,regular,,final,North Carolina,Duke,200,72,75,73,,ACC,ACC,,,,,,
323224,1992-02-04,,1992,regular,,final,Duquesne,Kent State,73,134,84,80,,A-10,MAC,,,,,,
323225,1992-02-04,,1992,regular,,final,Miami (OH),Eastern Michigan,167,79,69,60,,MAC,MAC,,,,,,
323226,1992-02-04,,1992,regular,,final,Evansville,Valparaiso,82,335,87,65,,Horizon,Summit,,,,,,
323227,1992-02-04,,1992,regular,,final,Eastern Washington,Northern Arizona,80,206,81,64,,Big Sky,Big Sky,,,,,,
323228,1992-02-04,,1992,regular,,final,Florida,LSU,87,136,50,70,,SEC,SEC,,,,,,
323229,1992-02-04,,1992,regular,,final,Florida State,Maryland,90,160,85,93,,ACC,ACC,,,,,,
323230,1992-02-04,,1992,regular,,final,Mississippi State,Georgia,174,98,75,66,,SEC,SEC,,,,,,
323231,1992-02-04,,1992,regular,,final,Holy Cross,Lafayette,111,138,85,75,,Patriot,Patriot,,,,,,
323232,1992-02-04,,1992,regular,,final,Houston,SMU,113,248,67,50,,,,,,,,,
323233,1992-02-04,,1992,regular,,final,Harvard,Hartford,107,363,65,58,,Ivy,Am. East,,,,,,
323234,1992-02-04,,1992,regular,,final,Northeastern Illinois,UIC,390,315,79,84,,Indep.,Summit,,,,,,
323235,1992-02-04,,1992,regular,,final,Northeastern,Iona,205,123,68,65,,Am. East,Metro,,,,,,
323236,1992-02-04,,1992,regular,,final,Missouri,Iowa State,177,125,81,71,,,,,,,,,
323237,1992-02-04,,1992,regular,,final,Loyola Maryland,Xavier,152,359,68,52,,Metro,Horizon,,,,,,
323238,1992-02-04,,1992,regular,,final,Maine-Farmington,Rider,1078,243,86,80,,,,,,,,,
323239,1992-02-04,,1992,regular,,final,Michigan,Northwestern,170,212,81,58,,Big Ten,Big Ten,,,,,,
323240,1992-02-04,,1992,regular,,final,Purdue,Minnesota,236,173,65,57,,Big Ten,Big Ten,,,,,,
323241,1992-02-04,,1992,regular,,final,Ole Miss,South Carolina,220,266,76,61,,SEC,SEC,,,,,,
323242,1992-02-04,,1992,regular,,final,Morehead State,UNC Greensboro,181,320,85,56,,OVC,Indep.,,,,,,
323243,1992-02-04,,1992,regular,,final,UNC Asheville,Western Carolina,319,348,75,83,,Big South,SoCon,,,,,,
323244,1992-02-04,,1992,regular,,final,Nebraska,Oklahoma State,188,218,85,69,,MVC,,,,,,,
323245,1992-02-04,,1992,regular,,final,Northern Iowa,Saint Louis,209,252,76,66,,MVC,,,,,,,
323246,1992-02-04,,1992,regular,,final,Old Dominion,Penn State,219,226,79,84,,CAA,Indep.,,,,,,
323247,1992-02-04,,1992,regular,,final,Ohio State,Wisconsin,216,355,86,72,,Big Ten,Big Ten,,,,,,
323248,1992-02-04,,1992,regular,,final,Texas,Rice,295,241,88,87,,,,,,,,,
323249,1992-02-04,,1992,regular,,final,South Alabama,Western Kentucky,265,350,90,76,,Sun Belt,Sun Belt,,,,,,
323250,1992-02-04,,1992,regular,,final,TCU,Texas Tech,287,298,57,63,,,,,,,,,
323252,1992-02-04,,1992,regular,,final,Wright State,Youngstown State,357,361,91,73,,Summit,Indep.,,,,,,
323253,1992-02-05,,1992,regular,,final,American University,Charleston,8,46,73,71,,CAA,Indep.,,,,,,
323254,1992-02-05,,1992,regular,,final,Stanford,Arizona,281,11,70,72,,Pac-12,Pac-12,,,,,,
323255,1992-02-05,,1992,regular,,final,Little Rock,Texas Pan American,144,1535,74,64,,Sun Belt,,,,,,,
323256,1992-02-05,,1992,regular,,final,California,Arizona State,40,10,68,61,,Pac-12,Pac-12,,,,,,
323257,1992-02-05,,1992,regular,,final,Howard,Bethune-Cookman,114,23,101,65,,MEAC,MEAC,,,,,,
323258,1992-02-05,,1992,regular,,final,Boise State,Nevada,25,189,74,78,,Big Sky,Big Sky,,,,,,
323259,1992-02-05,,1992,regular,,final,San Diego State,BYU,257,18,59,89,,UAC,UAC,,,,,,
323260,1992-02-05,,1992,regular,,final,UMBC,Central Connecticut,317,44,91,80,,,Indep.,,,,,,
323261,1992-02-05,,1992,regular,,final,Louisiana,UCF,148,312,77,72,,Sun Belt,Sun Belt,,,,,,
323262,1992-02-05,,1992,regular,,final,UC Santa Barbara,UNLV,311,322,76,80,,Big West,Big West,,,,,,
323263,1992-02-05,,1992,regular,,final,Charleston Southern,Coastal Carolina,47,54,48,50,,Big South,Big South,,,,,,
323264,1992-02-05,,1992,regular,,final,UTEP,Colorado State,327,57,78,50,,UAC,UAC,,,,,,
323265,1992-02-05,,1992,regular,,final,Milwaukee,Eastern Illinois,172,77,78,60,,Indep.,Summit,,,,,,
323266,1992-02-05,,1992,regular,,final,NC State,East Tennessee State,185,75,66,72,,ACC,SoCon,,,,,,
323267,1992-02-05,,1992,regular,,final,Morgan State,Florida A&M,182,85,78,96,,MEAC,MEAC,,,,,,
323268,1992-02-05,,1992,regular,,final,Robert Morris,Fairleigh Dickinson,244,84,68,56,,NEC,NEC,,,,,,
323269,1992-02-05,,1992,regular,,final,Cal State Fullerton,Utah State,37,329,111,99,,Big West,Big West,,,,,,
323270,1992-02-05,,1992,regular,,final,Gonzaga,Saint Mary's,102,253,69,65,,WCC,WCC,,,,,,
323271,1992-02-05,,1992,regular,,final,Georgia Southern,Samford,99,256,73,62,,ASUN,ASUN,,,,,,
323272,1992-02-05,,1992,regular,,final,Hawai'i,Utah,108,331,66,76,,UAC,UAC,,,,,,
323273,1992-02-05,,1992,regular,,final,Towson,Hofstra,301,110,80,70,,,,,,,,,
323274,1992-02-05,,1992,regular,,final,Idaho,Northern Arizona,117,206,96,84,,Big Sky,Big Sky,,,,,,
323275,1992-02-05,,1992,regular,,final,Idaho State,Montana,116,179,75,84,,Big Sky,Big Sky,,,,,,
323276,1992-02-05,,1992,regular,,final,Indiana State,Southern Illinois,122,273,66,47,,MVC,MVC,,,,,,
323277,1992-02-05,,1992,regular,,final,Iowa,Michigan State,124,169,77,63,,Big Ten,Big Ten,,,,,,
323278,1992-02-05,,1992,regular,,final,Long Beach State,New Mexico State,145,192,92,76,,Big West,Big West,,,,,,
323279,1992-02-05,,1992,regular,,final,Louisville,Charlotte,150,48,73,63,,,,,,,,,
323280,1992-02-05,,1992,regular,,final,McNeese,Texas State,162,297,59,65,,Southland,Southland,,,,,,
323281,1992-02-05,,1992,regular,,final,Weber State,Montana State,345,180,89,81,,Big Sky,Big Sky,,,,,,
323282,1992-02-05,,1992,regular,,final,St. Francis (PA),Marist,278,156,102,94,,NEC,NEC,,,,,,
323283,1992-02-05,,1992,regular,,final,Mount St. Mary's,Wagner,183,341,73,84,,NEC,NEC,,,,,,
323284,1992-02-05,,1992,regular,,final,New Mexico,Wyoming,191,358,79,65,,UAC,UAC,,,,,,
323285,1992-02-05,,1992,regular,,final,Nicholls,Texas A&M-San Antonio,195,583,77,65,,Southland,,,,,,,
323286,1992-02-05,,1992,regular,,final,North Texas,Sam Houston,204,255,83,44,,Southland,Southland,,,,,,
323287,1992-02-05,,1992,regular,,final,Portland,San Francisco,230,259,112,105,,WCC,WCC,,,,,,
323288,1992-02-05,,1992,regular,,final,West Virginia,Rhode Island,347,240,90,78,,A-10,A-10,,,,,,
323289,1992-02-05,,1992,regular,,final,Temple,Rutgers,289,245,92,78,,A-10,A-10,,,,,,
323290,1992-02-05,,1992,regular,,final,UT Arlington,Stephen F. Austin,324,282,75,59,,Southland,Southland,,,,,,
323291,1992-02-05,,1992,regular,,final,South Florida,Tulane,271,303,70,78,,,,,,,,,
323292,1992-02-05,,1992,regular,,final,Southern Miss,VCU,275,333,74,82,,,,,,,,,
323293,1992-02-05,,1992,regular,,final,UC Irvine,Fresno State,308,92,76,68,,Big West,Big West,,,,,,
323294,1992-02-05,,1992,regular,,final,UCLA,Washington,313,343,74,61,,Pac-12,Pac-12,,,,,,
323295,1992-02-05,,1992,regular,,final,USC,Washington State,323,344,75,62,,Pac-12,Pac-12,,,,,,
323296,1992-02-06,,1992,regular,,final,Harvard,Brown,107,30,75,71,,Ivy,Ivy,,,,,,
323297,1992-02-06,,1992,regular,,final,Fairfield,Canisius,83,42,68,58,,Metro,Metro,,,,,,
323298,1992-02-06,,1992,regular,,final,Princeton,Columbia,234,58,71,55,,Ivy,Ivy,,,,,,
323299,1992-02-06,,1992,regular,,final,Penn State (Beaver),Cornell,1353,60,83,74,,,Ivy,,,,,,
323300,1992-02-06,,1992,regular,,final,Dartmouth,Yale,62,360,53,52,,Ivy,Ivy,,,,,,
323301,1992-02-06,,1992,regular,,final,Iona,La Salle,123,137,79,88,,Metro,Metro,,,,,,
323302,1992-02-06,,1992,regular,,final,Loyola Marymount,San Diego,153,258,95,80,,WCC,WCC,,,,,,
323303,1992-02-06,,1992,regular,,final,Saint Peter's,Niagara,254,194,74,79,,Metro,Metro,,,,,,
323304,1992-02-06,,1992,regular,,final,Pepperdine,Santa Clara,228,261,75,53,,WCC,WCC,,,,,,
323305,1992-02-07,,1992,regular,,final,UTEP,Air Force,327,2,73,44,,UAC,UAC,,,,,,
323306,1992-02-07,,1992,regular,,final,Akron,Wright State,3,357,89,82,,Summit,Summit,,,,,,
323307,1992-02-07,,1992,regular,,final,Alabama,Tennessee,5,292,85,68,,SEC,SEC,,,,,,
323308,1992-02-07,,1992,regular,,final,Saint Louis,UAB,252,305,74,78,,,,,,,,,
323309,1992-02-07,,1992,regular,,final,Alabama State,Alcorn State,6,7,93,81,,SWAC,SWAC,,,,,,
323310,1992-02-07,,1992,regular,,final,American University,William & Mary,8,353,84,69,,CAA,CAA,,,,,,
323311,1992-02-07,,1992,regular,,final,App State,Furman,9,93,67,65,,SoCon,SoCon,,,,,,
323312,1992-02-07,,1992,regular,,final,Memphis,Arkansas,163,12,92,88,,,SEC,,,,,,
323313,1992-02-07,,1992,regular,,final,Lafayette,Army,138,15,81,49,,Patriot,Patriot,,,,,,
323314,1992-02-07,,1992,regular,,final,Lamar,Arkansas State,139,13,95,77,,Sun Belt,Sun Belt,,,,,,
323315,1992-02-07,,1992,regular,,final,Stanford,Arizona State,281,10,86,73,,Pac-12,Pac-12,,,,,,
323316,1992-02-07,,1992,regular,,final,Auburn,Kentucky,16,135,67,85,,SEC,SEC,,,,,,
323317,1992-02-07,,1992,regular,,final,Austin Peay,Tennessee State,17,290,83,80,,OVC,OVC,,,,,,
323318,1992-02-07,,1992,regular,,final,Chicago State,Ball State,50,19,55,68,,Indep.,MAC,,,,,,
323319,1992-02-07,,1992,regular,,final,Baylor,Rice,20,241,65,72,,,,,,,,,
323320,1992-02-07,,1992,regular,,final,Morgan State,Bethune-Cookman,182,23,92,85,,MEAC,MEAC,,,,,,
323321,1992-02-07,,1992,regular,,final,Bowling Green,Central Michigan,28,45,60,58,,MAC,MAC,,,,,,
323322,1992-02-07,,1992,regular,,final,Boston College,Pittsburgh,26,229,79,59,,Big East,Big East,,,,,,
323323,1992-02-07,,1992,regular,,final,Boise State,Northern Arizona,25,206,82,77,,Big Sky,Big Sky,,,,,,
323324,1992-02-07,,1992,regular,,final,Boston University,Northeastern,27,205,68,73,,Am. East,Am. East,,,,,,
323325,1992-02-07,,1992,regular,,final,Bradley,Southern Illinois,29,273,54,60,,MVC,MVC,,,,,,
323326,1992-02-07,,1992,regular,,final,Brooklyn,Wagner,414,341,68,72,,,NEC,,,,,,
323327,1992-02-07,,1992,regular,,final,Dartmouth,Brown,62,30,60,55,,Ivy,Ivy,,,,,,
323328,1992-02-07,,1992,regular,,final,Bucknell,Holy Cross,32,111,95,78,,Patriot,Patriot,,,,,,
323329,1992-02-07,,1992,regular,,final,Buffalo,Hofstra,33,110,61,84,,Indep.,,,,,,,
323330,1992-02-07,,1992,regular,,final,Butler,Detroit Mercy,34,69,95,84,,Horizon,Horizon,,,,,,
323331,1992-02-07,,1992,regular,,final,Hawai'i,BYU,108,18,87,83,,UAC,UAC,,,,,,
323332,1992-02-07,,1992,regular,,final,Campbell,UNC Greensboro,41,320,69,52,,Big South,Indep.,,,,,,
323333,1992-02-07,,1992,regular,,final,Towson,Central Connecticut,301,44,94,70,,,Indep.,,,,,,
323334,1992-02-07,,1992,regular,,final,Centenary (LA),SE Louisiana,367,246,72,82,,ASUN,ASUN,,,,,,
323335,1992-02-07,,1992,regular,,final,Jacksonville,UCF,127,312,78,73,,Sun Belt,Sun Belt,,,,,,
323336,1992-02-07,,1992,regular,,final,Vanderbilt,Charleston,336,46,74,68,,SEC,Indep.,,,,,,
323337,1992-02-07,,1992,regular,,final,East Tennessee State,The Citadel,75,299,107,88,,SoCon,SoCon,,,,,,
323338,1992-02-07,,1992,regular,,final,Florida State,Clemson,90,52,102,90,,ACC,ACC,,,,,,
323339,1992-02-07,,1992,regular,,final,Navy,Colgate,187,55,89,57,,Patriot,Patriot,,,,,,
323340,1992-02-07,,1992,regular,,final,Penn State (Beaver),Columbia,1353,58,81,76,,,Ivy,,,,,,
323341,1992-02-07,,1992,regular,,final,Sacramento State,Cal State Northridge,249,38,77,83,,Indep.,Indep.,,,,,,
323342,1992-02-07,,1992,regular,,final,UConn,Seton Hall,314,263,69,81,,Big East,Big East,,,,,,
323343,1992-02-07,,1992,regular,,final,Coppin State,Florida A&M,59,85,76,78,,MEAC,MEAC,,,,,,
323344,1992-02-07,,1992,regular,,final,Princeton,Cornell,234,60,48,31,,Ivy,Ivy,,,,,,
323345,1992-02-07,,1992,regular,,final,Drake,Creighton,70,61,66,67,,MVC,MVC,,,,,,
323346,1992-02-07,,1992,regular,,final,Charleston Southern,UNC Asheville,47,319,83,59,,Big South,Big South,,,,,,
323347,1992-02-07,,1992,regular,,final,New Mexico,Colorado State,191,57,61,47,,UAC,UAC,,,,,,
323348,1992-02-07,,1992,regular,,final,Davidson,Charlotte,63,48,85,95,,Big South,,,,,,,
323349,1992-02-07,,1992,regular,,final,Evansville,Dayton,82,64,58,52,,Horizon,Horizon,,,,,,
323350,1992-02-07,,1992,regular,,final,Drexel,Delaware,71,66,66,69,,Am. East,Am. East,,,,,,
323351,1992-02-07,,1992,regular,,final,Maryland Eastern Shore,Delaware State,159,67,57,73,,MEAC,MEAC,,,,,,
323352,1992-02-07,,1992,regular,,final,LSU,Duke,136,72,67,77,,SEC,ACC,,,,,,
323353,1992-02-07,,1992,regular,,final,Richmond,East Carolina,242,74,89,64,,CAA,CAA,,,,,,
323354,1992-02-07,,1992,regular,,final,UIC,Eastern Illinois,315,77,68,67,,Summit,Summit,,,,,,
323355,1992-02-07,,1992,regular,,final,Eastern Kentucky,Middle Tennessee,78,171,86,79,,OVC,OVC,,,,,,
323356,1992-02-07,,1992,regular,,final,Eastern Michigan,Ohio,79,215,58,73,,MAC,MAC,,,,,,
323357,1992-02-07,,1992,regular,,final,St. Francis (PA),Fairleigh Dickinson,278,84,57,73,,NEC,NEC,,,,,,
323358,1992-02-07,,1992,regular,,final,Stetson,Florida International,283,89,65,68,,ASUN,ASUN,,,,,,
323359,1992-02-07,,1992,regular,,final,Florida,Mississippi State,87,174,87,66,,SEC,SEC,,,,,,
323360,1992-02-07,,1992,regular,,final,Fordham,Lehigh,91,141,87,66,,Patriot,Patriot,,,,,,
323361,1992-02-07,,1992,regular,,final,Cal State Fullerton,Fresno State,37,92,97,79,,Big West,Big West,,,,,,
323362,1992-02-07,,1992,regular,,final,George Mason,Old Dominion,95,219,61,71,,CAA,CAA,,,,,,
323363,1992-02-07,,1992,regular,,final,Georgia,Ole Miss,98,220,86,66,,SEC,SEC,,,,,,
323364,1992-02-07,,1992,regular,,final,Rutgers,George Washington,245,96,87,62,,A-10,A-10,,,,,,
323365,1992-02-07,,1992,regular,,final,Gonzaga,San Francisco,102,259,90,88,,WCC,WCC,,,,,,
323366,1992-02-07,,1992,regular,,final,Grambling,Texas Southern,103,296,70,72,,SWAC,SWAC,,,,,,
323367,1992-02-07,,1992,regular,,final,Georgia Southern,Georgia State,99,100,91,84,,ASUN,ASUN,,,,,,
323368,1992-02-07,,1992,regular,,final,Georgetown,Providence,97,235,63,86,,Big East,Big East,,,,,,
323369,1992-02-07,,1992,regular,,final,Harvard,Yale,107,360,82,69,,Ivy,Ivy,,,,,,
323370,1992-02-07,,1992,regular,,final,Hartford,Vermont,363,337,68,65,,Am. East,Am. East,,,,,,
323371,1992-02-07,,1992,regular,,final,Idaho,Nevada,117,189,102,86,,Big Sky,Big Sky,,,,,,
323372,1992-02-07,,1992,regular,,final,Idaho State,Montana State,116,180,115,101,,Big Sky,Big Sky,,,,,,
323373,1992-02-07,,1992,regular,,final,Indiana State,Illinois State,122,119,62,64,,MVC,MVC,,,,,,
323374,1992-02-07,,1992,regular,,final,James Madison,UNC Wilmington,129,321,76,67,,CAA,CAA,,,,,,
323375,1992-02-07,,1992,regular,,final,Jackson State,Southern,126,274,79,81,,SWAC,SWAC,,,,,,
323376,1992-02-07,,1992,regular,,final,Oklahoma State,Kansas,218,131,64,58,,,,,,,,,
323377,1992-02-07,,1992,regular,,final,Kansas State,Nebraska,132,188,70,66,,,MVC,,,,,,
323378,1992-02-07,,1992,regular,,final,Kent State,Miami (OH),134,167,52,67,,MAC,MAC,,,,,,
323379,1992-02-07,,1992,regular,,final,Liberty,Winthrop,142,354,63,52,,Big South,Big South,,,,,,
323380,1992-02-07,,1992,regular,,final,Long Island University,St. Francis Brooklyn,146,364,94,97,,NEC,NEC,,,,,,
323381,1992-02-07,,1992,regular,,final,Loyola Marymount,Santa Clara,153,261,64,70,,WCC,WCC,,,,,,
323382,1992-02-07,,1992,regular,,final,Louisiana Tech,New Orleans,149,193,70,67,,Sun Belt,Sun Belt,,,,,,
323383,1992-02-07,,1992,regular,,final,Xavier,Louisville,359,150,73,86,,Horizon,,,,,,,
323384,1992-02-07,,1992,regular,,final,Maine-Farmington,New Hampshire,1078,190,84,64,,,Am. East,,,,,,
323385,1992-02-07,,1992,regular,,final,Massachusetts,Saint Joseph's,161,251,81,73,,A-10,A-10,,,,,,
323386,1992-02-07,,1992,regular,,final,Rider,UMBC,243,317,79,94,,,,,,,,,
323387,1992-02-07,,1992,regular,,final,McNeese,Texas A&M-San Antonio,162,583,89,84,,Southland,,,,,,,
323388,1992-02-07,,1992,regular,,final,Mercer,Samford,164,256,54,56,,ASUN,ASUN,,,,,,
323389,1992-02-07,,1992,regular,,final,Northwestern,Minnesota,212,173,55,57,,Big Ten,Big Ten,,,,,,
323390,1992-02-07,,1992,regular,,final,Mount St. Mary's,Monmouth,183,178,58,57,,NEC,NEC,,,,,,
323391,1992-02-07,,1992,regular,,final,Weber State,Montana,345,179,73,77,,Big Sky,Big Sky,,,,,,
323392,1992-02-07,,1992,regular,,final,Morehead State,Murray State,181,184,91,93,,OVC,OVC,,,,,,
323393,1992-02-07,,1992,regular,,final,Robert Morris,Marist,244,156,73,69,,NEC,NEC,,,,,,
323394,1992-02-07,,1992,regular,,final,Marshall,Western Carolina,158,348,86,94,,SoCon,SoCon,,,,,,
323395,1992-02-07,,1992,regular,,final,Wisconsin,Michigan State,355,169,64,79,,Big Ten,Big Ten,,,,,,
323396,1992-02-07,,1992,regular,,final,Mississippi Valley State,Prairie View A&M,175,232,111,71,,SWAC,SWAC,,,,,,
323397,1992-02-07,,1992,regular,,final,South Carolina State,North Carolina A&T,267,198,75,65,,MEAC,MEAC,,,,,,
323398,1992-02-07,,1992,regular,,final,Milwaukee,Northeastern Illinois,172,390,89,56,,Indep.,Indep.,,,,,,
323399,1992-02-07,,1992,regular,,final,Northwestern State,UL Monroe,211,316,93,85,,Southland,Southland,,,,,,
323400,1992-02-07,,1992,regular,,final,Nicholls,Texas State,195,297,80,73,,Southland,Southland,,,,,,
323401,1992-02-07,,1992,regular,,final,Northern Illinois,Green Bay,208,105,70,78,,Summit,Summit,,,,,,
323402,1992-02-07,,1992,regular,,final,Northern Iowa,Wichita State,209,352,78,65,,MVC,MVC,,,,,,
323403,1992-02-07,,1992,regular,,final,North Texas,Stephen F. Austin,204,282,78,81,,Southland,Southland,,,,,,
323404,1992-02-07,,1992,regular,,final,Oregon,Oregon State,223,224,64,63,,Pac-12,Pac-12,,,,,,
323405,1992-02-07,,1992,regular,,final,Ohio State,Purdue,216,236,71,59,,Big Ten,Big Ten,,,,,,
323406,1992-02-07,,1992,regular,,final,San José State,Pacific,260,225,64,98,,Big West,Big West,,,,,,
323407,1992-02-07,,1992,regular,,final,Western Kentucky,Texas Pan American,350,1535,83,51,,Sun Belt,,,,,,,
323408,1992-02-07,,1992,regular,,final,Pepperdine,San Diego,228,258,71,58,,WCC,WCC,,,,,,
323409,1992-02-07,,1992,regular,,final,Portland,Saint Mary's,230,253,63,58,,WCC,WCC,,,,,,
323410,1992-02-07,,1992,regular,,final,Radford,Youngstown State,239,361,70,58,,Big South,Indep.,,,,,,
323411,1992-02-07,,1992,regular,,final,UT Arlington,Sam Houston,324,255,77,75,,Southland,Southland,,,,,,
323412,1992-02-07,,1992,regular,,final,San Diego State,Utah,257,331,53,72,,UAC,UAC,,,,,,
323413,1992-02-07,,1992,regular,,final,Southeast Missouri State,Tennessee Tech,272,291,78,88,,OVC,OVC,,,,,,
323414,1992-02-07,,1992,regular,,final,Southern Miss,South Florida,275,271,87,63,,,,,,,,,
323415,1992-02-07,,1992,regular,,final,SMU,Texas Tech,248,298,51,47,,,,,,,,,
323416,1992-02-07,,1992,regular,,final,West Virginia,St. Bonaventure,347,277,70,42,,A-10,A-10,,,,,,
323417,1992-02-07,,1992,regular,,final,St. John's,Villanova,279,338,69,53,,Big East,Big East,,,,,,
323418,1992-02-07,,1992,regular,,final,Missouri State,Tulsa,176,304,78,74,,MVC,MVC,,,,,,
323419,1992-02-07,,1992,regular,,final,Texas A&M,TCU,293,287,54,73,,,,,,,,,
323420,1992-02-07,,1992,regular,,final,Tulane,VCU,303,333,97,80,,,,,,,,,
323421,1992-02-07,,1992,regular,,final,Toledo,Western Michigan,300,351,70,72,,MAC,MAC,,,,,,
323422,1992-02-07,,1992,regular,,final,UC Irvine,Utah State,308,329,80,75,,Big West,Big West,,,,,,
323423,1992-02-07,,1992,regular,,final,UCLA,Washington State,313,344,82,61,,Pac-12,Pac-12,,,,,,
323424,1992-02-07,,1992,regular,,final,North Carolina,Wake Forest,200,342,80,78,,ACC,ACC,,,,,,
323425,1992-02-07,,1992,regular,,final,VMI,Chattanooga,334,49,75,85,,SoCon,SoCon,,,,,,
323426,1992-02-07,,1992,regular,,final,Valparaiso,Western Illinois,335,349,84,81,,Summit,Summit,,,,,,
323427,1992-02-08,,1992,regular,,final,California,Arizona,40,11,68,80,,Pac-12,Pac-12,,,,,,
323428,1992-02-08,,1992,regular,,final,South Alabama,Little Rock,265,144,72,79,,Sun Belt,Sun Belt,,,,,,
323429,1992-02-08,,1992,regular,,final,Manhattan,Canisius,155,42,73,64,,Metro,Metro,,,,,,
323430,1992-02-08,,1992,regular,,final,Marquette,DePaul,157,65,58,65,,,,,,,,,
323431,1992-02-08,,1992,regular,,final,Duquesne,Rhode Island,73,240,74,77,,A-10,A-10,,,,,,
323432,1992-02-08,,1992,regular,,final,Fairfield,Niagara,83,194,76,80,,Metro,Metro,,,,,,
323433,1992-02-08,,1992,regular,,final,Maryland,Georgia Tech,160,101,65,67,,ACC,ACC,,,,,,
323434,1992-02-08,,1992,regular,,final,Houston,Texas,113,295,72,87,,,,,,,,,
323435,1992-02-08,,1992,regular,,final,Indiana,Iowa,121,124,81,66,,Big Ten,Big Ten,,,,,,
323436,1992-02-08,,1992,regular,,final,La Salle,Loyola Maryland,137,152,99,85,,Metro,Metro,,,,,,
323437,1992-02-08,,1992,regular,,final,Long Beach State,UNLV,145,322,77,96,,Big West,Big West,,,,,,
323438,1992-02-08,,1992,regular,,final,Notre Dame,Michigan,213,170,65,74,,Indep.,Big Ten,,,,,,
323439,1992-02-08,,1992,regular,,final,Oklahoma,Missouri,217,177,92,99,,,,,,,,,
323441,1992-02-08,,1992,regular,,final,Siena,Saint Peter's,264,254,79,52,,Metro,Metro,,,,,,
323442,1992-02-08,,1992,regular,,final,USC,Washington,323,343,59,56,,Pac-12,Pac-12,,,,,,
323443,1992-02-09,,1992,regular,,final,Jackson State,Alcorn State,126,7,79,74,,SWAC,SWAC,,,,,,
323444,1992-02-09,,1992,regular,,final,Alabama State,Southern,6,274,83,96,,SWAC,SWAC,,,,,,
323445,1992-02-09,,1992,regular,,final,App State,The Citadel,9,299,78,65,,SoCon,SoCon,,,,,,
323446,1992-02-09,,1992,regular,,final,Austin Peay,Tennessee Tech,17,291,87,79,,OVC,OVC,,,,,,
323447,1992-02-09,,1992,regular,,final,Coppin State,Bethune-Cookman,59,23,105,83,,MEAC,MEAC,,,,,,
323448,1992-02-09,,1992,regular,,final,Dayton,Brooklyn,64,414,80,41,,Horizon,,,,,,,
323449,1992-02-09,,1992,regular,,final,Campbell,Davidson,41,63,67,64,,Big South,Big South,,,,,,
323450,1992-02-09,,1992,regular,,final,Coastal Carolina,Winthrop,54,354,74,61,,Big South,Big South,,,,,,
323451,1992-02-09,,1992,regular,,final,UCF,Western Kentucky,312,350,78,81,,Sun Belt,Sun Belt,,,,,,
323452,1992-02-09,,1992,regular,,final,Chicago State,Southern Utah,50,276,73,74,,Indep.,Indep.,,,,,,
323453,1992-02-09,,1992,regular,,final,Cleveland State,Wright State,53,357,85,67,,Summit,Summit,,,,,,
323454,1992-02-09,,1992,regular,,final,Washington,Cal State Northridge,343,38,61,57,,Pac-12,Indep.,,,,,,
323455,1992-02-09,,1992,regular,,final,Iowa State,Colorado,125,56,96,82,,,,,,,,,
323456,1992-02-09,,1992,regular,,final,Kansas City,Creighton,130,61,79,68,,Indep.,MVC,,,,,,
323457,1992-02-09,,1992,regular,,final,Charleston Southern,Radford,47,239,76,84,,Big South,Big South,,,,,,
323458,1992-02-09,,1992,regular,,final,Toledo,Detroit Mercy,300,69,62,73,,MAC,Horizon,,,,,,
323459,1992-02-09,,1992,regular,,final,Indiana State,Drake,122,70,55,46,,MVC,MVC,,,,,,
323460,1992-02-09,,1992,regular,,final,Drexel,Youngstown State,71,361,73,63,,Am. East,Indep.,,,,,,
323461,1992-02-09,,1992,regular,,final,Morgan State,Delaware State,182,67,80,78,,MEAC,MEAC,,,,,,
323462,1992-02-09,,1992,regular,,final,James Madison,East Carolina,129,74,86,48,,CAA,CAA,,,,,,
323463,1992-02-09,,1992,regular,,final,Valparaiso,Eastern Illinois,335,77,56,70,,Summit,Summit,,,,,,
323464,1992-02-09,,1992,regular,,final,Eastern Kentucky,Murray State,78,184,62,83,,OVC,OVC,,,,,,
323465,1992-02-09,,1992,regular,,final,East Tennessee State,Furman,75,93,94,103,,SoCon,SoCon,,,,,,
323466,1992-02-09,,1992,regular,,final,Howard,Florida A&M,114,85,72,68,,MEAC,MEAC,,,,,,
323467,1992-02-09,,1992,regular,,final,NC State,Florida State,185,90,79,87,,ACC,ACC,,,,,,
323468,1992-02-09,,1992,regular,,final,George Mason,Virginia Tech,95,340,54,53,,CAA,,,,,,,
323469,1992-02-09,,1992,regular,,final,Grambling,Prairie View A&M,103,232,92,77,,SWAC,SWAC,,,,,,
323470,1992-02-09,,1992,regular,,final,UNC Asheville,Liberty,319,142,82,77,,Big South,Big South,,,,,,
323471,1992-02-09,,1992,regular,,final,Xavier,Loyola Chicago,359,151,89,56,,Horizon,Horizon,,,,,,
323472,1992-02-09,,1992,regular,,final,Wagner,Maine-Farmington,341,1078,77,66,,NEC,,,,,,,
323473,1992-02-09,,1992,regular,,final,UL Monroe,McNeese,316,162,82,57,,Southland,Southland,,,,,,
323474,1992-02-09,,1992,regular,,final,Morehead State,Middle Tennessee,181,171,85,92,,OVC,OVC,,,,,,
323475,1992-02-09,,1992,regular,,final,Mercer,South Carolina,164,266,61,59,,ASUN,SEC,,,,,,
323476,1992-02-09,,1992,regular,,final,Marshall,Chattanooga,158,49,75,76,,SoCon,SoCon,,,,,,
323477,1992-02-09,,1992,regular,,final,Mississippi Valley State,Texas Southern,175,296,80,49,,SWAC,SWAC,,,,,,
323478,1992-02-09,,1992,regular,,final,Richmond,UNC Wilmington,242,321,79,69,,CAA,CAA,,,,,,
323479,1992-02-09,,1992,regular,,final,Northwestern State,Nicholls,211,195,87,97,,Southland,Southland,,,,,,
323480,1992-02-09,,1992,regular,,final,Northern Illinois,Western Illinois,208,349,82,77,,Summit,Summit,,,,,,
323481,1992-02-09,,1992,regular,,final,New Mexico State,Utah State,192,329,75,69,,Big West,Big West,,,,,,
323482,1992-02-09,,1992,regular,,final,Texas State,North Texas,297,204,52,70,,Southland,Southland,,,,,,
323483,1992-02-09,,1992,regular,,final,Pittsburgh,Villanova,229,338,77,68,,Big East,Big East,,,,,,
323484,1992-02-09,,1992,regular,,final,Samford,Rice,256,241,43,53,,ASUN,,,,,,,
323485,1992-02-09,,1992,regular,,final,Southeast Missouri State,Tennessee State,272,290,76,66,,OVC,OVC,,,,,,
323486,1992-02-09,,1992,regular,,final,Texas A&M-San Antonio,UT Arlington,583,324,89,52,,,Southland,,,,,,
323487,1992-02-09,,1992,regular,,final,Tulsa,Wichita State,304,352,70,66,,MVC,MVC,,,,,,
323488,1992-02-09,,1992,regular,,final,VMI,Western Carolina,334,348,88,89,,SoCon,SoCon,,,,,,
323489,1992-02-10,,1992,regular,,final,Army,Bucknell,15,32,51,57,,Patriot,Patriot,,,,,,
323490,1992-02-10,,1992,regular,,final,Boston University,North Carolina A&T,27,198,91,87,,Am. East,MEAC,,,,,,
323491,1992-02-10,,1992,regular,,final,Robert Morris,Canisius,244,42,91,76,,NEC,Metro,,,,,,
323492,1992-02-10,,1992,regular,,final,Milwaukee,Sacramento State,172,249,89,61,,Indep.,Indep.,,,,,,
323493,1992-02-10,,1992,regular,,final,Charleston,South Carolina State,46,267,73,48,,Indep.,MEAC,,,,,,
323494,1992-02-10,,1992,regular,,final,Fairleigh Dickinson,Marist,84,156,88,87,,NEC,NEC,,,,,,
323495,1992-02-10,,1992,regular,,final,LSU,Georgia,136,98,62,64,,SEC,SEC,,,,,,
323496,1992-02-10,,1992,regular,,final,Hartford,Lamar,363,139,78,73,,Am. East,Sun Belt,,,,,,
323497,1992-02-10,,1992,regular,,final,Purdue,Illinois,236,118,71,76,,Big Ten,Big Ten,,,,,,
323498,1992-02-10,,1992,regular,,final,Southern Illinois,Illinois State,273,119,65,64,,MVC,MVC,,,,,,
323499,1992-02-10,,1992,regular,,final,Saint Joseph's,La Salle,251,137,84,80,,A-10,Metro,,,,,,
323500,1992-02-10,,1992,regular,,final,New Hampshire,VCU,190,333,37,42,,Am. East,,,,,,,
323501,1992-02-10,,1992,regular,,final,Northeastern Illinois,Southern Utah,390,276,95,85,,Indep.,Indep.,,,,,,
323502,1992-02-10,,1992,regular,,final,Notre Dame,Stanford,213,281,64,63,,Indep.,Pac-12,,,,,,
323503,1992-02-10,,1992,regular,,final,Penn State (Beaver),Princeton,1353,234,40,42,,,Ivy,,,,,,
323504,1992-02-10,,1992,regular,,final,Seton Hall,Syracuse,263,286,76,66,,Big East,Big East,,,,,,
323505,1992-02-10,,1992,regular,,final,Vermont,St. Francis Brooklyn,337,364,71,75,,Am. East,NEC,,,,,,
323506,1992-02-10,,1992,regular,,final,SMU,Texas A&M,248,293,44,38,,,,,,,,,
323507,1992-02-11,,1992,regular,,final,Kentucky,Alabama,135,5,107,83,,SEC,SEC,,,,,,
323508,1992-02-11,,1992,regular,,final,American University,Old Dominion,8,219,83,69,,CAA,CAA,,,,,,
323509,1992-02-11,,1992,regular,,final,App State,UNC Asheville,9,319,65,63,,SoCon,Big South,,,,,,
323510,1992-02-11,,1992,regular,,final,Arkansas,Vanderbilt,12,336,91,71,,SEC,SEC,,,,,,
323511,1992-02-11,,1992,regular,,final,New Orleans,Arkansas State,193,13,50,56,,Sun Belt,Sun Belt,,,,,,
323512,1992-02-11,,1992,regular,,final,Auburn,James Madison,16,129,87,71,,SEC,CAA,,,,,,
323513,1992-02-11,,1992,regular,,final,Miami (OH),Ball State,167,19,43,44,,MAC,MAC,,,,,,
323514,1992-02-11,,1992,regular,,final,Baylor,Houston,20,113,92,98,,,,,,,,,
323515,1992-02-11,,1992,regular,,final,Bowling Green,Saint Peter's,28,254,80,59,,MAC,Metro,,,,,,
323516,1992-02-11,,1992,regular,,final,DePaul,Bradley,65,29,68,50,,,MVC,,,,,,
323517,1992-02-11,,1992,regular,,final,Cincinnati,Brooklyn,51,414,104,54,,,,,,,,,
323518,1992-02-11,,1992,regular,,final,Penn State,Butler,226,34,67,64,,Indep.,Horizon,,,,,,
323519,1992-02-11,,1992,regular,,final,Wake Forest,Clemson,342,52,60,48,,ACC,ACC,,,,,,
323520,1992-02-11,,1992,regular,,final,Lehigh,Colgate,141,55,84,78,,Patriot,Patriot,,,,,,
323521,1992-02-11,,1992,regular,,final,Central Michigan,Eastern Michigan,45,79,73,68,,MAC,MAC,,,,,,
323522,1992-02-11,,1992,regular,,final,Colorado,Oklahoma State,56,218,57,53,,,,,,,,,
323523,1992-02-11,,1992,regular,,final,UConn,Georgetown,314,97,63,70,,Big East,Big East,,,,,,
323524,1992-02-11,,1992,regular,,final,Jacksonville,Charleston Southern,127,47,67,60,,Sun Belt,Big South,,,,,,
323525,1992-02-11,,1992,regular,,final,Georgia Tech,Duke,101,72,62,71,,ACC,ACC,,,,,,
323526,1992-02-11,,1992,regular,,final,Duquesne,George Washington,73,96,77,79,,A-10,A-10,,,,,,
323527,1992-02-11,,1992,regular,,final,UNC Greensboro,Eastern Kentucky,320,78,60,80,,Indep.,OVC,,,,,,
323528,1992-02-11,,1992,regular,,final,Ole Miss,Florida,220,87,84,86,,SEC,SEC,,,,,,
323529,1992-02-11,,1992,regular,,final,Lafayette,Fordham,138,91,74,60,,Patriot,Patriot,,,,,,
323530,1992-02-11,,1992,regular,,final,Fairfield,Manhattan,83,155,72,74,,Metro,Metro,,,,,,
323531,1992-02-11,,1992,regular,,final,George Mason,William & Mary,95,353,65,78,,CAA,CAA,,,,,,
323532,1992-02-11,,1992,regular,,final,Holy Cross,Navy,111,187,88,62,,Patriot,Patriot,,,,,,
323533,1992-02-11,,1992,regular,,final,Maryland Eastern Shore,Howard,159,114,62,63,,MEAC,MEAC,,,,,,
323534,1992-02-11,,1992,regular,,final,Minnesota,Indiana,173,121,71,67,,Big Ten,Big Ten,,,,,,
323535,1992-02-11,,1992,regular,,final,Kansas,Iowa State,131,125,91,60,,,,,,,,,
323536,1992-02-11,,1992,regular,,final,Michigan,Iowa,170,124,79,74,,Big Ten,Big Ten,,,,,,
323537,1992-02-11,,1992,regular,,final,Missouri,Kansas State,177,132,67,59,,,,,,,,,
323538,1992-02-11,,1992,regular,,final,Western Michigan,Kent State,351,134,62,60,,MAC,MAC,,,,,,
323539,1992-02-11,,1992,regular,,final,Miami,Providence,168,235,51,73,,Big East,Big East,,,,,,
323540,1992-02-11,,1992,regular,,final,Mississippi State,Tennessee,174,292,94,76,,SEC,SEC,,,,,,
323541,1992-02-11,,1992,regular,,final,Michigan State,Wisconsin,169,355,76,61,,Big Ten,Big Ten,,,,,,
323542,1992-02-11,,1992,regular,,final,Ohio,Toledo,215,300,61,45,,MAC,MAC,,,,,,
323543,1992-02-11,,1992,regular,,final,Rhode Island,St. Bonaventure,240,277,80,70,,A-10,A-10,,,,,,
323544,1992-02-11,,1992,regular,,final,Rider,Towson,243,301,75,78,,,,,,,,,
323545,1992-02-11,,1992,regular,,final,West Virginia,Rutgers,347,245,95,98,,A-10,A-10,,,,,,
323546,1992-02-11,,1992,regular,,final,Louisiana,South Alabama,148,265,95,76,,Sun Belt,Sun Belt,,,,,,
323547,1992-02-11,,1992,regular,,final,Saint Louis,TCU,252,287,89,69,,,,,,,,,
323548,1992-02-11,,1992,regular,,final,Texas Tech,Texas,298,295,90,93,,,,,,,,,
323549,1992-02-12,,1992,regular,,final,Air Force,BYU,2,18,60,68,,UAC,UAC,,,,,,
323550,1992-02-12,,1992,regular,,final,Alabama State,Grambling,6,103,101,94,,SWAC,SWAC,,,,,,
323551,1992-02-12,,1992,regular,,final,Arizona,Washington State,11,344,94,72,,Pac-12,Pac-12,,,,,,
323552,1992-02-12,,1992,regular,,final,Little Rock,Prairie View A&M,144,232,84,45,,Sun Belt,SWAC,,,,,,
323553,1992-02-12,,1992,regular,,final,Arizona State,Washington,10,343,55,47,,Pac-12,Pac-12,,,,,,
323554,1992-02-12,,1992,regular,,final,Boston University,New Hampshire,27,190,78,62,,Am. East,Am. East,,,,,,
323555,1992-02-12,,1992,regular,,final,UNC Wilmington,Campbell,321,41,58,62,,CAA,Big South,,,,,,
323556,1992-02-12,,1992,regular,,final,Chicago State,Sacramento State,50,249,95,86,,Indep.,Indep.,,,,,,
323557,1992-02-12,,1992,regular,,final,Davidson,Coastal Carolina,63,54,65,72,,Big South,Big South,,,,,,
323558,1992-02-12,,1992,regular,,final,Centenary (LA),Georgia Southern,367,99,110,106,,ASUN,ASUN,,,,,,
323559,1992-02-12,,1992,regular,,final,South Carolina State,Coppin State,267,59,82,72,,MEAC,MEAC,,,,,,
323560,1992-02-12,,1992,regular,,final,Fresno State,UC Santa Barbara,92,311,61,77,,Big West,Big West,,,,,,
323561,1992-02-12,,1992,regular,,final,Colorado State,Hawai'i,57,108,69,59,,UAC,UAC,,,,,,
323562,1992-02-12,,1992,regular,,final,Loyola Chicago,Dayton,151,64,72,74,,Horizon,Horizon,,,,,,
323563,1992-02-12,,1992,regular,,final,Montana,Eastern Washington,179,80,91,66,,Big Sky,Big Sky,,,,,,
323564,1992-02-12,,1992,regular,,final,Georgia State,Florida International,100,89,88,57,,ASUN,ASUN,,,,,,
323565,1992-02-12,,1992,regular,,final,Virginia,Florida State,339,90,63,64,,ACC,ACC,,,,,,
323566,1992-02-12,,1992,regular,,final,Hofstra,UMBC,110,317,91,80,,,,,,,,,
323567,1992-02-12,,1992,regular,,final,Nevada,Idaho State,189,116,105,88,,Big Sky,Big Sky,,,,,,
323568,1992-02-12,,1992,regular,,final,Green Bay,UIC,105,315,69,65,,Summit,Summit,,,,,,
323569,1992-02-12,,1992,regular,,final,Utah State,Long Beach State,329,145,76,75,,Big West,Big West,,,,,,
323570,1992-02-12,,1992,regular,,final,Long Island University,Monmouth,146,178,73,56,,NEC,NEC,,,,,,
323571,1992-02-12,,1992,regular,,final,Santa Clara,Loyola Marymount,261,153,83,86,,WCC,WCC,,,,,,
323572,1992-02-12,,1992,regular,,final,Western Kentucky,Louisiana Tech,350,149,79,78,,Sun Belt,Sun Belt,,,,,,
323573,1992-02-12,,1992,regular,,final,South Florida,Louisville,271,150,69,66,,,,,,,,,
323574,1992-02-12,,1992,regular,,final,Maine-Farmington,Northeastern,1078,205,63,68,,,Am. East,,,,,,
323575,1992-02-12,,1992,regular,,final,Maryland,NC State,160,185,77,74,,ACC,ACC,,,,,,
323576,1992-02-12,,1992,regular,,final,Stephen F. Austin,McNeese,282,162,76,68,,Southland,Southland,,,,,,
323577,1992-02-12,,1992,regular,,final,Memphis,Temple,163,289,63,65,,,A-10,,,,,,
323578,1992-02-12,,1992,regular,,final,SE Louisiana,Mercer,246,164,73,83,,ASUN,ASUN,,,,,,
323579,1992-02-12,,1992,regular,,final,Western Illinois,Kansas City,349,130,91,70,,Summit,Indep.,,,,,,
323580,1992-02-12,,1992,regular,,final,Mount St. Mary's,Marist,183,156,84,96,,NEC,NEC,,,,,,
323581,1992-02-12,,1992,regular,,final,Northern Arizona,Weber State,206,345,75,92,,Big Sky,Big Sky,,,,,,
323582,1992-02-12,,1992,regular,,final,Charlotte,Tulane,48,303,68,76,,,,,,,,,
323583,1992-02-12,,1992,regular,,final,Texas State,UL Monroe,297,316,42,59,,Southland,Southland,,,,,,
323584,1992-02-12,,1992,regular,,final,New Mexico,UTEP,191,327,68,56,,UAC,UAC,,,,,,
323585,1992-02-12,,1992,regular,,final,Niagara,Siena,194,264,73,66,,Metro,Metro,,,,,,
323586,1992-02-12,,1992,regular,,final,Sam Houston,Nicholls,255,195,74,89,,Southland,Southland,,,,,,
323587,1992-02-12,,1992,regular,,final,New Mexico State,Pacific,192,225,75,67,,Big West,Big West,,,,,,
323588,1992-02-12,,1992,regular,,final,Texas A&M-San Antonio,Northwestern State,583,211,104,99,,,Southland,,,,,,
323589,1992-02-12,,1992,regular,,final,Oregon,USC,223,323,68,69,,Pac-12,Pac-12,,,,,,
323590,1992-02-12,,1992,regular,,final,Oregon State,UCLA,224,313,62,72,,Pac-12,Pac-12,,,,,,
323591,1992-02-12,,1992,regular,,final,San Diego,Pepperdine,258,228,67,79,,WCC,WCC,,,,,,
323592,1992-02-12,,1992,regular,,final,Wyoming,San Diego State,358,257,92,66,,UAC,UAC,,,,,,
323593,1992-02-12,,1992,regular,,final,St. Francis Brooklyn,Wagner,364,341,74,78,,NEC,NEC,,,,,,
323594,1992-02-12,,1992,regular,,final,Samford,Stetson,256,283,75,59,,ASUN,ASUN,,,,,,
323595,1992-02-12,,1992,regular,,final,Virginia Tech,Southern Miss,340,275,60,73,,,,,,,,,
323596,1992-02-12,,1992,regular,,final,Wichita State,Missouri State,352,176,55,70,,MVC,MVC,,,,,,
323597,1992-02-12,,1992,regular,,final,UNLV,San José State,322,260,83,39,,Big West,Big West,,,,,,
323598,1992-02-12,,1992,regular,,final,Winthrop,VMI,354,334,63,71,,Big South,SoCon,,,,,,
323599,1992-02-13,,1992,regular,,final,Brown,Princeton,30,234,54,79,,Ivy,Ivy,,,,,,
323600,1992-02-13,,1992,regular,,final,Columbia,Harvard,58,107,94,76,,Ivy,Ivy,,,,,,
323601,1992-02-13,,1992,regular,,final,Cornell,Dartmouth,60,62,60,46,,Ivy,Ivy,,,,,,
323602,1992-02-13,,1992,regular,,final,Delaware,Hartford,66,363,88,69,,Am. East,Am. East,,,,,,
323603,1992-02-13,,1992,regular,,final,Drexel,Vermont,71,337,55,63,,Am. East,Am. East,,,,,,
323604,1992-02-13,,1992,regular,,final,San Francisco,Gonzaga,259,102,74,88,,WCC,WCC,,,,,,
323605,1992-02-13,,1992,regular,,final,Yale,Penn State (Beaver),360,1353,73,61,,Ivy,,,,,,,
323606,1992-02-13,,1992,regular,,final,Saint Mary's,Portland,253,230,85,69,,WCC,WCC,,,,,,
323607,1992-02-14,,1992,regular,,final,Air Force,UTEP,2,327,75,72,,UAC,UAC,,,,,,
323608,1992-02-14,,1992,regular,,final,Eastern Illinois,Akron,77,3,62,55,,Summit,Summit,,,,,,
323609,1992-02-14,,1992,regular,,final,UAB,Marquette,305,157,64,60,,,,,,,,,
323610,1992-02-14,,1992,regular,,final,Texas Southern,Alcorn State,296,7,73,64,,SWAC,SWAC,,,,,,
323611,1992-02-14,,1992,regular,,final,East Carolina,American University,74,8,66,69,,CAA,CAA,,,,,,
323612,1992-02-14,,1992,regular,,final,Western Carolina,App State,348,9,79,82,,SoCon,SoCon,,,,,,
323613,1992-02-14,,1992,regular,,final,Arizona,Washington,11,343,85,51,,Pac-12,Pac-12,,,,,,
323614,1992-02-14,,1992,regular,,final,Arkansas,South Carolina,12,266,89,73,,SEC,SEC,,,,,,
323615,1992-02-14,,1992,regular,,final,Little Rock,Louisiana,144,148,75,85,,Sun Belt,Sun Belt,,,,,,
323616,1992-02-14,,1992,regular,,final,Holy Cross,Army,111,15,71,67,,Patriot,Patriot,,,,,,
323617,1992-02-14,,1992,regular,,final,Morehead State,Austin Peay,181,17,90,83,,OVC,OVC,,,,,,
323618,1992-02-14,,1992,regular,,final,Ball State,Western Michigan,19,351,60,46,,MAC,MAC,,,,,,
323619,1992-02-14,,1992,regular,,final,Texas Tech,Baylor,298,20,84,79,,,,,,,,,
323620,1992-02-14,,1992,regular,,final,Bethune-Cookman,Delaware State,23,67,102,98,,MEAC,MEAC,,,,,,
323621,1992-02-14,,1992,regular,,final,Eastern Michigan,Bowling Green,79,28,57,68,,MAC,MAC,,,,,,
323622,1992-02-14,,1992,regular,,final,Boston College,Villanova,26,338,82,46,,Big East,Big East,,,,,,
323623,1992-02-14,,1992,regular,,final,Boise State,Idaho,25,117,74,68,,Big Sky,Big Sky,,,,,,
323624,1992-02-14,,1992,regular,,final,Illinois State,Bradley,119,29,58,46,,MVC,MVC,,,,,,
323625,1992-02-14,,1992,regular,,final,Brown,Penn State (Beaver),30,1353,67,86,,Ivy,,,,,,,
323626,1992-02-14,,1992,regular,,final,Bucknell,Fordham,32,91,57,67,,Patriot,Patriot,,,,,,
323627,1992-02-14,,1992,regular,,final,Buffalo,Central Connecticut,33,44,69,74,,Indep.,Indep.,,,,,,
323628,1992-02-14,,1992,regular,,final,Butler,Evansville,34,82,69,78,,Horizon,Horizon,,,,,,
323629,1992-02-14,,1992,regular,,final,BYU,La Salle,18,137,80,81,,UAC,Metro,,,,,,
323630,1992-02-14,,1992,regular,,final,California,Stanford,40,281,66,92,,Pac-12,Pac-12,,,,,,
323631,1992-02-14,,1992,regular,,final,Canisius,Siena,42,264,76,92,,Metro,Metro,,,,,,
323632,1992-02-14,,1992,regular,,final,Centenary (LA),Mercer,367,164,77,75,,ASUN,ASUN,,,,,,
323633,1992-02-14,,1992,regular,,final,UCF,New Orleans,312,193,64,94,,Sun Belt,Sun Belt,,,,,,
323634,1992-02-14,,1992,regular,,final,Charleston,Coppin State,46,59,72,59,,Indep.,MEAC,,,,,,
323635,1992-02-14,,1992,regular,,final,Saint Louis,Cincinnati,252,51,60,89,,,,,,,,,
323636,1992-02-14,,1992,regular,,final,Furman,The Citadel,93,299,78,85,,SoCon,SoCon,,,,,,
323637,1992-02-14,,1992,regular,,final,Clemson,North Carolina,52,200,72,80,,ACC,ACC,,,,,,
323638,1992-02-14,,1992,regular,,final,Colgate,Lafayette,55,138,70,61,,Patriot,Patriot,,,,,,
323639,1992-02-14,,1992,regular,,final,Columbia,Dartmouth,58,62,74,54,,Ivy,Ivy,,,,,,
323640,1992-02-14,,1992,regular,,final,Western Illinois,Cleveland State,349,53,69,80,,Summit,Summit,,,,,,
323641,1992-02-14,,1992,regular,,final,Toledo,Central Michigan,300,45,61,68,,MAC,MAC,,,,,,
323642,1992-02-14,,1992,regular,,final,Cal State Northridge,Milwaukee,38,172,80,69,,Indep.,Indep.,,,,,,
323643,1992-02-14,,1992,regular,,final,Kansas,Colorado,131,56,82,45,,,,,,,,,
323644,1992-02-14,,1992,regular,,final,Cornell,Harvard,60,107,73,50,,Ivy,Ivy,,,,,,
323645,1992-02-14,,1992,regular,,final,Missouri State,Creighton,176,61,72,56,,MVC,MVC,,,,,,
323646,1992-02-14,,1992,regular,,final,Utah State,UC Santa Barbara,329,311,70,54,,Big West,Big West,,,,,,
323647,1992-02-14,,1992,regular,,final,Santa Clara,Pepperdine,261,228,48,52,,WCC,WCC,,,,,,
323648,1992-02-14,,1992,regular,,final,Liberty,Charleston Southern,142,47,76,60,,Big South,Big South,,,,,,
323649,1992-02-14,,1992,regular,,final,Colorado State,Utah,57,331,74,66,,UAC,UAC,,,,,,
323650,1992-02-14,,1992,regular,,final,Davidson,Radford,63,239,63,72,,Big South,Big South,,,,,,
323651,1992-02-14,,1992,regular,,final,Tennessee,Dayton,292,64,68,67,,SEC,Horizon,,,,,,
323652,1992-02-14,,1992,regular,,final,Delaware,Vermont,66,337,79,73,,Am. East,Am. East,,,,,,
323653,1992-02-14,,1992,regular,,final,Detroit Mercy,Loyola Chicago,69,151,89,93,,Horizon,Horizon,,,,,,
323654,1992-02-14,,1992,regular,,final,Northern Iowa,Drake,209,70,96,84,,MVC,MVC,,,,,,
323655,1992-02-14,,1992,regular,,final,Drexel,Hartford,71,363,72,56,,Am. East,Am. East,,,,,,
323656,1992-02-14,,1992,regular,,final,Saint Joseph's,Duquesne,251,73,74,77,,A-10,A-10,,,,,,
323657,1992-02-14,,1992,regular,,final,Eastern Kentucky,Southeast Missouri State,78,272,83,69,,OVC,OVC,,,,,,
323658,1992-02-14,,1992,regular,,final,Chattanooga,East Tennessee State,49,75,67,83,,SoCon,SoCon,,,,,,
323659,1992-02-14,,1992,regular,,final,Montana State,Eastern Washington,180,80,84,78,,Big Sky,Big Sky,,,,,,
323660,1992-02-14,,1992,regular,,final,Florida A&M,Maryland Eastern Shore,85,159,96,69,,MEAC,MEAC,,,,,,
323661,1992-02-14,,1992,regular,,final,Mount St. Mary's,Fairleigh Dickinson,183,84,76,81,,NEC,NEC,,,,,,
323662,1992-02-14,,1992,regular,,final,Samford,Florida International,256,89,60,56,,ASUN,ASUN,,,,,,
323663,1992-02-14,,1992,regular,,final,Iona,Fairfield,123,83,80,70,,Metro,Metro,,,,,,
323664,1992-02-14,,1992,regular,,final,Florida State,Georgia Tech,90,101,80,67,,ACC,ACC,,,,,,
323665,1992-02-14,,1992,regular,,final,Cal State Fullerton,UC Irvine,37,308,86,68,,Big West,Big West,,,,,,
323666,1992-02-14,,1992,regular,,final,UNC Wilmington,George Mason,321,95,67,64,,CAA,CAA,,,,,,
323667,1992-02-14,,1992,regular,,final,Georgia State,Stetson,100,283,71,66,,ASUN,ASUN,,,,,,
323668,1992-02-14,,1992,regular,,final,Saint Mary's,Gonzaga,253,102,65,57,,WCC,WCC,,,,,,
323669,1992-02-14,,1992,regular,,final,Grambling,Rice,103,241,49,91,,SWAC,,,,,,,
323670,1992-02-14,,1992,regular,,final,SE Louisiana,Georgia Southern,246,99,72,79,,ASUN,ASUN,,,,,,
323671,1992-02-14,,1992,regular,,final,Miami,Georgetown,168,97,58,75,,Big East,Big East,,,,,,
323672,1992-02-14,,1992,regular,,final,San Diego State,Hawai'i,257,108,58,66,,UAC,UAC,,,,,,
323673,1992-02-14,,1992,regular,,final,Rider,Hofstra,243,110,65,68,,,,,,,,,
323674,1992-02-14,,1992,regular,,final,North Carolina A&T,Howard,198,114,66,65,,MEAC,MEAC,,,,,,
323675,1992-02-14,,1992,regular,,final,Northern Arizona,Idaho State,206,116,73,85,,Big Sky,Big Sky,,,,,,
323676,1992-02-14,,1992,regular,,final,Illinois,Minnesota,118,173,74,58,,Big Ten,Big Ten,,,,,,
323677,1992-02-14,,1992,regular,,final,Indiana,Northwestern,121,212,91,60,,Big Ten,Big Ten,,,,,,
323678,1992-02-14,,1992,regular,,final,Wichita State,Indiana State,352,122,73,58,,MVC,MVC,,,,,,
323679,1992-02-14,,1992,regular,,final,Iowa State,Oklahoma State,125,218,84,83,,,,,,,,,
323680,1992-02-14,,1992,regular,,final,Iowa,Purdue,124,236,80,60,,Big Ten,Big Ten,,,,,,
323681,1992-02-14,,1992,regular,,final,Old Dominion,James Madison,219,129,72,71,,CAA,CAA,,,,,,
323682,1992-02-14,,1992,regular,,final,Mississippi Valley State,Jackson State,175,126,98,82,,SWAC,SWAC,,,,,,
323683,1992-02-14,,1992,regular,,final,Kentucky,Western Kentucky,135,350,93,83,,SEC,Sun Belt,,,,,,
323684,1992-02-14,,1992,regular,,final,Oklahoma,Kansas State,217,132,104,75,,,,,,,,,
323685,1992-02-14,,1992,regular,,final,Kent State,Ohio,134,215,55,60,,MAC,MAC,,,,,,
323686,1992-02-14,,1992,regular,,final,Louisiana Tech,Lamar,149,139,103,67,,Sun Belt,Sun Belt,,,,,,
323687,1992-02-14,,1992,regular,,final,Lehigh,Navy,141,187,92,88,,Patriot,Patriot,,,,,,
323688,1992-02-14,,1992,regular,,final,Long Island University,Wagner,146,341,68,71,,NEC,NEC,,,,,,
323689,1992-02-14,,1992,regular,,final,San Diego,Loyola Marymount,258,153,102,104,,WCC,WCC,,,,,,
323690,1992-02-14,,1992,regular,,final,Manhattan,Loyola Maryland,155,152,75,77,,Metro,Metro,,,,,,
323691,1992-02-14,,1992,regular,,final,Vanderbilt,LSU,336,136,76,69,,SEC,SEC,,,,,,
323692,1992-02-14,,1992,regular,,final,Towson,UMBC,301,317,113,103,,,,,,,,,
323693,1992-02-14,,1992,regular,,final,Sam Houston,McNeese,255,162,73,86,,Southland,Southland,,,,,,
323694,1992-02-14,,1992,regular,,final,Middle Tennessee,Tennessee Tech,171,291,97,76,,OVC,OVC,,,,,,
323695,1992-02-14,,1992,regular,,final,South Carolina State,Morgan State,267,182,98,68,,MEAC,MEAC,,,,,,
323696,1992-02-14,,1992,regular,,final,Michigan,Michigan State,170,169,59,70,,Big Ten,Big Ten,,,,,,
323697,1992-02-14,,1992,regular,,final,St. Francis Brooklyn,Monmouth,364,178,64,65,,NEC,NEC,,,,,,
323698,1992-02-14,,1992,regular,,final,VMI,Marshall,334,158,72,79,,SoCon,SoCon,,,,,,
323699,1992-02-14,,1992,regular,,final,Murray State,Tennessee State,184,290,75,60,,OVC,OVC,,,,,,
323700,1992-02-14,,1992,regular,,final,Winthrop,UNC Asheville,354,319,75,78,,Big South,Big South,,,,,,
323701,1992-02-14,,1992,regular,,final,Charlotte,South Florida,48,271,63,70,,,,,,,,,
323702,1992-02-14,,1992,regular,,final,New Hampshire,Northeastern,190,205,66,64,,Am. East,Am. East,,,,,,
323703,1992-02-14,,1992,regular,,final,Northeastern Illinois,Youngstown State,390,361,74,71,,Indep.,Indep.,,,,,,
323704,1992-02-14,,1992,regular,,final,Texas A&M-San Antonio,UL Monroe,583,316,85,72,,,Southland,,,,,,
323705,1992-02-14,,1992,regular,,final,Wyoming,New Mexico,358,191,68,61,,UAC,UAC,,,,,,
323706,1992-02-14,,1992,regular,,final,Stephen F. Austin,Nicholls,282,195,67,71,,Southland,Southland,,,,,,
323707,1992-02-14,,1992,regular,,final,Valparaiso,Northern Illinois,335,208,75,81,,Summit,Summit,,,,,,
323708,1992-02-14,,1992,regular,,final,New Mexico State,San José State,192,260,82,57,,Big West,Big West,,,,,,
323709,1992-02-14,,1992,regular,,final,Syracuse,Notre Dame,286,213,98,101,,Big East,Indep.,,,,,,
323710,1992-02-14,,1992,regular,,final,UT Arlington,North Texas,324,204,100,90,,Southland,Southland,,,,,,
323711,1992-02-14,,1992,regular,,final,Texas State,Northwestern State,297,211,81,68,,Southland,Southland,,,,,,
323712,1992-02-14,,1992,regular,,final,Oregon,UCLA,223,313,65,84,,Pac-12,Pac-12,,,,,,
323713,1992-02-14,,1992,regular,,final,Oregon State,USC,224,323,92,78,,Pac-12,Pac-12,,,,,,
323714,1992-02-14,,1992,regular,,final,Wisconsin,Ohio State,355,216,63,67,,Big Ten,Big Ten,,,,,,
323715,1992-02-14,,1992,regular,,final,Pittsburgh,St. John's,229,279,74,84,,Big East,Big East,,,,,,
323716,1992-02-14,,1992,regular,,final,San Francisco,Portland,259,230,99,86,,WCC,WCC,,,,,,
323717,1992-02-14,,1992,regular,,final,Prairie View A&M,Southern,232,274,74,114,,SWAC,SWAC,,,,,,
323718,1992-02-14,,1992,regular,,final,Yale,Princeton,360,234,35,46,,Ivy,Ivy,,,,,,
323719,1992-02-14,,1992,regular,,final,Seton Hall,Providence,263,235,85,77,,Big East,Big East,,,,,,
323720,1992-02-14,,1992,regular,,final,William & Mary,Richmond,353,242,54,83,,CAA,CAA,,,,,,
323721,1992-02-14,,1992,regular,,final,Robert Morris,St. Francis (PA),244,278,93,61,,NEC,NEC,,,,,,
323722,1992-02-14,,1992,regular,,final,Rutgers,Saint Peter's,245,254,86,73,,A-10,Metro,,,,,,
323723,1992-02-14,,1992,regular,,final,Tulsa,Southern Illinois,304,273,66,74,,MVC,MVC,,,,,,
323724,1992-02-14,,1992,regular,,final,TCU,SMU,287,248,70,59,,,,,,,,,
323725,1992-02-14,,1992,regular,,final,St. Bonaventure,West Virginia,277,347,70,78,,A-10,A-10,,,,,,
323726,1992-02-14,,1992,regular,,final,Virginia Tech,Tulane,340,303,89,73,,,,,,,,,
323727,1992-02-14,,1992,regular,,final,UNLV,Pacific,322,225,66,50,,Big West,Big West,,,,,,
323728,1992-02-14,,1992,regular,,final,Nevada,Weber State,189,345,87,68,,Big Sky,Big Sky,,,,,,
323729,1992-02-14,,1992,regular,,final,Wake Forest,Virginia,342,339,69,60,,ACC,ACC,,,,,,
323730,1992-02-14,,1992,regular,,final,Wright State,Green Bay,357,105,80,62,,Summit,Summit,,,,,,
323731,1992-02-15,,1992,regular,,final,Western Illinois,Akron,349,3,69,75,,Summit,Summit,,,,,,
323732,1992-02-15,,1992,regular,,final,Arizona State,Washington State,10,344,71,70,,Pac-12,Pac-12,,,,,,
323733,1992-02-15,,1992,regular,,final,Boston University,Maine-Farmington,27,1078,67,83,,Am. East,,,,,,,
323734,1992-02-15,,1992,regular,,final,DePaul,Louisville,65,150,84,81,,,,,,,,,
323735,1992-02-15,,1992,regular,,final,NC State,Duke,185,72,63,71,,ACC,ACC,,,,,,
323737,1992-02-15,,1992,regular,,final,Massachusetts,Temple,161,289,67,52,,A-10,A-10,,,,,,
323738,1992-02-15,,1992,regular,,final,Memphis,Southern Miss,163,275,80,61,,,,,,,,,
323739,1992-02-15,,1992,regular,,final,Texas A&M,Texas Southern,293,296,75,67,,,SWAC,,,,,,
323740,1992-02-16,,1992,regular,,final,Prairie View A&M,Alcorn State,232,7,61,73,,SWAC,SWAC,,,,,,
323741,1992-02-16,,1992,regular,,final,Mississippi Valley State,Alabama State,175,6,105,96,,SWAC,SWAC,,,,,,
323742,1992-02-16,,1992,regular,,final,UNC Wilmington,American University,321,8,88,87,,CAA,CAA,,,,,,
323743,1992-02-16,,1992,regular,,final,Chattanooga,App State,49,9,61,59,,SoCon,SoCon,,,,,,
323744,1992-02-16,,1992,regular,,final,UCF,Arkansas State,312,13,71,72,,Sun Belt,Sun Belt,,,,,,
323745,1992-02-16,,1992,regular,,final,Eastern Kentucky,Austin Peay,78,17,87,75,,OVC,OVC,,,,,,
323746,1992-02-16,,1992,regular,,final,Bethune-Cookman,Maryland Eastern Shore,23,159,96,91,,MEAC,MEAC,,,,,,
323747,1992-02-16,,1992,regular,,final,Northern Iowa,Bradley,209,29,52,54,,MVC,MVC,,,,,,
323748,1992-02-16,,1992,regular,,final,Brooklyn,Rider,414,243,62,65,,,,,,,,,
323749,1992-02-16,,1992,regular,,final,Towson,Buffalo,301,33,98,65,,,Indep.,,,,,,
323750,1992-02-16,,1992,regular,,final,Liberty,Campbell,142,41,77,58,,Big South,Big South,,,,,,
323751,1992-02-16,,1992,regular,,final,Centenary (LA),Houston,367,113,81,105,,ASUN,,,,,,,
323752,1992-02-16,,1992,regular,,final,Coastal Carolina,Charleston,54,46,74,65,,Big South,Indep.,,,,,,
323753,1992-02-16,,1992,regular,,final,Chicago State,Kansas City,50,130,74,88,,Indep.,Indep.,,,,,,
323754,1992-02-16,,1992,regular,,final,UNC Greensboro,The Citadel,320,299,60,73,,Indep.,SoCon,,,,,,
323755,1992-02-16,,1992,regular,,final,Colgate,St. Francis (PA),55,278,69,75,,Patriot,NEC,,,,,,
323756,1992-02-16,,1992,regular,,final,Eastern Illinois,Cleveland State,77,53,52,62,,Summit,Summit,,,,,,
323757,1992-02-16,,1992,regular,,final,Creighton,Drake,61,70,76,52,,MVC,MVC,,,,,,
323758,1992-02-16,,1992,regular,,final,Florida A&M,Delaware State,85,67,90,81,,MEAC,MEAC,,,,,,
323759,1992-02-16,,1992,regular,,final,East Carolina,George Mason,74,95,74,68,,CAA,CAA,,,,,,
323760,1992-02-16,,1992,regular,,final,Western Carolina,East Tennessee State,348,75,76,96,,SoCon,SoCon,,,,,,
323761,1992-02-16,,1992,regular,,final,Fresno State,Long Beach State,92,145,61,73,,Big West,Big West,,,,,,
323762,1992-02-16,,1992,regular,,final,UNLV,Cal State Fullerton,322,37,76,47,,Big West,Big West,,,,,,
323763,1992-02-16,,1992,regular,,final,Furman,Samford,93,256,55,42,,SoCon,ASUN,,,,,,
323764,1992-02-16,,1992,regular,,final,George Washington,James Madison,96,129,75,70,,A-10,CAA,,,,,,
323765,1992-02-16,,1992,regular,,final,Jackson State,Grambling,126,103,83,76,,SWAC,SWAC,,,,,,
323766,1992-02-16,,1992,regular,,final,Holy Cross,New Hampshire,111,190,80,70,,Patriot,Am. East,,,,,,
323767,1992-02-16,,1992,regular,,final,South Carolina State,Howard,267,114,61,59,,MEAC,MEAC,,,,,,
323768,1992-02-16,,1992,regular,,final,UIC,Northern Illinois,315,208,95,90,,Summit,Summit,,,,,,
323769,1992-02-16,,1992,regular,,final,Illinois State,Saint Louis,119,252,68,62,,MVC,,,,,,,
323770,1992-02-16,,1992,regular,,final,Jacksonville,Louisiana Tech,127,149,63,91,,Sun Belt,Sun Belt,,,,,,
323771,1992-02-16,,1992,regular,,final,Saint Peter's,Loyola Maryland,254,152,65,70,,Metro,Metro,,,,,,
323772,1992-02-16,,1992,regular,,final,UMBC,Penn State,317,226,77,81,,,Indep.,,,,,,
323773,1992-02-16,,1992,regular,,final,Middle Tennessee,Tennessee State,171,290,68,49,,OVC,OVC,,,,,,
323774,1992-02-16,,1992,regular,,final,North Carolina A&T,Morgan State,198,182,107,95,,MEAC,MEAC,,,,,,
323775,1992-02-16,,1992,regular,,final,Morehead State,Southeast Missouri State,181,272,84,80,,OVC,OVC,,,,,,
323776,1992-02-16,,1992,regular,,final,Missouri,Nebraska,177,188,87,61,,,MVC,,,,,,
323777,1992-02-16,,1992,regular,,final,Murray State,Tennessee Tech,184,291,103,99,,OVC,OVC,,,,,,
323778,1992-02-16,,1992,regular,,final,Richmond,Old Dominion,242,219,73,69,,CAA,CAA,,,,,,
323779,1992-02-16,,1992,regular,,final,Seton Hall,Pittsburgh,263,229,82,63,,Big East,Big East,,,,,,
323780,1992-02-16,,1992,regular,,final,Radford,Winthrop,239,354,94,67,,Big South,Big South,,,,,,
323781,1992-02-16,,1992,regular,,final,Southern Illinois,Wichita State,273,352,69,55,,MVC,MVC,,,,,,
323782,1992-02-16,,1992,regular,,final,Stetson,SMU,283,248,83,63,,ASUN,,,,,,,
323783,1992-02-16,,1992,regular,,final,Texas Southern,Southern,296,274,99,83,,SWAC,SWAC,,,,,,
323784,1992-02-16,,1992,regular,,final,Oral Roberts,Tulsa,222,304,62,78,,Indep.,MVC,,,,,,
323785,1992-02-16,,1992,regular,,final,Valparaiso,Green Bay,335,105,48,76,,Summit,Summit,,,,,,
323786,1992-02-17,,1992,regular,,final,Georgia,Arkansas,98,12,87,78,,SEC,SEC,,,,,,
323787,1992-02-17,,1992,regular,,final,Providence,Boston College,235,26,74,61,,Big East,Big East,,,,,,
323788,1992-02-17,,1992,regular,,final,Butler,Xavier,34,359,75,98,,Horizon,Horizon,,,,,,
323789,1992-02-17,,1992,regular,,final,UCLA,California,313,40,82,76,,Pac-12,Pac-12,,,,,,
323790,1992-02-17,,1992,regular,,final,Niagara,Canisius,194,42,84,71,,Metro,Metro,,,,,,
323791,1992-02-17,,1992,regular,,final,Clemson,Florida State,52,90,68,67,,ACC,ACC,,,,,,
323792,1992-02-17,,1992,regular,,final,Lafayette,Columbia,138,58,75,69,,Patriot,Ivy,,,,,,
323793,1992-02-17,,1992,regular,,final,Cal State Northridge,Loyola Marymount,38,153,102,95,,Indep.,WCC,,,,,,
323794,1992-02-17,,1992,regular,,final,Evansville,Indiana State,82,122,77,44,,Horizon,MVC,,,,,,
323795,1992-02-17,,1992,regular,,final,Manhattan,Iona,155,123,77,83,,Metro,Metro,,,,,,
323796,1992-02-17,,1992,regular,,final,Iowa,Ohio State,124,216,92,86,,Big Ten,Big Ten,,,,,,
323797,1992-02-17,,1992,regular,,final,Louisville,VCU,150,333,89,71,,,,,,,,,
323798,1992-02-17,,1992,regular,,final,Rutgers,Massachusetts,245,161,67,81,,A-10,A-10,,,,,,
323799,1992-02-17,,1992,regular,,final,Villanova,Miami,338,168,74,50,,Big East,Big East,,,,,,
323800,1992-02-17,,1992,regular,,final,Notre Dame,Marquette,213,157,60,53,,Indep.,,,,,,,
323801,1992-02-17,,1992,regular,,final,South Florida,Marshall,271,158,88,79,,,SoCon,,,,,,
323802,1992-02-17,,1992,regular,,final,Northern Arizona,Southern Utah,206,276,63,82,,Big Sky,Indep.,,,,,,
323803,1992-02-17,,1992,regular,,final,South Alabama,New Orleans,265,193,85,63,,Sun Belt,Sun Belt,,,,,,
323804,1992-02-17,,1992,regular,,final,Rhode Island,West Virginia,240,347,88,67,,A-10,A-10,,,,,,
323805,1992-02-17,,1992,regular,,final,Temple,St. Bonaventure,289,277,69,60,,A-10,A-10,,,,,,
323806,1992-02-17,,1992,regular,,final,William & Mary,VMI,353,334,68,76,,CAA,SoCon,,,,,,
323807,1992-02-18,,1992,regular,,final,Alabama,Vanderbilt,5,336,85,64,,SEC,SEC,,,,,,
323808,1992-02-18,,1992,regular,,final,UAB,Bethune-Cookman,305,23,114,67,,,MEAC,,,,,,
323809,1992-02-18,,1992,regular,,final,Navy,Army,187,15,54,62,,Patriot,Patriot,,,,,,
323810,1992-02-18,,1992,regular,,final,Florida,Auburn,87,16,92,81,,SEC,SEC,,,,,,
323811,1992-02-18,,1992,regular,,final,Ohio,Ball State,215,19,73,70,,MAC,MAC,,,,,,
323812,1992-02-18,,1992,regular,,final,Baylor,Texas A&M,20,293,61,63,,,,,,,,,
323813,1992-02-18,,1992,regular,,final,Bowling Green,Toledo,28,300,78,64,,MAC,MAC,,,,,,
323814,1992-02-18,,1992,regular,,final,Bucknell,Colgate,32,55,90,84,,Patriot,Patriot,,,,,,
323815,1992-02-18,,1992,regular,,final,Detroit Mercy,Buffalo,69,33,95,55,,Horizon,Indep.,,,,,,
323816,1992-02-18,,1992,regular,,final,Charleston Southern,Charleston,47,46,69,72,,Big South,Indep.,,,,,,
323817,1992-02-18,,1992,regular,,final,The Citadel,Samford,299,256,73,67,,SoCon,ASUN,,,,,,
323818,1992-02-18,,1992,regular,,final,Central Michigan,Kent State,45,134,76,83,,MAC,MAC,,,,,,
323819,1992-02-18,,1992,regular,,final,Colorado,Missouri,56,177,77,60,,,,,,,,,
323820,1992-02-18,,1992,regular,,final,Georgetown,UConn,97,314,60,58,,Big East,Big East,,,,,,
323821,1992-02-18,,1992,regular,,final,Wake Forest,Davidson,342,63,76,62,,ACC,Big South,,,,,,
323822,1992-02-18,,1992,regular,,final,Dayton,Loyola Chicago,64,151,73,59,,Horizon,Horizon,,,,,,
323823,1992-02-18,,1992,regular,,final,Eastern Michigan,Milwaukee,79,172,74,90,,MAC,Indep.,,,,,,
323824,1992-02-18,,1992,regular,,final,Fordham,Holy Cross,91,111,81,75,,Patriot,Patriot,,,,,,
323825,1992-02-18,,1992,regular,,final,Houston,Rice,113,241,86,83,,,,,,,,,
323826,1992-02-18,,1992,regular,,final,Hartford,Maine-Farmington,363,1078,54,66,,Am. East,,,,,,,
323827,1992-02-18,,1992,regular,,final,Indiana,Michigan State,121,169,103,73,,Big Ten,Big Ten,,,,,,
323828,1992-02-18,,1992,regular,,final,Kansas State,Iowa State,132,125,64,55,,,,,,,,,
323829,1992-02-18,,1992,regular,,final,Nebraska,Kansas,188,131,81,79,,MVC,,,,,,,
323830,1992-02-18,,1992,regular,,final,Mississippi State,Kentucky,174,135,84,89,,SEC,SEC,,,,,,
323831,1992-02-18,,1992,regular,,final,La Salle,Saint Peter's,137,254,65,52,,Metro,Metro,,,,,,
323832,1992-02-18,,1992,regular,,final,South Carolina,LSU,266,136,56,74,,SEC,SEC,,,,,,
323833,1992-02-18,,1992,regular,,final,Mercer,UNC Asheville,164,319,66,71,,ASUN,Big South,,,,,,
323834,1992-02-18,,1992,regular,,final,Michigan,Minnesota,170,173,95,70,,Big Ten,Big Ten,,,,,,
323835,1992-02-18,,1992,regular,,final,Tennessee,Ole Miss,292,220,98,86,,SEC,SEC,,,,,,
323836,1992-02-18,,1992,regular,,final,Western Michigan,Miami (OH),351,167,63,64,,MAC,MAC,,,,,,
323837,1992-02-18,,1992,regular,,final,Oklahoma State,Oklahoma,218,217,67,70,,,,,,,,,
323838,1992-02-18,,1992,regular,,final,St. John's,Syracuse,279,286,63,62,,Big East,Big East,,,,,,
323839,1992-02-18,,1992,regular,,final,Texas Tech,Tulane,298,303,101,98,,,,,,,,,
323840,1992-02-18,,1992,regular,,final,Texas,TCU,295,287,99,77,,,,,,,,,
323841,1992-02-18,,1992,regular,,final,Virginia,North Carolina,339,200,86,73,,ACC,ACC,,,,,,
323842,1992-02-19,,1992,regular,,final,San Diego State,Air Force,257,2,58,60,,UAC,UAC,,,,,,
323843,1992-02-19,,1992,regular,,final,Youngstown State,Akron,361,3,67,73,,Indep.,Summit,,,,,,
323844,1992-02-19,,1992,regular,,final,Arizona State,Arizona,10,11,77,74,,Pac-12,Pac-12,,,,,,
323845,1992-02-19,,1992,regular,,final,Lamar,Little Rock,139,144,93,71,,Sun Belt,Sun Belt,,,,,,
323846,1992-02-19,,1992,regular,,final,Arkansas State,Western Kentucky,13,350,62,75,,Sun Belt,Sun Belt,,,,,,
323847,1992-02-19,,1992,regular,,final,Idaho State,Boise State,116,25,72,74,,Big Sky,Big Sky,,,,,,
323848,1992-02-19,,1992,regular,,final,Bradley,Missouri State,29,176,54,62,,MVC,MVC,,,,,,
323849,1992-02-19,,1992,regular,,final,Brooklyn,Towson,414,301,66,89,,,,,,,,,
323850,1992-02-19,,1992,regular,,final,BYU,Utah,18,331,58,56,,UAC,UAC,,,,,,
323851,1992-02-19,,1992,regular,,final,USC,California,323,40,94,81,,Pac-12,Pac-12,,,,,,
323852,1992-02-19,,1992,regular,,final,Sacramento State,Northeastern Illinois,249,390,63,79,,Indep.,Indep.,,,,,,
323853,1992-02-19,,1992,regular,,final,Hofstra,Central Connecticut,110,44,85,56,,,Indep.,,,,,,
323854,1992-02-19,,1992,regular,,final,Stetson,Centenary (LA),283,367,91,88,,ASUN,ASUN,,,,,,
323855,1992-02-19,,1992,regular,,final,Chicago State,Western Illinois,50,349,70,86,,Indep.,Summit,,,,,,
323856,1992-02-19,,1992,regular,,final,Cincinnati,DePaul,51,65,69,71,,,,,,,,,
323857,1992-02-19,,1992,regular,,final,Hawai'i,Colorado State,108,57,79,65,,UAC,UAC,,,,,,
323858,1992-02-19,,1992,regular,,final,Duke,Maryland,72,160,91,89,,ACC,ACC,,,,,,
323859,1992-02-19,,1992,regular,,final,Eastern Illinois,Wright State,77,357,79,70,,Summit,Summit,,,,,,
323860,1992-02-19,,1992,regular,,final,Eastern Washington,Nevada,80,189,60,72,,Big Sky,Big Sky,,,,,,
323861,1992-02-19,,1992,regular,,final,Fairleigh Dickinson,Long Island University,84,146,95,77,,NEC,NEC,,,,,,
323862,1992-02-19,,1992,regular,,final,Florida International,SE Louisiana,89,246,84,68,,ASUN,ASUN,,,,,,
323863,1992-02-19,,1992,regular,,final,San José State,Fresno State,260,92,71,74,,Big West,Big West,,,,,,
323864,1992-02-19,,1992,regular,,final,Long Beach State,Cal State Fullerton,145,37,85,71,,Big West,Big West,,,,,,
323865,1992-02-19,,1992,regular,,final,Saint Joseph's,George Washington,251,96,79,72,,A-10,A-10,,,,,,
323866,1992-02-19,,1992,regular,,final,Gonzaga,San Diego,102,258,58,50,,WCC,WCC,,,,,,
323867,1992-02-19,,1992,regular,,final,Weber State,Idaho,345,117,62,59,,Big Sky,Big Sky,,,,,,
323868,1992-02-19,,1992,regular,,final,Wisconsin,Illinois,355,118,92,78,,Big Ten,Big Ten,,,,,,
323869,1992-02-19,,1992,regular,,final,Illinois State,Northern Iowa,119,209,72,60,,MVC,MVC,,,,,,
323870,1992-02-19,,1992,regular,,final,Penn State,Lafayette,226,138,77,59,,Indep.,Patriot,,,,,,
323871,1992-02-19,,1992,regular,,final,Liberty,Morehead State,142,181,98,78,,Big South,OVC,,,,,,
323872,1992-02-19,,1992,regular,,final,Louisiana Tech,Louisiana,149,148,69,62,,Sun Belt,Sun Belt,,,,,,
323873,1992-02-19,,1992,regular,,final,McNeese,UT Arlington,162,324,88,103,,Southland,Southland,,,,,,
323874,1992-02-19,,1992,regular,,final,Saint Louis,Memphis,252,163,73,75,,,,,,,,,
323875,1992-02-19,,1992,regular,,final,Rider,Monmouth,243,178,58,71,,,NEC,,,,,,
323876,1992-02-19,,1992,regular,,final,Marist,St. Francis Brooklyn,156,364,66,69,,NEC,NEC,,,,,,
323877,1992-02-19,,1992,regular,,final,Robert Morris,Mount St. Mary's,244,183,98,91,,NEC,NEC,,,,,,
323878,1992-02-19,,1992,regular,,final,Charlotte,Southern Miss,48,275,77,61,,,,,,,,,
323879,1992-02-19,,1992,regular,,final,UL Monroe,Sam Houston,316,255,75,84,,Southland,Southland,,,,,,
323880,1992-02-19,,1992,regular,,final,Nicholls,North Texas,195,204,83,85,,Southland,Southland,,,,,,
323881,1992-02-19,,1992,regular,,final,Northwestern,Purdue,212,236,68,84,,Big Ten,Big Ten,,,,,,
323882,1992-02-19,,1992,regular,,final,Northwestern State,Stephen F. Austin,211,282,89,83,,Southland,Southland,,,,,,
323883,1992-02-19,,1992,regular,,final,Washington,Oregon,343,223,71,55,,Pac-12,Pac-12,,,,,,
323884,1992-02-19,,1992,regular,,final,Washington State,Oregon State,344,224,87,84,,Pac-12,Pac-12,,,,,,
323885,1992-02-19,,1992,regular,,final,Pacific,Utah State,225,329,86,64,,Big West,Big West,,,,,,
323886,1992-02-19,,1992,regular,,final,Portland,Santa Clara,230,261,61,74,,WCC,WCC,,,,,,
323887,1992-02-19,,1992,regular,,final,UCLA,Stanford,313,281,96,70,,Pac-12,Pac-12,,,,,,
323888,1992-02-19,,1992,regular,,final,Wichita State,Tulsa,352,304,60,74,,MVC,MVC,,,,,,
323889,1992-02-19,,1992,regular,,final,UC Santa Barbara,UC Irvine,311,308,80,74,,Big West,Big West,,,,,,
323890,1992-02-19,,1992,regular,,final,UTEP,Wyoming,327,358,74,72,,UAC,UAC,,,,,,
323891,1992-02-19,,1992,regular,,final,VCU,Virginia Tech,333,340,63,60,,,,,,,,,
323892,1992-02-20,,1992,regular,,final,Columbia,Brown,58,30,81,69,,Ivy,Ivy,,,,,,
323893,1992-02-20,,1992,regular,,final,Cornell,Yale,60,360,67,59,,Ivy,Ivy,,,,,,
323894,1992-02-20,,1992,regular,,final,Princeton,Dartmouth,234,62,48,36,,Ivy,Ivy,,,,,,
323895,1992-02-20,,1992,regular,,final,La Salle,Fairfield,137,83,69,50,,Metro,Metro,,,,,,
323896,1992-02-20,,1992,regular,,final,Penn State (Beaver),Harvard,1353,107,74,62,,,Ivy,,,,,,
323897,1992-02-20,,1992,regular,,final,Loyola Maryland,Niagara,152,194,68,45,,Metro,Metro,,,,,,
323898,1992-02-21,,1992,regular,,final,Hawai'i,Air Force,108,2,76,67,,UAC,UAC,,,,,,
323899,1992-02-21,,1992,regular,,final,Akron,Valparaiso,3,335,64,60,,Summit,Summit,,,,,,
323900,1992-02-21,,1992,regular,,final,Arkansas,Alabama,12,5,90,87,,SEC,SEC,,,,,,
323901,1992-02-21,,1992,regular,,final,Memphis,UAB,163,305,63,58,,,,,,,,,
323902,1992-02-21,,1992,regular,,final,Southern,Alcorn State,274,7,82,84,,SWAC,SWAC,,,,,,
323903,1992-02-21,,1992,regular,,final,Alabama State,Jackson State,6,126,79,84,,SWAC,SWAC,,,,,,
323904,1992-02-21,,1992,regular,,final,American University,James Madison,8,129,65,85,,CAA,CAA,,,,,,
323905,1992-02-21,,1992,regular,,final,App State,VMI,9,334,88,65,,SoCon,SoCon,,,,,,
323906,1992-02-21,,1992,regular,,final,Army,Fordham,15,91,67,81,,Patriot,Patriot,,,,,,
323907,1992-02-21,,1992,regular,,final,Arkansas State,Louisiana Tech,13,149,59,55,,Sun Belt,Sun Belt,,,,,,
323908,1992-02-21,,1992,regular,,final,Arizona State,Louisville,10,150,62,63,,Pac-12,,,,,,,
323909,1992-02-21,,1992,regular,,final,LSU,Auburn,136,16,99,82,,SEC,SEC,,,,,,
323910,1992-02-21,,1992,regular,,final,Austin Peay,Middle Tennessee,17,171,75,73,,OVC,OVC,,,,,,
323911,1992-02-21,,1992,regular,,final,Ball State,Central Michigan,19,45,75,55,,MAC,MAC,,,,,,
323912,1992-02-21,,1992,regular,,final,Baylor,TCU,20,287,63,73,,,,,,,,,
323913,1992-02-21,,1992,regular,,final,Florida A&M,Bethune-Cookman,85,23,94,81,,MEAC,MEAC,,,,,,
323914,1992-02-21,,1992,regular,,final,Kent State,Bowling Green,134,28,56,61,,MAC,MAC,,,,,,
323915,1992-02-21,,1992,regular,,final,Boston College,Miami,26,168,55,49,,Big East,Big East,,,,,,
323916,1992-02-21,,1992,regular,,final,Weber State,Boise State,345,25,62,60,,Big Sky,Big Sky,,,,,,
323917,1992-02-21,,1992,regular,,final,Boston University,Delaware,27,66,53,89,,Am. East,Am. East,,,,,,
323918,1992-02-21,,1992,regular,,final,Bradley,Drake,29,70,62,70,,MVC,MVC,,,,,,
323919,1992-02-21,,1992,regular,,final,Cornell,Brown,60,30,96,78,,Ivy,Ivy,,,,,,
323920,1992-02-21,,1992,regular,,final,Lehigh,Bucknell,141,32,94,95,,Patriot,Patriot,,,,,,
323921,1992-02-21,,1992,regular,,final,Wright State,Buffalo,357,33,88,71,,Summit,Indep.,,,,,,
323922,1992-02-21,,1992,regular,,final,Butler,Dayton,34,64,78,73,,Horizon,Horizon,,,,,,
323923,1992-02-21,,1992,regular,,final,New Mexico,BYU,191,18,95,84,,UAC,UAC,,,,,,
323924,1992-02-21,,1992,regular,,final,Charleston Southern,Campbell,47,41,58,86,,Big South,Big South,,,,,,
323925,1992-02-21,,1992,regular,,final,Sacramento State,Southern Utah,249,276,73,79,,Indep.,Indep.,,,,,,
323926,1992-02-21,,1992,regular,,final,Winthrop,Coastal Carolina,354,54,44,48,,Big South,Big South,,,,,,
323927,1992-02-21,,1992,regular,,final,Central Connecticut,UMBC,44,317,66,81,,Indep.,,,,,,,
323928,1992-02-21,,1992,regular,,final,Florida International,Centenary (LA),89,367,85,69,,ASUN,ASUN,,,,,,
323929,1992-02-21,,1992,regular,,final,South Alabama,Cincinnati,265,51,78,104,,Sun Belt,,,,,,,
323930,1992-02-21,,1992,regular,,final,The Citadel,Western Carolina,299,348,69,89,,SoCon,SoCon,,,,,,
323931,1992-02-21,,1992,regular,,final,Clemson,Maryland,52,160,82,70,,ACC,ACC,,,,,,
323932,1992-02-21,,1992,regular,,final,Holy Cross,Colgate,111,55,99,71,,Patriot,Patriot,,,,,,
323933,1992-02-21,,1992,regular,,final,Columbia,Yale,58,360,64,60,,Ivy,Ivy,,,,,,
323934,1992-02-21,,1992,regular,,final,Cleveland State,UIC,53,315,67,72,,Summit,Summit,,,,,,
323935,1992-02-21,,1992,regular,,final,Cal State Northridge,Northeastern Illinois,38,390,72,66,,Indep.,Indep.,,,,,,
323936,1992-02-21,,1992,regular,,final,Oklahoma,Colorado,217,56,99,83,,,,,,,,,
323937,1992-02-21,,1992,regular,,final,UConn,Providence,314,235,94,73,,Big East,Big East,,,,,,
323938,1992-02-21,,1992,regular,,final,Maryland Eastern Shore,Coppin State,159,59,63,80,,MEAC,MEAC,,,,,,
323939,1992-02-21,,1992,regular,,final,Creighton,Wichita State,61,352,62,64,,MVC,MVC,,,,,,
323940,1992-02-21,,1992,regular,,final,San Diego State,Colorado State,257,57,66,74,,UAC,UAC,,,,,,
323941,1992-02-21,,1992,regular,,final,Penn State (Beaver),Dartmouth,1353,62,76,63,,,Ivy,,,,,,
323942,1992-02-21,,1992,regular,,final,Radford,Davidson,239,63,89,75,,Big South,Big South,,,,,,
323943,1992-02-21,,1992,regular,,final,Loyola Chicago,Detroit Mercy,151,69,74,70,,Horizon,Horizon,,,,,,
323944,1992-02-21,,1992,regular,,final,Northeastern,Drexel,205,71,53,79,,Am. East,Am. East,,,,,,
323945,1992-02-21,,1992,regular,,final,Duquesne,Rutgers,73,245,82,79,,A-10,A-10,,,,,,
323946,1992-02-21,,1992,regular,,final,Old Dominion,East Carolina,219,74,89,83,,CAA,CAA,,,,,,
323947,1992-02-21,,1992,regular,,final,Northern Illinois,Eastern Illinois,208,77,61,65,,Summit,Summit,,,,,,
323948,1992-02-21,,1992,regular,,final,Tennessee State,Eastern Kentucky,290,78,64,83,,OVC,OVC,,,,,,
323949,1992-02-21,,1992,regular,,final,Toledo,Eastern Michigan,300,79,64,69,,MAC,MAC,,,,,,
323950,1992-02-21,,1992,regular,,final,East Tennessee State,Marshall,75,158,99,80,,SoCon,SoCon,,,,,,
323951,1992-02-21,,1992,regular,,final,Evansville,Xavier,82,359,82,73,,Horizon,Horizon,,,,,,
323952,1992-02-21,,1992,regular,,final,Fairleigh Dickinson,St. Francis Brooklyn,84,364,77,85,,NEC,NEC,,,,,,
323953,1992-02-21,,1992,regular,,final,South Carolina,Florida,266,87,48,50,,SEC,SEC,,,,,,
323954,1992-02-21,,1992,regular,,final,Pacific,Fresno State,225,92,77,70,,Big West,Big West,,,,,,
323955,1992-02-21,,1992,regular,,final,UC Santa Barbara,Cal State Fullerton,311,37,68,58,,Big West,Big West,,,,,,
323956,1992-02-21,,1992,regular,,final,Furman,Chattanooga,93,49,75,80,,SoCon,SoCon,,,,,,
323957,1992-02-21,,1992,regular,,final,Richmond,George Mason,242,95,83,50,,CAA,CAA,,,,,,
323958,1992-02-21,,1992,regular,,final,Samford,Georgia State,256,100,52,72,,ASUN,ASUN,,,,,,
323959,1992-02-21,,1992,regular,,final,Virginia,Georgia Tech,339,101,49,52,,ACC,ACC,,,,,,
323960,1992-02-21,,1992,regular,,final,Gonzaga,Santa Clara,102,261,58,61,,WCC,WCC,,,,,,
323961,1992-02-21,,1992,regular,,final,Grambling,Mississippi Valley State,103,175,81,93,,SWAC,SWAC,,,,,,
323962,1992-02-21,,1992,regular,,final,Georgia Southern,Mercer,99,164,81,74,,ASUN,ASUN,,,,,,
323963,1992-02-21,,1992,regular,,final,Princeton,Harvard,234,107,87,50,,Ivy,Ivy,,,,,,
323964,1992-02-21,,1992,regular,,final,Hofstra,Towson,110,301,89,87,,,,,,,,,
323965,1992-02-21,,1992,regular,,final,Howard,Morgan State,114,182,82,64,,MEAC,MEAC,,,,,,
323966,1992-02-21,,1992,regular,,final,New Hampshire,Hartford,190,363,71,83,,Am. East,Am. East,,,,,,
323967,1992-02-21,,1992,regular,,final,Idaho State,Idaho,116,117,74,86,,Big Sky,Big Sky,,,,,,
323968,1992-02-21,,1992,regular,,final,Illinois State,Indiana State,119,122,44,43,,MVC,MVC,,,,,,
323969,1992-02-21,,1992,regular,,final,Siena,Iona,264,123,71,64,,Metro,Metro,,,,,,
323970,1992-02-21,,1992,regular,,final,Iowa State,Nebraska,125,188,70,80,,,MVC,,,,,,
323971,1992-02-21,,1992,regular,,final,Texas Pan American,Jacksonville,1535,127,73,74,,,Sun Belt,,,,,,
323972,1992-02-21,,1992,regular,,final,Kansas State,Kansas,132,131,52,54,,,,,,,,,
323973,1992-02-21,,1992,regular,,final,Lafayette,Navy,138,187,77,67,,Patriot,Patriot,,,,,,
323974,1992-02-21,,1992,regular,,final,Western Kentucky,Lamar,350,139,103,88,,Sun Belt,Sun Belt,,,,,,
323975,1992-02-21,,1992,regular,,final,Marist,Long Island University,156,146,65,72,,NEC,NEC,,,,,,
323976,1992-02-21,,1992,regular,,final,Loyola Marymount,Pepperdine,153,228,89,103,,WCC,WCC,,,,,,
323977,1992-02-21,,1992,regular,,final,Maine-Farmington,Milwaukee,1078,172,61,59,,,Indep.,,,,,,
323978,1992-02-21,,1992,regular,,final,Manhattan,Saint Peter's,155,254,73,48,,Metro,Metro,,,,,,
323979,1992-02-21,,1992,regular,,final,Massachusetts,St. Bonaventure,161,277,104,67,,A-10,A-10,,,,,,
323980,1992-02-21,,1992,regular,,final,McNeese,North Texas,162,204,93,97,,Southland,Southland,,,,,,
323981,1992-02-21,,1992,regular,,final,Northwestern,Michigan,212,170,63,76,,Big Ten,Big Ten,,,,,,
323982,1992-02-21,,1992,regular,,final,Ole Miss,Mississippi State,220,174,86,78,,SEC,SEC,,,,,,
323983,1992-02-21,,1992,regular,,final,Kansas City,Texas A&M,130,293,63,46,,Indep.,,,,,,,
323984,1992-02-21,,1992,regular,,final,Miami (OH),Ohio,167,215,72,64,,MAC,MAC,,,,,,
323985,1992-02-21,,1992,regular,,final,Monmouth,Wagner,178,341,66,61,,NEC,NEC,,,,,,
323986,1992-02-21,,1992,regular,,final,Montana State,Montana,180,179,72,77,,Big Sky,Big Sky,,,,,,
323987,1992-02-21,,1992,regular,,final,Tennessee Tech,Morehead State,291,181,100,89,,OVC,OVC,,,,,,
323988,1992-02-21,,1992,regular,,final,Marquette,Saint Louis,157,252,71,48,,,,,,,,,
323989,1992-02-21,,1992,regular,,final,St. Francis (PA),Mount St. Mary's,278,183,88,77,,NEC,NEC,,,,,,
323990,1992-02-21,,1992,regular,,final,Michigan State,Purdue,169,236,70,68,,Big Ten,Big Ten,,,,,,
323991,1992-02-21,,1992,regular,,final,Southeast Missouri State,Murray State,272,184,80,75,,OVC,OVC,,,,,,
323992,1992-02-21,,1992,regular,,final,VCU,Charlotte,333,48,69,66,,,,,,,,,
323993,1992-02-21,,1992,regular,,final,North Carolina A&T,South Carolina State,198,267,78,77,,MEAC,MEAC,,,,,,
323994,1992-02-21,,1992,regular,,final,William & Mary,UNC Wilmington,353,321,64,94,,CAA,CAA,,,,,,
323995,1992-02-21,,1992,regular,,final,UL Monroe,Stephen F. Austin,316,282,74,66,,Southland,Southland,,,,,,
323996,1992-02-21,,1992,regular,,final,New Orleans,Louisiana,193,148,60,70,,Sun Belt,Sun Belt,,,,,,
323997,1992-02-21,,1992,regular,,final,Nicholls,UT Arlington,195,324,65,66,,Southland,Southland,,,,,,
323998,1992-02-21,,1992,regular,,final,Northern Iowa,Missouri State,209,176,47,58,,MVC,MVC,,,,,,
323999,1992-02-21,,1992,regular,,final,Notre Dame,UCLA,213,313,84,71,,Indep.,Pac-12,,,,,,
324000,1992-02-21,,1992,regular,,final,Northwestern State,Sam Houston,211,255,83,81,,Southland,Southland,,,,,,
324001,1992-02-21,,1992,regular,,final,Washington State,Oregon,344,223,97,82,,Pac-12,Pac-12,,,,,,
324002,1992-02-21,,1992,regular,,final,St. John's,Pittsburgh,279,229,71,65,,Big East,Big East,,,,,,
324003,1992-02-21,,1992,regular,,final,Portland,San Diego,230,258,76,79,,WCC,WCC,,,,,,
324004,1992-02-21,,1992,regular,,final,Texas Southern,Prairie View A&M,296,232,108,86,,SWAC,SWAC,,,,,,
324005,1992-02-21,,1992,regular,,final,Saint Joseph's,Rhode Island,251,240,88,85,,A-10,A-10,,,,,,
324006,1992-02-21,,1992,regular,,final,Rice,Texas Tech,241,298,98,105,,,,,,,,,
324007,1992-02-21,,1992,regular,,final,Stetson,SE Louisiana,283,246,80,75,,ASUN,ASUN,,,,,,
324008,1992-02-21,,1992,regular,,final,Villanova,Seton Hall,338,263,74,59,,Big East,Big East,,,,,,
324009,1992-02-21,,1992,regular,,final,Virginia Tech,South Florida,340,271,62,75,,,,,,,,,
324010,1992-02-21,,1992,regular,,final,Southern Illinois,Tulsa,273,304,74,68,,MVC,MVC,,,,,,
324011,1992-02-21,,1992,regular,,final,San José State,Utah State,260,329,79,84,,Big West,Big West,,,,,,
324012,1992-02-21,,1992,regular,,final,SMU,Texas,248,295,86,88,,,,,,,,,
324013,1992-02-21,,1992,regular,,final,Saint Mary's,San Francisco,253,259,75,78,,WCC,WCC,,,,,,
324014,1992-02-21,,1992,regular,,final,Texas A&M-San Antonio,Texas State,583,297,82,66,,,Southland,,,,,,
324015,1992-02-21,,1992,regular,,final,Vanderbilt,Tennessee,336,292,89,84,,SEC,SEC,,,,,,
324016,1992-02-21,,1992,regular,,final,Long Beach State,UC Irvine,145,308,89,72,,Big West,Big West,,,,,,
324017,1992-02-21,,1992,regular,,final,North Carolina,NC State,200,185,94,99,,ACC,ACC,,,,,,
324018,1992-02-21,,1992,regular,,final,UNLV,New Mexico State,322,192,69,58,,Big West,Big West,,,,,,
324019,1992-02-21,,1992,regular,,final,USC,Stanford,323,281,73,72,,Pac-12,Pac-12,,,,,,
324020,1992-02-21,,1992,regular,,final,Utah,Wyoming,331,358,57,70,,UAC,UAC,,,,,,
324021,1992-02-21,,1992,regular,,final,Green Bay,Western Illinois,105,349,82,47,,Summit,Summit,,,,,,
324023,1992-02-22,,1992,regular,,final,Boston University,Drexel,27,71,71,77,,Am. East,Am. East,,,,,,
324024,1992-02-22,,1992,regular,,final,Northeastern,Delaware,205,66,64,74,,Am. East,Am. East,,,,,,
324026,1992-02-22,,1992,regular,,final,Duke,Wake Forest,72,342,68,72,,ACC,ACC,,,,,,
324027,1992-02-22,,1992,regular,,final,Loyola Maryland,Fairfield,152,83,74,58,,Metro,Metro,,,,,,
324028,1992-02-22,,1992,regular,,final,Georgia,Kentucky,98,135,73,84,,SEC,SEC,,,,,,
324029,1992-02-22,,1992,regular,,final,George Washington,West Virginia,96,347,85,78,,A-10,A-10,,,,,,
324030,1992-02-22,,1992,regular,,final,Syracuse,Georgetown,286,97,68,72,,Big East,Big East,,,,,,
324031,1992-02-22,,1992,regular,,final,Illinois,Iowa,118,124,77,72,,Big Ten,Big Ten,,,,,,
324032,1992-02-22,,1992,regular,,final,Ohio State,Indiana,216,121,80,86,,Big Ten,Big Ten,,,,,,
324033,1992-02-22,,1992,regular,,final,La Salle,Niagara,137,194,90,68,,Metro,Metro,,,,,,
324034,1992-02-22,,1992,regular,,final,Missouri,Oklahoma State,177,218,66,52,,,,,,,,,
324035,1992-02-22,,1992,regular,,final,Washington,Oregon State,343,224,67,77,,Pac-12,Pac-12,,,,,,
324036,1992-02-23,,1992,regular,,final,Akron,UIC,3,315,68,64,,Summit,Summit,,,,,,
324037,1992-02-23,,1992,regular,,final,App State,Marshall,9,158,68,61,,SoCon,SoCon,,,,,,
324038,1992-02-23,,1992,regular,,final,Hofstra,Army,110,15,56,42,,,Patriot,,,,,,
324039,1992-02-23,,1992,regular,,final,Austin Peay,Murray State,17,184,75,105,,OVC,OVC,,,,,,
324040,1992-02-23,,1992,regular,,final,UMBC,Brooklyn,317,414,77,70,,,,,,,,,
324041,1992-02-23,,1992,regular,,final,Toledo,Buffalo,300,33,73,57,,MAC,Indep.,,,,,,
324042,1992-02-23,,1992,regular,,final,South Alabama,UCF,265,312,93,78,,Sun Belt,Sun Belt,,,,,,
324043,1992-02-23,,1992,regular,,final,Kansas City,Chicago State,130,50,107,57,,Indep.,Indep.,,,,,,
324044,1992-02-23,,1992,regular,,final,The Citadel,Chattanooga,299,49,80,83,,SoCon,SoCon,,,,,,
324045,1992-02-23,,1992,regular,,final,Colgate,Cornell,55,60,91,85,,Patriot,Ivy,,,,,,
324046,1992-02-23,,1992,regular,,final,Cleveland State,Valparaiso,53,335,77,62,,Summit,Summit,,,,,,
324047,1992-02-23,,1992,regular,,final,Northern Iowa,Creighton,209,61,76,56,,MVC,MVC,,,,,,
324048,1992-02-23,,1992,regular,,final,UC Santa Barbara,New Mexico State,311,192,64,59,,Big West,Big West,,,,,,
324049,1992-02-23,,1992,regular,,final,Coastal Carolina,Charleston Southern,54,47,59,70,,Big South,Big South,,,,,,
324050,1992-02-23,,1992,regular,,final,Davidson,UNC Asheville,63,319,76,68,,Big South,Big South,,,,,,
324051,1992-02-23,,1992,regular,,final,Drake,Southern Illinois,70,273,69,73,,MVC,MVC,,,,,,
324052,1992-02-23,,1992,regular,,final,Green Bay,Eastern Illinois,105,77,67,52,,Summit,Summit,,,,,,
324053,1992-02-23,,1992,regular,,final,Tennessee Tech,Eastern Kentucky,291,78,90,79,,OVC,OVC,,,,,,
324054,1992-02-23,,1992,regular,,final,Eastern Michigan,Evansville,79,82,75,81,,MAC,Horizon,,,,,,
324055,1992-02-23,,1992,regular,,final,East Tennessee State,VMI,75,334,92,84,,SoCon,SoCon,,,,,,
324056,1992-02-23,,1992,regular,,final,Grambling,Northwestern State,103,211,102,86,,SWAC,Southland,,,,,,
324057,1992-02-23,,1992,regular,,final,Indiana State,Tulsa,122,304,74,60,,MVC,MVC,,,,,,
324058,1992-02-23,,1992,regular,,final,Kansas,Oklahoma,131,217,84,65,,,,,,,,,
324059,1992-02-23,,1992,regular,,final,Lamar,Texas Pan American,139,1535,102,82,,Sun Belt,,,,,,,
324060,1992-02-23,,1992,regular,,final,Liberty,Virginia Tech,142,340,70,73,,Big South,,,,,,,
324061,1992-02-23,,1992,regular,,final,Southern Miss,McNeese,275,162,92,63,,,Southland,,,,,,
324062,1992-02-23,,1992,regular,,final,Southeast Missouri State,Middle Tennessee,272,171,76,87,,OVC,OVC,,,,,,
324063,1992-02-23,,1992,regular,,final,Tennessee State,Morehead State,290,181,76,81,,OVC,OVC,,,,,,
324064,1992-02-23,,1992,regular,,final,Charlotte,Tennessee,48,292,72,65,,,SEC,,,,,,
324065,1992-02-23,,1992,regular,,final,Wright State,Northern Illinois,357,208,78,73,,Summit,Summit,,,,,,
324066,1992-02-23,,1992,regular,,final,Penn State,Old Dominion,226,219,71,51,,Indep.,CAA,,,,,,
324067,1992-02-23,,1992,regular,,final,Providence,St. John's,235,279,68,72,,Big East,Big East,,,,,,
324068,1992-02-23,,1992,regular,,final,Winthrop,Radford,354,239,66,80,,Big South,Big South,,,,,,
324069,1992-02-23,,1992,regular,,final,Tulane,South Florida,303,271,76,81,,,,,,,,,
324070,1992-02-23,,1992,regular,,final,UTEP,Southern Utah,327,276,65,57,,UAC,Indep.,,,,,,
324071,1992-02-24,,1992,regular,,final,Syracuse,Boston College,286,26,76,70,,Big East,Big East,,,,,,
324072,1992-02-24,,1992,regular,,final,Bradley,Illinois State,29,119,60,64,,MVC,MVC,,,,,,
324073,1992-02-24,,1992,regular,,final,Pittsburgh,UConn,229,314,86,77,,Big East,Big East,,,,,,
324074,1992-02-24,,1992,regular,,final,Dayton,Notre Dame,64,213,60,58,,Horizon,Indep.,,,,,,
324075,1992-02-24,,1992,regular,,final,Delaware State,Maryland Eastern Shore,67,159,90,65,,MEAC,MEAC,,,,,,
324076,1992-02-24,,1992,regular,,final,St. Bonaventure,Duquesne,277,73,60,59,,A-10,A-10,,,,,,
324077,1992-02-24,,1992,regular,,final,North Carolina A&T,Florida A&M,198,85,80,78,,MEAC,MEAC,,,,,,
324078,1992-02-24,,1992,regular,,final,Monmouth,Fairleigh Dickinson,178,84,80,67,,NEC,NEC,,,,,,
324079,1992-02-24,,1992,regular,,final,Furman,Western Carolina,93,348,94,73,,SoCon,SoCon,,,,,,
324080,1992-02-24,,1992,regular,,final,Minnesota,Iowa,173,124,64,79,,Big Ten,Big Ten,,,,,,
324081,1992-02-24,,1992,regular,,final,Maryland,UNC Greensboro,160,320,84,55,,ACC,Indep.,,,,,,
324082,1992-02-24,,1992,regular,,final,Memphis,VCU,163,333,85,58,,,,,,,,,
324083,1992-02-24,,1992,regular,,final,Miami,Villanova,168,338,50,61,,Big East,Big East,,,,,,
324084,1992-02-24,,1992,regular,,final,Oklahoma State,Nebraska,218,188,72,51,,,MVC,,,,,,
324085,1992-02-24,,1992,regular,,final,Rutgers,Rhode Island,245,240,76,67,,A-10,A-10,,,,,,
324086,1992-02-25,,1992,regular,,final,Alabama,Mississippi State,5,174,79,69,,SEC,SEC,,,,,,
324087,1992-02-25,,1992,regular,,final,American University,Richmond,8,242,65,85,,CAA,CAA,,,,,,
324088,1992-02-25,,1992,regular,,final,Auburn,Arkansas,16,12,74,82,,SEC,SEC,,,,,,
324089,1992-02-25,,1992,regular,,final,Bowling Green,Ball State,28,19,65,54,,MAC,MAC,,,,,,
324090,1992-02-25,,1992,regular,,final,Baylor,SMU,20,248,79,62,,,,,,,,,
324091,1992-02-25,,1992,regular,,final,Drexel,Bucknell,71,32,92,81,,Am. East,Patriot,,,,,,
324092,1992-02-25,,1992,regular,,final,Buffalo,Detroit Mercy,33,69,48,92,,Indep.,Horizon,,,,,,
324093,1992-02-25,,1992,regular,,final,Iona,Canisius,123,42,85,73,,Metro,Metro,,,,,,
324094,1992-02-25,,1992,regular,,final,Central Connecticut,Rider,44,243,60,79,,Indep.,,,,,,,
324095,1992-02-25,,1992,regular,,final,UCF,Texas Pan American,312,1535,73,72,,Sun Belt,,,,,,,
324096,1992-02-25,,1992,regular,,final,NC State,Clemson,185,52,63,61,,ACC,ACC,,,,,,
324097,1992-02-25,,1992,regular,,final,Central Michigan,Miami (OH),45,167,76,89,,MAC,MAC,,,,,,
324098,1992-02-25,,1992,regular,,final,Colorado,Kansas State,56,132,66,74,,,,,,,,,
324099,1992-02-25,,1992,regular,,final,Davidson,Charleston Southern,63,47,77,65,,Big South,Big South,,,,,,
324100,1992-02-25,,1992,regular,,final,Duke,Virginia,72,339,76,67,,ACC,ACC,,,,,,
324101,1992-02-25,,1992,regular,,final,East Carolina,William & Mary,74,353,79,75,,CAA,CAA,,,,,,
324102,1992-02-25,,1992,regular,,final,Eastern Michigan,Kent State,79,134,67,65,,MAC,MAC,,,,,,
324103,1992-02-25,,1992,regular,,final,Tennessee,Florida,292,87,68,72,,SEC,SEC,,,,,,
324104,1992-02-25,,1992,regular,,final,Xavier,Fordham,359,91,80,78,,Horizon,Patriot,,,,,,
324105,1992-02-25,,1992,regular,,final,George Mason,James Madison,95,129,60,75,,CAA,CAA,,,,,,
324106,1992-02-25,,1992,regular,,final,Vanderbilt,Georgia,336,98,86,67,,SEC,SEC,,,,,,
324107,1992-02-25,,1992,regular,,final,Seton Hall,Georgetown,263,97,73,71,,Big East,Big East,,,,,,
324108,1992-02-25,,1992,regular,,final,Texas Tech,Houston,298,113,80,83,,,,,,,,,
324109,1992-02-25,,1992,regular,,final,Illinois,Northwestern,118,212,92,65,,Big Ten,Big Ten,,,,,,
324110,1992-02-25,,1992,regular,,final,Iowa State,Missouri,125,177,71,75,,,,,,,,,
324111,1992-02-25,,1992,regular,,final,Kentucky,South Carolina,135,266,74,56,,SEC,SEC,,,,,,
324112,1992-02-25,,1992,regular,,final,Lafayette,Lehigh,138,141,82,76,,Patriot,Patriot,,,,,,
324113,1992-02-25,,1992,regular,,final,LSU,Ole Miss,136,220,100,69,,SEC,SEC,,,,,,
324114,1992-02-25,,1992,regular,,final,Manhattan,Siena,155,264,80,68,,Metro,Metro,,,,,,
324115,1992-02-25,,1992,regular,,final,Wisconsin,Michigan,355,170,96,78,,Big Ten,Big Ten,,,,,,
324116,1992-02-25,,1992,regular,,final,Old Dominion,UNC Wilmington,219,321,69,68,,CAA,CAA,,,,,,
324117,1992-02-25,,1992,regular,,final,Ohio,Western Michigan,215,351,82,81,,MAC,MAC,,,,,,
324118,1992-02-25,,1992,regular,,final,Purdue,Ohio State,236,216,64,71,,Big Ten,Big Ten,,,,,,
324119,1992-02-25,,1992,regular,,final,Rice,Texas A&M,241,293,77,70,,,,,,,,,
324120,1992-02-25,,1992,regular,,final,Milwaukee,Southeast Missouri State,172,272,64,80,,Indep.,OVC,,,,,,
324121,1992-02-25,,1992,regular,,final,TCU,Saint Louis,287,252,88,69,,,,,,,,,
324122,1992-02-25,,1992,regular,,final,Missouri State,Wichita State,176,352,72,53,,MVC,MVC,,,,,,
324123,1992-02-25,,1992,regular,,final,Texas,Oral Roberts,295,222,128,108,,,Indep.,,,,,,
324124,1992-02-26,,1992,regular,,final,Akron,Cleveland State,3,53,58,81,,Summit,Summit,,,,,,
324125,1992-02-26,,1992,regular,,final,Oregon,Arizona,223,11,56,104,,Pac-12,Pac-12,,,,,,
324126,1992-02-26,,1992,regular,,final,Little Rock,Western Kentucky,144,350,82,78,,Sun Belt,Sun Belt,,,,,,
324127,1992-02-26,,1992,regular,,final,Oregon State,Arizona State,224,10,80,72,,Pac-12,Pac-12,,,,,,
324128,1992-02-26,,1992,regular,,final,Boise State,Montana,25,179,58,71,,Big Sky,Big Sky,,,,,,
324129,1992-02-26,,1992,regular,,final,Hartford,Boston University,363,27,55,64,,Am. East,Am. East,,,,,,
324130,1992-02-26,,1992,regular,,final,Brooklyn,Hofstra,414,110,56,92,,,,,,,,,
324131,1992-02-26,,1992,regular,,final,BYU,Hawai'i,18,108,81,64,,UAC,UAC,,,,,,
324132,1992-02-26,,1992,regular,,final,California,Washington State,40,344,72,79,,Pac-12,Pac-12,,,,,,
324133,1992-02-26,,1992,regular,,final,Coastal Carolina,Liberty,54,142,58,68,,Big South,Big South,,,,,,
324134,1992-02-26,,1992,regular,,final,Centenary (LA),Samford,367,256,71,58,,ASUN,ASUN,,,,,,
324135,1992-02-26,,1992,regular,,final,Northeastern Illinois,Chicago State,390,50,85,96,,Indep.,Indep.,,,,,,
324136,1992-02-26,,1992,regular,,final,Cincinnati,Marquette,51,157,70,59,,,,,,,,,
324137,1992-02-26,,1992,regular,,final,Illinois State,Creighton,119,61,79,62,,MVC,MVC,,,,,,
324138,1992-02-26,,1992,regular,,final,Colorado State,New Mexico,57,191,56,60,,UAC,UAC,,,,,,
324139,1992-02-26,,1992,regular,,final,Tulsa,Drake,304,70,85,82,,MVC,MVC,,,,,,
324140,1992-02-26,,1992,regular,,final,Howard,Delaware State,114,67,79,65,,MEAC,MEAC,,,,,,
324141,1992-02-26,,1992,regular,,final,Duquesne,Saint Joseph's,73,251,87,100,,A-10,A-10,,,,,,
324142,1992-02-26,,1992,regular,,final,Idaho State,Eastern Washington,116,80,89,85,,Big Sky,Big Sky,,,,,,
324143,1992-02-26,,1992,regular,,final,Mercer,Florida International,164,89,76,66,,ASUN,ASUN,,,,,,
324144,1992-02-26,,1992,regular,,final,Florida State,North Carolina,90,200,110,94,,ACC,ACC,,,,,,
324145,1992-02-26,,1992,regular,,final,Cal State Fullerton,Pacific,37,225,76,62,,Big West,Big West,,,,,,
324146,1992-02-26,,1992,regular,,final,SE Louisiana,Georgia State,246,100,78,77,,ASUN,ASUN,,,,,,
324147,1992-02-26,,1992,regular,,final,Georgia Tech,Wake Forest,101,342,80,61,,ACC,ACC,,,,,,
324148,1992-02-26,,1992,regular,,final,George Washington,St. Bonaventure,96,277,74,58,,A-10,A-10,,,,,,
324149,1992-02-26,,1992,regular,,final,Georgia Southern,Stetson,99,283,104,76,,ASUN,ASUN,,,,,,
324150,1992-02-26,,1992,regular,,final,Idaho,Montana State,117,180,66,63,,Big Sky,Big Sky,,,,,,
324151,1992-02-26,,1992,regular,,final,Jacksonville,South Alabama,127,265,102,85,,Sun Belt,Sun Belt,,,,,,
324152,1992-02-26,,1992,regular,,final,Long Island University,St. Francis (PA),146,278,94,74,,NEC,NEC,,,,,,
324153,1992-02-26,,1992,regular,,final,Notre Dame,Loyola Chicago,213,151,75,72,,Indep.,Horizon,,,,,,
324154,1992-02-26,,1992,regular,,final,New Orleans,Louisiana Tech,193,149,54,53,,Sun Belt,Sun Belt,,,,,,
324155,1992-02-26,,1992,regular,,final,Tulane,Louisville,303,150,72,87,,,,,,,,,
324156,1992-02-26,,1992,regular,,final,West Virginia,Massachusetts,347,161,69,74,,A-10,A-10,,,,,,
324157,1992-02-26,,1992,regular,,final,Louisiana,McNeese,148,162,97,83,,Sun Belt,Southland,,,,,,
324158,1992-02-26,,1992,regular,,final,Wagner,Marist,341,156,82,80,,NEC,NEC,,,,,,
324159,1992-02-26,,1992,regular,,final,Niagara,Saint Peter's,194,254,83,55,,Metro,Metro,,,,,,
324160,1992-02-26,,1992,regular,,final,Vermont,Northeastern,337,205,77,67,,Am. East,Am. East,,,,,,
324161,1992-02-26,,1992,regular,,final,North Texas,UL Monroe,204,316,81,95,,Southland,Southland,,,,,,
324162,1992-02-26,,1992,regular,,final,UT Arlington,Northwestern State,324,211,97,82,,Southland,Southland,,,,,,
324163,1992-02-26,,1992,regular,,final,Rhode Island,Temple,240,289,62,69,,A-10,A-10,,,,,,
324164,1992-02-26,,1992,regular,,final,St. Francis Brooklyn,Robert Morris,364,244,84,68,,NEC,NEC,,,,,,
324165,1992-02-26,,1992,regular,,final,Sam Houston,Texas A&M-San Antonio,255,583,63,76,,Southland,,,,,,,
324166,1992-02-26,,1992,regular,,final,San Diego,San Francisco,258,259,81,74,,WCC,WCC,,,,,,
324167,1992-02-26,,1992,regular,,final,Utah,San Diego State,331,257,84,70,,UAC,UAC,,,,,,
324168,1992-02-26,,1992,regular,,final,Stanford,Washington,281,343,78,66,,Pac-12,Pac-12,,,,,,
324169,1992-02-26,,1992,regular,,final,Santa Clara,Saint Mary's,261,253,79,60,,WCC,WCC,,,,,,
324170,1992-02-26,,1992,regular,,final,Stephen F. Austin,Texas State,282,297,61,59,,Southland,Southland,,,,,,
324171,1992-02-26,,1992,regular,,final,UC Irvine,San José State,308,260,78,65,,Big West,Big West,,,,,,
324172,1992-02-26,,1992,regular,,final,USC,UCLA,323,313,83,79,,Pac-12,Pac-12,,,,,,
324173,1992-02-26,,1992,regular,,final,Wyoming,UTEP,358,327,72,73,,UAC,UAC,,,,,,
324174,1992-02-27,,1992,regular,,final,App State,East Tennessee State,9,75,63,70,,SoCon,SoCon,,,,,,
324175,1992-02-27,,1992,regular,,final,Penn State (Beaver),Brown,1353,30,65,46,,,Ivy,,,,,,
324176,1992-02-27,,1992,regular,,final,Dartmouth,Columbia,62,58,59,76,,Ivy,Ivy,,,,,,
324177,1992-02-27,,1992,regular,,final,Harvard,Cornell,107,60,74,62,,Ivy,Ivy,,,,,,
324178,1992-02-27,,1992,regular,,final,Delaware,Maine-Farmington,66,1078,82,75,,Am. East,,,,,,,
324179,1992-02-27,,1992,regular,,final,Drexel,New Hampshire,71,190,71,51,,Am. East,Am. East,,,,,,
324180,1992-02-27,,1992,regular,,final,Loyola Marymount,Gonzaga,153,102,95,92,,WCC,WCC,,,,,,
324181,1992-02-27,,1992,regular,,final,La Salle,Manhattan,137,155,90,67,,Metro,Metro,,,,,,
324182,1992-02-27,,1992,regular,,final,Pepperdine,Portland,228,230,79,56,,WCC,WCC,,,,,,
324183,1992-02-27,,1992,regular,,final,Princeton,Yale,234,360,46,47,,Ivy,Ivy,,,,,,
324184,1992-02-28,,1992,regular,,final,Air Force,New Mexico,2,191,55,70,,UAC,UAC,,,,,,
324185,1992-02-28,,1992,regular,,final,Alabama,LSU,5,136,65,73,,SEC,SEC,,,,,,
324186,1992-02-28,,1992,regular,,final,UAB,Cincinnati,305,51,58,63,,,,,,,,,
324187,1992-02-28,,1992,regular,,final,George Mason,American University,95,8,66,72,,CAA,CAA,,,,,,
324188,1992-02-28,,1992,regular,,final,Mississippi State,Arkansas,174,12,76,84,,SEC,SEC,,,,,,
324189,1992-02-28,,1992,regular,,final,Jacksonville,Little Rock,127,144,67,71,,Sun Belt,Sun Belt,,,,,,
324190,1992-02-28,,1992,regular,,final,Colgate,Army,55,15,58,52,,Patriot,Patriot,,,,,,
324191,1992-02-28,,1992,regular,,final,Louisiana Tech,Arkansas State,149,13,73,60,,Sun Belt,Sun Belt,,,,,,
324192,1992-02-28,,1992,regular,,final,Auburn,Ole Miss,16,220,110,84,,SEC,SEC,,,,,,
324193,1992-02-28,,1992,regular,,final,Austin Peay,Eastern Kentucky,17,78,69,87,,OVC,OVC,,,,,,
324194,1992-02-28,,1992,regular,,final,Ball State,Eastern Michigan,19,79,61,54,,MAC,MAC,,,,,,
324195,1992-02-28,,1992,regular,,final,Texas,Baylor,295,20,97,67,,,,,,,,,
324196,1992-02-28,,1992,regular,,final,South Carolina State,Bethune-Cookman,267,23,91,74,,MEAC,MEAC,,,,,,
324197,1992-02-28,,1992,regular,,final,Miami (OH),Bowling Green,167,28,67,39,,MAC,MAC,,,,,,
324198,1992-02-28,,1992,regular,,final,Georgetown,Boston College,97,26,76,60,,Big East,Big East,,,,,,
324199,1992-02-28,,1992,regular,,final,Boise State,Montana State,25,180,90,75,,Big Sky,Big Sky,,,,,,
324200,1992-02-28,,1992,regular,,final,Vermont,Boston University,337,27,79,67,,Am. East,Am. East,,,,,,
324201,1992-02-28,,1992,regular,,final,Tulsa,Bradley,304,29,57,45,,MVC,MVC,,,,,,
324202,1992-02-28,,1992,regular,,final,Central Connecticut,Brooklyn,44,414,84,68,,Indep.,,,,,,,
324203,1992-02-28,,1992,regular,,final,Princeton,Brown,234,30,58,49,,Ivy,Ivy,,,,,,
324204,1992-02-28,,1992,regular,,final,Bucknell,Lafayette,32,138,78,68,,Patriot,Patriot,,,,,,
324205,1992-02-28,,1992,regular,,final,Butler,Loyola Chicago,34,151,78,76,,Horizon,Horizon,,,,,,
324206,1992-02-28,,1992,regular,,final,BYU,San Diego State,18,257,98,78,,UAC,UAC,,,,,,
324207,1992-02-28,,1992,regular,,final,California,Washington,40,343,74,76,,Pac-12,Pac-12,,,,,,
324208,1992-02-28,,1992,regular,,final,Campbell,Coastal Carolina,41,54,68,56,,Big South,Big South,,,,,,
324209,1992-02-28,,1992,regular,,final,Canisius,Saint Peter's,42,254,72,82,,Metro,Metro,,,,,,
324210,1992-02-28,,1992,regular,,final,Centenary (LA),Georgia State,367,100,77,90,,ASUN,ASUN,,,,,,
324211,1992-02-28,,1992,regular,,final,Western Kentucky,UCF,350,312,83,47,,Sun Belt,Sun Belt,,,,,,
324212,1992-02-28,,1992,regular,,final,Charleston,Middle Tennessee,46,171,68,70,,Indep.,OVC,,,,,,
324213,1992-02-28,,1992,regular,,final,Marshall,The Citadel,158,299,82,77,,SoCon,SoCon,,,,,,
324214,1992-02-28,,1992,regular,,final,Virginia,Clemson,339,52,69,49,,ACC,ACC,,,,,,
324215,1992-02-28,,1992,regular,,final,Harvard,Columbia,107,58,70,67,,Ivy,Ivy,,,,,,
324216,1992-02-28,,1992,regular,,final,Western Michigan,Central Michigan,351,45,101,94,,MAC,MAC,,,,,,
324217,1992-02-28,,1992,regular,,final,Southern Utah,Cal State Northridge,276,38,89,75,,Indep.,Indep.,,,,,,
324218,1992-02-28,,1992,regular,,final,Nebraska,Colorado,188,56,84,70,,MVC,,,,,,,
324219,1992-02-28,,1992,regular,,final,Coppin State,North Carolina A&T,59,198,67,70,,MEAC,MEAC,,,,,,
324220,1992-02-28,,1992,regular,,final,Dartmouth,Cornell,62,60,61,59,,Ivy,Ivy,,,,,,
324221,1992-02-28,,1992,regular,,final,Long Beach State,UC Santa Barbara,145,311,72,70,,Big West,Big West,,,,,,
324222,1992-02-28,,1992,regular,,final,Charleston Southern,UNC Greensboro,47,320,70,58,,Big South,Indep.,,,,,,
324223,1992-02-28,,1992,regular,,final,Colorado State,UTEP,57,327,68,86,,UAC,UAC,,,,,,
324224,1992-02-28,,1992,regular,,final,Winthrop,Davidson,354,63,52,59,,Big South,Big South,,,,,,
324225,1992-02-28,,1992,regular,,final,Dayton,Xavier,64,359,56,72,,Horizon,Horizon,,,,,,
324226,1992-02-28,,1992,regular,,final,Delaware,New Hampshire,66,190,55,49,,Am. East,Am. East,,,,,,
324227,1992-02-28,,1992,regular,,final,Saint Louis,DePaul,252,65,71,88,,,,,,,,,
324228,1992-02-28,,1992,regular,,final,Evansville,Detroit Mercy,82,69,74,62,,Horizon,Horizon,,,,,,
324229,1992-02-28,,1992,regular,,final,Wichita State,Drake,352,70,71,53,,MVC,MVC,,,,,,
324230,1992-02-28,,1992,regular,,final,Drexel,Maine-Farmington,71,1078,57,55,,Am. East,,,,,,,
324231,1992-02-28,,1992,regular,,final,UNC Wilmington,East Carolina,321,74,81,66,,CAA,CAA,,,,,,
324232,1992-02-28,,1992,regular,,final,Murray State,Eastern Illinois,184,77,86,74,,OVC,Summit,,,,,,
324233,1992-02-28,,1992,regular,,final,Weber State,Eastern Washington,345,80,109,67,,Big Sky,Big Sky,,,,,,
324234,1992-02-28,,1992,regular,,final,Fairleigh Dickinson,Wagner,84,341,89,88,,NEC,NEC,,,,,,
324235,1992-02-28,,1992,regular,,final,Georgia Southern,Florida International,99,89,95,71,,ASUN,ASUN,,,,,,
324236,1992-02-28,,1992,regular,,final,Florida,Georgia,87,98,60,69,,SEC,SEC,,,,,,
324237,1992-02-28,,1992,regular,,final,Navy,Fordham,187,91,68,73,,Patriot,Patriot,,,,,,
324238,1992-02-28,,1992,regular,,final,Fresno State,UNLV,92,322,67,84,,Big West,Big West,,,,,,
324239,1992-02-28,,1992,regular,,final,Cal State Fullerton,San José State,37,260,82,75,,Big West,Big West,,,,,,
324240,1992-02-28,,1992,regular,,final,VMI,Furman,334,93,65,72,,SoCon,SoCon,,,,,,
324241,1992-02-28,,1992,regular,,final,Georgia Tech,NC State,101,185,98,88,,ACC,ACC,,,,,,
324242,1992-02-28,,1992,regular,,final,Rhode Island,George Washington,240,96,94,68,,A-10,A-10,,,,,,
324243,1992-02-28,,1992,regular,,final,Pepperdine,Gonzaga,228,102,75,63,,WCC,WCC,,,,,,
324244,1992-02-28,,1992,regular,,final,Utah,Hawai'i,331,108,59,53,,UAC,UAC,,,,,,
324245,1992-02-28,,1992,regular,,final,UMBC,Hofstra,317,110,87,103,,,,,,,,,
324246,1992-02-28,,1992,regular,,final,Holy Cross,Lehigh,111,141,116,92,,Patriot,Patriot,,,,,,
324247,1992-02-28,,1992,regular,,final,Houston,Texas A&M,113,293,79,69,,,,,,,,,
324248,1992-02-28,,1992,regular,,final,Northeastern,Hartford,205,363,62,57,,Am. East,Am. East,,,,,,
324249,1992-02-28,,1992,regular,,final,Idaho,Montana,117,179,73,63,,Big Sky,Big Sky,,,,,,
324250,1992-02-28,,1992,regular,,final,UIC,Valparaiso,315,335,86,77,,Summit,Summit,,,,,,
324251,1992-02-28,,1992,regular,,final,Indiana State,Northern Iowa,122,209,55,50,,MVC,MVC,,,,,,
324252,1992-02-28,,1992,regular,,final,Loyola Maryland,Iona,152,123,62,61,,Metro,Metro,,,,,,
324253,1992-02-28,,1992,regular,,final,Oklahoma,Iowa State,217,125,96,70,,,,,,,,,
324254,1992-02-28,,1992,regular,,final,James Madison,Richmond,129,242,66,69,,CAA,CAA,,,,,,
324255,1992-02-28,,1992,regular,,final,Kent State,Toledo,134,300,78,58,,MAC,MAC,,,,,,
324256,1992-02-28,,1992,regular,,final,Louisiana,Lamar,148,139,80,70,,Sun Belt,Sun Belt,,,,,,
324257,1992-02-28,,1992,regular,,final,Long Island University,Robert Morris,146,244,94,103,,NEC,NEC,,,,,,
324258,1992-02-28,,1992,regular,,final,Loyola Marymount,Portland,153,230,93,86,,WCC,WCC,,,,,,
324259,1992-02-28,,1992,regular,,final,Southern Miss,Louisville,275,150,82,70,,,,,,,,,
324260,1992-02-28,,1992,regular,,final,McNeese,Nicholls,162,195,78,84,,Southland,Southland,,,,,,
324261,1992-02-28,,1992,regular,,final,Morgan State,Maryland Eastern Shore,182,159,98,76,,MEAC,MEAC,,,,,,
324262,1992-02-28,,1992,regular,,final,Mercer,Stetson,164,283,79,66,,ASUN,ASUN,,,,,,
324263,1992-02-28,,1992,regular,,final,Miami,Syracuse,168,286,63,68,,Big East,Big East,,,,,,
324264,1992-02-28,,1992,regular,,final,Marquette,Memphis,157,163,82,67,,,,,,,,,
324265,1992-02-28,,1992,regular,,final,Monmouth,Marist,178,156,65,53,,NEC,NEC,,,,,,
324266,1992-02-28,,1992,regular,,final,Michigan State,Ohio State,169,216,65,78,,Big Ten,Big Ten,,,,,,
324267,1992-02-28,,1992,regular,,final,UNC Asheville,Radford,319,239,79,76,,Big South,Big South,,,,,,
324268,1992-02-28,,1992,regular,,final,Virginia Tech,Charlotte,340,48,73,65,,,,,,,,,
324269,1992-02-28,,1992,regular,,final,UT Arlington,UL Monroe,324,316,48,52,,Southland,Southland,,,,,,
324270,1992-02-28,,1992,regular,,final,Siena,Niagara,264,194,63,61,,Metro,Metro,,,,,,
324271,1992-02-28,,1992,regular,,final,Northern Illinois,Texas Tech,208,298,96,90,,Summit,,,,,,,
324272,1992-02-28,,1992,regular,,final,Utah State,New Mexico State,329,192,85,78,,Big West,Big West,,,,,,
324273,1992-02-28,,1992,regular,,final,Notre Dame,St. John's,213,279,79,70,,Indep.,Big East,,,,,,
324274,1992-02-28,,1992,regular,,final,North Texas,Northwestern State,204,211,95,86,,Southland,Southland,,,,,,
324275,1992-02-28,,1992,regular,,final,William & Mary,Old Dominion,353,219,85,94,,CAA,CAA,,,,,,
324276,1992-02-28,,1992,regular,,final,Penn State (Beaver),Yale,1353,360,70,61,,,Ivy,,,,,,
324277,1992-02-28,,1992,regular,,final,Villanova,Pittsburgh,338,229,78,61,,Big East,Big East,,,,,,
324278,1992-02-28,,1992,regular,,final,Purdue,Wisconsin,236,355,61,51,,Big Ten,Big Ten,,,,,,
324279,1992-02-28,,1992,regular,,final,TCU,Rice,287,241,64,59,,,,,,,,,
324280,1992-02-28,,1992,regular,,final,Towson,Rider,301,243,78,79,,,,,,,,,
324281,1992-02-28,,1992,regular,,final,Sam Houston,Texas State,255,297,63,82,,Southland,Southland,,,,,,
324282,1992-02-28,,1992,regular,,final,Tennessee,South Carolina,292,266,87,64,,SEC,SEC,,,,,,
324283,1992-02-28,,1992,regular,,final,Stephen F. Austin,Texas A&M-San Antonio,282,583,64,65,,Southland,,,,,,,
324284,1992-02-28,,1992,regular,,final,South Florida,VCU,271,333,91,81,,,,,,,,,
324285,1992-02-28,,1992,regular,,final,St. Francis Brooklyn,St. Francis (PA),364,278,71,74,,NEC,NEC,,,,,,
324286,1992-02-28,,1992,regular,,final,Santa Clara,San Francisco,261,259,69,81,,WCC,WCC,,,,,,
324287,1992-02-28,,1992,regular,,final,Missouri State,Southern Illinois,176,273,66,58,,MVC,MVC,,,,,,
324288,1992-02-28,,1992,regular,,final,SE Louisiana,Samford,246,256,71,78,,ASUN,ASUN,,,,,,
324289,1992-02-28,,1992,regular,,final,San Diego,Saint Mary's,258,253,50,48,,WCC,WCC,,,,,,
324290,1992-02-28,,1992,regular,,final,UC Irvine,Pacific,308,225,66,79,,Big West,Big West,,,,,,
324291,1992-02-28,,1992,regular,,final,Nevada,Northern Arizona,189,206,104,69,,Big Sky,Big Sky,,,,,,
324292,1992-02-28,,1992,regular,,final,Chattanooga,Western Carolina,49,348,94,73,,SoCon,SoCon,,,,,,
324293,1992-02-28,,1992,regular,,final,Western Illinois,Wright State,349,357,91,85,,Summit,Summit,,,,,,
324294,1992-02-28,,1992,regular,,final,Milwaukee,Youngstown State,172,361,71,55,,Indep.,Indep.,,,,,,
324295,1992-02-29,,1992,regular,,final,Oregon State,Arizona,224,11,62,70,,Pac-12,Pac-12,,,,,,
324296,1992-02-29,,1992,regular,,final,Oregon,Arizona State,223,10,48,58,,Pac-12,Pac-12,,,,,,
324297,1992-02-29,,1992,regular,,final,Seton Hall,UConn,263,314,77,64,,Big East,Big East,,,,,,
324298,1992-02-29,,1992,regular,,final,UCLA,Duke,313,72,65,75,,Pac-12,ACC,,,,,,
324299,1992-02-29,,1992,regular,,final,Duquesne,Massachusetts,73,161,61,82,,A-10,A-10,,,,,,
324300,1992-02-29,,1992,regular,,final,Fairfield,La Salle,83,137,60,75,,Metro,Metro,,,,,,
324301,1992-02-29,,1992,regular,,final,Indiana,Illinois,121,118,76,70,,Big Ten,Big Ten,,,,,,
324302,1992-02-29,,1992,regular,,final,Kentucky,Vanderbilt,135,336,80,56,,SEC,SEC,,,,,,
324303,1992-02-29,,1992,regular,,final,Kansas State,Missouri,132,177,73,69,,,,,,,,,
324304,1992-02-29,,1992,regular,,final,Maryland,North Carolina,160,200,82,80,,ACC,ACC,,,,,,
324305,1992-02-29,,1992,regular,,final,Kansas City,Northeastern Illinois,130,390,82,68,,Indep.,Indep.,,,,,,
324306,1992-02-29,,1992,regular,,final,Texas Pan American,New Orleans,1535,193,57,69,,,Sun Belt,,,,,,
324307,1992-02-29,,1992,regular,,final,SMU,Rice,248,241,53,58,,,,,,,,,
324308,1992-02-29,,1992,regular,,final,St. Bonaventure,Rutgers,277,245,76,71,,A-10,A-10,,,,,,
324309,1992-02-29,,1992,regular,,final,West Virginia,Saint Joseph's,347,251,95,82,,A-10,A-10,,,,,,
324310,1992-02-29,,1992,regular,,final,Stanford,Washington State,281,344,85,70,,Pac-12,Pac-12,,,,,,
324311,1992-02-29,,1992,regular,,final,Wake Forest,Temple,342,289,83,75,,ACC,A-10,,,,,,
324312,1992-03-01,,1992,regular,,final,Lamar,Akron,139,3,94,71,,Sun Belt,Summit,,,,,,
324313,1992-03-01,,1992,regular,,final,Texas A&M,Baylor,293,20,86,96,,,,,,,,,
324314,1992-03-01,,1992,regular,,final,Northeastern,Boston University,205,27,76,53,,Am. East,Am. East,,,,,,
324315,1992-03-01,,1992,regular,,final,Wichita State,Bradley,352,29,63,42,,MVC,MVC,,,,,,
324316,1992-03-01,,1992,regular,,final,Central Connecticut,Buffalo,44,33,94,62,,Indep.,Indep.,,,,,,
324317,1992-03-01,,1992,regular,,final,VMI,The Citadel,334,299,64,60,,SoCon,SoCon,,,,,,
324318,1992-03-01,,1992,regular,,final,Creighton,Tulsa,61,304,71,81,,MVC,MVC,,,,,,
324319,1992-03-01,,1992,regular,,final,Davidson,Liberty,63,142,69,67,,Big South,Big South,,,,,,
324320,1992-03-01,,1992,regular,,final,Drake,Illinois State,70,119,75,76,,MVC,MVC,,,,,,
324321,1992-03-01,,1992,regular,,final,East Carolina,Virginia Tech,74,340,78,76,,CAA,,,,,,,
324322,1992-03-01,,1992,regular,,final,Miami,Florida International,168,89,68,63,,Big East,ASUN,,,,,,
324323,1992-03-01,,1992,regular,,final,New Mexico State,Fresno State,192,92,78,70,,Big West,Big West,,,,,,
324324,1992-03-01,,1992,regular,,final,Marshall,Furman,158,93,66,82,,SoCon,SoCon,,,,,,
324325,1992-03-01,,1992,regular,,final,St. John's,Georgetown,279,97,65,49,,Big East,Big East,,,,,,
324326,1992-03-01,,1992,regular,,final,Indiana State,Missouri State,122,176,55,54,,MVC,MVC,,,,,,
324327,1992-03-01,,1992,regular,,final,James Madison,William & Mary,129,353,98,77,,CAA,CAA,,,,,,
324328,1992-03-01,,1992,regular,,final,Kansas,Oklahoma State,131,218,77,64,,,,,,,,,
324329,1992-03-01,,1992,regular,,final,New Hampshire,Maine-Farmington,190,1078,39,55,,Am. East,,,,,,,
324330,1992-03-01,,1992,regular,,final,Northwestern State,McNeese,211,162,122,94,,Southland,Southland,,,,,,
324331,1992-03-01,,1992,regular,,final,St. Francis (PA),Mount St. Mary's,278,183,85,79,,NEC,NEC,,,,,,
324332,1992-03-01,,1992,regular,,final,Navy,UNC Greensboro,187,320,71,74,,Patriot,Indep.,,,,,,
324333,1992-03-01,,1992,regular,,final,Tulane,Charlotte,303,48,69,79,,,,,,,,,
324334,1992-03-01,,1992,regular,,final,UL Monroe,Nicholls,316,195,83,61,,Southland,Southland,,,,,,
324335,1992-03-01,,1992,regular,,final,Southern Illinois,Northern Iowa,273,209,70,61,,MVC,MVC,,,,,,
324336,1992-03-01,,1992,regular,,final,Texas A&M-San Antonio,North Texas,583,204,80,77,,,Southland,,,,,,
324337,1992-03-01,,1992,regular,,final,Stephen F. Austin,Sam Houston,282,255,82,59,,Southland,Southland,,,,,,
324338,1992-03-01,,1992,regular,,final,Texas State,UT Arlington,297,324,63,80,,Southland,Southland,,,,,,
324339,1992-03-01,,1992,regular,,final,Tennessee Tech,Tennessee State,291,290,91,80,,OVC,OVC,,,,,,
324340,1992-03-01,,1992,regular,,final,Green Bay,Valparaiso,105,335,69,25,,Summit,Summit,,,,,,
324341,1992-03-01,,1992,regular,,final,VCU,Western Kentucky,333,350,75,77,,,Sun Belt,,,,,,
324342,1992-03-02,,1992,regular,,final,Air Force,Wyoming,2,358,60,86,,UAC,UAC,,,,,,
324343,1992-03-02,,1992,regular,,final,Penn State,American University,226,8,79,73,,Indep.,CAA,,,,,,
324344,1992-03-02,,1992,regular,,final,Arkansas,LSU,12,136,106,92,,SEC,SEC,,,,,,
324345,1992-03-02,,1992,regular,,final,Middle Tennessee,Arkansas State,171,13,60,76,,OVC,Sun Belt,,,,,,
324346,1992-03-02,,1992,regular,,final,Pittsburgh,Boston College,229,26,90,66,,Big East,Big East,,,,,,
324347,1992-03-02,,1992,regular,,final,Colgate,Brooklyn,55,414,105,69,,Patriot,,,,,,,
324348,1992-03-02,,1992,regular,,final,BYU,Cal State Northridge,18,38,100,68,,UAC,Indep.,,,,,,
324349,1992-03-02,,1992,regular,,final,Loyola Chicago,Evansville,151,82,57,80,,Horizon,Horizon,,,,,,
324350,1992-03-02,,1992,regular,,final,Fairleigh Dickinson,Long Island University,84,146,60,77,,NEC,NEC,,,,,,
324351,1992-03-02,,1992,regular,,final,Fairfield,Iona,83,123,76,52,,Metro,Metro,,,,,,
324352,1992-03-02,,1992,regular,,final,Southern Utah,Idaho,276,117,88,70,,Indep.,Big Sky,,,,,,
324353,1992-03-02,,1992,regular,,final,Loyola Maryland,La Salle,152,137,62,60,,Metro,Metro,,,,,,
324354,1992-03-02,,1992,regular,,final,Saint Peter's,Manhattan,254,155,52,65,,Metro,Metro,,,,,,
324355,1992-03-02,,1992,regular,,final,Ohio State,Michigan,216,170,77,66,,Big Ten,Big Ten,,,,,,
324356,1992-03-02,,1992,regular,,final,Monmouth,Marist,178,156,60,75,,NEC,NEC,,,,,,
324357,1992-03-02,,1992,regular,,final,Virginia,NC State,339,185,74,68,,ACC,ACC,,,,,,
324358,1992-03-02,,1992,regular,,final,Notre Dame,Xavier,213,359,87,86,,Indep.,Horizon,,,,,,
324359,1992-03-02,,1992,regular,,final,Villanova,Providence,338,235,75,65,,Big East,Big East,,,,,,
324360,1992-03-02,,1992,regular,,final,Robert Morris,St. Francis (PA),244,278,83,66,,NEC,NEC,,,,,,
324361,1992-03-02,,1992,regular,,final,Wagner,St. Francis Brooklyn,341,364,73,74,,NEC,NEC,,,,,,
324362,1992-03-02,,1992,regular,,final,UNLV,Utah State,322,329,65,53,,Big West,Big West,,,,,,
324363,1992-03-03,,1992,regular,,final,Ole Miss,Alabama,220,5,83,84,,SEC,SEC,,,,,,
324365,1992-03-03,,1992,regular,,final,Mississippi State,Auburn,174,16,77,70,,SEC,SEC,,,,,,
324366,1992-03-03,,1992,regular,,final,Toledo,Ball State,300,19,58,63,,MAC,MAC,,,,,,
324368,1992-03-03,,1992,regular,,final,Bowling Green,Western Michigan,28,351,86,95,,MAC,MAC,,,,,,
324369,1992-03-03,,1992,regular,,final,Clemson,Duke,52,72,97,98,,ACC,ACC,,,,,,
324370,1992-03-03,,1992,regular,,final,Cleveland State,Youngstown State,53,361,93,70,,Summit,Indep.,,,,,,
324371,1992-03-03,,1992,regular,,final,Central Michigan,Ohio,45,215,71,62,,MAC,MAC,,,,,,
324372,1992-03-03,,1992,regular,,final,Oklahoma State,Colorado,218,56,69,63,,,,,,,,,
324373,1992-03-03,,1992,regular,,final,UConn,Syracuse,314,286,85,78,,Big East,Big East,,,,,,
324374,1992-03-03,,1992,regular,,final,Delaware,Drexel,66,71,72,66,,Am. East,Am. East,,,,,,
324375,1992-03-03,,1992,regular,,final,DePaul,Marquette,65,157,65,73,,,,,,,,,
324376,1992-03-03,,1992,regular,,final,Duquesne,West Virginia,73,347,71,64,,A-10,A-10,,,,,,
324377,1992-03-03,,1992,regular,,final,Eastern Michigan,Miami (OH),79,167,63,73,,MAC,MAC,,,,,,
324378,1992-03-03,,1992,regular,,final,Florida,Kentucky,87,135,79,62,,SEC,SEC,,,,,,
324379,1992-03-03,,1992,regular,,final,Georgia,Tennessee,98,292,66,67,,SEC,SEC,,,,,,
324380,1992-03-03,,1992,regular,,final,North Carolina,Georgia Tech,200,101,79,75,,ACC,ACC,,,,,,
324381,1992-03-03,,1992,regular,,final,Temple,George Washington,289,96,92,70,,A-10,A-10,,,,,,
324383,1992-03-03,,1992,regular,,final,Houston,TCU,113,287,50,44,,,,,,,,,
324384,1992-03-03,,1992,regular,,final,Vermont,Hartford,337,363,64,51,,Am. East,Am. East,,,,,,
324385,1992-03-03,,1992,regular,,final,Iowa,Indiana,124,121,60,64,,Big Ten,Big Ten,,,,,,
324386,1992-03-03,,1992,regular,,final,Iowa State,Kansas,125,131,70,66,,,,,,,,,
324388,1992-03-03,,1992,regular,,final,Southern,Jackson State,274,126,114,101,,SWAC,SWAC,,,,,,
324389,1992-03-03,,1992,regular,,final,Nebraska,Kansas State,188,132,91,62,,MVC,,,,,,,
324390,1992-03-03,,1992,regular,,final,Long Island University,Marist,146,156,91,92,,NEC,NEC,,,,,,
324391,1992-03-03,,1992,regular,,final,Massachusetts,Rhode Island,161,240,96,88,,A-10,A-10,,,,,,
324392,1992-03-03,,1992,regular,,final,Tulane,Memphis,303,163,67,68,,,,,,,,,
324393,1992-03-03,,1992,regular,,final,Miami,Seton Hall,168,263,82,90,,Big East,Big East,,,,,,
324394,1992-03-03,,1992,regular,,final,Minnesota,Wisconsin,173,355,76,57,,Big Ten,Big Ten,,,,,,
324395,1992-03-03,,1992,regular,,final,Northeastern Illinois,Kansas City,390,130,66,77,,Indep.,Indep.,,,,,,
324396,1992-03-03,,1992,regular,,final,Missouri,Oklahoma,177,217,67,81,,,,,,,,,
324398,1992-03-03,,1992,regular,,final,Charlotte,VCU,48,333,75,63,,,,,,,,,
324399,1992-03-03,,1992,regular,,final,Robert Morris,St. Francis Brooklyn,244,364,70,68,,NEC,NEC,,,,,,
324400,1992-03-03,,1992,regular,,final,Saint Joseph's,Rutgers,251,245,68,74,,A-10,A-10,,,,,,
324401,1992-03-03,,1992,regular,,final,South Carolina,Vanderbilt,266,336,77,68,,SEC,SEC,,,,,,
324402,1992-03-03,,1992,regular,,final,South Florida,Southern Miss,271,275,78,72,,,,,,,,,
324403,1992-03-03,,1992,regular,,final,Texas A&M,Texas Tech,293,298,58,56,,,,,,,,,
324404,1992-03-04,,1992,regular,,final,Air Force,Colorado State,2,57,54,72,,UAC,UAC,,,,,,
324406,1992-03-04,,1992,regular,,final,Arizona,California,11,40,100,77,,Pac-12,Pac-12,,,,,,
324408,1992-03-04,,1992,regular,,final,Arizona State,Stanford,10,281,76,71,,Pac-12,Pac-12,,,,,,
324410,1992-03-04,,1992,regular,,final,Eastern Washington,Boise State,80,25,59,73,,Big Sky,Big Sky,,,,,,
324414,1992-03-04,,1992,regular,,final,San José State,UC Santa Barbara,260,311,64,92,,Big West,Big West,,,,,,
324417,1992-03-04,,1992,regular,,final,Eastern Illinois,Western Illinois,77,349,75,73,,Summit,Summit,,,,,,
324418,1992-03-04,,1992,regular,,final,New Mexico State,Cal State Fullerton,192,37,63,60,,Big West,Big West,,,,,,
324419,1992-03-04,,1992,regular,,final,Loyola Chicago,UIC,151,315,95,91,,Horizon,Summit,,,,,,
324421,1992-03-04,,1992,regular,,final,Pacific,Long Beach State,225,145,71,61,,Big West,Big West,,,,,,
324423,1992-03-04,,1992,regular,,final,Wake Forest,Maryland,342,160,66,77,,ACC,ACC,,,,,,
324425,1992-03-04,,1992,regular,,final,Montana,Nevada,179,189,103,86,,Big Sky,Big Sky,,,,,,
324426,1992-03-04,,1992,regular,,final,Montana State,Northern Arizona,180,206,107,63,,Big Sky,Big Sky,,,,,,
324427,1992-03-04,,1992,regular,,final,Robert Morris,Marist,244,156,85,81,,NEC,NEC,,,,,,
324428,1992-03-04,,1992,regular,,final,Northwestern,Michigan State,212,169,55,72,,Big Ten,Big Ten,,,,,,
324430,1992-03-04,,1992,regular,,final,Rice,Texas,241,295,103,97,,,,,,,,,
324431,1992-03-04,,1992,regular,,final,Southern,Texas Southern,274,296,94,90,,SWAC,SWAC,,,,,,
324432,1992-03-04,,1992,regular,,final,Washington State,UCLA,344,313,85,89,,Pac-12,Pac-12,,,,,,
324433,1992-03-04,,1992,regular,,final,Washington,USC,343,323,63,75,,Pac-12,Pac-12,,,,,,
324437,1992-03-05,,1992,regular,,final,Brown,Dartmouth,30,62,71,59,,Ivy,Ivy,,,,,,
324440,1992-03-05,,1992,regular,,final,Georgia State,Centenary (LA),100,367,84,69,,ASUN,ASUN,,,,,,
324442,1992-03-05,,1992,regular,,final,Columbia,Penn State (Beaver),58,1353,71,66,,Ivy,,,,,,,
324443,1992-03-05,,1992,regular,,final,Cornell,Princeton,60,234,70,66,,Ivy,Ivy,,,,,,
324450,1992-03-05,,1992,regular,,final,Georgia Southern,SE Louisiana,99,246,106,86,,ASUN,ASUN,,,,,,
324451,1992-03-05,,1992,regular,,final,Yale,Harvard,360,107,83,56,,Ivy,Ivy,,,,,,
324452,1992-03-05,,1992,regular,,final,Hawai'i,San Diego State,108,257,69,54,,UAC,UAC,,,,,,
324455,1992-03-05,,1992,regular,,final,Southern,Mississippi Valley State,274,175,77,85,,SWAC,SWAC,,,,,,
324462,1992-03-06,,1992,regular,,final,Alabama,Auburn,5,16,82,80,,SEC,SEC,,,,,,
324463,1992-03-06,,1992,regular,,final,UAB,Saint Louis,305,252,105,76,,,,,,,,,
324466,1992-03-06,,1992,regular,,final,Arizona,Stanford,11,281,89,83,,Pac-12,Pac-12,,,,,,
324467,1992-03-06,,1992,regular,,final,Arkansas,Ole Miss,12,220,100,83,,SEC,SEC,,,,,,
324470,1992-03-06,,1992,regular,,final,Ball State,Kent State,19,134,54,57,,MAC,MAC,,,,,,
324471,1992-03-06,,1992,regular,,final,Ohio,Bowling Green,215,28,61,55,,MAC,MAC,,,,,,
324472,1992-03-06,,1992,regular,,final,Boston College,UConn,26,314,79,89,,Big East,Big East,,,,,,
324473,1992-03-06,,1992,regular,,final,Maine-Farmington,Boston University,1078,27,68,51,,,Am. East,,,,,,
324475,1992-03-06,,1992,regular,,final,Brown,Harvard,30,107,96,88,,Ivy,Ivy,,,,,,
324477,1992-03-06,,1992,regular,,final,Xavier,Butler,359,34,86,96,,Horizon,Horizon,,,,,,
324478,1992-03-06,,1992,regular,,final,Utah,BYU,331,18,73,87,,UAC,UAC,,,,,,
324480,1992-03-06,,1992,regular,,final,UMBC,Central Connecticut,317,44,115,107,,,Indep.,,,,,,
324481,1992-03-06,,1992,regular,,final,Memphis,Cincinnati,163,51,59,69,,,,,,,,,
324482,1992-03-06,,1992,regular,,final,Lehigh,Colgate,141,55,86,71,,Patriot,Patriot,,,,,,
324483,1992-03-06,,1992,regular,,final,Columbia,Princeton,58,234,51,65,,Ivy,Ivy,,,,,,
324484,1992-03-06,,1992,regular,,final,Milwaukee,Central Michigan,172,45,92,71,,Indep.,MAC,,,,,,
324485,1992-03-06,,1992,regular,,final,Colorado,Iowa State,56,125,87,83,,,,,,,,,
324486,1992-03-06,,1992,regular,,final,Cornell,Penn State (Beaver),60,1353,79,92,,Ivy,,,,,,,
324488,1992-03-06,,1992,regular,,final,Wyoming,Colorado State,358,57,83,65,,UAC,UAC,,,,,,
324489,1992-03-06,,1992,regular,,final,Yale,Dartmouth,360,62,61,48,,Ivy,Ivy,,,,,,
324490,1992-03-06,,1992,regular,,final,Detroit Mercy,Dayton,69,64,67,79,,Horizon,Horizon,,,,,,
324491,1992-03-06,,1992,regular,,final,Delaware,Hartford,66,363,92,56,,Am. East,Am. East,,,,,,
324492,1992-03-06,,1992,regular,,final,DePaul,Notre Dame,65,213,66,65,,,Indep.,,,,,,
324493,1992-03-06,,1992,regular,,final,Drexel,New Hampshire,71,190,78,72,,Am. East,Am. East,,,,,,
324495,1992-03-06,,1992,regular,,final,Western Michigan,Eastern Michigan,351,79,80,66,,MAC,MAC,,,,,,
324496,1992-03-06,,1992,regular,,final,Eastern Washington,Idaho,80,117,57,60,,Big Sky,Big Sky,,,,,,
324498,1992-03-06,,1992,regular,,final,Vanderbilt,Florida,336,87,82,76,,SEC,SEC,,,,,,
324500,1992-03-06,,1992,regular,,final,Utah State,Fresno State,329,92,70,62,,Big West,Big West,,,,,,
324501,1992-03-06,,1992,regular,,final,Richmond,George Mason,242,95,74,59,,CAA,CAA,,,,,,
324502,1992-03-06,,1992,regular,,final,Georgia,South Carolina,98,266,72,54,,SEC,SEC,,,,,,
324503,1992-03-06,,1992,regular,,final,Georgia State,Mercer,100,164,75,68,,ASUN,ASUN,,,,,,
324505,1992-03-06,,1992,regular,,final,Georgia Southern,Samford,99,256,81,61,,ASUN,ASUN,,,,,,
324506,1992-03-06,,1992,regular,,final,Georgetown,Pittsburgh,97,229,67,57,,Big East,Big East,,,,,,
324508,1992-03-06,,1992,regular,,final,SMU,Houston,248,113,62,69,,,,,,,,,
324509,1992-03-06,,1992,regular,,final,Idaho State,Weber State,116,345,88,82,,Big Sky,Big Sky,,,,,,
324510,1992-03-06,,1992,regular,,final,Illinois,Michigan State,118,169,80,71,,Big Ten,Big Ten,,,,,,
324514,1992-03-06,,1992,regular,,final,Wisconsin,Iowa,355,124,65,70,,Big Ten,Big Ten,,,,,,
324516,1992-03-06,,1992,regular,,final,Kentucky,Tennessee,135,292,99,88,,SEC,SEC,,,,,,
324517,1992-03-06,,1992,regular,,final,Kansas State,Oklahoma State,132,218,69,77,,,,,,,,,
324520,1992-03-06,,1992,regular,,final,Louisville,Virginia Tech,150,340,79,59,,,,,,,,,
324521,1992-03-06,,1992,regular,,final,LSU,Mississippi State,136,174,89,80,,SEC,SEC,,,,,,
324523,1992-03-06,,1992,regular,,final,Maryland,Virginia,160,339,74,76,,ACC,ACC,,,,,,
324524,1992-03-06,,1992,regular,,final,Providence,Miami,235,168,62,57,,Big East,Big East,,,,,,
324525,1992-03-06,,1992,regular,,final,Minnesota,Purdue,173,236,58,68,,Big Ten,Big Ten,,,,,,
324526,1992-03-06,,1992,regular,,final,Miami (OH),Toledo,167,300,68,46,,MAC,MAC,,,,,,
324527,1992-03-06,,1992,regular,,final,Montana,Northern Arizona,179,206,90,59,,Big Sky,Big Sky,,,,,,
324529,1992-03-06,,1992,regular,,final,Montana State,Nevada,180,189,84,94,,Big Sky,Big Sky,,,,,,
324531,1992-03-06,,1992,regular,,final,NC State,Wake Forest,185,342,77,74,,ACC,ACC,,,,,,
324533,1992-03-06,,1992,regular,,final,Oklahoma,Nebraska,217,188,106,97,,,MVC,,,,,,
324534,1992-03-06,,1992,regular,,final,UTEP,New Mexico,327,191,72,54,,UAC,UAC,,,,,,
324536,1992-03-06,,1992,regular,,final,Vermont,Northeastern,337,205,74,64,,Am. East,Am. East,,,,,,
324537,1992-03-06,,1992,regular,,final,Ohio State,Northwestern,216,212,93,78,,Big Ten,Big Ten,,,,,,
324539,1992-03-06,,1992,regular,,final,Oregon State,Oregon,224,223,62,54,,Pac-12,Pac-12,,,,,,
324540,1992-03-06,,1992,regular,,final,Portland,Pepperdine,230,228,83,97,,WCC,WCC,,,,,,
324543,1992-03-06,,1992,regular,,final,Southern Miss,Tulane,275,303,70,80,,,,,,,,,
324544,1992-03-06,,1992,regular,,final,St. John's,Seton Hall,279,263,71,78,,Big East,Big East,,,,,,
324546,1992-03-06,,1992,regular,,final,Syracuse,Villanova,286,338,56,76,,Big East,Big East,,,,,,
324547,1992-03-06,,1992,regular,,final,Texas Tech,TCU,298,287,76,67,,,,,,,,,
324548,1992-03-06,,1992,regular,,final,Texas A&M-San Antonio,UT Arlington,583,324,94,75,,,Southland,,,,,,
324549,1992-03-06,,1992,regular,,final,New Mexico State,UC Irvine,192,308,99,71,,Big West,Big West,,,,,,
324550,1992-03-07,,1992,regular,,final,Cleveland State,Akron,53,3,80,77,,Summit,Summit,,,,,,
324552,1992-03-07,,1992,regular,,final,Arizona State,California,10,40,74,71,,Pac-12,Pac-12,,,,,,
324554,1992-03-07,,1992,regular,,final,Georgia Tech,Clemson,101,52,101,82,,ACC,ACC,,,,,,
324555,1992-03-07,,1992,regular,,final,Pacific,UC Santa Barbara,225,311,68,70,,Big West,Big West,,,,,,
324556,1992-03-07,,1992,regular,,final,Delaware,Vermont,66,337,76,64,,Am. East,Am. East,,,,,,
324557,1992-03-07,,1992,regular,,final,Drexel,Maine-Farmington,71,1078,97,79,,Am. East,,,,,,,
324558,1992-03-07,,1992,regular,,final,Duke,North Carolina,72,200,89,77,,ACC,ACC,,,,,,
324563,1992-03-07,,1992,regular,,final,Lehigh,Fordham,141,91,84,98,,Patriot,Patriot,,,,,,
324566,1992-03-07,,1992,regular,,final,Georgia Southern,Georgia State,99,100,95,82,,ASUN,ASUN,,,,,,
324567,1992-03-07,,1992,regular,,final,UMBC,Hofstra,317,110,74,77,,,,,,,,,
324570,1992-03-07,,1992,regular,,final,Michigan,Indiana,170,121,68,60,,Big Ten,Big Ten,,,,,,
324572,1992-03-07,,1992,regular,,final,Kansas,Missouri,131,177,97,89,,,,,,,,,
324574,1992-03-07,,1992,regular,,final,San José State,Long Beach State,260,145,80,93,,Big West,Big West,,,,,,
324577,1992-03-07,,1992,regular,,final,Texas A&M-San Antonio,UL Monroe,583,316,77,81,,,Southland,,,,,,
324578,1992-03-07,,1992,regular,,final,Richmond,Old Dominion,242,219,58,62,,CAA,CAA,,,,,,
324581,1992-03-07,,1992,regular,,final,Tulsa,Southern Illinois,304,273,82,79,,MVC,MVC,,,,,,
324583,1992-03-07,,1992,regular,,final,Texas,Texas A&M,295,293,86,63,,,,,,,,,
324584,1992-03-07,,1992,regular,,final,Washington,UCLA,343,313,79,80,,Pac-12,Pac-12,,,,,,
324585,1992-03-07,,1992,regular,,final,Washington State,USC,344,323,82,68,,Pac-12,Pac-12,,,,,,
324588,1992-03-08,,1992,regular,,final,Cleveland State,UIC,53,315,59,83,,Summit,Summit,,,,,,
324589,1992-03-08,,1992,regular,,final,Delaware,Drexel,66,71,92,68,,Am. East,Am. East,,,,,,
324591,1992-03-08,,1992,regular,,final,Evansville,Notre Dame,82,213,74,56,,Horizon,Indep.,,,,,,
324597,1992-03-08,,1992,regular,,final,Tulsa,Missouri State,304,176,68,71,,MVC,MVC,,,,,,
324602,1992-03-10,,1992,regular,,final,Colorado State,UTEP,57,327,65,66,,UAC,UAC,,,,,,
324604,1992-03-10,,1992,regular,,final,Ohio State,Illinois,216,118,82,70,,Big Ten,Big Ten,,,,,,
324605,1992-03-10,,1992,regular,,final,Iowa,Northwestern,124,212,69,66,,Big Ten,Big Ten,,,,,,
324606,1992-03-10,,1992,regular,,final,Purdue,Michigan,236,170,61,70,,Big Ten,Big Ten,,,,,,
324607,1992-03-10,,1992,regular,,final,Michigan State,Minnesota,169,173,66,57,,Big Ten,Big Ten,,,,,,
324610,1992-03-11,,1992,regular,,final,UCLA,Arizona,313,11,89,81,,Pac-12,Pac-12,,,,,,
324611,1992-03-11,,1992,regular,,final,USC,Arizona State,323,10,81,66,,Pac-12,Pac-12,,,,,,
324616,1992-03-11,,1992,regular,,final,California,Oregon State,40,224,79,66,,Pac-12,Pac-12,,,,,,
324621,1992-03-11,,1992,regular,,final,Indiana,Wisconsin,121,355,66,41,,Big Ten,Big Ten,,,,,,
324626,1992-03-11,,1992,regular,,final,Stanford,Oregon,281,223,70,47,,Pac-12,Pac-12,,,,,,
324634,1992-03-12,,1992,regular,,final,Butler,Xavier,34,359,78,61,,Horizon,Horizon,,,,,,
324638,1992-03-12,,1992,regular,,final,St. John's,UConn,279,314,64,59,,Big East,Big East,,,,,,
324639,1992-03-12,,1992,regular,,final,DePaul,Memphis,65,163,75,95,,,,,,,,,
324645,1992-03-12,,1992,regular,,final,Long Beach State,Cal State Fullerton,145,37,77,71,,Big West,Big West,,,,,,
324648,1992-03-12,,1992,regular,,final,SMU,Houston,248,113,62,73,,,,,,,,,
324649,1992-03-12,,1992,regular,,final,Montana,Idaho,179,117,69,52,,Big Sky,Big Sky,,,,,,
324654,1992-03-12,,1992,regular,,final,Louisville,VCU,150,333,65,74,,,,,,,,,
324667,1992-03-13,,1992,regular,,final,USC,Arizona,323,11,70,69,,Pac-12,Pac-12,,,,,,
324668,1992-03-13,,1992,regular,,final,UCLA,Arizona State,313,10,85,77,,Pac-12,Pac-12,,,,,,
324671,1992-03-13,,1992,regular,,final,Evansville,Butler,82,34,95,76,,Horizon,Horizon,,,,,,
324672,1992-03-13,,1992,regular,,final,California,Oregon,40,223,87,76,,Pac-12,Pac-12,,,,,,
324676,1992-03-13,,1992,regular,,final,St. John's,Georgetown,279,97,64,68,,Big East,Big East,,,,,,
324678,1992-03-13,,1992,regular,,final,Michigan,Illinois,170,118,68,59,,Big Ten,Big Ten,,,,,,
324679,1992-03-13,,1992,regular,,final,Purdue,Indiana,236,121,61,59,,Big Ten,Big Ten,,,,,,
324683,1992-03-13,,1992,regular,,final,Long Beach State,New Mexico State,145,192,72,80,,Big West,Big West,,,,,,
324684,1992-03-13,,1992,regular,,final,Minnesota,Ohio State,173,216,63,94,,Big Ten,Big Ten,,,,,,
324685,1992-03-13,,1992,regular,,final,Montana,Nevada,179,189,73,68,,Big Sky,Big Sky,,,,,,
324687,1992-03-13,,1992,regular,,final,Northwestern,Wisconsin,212,355,76,65,,Big Ten,Big Ten,,,,,,
324688,1992-03-13,,1992,regular,,final,Stanford,Oregon State,281,224,76,56,,Pac-12,Pac-12,,,,,,
324693,1992-03-13,,1992,regular,,final,Washington State,Washington,344,343,75,57,,Pac-12,Pac-12,,,,,,
324699,1992-03-14,,1992,regular,,final,Michigan State,Iowa,169,124,64,53,,Big Ten,Big Ten,,,,,,
369728,1992-03-17,,1992,postseason,NIT,final,Kansas State,Western Kentucky,132,350,85,74,,,Sun Belt,,,,,,NIT-FIRST-ROUND
369729,1992-03-17,,1992,postseason,NIT,final,Notre Dame,Western Michigan,213,351,63,56,,Indep.,MAC,,,,,,NIT-FIRST-ROUND
369730,1992-03-17,,1992,postseason,NIT,final,Penn State,Pittsburgh,226,229,65,67,,Indep.,Big East,,,,,,NIT-FIRST-ROUND
369731,1992-03-17,,1992,postseason,NIT,final,Tennessee,UAB,292,305,71,68,,SEC,,,,,,,NIT-FIRST-ROUND
369732,1992-03-17,,1992,postseason,NIT,final,Villanova,Virginia,338,339,80,83,,Big East,ACC,,,,,,NIT-FIRST-ROUND
369733,1992-03-17,,1992,postseason,NIT,final,Washington State,Minnesota,344,173,72,70,,Pac-12,Big Ten,,,,,,NIT-FIRST-ROUND
369734,1992-03-18,,1992,postseason,NCAA,final,Campbell,Duke,41,72,56,82,1,Big South,ACC,16,1,,,,"NCAA Men's Tourn., East - First Round"
369735,1992-03-18,,1992,postseason,NCAA,final,Mississippi Valley State,Ohio State,175,216,56,83,1,SWAC,Big Ten,16,1,,,,"NCAA Men's Tourn., Southeast - First Round"
369736,1992-03-18,,1992,postseason,NCAA,final,Eastern Illinois,Indiana,77,121,55,94,1,Summit,Big Ten,15,2,,,,"NCAA Men's Tourn., West - First Round"
369737,1992-03-18,,1992,postseason,NCAA,final,UL Monroe,USC,316,323,54,84,1,Southland,Pac-12,15,2,,,,"NCAA Men's Tourn., Midwest - First Round"
369738,1992-03-18,,1992,postseason,NCAA,final,Arkansas,Murray State,12,184,80,69,1,SEC,OVC,3,14,,,,"NCAA Men's Tourn., Midwest - First Round"
369739,1992-03-18,,1992,postseason,NCAA,final,Florida State,Montana,90,179,78,68,1,ACC,Big Sky,3,14,,,,"NCAA Men's Tourn., West - First Round"
369740,1992-03-18,,1992,postseason,NCAA,final,La Salle,Seton Hall,137,263,76,78,1,Metro,Big East,13,4,,,,"NCAA Men's Tourn., East - First Round"
369741,1992-03-18,,1992,postseason,NCAA,final,Miami (OH),North Carolina,167,200,63,68,1,MAC,ACC,13,4,,,,"NCAA Men's Tourn., Southeast - First Round"
369742,1992-03-18,,1992,postseason,NCAA,final,Alabama,Stanford,5,281,80,75,1,SEC,Pac-12,5,12,,,,"NCAA Men's Tourn., Southeast - First Round"
369743,1992-03-18,,1992,postseason,NCAA,final,Missouri,West Virginia,177,347,89,78,1,,A-10,5,12,,,,"NCAA Men's Tourn., East - First Round"
369744,1992-03-18,,1992,postseason,NCAA,final,Georgetown,South Florida,97,271,75,60,1,Big East,,6,11,,,,"NCAA Men's Tourn., West - First Round"
369745,1992-03-18,,1992,postseason,NCAA,final,Memphis,Pepperdine,163,228,80,70,1,,WCC,6,11,,,,"NCAA Men's Tourn., Midwest - First Round"
369746,1992-03-18,,1992,postseason,NCAA,final,BYU,LSU,18,136,83,94,1,UAC,SEC,10,7,,,,"NCAA Men's Tourn., West - First Round"
369747,1992-03-18,,1992,postseason,NCAA,final,Georgia Tech,Houston,101,113,65,60,1,ACC,,7,10,,,,"NCAA Men's Tourn., Midwest - First Round"
369748,1992-03-18,,1992,postseason,NCAA,final,UConn,Nebraska,314,188,86,65,1,Big East,MVC,9,8,,,,"NCAA Men's Tourn., Southeast - First Round"
369749,1992-03-18,,1992,postseason,NCAA,final,Iowa,Texas,124,295,98,92,1,Big Ten,,9,8,,,,"NCAA Men's Tourn., East - First Round"
369750,1992-03-18,,1992,postseason,NIT,final,Boston College,Southern Illinois,26,273,78,69,,Big East,MVC,,,,,,NIT-FIRST-ROUND
369751,1992-03-18,,1992,postseason,NIT,final,UC Santa Barbara,Arizona State,311,10,65,71,,Big West,Pac-12,,,,,,NIT-FIRST-ROUND
369752,1992-03-18,,1992,postseason,NIT,final,Florida,Richmond,87,242,66,52,,SEC,CAA,,,,,,NIT-FIRST-ROUND
369753,1992-03-18,,1992,postseason,NIT,final,Manhattan,Green Bay,155,105,67,65,,Metro,Summit,,,,,,NIT-FIRST-ROUND
369754,1992-03-18,,1992,postseason,NIT,final,New Mexico,Louisiana Tech,191,149,90,84,,UAC,Sun Belt,,,,,,NIT-FIRST-ROUND
369755,1992-03-18,,1992,postseason,NIT,final,Purdue,Butler,236,34,82,56,,Big Ten,Horizon,,,,,,NIT-FIRST-ROUND
369756,1992-03-18,,1992,postseason,NIT,final,TCU,Long Beach State,287,145,73,61,,,Big West,,,,,,NIT-FIRST-ROUND
369757,1992-03-18,,1992,postseason,NIT,final,Utah,Ball State,331,19,72,57,,UAC,MAC,,,,,,NIT-FIRST-ROUND
369758,1992-03-18,,1992,postseason,NIT,final,Vanderbilt,Rhode Island,336,240,63,68,,SEC,A-10,,,,,,NIT-FIRST-ROUND
369759,1992-03-19,,1992,postseason,NCAA,final,Howard,Kansas,114,131,67,100,1,MEAC,,16,1,,,,"NCAA Men's Tourn., Midwest - First Round"
369760,1992-03-19,,1992,postseason,NCAA,final,Robert Morris,UCLA,244,313,53,73,1,NEC,Pac-12,16,1,,,,"NCAA Men's Tourn., West - First Round"
369761,1992-03-19,,1992,postseason,NCAA,final,Georgia Southern,Oklahoma State,99,218,73,100,1,ASUN,,15,2,,,,"NCAA Men's Tourn., Southeast - First Round"
369762,1992-03-19,,1992,postseason,NCAA,final,Kentucky,Old Dominion,135,219,88,69,1,SEC,CAA,2,15,,,,"NCAA Men's Tourn., East - First Round"
369763,1992-03-19,,1992,postseason,NCAA,final,Arizona,East Tennessee State,11,75,80,87,1,Pac-12,SoCon,3,14,,,,"NCAA Men's Tourn., Southeast - First Round"
369764,1992-03-19,,1992,postseason,NCAA,final,Fordham,Massachusetts,91,161,58,85,1,Patriot,A-10,14,3,,,,"NCAA Men's Tourn., East - First Round"
369765,1992-03-19,,1992,postseason,NCAA,final,Cincinnati,Delaware,51,66,85,47,1,,Am. East,4,13,,,,"NCAA Men's Tourn., Midwest - First Round"
369766,1992-03-19,,1992,postseason,NCAA,final,Louisiana,Oklahoma,148,217,87,83,1,Sun Belt,,13,4,,,,"NCAA Men's Tourn., West - First Round"
369767,1992-03-19,,1992,postseason,NCAA,final,DePaul,New Mexico State,65,192,73,81,1,,Big West,5,12,,,,"NCAA Men's Tourn., West - First Round"
369768,1992-03-19,,1992,postseason,NCAA,final,Michigan State,Missouri State,169,176,61,54,1,Big Ten,MVC,5,12,,,,"NCAA Men's Tourn., Midwest - First Round"
369769,1992-03-19,,1992,postseason,NCAA,final,Michigan,Temple,170,289,73,66,1,Big Ten,A-10,6,11,,,,"NCAA Men's Tourn., Southeast - First Round"
369770,1992-03-19,,1992,postseason,NCAA,final,Princeton,Syracuse,234,286,43,51,1,Ivy,Big East,11,6,,,,"NCAA Men's Tourn., East - First Round"
369771,1992-03-19,,1992,postseason,NCAA,final,Charlotte,Iowa State,48,125,74,76,1,,,7,10,,,,"NCAA Men's Tourn., East - First Round"
369772,1992-03-19,,1992,postseason,NCAA,final,St. John's,Tulane,279,303,57,61,1,Big East,,7,10,,,,"NCAA Men's Tourn., Southeast - First Round"
369773,1992-03-19,,1992,postseason,NCAA,final,Evansville,UTEP,82,327,50,55,1,Horizon,UAC,8,9,,,,"NCAA Men's Tourn., Midwest - First Round"
369774,1992-03-19,,1992,postseason,NCAA,final,Louisville,Wake Forest,150,342,81,58,1,,ACC,8,9,,,,"NCAA Men's Tourn., West - First Round"
369775,1992-03-19,,1992,postseason,NIT,final,Rutgers,James Madison,245,129,73,69,,A-10,CAA,,,,,,NIT-FIRST-ROUND
369776,1992-03-20,,1992,postseason,NCAA,final,UConn,Ohio State,314,216,55,78,1,Big East,Big Ten,9,1,,,,"NCAA Men's Tourn., Southeast - Second Round"
369777,1992-03-20,,1992,postseason,NCAA,final,Duke,Iowa,72,124,75,62,1,ACC,Big Ten,1,9,,,,"NCAA Men's Tourn., East - Second Round"
369778,1992-03-20,,1992,postseason,NCAA,final,Georgia Tech,USC,101,323,79,78,1,ACC,Pac-12,7,2,,,,"NCAA Men's Tourn., Midwest - Second Round"
369779,1992-03-20,,1992,postseason,NCAA,final,Indiana,LSU,121,136,89,79,1,Big Ten,SEC,2,7,,,,"NCAA Men's Tourn., West - Second Round"
369780,1992-03-20,,1992,postseason,NCAA,final,Arkansas,Memphis,12,163,80,82,1,SEC,,3,6,,,,"NCAA Men's Tourn., Midwest - Second Round"
369781,1992-03-20,,1992,postseason,NCAA,final,Florida State,Georgetown,90,97,78,68,1,ACC,Big East,3,6,,,,"NCAA Men's Tourn., West - Second Round"
369782,1992-03-20,,1992,postseason,NCAA,final,Alabama,North Carolina,5,200,55,64,1,SEC,ACC,5,4,,,,"NCAA Men's Tourn., Southeast - Second Round"
369783,1992-03-20,,1992,postseason,NCAA,final,Missouri,Seton Hall,177,263,71,88,1,,Big East,5,4,,,,"NCAA Men's Tourn., East - Second Round"
369784,1992-03-21,,1992,postseason,NCAA,final,Kansas,UTEP,131,327,60,66,1,,UAC,1,9,,,,"NCAA Men's Tourn., Midwest - Second Round"
369785,1992-03-21,,1992,postseason,NCAA,final,Louisville,UCLA,150,313,69,85,1,,Pac-12,8,1,,,,"NCAA Men's Tourn., West - Second Round"
369786,1992-03-21,,1992,postseason,NCAA,final,Iowa State,Kentucky,125,135,98,106,1,,SEC,10,2,,,,"NCAA Men's Tourn., East - Second Round"
369787,1992-03-21,,1992,postseason,NCAA,final,Oklahoma State,Tulane,218,303,87,71,1,,,2,10,,,,"NCAA Men's Tourn., Southeast - Second Round"
369788,1992-03-21,,1992,postseason,NCAA,final,Massachusetts,Syracuse,161,286,77,71,1,A-10,Big East,3,6,,,,"NCAA Men's Tourn., East - Second Round"
369789,1992-03-21,,1992,postseason,NCAA,final,Cincinnati,Michigan State,51,169,77,65,1,,Big Ten,4,5,,,,"NCAA Men's Tourn., Midwest - Second Round"
369790,1992-03-21,,1992,postseason,NCAA,final,East Tennessee State,Michigan,75,170,90,102,1,SoCon,Big Ten,14,6,,,,"NCAA Men's Tourn., Southeast - Second Round"
369791,1992-03-21,,1992,postseason,NCAA,final,Louisiana,New Mexico State,148,192,73,81,1,Sun Belt,Big West,13,12,,,,"NCAA Men's Tourn., West - Second Round"
369792,1992-03-22,,1992,postseason,NIT,final,New Mexico,Washington State,191,344,79,71,,UAC,Pac-12,,,,,,NIT-SECOND-ROUND
369793,1992-03-22,,1992,postseason,NIT,final,Notre Dame,Kansas State,213,132,64,47,,Indep.,,,,,,,NIT-SECOND-ROUND
369794,1992-03-22,,1992,postseason,NIT,final,Pittsburgh,Florida,229,87,74,77,,Big East,SEC,,,,,,NIT-SECOND-ROUND
369795,1992-03-22,,1992,postseason,NIT,final,Purdue,TCU,236,287,67,51,,Big Ten,,,,,,,NIT-SECOND-ROUND
369796,1992-03-22,,1992,postseason,NIT,final,Rutgers,Manhattan,245,155,61,62,,A-10,Metro,,,,,,NIT-SECOND-ROUND
369797,1992-03-22,,1992,postseason,NIT,final,Virginia,Tennessee,339,292,77,52,,ACC,SEC,,,,,,NIT-SECOND-ROUND
369798,1992-03-23,,1992,postseason,NIT,final,Arizona State,Utah,10,331,58,60,,Pac-12,UAC,,,,,,NIT-SECOND-ROUND
369799,1992-03-23,,1992,postseason,NIT,final,Boston College,Rhode Island,26,240,80,81,,Big East,A-10,,,,,,NIT-SECOND-ROUND
369800,1992-03-24,,1992,postseason,NIT,final,Notre Dame,Manhattan,213,155,74,58,,Indep.,Metro,,,,,,NIT-QUARTERFINAL
369801,1992-03-24,,1992,postseason,NIT,final,Purdue,Florida,236,87,67,74,,Big Ten,SEC,,,,,,NIT-QUARTERFINAL
369802,1992-03-25,,1992,postseason,NCAA,final,Duke,Seton Hall,72,263,81,69,1,ACC,Big East,1,4,,,,"NCAA Men's Tourn., East - Regional Semifinal"
369803,1992-03-25,,1992,postseason,NCAA,final,New Mexico State,UCLA,192,313,78,85,1,Big West,Pac-12,12,1,,,,"NCAA Men's Tourn., West - Regional Semifinal"
369804,1992-03-25,,1992,postseason,NCAA,final,Florida State,Indiana,90,121,74,85,1,ACC,Big Ten,3,2,,,,"NCAA Men's Tourn., West - Regional Semifinal"
369805,1992-03-25,,1992,postseason,NCAA,final,Kentucky,Massachusetts,135,161,87,77,1,SEC,A-10,2,3,,,,"NCAA Men's Tourn., East - Regional Semifinal"
369806,1992-03-26,,1992,postseason,NCAA,final,North Carolina,Ohio State,200,216,73,80,1,ACC,Big Ten,4,1,,,,"NCAA Men's Tourn., Southeast - Regional Semifinal"
369807,1992-03-26,,1992,postseason,NCAA,final,Michigan,Oklahoma State,170,218,75,72,1,Big Ten,,6,2,,,,"NCAA Men's Tourn., Southeast - Regional Semifinal"
369808,1992-03-26,,1992,postseason,NCAA,final,Cincinnati,UTEP,51,327,69,67,1,,UAC,4,9,,,,"NCAA Men's Tourn., Midwest - Regional Semifinal"
369809,1992-03-26,,1992,postseason,NCAA,final,Georgia Tech,Memphis,101,163,79,83,1,ACC,,7,6,,,,"NCAA Men's Tourn., Midwest - Regional Semifinal"
369810,1992-03-26,,1992,postseason,NIT,final,Utah,Rhode Island,331,240,84,72,,UAC,A-10,,,,,,NIT-QUARTERFINAL
369811,1992-03-26,,1992,postseason,NIT,final,Virginia,New Mexico,339,191,76,71,,ACC,UAC,,,,,,NIT-QUARTERFINAL
369812,1992-03-27,,1992,postseason,NCAA,final,Duke,Kentucky,72,135,104,103,1,ACC,SEC,1,2,,,,"NCAA Men's Tourn., East - Regional Final"
369813,1992-03-27,,1992,postseason,NCAA,final,Indiana,UCLA,121,313,106,79,1,Big Ten,Pac-12,2,1,,,,"NCAA Men's Tourn., West - Regional Final"
369814,1992-03-28,,1992,postseason,NCAA,final,Michigan,Ohio State,170,216,75,71,1,Big Ten,Big Ten,6,1,,,,"NCAA Men's Tourn., Southeast - Regional Final"
369815,1992-03-28,,1992,postseason,NCAA,final,Cincinnati,Memphis,51,163,88,57,1,,,4,6,,,,"NCAA Men's Tourn., Midwest - Regional Final"
369816,1992-03-29,,1992,postseason,NIT,final,Florida,Virginia,87,339,56,62,,SEC,ACC,,,,,,NIT-SEMIFINAL
369817,1992-03-29,,1992,postseason,NIT,final,Utah,Notre Dame,331,213,55,58,,UAC,Indep.,,,,,,NIT-SEMIFINAL
369818,1992-03-31,,1992,postseason,NIT,final,Florida,Utah,87,331,78,81,,SEC,UAC,,,,,,NIT-THIRD-PLACE
369819,1992-03-31,,1992,postseason,NIT,final,Notre Dame,Virginia,213,339,76,81,,Indep.,ACC,,,,,,NIT-FINAL
369820,1992-04-03,,1992,postseason,NCAA,final,Duke,Indiana,72,121,81,78,1,ACC,Big Ten,1,2,,,,"NCAA Men's Tourn., National - National Semifinal"
369821,1992-04-03,,1992,postseason,NCAA,final,Cincinnati,Michigan,51,170,72,76,1,,Big Ten,4,6,,,,"NCAA Men's Tourn., National - National Semifinal"
369822,1992-04-05,,1992,postseason,NCAA,final,Duke,Michigan,72,170,71,51,1,ACC,Big Ten,1,6,,,,"NCAA Men's Tourn., National - National Final"
