id,date,start_et,season,season_type,tournament,status,home,away,home_id,away_id,home_points,away_points,neutral,home_conf,away_conf,home_seed,away_seed,venue,city,state,notes
18409,2021-11-09,15:00,2022,regular,,final,Washington State,Alcorn State,344,7,85,67,,Pac-12,SWAC,,,Beasley Coliseum,Pullman,WA,
18410,2021-11-09,15:00,2022,regular,,final,Manhattan,Manhattanville,155,809,99,42,,Metro,,,,Draddy Gymnasium,Riverdale,NY,
18392,2021-11-09,16:30,2022,regular,,final,Villanova,Mount St. Mary's,338,183,91,51,,Big East,NEC,,,Finneran Pavilion,Villanova,PA,
18411,2021-11-09,17:00,2022,regular,,final,Wofford,Bob Jones,356,533,117,79,,SoCon,,,,Jerry Richardson Indoor Stadium,Spartanburg,SC,
18412,2021-11-09,17:00,2022,regular,,final,California,UC San Diego,40,310,67,80,,Pac-12,Big West,,,Haas Pavilion,Berkeley,CA,
18413,2021-11-09,17:00,2022,regular,,final,South Florida,Bethune-Cookman,271,23,75,54,,American,SWAC,,,Yuengling Center,Tampa,FL,
18401,2021-11-09,18:00,2022,regular,,final,Ohio State,Akron,216,3,67,66,,Big Ten,MAC,,,Schottenstein Center,Columbus,OH,
18414,2021-11-09,18:00,2022,regular,,final,Winthrop,Mary Baldwin,354,644,110,78,,Big South,,,,Winthrop Coliseum,Rock Hill,SC,
18415,2021-11-09,18:00,2022,regular,,final,Morgan State,St. Mary's (MD),182,874,118,55,,MEAC,,,,Hill Field House,Baltimore,MD,
18416,2021-11-09,18:00,2022,regular,,final,Little Rock,Southern Illinois,144,273,69,66,,Sun Belt,MVC,,,Jack Stephens Center,Little Rock,AR,
18417,2021-11-09,18:00,2022,regular,,final,Middle Tennessee,Brescia,171,621,98,59,,CUSA,,,,Murphy Center,Murfreesboro,TN,
18418,2021-11-09,18:00,2022,regular,,final,VCU,Saint Peter's,333,254,57,54,,A-10,Metro,,,Siegel Center,Richmond,VA,
18419,2021-11-09,18:00,2022,regular,,final,Indiana,Eastern Michigan,121,79,68,62,,Big Ten,MAC,,,Simon Skjodt Assembly Hall,Bloomington,IN,
18407,2021-11-09,18:30,2022,regular,,final,UConn,Central Connecticut,314,44,99,48,,Big East,NEC,,,Gampel Pavilion,Storrs,CT,
18420,2021-11-09,18:30,2022,regular,,final,Radford,Emory & Henry,239,978,84,72,,Big South,,,,The Dedmon Center,Radford,VA,
18421,2021-11-09,18:45,2022,regular,,final,Butler,IU Indianapolis,34,115,56,47,,Big East,Horizon,,,Hinkle Fieldhouse,Indianapolis,IN,
18394,2021-11-09,19:00,2022,regular,,final,Purdue,Bellarmine,236,21,96,67,,Big Ten,ASUN,,,Mackey Arena,West Lafayette,IN,
18397,2021-11-09,19:00,2022,regular,,final,Oregon,Texas Southern,223,296,83,66,,Pac-12,SWAC,,,Matthew Knight Arena,Eugene,OR,
18402,2021-11-09,19:00,2022,regular,,final,Tennessee,UT Martin,292,325,90,62,,SEC,OVC,,,Food City Center,Knoxville,TN,
18403,2021-11-09,19:00,2022,regular,,final,North Carolina,Loyola Maryland,200,152,83,67,,ACC,Patriot,,,Dean E. Smith Center,Chapel Hill,NC,
18404,2021-11-09,19:00,2022,regular,,final,Maryland,Quinnipiac,160,238,83,69,,Big Ten,Metro,,,XFINITY Center,College Park,MD,
18406,2021-11-09,19:00,2022,regular,,final,St. Bonaventure,Siena,277,264,75,47,,A-10,Metro,,,Reilly Center,Saint Bonaventure,NY,
18422,2021-11-09,19:00,2022,regular,,final,New Hampshire,St. Josephs (ME),190,1041,98,53,,Am. East,,,,Lundholm Gymnasium,Durham,NH,
18423,2021-11-09,19:00,2022,regular,,final,Eastern Kentucky,Georgetown College (KY),78,1062,93,63,,ASUN,,,,Baptist Health Arena,Richmond,KY,
18424,2021-11-09,19:00,2022,regular,,final,Northern Kentucky,Wheeling,210,1063,82,54,,Horizon,,,,Truist Arena,Highland Heights,KY,
18425,2021-11-09,19:00,2022,regular,,final,Merrimack,Emerson,166,658,77,48,,NEC,,,,Hammel Court,North Andover,MA,
18426,2021-11-09,19:00,2022,regular,,final,Howard,District Of Columbia,114,640,87,59,,MEAC,,,,Burr Gymnasium,Washington,DC,
18427,2021-11-09,19:00,2022,regular,,final,Hampton,Mid-Atlantic Christian,106,516,101,51,,Big South,,,,Convocation Center (VA),Hampton,VA,
18428,2021-11-09,19:00,2022,regular,,final,Wagner,Hartford,341,363,77,59,,NEC,Am. East,,,Spiro Sports Center,Staten Island,NY,
18429,2021-11-09,19:00,2022,regular,,final,Georgia State,Brewton-Parker,100,791,97,37,,Sun Belt,,,,Georgia State Sports Arena,Atlanta,GA,
18430,2021-11-09,19:00,2022,regular,,final,VMI,Carlow,334,1031,111,55,,SoCon,,,,Cameron Hall,Lexington,VA,
18431,2021-11-09,19:00,2022,regular,,final,Princeton,Rutgers-Camden,234,1064,94,28,,Ivy,,,,Jadwin Gymnasium,Princeton,NJ,
18432,2021-11-09,19:00,2022,regular,,final,Furman,North Greenville,93,665,118,66,,SoCon,,,,Timmons Arena,Greenville,SC,
18433,2021-11-09,19:00,2022,regular,,final,Army,SUNY-New Paltz,15,1065,83,52,,Patriot,,,,Christl Arena,West Point,NY,
18434,2021-11-09,19:00,2022,regular,,final,Ohio,Belmont,215,22,92,80,,MAC,OVC,,,Convocation Center (OH),Athens,OH,
18435,2021-11-09,19:00,2022,regular,,final,Holy Cross,Regis,111,810,98,51,,Patriot,,,,Hart Center,Worcester,MA,
18436,2021-11-09,19:00,2022,regular,,final,Delaware State,Cairn University,67,756,80,41,,MEAC,,,,Memorial Hall (DE),Dover,DE,
18437,2021-11-09,19:00,2022,regular,,final,Wright State,Lake Erie,357,899,86,53,,Horizon,,,,Nutter Center,Dayton,OH,
18438,2021-11-09,19:00,2022,regular,,final,UNC Greensboro,North Carolina A&T,320,198,57,53,,SoCon,Big South,,,First Horizon Coliseum,Greensboro,NC,
18439,2021-11-09,19:00,2022,regular,,final,UMass Lowell,Rivier,318,502,91,55,,Am. East,,,,Costello Athletic Center,Lowell,MA,
18440,2021-11-09,19:00,2022,regular,,final,Charleston Southern,Johnson & Wales (NC),47,881,118,71,,Big South,,,,Buccaneer Fieldhouse,Charleston,SC,
18441,2021-11-09,19:00,2022,regular,,final,West Virginia,Oakland,347,214,60,53,,Big 12,Horizon,,,WVU Coliseum,Morgantown,WV,
18442,2021-11-09,19:00,2022,regular,,final,Colgate,Northeastern,55,205,65,58,,Patriot,CAA,,,Cotterell Court,Hamilton,NY,
18443,2021-11-09,19:00,2022,regular,,final,Michigan State,Kansas,169,131,74,87,1,Big Ten,Big 12,,,Madison Square Garden,New York,NY,State Farm Champions Classic
18444,2021-11-09,19:00,2022,regular,,final,South Carolina,South Carolina Upstate,266,268,78,60,,SEC,Big South,,,Colonial Life Arena,Columbia,SC,
18445,2021-11-09,19:00,2022,regular,,final,Georgia,Florida International,98,89,58,51,,SEC,CUSA,,,Stegeman Coliseum,Athens,GA,
18446,2021-11-09,19:00,2022,regular,,final,East Carolina,South Carolina State,74,267,70,62,,American,MEAC,,,Minges Coliseum,Greenville,NC,
18447,2021-11-09,19:00,2022,regular,,final,Cincinnati,Evansville,51,82,65,43,,American,MVC,,,Fifth Third Arena,Cincinnati,OH,
18448,2021-11-09,19:00,2022,regular,,final,Richmond,North Carolina Central,242,199,70,60,,A-10,MEAC,,,Robins Center,Richmond,VA,
18449,2021-11-09,19:00,2022,regular,,final,Rhode Island,Boston University,240,27,71,62,,A-10,Patriot,,,Thomas M. Ryan Center,Kingston,RI,
18450,2021-11-09,19:00,2022,regular,,final,Arizona State,Portland,10,230,76,60,,Pac-12,WCC,,,Desert Financial Arena,Tempe,AZ,
18451,2021-11-09,19:00,2022,regular,,final,Yale,Vassar,360,841,88,42,,Ivy,,,,John J. Lee Amphitheater,New Haven,CT,
18452,2021-11-09,19:00,2022,regular,,final,Harvard,Morehouse,107,829,86,70,,Ivy,,,,Lavietes Pavilion,Cambridge,MA,
18453,2021-11-09,19:00,2022,regular,,final,Brown,Salve Regina,30,1066,89,59,,Ivy,,,,Pizzitola Sports Center,Providence,RI,
18454,2021-11-09,19:00,2022,regular,,final,Dayton,UIC,64,315,64,54,,A-10,Horizon,,,UD Arena,Dayton,OH,
18455,2021-11-09,19:00,2022,regular,,final,Davidson,Delaware,63,66,93,71,,A-10,CAA,,,John M. Belk Arena,Davidson,NC,
18456,2021-11-09,19:00,2022,regular,,final,George Mason,Stony Brook,95,285,74,52,,A-10,Am. East,,,EagleBank Arena,Fairfax,VA,
18457,2021-11-09,19:00,2022,regular,,final,UAlbany,Towson,306,301,56,77,,Am. East,CAA,,,Broadview Center,Albany,NY,
18458,2021-11-09,19:00,2022,regular,,final,Syracuse,Lafayette,286,138,97,63,,ACC,Patriot,,,JMA Wireless Dome,Syracuse,NY,
18459,2021-11-09,19:00,2022,regular,,final,Pittsburgh,The Citadel,229,299,63,78,,ACC,SoCon,,,Petersen Events Center,Pittsburgh,PA,
18460,2021-11-09,19:00,2022,regular,,final,Clemson,Presbyterian,52,233,64,53,,ACC,Big South,,,Littlejohn Coliseum,Clemson,SC,
18461,2021-11-09,19:00,2022,regular,,final,Jacksonville,Trinity Baptist,127,521,79,43,,ASUN,,,,Swisher Gymnasium,Jacksonville,FL,
18462,2021-11-09,19:00,2022,regular,,final,Charlotte,Monmouth,48,178,68,66,,CUSA,Metro,,,Halton Arena,Charlotte,NC,
18463,2021-11-09,19:00,2022,regular,,final,Providence,Fairfield,235,83,80,73,,Big East,Metro,,,Amica Mutual Pavilion,Providence,RI,
18464,2021-11-09,19:00,2022,regular,,final,Duquesne,Rider,73,243,73,61,,A-10,Metro,,,UPMC Cooper Fieldhouse,Pittsburgh,PA,
18465,2021-11-09,19:00,2022,regular,,final,Iona,App State,123,9,65,53,,Metro,Sun Belt,,,Hynes Athletics Center,New Rochelle,NY,
18466,2021-11-09,19:00,2022,regular,,final,Georgia Southern,Ball State,99,19,82,71,,Sun Belt,MAC,,,Hanner Fieldhouse,Statesboro,GA,
18467,2021-11-09,19:00,2022,regular,,final,Valparaiso,Toledo,335,300,61,69,,MVC,MAC,,,Athletics-Recreation Center,Valparaiso,IN,
18468,2021-11-09,19:30,2022,regular,,final,Bryant,Fisher College,31,693,122,54,,NEC,,,,Chace Athletic Center,Smithfield,RI,
18469,2021-11-09,19:30,2022,regular,,final,Stetson,Florida Memorial,283,956,74,67,,ASUN,,,,Edmunds Center,DeLand,FL,
18470,2021-11-09,19:30,2022,regular,,final,Georgia Tech,Miami (OH),101,167,69,72,,ACC,MAC,,,McCamish Pavilion,Atlanta,GA,
18471,2021-11-09,19:30,2022,regular,,final,Stephen F. Austin,LSU Alexandria,282,531,82,73,,UAC,,,,William R. Johnson Coliseum,Nacogdoches,TX,
18472,2021-11-09,19:30,2022,regular,,final,Florida Gulf Coast,Florida National,88,666,94,57,,ASUN,,,,Alico Arena,Fort Myers,FL,
18473,2021-11-09,19:30,2022,regular,,final,Coastal Carolina,Ferrum,54,708,101,73,,Sun Belt,,,,The HTC Center,Conway,SC,
18474,2021-11-09,19:30,2022,regular,,final,Incarnate Word,Texas State,120,297,57,75,,Southland,Sun Belt,,,McDermott Center,San Antonio,TX,
18475,2021-11-09,19:30,2022,regular,,final,Purdue Fort Wayne,Earlham College,237,588,103,54,,Horizon,,,,Memorial Coliseum (IN),Fort Wayne,IN,
18476,2021-11-09,19:30,2022,regular,,final,UAB,UNC Asheville,305,319,102,77,,CUSA,Big South,,,Bartow Arena,Birmingham,AL,
18477,2021-11-09,19:30,2022,regular,,final,Campbell,William Peace,41,522,85,50,,Big South,,,,John W. Pope Jr. Convocation Center,Buies Creek,NC,
18478,2021-11-09,19:30,2022,regular,,final,Massachusetts,UMBC,161,317,77,60,,A-10,Am. East,,,Mullins Center,Amherst,MA,
18479,2021-11-09,19:30,2022,regular,,final,Ole Miss,New Orleans,220,193,82,61,,SEC,Southland,,,The Sandy and John Black Pavilion at Ole Miss,Oxford,MS,
18480,2021-11-09,19:30,2022,regular,,final,Binghamton,Cornell,24,60,69,76,,Am. East,Ivy,,,Events Center (Binghamton),Binghamton,NY,
18481,2021-11-09,19:30,2022,regular,,final,Miami,Canisius,168,42,77,67,,ACC,Metro,,,Watsco Center,Coral Gables,FL,
18482,2021-11-09,19:30,2022,regular,,final,Xavier,Niagara,359,194,63,60,,Big East,Metro,,,Cintas Center,Cincinnati,OH,
18483,2021-11-09,19:30,2022,regular,,final,Western Carolina,Bowling Green,348,28,79,71,,SoCon,MAC,,,Ramsey Center,Cullowhee,NC,
18484,2021-11-09,19:45,2022,regular,,final,St. John's,Mississippi Valley State,279,175,119,61,,Big East,SWAC,,,Carnesecca Arena,Queens,NY,
18395,2021-11-09,20:00,2022,regular,,final,Illinois,Jackson State,118,126,71,47,,Big Ten,SWAC,,,State Farm Center,Champaign,IL,
18396,2021-11-09,20:00,2022,regular,,final,Memphis,Tennessee Tech,163,291,89,65,,American,OVC,,,FedExForum,Memphis,TN,
18399,2021-11-09,20:00,2022,regular,,final,Houston,Hofstra,113,110,83,75,,American,CAA,,,Fertitta Center,Houston,TX,
18400,2021-11-09,20:00,2022,regular,,final,Arkansas,Mercer,12,164,74,61,,SEC,SoCon,,,Bud Walton Arena,Fayetteville,AR,
18405,2021-11-09,20:00,2022,regular,,final,Auburn,Morehead State,16,181,77,54,,SEC,OVC,,,Neville Arena,Auburn,AL,
18485,2021-11-09,20:00,2022,regular,,final,South Alabama,Spring Hill,265,686,102,41,,Sun Belt,,,,Mitchell Center,Mobile,AL,
18486,2021-11-09,20:00,2022,regular,,final,Alabama A&M,Tennessee State,4,290,82,73,1,SWAC,OVC,,,Propst Arena,Huntsville,AL,
18487,2021-11-09,20:00,2022,regular,,final,Norfolk State,Bridgewater College (VA),196,941,79,56,,MEAC,,,,Joseph G. Echols Hall,Norfolk,VA,
18488,2021-11-09,20:00,2022,regular,,final,Tulane,SE Louisiana,303,246,70,67,,American,Southland,,,Devlin Fieldhouse,New Orleans,LA,
18489,2021-11-09,20:00,2022,regular,,final,Murray State,Cumberland (TN),184,1067,109,77,,OVC,,,,CFSB Center,Murray,KY,
18490,2021-11-09,20:00,2022,regular,,final,Western Kentucky,Alabama State,350,6,79,74,,CUSA,SWAC,,,E.A. Diddle Arena,Bowling Green,KY,
18491,2021-11-09,20:00,2022,regular,,final,Samford,Maryville College (TN),256,536,99,78,,SoCon,,,,Pete Hanna Center,Homewood,AL,
18492,2021-11-09,20:00,2022,regular,,final,Austin Peay,Tennessee Southern,17,1020,86,79,,OVC,,,,Winfield Dunn Center,Clarksville,TN,
18493,2021-11-09,20:00,2022,regular,,final,High Point,Shenandoah,109,1068,108,59,,Big South,,,,Qubein Center,High Point,NC,
18494,2021-11-09,20:00,2022,regular,,final,Southern Miss,William Carey,275,560,81,67,,CUSA,,,,Reed Green Coliseum,Hattiesburg,MS,
18495,2021-11-09,20:00,2022,regular,,final,Northern Iowa,Nicholls,209,195,58,62,,MVC,Southland,,,McLeod Center,Cedar Falls,IA,
18496,2021-11-09,20:00,2022,regular,,final,Missouri State,Southeast Missouri State,176,272,94,99,,MVC,OVC,,,Great Southern Bank Arena,Springfield,MO,
18497,2021-11-09,20:00,2022,regular,,final,Oklahoma State,UT Arlington,218,324,88,45,,Big 12,Sun Belt,,,Gallagher-Iba Arena,Stillwater,OK,
18498,2021-11-09,20:00,2022,regular,,final,Green Bay,Indiana State,105,122,77,81,,Horizon,MVC,,,Kress Center,Green Bay,WI,
18499,2021-11-09,20:00,2022,regular,,final,Illinois State,UNC Wilmington,119,321,68,63,,MVC,CAA,,,CEFCU Arena,Normal,IL,
18500,2021-11-09,20:00,2022,regular,,final,Drexel,Neumann,71,812,103,74,,CAA,,,,Daskalakis Athletic Center,Philadelphia,PA,
18501,2021-11-09,20:00,2022,regular,,final,Wisconsin,St. Francis Brooklyn,355,364,81,58,,Big Ten,NEC,,,Kohl Center,Madison,WI,
18502,2021-11-09,20:00,2022,regular,,final,Northwestern,Eastern Illinois,212,77,80,56,,Big Ten,OVC,,,Welsh-Ryan Arena,Evanston,IL,
18503,2021-11-09,20:00,2022,regular,,final,Nebraska,Western Illinois,188,349,74,75,,Big Ten,Summit,,,Pinnacle Bank Arena,Lincoln,NE,
18504,2021-11-09,20:00,2022,regular,,final,Minnesota,Kansas City,173,130,71,56,,Big Ten,Summit,,,Williams Arena,Minneapolis,MN,
18505,2021-11-09,20:00,2022,regular,,final,Creighton,Arkansas-Pine Bluff,61,14,90,77,,Big East,SWAC,,,CHI Health Center Omaha,Omaha,NE,
18506,2021-11-09,20:00,2022,regular,,final,LSU,UL Monroe,136,316,101,39,,SEC,Sun Belt,,,Pete Maravich Assembly Center,Baton Rouge,LA,
18507,2021-11-09,20:00,2022,regular,,final,Florida,Elon,87,81,74,61,,SEC,CAA,,,Stephen C. O'Connell Center,Gainesville,FL,
18508,2021-11-09,20:00,2022,regular,,final,Saint Joseph's,Maryland Eastern Shore,251,159,69,67,,A-10,MEAC,,,Michael J. Hagan '85 Arena,Philadelphia,PA,
18509,2021-11-09,20:00,2022,regular,,final,La Salle,Sacred Heart,137,250,81,86,,A-10,NEC,,,Tom Gola Arena,Philadelphia,PA,
18510,2021-11-09,20:00,2022,regular,,final,George Washington,St. Francis (PA),96,278,75,72,,A-10,NEC,,,Charles E. Smith Center,Washington,DC,
18511,2021-11-09,20:00,2022,regular,,final,Texas A&M-Corpus Christi,Texas Lutheran,294,719,102,64,,Southland,,,,American Bank Center,Corpus Christi,TX,
18512,2021-11-09,20:00,2022,regular,,final,SMU,McNeese,248,162,86,62,,American,Southland,,,Moody Coliseum,Dallas,TX,
18513,2021-11-09,20:00,2022,regular,,final,Oklahoma,Northwestern State,217,211,77,59,,Big 12,Southland,,,Lloyd Noble Center,Norman,OK,
18514,2021-11-09,20:00,2022,regular,,final,UT Rio Grande Valley,Texas A&M-International,326,1069,74,59,,UAC,,,,UTRGV Fieldhouse,Edinburg,TX,
18515,2021-11-09,20:00,2022,regular,,final,Utah,Abilene Christian,331,1,70,56,,Pac-12,UAC,,,Jon M. Huntsman Center,Salt Lake City,UT,
18516,2021-11-09,20:00,2022,regular,,final,Lamar,Wiley,139,949,67,50,,UAC,,,,Montagne Center,Beaumont,TX,
18517,2021-11-09,20:00,2022,regular,,final,Chicago State,St. Thomas-Minnesota,50,280,77,72,,UAC,Summit,,,Jones Convocation Center,Chicago,IL,
18518,2021-11-09,20:00,2022,regular,,final,Rice,Pepperdine,241,228,82,63,,CUSA,WCC,,,Tudor Fieldhouse,Houston,TX,
18519,2021-11-09,20:00,2022,regular,,final,Loyola Chicago,Coppin State,151,59,103,45,,MVC,MEAC,,,Gentile Arena,Chicago,IL,
18520,2021-11-09,20:00,2022,regular,,final,NC State,Bucknell,185,32,88,70,,ACC,Patriot,,,Lenovo Center,Raleigh,NC,
18521,2021-11-09,20:00,2022,regular,,final,Virginia Tech,Maine,340,154,82,47,,ACC,Am. East,,,Cassell Coliseum,Blacksburg,VA,
18522,2021-11-09,20:00,2022,regular,,final,Boston College,Dartmouth,26,62,73,57,,ACC,Ivy,,,Conte Forum,Chestnut Hill,MA,
18523,2021-11-09,20:00,2022,regular,,final,Wichita State,Jacksonville State,352,128,60,57,,American,ASUN,,,Charles Koch Arena,Wichita,KS,
18524,2021-11-09,20:00,2022,regular,,final,Texas Tech,North Florida,298,203,89,74,,Big 12,ASUN,,,United Supermarkets Arena,Lubbock,TX,
18525,2021-11-09,20:00,2022,regular,,final,Saint Louis,Central Arkansas,252,43,96,61,,A-10,ASUN,,,Chaifetz Arena,St. Louis,MO,
18526,2021-11-09,20:00,2022,regular,,final,Lipscomb,Birmingham-Southern,143,371,105,98,,ASUN,,,,Allen Arena,Nashville,TN,
18527,2021-11-09,20:00,2022,regular,,final,Iowa State,Kennesaw State,125,133,84,73,,Big 12,ASUN,,,Hilton Coliseum,Ames,IA,
18528,2021-11-09,20:00,2022,regular,,final,Omaha,Hastings,221,1070,67,57,,Summit,,,,Ralston Sports and Events Center,Omaha,NE,
18529,2021-11-09,20:00,2022,regular,,final,North Dakota,Milwaukee,201,172,60,75,,Summit,Horizon,,,Betty Engelstad Sioux Center,Grand Forks,ND,
18530,2021-11-09,20:00,2022,regular,,final,North Dakota State,Concordia Moorhead,202,1071,88,44,,Summit,,,,Scheels Center,Fargo,ND,
18531,2021-11-09,20:00,2022,regular,,final,American University,Marist,8,156,77,73,,Patriot,Metro,,,Bender Arena,Washington,DC,
18532,2021-11-09,20:00,2022,regular,,final,Missouri,Central Michigan,177,45,78,68,,SEC,MAC,,,Mizzou Arena,Columbia,MO,
18573,2021-11-09,20:00,2022,regular,,final,Drake,Coe,70,927,87,61,,MVC,,,,Knapp Center,Des Moines,IA,
18533,2021-11-09,20:30,2022,regular,,final,North Texas,Oklahoma Christian,204,1072,84,53,,CUSA,,,,The Super Pit,Denton,TX,
18534,2021-11-09,20:30,2022,regular,,final,Louisiana,West Florida,148,1073,81,47,,Sun Belt,,,,Cajundome,Lafayette,LA,
18535,2021-11-09,20:30,2022,regular,,final,Troy,Carver College,302,1016,104,42,,Sun Belt,,,,Trojan Arena,Troy,AL,
18536,2021-11-09,20:30,2022,regular,,final,Marquette,SIU Edwardsville,157,247,88,77,,Big East,OVC,,,Fiserv Forum,Milwaukee,WI,
18537,2021-11-09,20:45,2022,regular,,final,Fordham,Columbia,91,58,77,67,,A-10,Ivy,,,Rose Hill Gym,Bronx,NY,
18538,2021-11-09,20:50,2022,regular,,final,UTSA,Trinity (TX),328,551,97,66,,CUSA,,,,UTSA Convocation Center,San Antonio,TX,
18390,2021-11-09,21:00,2022,regular,,final,Gonzaga,Utah Tech,102,330,97,63,,WCC,UAC,,,McCarthey Athletic Center,Spokane,WA,
18393,2021-11-09,21:00,2022,regular,,final,Texas,Houston Christian,295,112,92,48,,Big 12,Southland,,,Frank Erwin Center,Austin,TX,
18398,2021-11-09,21:00,2022,regular,,final,Alabama,Louisiana Tech,5,149,93,64,,SEC,CUSA,,,Coleman Coliseum,Tuscaloosa,AL,
18408,2021-11-09,21:00,2022,regular,,final,Virginia,Navy,339,187,58,66,,ACC,Patriot,,,John Paul Jones Arena,Charlottesville,VA,
18539,2021-11-09,21:00,2022,regular,,final,USC,Cal State Northridge,323,38,89,49,,Pac-12,Big West,,,Galen Center,Los Angeles,CA,
18540,2021-11-09,21:00,2022,regular,,final,New Mexico State,UC Irvine,192,308,62,51,,UAC,Big West,,,Pan American Center,Las Cruces,NM,
18541,2021-11-09,21:00,2022,regular,,final,UTEP,Western New Mexico,327,558,85,57,,CUSA,,,,Don Haskins Center,El Paso,TX,
18542,2021-11-09,21:00,2022,regular,,final,Weber State,Western Colorado,345,544,100,60,,Big Sky,,,,Dee Events Center,Ogden,UT,
18543,2021-11-09,21:00,2022,regular,,final,Southern Utah,Bethesda University,276,592,116,74,,Big Sky,,,,America First Events Center,Cedar City,UT,
18544,2021-11-09,21:00,2022,regular,,final,Idaho State,Eastern Oregon,116,822,82,61,,Big Sky,,,,Reed Gym,Pocatello,ID,
18545,2021-11-09,21:00,2022,regular,,final,Grand Canyon,Grambling,104,103,74,53,,UAC,SWAC,,,Global Credit Union Arena,Phoenix,AZ,
18546,2021-11-09,21:00,2022,regular,,final,Boise State,Utah Valley,25,332,76,56,,Mountain West,UAC,,,ExtraMile Arena,Boise,ID,
18547,2021-11-09,21:00,2022,regular,,final,Santa Clara,Cal State Fullerton,261,37,84,77,,WCC,Big West,,,Leavey Center,Santa Clara,CA,
18548,2021-11-09,21:00,2022,regular,,final,Louisville,Southern,150,274,72,60,,ACC,SWAC,,,KFC Yum! Center,Louisville,KY,
18549,2021-11-09,21:00,2022,regular,,final,Denver,Regis (CO),68,1074,68,65,,Summit,,,,Hamilton Gymnasium,Denver,CO,
18550,2021-11-09,21:15,2022,regular,,final,South Dakota State,Bradley,270,29,81,65,,Summit,MVC,,,Frost Arena,Brookings,SD,
18551,2021-11-09,21:30,2022,regular,,final,Arkansas State,Harding,13,987,81,55,,Sun Belt,,,,First National Bank Arena,Jonesboro,AR,
18552,2021-11-09,21:30,2022,regular,,final,Utah State,UC Davis,329,307,69,72,,Mountain West,Big West,,,Dee Glen Smith Spectrum,Logan,UT,
18553,2021-11-09,21:30,2022,regular,,final,Montana,Dickinson State (ND),179,639,74,27,,Big Sky,,,,Dahlberg Arena,Missoula,MT,
18554,2021-11-09,21:30,2022,regular,,final,Duke,Kentucky,72,135,79,71,1,ACC,SEC,,,Madison Square Garden,New York,NY,State Farm Champions Classic
18555,2021-11-09,21:30,2022,regular,,final,Colorado State,Oral Roberts,57,222,109,80,,Mountain West,Summit,,,Moby Arena,Fort Collins,CO,
18556,2021-11-09,22:00,2022,regular,,final,Cal Poly,Westcliff,35,806,86,53,,Big West,,,,Mott Athletics Center,San Luis Obispo,CA,
18557,2021-11-09,22:00,2022,regular,,final,Stanford,Tarleton State,281,288,62,50,,Pac-12,UAC,,,Maples Pavilion,Stanford,CA,
18558,2021-11-09,22:00,2022,regular,,final,Sacramento State,Jessup University,249,569,89,59,,Big Sky,,,,The Nest,Sacramento,CA,
18559,2021-11-09,22:00,2022,regular,,final,Colorado,Montana State,56,180,94,90,,Pac-12,Big Sky,,,CU Events Center,Boulder,CO,
18560,2021-11-09,22:00,2022,regular,,final,San Diego State,UC Riverside,257,309,66,53,,Mountain West,Big West,,,Viejas Arena,San Diego,CA,
18561,2021-11-09,22:00,2022,regular,,final,Nevada,Eastern Washington,189,80,91,76,,Mountain West,Big Sky,,,Lawlor Events Center,Reno,NV,
18562,2021-11-09,22:00,2022,regular,,final,Fresno State,Fresno Pacific,92,853,74,54,,Mountain West,,,,Save Mart Center,Fresno,CA,
18563,2021-11-09,22:00,2022,regular,,final,Iowa,Longwood,124,147,106,73,,Big Ten,Big South,,,Carver-Hawkeye Arena,Iowa City,IA,
18564,2021-11-09,22:00,2022,regular,,final,California Baptist,San Francisco State,39,571,87,65,,UAC,,,,Dale E. and Sarah Ann Fowler Events Center,Riverside,CA,
18565,2021-11-09,22:00,2022,regular,,final,Loyola Marymount,Chattanooga,153,49,64,75,,WCC,SoCon,,,Gersten Pavilion,Los Angeles,CA,
18566,2021-11-09,22:00,2022,regular,,final,BYU,Cleveland State,18,53,69,59,,WCC,Horizon,,,Marriott Center,Provo,UT,
18567,2021-11-09,22:00,2022,regular,,final,Saint Mary's,Prairie View A&M,253,232,87,68,,WCC,SWAC,,,University Credit Union Pavilion,Moraga,CA,
18568,2021-11-09,22:00,2022,regular,,final,Washington,Northern Illinois,343,208,64,71,,Pac-12,MAC,,,Alaska Airlines Arena,Seattle,WA,
18569,2021-11-09,22:30,2022,regular,,final,San Diego,La Verne,258,573,103,38,,WCC,,,,Jenny Craig Pavilion,San Diego,CA,
18570,2021-11-09,22:30,2022,regular,,final,Oregon State,Portland State,224,231,73,64,,Pac-12,Big Sky,,,Gill Coliseum,Corvallis,OR,
18571,2021-11-09,22:30,2022,regular,,final,Arizona,Northern Arizona,11,206,81,52,,Pac-12,Big Sky,,,McKale Memorial Center,Tucson,AZ,
18572,2021-11-09,22:30,2022,regular,,final,San Francisco,Long Island University,259,146,98,64,,WCC,NEC,,,The Sobrato Center,San Francisco,CA,
18391,2021-11-09,23:00,2022,regular,,final,UCLA,Cal State Bakersfield,313,36,95,58,,Pac-12,Big West,,,Pauley Pavilion,Los Angeles,CA,
18576,2021-11-10,17:00,2022,regular,,final,Howard,Regent,114,733,118,54,,MEAC,,,,Burr Gymnasium,Washington,DC,
18574,2021-11-10,18:30,2022,regular,,final,Michigan,Buffalo,170,33,88,76,,Big Ten,MAC,,,Crisler Center,Ann Arbor,MI,
18577,2021-11-10,19:00,2022,regular,,final,Temple,Maryland Eastern Shore,289,159,72,49,,American,MEAC,,,Liacouras Center,Philadelphia,PA,
18578,2021-11-10,19:00,2022,regular,,final,Old Dominion,Virginia Wesleyan,219,803,80,60,,CUSA,,,,Chartway Arena,Norfolk,VA,
18579,2021-11-10,19:00,2022,regular,,final,James Madison,Carlow,129,1031,135,40,,CAA,,,,Atlantic Union Bank Center,Harrisonburg,VA,
18580,2021-11-10,19:00,2022,regular,,final,Rutgers,Lehigh,245,141,73,70,,Big Ten,Patriot,,,Jersey Mike’s Arena,Piscataway,NJ,
18581,2021-11-10,19:00,2022,regular,,final,Seton Hall,Fairleigh Dickinson,263,84,93,49,,Big East,NEC,,,Prudential Center,Newark,NJ,
18582,2021-11-10,19:00,2022,regular,,final,UCF,Robert Morris,312,244,69,59,,American,Horizon,,,Addition Financial Arena,Orlando,FL,
18583,2021-11-10,19:00,2022,regular,,final,Wake Forest,William & Mary,342,353,77,59,,ACC,CAA,,,LJVM Coliseum,Winston-Salem,NC,
18584,2021-11-10,19:00,2022,regular,,final,Western Michigan,Hope,351,1075,76,58,,MAC,,,,University Arena (MI),Kalamazoo,MI,
18585,2021-11-10,19:30,2022,regular,,final,Sam Houston,LeTourneau,255,648,97,54,,UAC,,,,Bernard G. Johnson Coliseum,Huntsville,TX,
18586,2021-11-10,20:00,2022,regular,,final,Saint Louis,Harris-Stowe State,252,758,127,54,,A-10,,,,Chaifetz Arena,St. Louis,MO,
18587,2021-11-10,20:00,2022,regular,,final,Kansas State,Florida A&M,132,85,67,57,,Big 12,SWAC,,,Bramlage Coliseum,Manhattan,KS,
18588,2021-11-10,20:00,2022,regular,,final,Vanderbilt,Alabama State,336,6,91,72,,SEC,SWAC,,,Memorial Gymnasium (TN),Nashville,TN,
18589,2021-11-10,20:00,2022,regular,,final,Mississippi State,North Alabama,174,197,75,49,,SEC,ASUN,,,Humphrey Coliseum,Starkville,MS,
18590,2021-11-10,20:00,2022,regular,,final,Tulsa,Northwestern State,304,211,82,75,,American,Southland,,,Reynolds Center,Tulsa,OK,
18591,2021-11-10,20:00,2022,regular,,final,Texas A&M,North Florida,293,203,64,46,,SEC,ASUN,,,Reed Arena,College Station,TX,
18592,2021-11-10,20:30,2022,regular,,final,Penn State,Youngstown State,226,361,75,59,,Big Ten,Horizon,,,Bryce Jordan Center,University Park,PA,
18575,2021-11-10,21:00,2022,regular,,final,Florida State,Pennsylvania,90,227,105,70,,ACC,Ivy,,,Tucker Center,Tallahassee,FL,
18593,2021-11-10,21:00,2022,regular,,final,Idaho,Long Beach State,117,145,89,95,,Big Sky,Big West,,,ICCU Arena,Moscow,ID,
18594,2021-11-10,21:00,2022,regular,,final,New Mexico,Florida Atlantic,191,86,99,92,,Mountain West,CUSA,,,The Pit,Albuquerque,NM,
18595,2021-11-10,21:00,2022,regular,,final,Wyoming,Detroit Mercy,358,69,85,47,,Mountain West,Horizon,,,Arena-Auditorium,Laramie,WY,
18596,2021-11-10,21:00,2022,regular,,final,DePaul,Coppin State,65,59,97,72,,Big East,MEAC,,,Wintrust Arena,Chicago,IL,
18597,2021-11-10,21:30,2022,regular,,final,Pacific,Northern Colorado,225,207,65,67,1,WCC,Big Sky,,,Stan Sheriff Center,Honolulu,HI,Outrigger Hotels Rainbow Classic
18598,2021-11-10,22:00,2022,regular,,final,UC Santa Barbara,San Francisco State,311,571,119,65,,Big West,,,,The Thunderdome,Santa Barbara,CA,
18599,2021-11-10,22:00,2022,regular,,final,Seattle U,Alcorn State,262,7,69,66,,UAC,SWAC,,,Redhawk Center,Seattle,WA,
18600,2021-11-10,22:00,2022,regular,,final,UNLV,Gardner-Webb,322,94,64,58,,Mountain West,Big South,,,Thomas & Mack Center,Las Vegas,NV,
18601,2021-11-10,23:59,2022,regular,,final,Hawai'i,Hawai'i Hilo,108,565,97,67,,Big West,,,,Stan Sheriff Center,Honolulu,HI,Outrigger Hotels Rainbow Classic
18603,2021-11-11,14:30,2022,regular,,final,South Dakota,Air Force,269,2,59,53,,Summit,Mountain West,,,Sanford Pentagon,Sioux Falls,SD,
18604,2021-11-11,18:00,2022,regular,,final,Morgan State,Penn State-Alleghany,182,946,126,71,,MEAC,,,,Hill Field House,Baltimore,MD,
18605,2021-11-11,18:00,2022,regular,,final,Northern Iowa,Vermont,209,337,57,71,,MVC,Am. East,,,McLeod Center,Cedar Falls,IA,
18602,2021-11-11,18:30,2022,regular,,final,Maryland,George Washington,160,96,71,64,,Big Ten,A-10,,,XFINITY Center,College Park,MD,
18606,2021-11-11,18:30,2022,regular,,final,UNC Asheville,Brevard,319,741,101,44,,Big South,,,,Kimmel Arena,Asheville,NC,
18607,2021-11-11,18:30,2022,regular,,final,Providence,Sacred Heart,235,250,92,64,,Big East,NEC,,,Amica Mutual Pavilion,Providence,RI,
18608,2021-11-11,19:00,2022,regular,,final,Norfolk State,Penn State - Wilkes-Barre,196,546,111,55,,MEAC,,,,Joseph G. Echols Hall,Norfolk,VA,
18609,2021-11-11,19:00,2022,regular,,final,Mount St. Mary's,Washington College (MD),183,500,117,62,,NEC,,,,Knott Arena,Emmitsburg,MD,
18610,2021-11-11,19:00,2022,regular,,final,Evansville,IU Indianapolis,82,115,60,40,,MVC,Horizon,,,Ford Center,Evansville,IN,
18611,2021-11-11,19:00,2022,regular,,final,Charleston,South Carolina State,46,267,106,74,,CAA,MEAC,,,TD Arena,Charleston,SC,Rising Coaches Classic
18612,2021-11-11,19:00,2022,regular,,final,NJIT,Merrimack,186,166,54,61,,Am. East,NEC,,,Joel & Diane Bloom Wellness and Events Center,Newark,NJ,
18613,2021-11-11,19:00,2022,regular,,final,Liberty,Regent,142,733,85,24,,ASUN,,,,Liberty Arena,Lynchburg,VA,
18614,2021-11-11,19:30,2022,regular,,final,Stephen F. Austin,Mary Hardin-Baylor,282,1044,76,63,,UAC,,,,William R. Johnson Coliseum,Nacogdoches,TX,
18615,2021-11-11,20:00,2022,regular,,final,Eastern Kentucky,Ohio Valley,78,1076,103,74,,ASUN,,,,Baptist Health Arena,Richmond,KY,
18616,2021-11-11,20:00,2022,regular,,final,Samford,Spring Hill,256,686,86,69,,SoCon,,,,Pete Hanna Center,Homewood,AL,
18617,2021-11-11,20:00,2022,regular,,final,TCU,McNeese,287,162,77,61,,Big 12,Southland,,,Schollmaier Arena,Fort Worth,TX,
18618,2021-11-11,20:30,2022,regular,,final,Arizona State,UC Riverside,10,309,65,66,,Pac-12,Big West,,,Desert Financial Arena,Tempe,AZ,
18619,2021-11-11,20:30,2022,regular,,final,Creighton,Kennesaw State,61,133,51,44,,Big East,ASUN,,,CHI Health Center Omaha,Omaha,NE,
18620,2021-11-11,21:30,2022,regular,,final,Hawai'i Hilo,Pacific,565,225,74,85,1,,WCC,,,Stan Sheriff Center,Honolulu,HI,Outrigger Hotels Rainbow Classic
18621,2021-11-11,22:00,2022,regular,,final,San José State,Cal State Fullerton,260,37,78,76,,Mountain West,Big West,,,Provident Credit Union Event Center,San Jose,CA,
18622,2021-11-11,22:30,2022,regular,,final,Washington,Northern Arizona,343,206,73,62,,Pac-12,Big Sky,,,Alaska Airlines Arena,Seattle,WA,
18623,2021-11-11,22:30,2022,regular,,final,Portland,Willamette,230,781,122,78,,WCC,,,,Chiles Center,Portland,OR,
18624,2021-11-11,22:30,2022,regular,,final,San Francisco,Prairie View A&M,259,232,92,76,,WCC,SWAC,,,The Sobrato Center,San Francisco,CA,
18625,2021-11-11,23:59,2022,regular,,final,Hawai'i,Northern Colorado,108,207,78,81,,Big West,Big Sky,,,Stan Sheriff Center,Honolulu,HI,Outrigger Hotels Rainbow Classic
18638,2021-11-12,12:00,2022,regular,,final,The Citadel,Morris College,299,507,108,67,,SoCon,,,,McAlister Field House,Charleston,SC,
18639,2021-11-12,13:00,2022,regular,,final,Georgia State,Northeastern,100,205,83,64,,Sun Belt,CAA,,,Georgia State Sports Arena,Atlanta,GA,
18640,2021-11-12,13:30,2022,regular,,final,Campbell,Hartford,41,363,68,67,1,Big South,Am. East,,,Cameron Indoor Stadium,Durham,NC,Duke Veterans Day Weekend Showcase
18641,2021-11-12,16:00,2022,regular,,final,Loyola Maryland,South Carolina State,152,267,75,65,1,Patriot,MEAC,,,TD Arena,Charleston,SC,Rising Coaches Classic
18642,2021-11-12,16:00,2022,regular,,final,Quinnipiac,Western New England,238,1021,103,52,,Metro,,,,M&T Bank Arena,Hamden,CT,
18643,2021-11-12,17:00,2022,regular,,final,Boston University,Gordon College,27,1077,85,61,,Patriot,,,,Case Gym,Boston,MA,
18644,2021-11-12,17:00,2022,regular,,final,UC Davis,Eastern Washington,307,80,84,76,,Big West,Big Sky,,,University Credit Union Center,Davis,CA,
18645,2021-11-12,17:00,2022,regular,,final,Maine,Maine-Farmington,154,1078,71,52,,Am. East,,,,Cross Insurance Center,Bangor,ME,
18646,2021-11-12,17:00,2022,regular,,final,Cal Poly,North Dakota State,35,202,57,60,,Big West,Summit,,,Mott Athletics Center,San Luis Obispo,CA,
18724,2021-11-12,17:00,2022,regular,,scheduled,Drexel,Fairleigh Dickinson,71,84,0,0,,CAA,NEC,,,Daskalakis Athletic Center,Philadelphia,PA,
18647,2021-11-12,18:00,2022,regular,,final,Richmond,Utah State,242,329,74,85,1,A-10,Mountain West,,,Alumni Hall (Navy),Annapolis,MD,
18648,2021-11-12,18:00,2022,regular,,final,Rhode Island,Bryant,240,31,83,64,,A-10,NEC,,,Thomas M. Ryan Center,Kingston,RI,Sunshine Slam - Regional Round Campus Game
18649,2021-11-12,18:00,2022,regular,,final,Eastern Michigan,Illinois State,79,119,103,98,,MAC,MVC,,,Gervin GameAbove Center,Ypsilanti,MI,
18650,2021-11-12,18:30,2022,regular,,final,App State,East Tennessee State,9,75,69,67,,Sun Belt,SoCon,,,Holmes Convocation Center,Boone,NC,
18651,2021-11-12,18:30,2022,regular,,final,Minnesota,Western Kentucky,173,350,73,69,1,Big Ten,CUSA,,,Harrah's Cherokee Center,Asheville,NC,Asheville Championship
18652,2021-11-12,18:30,2022,regular,,final,Xavier,Kent State,359,134,73,59,,Big East,MAC,,,Cintas Center,Cincinnati,OH,
18653,2021-11-12,18:30,2022,regular,,final,Butler,Central Arkansas,34,43,85,53,,Big East,ASUN,,,Hinkle Fieldhouse,Indianapolis,IN,
18654,2021-11-12,18:30,2022,regular,,final,Michigan State,Western Michigan,169,351,90,46,,Big Ten,MAC,,,Breslin Center,East Lansing,MI,
18634,2021-11-12,19:00,2022,regular,,final,Ohio State,Niagara,216,194,84,74,,Big Ten,Metro,,,Schottenstein Center,Columbus,OH,
18637,2021-11-12,19:00,2022,regular,,final,Virginia,Radford,339,239,73,52,,ACC,Big South,,,John Paul Jones Arena,Charlottesville,VA,
18655,2021-11-12,19:00,2022,regular,,final,Bowling Green,Ohio Wesleyan,28,611,101,60,,MAC,,,,Stroh Center,Bowling Green,OH,
18656,2021-11-12,19:00,2022,regular,,final,Western Illinois,Culver-Stockton,349,1079,91,69,,Summit,,,,Western Hall,Macomb,IL,
18657,2021-11-12,19:00,2022,regular,,final,Florida International,Trinity (FL),89,747,111,48,,CUSA,,,,Ocean Bank Convocation Center,Miami,FL,
18658,2021-11-12,19:00,2022,regular,,final,Delaware State,Salisbury,67,1080,78,91,,MEAC,,,,Memorial Hall (DE),Dover,DE,
18659,2021-11-12,19:00,2022,regular,,final,Northern Kentucky,UNC Greensboro,210,320,69,70,,Horizon,SoCon,,,Truist Arena,Highland Heights,KY,
18660,2021-11-12,19:00,2022,regular,,final,Presbyterian,VMI,233,334,73,72,,Big South,SoCon,,,Templeton Center,Clinton,SC,
18661,2021-11-12,19:00,2022,regular,,final,Longwood,Virginia-Lynchburg,147,584,80,46,,Big South,,,,Willett Hall,Farmville,VA,
18662,2021-11-12,19:00,2022,regular,,final,UAB,Morehead State,305,181,85,71,,CUSA,OVC,,,Bartow Arena,Birmingham,AL,
18663,2021-11-12,19:00,2022,regular,,final,Middle Tennessee,Bethune-Cookman,171,23,71,51,,CUSA,SWAC,,,Murphy Center,Murfreesboro,TN,
18664,2021-11-12,19:00,2022,regular,,final,Marshall,Wright State,158,357,96,88,,CUSA,Horizon,,,Cam Henderson Center,Huntington,WV,
18665,2021-11-12,19:00,2022,regular,,final,Ole Miss,Charleston Southern,220,47,93,68,,SEC,Big South,,,The Sandy and John Black Pavilion at Ole Miss,Oxford,MS,
18666,2021-11-12,19:00,2022,regular,,final,Charlotte,South Carolina Upstate,48,268,76,64,,CUSA,Big South,,,Halton Arena,Charlotte,NC,
18667,2021-11-12,19:00,2022,regular,,final,William & Mary,American University,353,8,62,74,,CAA,Patriot,,,Kaplan Arena,Williamsburg,VA,
18668,2021-11-12,19:00,2022,regular,,final,UNC Wilmington,Guilford,321,975,77,68,,CAA,,,,Trask Coliseum,Wilmington,NC,
18669,2021-11-12,19:00,2022,regular,,final,Elon,Randolph College,81,538,107,62,,CAA,,,,Schar Center,Elon,NC,
18670,2021-11-12,19:00,2022,regular,,final,Kentucky,Robert Morris,135,244,100,60,,SEC,Horizon,,,Rupp Arena,Lexington,KY,Kentucky Classic
18671,2021-11-12,19:00,2022,regular,,final,George Mason,Pennsylvania,95,227,87,66,,A-10,Ivy,,,EagleBank Arena,Fairfax,VA,
18672,2021-11-12,19:00,2022,regular,,final,Louisville,Furman,150,93,72,80,,ACC,SoCon,,,KFC Yum! Center,Louisville,KY,
18673,2021-11-12,19:00,2022,regular,,final,Clemson,Wofford,52,356,76,68,,ACC,SoCon,,,Littlejohn Coliseum,Clemson,SC,
18674,2021-11-12,19:00,2022,regular,,final,Boston College,Holy Cross,26,111,85,55,,ACC,Patriot,,,Conte Forum,Chestnut Hill,MA,Sunshine Slam - Regional Round Campus Game
18675,2021-11-12,19:00,2022,regular,,final,Duke,Army,72,15,82,56,,ACC,Patriot,,,Cameron Indoor Stadium,Durham,NC,Duke Veterans Day Weekend Showcase
18676,2021-11-12,19:00,2022,regular,,final,Columbia,Marist,58,156,67,82,,Ivy,Metro,,,Levien Gymnasium,New York,NY,
18677,2021-11-12,19:00,2022,regular,,final,Manhattan,Fordham,155,91,66,60,,Metro,A-10,,,Draddy Gymnasium,Riverdale,NY,
18678,2021-11-12,19:00,2022,regular,,final,East Carolina,Canisius,74,42,83,71,,American,Metro,,,Minges Coliseum,Greenville,NC,
18679,2021-11-12,19:00,2022,regular,,final,Rider,Coppin State,243,59,81,69,,Metro,MEAC,,,Alumni Gymnasium (Rider),Lawrenceville,NJ,
18680,2021-11-12,19:00,2022,regular,,final,Indiana,Northern Illinois,121,208,85,49,,Big Ten,MAC,,,Simon Skjodt Assembly Hall,Bloomington,IN,
18681,2021-11-12,19:30,2022,regular,,final,Louisiana Tech,Jackson State,149,126,70,68,,CUSA,SWAC,,,Thomas Assembly Center,Ruston,LA,
18682,2021-11-12,19:30,2022,regular,,final,Little Rock,Champion Christian,144,557,115,51,,Sun Belt,,,,Jack Stephens Center,Little Rock,AR,
18683,2021-11-12,19:30,2022,regular,,final,Lafayette,Cornell,138,60,85,90,,Patriot,Ivy,,,Kirby Sports Center,Easton,PA,
18684,2021-11-12,19:30,2022,regular,,final,Charleston,Lipscomb,46,143,86,77,,CAA,ASUN,,,TD Arena,Charleston,SC,Rising Coaches Classic
18685,2021-11-12,19:30,2022,regular,,final,Wake Forest,Western Carolina,342,348,87,75,,ACC,SoCon,,,LJVM Coliseum,Winston-Salem,NC,
18686,2021-11-12,19:30,2022,regular,,final,Georgia Tech,Stetson,101,283,77,52,,ACC,ASUN,,,McCamish Pavilion,Atlanta,GA,
18627,2021-11-12,20:00,2022,regular,,final,Kansas,Tarleton State,131,288,88,62,,Big 12,UAC,,,Allen Fieldhouse,Lawrence,KS,
18632,2021-11-12,20:00,2022,regular,,final,Alabama,South Dakota State,5,270,104,88,,SEC,Summit,,,Coleman Coliseum,Tuscaloosa,AL,
18633,2021-11-12,20:00,2022,regular,,final,Houston,Rice,113,241,79,46,,American,CUSA,,,Fertitta Center,Houston,TX,
18636,2021-11-12,20:00,2022,regular,,final,Auburn,UL Monroe,16,316,93,65,,SEC,Sun Belt,,,Neville Arena,Auburn,AL,
18687,2021-11-12,20:00,2022,regular,,final,Nicholls,Carver College,195,1016,120,52,,Southland,,,,David R. Stopher Gymnasium,Thibodaux,LA,
18688,2021-11-12,20:00,2022,regular,,final,SE Louisiana,Southeastern Baptist College,246,1081,128,58,,Southland,,,,Pride Roofing University Center,Hammond,LA,
18689,2021-11-12,20:00,2022,regular,,final,Southern Illinois,Austin Peay,273,17,73,55,,MVC,OVC,,,Banterra Center,Carbondale,IL,
18690,2021-11-12,20:00,2022,regular,,final,Southern Miss,Louisiana,275,148,45,66,,CUSA,Sun Belt,,,Reed Green Coliseum,Hattiesburg,MS,
18691,2021-11-12,20:00,2022,regular,,final,Texas Tech,Grambling,298,103,88,62,,Big 12,SWAC,,,United Supermarkets Arena,Lubbock,TX,
18692,2021-11-12,20:00,2022,regular,,final,Oklahoma State,Oakland,218,214,55,56,,Big 12,Horizon,,,Gallagher-Iba Arena,Stillwater,OK,
18693,2021-11-12,20:00,2022,regular,,final,Oklahoma,UTSA,217,328,96,44,,Big 12,CUSA,,,Lloyd Noble Center,Norman,OK,
18694,2021-11-12,20:00,2022,regular,,final,Wisconsin,Green Bay,355,105,72,34,,Big Ten,Horizon,,,Kohl Center,Madison,WI,
18695,2021-11-12,20:00,2022,regular,,final,Northwestern,High Point,212,109,95,60,,Big Ten,Big South,,,Welsh-Ryan Arena,Evanston,IL,
18696,2021-11-12,20:00,2022,regular,,final,Iowa,Kansas City,124,130,89,57,,Big Ten,Summit,,,Carver-Hawkeye Arena,Iowa City,IA,
18697,2021-11-12,20:00,2022,regular,,final,Iowa State,Oregon State,125,224,60,50,,Big 12,Pac-12,,,Hilton Coliseum,Ames,IA,
18698,2021-11-12,20:00,2022,regular,,final,LSU,Texas State,136,297,84,59,,SEC,Sun Belt,,,Pete Maravich Assembly Center,Baton Rouge,LA,
18699,2021-11-12,20:00,2022,regular,,final,Saint Louis,Eastern Illinois,252,77,86,44,,A-10,OVC,,,Chaifetz Arena,St. Louis,MO,
18700,2021-11-12,20:00,2022,regular,,final,Oral Roberts,Southwestern Christian,222,804,121,50,,Summit,,,,Mabee Center,Tulsa,OK,
18701,2021-11-12,20:00,2022,regular,,final,Utah Valley,Antelope Valley,332,966,82,48,,UAC,,,,UCCU Center,Orem,UT,
18702,2021-11-12,20:00,2022,regular,,final,Chicago State,SIU Edwardsville,50,247,67,56,,UAC,OVC,,,Jones Convocation Center,Chicago,IL,
18703,2021-11-12,20:00,2022,regular,,final,Texas A&M,Abilene Christian,293,1,81,80,,SEC,UAC,,,Reed Arena,College Station,TX,
18704,2021-11-12,20:00,2022,regular,,final,Yale,Massachusetts,360,161,91,71,,Ivy,A-10,,,John J. Lee Amphitheater,New Haven,CT,
18705,2021-11-12,20:00,2022,regular,,final,Denver,Ottawa (AZ),68,1022,71,72,,Summit,,,,Hamilton Gymnasium,Denver,CO,
18628,2021-11-12,20:30,2022,regular,,final,Purdue,Indiana State,236,122,92,67,,Big Ten,MVC,,,Mackey Arena,West Lafayette,IN,
18629,2021-11-12,20:30,2022,regular,,final,Baylor,Incarnate Word,20,120,87,60,,Big 12,Southland,,,Ferrell Center,Waco,TX,
18706,2021-11-12,20:30,2022,regular,,final,Nebraska,Sam Houston,188,255,74,65,,Big Ten,UAC,,,Pinnacle Bank Arena,Lincoln,NE,
18707,2021-11-12,20:30,2022,regular,,final,Marquette,New Hampshire,157,190,75,70,,Big East,Am. East,,,Fiserv Forum,Milwaukee,WI,
18708,2021-11-12,20:30,2022,regular,,final,Navy,Virginia Tech,187,340,57,77,,Patriot,ACC,,,Alumni Hall (Navy),Annapolis,MD,Veterans Classic
18709,2021-11-12,20:30,2022,regular,,final,West Virginia,Pittsburgh,347,229,74,59,,Big 12,ACC,,,WVU Coliseum,Morgantown,WV,
18630,2021-11-12,21:00,2022,regular,,final,Illinois,Arkansas State,118,13,92,53,,Big Ten,Sun Belt,,,State Farm Center,Champaign,IL,
18635,2021-11-12,21:00,2022,regular,,final,North Carolina,Brown,200,30,94,87,,ACC,Ivy,,,Dean E. Smith Center,Chapel Hill,NC,
18710,2021-11-12,21:00,2022,regular,,final,Idaho,George Fox,117,931,95,85,,Big Sky,,,,ICCU Arena,Moscow,ID,
18711,2021-11-12,21:00,2022,regular,,final,Utah Tech,Southern Utah,330,276,83,76,,UAC,Big Sky,,,Burns Arena,St. George,UT,
18712,2021-11-12,21:00,2022,regular,,final,Arizona,UT Rio Grande Valley,11,326,104,50,,Pac-12,UAC,,,McKale Memorial Center,Tucson,AZ,
18713,2021-11-12,21:00,2022,regular,,final,BYU,San Diego State,18,257,66,60,,WCC,Mountain West,,,Marriott Center,Provo,UT,
18714,2021-11-12,21:00,2022,regular,,final,Grand Canyon,North Florida,104,203,65,51,,UAC,ASUN,,,Global Credit Union Arena,Phoenix,AZ,
18715,2021-11-12,21:30,2022,regular,,final,South Carolina,Princeton,266,234,62,66,1,SEC,Ivy,,,Harrah's Cherokee Center,Asheville,NC,Asheville Championship
18716,2021-11-12,22:00,2022,regular,,final,Washington State,Seattle U,344,262,79,61,,Pac-12,UAC,,,Beasley Coliseum,Pullman,WA,
18717,2021-11-12,22:00,2022,regular,,final,Nevada,San Diego,189,258,68,75,,Mountain West,WCC,,,Lawlor Events Center,Reno,NV,
18718,2021-11-12,22:00,2022,regular,,final,Fresno State,Long Island University,92,146,84,60,,Mountain West,NEC,,,Save Mart Center,Fresno,CA,
18719,2021-11-12,22:00,2022,regular,,final,Colorado State,Arkansas-Pine Bluff,57,14,91,71,,Mountain West,SWAC,,,Moby Arena,Fort Collins,CO,
18720,2021-11-12,22:00,2022,regular,,final,Pepperdine,Idaho State,228,116,65,60,,WCC,Big Sky,,,Firestone Fieldhouse,Malibu,CA,
18721,2021-11-12,22:00,2022,regular,,final,Saint Mary's,Texas Southern,253,296,67,58,,WCC,SWAC,,,University Credit Union Pavilion,Moraga,CA,
18722,2021-11-12,22:30,2022,regular,,final,Portland State,Evergreen State,231,605,100,44,,Big Sky,,,,Viking Pavilion,Portland,OR,
18631,2021-11-12,23:00,2022,regular,,final,Oregon,SMU,223,248,86,63,,Pac-12,American,,,Matthew Knight Arena,Eugene,OR,
18723,2021-11-12,23:00,2022,regular,,final,Santa Clara,Stanford,261,281,88,72,,WCC,Pac-12,,,Leavey Center,Santa Clara,CA,
18626,2021-11-12,23:30,2022,regular,,final,UCLA,Villanova,313,338,86,77,,Pac-12,Big East,,,Pauley Pavilion,Los Angeles,CA,
18729,2021-11-13,12:00,2022,regular,,final,UConn,Coppin State,314,59,89,54,,Big East,MEAC,,,XL Center,Hartford,CT,
18730,2021-11-13,12:00,2022,regular,,final,South Florida,Georgia Southern,271,99,41,53,,American,Sun Belt,,,Yuengling Center,Tampa,FL,
18731,2021-11-13,12:00,2022,regular,,final,Notre Dame,Cal State Northridge,213,38,68,52,,ACC,Big West,,,Purcell Pavilion,South Bend,IN,
18732,2021-11-13,12:00,2022,regular,,final,Ball State,Omaha,19,221,73,69,,MAC,Summit,,,Worthen Arena,Muncie,IN,
18733,2021-11-13,12:30,2022,regular,,final,Tulane,Southern,303,274,70,73,,American,SWAC,,,Devlin Fieldhouse,New Orleans,LA,
18734,2021-11-13,13:00,2022,regular,,final,Nicholls,Carver College,195,1016,101,44,,Southland,,,,David R. Stopher Gymnasium,Thibodaux,LA,
18735,2021-11-13,13:00,2022,regular,,final,Valparaiso,UIC,335,315,70,74,,MVC,Horizon,,,Athletics-Recreation Center,Valparaiso,IN,
18736,2021-11-13,13:00,2022,regular,,final,Tulsa,Air Force,304,2,58,59,,American,Mountain West,,,Reynolds Center,Tulsa,OK,Sunshine Slam - Regional Round Campus Game
18737,2021-11-13,13:00,2022,regular,,final,Saint Joseph's,Mount St. Mary's,251,183,80,60,,A-10,NEC,,,Michael J. Hagan '85 Arena,Philadelphia,PA,
18738,2021-11-13,13:00,2022,regular,,final,Miami,UCF,168,312,89,95,,ACC,American,,,Watsco Center,Coral Gables,FL,
18739,2021-11-13,13:00,2022,regular,,final,Iona,Harvard,123,107,90,87,,Metro,Ivy,,,Hynes Athletics Center,New Rochelle,NY,
18728,2021-11-13,14:00,2022,regular,,final,Maryland,Vermont,160,337,68,57,,Big Ten,Am. East,,,XFINITY Center,College Park,MD,
18740,2021-11-13,14:00,2022,regular,,final,Winthrop,Mercer,354,164,88,85,,Big South,SoCon,,,Winthrop Coliseum,Rock Hill,SC,
18741,2021-11-13,14:00,2022,regular,,final,Rutgers,Merrimack,245,166,48,35,,Big Ten,NEC,,,Jersey Mike’s Arena,Piscataway,NJ,
18742,2021-11-13,14:00,2022,regular,,final,Georgetown,Dartmouth,97,62,60,69,,Big East,Ivy,,,Capital One Arena,Washington,DC,
18743,2021-11-13,14:00,2022,regular,,final,St. Francis Brooklyn,St. Thomas-Minnesota,364,280,73,91,,NEC,Summit,,,Pope Physical Education Center,Brooklyn,NY,
18744,2021-11-13,14:00,2022,regular,,final,Miami (OH),Lamar,167,139,104,75,,MAC,UAC,,,Millett Hall,Oxford,OH,
18745,2021-11-13,14:00,2022,regular,,final,NC State,Colgate,185,55,77,74,,ACC,Patriot,,,Lenovo Center,Raleigh,NC,
18746,2021-11-13,14:00,2022,regular,,final,Loyola Chicago,Florida Gulf Coast,151,88,89,77,,MVC,ASUN,,,Gentile Arena,Chicago,IL,
18747,2021-11-13,14:00,2022,regular,,final,Jacksonville,North Carolina A&T,127,198,63,54,,ASUN,Big South,,,Swisher Gymnasium,Jacksonville,FL,
18748,2021-11-13,14:30,2022,regular,,final,Army,Hartford,15,363,86,79,1,Patriot,Am. East,,,Cameron Hall,Lexington,VA,Duke Veterans Day Weekend Showcase
18727,2021-11-13,15:00,2022,regular,,final,Arkansas,Gardner-Webb,12,94,86,69,,SEC,Big South,,,Bud Walton Arena,Fayetteville,AR,
18749,2021-11-13,15:00,2022,regular,,final,University Of The Virgin Islands,North Alabama,1082,197,47,99,,,ASUN,,,UVI Sports & Fitness Center,Saint Thomas,Virgin Islands,
18750,2021-11-13,15:00,2022,regular,,final,UT Martin,Miami (OH)-Hamilton,325,610,94,66,,OVC,,,,Skyhawk Arena,Martin,TN,
18751,2021-11-13,15:00,2022,regular,,final,Bradley,Howard,29,114,64,76,,MVC,MEAC,,,Carver Arena,Peoria,IL,
18752,2021-11-13,16:00,2022,regular,,final,Florida Atlantic,Warner University,86,1083,78,56,,CUSA,,,,Eleanor R. Baldwin Arena,Boca Raton,FL,
18753,2021-11-13,16:00,2022,regular,,final,James Madison,Old Dominion,129,219,58,53,,CAA,CUSA,,,Atlantic Union Bank Center,Harrisonburg,VA,
18754,2021-11-13,16:00,2022,regular,,final,Wichita State,South Alabama,352,265,64,58,,American,Sun Belt,,,Charles Koch Arena,Wichita,KS,
18755,2021-11-13,16:00,2022,regular,,final,New Orleans,Spring Hill,193,686,79,41,,Southland,,,,Lakefront Arena,New Orleans,LA,
18756,2021-11-13,16:00,2022,regular,,final,La Salle,UAlbany,137,306,67,64,,A-10,Am. East,,,Tom Gola Arena,Philadelphia,PA,
18757,2021-11-13,16:00,2022,regular,,final,St. John's,Saint Peter's,279,254,91,70,,Big East,Metro,,,Carnesecca Arena,Queens,NY,
18758,2021-11-13,16:30,2022,regular,,final,Maryland Eastern Shore,Bryn Athyn,159,770,91,42,,MEAC,,,,Hytche Center,Princess Anne,MD,
18759,2021-11-13,17:00,2022,regular,,final,Tennessee State,Norfolk State,290,196,59,66,1,OVC,MEAC,,,Gateway Center,College Park,GA,HBCU Invitational
18760,2021-11-13,17:00,2022,regular,,final,Belmont,Evansville,22,82,81,43,,OVC,MVC,,,Curb Event Center Arena,Nashville,TN,
18761,2021-11-13,17:00,2022,regular,,final,Charleston,Loyola Maryland,46,152,79,72,,CAA,Patriot,,,TD Arena,Charleston,SC,Rising Coaches Classic
18762,2021-11-13,17:00,2022,regular,,final,Jacksonville State,Alabama A&M,128,4,70,47,,ASUN,SWAC,,,Pete Mathews Coliseum,Jacksonville,AL,
18763,2021-11-13,18:00,2022,regular,,final,Dayton,UMass Lowell,64,318,58,59,,A-10,Am. East,,,UD Arena,Dayton,OH,
18764,2021-11-13,18:00,2022,regular,,final,DePaul,Central Michigan,65,45,99,66,,Big East,MAC,,,Wintrust Arena,Chicago,IL,
18765,2021-11-13,18:30,2022,regular,,final,Southeast Missouri State,Youngstown State,272,361,79,97,,OVC,Horizon,,,Show Me Center,Cape Girardeau,MO,
18766,2021-11-13,18:30,2022,regular,,final,Colorado,New Mexico,56,191,87,76,,Pac-12,Mountain West,,,CU Events Center,Boulder,CO,
18726,2021-11-13,19:00,2022,regular,,final,Memphis,North Carolina Central,163,199,90,51,,American,MEAC,,,FedExForum,Memphis,TN,
18767,2021-11-13,19:00,2022,regular,,final,Temple,USC,289,323,71,76,,American,Pac-12,,,Liacouras Center,Philadelphia,PA,
18768,2021-11-13,19:00,2022,regular,,final,Milwaukee,Eastern Kentucky,172,78,71,77,,Horizon,ASUN,,,UW-Milwaukee Panther Arena,Milwaukee,WI,
18769,2021-11-13,19:00,2022,regular,,final,VCU,Wagner,333,341,44,58,,A-10,NEC,,,Siegel Center,Richmond,VA,
18770,2021-11-13,19:00,2022,regular,,final,Mississippi State,Montana,174,179,86,49,,SEC,Big Sky,,,Humphrey Coliseum,Starkville,MS,
18771,2021-11-13,19:00,2022,regular,,final,Cincinnati,Georgia,51,98,73,68,,American,SEC,,,Fifth Third Arena,Cincinnati,OH,
18772,2021-11-13,19:00,2022,regular,,final,Loyola Marymount,Phoenix,153,1084,74,67,,WCC,,,,Gersten Pavilion,Los Angeles,CA,
18773,2021-11-13,19:00,2022,regular,,final,Duquesne,Hofstra,73,110,63,73,,A-10,CAA,,,UPMC Cooper Fieldhouse,Pittsburgh,PA,
18774,2021-11-13,19:00,2022,regular,,final,Lehigh,NJIT,141,186,56,73,,Patriot,Am. East,,,Stabler Arena,Bethlehem,PA,
18775,2021-11-13,19:00,2022,regular,,final,Siena,Delaware,264,66,63,83,,Metro,CAA,,,MVP Arena,Albany,NY,
18776,2021-11-13,19:00,2022,regular,,final,Towson,Monmouth,301,178,71,79,,CAA,Metro,,,TU Arena,Towson,MD,
18777,2021-11-13,19:00,2022,regular,,final,Toledo,Detroit Mercy,300,69,81,73,,MAC,Horizon,,,Savage Arena,Toledo,OH,
18778,2021-11-13,19:00,2022,regular,,final,Akron,Point Park,3,865,102,46,,MAC,,,,James A. Rhodes Arena,Akron,OH,
18779,2021-11-13,19:00,2022,regular,,final,Cleveland State,Ohio,53,215,56,67,,Horizon,MAC,,,Wolstein Center,Cleveland,OH,
18780,2021-11-13,19:30,2022,regular,,final,Hampton,Regent,106,733,70,56,,Big South,,,,Convocation Center (VA),Hampton,VA,
18781,2021-11-13,20:00,2022,regular,,final,South Carolina State,Lipscomb,267,143,81,93,1,MEAC,ASUN,,,TD Arena,Charleston,SC,Rising Coaches Classic
18782,2021-11-13,20:00,2022,regular,,final,UT Arlington,Mary Hardin-Baylor,324,1044,104,75,,Sun Belt,,,,College Park Center,Arlington,TX,
18783,2021-11-13,20:00,2022,regular,,final,UNLV,California,322,40,55,52,,Mountain West,Pac-12,,,Thomas & Mack Center,Las Vegas,NV,
18784,2021-11-13,20:00,2022,regular,,final,Missouri State,Alabama State,176,6,78,60,,MVC,SWAC,,,Great Southern Bank Arena,Springfield,MO,
18785,2021-11-13,20:00,2022,regular,,final,Michigan,Prairie View A&M,170,232,77,49,1,Big Ten,SWAC,,,Entertainment & Sports Arena,Washington,DC,Coaches vs Racism
18786,2021-11-13,20:00,2022,regular,,final,Butler,Troy,34,302,70,59,,Big East,Sun Belt,,,Hinkle Fieldhouse,Indianapolis,IN,
18787,2021-11-13,20:00,2022,regular,,final,Houston Christian,Barclay College,112,1085,122,44,,Southland,,,,Sharp Gymnasium,Houston,TX,
18788,2021-11-13,20:00,2022,regular,,final,Portland,Alcorn State,230,7,62,58,,WCC,SWAC,,,Chiles Center,Portland,OR,
18789,2021-11-13,20:00,2022,regular,,final,Duke,Campbell,72,41,67,56,,ACC,Big South,,,Cameron Indoor Stadium,Durham,NC,Duke Veterans Day Weekend Showcase
18790,2021-11-13,20:00,2022,regular,,final,Murray State,Bellarmine,184,21,78,59,,OVC,ASUN,,,CFSB Center,Murray,KY,
18791,2021-11-13,20:30,2022,regular,,final,Northwestern State,Champion Christian,211,557,91,62,,Southland,,,,Prather Coliseum,Natchitoches,LA,
18792,2021-11-13,20:30,2022,regular,,final,San Francisco,Davidson,259,63,65,60,,WCC,A-10,,,Chase Center,San Francisco,CA,
18793,2021-11-13,21:00,2022,regular,,final,New Mexico State,UTEP,192,327,77,71,,UAC,CUSA,,,Pan American Center,Las Cruces,NM,
18794,2021-11-13,21:00,2022,regular,,final,UC Irvine,Boise State,308,25,58,50,,Big West,Mountain West,,,Bren Events Center,Irvine,CA,
18795,2021-11-13,21:30,2022,regular,,final,Utah,Sacramento State,331,249,89,56,,Pac-12,Big Sky,,,Jon M. Huntsman Center,Salt Lake City,UT,
18796,2021-11-13,21:30,2022,regular,,final,Northern Colorado,Hawai'i Hilo,207,565,79,87,1,Big Sky,,,,Stan Sheriff Center,Honolulu,HI,Outrigger Hotels Rainbow Classic
18797,2021-11-13,22:00,2022,regular,,final,UC San Diego,George Washington,310,96,75,55,,Big West,A-10,,,LionTree Arena,San Diego,CA,
18798,2021-11-13,22:00,2022,regular,,final,California Baptist,Mississippi Valley State,39,175,95,66,,UAC,SWAC,,,Dale E. and Sarah Ann Fowler Events Center,Riverside,CA,
18725,2021-11-13,22:30,2022,regular,,final,Gonzaga,Texas,102,295,86,74,,WCC,Big 12,,,McCarthey Athletic Center,Spokane,WA,
18799,2021-11-13,23:00,2022,regular,,final,Cal State Bakersfield,Life Pacific,36,570,85,60,,Big West,,,,Icardo Center,Bakersfield,CA,
18800,2021-11-13,23:59,2022,regular,,final,Hawai'i,Pacific,108,225,73,61,,Big West,WCC,,,Stan Sheriff Center,Honolulu,HI,Outrigger Hotels Rainbow Classic
18804,2021-11-14,10:30,2022,regular,,final,Lipscomb,Loyola Maryland,143,152,70,65,1,ASUN,Patriot,,,TD Arena,Charleston,SC,Rising Coaches Classic
18801,2021-11-14,12:00,2022,regular,,final,Tennessee,East Tennessee State,292,75,94,62,,SEC,SoCon,,,Food City Center,Knoxville,TN,
18805,2021-11-14,12:00,2022,regular,,final,Seton Hall,Yale,263,360,80,44,,Big East,Ivy,,,Prudential Center,Newark,NJ,Fort Myers Tip-Off - Campus Game
18802,2021-11-14,13:00,2022,regular,,final,Florida,Florida State,87,90,71,55,,SEC,ACC,,,Stephen C. O'Connell Center,Gainesville,FL,
18806,2021-11-14,13:00,2022,regular,,final,Indiana State,Hanover,122,1086,90,49,,MVC,,,,Hulman Center,Terre Haute,IN,
18807,2021-11-14,13:00,2022,regular,,final,Sacred Heart,Binghamton,250,24,60,72,,NEC,Am. East,,,William H. Pitt Center,Fairfield,CT,
18808,2021-11-14,14:00,2022,regular,,final,SE Louisiana,Paul Quinn,246,550,77,60,,Southland,,,,Pride Roofing University Center,Hammond,LA,
18809,2021-11-14,14:00,2022,regular,,final,Chattanooga,UNC Asheville,49,319,75,45,,SoCon,Big South,,,McKenzie Arena,Chattanooga,TN,
18810,2021-11-14,14:00,2022,regular,,final,Elon,Bluefield University,81,626,89,72,,CAA,,,,Schar Center,Elon,NC,
18811,2021-11-14,14:00,2022,regular,,final,Bucknell,Pennsylvania,32,227,68,73,,Patriot,Ivy,,,Sojka Pavilion,Lewisburg,PA,
18812,2021-11-14,15:00,2022,regular,,final,Little Rock,Arkansas Baptist,144,539,91,60,,Sun Belt,,,,Jack Stephens Center,Little Rock,AR,
18813,2021-11-14,15:00,2022,regular,,final,Longwood,Mid-Atlantic Christian,147,516,93,47,,Big South,,,,Willett Hall,Farmville,VA,
18814,2021-11-14,15:00,2022,regular,,final,UAB,Rhodes,305,649,98,61,,CUSA,,,,Bartow Arena,Birmingham,AL,
18815,2021-11-14,15:00,2022,regular,,final,Drake,South Dakota,70,269,99,50,,MVC,Summit,,,Knapp Center,Des Moines,IA,
18816,2021-11-14,15:00,2022,regular,,final,Oklahoma State,Prairie View A&M,218,232,72,59,,Big 12,SWAC,,,Gallagher-Iba Arena,Stillwater,OK,
18817,2021-11-14,15:00,2022,regular,,final,Stephen F. Austin,South Dakota State,282,270,71,83,,UAC,Summit,,,William R. Johnson Coliseum,Nacogdoches,TX,
18818,2021-11-14,15:00,2022,regular,,final,Texas A&M,Texas A&M-Corpus Christi,293,294,86,65,,SEC,Southland,,,Reed Arena,College Station,TX,
18819,2021-11-14,16:00,2022,regular,,final,Montana State,Rocky Mountain,180,919,81,52,,Big Sky,,,,Worthington Arena,Bozeman,MT,
18820,2021-11-14,16:00,2022,regular,,final,Wyoming,Arkansas-Pine Bluff,358,14,85,45,,Mountain West,SWAC,,,Arena-Auditorium,Laramie,WY,
18821,2021-11-14,16:00,2022,regular,,final,East Carolina,Western Carolina,74,348,95,79,,American,SoCon,,,Minges Coliseum,Greenville,NC,
18822,2021-11-14,16:00,2022,regular,,final,Brown,Central Connecticut,30,44,75,57,,Ivy,NEC,,,Pizzitola Sports Center,Providence,RI,
18823,2021-11-14,16:00,2022,regular,,final,Kennesaw State,Piedmont,133,503,81,57,,ASUN,,,,KSU Convocation Center,Kennesaw,GA,
18824,2021-11-14,16:00,2022,regular,,final,Boston College,Fairfield,26,83,72,64,,ACC,Metro,,,Conte Forum,Chestnut Hill,MA,
18803,2021-11-14,17:00,2022,regular,,final,St. Bonaventure,Canisius,277,42,69,60,,A-10,Metro,,,Reilly Center,Saint Bonaventure,NY,
18825,2021-11-14,17:00,2022,regular,,final,South Carolina,Western Kentucky,266,350,75,64,1,SEC,CUSA,,,Harrah's Cherokee Center,Asheville,NC,Asheville Championship
18826,2021-11-14,17:00,2022,regular,,final,UC Riverside,La Sierra,309,670,72,54,,Big West,,,,SRC Arena,Riverside,CA,
18827,2021-11-14,17:00,2022,regular,,final,Tennessee Tech,Oakwood,291,594,109,68,,OVC,,,,Hooper Eblen Center,Cookeville,TN,
18828,2021-11-14,17:00,2022,regular,,final,Syracuse,Drexel,286,71,75,60,,ACC,CAA,,,JMA Wireless Dome,Syracuse,NY,
18829,2021-11-14,17:00,2022,regular,,final,Rider,Delaware State,243,67,63,53,,Metro,MEAC,,,Alumni Gymnasium (Rider),Lawrenceville,NJ,
18830,2021-11-14,18:00,2022,regular,,final,Northern Iowa,Dubuque,209,553,95,58,,MVC,,,,McLeod Center,Cedar Falls,IA,
18831,2021-11-14,18:00,2022,regular,,final,Colorado State,Peru State,57,1039,88,62,,Mountain West,,,,Moby Arena,Fort Collins,CO,
18832,2021-11-14,18:00,2022,regular,,final,George Mason,Morgan State,95,182,90,53,,A-10,MEAC,,,EagleBank Arena,Fairfax,VA,
18833,2021-11-14,19:30,2022,regular,,final,Princeton,Minnesota,234,173,80,87,1,Ivy,Big Ten,,,Harrah's Cherokee Center,Asheville,NC,Asheville Championship
18834,2021-11-14,20:00,2022,regular,,final,Seattle U,Idaho State,262,116,77,51,,UAC,Big Sky,,,Climate Pledge Arena,Seattle,WA,
18835,2021-11-14,20:00,2022,regular,,final,Vanderbilt,Texas State,336,297,79,60,,SEC,Sun Belt,,,Memorial Gymnasium (TN),Nashville,TN,
18838,2021-11-15,12:00,2022,regular,,final,Baylor,Nicholls,20,195,89,60,,Big 12,Southland,,,Ferrell Center,Waco,TX,
18840,2021-11-15,17:00,2022,regular,,final,Kennesaw State,Carver College,133,1016,117,58,,ASUN,,,,KSU Convocation Center,Kennesaw,GA,
18841,2021-11-15,18:00,2022,regular,,final,South Carolina Upstate,St. Andrews,268,587,96,43,,Big South,,,,G.B. Hodge Center,Spartanburg,SC,
18842,2021-11-15,18:00,2022,regular,,final,Denver,IU Indianapolis,68,115,63,47,1,Summit,Horizon,,,UTSA Convocation Center,San Antonio,TX,
18839,2021-11-15,18:30,2022,regular,,final,Ohio State,Bowling Green,216,28,89,58,,Big Ten,MAC,,,Schottenstein Center,Columbus,OH,
18843,2021-11-15,18:30,2022,regular,,final,App State,William Peace,9,522,98,49,,Sun Belt,,,,Holmes Convocation Center,Boone,NC,
18844,2021-11-15,19:00,2022,regular,,final,Fordham,St. Thomas-Minnesota,91,280,84,78,,A-10,Summit,,,Rose Hill Gym,Bronx,NY,
18845,2021-11-15,19:00,2022,regular,,final,Wofford,Erskine,356,497,98,41,,SoCon,,,,Jerry Richardson Indoor Stadium,Spartanburg,SC,
18846,2021-11-15,19:00,2022,regular,,final,Morehead State,Kentucky Christian,181,590,82,57,,OVC,,,,Ellis T. Johnson Arena,Morehead,KY,
18847,2021-11-15,19:00,2022,regular,,final,Florida A&M,LeMoyne-Owen,85,930,95,70,,SWAC,,,,Al Lawson Center,Tallahassee,FL,
18848,2021-11-15,19:00,2022,regular,,final,Presbyterian,The Citadel,233,299,74,70,,Big South,SoCon,,,Templeton Center,Clinton,SC,
18849,2021-11-15,19:00,2022,regular,,final,UMBC,Penn State-York,317,496,85,47,,Am. East,,,,Chesapeake Employers Insurance Arena,Baltimore,MD,
18850,2021-11-15,19:00,2022,regular,,final,Marshall,Milligan,158,786,80,58,,CUSA,,,,Cam Henderson Center,Huntington,WV,
18851,2021-11-15,19:00,2022,regular,,final,St. Francis (PA),Franciscan University,278,788,100,54,,NEC,,,,DeGol Arena,Loretto,PA,
18852,2021-11-15,19:00,2022,regular,,final,Marquette,Illinois,157,118,67,66,,Big East,Big Ten,,,Fiserv Forum,Milwaukee,WI,Gavitt Tipoff Games
18853,2021-11-15,19:00,2022,regular,,final,South Florida,North Carolina A&T,271,198,56,54,,American,Big South,,,Yuengling Center,Tampa,FL,
18854,2021-11-15,19:00,2022,regular,,final,Duquesne,Weber State,73,345,59,63,,A-10,Big Sky,,,UPMC Cooper Fieldhouse,Pittsburgh,PA,
18855,2021-11-15,19:00,2022,regular,,final,UNC Greensboro,Coppin State,320,59,55,48,,SoCon,MEAC,,,First Horizon Coliseum,Greensboro,NC,
18856,2021-11-15,19:00,2022,regular,,final,Virginia Tech,Radford,340,239,65,39,,ACC,Big South,,,Cassell Coliseum,Blacksburg,VA,
18857,2021-11-15,19:00,2022,regular,,final,Clemson,Bryant,52,31,93,70,,ACC,NEC,,,Littlejohn Coliseum,Clemson,SC,
18858,2021-11-15,19:00,2022,regular,,final,LSU,Liberty,136,142,74,58,,SEC,ASUN,,,Pete Maravich Assembly Center,Baton Rouge,LA,
18859,2021-11-15,19:00,2022,regular,,final,Massachusetts,Penn State,161,226,81,56,,A-10,Big Ten,,,Mullins Center,Amherst,MA,
18860,2021-11-15,19:00,2022,regular,,final,Quinnipiac,Holy Cross,238,111,76,68,,Metro,Patriot,,,M&T Bank Arena,Hamden,CT,
18861,2021-11-15,19:00,2022,regular,,final,Old Dominion,Manhattan,219,155,79,58,,CUSA,Metro,,,Chartway Arena,Norfolk,VA,
18862,2021-11-15,19:00,2022,regular,,final,Ohio,Robert Morris,215,244,85,71,,MAC,Horizon,,,Convocation Center (OH),Athens,OH,Kentucky Classic
18863,2021-11-15,19:30,2022,regular,,final,Louisiana Tech,Jarvis Christian,149,846,91,61,,CUSA,,,,Thomas Assembly Center,Ruston,LA,
18864,2021-11-15,19:30,2022,regular,,final,Belmont,Furman,22,93,95,89,,OVC,SoCon,,,Curb Event Center Arena,Nashville,TN,
18865,2021-11-15,19:30,2022,regular,,final,McNeese,Champion Christian,162,557,116,66,,Southland,,,,Burton Coliseum,Lake Charles,LA,
18866,2021-11-15,19:30,2022,regular,,final,Georgia Tech,Lamar,101,139,75,66,,ACC,UAC,,,McCamish Pavilion,Atlanta,GA,
18867,2021-11-15,20:00,2022,regular,,final,Northern Arizona,Benedictine (AZ),206,821,97,48,,Big Sky,,,,J. Lawrence Walkup Skydome,Flagstaff,AZ,
18868,2021-11-15,20:00,2022,regular,,final,North Texas,Buffalo,204,33,66,69,,CUSA,MAC,,,The Super Pit,Denton,TX,
18869,2021-11-15,20:00,2022,regular,,final,SIU Edwardsville,Knox,247,1048,75,37,,OVC,,,,First Community Arena,Edwardsville,IL,
18870,2021-11-15,20:00,2022,regular,,final,Northern Colorado,Colorado College,207,572,93,53,,Big Sky,,,,Bank of Colorado Arena,Greeley,CO,
18871,2021-11-15,20:00,2022,regular,,final,Texas Tech,Prairie View A&M,298,232,84,49,,Big 12,SWAC,,,United Supermarkets Arena,Lubbock,TX,
18872,2021-11-15,20:00,2022,regular,,final,TCU,Southern Miss,287,275,83,51,,Big 12,CUSA,,,Schollmaier Arena,Fort Worth,TX,
18873,2021-11-15,20:00,2022,regular,,final,Missouri,Kansas City,177,130,66,80,,SEC,Summit,,,Mizzou Arena,Columbia,MO,
18874,2021-11-15,20:00,2022,regular,,final,SMU,Northwestern State,248,211,95,48,,American,Southland,,,Moody Coliseum,Dallas,TX,
18875,2021-11-15,20:00,2022,regular,,final,Colorado,Maine,56,154,90,46,,Pac-12,Am. East,,,CU Events Center,Boulder,CO,
18876,2021-11-15,20:00,2022,regular,,final,Louisville,Navy,150,187,77,60,,ACC,Patriot,,,KFC Yum! Center,Louisville,KY,
18877,2021-11-15,20:00,2022,regular,,final,North Dakota,Montana,201,179,79,77,,Summit,Big Sky,,,Betty Engelstad Sioux Center,Grand Forks,ND,
18878,2021-11-15,20:00,2022,regular,,final,Eastern Illinois,Central Michigan,77,45,61,62,,OVC,MAC,,,Groniger Arena,Charleston,IL,
18879,2021-11-15,20:30,2022,regular,,final,Arkansas State,Central Baptist College,13,1006,90,63,,Sun Belt,,,,First National Bank Arena,Jonesboro,AR,
18880,2021-11-15,20:30,2022,regular,,final,UTSA,East Texas A&M,328,76,62,65,,CUSA,,,,UTSA Convocation Center,San Antonio,TX,
18836,2021-11-15,21:00,2022,regular,,final,Gonzaga,Alcorn State,102,7,84,57,,WCC,SWAC,,,McCarthey Athletic Center,Spokane,WA,
18881,2021-11-15,21:00,2022,regular,,final,California,San Diego,40,258,75,70,,Pac-12,WCC,,,Haas Pavilion,Berkeley,CA,
18882,2021-11-15,21:00,2022,regular,,final,Washington,Texas Southern,343,296,72,65,,Pac-12,SWAC,,,Alaska Airlines Arena,Seattle,WA,
18883,2021-11-15,21:00,2022,regular,,final,Eastern Washington,Walla Walla,80,774,111,71,,Big Sky,,,,Reese Court,Cheney,WA,
18884,2021-11-15,21:00,2022,regular,,final,New Mexico,Grambling,191,103,86,61,,Mountain West,SWAC,,,The Pit,Albuquerque,NM,
18885,2021-11-15,21:00,2022,regular,,final,Wisconsin,Providence,355,235,58,63,,Big Ten,Big East,,,Kohl Center,Madison,WI,Gavitt Tipoff Games
18886,2021-11-15,21:00,2022,regular,,final,Tulsa,Oregon State,304,224,64,58,,American,Pac-12,,,Reynolds Center,Tulsa,OK,
18887,2021-11-15,21:00,2022,regular,,final,San Francisco,Samford,259,256,77,55,,WCC,SoCon,,,The Sobrato Center,San Francisco,CA,
18888,2021-11-15,21:00,2022,regular,,final,Arizona State,North Florida,10,203,72,63,,Pac-12,ASUN,,,Desert Financial Arena,Tempe,AZ,
18889,2021-11-15,22:00,2022,regular,,final,Utah,Bethune-Cookman,331,23,86,55,,Pac-12,SWAC,,,Jon M. Huntsman Center,Salt Lake City,UT,Sunshine Slam - Regional Round Campus Game
18890,2021-11-15,22:00,2022,regular,,final,Cal Poly,Sacramento State,35,249,57,58,,Big West,Big Sky,,,Mott Athletics Center,San Luis Obispo,CA,
18891,2021-11-15,22:00,2022,regular,,final,Fresno State,Idaho,92,117,69,62,,Mountain West,Big Sky,,,Save Mart Center,Fresno,CA,
18892,2021-11-15,22:00,2022,regular,,final,Pepperdine,Utah Valley,228,332,74,86,,WCC,UAC,,,Firestone Fieldhouse,Malibu,CA,
18893,2021-11-15,22:00,2022,regular,,final,Saint Mary's,Southern Utah,253,276,70,51,,WCC,Big Sky,,,University Credit Union Pavilion,Moraga,CA,
18894,2021-11-15,22:00,2022,regular,,final,UNLV,North Dakota State,322,202,64,62,,Mountain West,Summit,,,Thomas & Mack Center,Las Vegas,NV,
18837,2021-11-15,23:00,2022,regular,,final,UCLA,Long Beach State,313,145,100,79,,Pac-12,Big West,,,Pauley Pavilion,Los Angeles,CA,
18895,2021-11-15,23:00,2022,regular,,final,Washington State,UC Santa Barbara,344,311,73,65,,Pac-12,Big West,,,Beasley Coliseum,Pullman,WA,
18896,2021-11-15,23:00,2022,regular,,final,Stanford,San José State,281,260,76,62,,Pac-12,Mountain West,,,Maples Pavilion,Stanford,CA,
18905,2021-11-16,17:00,2022,regular,,final,Oklahoma State,UMass Lowell,218,318,80,58,1,Big 12,Am. East,,,Mohegan Sun Arena,Uncasville,CT,Basketball Hall of Fame Showcase
18904,2021-11-16,18:00,2022,regular,,final,Florida Gulf Coast,USC,88,323,61,78,,ASUN,Pac-12,,,Alico Arena,Fort Myers,FL,
18906,2021-11-16,18:00,2022,regular,,final,Texas A&M-Corpus Christi,IU Indianapolis,294,115,65,59,1,Southland,Horizon,,,UTSA Convocation Center,San Antonio,TX,
18907,2021-11-16,18:00,2022,regular,,final,Florida Atlantic,Miami,86,168,66,68,,CUSA,ACC,,,Eleanor R. Baldwin Arena,Boca Raton,FL,
18897,2021-11-16,18:30,2022,regular,,final,Villanova,Howard,338,114,100,81,,Big East,MEAC,,,Finneran Pavilion,Villanova,PA,
18898,2021-11-16,19:00,2022,regular,,final,Purdue,Wright State,236,357,96,52,,Big Ten,Horizon,,,Mackey Arena,West Lafayette,IN,
18899,2021-11-16,19:00,2022,regular,,final,Duke,Gardner-Webb,72,94,92,52,,ACC,Big South,,,Cameron Indoor Stadium,Durham,NC,
18908,2021-11-16,19:00,2022,regular,,final,Kent State,Oberlin,134,1087,84,38,,MAC,,,,M.A.C. Center,Kent,OH,
18909,2021-11-16,19:00,2022,regular,,final,Dartmouth,NVU-Lyndon,62,1088,114,74,,Ivy,,,,Leede Arena,Hanover,NH,
18910,2021-11-16,19:00,2022,regular,,final,Western Illinois,Iowa Wesleyan,349,1035,97,71,,Summit,,,,Western Hall,Macomb,IL,
18911,2021-11-16,19:00,2022,regular,,final,Mercer,Life University,164,848,78,50,,SoCon,,,,Hawkins Arena,Macon,GA,
18912,2021-11-16,19:00,2022,regular,,final,Vermont,WPI,337,596,81,48,,Am. East,,,,Patrick Gymnasium,Burlington,VT,
18913,2021-11-16,19:00,2022,regular,,final,Georgia Southern,Bob Jones,99,533,103,51,,Sun Belt,,,,Hanner Fieldhouse,Statesboro,GA,
18914,2021-11-16,19:00,2022,regular,,final,Cornell,Colgate,60,55,78,68,,Ivy,Patriot,,,Newman Arena,Ithaca,NY,
18915,2021-11-16,19:00,2022,regular,,final,VMI,Keystone,334,879,97,35,,SoCon,,,,Cameron Hall,Lexington,VA,
18916,2021-11-16,19:00,2022,regular,,final,Delaware State,Regent,67,733,84,30,,MEAC,,,,Memorial Hall (DE),Dover,DE,
18917,2021-11-16,19:00,2022,regular,,final,Purdue Fort Wayne,Austin Peay,237,17,65,60,,Horizon,OVC,,,Memorial Coliseum (IN),Fort Wayne,IN,
18918,2021-11-16,19:00,2022,regular,,final,Middle Tennessee,Winthrop,171,354,76,65,,CUSA,Big South,,,Murphy Center,Murfreesboro,TN,
18919,2021-11-16,19:00,2022,regular,,final,Chattanooga,Tennessee Tech,49,291,69,62,,SoCon,OVC,,,McKenzie Arena,Chattanooga,TN,
18920,2021-11-16,19:00,2022,regular,,final,Sacred Heart,Fisher College,250,693,109,49,,NEC,,,,William H. Pitt Center,Fairfield,CT,
18921,2021-11-16,19:00,2022,regular,,final,Evansville,Depauw,82,883,69,58,,MVC,,,,Ford Center,Evansville,IN,
18922,2021-11-16,19:00,2022,regular,,final,Cleveland State,Edinboro,53,1089,75,61,,Horizon,,,,Wolstein Center,Cleveland,OH,
18923,2021-11-16,19:00,2022,regular,,final,Norfolk State,William & Mary,196,353,91,74,,MEAC,CAA,,,Joseph G. Echols Hall,Norfolk,VA,
18924,2021-11-16,19:00,2022,regular,,final,Towson,Hampton,301,106,78,54,,CAA,Big South,,,TU Arena,Towson,MD,
18925,2021-11-16,19:00,2022,regular,,final,Northeastern,Boston University,205,27,49,48,,CAA,Patriot,,,Matthews Arena,Boston,MA,
18926,2021-11-16,19:00,2022,regular,,final,Eastern Kentucky,James Madison,78,129,78,79,,ASUN,CAA,,,Baptist Health Arena,Richmond,KY,
18927,2021-11-16,19:00,2022,regular,,final,Nebraska,Creighton,188,61,69,77,,Big Ten,Big East,,,Pinnacle Bank Arena,Lincoln,NE,Gavitt Tipoff Games
18928,2021-11-16,19:00,2022,regular,,final,Kentucky,Mount St. Mary's,135,183,80,55,,SEC,NEC,,,Rupp Arena,Lexington,KY,Kentucky Classic
18929,2021-11-16,19:00,2022,regular,,final,Georgia,South Carolina State,98,267,76,60,,SEC,MEAC,,,Stegeman Coliseum,Athens,GA,
18930,2021-11-16,19:00,2022,regular,,final,Cincinnati,Alabama A&M,51,4,89,66,,American,SWAC,,,Fifth Third Arena,Cincinnati,OH,
18931,2021-11-16,19:00,2022,regular,,final,Richmond,Georgia State,242,100,94,78,,A-10,Sun Belt,,,Robins Center,Richmond,VA,
18932,2021-11-16,19:00,2022,regular,,final,Pennsylvania,Lafayette,227,138,85,57,,Ivy,Patriot,,,The Palestra,Philadelphia,PA,
18933,2021-11-16,19:00,2022,regular,,final,Brown,Johnson & Wales (RI),30,808,98,47,,Ivy,,,,Pizzitola Sports Center,Providence,RI,
18934,2021-11-16,19:00,2022,regular,,final,Rutgers,NJIT,245,186,75,61,,Big Ten,Am. East,,,Jersey Mike’s Arena,Piscataway,NJ,
18935,2021-11-16,19:00,2022,regular,,final,Pittsburgh,UNC Wilmington,229,321,59,51,,ACC,CAA,,,Petersen Events Center,Pittsburgh,PA,
18936,2021-11-16,19:00,2022,regular,,final,UCF,Jacksonville,312,127,63,54,,American,ASUN,,,Addition Financial Arena,Orlando,FL,
18937,2021-11-16,19:00,2022,regular,,final,Troy,Jacksonville State,302,128,69,65,,Sun Belt,ASUN,,,Trojan Arena,Troy,AL,
18938,2021-11-16,19:00,2022,regular,,final,Iona,Hofstra,123,110,82,74,,Metro,CAA,,,Hynes Athletics Center,New Rochelle,NY,
18939,2021-11-16,19:00,2022,regular,,final,Siena,Yale,264,360,54,82,,Metro,Ivy,,,MVP Arena,Albany,NY,
18940,2021-11-16,19:00,2022,regular,,final,Fairfield,Medgar Evers,83,826,110,55,,Metro,,,,Total Mortgage Arena,Bridgeport,CT,
18941,2021-11-16,19:00,2022,regular,,final,Monmouth,Lehigh,178,141,85,75,,Metro,Patriot,,,OceanFirst Bank Center,West Long Branch,NJ,
18901,2021-11-16,19:30,2022,regular,,final,Alabama,South Alabama,5,265,73,68,,SEC,Sun Belt,,,Coleman Coliseum,Tuscaloosa,AL,
18942,2021-11-16,19:30,2022,regular,,final,Incarnate Word,Concordia-Texas,120,1090,78,82,,Southland,,,,McDermott Center,San Antonio,TX,
18943,2021-11-16,19:30,2022,regular,,final,UL Monroe,Champion Christian,316,557,114,59,,Sun Belt,,,,Fant-Ewing Coliseum,Monroe,LA,
18900,2021-11-16,20:00,2022,regular,,final,Memphis,Saint Louis,163,252,90,74,,American,A-10,,,FedExForum,Memphis,TN,
18902,2021-11-16,20:00,2022,regular,,final,Houston,Virginia,113,339,67,47,,American,ACC,,,Fertitta Center,Houston,TX,
18944,2021-11-16,20:00,2022,regular,,final,UIC,Trinity Christian (IL),315,681,91,50,,Horizon,,,,Credit Union 1 Arena,Chicago,IL,
18945,2021-11-16,20:00,2022,regular,,final,Tennessee State,Fisk,290,555,111,56,,OVC,,,,Gentry Center,Nashville,TN,
18946,2021-11-16,20:00,2022,regular,,final,Rice,Southern,241,274,81,63,,CUSA,SWAC,,,Tudor Fieldhouse,Houston,TX,
18947,2021-11-16,20:00,2022,regular,,final,Illinois State,Murray State,119,184,65,77,,MVC,OVC,,,CEFCU Arena,Normal,IL,
18948,2021-11-16,20:00,2022,regular,,final,Bradley,Missouri S&T,29,993,92,66,,MVC,,,,Carver Arena,Peoria,IL,
18949,2021-11-16,20:00,2022,regular,,final,Iowa State,Alabama State,125,6,68,60,,Big 12,SWAC,,,Hilton Coliseum,Ames,IA,
18950,2021-11-16,20:00,2022,regular,,final,Wichita State,Tarleton State,352,288,65,51,,American,UAC,,,Charles Koch Arena,Wichita,KS,
18951,2021-11-16,20:00,2022,regular,,final,Northwestern,New Orleans,212,193,83,67,,Big Ten,Southland,,,Welsh-Ryan Arena,Evanston,IL,
18952,2021-11-16,20:00,2022,regular,,final,UT Rio Grande Valley,Paul Quinn,326,550,85,68,,UAC,,,,UTRGV Fieldhouse,Edinburg,TX,
18953,2021-11-16,20:00,2022,regular,,final,Loyola Chicago,Chicago State,151,50,92,56,,MVC,UAC,,,Gentile Arena,Chicago,IL,
18954,2021-11-16,20:00,2022,regular,,final,UT Arlington,Abilene Christian,324,1,71,80,,Sun Belt,UAC,,,College Park Center,Arlington,TX,
18955,2021-11-16,20:00,2022,regular,,final,Central Connecticut,NC State,44,185,65,79,1,NEC,ACC,,,Mohegan Sun Arena,Uncasville,CT,Basketball Hall of Fame Showcase
18956,2021-11-16,20:00,2022,regular,,final,Notre Dame,High Point,213,109,70,61,,ACC,Big South,,,Purcell Pavilion,South Bend,IN,
18903,2021-11-16,20:30,2022,regular,,final,Charleston,North Carolina,46,200,83,94,,CAA,ACC,,,TD Arena,Charleston,SC,
18957,2021-11-16,20:30,2022,regular,,final,Georgetown,American University,97,8,79,57,,Big East,Patriot,,,Capital One Arena,Washington,DC,
18958,2021-11-16,20:30,2022,regular,,final,UTSA,Denver,328,68,78,64,,CUSA,Summit,,,UTSA Convocation Center,San Antonio,TX,
18959,2021-11-16,21:00,2022,regular,,final,UTEP,Northern New Mexico,327,720,88,53,,CUSA,,,,Don Haskins Center,El Paso,TX,
18960,2021-11-16,21:00,2022,regular,,final,Iowa,North Carolina Central,124,199,86,69,,Big Ten,MEAC,,,Carver-Hawkeye Arena,Iowa City,IA,
18961,2021-11-16,21:00,2022,regular,,final,Michigan,Seton Hall,170,263,65,67,,Big Ten,Big East,,,Crisler Center,Ann Arbor,MI,Gavitt Tipoff Games
18962,2021-11-16,21:00,2022,regular,,final,Santa Clara,Nevada,261,189,96,74,,WCC,Mountain West,,,Leavey Center,Santa Clara,CA,
18963,2021-11-16,21:00,2022,regular,,final,Arizona,North Dakota State,11,202,97,45,,Pac-12,Summit,,,McKale Memorial Center,Tucson,AZ,Roman Main Event - Campus Game
18964,2021-11-16,22:00,2022,regular,,final,UC Irvine,La Verne,308,573,100,41,,Big West,,,,Bren Events Center,Irvine,CA,
18965,2021-11-16,22:00,2022,regular,,final,UC San Diego,San Diego Christian,310,991,97,60,,Big West,,,,LionTree Arena,San Diego,CA,
18966,2021-11-16,22:00,2022,regular,,final,California Baptist,Jackson State,39,126,77,64,,UAC,SWAC,,,Dale E. and Sarah Ann Fowler Events Center,Riverside,CA,
18967,2021-11-16,22:00,2022,regular,,final,Pacific,Stanislaus State,225,698,65,46,,WCC,,,,Alex G. Spanos Center,Stockton,CA,
18968,2021-11-16,22:00,2022,regular,,final,Oregon,BYU,223,18,49,81,1,Pac-12,WCC,,,Moda Center,Portland,OR,Phil Knight Invitational
18969,2021-11-16,22:30,2022,regular,,final,Cal State Fullerton,George Washington,37,96,74,59,,Big West,A-10,,,Titan Gym,Fullerton,CA,
18975,2021-11-17,13:00,2022,regular,,final,Texas A&M,Houston Christian,293,112,73,39,,SEC,Southland,,,Reed Arena,College Station,TX,
18976,2021-11-17,14:00,2022,regular,,final,Texas A&M-Corpus Christi,Denver,294,68,69,67,1,Southland,Summit,,,UTSA Convocation Center,San Antonio,TX,
18977,2021-11-17,17:00,2022,regular,,final,UMass Lowell,Central Connecticut,318,44,77,53,1,Am. East,NEC,,,Mohegan Sun Arena,Uncasville,CT,Basketball Hall of Fame Showcase
18978,2021-11-17,17:30,2022,regular,,final,UTSA,IU Indianapolis,328,115,60,57,,CUSA,Horizon,,,UTSA Convocation Center,San Antonio,TX,
18979,2021-11-17,18:00,2022,regular,,final,Army,Merrimack,15,166,74,51,,Patriot,NEC,,,Christl Arena,West Point,NY,
18980,2021-11-17,18:00,2022,regular,,final,Rhode Island,Boston College,240,26,57,49,,A-10,ACC,,,Thomas M. Ryan Center,Kingston,RI,
18974,2021-11-17,18:30,2022,regular,,final,UConn,Long Island University,314,146,93,40,,Big East,NEC,,,Gampel Pavilion,Storrs,CT,
18973,2021-11-17,19:00,2022,regular,,final,Maryland,George Mason,160,95,66,71,,Big Ten,A-10,,,XFINITY Center,College Park,MD,
18981,2021-11-17,19:00,2022,regular,,final,Miami (OH),Stetson,167,283,80,65,,MAC,ASUN,,,Millett Hall,Oxford,OH,
18982,2021-11-17,19:00,2022,regular,,final,Butler,Michigan State,34,169,52,73,,Big East,Big Ten,,,Hinkle Fieldhouse,Indianapolis,IN,Gavitt Tipoff Games
18983,2021-11-17,19:00,2022,regular,,final,Saint Joseph's,Drexel,251,71,75,78,,A-10,CAA,,,Michael J. Hagan '85 Arena,Philadelphia,PA,
18984,2021-11-17,19:00,2022,regular,,final,Delaware,La Salle,66,137,85,82,,CAA,A-10,,,Bob Carpenter Center,Newark,DE,
18985,2021-11-17,19:00,2022,regular,,final,Dayton,Lipscomb,64,143,59,78,,A-10,ASUN,,,UD Arena,Dayton,OH,
18986,2021-11-17,19:00,2022,regular,,final,Columbia,Binghamton,58,24,85,77,,Ivy,Am. East,,,Levien Gymnasium,New York,NY,
18987,2021-11-17,19:00,2022,regular,,final,UAlbany,Harvard,306,107,53,60,,Am. East,Ivy,,,Broadview Center,Albany,NY,
18988,2021-11-17,19:00,2022,regular,,final,Coppin State,Loyola Maryland,59,152,71,49,,MEAC,Patriot,,,Physical Education Complex,Baltimore,MD,
18989,2021-11-17,19:00,2022,regular,,final,Wake Forest,Charleston Southern,342,47,95,59,,ACC,Big South,,,LJVM Coliseum,Winston-Salem,NC,
18990,2021-11-17,19:00,2022,regular,,final,Princeton,Marist,234,156,80,61,,Ivy,Metro,,,Jadwin Gymnasium,Princeton,NJ,
18991,2021-11-17,19:00,2022,regular,,final,Bucknell,Rider,32,243,81,74,,Patriot,Metro,,,Sojka Pavilion,Lewisburg,PA,
18992,2021-11-17,19:00,2022,regular,,final,Oakland,Toledo,214,300,80,59,,Horizon,MAC,,,OU Credit Union O'rena,Rochester,MI,
19013,2021-11-17,19:00,2022,regular,,cancelled,Maryland Eastern Shore,Hood College,159,912,0,0,,MEAC,,,,Hytche Center,Princess Anne,MD,
19014,2021-11-17,19:00,2022,regular,,cancelled,Wagner,Saint Peter's,341,254,0,0,,NEC,Metro,,,Spiro Sports Center,Staten Island,NY,
18971,2021-11-17,20:00,2022,regular,,final,Baylor,Central Arkansas,20,43,92,47,,Big 12,ASUN,,,Ferrell Center,Waco,TX,
18972,2021-11-17,20:00,2022,regular,,final,Arkansas,Northern Iowa,12,209,93,80,,SEC,MVC,,,Bud Walton Arena,Fayetteville,AR,
18993,2021-11-17,20:00,2022,regular,,final,Louisiana,Xavier (LA),148,622,84,72,,Sun Belt,,,,Cajundome,Lafayette,LA,
18994,2021-11-17,20:00,2022,regular,,final,Kansas City,Kansas Christian,130,614,99,36,,Summit,,,,Swinney Center,Kansas City,MO,
18995,2021-11-17,20:00,2022,regular,,final,Vanderbilt,VCU,336,333,37,48,,SEC,A-10,,,Memorial Gymnasium (TN),Nashville,TN,
18996,2021-11-17,20:00,2022,regular,,final,Mississippi State,Detroit Mercy,174,69,77,64,,SEC,Horizon,,,Humphrey Coliseum,Starkville,MS,
18997,2021-11-17,20:00,2022,regular,,final,South Dakota State,Montana State,270,180,91,74,,Summit,Big Sky,,,Frost Arena,Brookings,SD,
18998,2021-11-17,20:00,2022,regular,,final,NC State,Oklahoma State,185,218,68,74,1,ACC,Big 12,,,Mohegan Sun Arena,Uncasville,CT,Basketball Hall of Fame Showcase
18999,2021-11-17,20:00,2022,regular,,final,Florida State,Tulane,90,303,59,54,,ACC,American,,,Tucker Center,Tallahassee,FL,
19000,2021-11-17,20:00,2022,regular,,final,Kansas State,Omaha,132,221,79,64,,Big 12,Summit,,,Bramlage Coliseum,Manhattan,KS,
19001,2021-11-17,20:30,2022,regular,,final,Stanford,Valparaiso,281,335,74,60,,Pac-12,MVC,,,Maples Pavilion,Stanford,CA,
19002,2021-11-17,20:30,2022,regular,,final,Texas,Northern Colorado,295,207,62,49,,Big 12,Big Sky,,,Frank Erwin Center,Austin,TX,Abe Lemons Classic
19003,2021-11-17,20:30,2022,regular,,final,Sam Houston,Missouri State,255,176,55,77,,UAC,MVC,,,Bernard G. Johnson Coliseum,Huntsville,TX,
19004,2021-11-17,21:00,2022,regular,,final,Air Force,Texas Southern,2,296,61,57,,Mountain West,SWAC,,,Clune Arena,Colorado Springs,CO,
19005,2021-11-17,21:00,2022,regular,,final,Indiana,St. John's,121,279,76,74,,Big Ten,Big East,,,Simon Skjodt Assembly Hall,Bloomington,IN,Gavitt Tipoff Games
19006,2021-11-17,21:00,2022,regular,,final,Grand Canyon,Prairie View A&M,104,232,91,64,,UAC,SWAC,,,Global Credit Union Arena,Phoenix,AZ,
19007,2021-11-17,22:00,2022,regular,,final,Portland State,George Fox,231,931,104,58,,Big Sky,,,,Viking Pavilion,Portland,OR,
19008,2021-11-17,22:00,2022,regular,,final,Long Beach State,Utah Valley,145,332,78,84,,Big West,UAC,,,Walter Pyramid,Long Beach,CA,
19009,2021-11-17,22:00,2022,regular,,final,Pepperdine,UC Davis,228,307,72,67,,WCC,Big West,,,Firestone Fieldhouse,Malibu,CA,
19010,2021-11-17,22:00,2022,regular,,final,Loyola Marymount,Little Rock,153,144,82,63,,WCC,Sun Belt,,,Gersten Pavilion,Los Angeles,CA,Jacksonville Classic - Campus Game
19011,2021-11-17,22:00,2022,regular,,final,Saint Mary's,Bellarmine,253,21,73,64,,WCC,ASUN,,,University Credit Union Pavilion,Moraga,CA,
18970,2021-11-17,22:30,2022,regular,,final,UCLA,North Florida,313,203,98,63,,Pac-12,ASUN,,,Pauley Pavilion,Los Angeles,CA,
19012,2021-11-17,22:30,2022,regular,,final,San Diego,UC Riverside,258,309,74,62,,WCC,Big West,,,Jenny Craig Pavilion,San Diego,CA,
19017,2021-11-18,12:00,2022,regular,,final,New Mexico State,Davidson,192,63,75,64,1,UAC,A-10,,,The HTC Center,Conway,SC,Myrtle Beach Invitational
19018,2021-11-18,14:00,2022,regular,,final,Boise State,St. Bonaventure,25,277,61,67,1,Mountain West,A-10,,,TD Arena,Charleston,SC,Shriners Children's Charleston Classic
19019,2021-11-18,14:30,2022,regular,,final,Utah State,Pennsylvania,329,227,87,79,1,Mountain West,Ivy,,,The HTC Center,Conway,SC,Myrtle Beach Invitational
19020,2021-11-18,15:00,2022,regular,,final,UNC Greensboro,Green Bay,320,105,60,58,1,SoCon,Horizon,,,McArthur Center,St. Petersburg,FL,Jersey Mike's Classic
19021,2021-11-18,16:30,2022,regular,,final,Temple,Clemson,289,52,48,75,1,American,ACC,,,TD Arena,Charleston,SC,Shriners Children's Charleston Classic
19022,2021-11-18,17:00,2022,regular,,final,Akron,Wheeling,3,1063,99,38,,MAC,,,,James A. Rhodes Arena,Akron,OH,
19023,2021-11-18,17:30,2022,regular,,final,Weber State,Massachusetts,345,161,88,73,1,Big Sky,A-10,,,McArthur Center,St. Petersburg,FL,Jersey Mike's Classic
19016,2021-11-18,18:00,2022,regular,,final,Florida,Milwaukee,87,172,81,45,,SEC,Horizon,,,Stephen C. O'Connell Center,Gainesville,FL,
19024,2021-11-18,18:00,2022,regular,,final,UNC Asheville,Tennessee Tech,319,291,61,55,1,Big South,OVC,,,McKenzie Arena,Chattanooga,TN,
19025,2021-11-18,18:00,2022,regular,,final,North Carolina A&T,Greensboro College,198,954,77,69,,Big South,,,,Corbett Sports Center,Greensboro,NC,
19026,2021-11-18,18:30,2022,regular,,final,App State,Charlotte,9,48,66,67,,Sun Belt,CUSA,,,Holmes Convocation Center,Boone,NC,
19027,2021-11-18,18:30,2022,regular,,final,Xavier,Ohio State,359,216,71,65,,Big East,Big Ten,,,Cintas Center,Cincinnati,OH,Gavitt Tipoff Games
19028,2021-11-18,18:30,2022,regular,,final,Providence,New Hampshire,235,190,69,58,,Big East,Am. East,,,Amica Mutual Pavilion,Providence,RI,
19029,2021-11-18,19:00,2022,regular,,final,Colgate,SUNY Poly,55,624,97,50,,Patriot,,,,Cotterell Court,Hamilton,NY,
19030,2021-11-18,19:00,2022,regular,,final,The Citadel,Carver College,299,1016,102,49,,SoCon,,,,McAlister Field House,Charleston,SC,
19031,2021-11-18,19:00,2022,regular,,final,Hartford,Boston University,363,27,70,75,,Am. East,Patriot,,,Chase Arena,West Hartford,CT,
19032,2021-11-18,19:00,2022,regular,,final,East Tennessee State,South Carolina Upstate,75,268,56,43,,SoCon,Big South,,,Freedom Hall (TN),Johnson City,TN,
19033,2021-11-18,19:00,2022,regular,,final,Marshall,Campbell,158,41,65,67,,CUSA,Big South,,,Cam Henderson Center,Huntington,WV,
19034,2021-11-18,19:00,2022,regular,,final,UNC Wilmington,Coastal Carolina,321,54,65,53,,CAA,Sun Belt,,,Trask Coliseum,Wilmington,NC,
19035,2021-11-18,19:00,2022,regular,,final,Penn State,St. Francis Brooklyn,226,364,74,59,,Big Ten,NEC,,,Bryce Jordan Center,University Park,PA,Emerald Coast Classic - Campus Game
19036,2021-11-18,19:00,2022,regular,,final,Iowa,Alabama State,124,6,108,82,,Big Ten,SWAC,,,Carver-Hawkeye Arena,Iowa City,IA,
19037,2021-11-18,19:00,2022,regular,,final,South Carolina,UAB,266,305,66,63,,SEC,CUSA,,,Colonial Life Arena,Columbia,SC,
19038,2021-11-18,19:00,2022,regular,,final,Cincinnati,Presbyterian,51,233,79,45,,American,Big South,,,Fifth Third Arena,Cincinnati,OH,
19039,2021-11-18,19:00,2022,regular,,final,Ole Miss,Marquette,220,157,72,78,1,SEC,Big East,,,TD Arena,Charleston,SC,Shriners Children's Charleston Classic
19040,2021-11-18,19:00,2022,regular,,final,East Carolina,Oklahoma,74,217,74,79,1,American,Big 12,,,The HTC Center,Conway,SC,Myrtle Beach Invitational
19041,2021-11-18,19:00,2022,regular,,final,Western Michigan,Saginaw Valley State,351,942,63,80,,MAC,,,,University Arena (MI),Kalamazoo,MI,
19042,2021-11-18,19:00,2022,regular,,final,Northern Kentucky,Eastern Michigan,210,79,74,73,,Horizon,MAC,,,Truist Arena,Highland Heights,KY,
19043,2021-11-18,19:30,2022,regular,,final,Morehead State,Transylvania,181,1091,84,59,,OVC,,,,Ellis T. Johnson Arena,Morehead,KY,
19015,2021-11-18,20:00,2022,regular,,final,Kansas,Stony Brook,131,285,88,59,,Big 12,Am. East,,,Allen Fieldhouse,Lawrence,KS,
19044,2021-11-18,20:00,2022,regular,,final,South Carolina State,St. Andrews,267,587,67,53,,MEAC,,,,Smith-Hammond-Middleton Memorial Center,Orangeburg,SC,
19045,2021-11-18,20:00,2022,regular,,final,North Texas,UT Arlington,204,324,64,36,,CUSA,Sun Belt,,,The Super Pit,Denton,TX,
19046,2021-11-18,20:00,2022,regular,,final,Florida International,Ball State,89,19,73,60,1,CUSA,MAC,,,McArthur Center,St. Petersburg,FL,Jersey Mike's Classic
19047,2021-11-18,20:00,2022,regular,,final,Eastern Illinois,Rockford,77,676,96,64,,OVC,,,,Groniger Arena,Charleston,IL,
19048,2021-11-18,20:00,2022,regular,,final,Northern Arizona,Cal State Bakersfield,206,36,74,64,,Big Sky,Big West,,,Rolle Activity Center,Flagstaff,AZ,
19049,2021-11-18,20:00,2022,regular,,final,TCU,Nicholls,287,195,63,50,,Big 12,Southland,,,Schollmaier Arena,Fort Worth,TX,
19050,2021-11-18,20:00,2022,regular,,final,SMU,SE Louisiana,248,246,78,61,,American,Southland,,,Moody Coliseum,Dallas,TX,
19051,2021-11-18,20:00,2022,regular,,final,Oral Roberts,Haskell,222,680,89,46,,Summit,,,,Mabee Center,Tulsa,OK,
19052,2021-11-18,20:00,2022,regular,,final,LSU,McNeese,136,162,85,46,,SEC,Southland,,,Pete Maravich Assembly Center,Baton Rouge,LA,Emerald Coast Classic - Campus Game
19053,2021-11-18,20:00,2022,regular,,final,Virginia Tech,St. Francis (PA),340,278,85,55,,ACC,NEC,,,Cassell Coliseum,Blacksburg,VA,
19054,2021-11-18,20:00,2022,regular,,final,Missouri,Northern Illinois,177,208,54,37,,SEC,MAC,,,Mizzou Arena,Columbia,MO,Jacksonville Classic - Campus Game
19055,2021-11-18,20:30,2022,regular,,final,DePaul,Rutgers,65,245,73,70,,Big East,Big Ten,,,Wintrust Arena,Chicago,IL,Gavitt Tipoff Games
19056,2021-11-18,21:00,2022,regular,,final,Oregon State,Samford,224,256,77,78,,Pac-12,SoCon,,,Gill Coliseum,Corvallis,OR,Emerald Coast Classic - Campus Game
19057,2021-11-18,21:00,2022,regular,,final,Idaho,Washington State,117,344,61,109,,Big Sky,Pac-12,,,ICCU Arena,Moscow,ID,
19058,2021-11-18,21:00,2022,regular,,final,Northwestern,Fairleigh Dickinson,212,84,82,46,,Big Ten,NEC,,,Welsh-Ryan Arena,Evanston,IL,
19059,2021-11-18,21:15,2022,regular,,final,South Dakota State,Presentation College,270,1092,99,62,,Summit,,,,Frost Arena,Brookings,SD,
19060,2021-11-18,21:30,2022,regular,,final,West Virginia,Elon,347,81,87,68,1,Big 12,CAA,,,TD Arena,Charleston,SC,Shriners Children's Charleston Classic
19061,2021-11-18,21:30,2022,regular,,final,Old Dominion,Indiana State,219,122,36,77,1,CUSA,MVC,,,The HTC Center,Conway,SC,Myrtle Beach Invitational
19062,2021-11-18,22:00,2022,regular,,final,Seattle U,Morgan State,262,182,93,80,,UAC,MEAC,,,Redhawk Center,Seattle,WA,
19063,2021-11-18,22:00,2022,regular,,final,California,Southern Utah,40,276,75,68,,Pac-12,Big Sky,,,Haas Pavilion,Berkeley,CA,Fort Myers Tip-Off - Campus Game
19064,2021-11-18,22:00,2022,regular,,final,California Baptist,San José State,39,260,67,66,,UAC,Mountain West,,,Dale E. and Sarah Ann Fowler Events Center,Riverside,CA,Abe Lemons Classic
19065,2021-11-18,22:30,2022,regular,,final,San Diego State,Arizona State,257,10,65,63,,Mountain West,Pac-12,,,Viejas Arena,San Diego,CA,
19066,2021-11-18,22:30,2022,regular,,final,San Francisco,Nevada,259,189,73,70,,WCC,Mountain West,,,The Sobrato Center,San Francisco,CA,
19067,2021-11-18,23:00,2022,regular,,final,Washington,Wyoming,343,358,72,77,,Pac-12,Mountain West,,,Alaska Airlines Arena,Seattle,WA,
19068,2021-11-18,23:00,2022,regular,,final,Portland,Arkansas-Pine Bluff,230,14,86,74,,WCC,SWAC,,,Chiles Center,Portland,OR,
19075,2021-11-19,12:00,2022,regular,,final,Temple,Boise State,289,25,62,82,1,American,Mountain West,,,TD Arena,Charleston,SC,Shriners Children's Charleston Classic
19076,2021-11-19,12:00,2022,regular,,final,Utah State,New Mexico State,329,192,85,58,1,Mountain West,UAC,,,The HTC Center,Conway,SC,Myrtle Beach Invitational
19077,2021-11-19,13:00,2022,regular,,final,Colorado State,Bradley,57,29,66,60,1,Mountain West,MVC,,,UVI Sports & Fitness Center,Saint Thomas,Virgin Islands,Paradise Jam
19078,2021-11-19,14:00,2022,regular,,final,Utah Tech,Texas State,330,297,65,85,1,UAC,Sun Belt,,,Premier America Credit Union Arena,Northridge,CA,Empire Classic at CSUN
19079,2021-11-19,14:30,2022,regular,,final,Clemson,St. Bonaventure,52,277,65,68,1,ACC,A-10,,,TD Arena,Charleston,SC,Shriners Children's Charleston Classic
19080,2021-11-19,14:30,2022,regular,,final,Pennsylvania,Davidson,227,63,60,72,1,Ivy,A-10,,,The HTC Center,Conway,SC,Myrtle Beach Invitational
19081,2021-11-19,15:00,2022,regular,,final,Massachusetts,UNC Greensboro,161,320,93,90,1,A-10,SoCon,,,McArthur Center,St. Petersburg,FL,Jersey Mike's Classic
19082,2021-11-19,15:00,2022,regular,,final,North Dakota,Troy,201,302,74,72,1,Summit,Sun Belt,,,Eleanor R. Baldwin Arena,Boca Raton,FL,Paradise Classic
19083,2021-11-19,15:15,2022,regular,,final,Creighton,Brown,61,30,78,57,1,Big East,Ivy,,,UVI Sports & Fitness Center,Saint Thomas,Virgin Islands,Paradise Jam
19084,2021-11-19,16:00,2022,regular,,final,Vermont,Yale,337,360,61,53,,Am. East,Ivy,,,Patrick Gymnasium,Burlington,VT,
19085,2021-11-19,17:00,2022,regular,,final,Indiana State,Oklahoma,122,217,63,87,1,MVC,Big 12,,,The HTC Center,Conway,SC,Myrtle Beach Invitational
19086,2021-11-19,17:00,2022,regular,,final,Longwood,American University,147,8,82,42,,Big South,Patriot,,,Willett Hall,Farmville,VA,
19087,2021-11-19,17:00,2022,regular,,final,Cal State Northridge,Eastern Washington,38,80,64,67,,Big West,Big Sky,,,Premier America Credit Union Arena,Northridge,CA,Empire Classic at CSUN
19088,2021-11-19,17:00,2022,regular,,final,Youngstown State,St. Thomas-Minnesota,361,280,79,75,,Horizon,Summit,,,Beeghly Center,Youngstown,OH,
19089,2021-11-19,17:00,2022,regular,,final,Iona,Liberty,123,142,54,50,1,Metro,ASUN,,,HP Field House,Orlando,FL,MAAC/ASUN Challenge
19090,2021-11-19,17:30,2022,regular,,final,Ball State,Weber State,19,345,74,85,1,MAC,Big Sky,,,McArthur Center,St. Petersburg,FL,Jersey Mike's Classic
19091,2021-11-19,17:30,2022,regular,,final,Bowling Green,Norfolk State,28,196,84,90,,MAC,MEAC,,,Stroh Center,Bowling Green,OH,
19092,2021-11-19,17:45,2022,regular,,final,Duquesne,Northeastern,73,205,55,71,1,A-10,CAA,,,UVI Sports & Fitness Center,Saint Thomas,Virgin Islands,Paradise Jam
19093,2021-11-19,18:00,2022,regular,,final,Florida Atlantic,UT Martin,86,325,75,67,,CUSA,OVC,,,Eleanor R. Baldwin Arena,Boca Raton,FL,Paradise Classic
19094,2021-11-19,18:00,2022,regular,,final,Pittsburgh,Towson,229,301,63,59,,ACC,CAA,,,Petersen Events Center,Pittsburgh,PA,
19073,2021-11-19,18:30,2022,regular,,final,Maryland,Hofstra,160,110,69,67,,Big Ten,CAA,,,XFINITY Center,College Park,MD,
19095,2021-11-19,18:30,2022,regular,,final,Georgetown,Siena,97,264,83,65,,Big East,Metro,,,Capital One Arena,Washington,DC,
19074,2021-11-19,19:00,2022,regular,,final,South Florida,Auburn,271,16,52,58,,American,SEC,,,Amalie Arena,Tampa,FL,
19096,2021-11-19,19:00,2022,regular,,final,Cornell,Wells College,60,971,107,48,,Ivy,,,,Newman Arena,Ithaca,NY,
19097,2021-11-19,19:00,2022,regular,,final,West Virginia,Marquette,347,157,71,82,1,Big 12,Big East,,,TD Arena,Charleston,SC,Shriners Children's Charleston Classic
19098,2021-11-19,19:00,2022,regular,,final,Merrimack,Lehigh,166,141,55,45,,NEC,Patriot,,,Hammel Court,North Andover,MA,
19099,2021-11-19,19:00,2022,regular,,final,Furman,Radford,93,239,81,64,,SoCon,Big South,,,Timmons Arena,Greenville,SC,
19100,2021-11-19,19:00,2022,regular,,final,Robert Morris,Mount St. Mary's,244,183,70,74,,Horizon,NEC,,,UPMC Events Center,Moon Township,PA,Kentucky Classic
19101,2021-11-19,19:00,2022,regular,,final,Nebraska,Idaho State,188,116,78,60,,Big Ten,Big Sky,,,Pinnacle Bank Arena,Lincoln,NE,
19102,2021-11-19,19:00,2022,regular,,final,Minnesota,Purdue Fort Wayne,173,237,78,49,,Big Ten,Horizon,,,Williams Arena,Minneapolis,MN,
19103,2021-11-19,19:00,2022,regular,,final,George Washington,UMass Lowell,96,318,56,67,,A-10,Am. East,,,Charles E. Smith Center,Washington,DC,
19104,2021-11-19,19:00,2022,regular,,final,James Madison,George Mason,129,95,67,64,,CAA,A-10,,,Atlantic Union Bank Center,Harrisonburg,VA,
19105,2021-11-19,19:00,2022,regular,,final,Fordham,Maryland Eastern Shore,91,159,73,75,,A-10,MEAC,,,Rose Hill Gym,Bronx,NY,
19106,2021-11-19,19:00,2022,regular,,final,Maine,Maine-Fort Kent,154,579,75,43,,Am. East,,,,Cross Insurance Center,Bangor,ME,
19107,2021-11-19,19:00,2022,regular,,final,Virginia,Coppin State,339,59,68,52,,ACC,MEAC,,,John Paul Jones Arena,Charlottesville,VA,
19108,2021-11-19,19:00,2022,regular,,final,Kennesaw State,Belmont,133,22,78,97,,ASUN,OVC,,,KSU Convocation Center,Kennesaw,GA,
19109,2021-11-19,19:00,2022,regular,,final,Kentucky,Ohio,135,215,77,59,,SEC,MAC,,,Rupp Arena,Lexington,KY,Kentucky Classic
19110,2021-11-19,19:30,2022,regular,,final,Manhattan,North Alabama,155,197,55,51,1,Metro,ASUN,,,HP Field House,Orlando,FL,MAAC/ASUN Challenge
19111,2021-11-19,19:30,2022,regular,,final,Old Dominion,East Carolina,219,74,60,73,1,CUSA,American,,,The HTC Center,Conway,SC,Myrtle Beach Invitational
19112,2021-11-19,19:30,2022,regular,,final,Wofford,Hampton,356,106,77,60,,SoCon,Big South,,,Jerry Richardson Indoor Stadium,Spartanburg,SC,
19113,2021-11-19,19:30,2022,regular,,final,Southeast Missouri State,Arkansas State,272,13,60,72,,OVC,Sun Belt,,,Show Me Center,Cape Girardeau,MO,
19114,2021-11-19,19:30,2022,regular,,final,Western Carolina,UMBC,348,317,75,91,1,SoCon,Am. East,,,Willett Hall,Farmville,VA,
19115,2021-11-19,19:30,2022,regular,,final,Stephen F. Austin,Middle Tennessee,282,171,87,74,,UAC,CUSA,,,William R. Johnson Coliseum,Nacogdoches,TX,Cancun Challenge - Campus Game
19116,2021-11-19,19:45,2022,regular,,final,SIU Edwardsville,Niagara,247,194,60,70,1,OVC,Metro,,,Beeghly Center,Youngstown,OH,
19070,2021-11-19,20:00,2022,regular,,final,Duke,Lafayette,72,138,88,55,,ACC,Patriot,,,Cameron Indoor Stadium,Durham,NC,
19071,2021-11-19,20:00,2022,regular,,final,Memphis,Western Kentucky,163,350,74,62,,American,CUSA,,,FedExForum,Memphis,TN,
19072,2021-11-19,20:00,2022,regular,,final,Alabama,Oakland,5,214,86,59,,SEC,Horizon,,,Coleman Coliseum,Tuscaloosa,AL,
19117,2021-11-19,20:00,2022,regular,,final,Tarleton State,Paul Quinn,288,550,69,42,,UAC,,,,Wisdom Gym,Stephenville,TX,
19118,2021-11-19,20:00,2022,regular,,final,South Dakota,Southern,269,274,71,68,,Summit,SWAC,,,Sanford Coyote Sports Center,Vermillion,SD,
19119,2021-11-19,20:00,2022,regular,,final,Green Bay,Florida International,105,89,60,63,1,Horizon,CUSA,,,McArthur Center,St. Petersburg,FL,Jersey Mike's Classic
19120,2021-11-19,20:00,2022,regular,,final,New Orleans,Rice,193,241,78,83,,Southland,CUSA,,,Lakefront Arena,New Orleans,LA,
19121,2021-11-19,20:00,2022,regular,,final,Colorado,Southern Illinois,56,273,63,67,1,Pac-12,MVC,,,UVI Sports & Fitness Center,Saint Thomas,Virgin Islands,Paradise Jam
19122,2021-11-19,20:00,2022,regular,,final,Lamar,Stetson,139,283,59,60,,UAC,ASUN,,,Montagne Center,Beaumont,TX,
19123,2021-11-19,20:30,2022,regular,,final,Northwestern State,Louisiana Tech,211,149,64,83,,Southland,CUSA,,,Prather Coliseum,Natchitoches,LA,
19069,2021-11-19,21:00,2022,regular,,final,Gonzaga,Bellarmine,102,21,92,50,,WCC,ASUN,,,McCarthey Athletic Center,Spokane,WA,
19124,2021-11-19,21:00,2022,regular,,final,Elon,Ole Miss,81,220,56,74,1,CAA,SEC,,,TD Arena,Charleston,SC,Shriners Children's Charleston Classic
19125,2021-11-19,21:00,2022,regular,,final,Santa Clara,Cal Poly,261,35,87,57,,WCC,Big West,,,Leavey Center,Santa Clara,CA,
19126,2021-11-19,21:00,2022,regular,,final,Georgia,Georgia Tech,98,101,78,88,,SEC,ACC,,,Stegeman Coliseum,Athens,GA,
19127,2021-11-19,22:00,2022,regular,,final,San Diego,Cal State Fullerton,258,37,55,57,,WCC,Big West,,,Jenny Craig Pavilion,San Diego,CA,
19128,2021-11-19,22:00,2022,regular,,final,Pacific,UTEP,225,327,64,73,,WCC,CUSA,,,Alex G. Spanos Center,Stockton,CA,
19129,2021-11-19,22:00,2022,regular,,final,Arizona,Wichita State,11,352,82,78,1,Pac-12,American,,,T-Mobile Arena,Las Vegas,NV,Roman Main Event
19130,2021-11-20,01:00,2022,regular,,final,UNLV,Michigan,322,170,61,74,1,Mountain West,Big Ten,,,T-Mobile Arena,Las Vegas,NV,Roman Main Event
19132,2021-11-20,12:00,2022,regular,,final,UConn,Binghamton,314,24,87,63,,Big East,Am. East,,,XL Center,Hartford,CT,
19133,2021-11-20,12:00,2022,regular,,final,Bethune-Cookman,Bryant,23,31,81,75,1,SWAC,NEC,,,Ocean Center,Daytona Beach,FL,Sunshine Slam
19134,2021-11-20,12:00,2022,regular,,final,Saint Joseph's,Monmouth,251,178,75,87,,A-10,Metro,,,Michael J. Hagan '85 Arena,Philadelphia,PA,
19131,2021-11-20,13:00,2022,regular,,final,Baylor,Stanford,20,281,86,48,,Big 12,Pac-12,,,Ferrell Center,Waco,TX,
19135,2021-11-20,13:00,2022,regular,,final,Drake,Richmond,70,242,73,70,,MVC,A-10,,,Knapp Center,Des Moines,IA,
19136,2021-11-20,13:00,2022,regular,,final,Tennessee,Villanova,292,338,53,71,1,SEC,Big East,,,Mohegan Sun Arena,Uncasville,CT,Cheez-It Hall of Fame Tip-Off
19137,2021-11-20,13:00,2022,regular,,final,Quinnipiac,Central Connecticut,238,44,76,65,,Metro,NEC,,,M&T Bank Arena,Hamden,CT,
19138,2021-11-20,14:00,2022,regular,,final,Miami (OH),Heidelberg,167,813,90,45,,MAC,,,,Millett Hall,Oxford,OH,
19139,2021-11-20,14:00,2022,regular,,final,Youngstown State,SIU Edwardsville,361,247,66,69,,Horizon,OVC,,,Beeghly Center,Youngstown,OH,
19140,2021-11-20,14:00,2022,regular,,final,High Point,Howard,109,114,73,63,,Big South,MEAC,,,Qubein Center,High Point,NC,Legends Classic at High Point
19141,2021-11-20,14:00,2022,regular,,final,Evansville,UCF,82,312,59,75,,MVC,American,,,Ford Center,Evansville,IN,
19142,2021-11-20,14:00,2022,regular,,final,UT Rio Grande Valley,Northern Arizona,326,206,87,89,1,UAC,Big Sky,,,South Padre Island Convention Center,South Padre Island,TX,South Padre Island Battle on the Beach
19143,2021-11-20,14:00,2022,regular,,final,Harvard,MIT,107,1093,98,52,,Ivy,,,,Lavietes Pavilion,Cambridge,MA,
19144,2021-11-20,14:00,2022,regular,,final,Columbia,Mount Saint Vincent,58,968,87,62,,Ivy,,,,Levien Gymnasium,New York,NY,
19145,2021-11-20,14:00,2022,regular,,final,Dayton,Austin Peay,64,17,81,87,,A-10,OVC,,,UD Arena,Dayton,OH,
19146,2021-11-20,14:00,2022,regular,,final,Louisville,Detroit Mercy,150,69,73,67,,ACC,Horizon,,,KFC Yum! Center,Louisville,KY,
19147,2021-11-20,14:00,2022,regular,,final,North Florida,Webber International,203,802,103,43,,ASUN,,,,UNF Arena,Jacksonville,FL,
19148,2021-11-20,14:00,2022,regular,,final,Cleveland State,Canisius,53,42,80,70,,Horizon,Metro,,,Wolstein Center,Cleveland,OH,
19149,2021-11-20,14:00,2022,regular,,final,Buffalo,Rider,33,243,87,65,,MAC,Metro,,,Alumni Arena,Buffalo,NY,Cancun Challenge - Campus Game
19150,2021-11-20,14:30,2022,regular,,final,Air Force,Holy Cross,2,111,72,53,1,Mountain West,Patriot,,,Ocean Center,Daytona Beach,FL,Sunshine Slam
19151,2021-11-20,15:00,2022,regular,,final,Troy,UT Martin,302,325,80,67,1,Sun Belt,OVC,,,Eleanor R. Baldwin Arena,Boca Raton,FL,Paradise Classic
19152,2021-11-20,15:00,2022,regular,,final,Cal State Northridge,Utah Tech,38,330,79,73,,Big West,UAC,,,Premier America Credit Union Arena,Northridge,CA,Empire Classic at CSUN
19153,2021-11-20,15:00,2022,regular,,final,Charleston Southern,Bob Jones,47,533,119,63,,Big South,,,,Buccaneer Fieldhouse,Charleston,SC,
19154,2021-11-20,15:15,2022,regular,,final,Brown,Bradley,30,29,65,62,1,Ivy,MVC,,,UVI Sports & Fitness Center,Saint Thomas,Virgin Islands,Paradise Jam
19155,2021-11-20,16:00,2022,regular,,final,South Alabama,Mobile,265,819,78,45,,Sun Belt,,,,Mitchell Center,Mobile,AL,
19156,2021-11-20,16:00,2022,regular,,final,Gardner-Webb,Carver College,94,1016,100,38,,Big South,,,,Paul Porter Arena,Boiling Springs,NC,
19157,2021-11-20,16:00,2022,regular,,final,New Mexico,Montana State,191,180,81,78,,Mountain West,Big Sky,,,The Pit,Albuquerque,NM,
19158,2021-11-20,16:00,2022,regular,,final,Loyola Chicago,UIC,151,315,80,63,,MVC,Horizon,,,Gentile Arena,Chicago,IL,
19159,2021-11-20,16:00,2022,regular,,final,Delaware State,UNC Wilmington,67,321,63,67,,MEAC,CAA,,,Memorial Hall (DE),Dover,DE,
19160,2021-11-20,16:00,2022,regular,,final,VCU,Chattanooga,333,49,54,56,,A-10,SoCon,,,Siegel Center,Richmond,VA,
19161,2021-11-20,16:00,2022,regular,,final,La Salle,Army,137,15,61,58,,A-10,Patriot,,,Tom Gola Arena,Philadelphia,PA,
19162,2021-11-20,16:00,2022,regular,,final,UC Santa Barbara,Chicago State,311,50,81,50,,Big West,UAC,,,The Thunderdome,Santa Barbara,CA,
19163,2021-11-20,16:00,2022,regular,,final,Wake Forest,North Carolina A&T,342,198,87,63,,ACC,Big South,,,LJVM Coliseum,Winston-Salem,NC,Emerald Coast Classic - Campus Game
19164,2021-11-20,16:00,2022,regular,,final,North Carolina,Purdue,200,236,84,93,1,ACC,Big Ten,,,Mohegan Sun Arena,Uncasville,CT,Cheez-It Hall of Fame Tip-Off
19165,2021-11-20,16:15,2022,regular,,final,Central Arkansas,Oral Roberts,43,222,70,67,,ASUN,Summit,,,Farris Center,Conway,AR,
19166,2021-11-20,16:45,2022,regular,,final,St. Thomas-Minnesota,Niagara,280,194,76,67,1,Summit,Metro,,,Beeghly Center,Youngstown,OH,
19167,2021-11-20,17:00,2022,regular,,final,Georgia Southern,Hampton,99,106,86,66,1,Sun Belt,Big South,,,Jerry Richardson Indoor Stadium,Spartanburg,SC,
19168,2021-11-20,17:00,2022,regular,,final,Navy,Radford,187,239,47,33,1,Patriot,Big South,,,Timmons Arena,Greenville,SC,
19169,2021-11-20,17:00,2022,regular,,final,Longwood,UMBC,147,317,82,55,,Big South,Am. East,,,Willett Hall,Farmville,VA,
19170,2021-11-20,17:00,2022,regular,,final,William & Mary,Georgia State,353,100,59,77,1,CAA,Sun Belt,,,Qubein Center,High Point,NC,Legends Classic at High Point
19171,2021-11-20,17:00,2022,regular,,final,Saint Louis,Mercer,252,164,75,58,,A-10,SoCon,,,Chaifetz Arena,St. Louis,MO,Cancun Challenge - Campus Game
19172,2021-11-20,17:00,2022,regular,,final,Incarnate Word,Texas Tech,120,298,62,84,1,Southland,Big 12,,,South Padre Island Convention Center,South Padre Island,TX,South Padre Island Battle on the Beach
19173,2021-11-20,17:00,2022,regular,,final,Syracuse,Colgate,286,55,85,100,,ACC,Patriot,,,JMA Wireless Dome,Syracuse,NY,
19174,2021-11-20,17:00,2022,regular,,final,Boston College,Utah,26,331,61,68,1,ACC,Pac-12,,,Ocean Center,Daytona Beach,FL,Sunshine Slam
19175,2021-11-20,17:00,2022,regular,,final,Marist,VMI,156,334,78,74,,Metro,SoCon,,,McCann Arena,Poughkeepsie,NY,
19176,2021-11-20,17:00,2022,regular,,final,Michigan State,Eastern Michigan,169,79,83,59,,Big Ten,MAC,,,Breslin Center,East Lansing,MI,
19177,2021-11-20,17:45,2022,regular,,final,Colorado,Duquesne,56,73,84,76,1,Pac-12,A-10,,,UVI Sports & Fitness Center,Saint Thomas,Virgin Islands,Paradise Jam
19178,2021-11-20,18:00,2022,regular,,final,Texas,San José State,295,260,79,45,,Big 12,Mountain West,,,Frank Erwin Center,Austin,TX,Abe Lemons Classic
19179,2021-11-20,18:00,2022,regular,,final,St. John's,Fairleigh Dickinson,279,84,87,74,,Big East,NEC,,,Carnesecca Arena,Queens,NY,
19180,2021-11-20,18:00,2022,regular,,final,Florida Atlantic,North Dakota,86,201,98,79,,CUSA,Summit,,,Eleanor R. Baldwin Arena,Boca Raton,FL,Paradise Classic
19181,2021-11-20,18:00,2022,regular,,final,Liberty,Manhattan,142,155,60,76,1,ASUN,Metro,,,HP Field House,Orlando,FL,MAAC/ASUN Challenge
19182,2021-11-20,19:00,2022,regular,,final,UC Riverside,Bethesda University,309,592,95,57,,Big West,,,,SRC Arena,Riverside,CA,
19183,2021-11-20,19:00,2022,regular,,final,Illinois State,Bucknell,119,32,105,100,,MVC,Patriot,,,CEFCU Arena,Normal,IL,Cancun Challenge - Campus Game
19184,2021-11-20,19:30,2022,regular,,final,American University,Western Carolina,8,348,79,80,1,Patriot,SoCon,,,Willett Hall,Farmville,VA,
19185,2021-11-20,19:30,2022,regular,,final,Rhode Island,Tulsa,240,304,71,77,1,A-10,American,,,Ocean Center,Daytona Beach,FL,Sunshine Slam
19186,2021-11-20,19:30,2022,regular,,final,Eastern Kentucky,UAlbany,78,306,77,64,,ASUN,Am. East,,,Baptist Health Arena,Richmond,KY,Eastern Kentucky Invitational
19199,2021-11-20,19:30,2022,regular,,cancelled,Wagner,NJIT,341,186,0,0,,NEC,Am. East,,,Spiro Sports Center,Staten Island,NY,
19187,2021-11-20,20:00,2022,regular,,final,Alabama State,North Carolina Central,6,199,80,74,,SWAC,MEAC,,,Dunn-Oliver Acadome,Montgomery,AL,
19188,2021-11-20,20:00,2022,regular,,final,DePaul,Western Illinois,65,349,84,80,,Big East,Summit,,,Wintrust Arena,Chicago,IL,
19189,2021-11-20,20:00,2022,regular,,final,Vanderbilt,Winthrop,336,354,77,63,,SEC,Big South,,,Memorial Gymnasium (TN),Nashville,TN,
19190,2021-11-20,20:00,2022,regular,,final,Portland,Morgan State,230,182,74,63,,WCC,MEAC,,,Chiles Center,Portland,OR,
19191,2021-11-20,20:00,2022,regular,,final,Sacred Heart,Fairfield,250,83,61,71,,NEC,Metro,,,William H. Pitt Center,Fairfield,CT,
19192,2021-11-20,20:30,2022,regular,,final,North Alabama,Iona,197,123,65,81,1,ASUN,Metro,,,HP Field House,Orlando,FL,MAAC/ASUN Challenge
19193,2021-11-20,21:00,2022,regular,,final,UC Irvine,Pepperdine,308,228,82,48,,Big West,WCC,,,Bren Events Center,Irvine,CA,
19194,2021-11-20,21:00,2022,regular,,final,BYU,Central Methodist,18,1094,97,61,,WCC,,,,Marriott Center,Provo,UT,
19195,2021-11-20,21:00,2022,regular,,final,Montana,Omaha,179,221,68,47,,Big Sky,Summit,,,Dahlberg Arena,Missoula,MT,
19196,2021-11-20,22:00,2022,regular,,final,Sacramento State,UC San Diego,249,310,56,71,,Big Sky,Big West,,,The Nest,Sacramento,CA,
19197,2021-11-20,22:00,2022,regular,,final,San Diego State,UT Arlington,257,324,68,62,,Mountain West,Sun Belt,,,Viejas Arena,San Diego,CA,
19198,2021-11-20,23:00,2022,regular,,final,Eastern Washington,Texas State,80,297,74,81,1,Big Sky,Sun Belt,,,Premier America Credit Union Arena,Northridge,CA,Empire Classic at CSUN
19200,2021-11-21,10:30,2022,regular,,final,Elon,Temple,81,289,58,75,1,CAA,American,,,TD Arena,Charleston,SC,Shriners Children's Charleston Classic
19201,2021-11-21,12:00,2022,regular,,final,Weber State,Green Bay,345,105,68,58,1,Big Sky,Horizon,,,McArthur Center,St. Petersburg,FL,Jersey Mike's Classic
19202,2021-11-21,12:00,2022,regular,,final,Holy Cross,Bryant,111,31,62,78,1,Patriot,NEC,,,Ocean Center,Daytona Beach,FL,Sunshine Slam
19203,2021-11-21,12:00,2022,regular,,final,Xavier,Norfolk State,359,196,88,48,,Big East,MEAC,,,Cintas Center,Cincinnati,OH,
19204,2021-11-21,12:00,2022,regular,,final,Northern Illinois,Boston University,208,27,58,76,1,MAC,Patriot,,,UNF Arena,Jacksonville,FL,Jacksonville Classic
19205,2021-11-21,12:30,2022,regular,,final,Old Dominion,Pennsylvania,219,227,63,71,1,CUSA,Ivy,,,The HTC Center,Conway,SC,Myrtle Beach Invitational
19206,2021-11-21,13:00,2022,regular,,final,Purdue,Villanova,236,338,80,74,1,Big Ten,Big East,,,Mohegan Sun Arena,Uncasville,CT,Cheez-It Hall of Fame Tip-Off
19207,2021-11-21,13:00,2022,regular,,final,Ole Miss,Boise State,220,25,50,60,1,SEC,Mountain West,,,TD Arena,Charleston,SC,Shriners Children's Charleston Classic
19208,2021-11-21,13:00,2022,regular,,final,SIU Edwardsville,St. Thomas-Minnesota,247,280,73,86,1,OVC,Summit,,,Beeghly Center,Youngstown,OH,
19209,2021-11-21,14:00,2022,regular,,final,High Point,Georgia State,109,100,66,74,,Big South,Sun Belt,,,Qubein Center,High Point,NC,Legends Classic at High Point
19210,2021-11-21,14:00,2022,regular,,final,North Dakota,UT Martin,201,325,72,77,1,Summit,OVC,,,Eleanor R. Baldwin Arena,Boca Raton,FL,Paradise Classic
19211,2021-11-21,14:30,2022,regular,,final,Massachusetts,Ball State,161,19,86,89,1,A-10,MAC,,,McArthur Center,St. Petersburg,FL,Jersey Mike's Classic
19212,2021-11-21,14:30,2022,regular,,final,Bethune-Cookman,Air Force,23,2,65,73,1,SWAC,Mountain West,,,Ocean Center,Daytona Beach,FL,Sunshine Slam
19213,2021-11-21,14:30,2022,regular,,final,Sam Houston,Little Rock,255,144,77,59,1,UAC,Sun Belt,,,UNF Arena,Jacksonville,FL,Jacksonville Classic
19214,2021-11-21,15:00,2022,regular,,final,Oklahoma,Utah State,217,329,70,73,1,Big 12,Mountain West,,,The HTC Center,Conway,SC,Myrtle Beach Invitational
19215,2021-11-21,15:00,2022,regular,,final,South Dakota,Tennessee State,269,290,83,66,,Summit,OVC,,,Sanford Coyote Sports Center,Vermillion,SD,
19216,2021-11-21,15:00,2022,regular,,final,Oregon State,Princeton,224,234,80,81,,Pac-12,Ivy,,,Gill Coliseum,Corvallis,OR,
19217,2021-11-21,15:00,2022,regular,,final,Furman,Navy,93,187,66,77,,SoCon,Patriot,,,Timmons Arena,Greenville,SC,
19218,2021-11-21,15:00,2022,regular,,final,UAB,Alabama A&M,305,4,86,41,,CUSA,SWAC,,,Bartow Arena,Birmingham,AL,
19219,2021-11-21,15:00,2022,regular,,final,Mississippi State,Morehead State,174,181,66,46,,SEC,OVC,,,Humphrey Coliseum,Starkville,MS,
19220,2021-11-21,15:00,2022,regular,,final,Southern Miss,Lamar,275,139,82,75,,CUSA,UAC,,,Reed Green Coliseum,Hattiesburg,MS,
19221,2021-11-21,15:30,2022,regular,,final,North Carolina,Tennessee,200,292,72,89,1,ACC,SEC,,,Mohegan Sun Arena,Uncasville,CT,Cheez-It Hall of Fame Tip-Off
19222,2021-11-21,15:45,2022,regular,,final,Youngstown State,Niagara,361,194,53,58,,Horizon,Metro,,,Beeghly Center,Youngstown,OH,
19223,2021-11-21,16:00,2022,regular,,final,UTSA,Texas A&M-Corpus Christi,328,294,58,77,,CUSA,Southland,,,UTSA Convocation Center,San Antonio,TX,
19224,2021-11-21,16:00,2022,regular,,final,Longwood,Western Carolina,147,348,53,64,,Big South,SoCon,,,Willett Hall,Farmville,VA,
19225,2021-11-21,16:00,2022,regular,,final,Marshall,Jackson State,158,126,80,66,,CUSA,SWAC,,,Cam Henderson Center,Huntington,WV,
19226,2021-11-21,16:00,2022,regular,,final,Nebraska,Southern,188,274,82,59,,Big Ten,SWAC,,,Pinnacle Bank Arena,Lincoln,NE,
19227,2021-11-21,16:00,2022,regular,,final,Virginia Tech,Merrimack,340,166,72,43,,ACC,NEC,,,Cassell Coliseum,Blacksburg,VA,
19228,2021-11-21,16:00,2022,regular,,final,Denver,Houston Christian,68,112,74,61,,Summit,Southland,,,Hamilton Gymnasium,Denver,CO,
19229,2021-11-21,17:00,2022,regular,,final,William & Mary,Howard,353,114,76,82,1,CAA,MEAC,,,Qubein Center,High Point,NC,Legends Classic at High Point
19230,2021-11-21,17:00,2022,regular,,final,West Virginia,Clemson,347,52,66,59,1,Big 12,ACC,,,TD Arena,Charleston,SC,Shriners Children's Charleston Classic
19231,2021-11-21,17:00,2022,regular,,final,Rhode Island,Boston College,240,26,71,65,1,A-10,ACC,,,Ocean Center,Daytona Beach,FL,Sunshine Slam
19232,2021-11-21,17:00,2022,regular,,final,Wofford,Georgia Southern,356,99,70,52,,SoCon,Sun Belt,,,Jerry Richardson Indoor Stadium,Spartanburg,SC,
19233,2021-11-21,17:00,2022,regular,,final,Florida International,UNC Greensboro,89,320,74,71,1,CUSA,SoCon,,,McArthur Center,St. Petersburg,FL,Jersey Mike's Classic
19234,2021-11-21,17:30,2022,regular,,final,Loyola Marymount,Florida State,153,90,45,73,1,WCC,ACC,,,UNF Arena,Jacksonville,FL,Jacksonville Classic
19235,2021-11-21,17:45,2022,regular,,final,Creighton,Colorado State,61,57,81,95,1,Big East,Mountain West,,,UVI Sports & Fitness Center,Saint Thomas,Virgin Islands,Paradise Jam
19236,2021-11-21,18:00,2022,regular,,final,Florida Gulf Coast,Eckerd,88,1095,99,59,,ASUN,,,,Alico Arena,Fort Myers,FL,
19237,2021-11-21,18:00,2022,regular,,final,East Carolina,Davidson,74,63,67,76,1,American,A-10,,,The HTC Center,Conway,SC,Myrtle Beach Invitational
19238,2021-11-21,18:00,2022,regular,,final,Iowa State,Grambling,125,103,82,47,,Big 12,SWAC,,,Hilton Coliseum,Ames,IA,
19239,2021-11-21,18:00,2022,regular,,final,NC State,Texas Southern,185,296,65,57,,ACC,SWAC,,,Lenovo Center,Raleigh,NC,
19240,2021-11-21,19:30,2022,regular,,final,Marquette,St. Bonaventure,157,277,54,70,1,Big East,A-10,,,TD Arena,Charleston,SC,Shriners Children's Charleston Classic
19241,2021-11-21,19:30,2022,regular,,final,Tulsa,Utah,304,331,58,72,1,American,Pac-12,,,Ocean Center,Daytona Beach,FL,Sunshine Slam
19242,2021-11-21,19:30,2022,regular,,final,Indiana,Louisiana,121,148,76,44,,Big Ten,Sun Belt,,,Simon Skjodt Assembly Hall,Bloomington,IN,
19243,2021-11-21,20:00,2022,regular,,final,Southern Illinois,Northeastern,273,205,47,59,1,MVC,CAA,,,UVI Sports & Fitness Center,Saint Thomas,Virgin Islands,Paradise Jam
19244,2021-11-21,20:00,2022,regular,,final,SMU,Missouri,248,177,75,80,1,American,SEC,,,UNF Arena,Jacksonville,FL,Jacksonville Classic
19245,2021-11-21,20:00,2022,regular,,final,Miami,Florida A&M,168,85,86,59,,ACC,SWAC,,,Watsco Center,Coral Gables,FL,
19246,2021-11-21,20:30,2022,regular,,final,Indiana State,New Mexico State,122,192,66,80,1,MVC,UAC,,,The HTC Center,Conway,SC,Myrtle Beach Invitational
19247,2021-11-21,21:30,2022,regular,,final,Arizona,Michigan,11,170,80,62,1,Pac-12,Big Ten,,,T-Mobile Arena,Las Vegas,NV,Roman Main Event
19248,2021-11-21,22:00,2022,regular,,final,California Baptist,Northern Colorado,39,207,74,70,,UAC,Big Sky,,,Dale E. and Sarah Ann Fowler Events Center,Riverside,CA,Abe Lemons Classic
19249,2021-11-21,23:59,2022,regular,,final,UNLV,Wichita State,322,352,73,74,1,Mountain West,American,,,T-Mobile Arena,Las Vegas,NV,Roman Main Event
19253,2021-11-22,11:00,2022,regular,,final,Little Rock,Northern Illinois,144,208,67,60,1,Sun Belt,MAC,,,UNF Arena,Jacksonville,FL,Jacksonville Classic
19254,2021-11-22,11:00,2022,regular,,final,Rice,Evansville,241,82,109,104,1,CUSA,MVC,,,Hertz Arena,Estero,FL,Gulf Coast Showcase
19255,2021-11-22,12:00,2022,regular,,final,Toledo,Charlotte,300,48,98,86,1,MAC,CUSA,,,Baha Mar Convention Center,Nassau,,Nassau Championship
19256,2021-11-22,12:00,2022,regular,,final,James Madison,Kent State,129,134,69,74,1,CAA,MAC,,,Moe Kent Family Field House,Naples,FL,Naples Invitational
19257,2021-11-22,13:00,2022,regular,,final,Duquesne,Bradley,73,29,78,70,1,A-10,MVC,,,UVI Sports & Fitness Center,Saint Thomas,Virgin Islands,Paradise Jam
19258,2021-11-22,13:30,2022,regular,,final,Sam Houston,Boston University,255,27,59,72,1,UAC,Patriot,,,UNF Arena,Jacksonville,FL,Jacksonville Classic
19259,2021-11-22,13:30,2022,regular,,final,Vermont,Oakland,337,214,61,63,1,Am. East,Horizon,,,Hertz Arena,Estero,FL,Gulf Coast Showcase
19260,2021-11-22,14:00,2022,regular,,final,Wisconsin,Texas A&M,355,293,69,58,1,Big Ten,SEC,,,Michelob ULTRA Arena,Las Vegas,NV,Maui Jim Maui Invitational
19261,2021-11-22,14:30,2022,regular,,final,George Washington,Wright State,96,357,74,63,1,A-10,Horizon,,,Moe Kent Family Field House,Naples,FL,Naples Invitational
19262,2021-11-22,14:30,2022,regular,,final,Drexel,Tulane,71,303,87,90,1,CAA,American,,,Baha Mar Convention Center,Nassau,,Nassau Championship
19263,2021-11-22,15:00,2022,regular,,final,Cal Poly,Nicholls,35,195,72,75,1,Big West,Southland,,,JSerra Pavillion,San Juan Capistrano,CA,SoCal Challenge
19264,2021-11-22,15:00,2022,regular,,final,UL Monroe,Northwestern State,316,211,96,66,1,Sun Belt,Southland,,,Thomas Assembly Center,Ruston,LA,
19265,2021-11-22,15:25,2022,regular,,final,Colorado,Brown,56,30,54,52,1,Pac-12,Ivy,,,UVI Sports & Fitness Center,Saint Thomas,Virgin Islands,Paradise Jam
19266,2021-11-22,16:30,2022,regular,,final,Houston,Butler,113,34,70,52,1,American,Big East,,,Michelob ULTRA Arena,Las Vegas,NV,Maui Jim Maui Invitational
19267,2021-11-22,17:00,2022,regular,,final,Akron,Fordham,3,91,43,63,1,MAC,A-10,,,Hertz Arena,Estero,FL,Gulf Coast Showcase
19268,2021-11-22,17:30,2022,regular,,final,Utah Valley,Idaho,332,117,83,45,1,UAC,Big Sky,,,JSerra Pavillion,San Juan Capistrano,CA,SoCal Challenge
19269,2021-11-22,17:30,2022,regular,,final,East Tennessee State,Murray State,75,184,66,58,1,SoCon,OVC,,,Moe Kent Family Field House,Naples,FL,Naples Invitational
19270,2021-11-22,17:45,2022,regular,,final,Southern Illinois,Creighton,273,61,64,66,1,MVC,Big East,,,UVI Sports & Fitness Center,Saint Thomas,Virgin Islands,Paradise Jam
19271,2021-11-22,18:00,2022,regular,,final,SMU,Loyola Marymount,248,153,70,76,1,American,WCC,,,UNF Arena,Jacksonville,FL,Jacksonville Classic
19272,2021-11-22,18:00,2022,regular,,final,Ohio State,Seton Hall,216,263,79,76,1,Big Ten,Big East,,,Suncoast Credit Union Arena,Fort Myers,FL,Fort Myers Tip-Off
19273,2021-11-22,18:30,2022,regular,,final,Penn State,Cornell,226,60,85,74,,Big Ten,Ivy,,,Bryce Jordan Center,University Park,PA,
19274,2021-11-22,18:30,2022,regular,,final,Stony Brook,Sacred Heart,285,250,75,72,,Am. East,NEC,,,Island FCU Arena,Stony Brook,NY,
19275,2021-11-22,18:30,2022,regular,,final,Cincinnati,Illinois,51,118,71,51,1,American,Big Ten,,,T-Mobile Center,Kansas City,MO,Hall of Fame Classic Presented by Hotels.com
19251,2021-11-22,19:00,2022,regular,,final,Kentucky,UAlbany,135,306,86,61,,SEC,Am. East,,,Rupp Arena,Lexington,KY,
19276,2021-11-22,19:00,2022,regular,,final,Eastern Kentucky,Eastern Illinois,78,77,82,43,,ASUN,OVC,,,Baptist Health Arena,Richmond,KY,Eastern Kentucky Invitational
19277,2021-11-22,19:00,2022,regular,,final,Northern Kentucky,Western Illinois,210,349,67,69,,Horizon,Summit,,,Truist Arena,Highland Heights,KY,
19278,2021-11-22,19:00,2022,regular,,final,Florida Atlantic,Troy,86,302,78,83,,CUSA,Sun Belt,,,Eleanor R. Baldwin Arena,Boca Raton,FL,Paradise Classic
19279,2021-11-22,19:00,2022,regular,,final,Rutgers,Lafayette,245,138,51,53,,Big Ten,Patriot,,,Jersey Mike’s Arena,Piscataway,NJ,
19280,2021-11-22,19:00,2022,regular,,final,Nevada,South Dakota State,189,270,75,102,1,Mountain West,Summit,,,Sanford Pentagon,Sioux Falls,SD,Crossover Classic
19281,2021-11-22,19:00,2022,regular,,final,Richmond,Hofstra,242,110,81,68,,A-10,CAA,,,Robins Center,Richmond,VA,
19282,2021-11-22,19:00,2022,regular,,final,Cleveland State,Coppin State,53,59,65,62,,Horizon,MEAC,,,Wolstein Center,Cleveland,OH,
19283,2021-11-22,19:00,2022,regular,,final,Georgia Tech,Charleston Southern,101,47,85,70,,ACC,Big South,,,McCamish Pavilion,Atlanta,GA,
19284,2021-11-22,19:00,2022,regular,,final,Georgia,Virginia,98,339,55,65,1,SEC,ACC,,,Prudential Center,Newark,NJ,Roman Legends Classic
19285,2021-11-22,19:00,2022,regular,,final,Siena,Harvard,264,107,72,69,,Metro,Ivy,,,MVP Arena,Albany,NY,
19286,2021-11-22,19:00,2022,regular,,final,Canisius,Fredonia State,42,617,106,40,,Metro,,,,Koessler Athletic Center,Buffalo,NY,
19287,2021-11-22,19:00,2022,regular,,final,Ohio,Mount St. Mary's,215,183,73,59,,MAC,NEC,,,Convocation Center (OH),Athens,OH,Kentucky Classic
19288,2021-11-22,19:30,2022,regular,,final,McNeese,Carver College,162,1016,98,54,,Southland,,,,Burton Coliseum,Lake Charles,LA,
19289,2021-11-22,19:30,2022,regular,,final,App State,Delaware,9,66,68,75,1,Sun Belt,CAA,,,Hertz Arena,Estero,FL,Gulf Coast Showcase
19290,2021-11-22,20:00,2022,regular,,final,South Alabama,William Carey,265,560,96,53,,Sun Belt,,,,Mitchell Center,Mobile,AL,
19291,2021-11-22,20:00,2022,regular,,final,SE Louisiana,Ecclesia,246,668,121,79,,Southland,,,,Pride Roofing University Center,Hammond,LA,
19292,2021-11-22,20:00,2022,regular,,final,Northeastern,Colorado State,205,57,61,71,1,CAA,Mountain West,,,UVI Sports & Fitness Center,Saint Thomas,Virgin Islands,Paradise Jam
19293,2021-11-22,20:00,2022,regular,,final,Southeast Missouri State,Missouri Baptist,272,915,71,63,,OVC,,,,Show Me Center,Cape Girardeau,MO,
19294,2021-11-22,20:00,2022,regular,,final,Oklahoma State,Charleston,218,46,96,66,,Big 12,CAA,,,Gallagher-Iba Arena,Stillwater,OK,
19295,2021-11-22,20:00,2022,regular,,final,LSU,Belmont,136,22,83,53,,SEC,OVC,,,Pete Maravich Assembly Center,Baton Rouge,LA,
19296,2021-11-22,20:00,2022,regular,,final,Northern Arizona,UT Rio Grande Valley,206,326,80,82,,Big Sky,UAC,,,Rolle Activity Center,Flagstaff,AZ,
19297,2021-11-22,20:00,2022,regular,,final,Missouri State,Long Beach State,176,145,92,66,1,MVC,Big West,,,Moe Kent Family Field House,Naples,FL,Naples Invitational
19298,2021-11-22,20:00,2022,regular,,final,Bellarmine,UCLA,21,313,62,75,1,ASUN,Pac-12,,,T-Mobile Arena,Las Vegas,NV,Good Sam Empire Classic
19299,2021-11-22,20:00,2022,regular,,final,North Dakota State,Tarleton State,202,288,54,53,,Summit,UAC,,,Scheels Center,Fargo,ND,
19300,2021-11-22,20:30,2022,regular,,final,Missouri,Florida State,177,90,58,81,1,SEC,ACC,,,UNF Arena,Jacksonville,FL,Jacksonville Classic
19301,2021-11-22,20:30,2022,regular,,final,California,Florida,40,87,60,80,1,Pac-12,SEC,,,Suncoast Credit Union Arena,Fort Myers,FL,Fort Myers Tip-Off
19302,2021-11-22,20:30,2022,regular,,final,Iowa,Western Michigan,124,351,109,61,,Big Ten,MAC,,,Carver-Hawkeye Arena,Iowa City,IA,
19250,2021-11-22,21:00,2022,regular,,final,Duke,The Citadel,72,299,107,81,,ACC,SoCon,,,Cameron Indoor Stadium,Durham,NC,
19303,2021-11-22,21:00,2022,regular,,final,Washington State,Winthrop,344,354,92,86,,Pac-12,Big South,,,Beasley Coliseum,Pullman,WA,
19304,2021-11-22,21:00,2022,regular,,final,UTEP,UC Riverside,327,309,40,52,,CUSA,Big West,,,Don Haskins Center,El Paso,TX,
19305,2021-11-22,21:00,2022,regular,,final,Idaho State,Kansas City,116,130,58,74,,Big Sky,Summit,,,Reed Gym,Pocatello,ID,
19306,2021-11-22,21:00,2022,regular,,final,New Mexico,Western New Mexico,191,558,88,63,,Mountain West,,,,The Pit,Albuquerque,NM,
19307,2021-11-22,21:00,2022,regular,,final,Grand Canyon,Wyoming,104,358,61,68,,UAC,Mountain West,,,Global Credit Union Arena,Phoenix,AZ,
19308,2021-11-22,21:00,2022,regular,,final,San Francisco,Morgan State,259,182,83,67,,WCC,MEAC,,,The Sobrato Center,San Francisco,CA,
19309,2021-11-22,21:00,2022,regular,,final,Kansas State,Arkansas,132,12,64,72,1,Big 12,SEC,,,T-Mobile Center,Kansas City,MO,Hall of Fame Classic Presented by Hotels.com
19310,2021-11-22,21:00,2022,regular,,final,Chaminade,Oregon,902,223,49,73,1,,Pac-12,,,Michelob ULTRA Arena,Las Vegas,NV,Maui Jim Maui Invitational
19311,2021-11-22,21:00,2022,regular,,final,Valparaiso,Jacksonville State,335,128,78,70,1,MVC,ASUN,,,Baha Mar Convention Center,Nassau,,Nassau Championship
19312,2021-11-22,21:30,2022,regular,,final,Washington,George Mason,343,95,77,74,1,Pac-12,A-10,,,Sanford Pentagon,Sioux Falls,SD,Crossover Classic
19313,2021-11-22,21:30,2022,regular,,final,Northwestern,Providence,212,235,72,77,1,Big Ten,Big East,,,Prudential Center,Newark,NJ,Roman Legends Classic
19314,2021-11-22,22:00,2022,regular,,final,Cal State Bakersfield,Colorado College,36,572,99,54,,Big West,,,,Icardo Center,Bakersfield,CA,
19315,2021-11-22,22:00,2022,regular,,final,Seattle U,Arkansas-Pine Bluff,262,14,77,56,,UAC,SWAC,,,Climate Pledge Arena,Seattle,WA,
19316,2021-11-22,22:00,2022,regular,,final,Pacific,Chicago State,225,50,74,58,,WCC,UAC,,,Alex G. Spanos Center,Stockton,CA,
19317,2021-11-22,22:30,2022,regular,,final,TCU,Santa Clara,287,261,66,85,1,Big 12,WCC,,,JSerra Pavillion,San Juan Capistrano,CA,SoCal Challenge
19252,2021-11-22,23:00,2022,regular,,final,USC,Utah Tech,323,330,98,71,,Pac-12,UAC,,,Galen Center,Los Angeles,CA,
19318,2021-11-22,23:00,2022,regular,,final,Central Michigan,Gonzaga,45,102,54,107,1,MAC,WCC,,,T-Mobile Arena,Las Vegas,NV,Good Sam Empire Classic
19319,2021-11-22,23:30,2022,regular,,final,Notre Dame,Saint Mary's,213,253,59,62,1,ACC,WCC,,,Michelob ULTRA Arena,Las Vegas,NV,Maui Jim Maui Invitational
19320,2021-11-23,01:00,2022,regular,,final,Pepperdine,Fresno State,228,92,63,70,1,WCC,Mountain West,,,JSerra Pavillion,San Juan Capistrano,CA,SoCal Challenge
19321,2021-11-23,11:00,2022,regular,,final,Evansville,Vermont,82,337,49,58,1,MVC,Am. East,,,Hertz Arena,Estero,FL,Gulf Coast Showcase
19322,2021-11-23,11:00,2022,regular,,final,Chattanooga,Covenant,49,840,100,39,,SoCon,,,,McKenzie Arena,Chattanooga,TN,
19323,2021-11-23,12:00,2022,regular,,final,James Madison,Wright State,129,357,78,76,1,CAA,Horizon,,,Moe Kent Family Field House,Naples,FL,Naples Invitational
19324,2021-11-23,12:00,2022,regular,,final,Yale,Southern Utah,360,276,85,88,1,Ivy,Big Sky,,,Suncoast Credit Union Arena,Fort Myers,FL,Fort Myers Tip-Off
19325,2021-11-23,12:30,2022,regular,,final,Rider,Middle Tennessee,243,171,54,60,1,Metro,CUSA,,,Hard Rock Hotel Riviera Maya,Cancun,,Cancun Challenge
19326,2021-11-23,13:30,2022,regular,,final,Akron,App State,3,9,45,57,1,MAC,Sun Belt,,,Hertz Arena,Estero,FL,Gulf Coast Showcase
19327,2021-11-23,14:00,2022,regular,,final,Towson,Pennsylvania,301,227,76,61,,CAA,Ivy,,,TU Arena,Towson,MD,
19328,2021-11-23,14:30,2022,regular,,final,Butler,Texas A&M,34,293,50,57,1,Big East,SEC,,,Michelob ULTRA Arena,Las Vegas,NV,Maui Jim Maui Invitational
19329,2021-11-23,14:30,2022,regular,,final,Charlotte,Drexel,48,71,55,67,1,CUSA,CAA,,,Baha Mar Convention Center,Nassau,,Nassau Championship
19330,2021-11-23,14:30,2022,regular,,final,Murray State,Long Beach State,184,145,80,43,1,OVC,Big West,,,Moe Kent Family Field House,Naples,FL,Naples Invitational
19331,2021-11-23,14:50,2022,regular,,final,Bowling Green,Milwaukee,28,172,82,68,1,MAC,Horizon,,,Suncoast Credit Union Arena,Fort Myers,FL,Fort Myers Tip-Off
19332,2021-11-23,15:00,2022,regular,,final,Mercer,Bucknell,164,32,78,68,1,SoCon,Patriot,,,Hard Rock Hotel Riviera Maya,Cancun,,Cancun Challenge
19333,2021-11-23,16:00,2022,regular,,final,New Hampshire,Quinnipiac,190,238,84,69,,Am. East,Metro,,,Lundholm Gymnasium,Durham,NH,
19334,2021-11-23,17:00,2022,regular,,final,Northwestern,Georgia,212,98,78,62,1,Big Ten,SEC,,,Prudential Center,Newark,NJ,Roman Legends Classic
19335,2021-11-23,17:00,2022,regular,,final,Rice,Oakland,241,214,73,76,1,CUSA,Horizon,,,Hertz Arena,Estero,FL,Gulf Coast Showcase
19336,2021-11-23,17:00,2022,regular,,final,Houston,Wisconsin,113,355,63,65,1,American,Big Ten,,,Michelob ULTRA Arena,Las Vegas,NV,Maui Jim Maui Invitational
19337,2021-11-23,17:00,2022,regular,,final,Liberty,Bethune-Cookman,142,23,59,51,1,ASUN,SWAC,,,Ocean Center,Daytona Beach,FL,
19338,2021-11-23,17:30,2022,regular,,final,Toledo,Tulane,300,303,68,67,1,MAC,American,,,Baha Mar Convention Center,Nassau,,Nassau Championship
19339,2021-11-23,17:30,2022,regular,,final,Kent State,George Washington,134,96,77,69,1,MAC,A-10,,,Moe Kent Family Field House,Naples,FL,Naples Invitational
19340,2021-11-23,18:00,2022,regular,,final,Buffalo,Stephen F. Austin,33,282,78,79,1,MAC,UAC,,,Hard Rock Hotel Riviera Maya,Cancun,,Cancun Challenge
19341,2021-11-23,19:00,2022,regular,,final,Miami (OH),Defiance,167,509,99,47,,MAC,,,,Millett Hall,Oxford,OH,
19342,2021-11-23,19:00,2022,regular,,final,George Mason,Nevada,95,189,69,88,1,A-10,Mountain West,,,Sanford Pentagon,Sioux Falls,SD,Crossover Classic
19343,2021-11-23,19:00,2022,regular,,final,Norfolk State,Regent,196,733,95,20,,MEAC,,,,Joseph G. Echols Hall,Norfolk,VA,
19344,2021-11-23,19:00,2022,regular,,final,Merrimack,Hartford,166,363,75,60,,NEC,Am. East,,,Hammel Court,North Andover,MA,
19345,2021-11-23,19:00,2022,regular,,final,North Carolina Central,Warren Wilson,199,918,110,32,,MEAC,,,,McDougald-McLendon Arena,Durham,NC,
19346,2021-11-23,19:00,2022,regular,,final,Kansas State,Illinois,132,118,64,72,1,Big 12,Big Ten,,,T-Mobile Center,Kansas City,MO,Hall of Fame Classic Presented by Hotels.com
19347,2021-11-23,19:00,2022,regular,,final,Tennessee Tech,Lipscomb,291,143,88,77,,OVC,ASUN,,,Hooper Eblen Center,Cookeville,TN,
19348,2021-11-23,19:00,2022,regular,,final,IU Indianapolis,Spalding,115,831,61,41,,Horizon,,,,Corteva Coliseum,Indianapolis,IN,
19349,2021-11-23,19:00,2022,regular,,final,South Carolina State,South Carolina Upstate,267,268,78,82,,MEAC,Big South,,,Smith-Hammond-Middleton Memorial Center,Orangeburg,SC,
19350,2021-11-23,19:00,2022,regular,,final,UMBC,American University,317,8,98,67,,Am. East,Patriot,,,Chesapeake Employers Insurance Arena,Baltimore,MD,
19351,2021-11-23,19:00,2022,regular,,final,Marshall,Louisiana,158,148,93,79,,CUSA,Sun Belt,,,Cam Henderson Center,Huntington,WV,
19352,2021-11-23,19:00,2022,regular,,final,Maine,Central Connecticut,154,44,56,64,,Am. East,NEC,,,Cross Insurance Center,Bangor,ME,
19353,2021-11-23,19:00,2022,regular,,final,Indiana,Jackson State,121,126,70,35,,Big Ten,SWAC,,,Simon Skjodt Assembly Hall,Bloomington,IN,
19354,2021-11-23,19:00,2022,regular,,final,St. John's,St. Francis Brooklyn,279,364,76,70,,Big East,NEC,,,Carnesecca Arena,Queens,NY,
19355,2021-11-23,19:00,2022,regular,,final,South Carolina,Wofford,266,356,85,74,,SEC,SoCon,,,Colonial Life Arena,Columbia,SC,
19356,2021-11-23,19:00,2022,regular,,final,Lehigh,Columbia,141,58,79,72,,Patriot,Ivy,,,Stabler Arena,Bethlehem,PA,
19357,2021-11-23,19:00,2022,regular,,final,North Carolina,UNC Asheville,200,319,72,53,,ACC,Big South,,,Dean E. Smith Center,Chapel Hill,NC,
19358,2021-11-23,19:00,2022,regular,,final,Florida Gulf Coast,Rhode Island,88,240,67,66,,ASUN,A-10,,,Alico Arena,Fort Myers,FL,
19359,2021-11-23,19:00,2022,regular,,final,Saint Peter's,Long Island University,254,146,64,62,,Metro,NEC,,,Yanitelli Center,Jersey City,NJ,
19360,2021-11-23,19:00,2022,regular,,final,Bellarmine,Central Michigan,21,45,76,69,1,ASUN,MAC,,,T-Mobile Arena,Las Vegas,NV,Good Sam Empire Classic
19361,2021-11-23,19:30,2022,regular,,final,Providence,Virginia,235,339,40,58,1,Big East,ACC,,,Prudential Center,Newark,NJ,Roman Legends Classic
19362,2021-11-23,19:30,2022,regular,,final,Fordham,Delaware,91,66,71,81,1,A-10,CAA,,,Hertz Arena,Estero,FL,Gulf Coast Showcase
19363,2021-11-23,20:00,2022,regular,,final,Southern,Ecclesia,274,668,109,53,,SWAC,,,,F.G. Clark Activity Center,Baton Rouge,LA,
19364,2021-11-23,20:00,2022,regular,,final,Saint Mary's,Oregon,253,223,62,50,1,WCC,Pac-12,,,Michelob ULTRA Arena,Las Vegas,NV,Maui Jim Maui Invitational
19365,2021-11-23,20:00,2022,regular,,final,Valparaiso,Coastal Carolina,335,54,61,64,1,MVC,Sun Belt,,,Baha Mar Convention Center,Nassau,,Nassau Championship
19366,2021-11-23,20:00,2022,regular,,final,East Tennessee State,Missouri State,75,176,77,76,1,SoCon,MVC,,,Moe Kent Family Field House,Naples,FL,Naples Invitational
19367,2021-11-23,20:00,2022,regular,,final,South Dakota,Presentation College,269,1092,99,58,,Summit,,,,Sanford Coyote Sports Center,Vermillion,SD,
19368,2021-11-23,20:00,2022,regular,,final,Oral Roberts,Rogers State,222,715,91,31,,Summit,,,,Mabee Center,Tulsa,OK,
19369,2021-11-23,20:00,2022,regular,,final,UT Rio Grande Valley,Cal State Fullerton,326,37,72,67,1,UAC,Big West,,,J. Lawrence Walkup Skydome,Flagstaff,AZ,
19370,2021-11-23,20:00,2022,regular,,final,Wake Forest,Kennesaw State,342,133,92,61,,ACC,ASUN,,,LJVM Coliseum,Winston-Salem,NC,
19371,2021-11-23,20:00,2022,regular,,final,Texas Tech,Omaha,298,221,96,40,,Big 12,Summit,,,United Supermarkets Arena,Lubbock,TX,
19372,2021-11-23,20:45,2022,regular,,final,Saint Louis,Illinois State,252,119,82,76,1,A-10,MVC,,,Hard Rock Hotel Riviera Maya,Cancun,,Cancun Challenge
19373,2021-11-23,21:00,2022,regular,,final,North Alabama,Oakwood,197,594,105,50,,ASUN,,,,Flowers Hall,Florence,AL,
19374,2021-11-23,21:00,2022,regular,,final,Nebraska,Tennessee State,188,290,79,73,,Big Ten,OVC,,,Pinnacle Bank Arena,Lincoln,NE,
19375,2021-11-23,21:30,2022,regular,,final,Arkansas,Cincinnati,12,51,73,67,1,SEC,American,,,T-Mobile Center,Kansas City,MO,Hall of Fame Classic Presented by Hotels.com
19376,2021-11-23,21:30,2022,regular,,final,South Dakota State,Washington,270,343,76,87,1,Summit,Pac-12,,,Sanford Pentagon,Sioux Falls,SD,Crossover Classic
19377,2021-11-23,22:00,2022,regular,,final,Seattle U,Pacific Lutheran,262,898,89,40,,UAC,,,,Redhawk Center,Seattle,WA,
19378,2021-11-23,22:00,2022,regular,,final,Stanford,North Carolina A&T,281,198,79,65,,Pac-12,Big South,,,Maples Pavilion,Stanford,CA,
19379,2021-11-23,22:00,2022,regular,,final,San José State,Northern Colorado,260,207,75,74,,Mountain West,Big Sky,,,Provident Credit Union Event Center,San Jose,CA,Abe Lemons Classic
19380,2021-11-23,22:00,2022,regular,,final,UCLA,Gonzaga,313,102,63,83,1,Pac-12,WCC,,,T-Mobile Arena,Las Vegas,NV,Good Sam Empire Classic
19381,2021-11-23,22:00,2022,regular,,final,Portland State,Portland,231,230,54,69,,Big Sky,WCC,,,Viking Pavilion,Portland,OR,
19382,2021-11-23,22:30,2022,regular,,final,Chaminade,Notre Dame,902,213,64,90,1,,ACC,,,Michelob ULTRA Arena,Las Vegas,NV,Maui Jim Maui Invitational
19383,2021-11-23,22:30,2022,regular,,final,Sacramento State,UC Davis,249,307,75,63,,Big Sky,Big West,,,Golden 1 Center,Sacramento,CA,
19386,2021-11-24,11:00,2022,regular,,final,Evansville,Akron,82,3,60,69,1,MVC,MAC,,,Hertz Arena,Estero,FL,Gulf Coast Showcase
19387,2021-11-24,11:00,2022,regular,,final,Yale,Milwaukee,360,172,69,56,1,Ivy,Horizon,,,Suncoast Credit Union Arena,Fort Myers,FL,Fort Myers Tip-Off
19388,2021-11-24,11:00,2022,regular,,final,Florida International,North Dakota,89,201,65,56,,CUSA,Summit,,,Ocean Bank Convocation Center,Miami,FL,
19389,2021-11-24,12:00,2022,regular,,final,Wright State,Long Beach State,357,145,76,85,1,Horizon,Big West,,,Moe Kent Family Field House,Naples,FL,Naples Invitational
19390,2021-11-24,12:00,2022,regular,,final,UAlbany,Eastern Illinois,306,77,64,62,1,Am. East,OVC,,,Baptist Health Arena,Richmond,KY,Eastern Kentucky Invitational
19391,2021-11-24,12:00,2022,regular,,final,Michigan State,Loyola Chicago,169,151,63,61,1,Big Ten,MVC,,,Imperial Arena,Nassau,,Bad Boy Mowers Battle 4 Atlantis
19392,2021-11-24,12:30,2022,regular,,final,Bucknell,Rider,32,243,79,85,1,Patriot,Metro,,,Hard Rock Hotel Riviera Maya,Cancun,,Cancun Challenge
19393,2021-11-24,13:00,2022,regular,,final,Holy Cross,Mount Saint Vincent,111,968,95,52,,Patriot,,,,Hart Center,Worcester,MA,
19394,2021-11-24,13:00,2022,regular,,final,Grambling,Louisiana Christian,103,537,71,61,,SWAC,,,,Fredrick C. Hobdy Assembly Center,Grambling,LA,
19395,2021-11-24,13:00,2022,regular,,final,Campbell,Maryland Eastern Shore,41,159,66,55,,Big South,MEAC,,,John W. Pope Jr. Convocation Center,Buies Creek,NC,
19396,2021-11-24,13:30,2022,regular,,final,Vermont,App State,337,9,65,63,1,Am. East,Sun Belt,,,Hertz Arena,Estero,FL,Gulf Coast Showcase
19397,2021-11-24,13:30,2022,regular,,final,Bowling Green,Southern Utah,28,276,73,87,1,MAC,Big Sky,,,Suncoast Credit Union Arena,Fort Myers,FL,Fort Myers Tip-Off
19398,2021-11-24,14:00,2022,regular,,final,Navy,Washington College (MD),187,500,89,40,,Patriot,,,,Alumni Hall (Navy),Annapolis,MD,
19399,2021-11-24,14:00,2022,regular,,final,NJIT,Fairleigh Dickinson,186,84,62,54,,Am. East,NEC,,,Joel & Diane Bloom Wellness and Events Center,Newark,NJ,
19400,2021-11-24,14:00,2022,regular,,final,New Orleans,Central Arkansas,193,43,90,63,,Southland,ASUN,,,Lakefront Arena,New Orleans,LA,UNO Classic
19401,2021-11-24,14:00,2022,regular,,final,Canisius,Coppin State,42,59,76,75,,Metro,MEAC,,,Koessler Athletic Center,Buffalo,NY,
19402,2021-11-24,14:00,2022,regular,,final,Fairfield,Stony Brook,83,285,83,78,,Metro,Am. East,,,Total Mortgage Arena,Bridgeport,CT,
19403,2021-11-24,14:30,2022,regular,,final,Oregon,Houston,223,113,49,78,1,Pac-12,American,,,Michelob ULTRA Arena,Las Vegas,NV,Maui Jim Maui Invitational
19404,2021-11-24,14:30,2022,regular,,final,Jacksonville State,Drexel,128,71,72,64,1,ASUN,CAA,,,Baha Mar Convention Center,Nassau,,Nassau Championship
19405,2021-11-24,14:30,2022,regular,,final,James Madison,Murray State,129,184,62,74,1,CAA,OVC,,,Moe Kent Family Field House,Naples,FL,Naples Invitational
19406,2021-11-24,14:30,2022,regular,,final,Auburn,UConn,16,314,109,115,1,SEC,Big East,,,Imperial Arena,Nassau,,Bad Boy Mowers Battle 4 Atlantis
19407,2021-11-24,15:00,2022,regular,,final,Cal Poly,Idaho,35,117,67,63,1,Big West,Big Sky,,,JSerra Pavillion,San Juan Capistrano,CA,SoCal Challenge
19408,2021-11-24,15:00,2022,regular,,final,Mercer,Middle Tennessee,164,171,58,82,1,SoCon,CUSA,,,Hard Rock Hotel Riviera Maya,Cancun,,Cancun Challenge
19409,2021-11-24,15:00,2022,regular,,final,Loyola Maryland,Elizabethtown,152,1096,69,42,,Patriot,,,,Reitz Arena,Baltimore,MD,
19410,2021-11-24,15:00,2022,regular,,final,UT Martin,Carver College,325,1016,103,43,,OVC,,,,Skyhawk Arena,Martin,TN,
19411,2021-11-24,15:00,2022,regular,,final,UTSA,Lamar,328,139,79,73,,CUSA,UAC,,,UTSA Convocation Center,San Antonio,TX,
19412,2021-11-24,15:00,2022,regular,,final,Eastern Michigan,Western Illinois,79,349,72,68,,MAC,Summit,,,Gervin GameAbove Center,Ypsilanti,MI,
19413,2021-11-24,16:00,2022,regular,,final,Cornell,St. Francis (PA),60,278,93,80,,Ivy,NEC,,,Newman Arena,Ithaca,NY,
19414,2021-11-24,16:00,2022,regular,,final,Presbyterian,VMI,233,334,59,54,1,Big South,SoCon,,,Lakefront Arena,New Orleans,LA,UNO Classic
19415,2021-11-24,16:00,2022,regular,,final,Air Force,Denver,2,68,66,65,,Mountain West,Summit,,,Clune Arena,Colorado Springs,CO,
19464,2021-11-24,16:00,2022,regular,,cancelled,Army,Wagner,15,341,0,0,,Patriot,NEC,,,Christl Arena,West Point,NY,
19416,2021-11-24,17:00,2022,regular,,final,Cal State Northridge,University of Saint Katherine,38,893,71,62,,Big West,,,,Premier America Credit Union Arena,Northridge,CA,
19417,2021-11-24,17:00,2022,regular,,final,Hofstra,Molloy,110,866,87,49,,CAA,,,,David S. Mack Sports and Exhibition Complex,Hempstead,NY,
19418,2021-11-24,17:00,2022,regular,,final,Rice,Fordham,241,91,74,84,1,CUSA,A-10,,,Hertz Arena,Estero,FL,Gulf Coast Showcase
19419,2021-11-24,17:00,2022,regular,,final,Saint Mary's,Wisconsin,253,355,55,61,1,WCC,Big Ten,,,Michelob ULTRA Arena,Las Vegas,NV,Maui Jim Maui Invitational
19420,2021-11-24,17:00,2022,regular,,final,Western Kentucky,Alabama A&M,350,4,88,62,,CUSA,SWAC,,,E.A. Diddle Arena,Bowling Green,KY,
19421,2021-11-24,17:00,2022,regular,,final,Radford,William & Mary,239,353,67,54,,Big South,CAA,,,The Dedmon Center,Radford,VA,
19422,2021-11-24,17:00,2022,regular,,final,Syracuse,VCU,286,333,55,67,1,ACC,A-10,,,Imperial Arena,Nassau,,Bad Boy Mowers Battle 4 Atlantis
19423,2021-11-24,17:30,2022,regular,,final,Nicholls,Utah Valley,195,332,63,74,1,Southland,UAC,,,JSerra Pavillion,San Juan Capistrano,CA,SoCal Challenge
19424,2021-11-24,17:30,2022,regular,,final,Tulane,Valparaiso,303,335,64,68,1,American,MVC,,,Baha Mar Convention Center,Nassau,,Nassau Championship
19425,2021-11-24,17:30,2022,regular,,final,George Washington,Missouri State,96,176,54,72,1,A-10,MVC,,,Moe Kent Family Field House,Naples,FL,Naples Invitational
19426,2021-11-24,18:00,2022,regular,,final,Illinois State,Buffalo,119,33,90,106,1,MVC,MAC,,,Hard Rock Hotel Riviera Maya,Cancun,,Cancun Challenge
19427,2021-11-24,18:00,2022,regular,,final,California,Seton Hall,40,263,59,62,1,Pac-12,Big East,,,Suncoast Credit Union Arena,Fort Myers,FL,Fort Myers Tip-Off
19385,2021-11-24,19:00,2022,regular,,final,Michigan,Tarleton State,170,288,65,54,,Big Ten,UAC,,,Crisler Center,Ann Arbor,MI,
19428,2021-11-24,19:00,2022,regular,,final,Washington,Nevada,343,189,62,81,1,Pac-12,Mountain West,,,Sanford Pentagon,Sioux Falls,SD,Crossover Classic
19429,2021-11-24,19:00,2022,regular,,final,Texas State,LeTourneau,297,648,92,47,,Sun Belt,,,,Strahan Arena at the University Events Center,San Marcos,TX,
19430,2021-11-24,19:00,2022,regular,,final,UNC Greensboro,NC Wesleyan,320,519,80,61,,SoCon,,,,First Horizon Coliseum,Greensboro,NC,
19431,2021-11-24,19:00,2022,regular,,final,Gardner-Webb,Columbia International,94,517,90,78,,Big South,,,,Paul Porter Arena,Boiling Springs,NC,
19432,2021-11-24,19:00,2022,regular,,final,UNC Wilmington,Southern Miss,321,275,66,80,1,CAA,CUSA,,,Dahlberg Arena,Missoula,MT,Zootown Classic
19433,2021-11-24,19:00,2022,regular,,final,Iowa State,Xavier,125,359,82,70,1,Big 12,Big East,,,Barclays Center,Brooklyn,NY,Upsie NIT Season Tip-Off
19434,2021-11-24,19:00,2022,regular,,final,South Florida,Hampton,271,106,58,52,,American,Big South,,,Yuengling Center,Tampa,FL,
19435,2021-11-24,19:00,2022,regular,,final,Massachusetts,UMass Lowell,161,318,92,81,,A-10,Am. East,,,Mullins Center,Amherst,MA,
19436,2021-11-24,19:00,2022,regular,,final,Harvard,Colgate,107,55,89,84,,Ivy,Patriot,,,Lavietes Pavilion,Cambridge,MA,
19437,2021-11-24,19:00,2022,regular,,final,Florida State,Boston University,90,27,81,80,,ACC,Patriot,,,Tucker Center,Tallahassee,FL,Jacksonville Classic - Campus Game
19438,2021-11-24,19:00,2022,regular,,final,Monmouth,Princeton,178,234,76,64,,Metro,Ivy,,,OceanFirst Bank Center,West Long Branch,NJ,
19439,2021-11-24,19:30,2022,regular,,final,Louisiana Tech,UL Monroe,149,316,96,74,,CUSA,Sun Belt,,,Thomas Assembly Center,Ruston,LA,
19440,2021-11-24,19:30,2022,regular,,final,Oakland,Delaware,214,66,81,73,1,Horizon,CAA,,,Hertz Arena,Estero,FL,Gulf Coast Showcase
19441,2021-11-24,19:30,2022,regular,,final,Baylor,Arizona State,20,10,75,63,1,Big 12,Pac-12,,,Imperial Arena,Nassau,,Bad Boy Mowers Battle 4 Atlantis
19442,2021-11-24,20:00,2022,regular,,final,New Mexico State,New Mexico Highlands,192,564,94,67,,UAC,,,,Pan American Center,Las Cruces,NM,
19443,2021-11-24,20:00,2022,regular,,final,Toledo,Coastal Carolina,300,54,79,70,1,MAC,Sun Belt,,,Baha Mar Convention Center,Nassau,,Nassau Championship
19444,2021-11-24,20:00,2022,regular,,final,Kent State,East Tennessee State,134,75,51,57,1,MAC,SoCon,,,Moe Kent Family Field House,Naples,FL,Naples Invitational
19445,2021-11-24,20:00,2022,regular,,final,Northern Arizona,Cal State Fullerton,206,37,56,73,,Big Sky,Big West,,,Rolle Activity Center,Flagstaff,AZ,
19446,2021-11-24,20:00,2022,regular,,final,Oklahoma,Houston Christian,217,112,57,40,,Big 12,Southland,,,Lloyd Noble Center,Norman,OK,
19447,2021-11-24,20:00,2022,regular,,final,Grand Canyon,Life Pacific,104,570,82,47,,UAC,,,,Global Credit Union Arena,Phoenix,AZ,
19448,2021-11-24,20:00,2022,regular,,final,SMU,Sam Houston,248,255,75,66,,American,UAC,,,Moody Coliseum,Dallas,TX,Jacksonville Classic - Campus Game
19449,2021-11-24,20:30,2022,regular,,final,Saint Louis,Stephen F. Austin,252,282,79,68,1,A-10,UAC,,,Hard Rock Hotel Riviera Maya,Cancun,,Cancun Challenge
19450,2021-11-24,20:30,2022,regular,,final,Ohio State,Florida,216,87,68,71,1,Big Ten,SEC,,,Suncoast Credit Union Arena,Fort Myers,FL,Fort Myers Tip-Off
19451,2021-11-24,20:30,2022,regular,,final,Texas,California Baptist,295,39,68,44,,Big 12,UAC,,,Frank Erwin Center,Austin,TX,Abe Lemons Classic
19384,2021-11-24,21:00,2022,regular,,final,BYU,Texas Southern,18,296,81,64,,WCC,SWAC,,,Marriott Center,Provo,UT,
19452,2021-11-24,21:00,2022,regular,,final,Chaminade,Butler,902,34,51,84,1,,Big East,,,Michelob ULTRA Arena,Las Vegas,NV,Maui Jim Maui Invitational
19453,2021-11-24,21:00,2022,regular,,final,UTEP,Florida A&M,327,85,67,53,,CUSA,SWAC,,,Don Haskins Center,El Paso,TX,
19454,2021-11-24,21:00,2022,regular,,final,Pittsburgh,Vanderbilt,229,336,52,68,,ACC,SEC,,,Petersen Events Center,Pittsburgh,PA,
19455,2021-11-24,21:00,2022,regular,,final,Minnesota,Jacksonville,173,127,55,44,,Big Ten,ASUN,,,Williams Arena,Minneapolis,MN,
19456,2021-11-24,21:30,2022,regular,,final,Montana,UC San Diego,179,310,71,61,,Big Sky,Big West,,,Dahlberg Arena,Missoula,MT,Zootown Classic
19457,2021-11-24,21:30,2022,regular,,final,UNLV,Whittier,322,780,101,45,,Mountain West,,,,Thomas & Mack Center,Las Vegas,NV,
19458,2021-11-24,21:30,2022,regular,,final,South Dakota State,George Mason,270,95,80,76,1,Summit,A-10,,,Sanford Pentagon,Sioux Falls,SD,Crossover Classic
19459,2021-11-24,21:30,2022,regular,,final,Virginia Tech,Memphis,340,163,61,69,1,ACC,American,,,Barclays Center,Brooklyn,NY,Upsie NIT Season Tip-Off
19460,2021-11-24,22:00,2022,regular,,final,UC Santa Barbara,Arkansas-Pine Bluff,311,14,86,58,,Big West,SWAC,,,The Thunderdome,Santa Barbara,CA,
19461,2021-11-24,22:30,2022,regular,,final,Pepperdine,TCU,228,287,64,73,1,WCC,Big 12,,,JSerra Pavillion,San Juan Capistrano,CA,SoCal Challenge
19462,2021-11-24,23:30,2022,regular,,final,Notre Dame,Texas A&M,213,293,67,73,1,ACC,SEC,,,Michelob ULTRA Arena,Las Vegas,NV,Maui Jim Maui Invitational
19463,2021-11-25,01:00,2022,regular,,final,Santa Clara,Fresno State,261,92,52,59,1,WCC,Mountain West,,,JSerra Pavillion,San Juan Capistrano,CA,SoCal Challenge
19465,2021-11-25,12:00,2022,regular,,final,Michigan State,UConn,169,314,64,60,1,Big Ten,Big East,,,Imperial Arena,Nassau,,Bad Boy Mowers Battle 4 Atlantis
19466,2021-11-25,12:00,2022,regular,,final,Miami,Dayton,168,64,60,76,1,ACC,A-10,,,HP Field House,Orlando,FL,ESPN Events Invitational
19467,2021-11-25,13:30,2022,regular,,final,San Diego,South Alabama,258,265,67,68,1,WCC,Sun Belt,,,Orleans Arena,Las Vegas,NV,Continental Tire Las Vegas Classic
19468,2021-11-25,14:00,2022,regular,,final,New Orleans,Presbyterian,193,233,66,68,,Southland,Big South,,,Lakefront Arena,New Orleans,LA,UNO Classic
19469,2021-11-25,14:30,2022,regular,,final,Loyola Chicago,Auburn,151,16,53,62,1,MVC,SEC,,,Imperial Arena,Nassau,,Bad Boy Mowers Battle 4 Atlantis
19470,2021-11-25,14:30,2022,regular,,final,Kansas,North Texas,131,204,71,59,1,Big 12,CUSA,,,HP Field House,Orlando,FL,ESPN Events Invitational
19471,2021-11-25,16:00,2022,regular,,final,Hawai'i,UIC,108,315,88,80,1,Big West,Horizon,,,Orleans Arena,Las Vegas,NV,Continental Tire Las Vegas Classic
19472,2021-11-25,16:00,2022,regular,,final,Central Arkansas,VMI,43,334,67,73,1,ASUN,SoCon,,,Lakefront Arena,New Orleans,LA,UNO Classic
19473,2021-11-25,17:00,2022,regular,,final,VCU,Baylor,333,20,61,69,1,A-10,Big 12,,,Imperial Arena,Nassau,,Bad Boy Mowers Battle 4 Atlantis
19474,2021-11-25,17:00,2022,regular,,final,Iona,Alabama,123,5,72,68,1,Metro,SEC,,,HP Field House,Orlando,FL,ESPN Events Invitational
19475,2021-11-25,19:00,2022,regular,,final,Southern Miss,UC San Diego,275,310,56,55,1,CUSA,Big West,,,Dahlberg Arena,Missoula,MT,Zootown Classic
19476,2021-11-25,19:00,2022,regular,,final,New Mexico,UAB,191,305,73,86,1,Mountain West,CUSA,,,Orleans Arena,Las Vegas,NV,Continental Tire Las Vegas Invitational
19477,2021-11-25,19:00,2022,regular,,final,Maryland,Richmond,160,242,86,80,1,Big Ten,A-10,,,Baha Mar Convention Center,Nassau,,Bahamas Championshp
19478,2021-11-25,19:30,2022,regular,,final,Syracuse,Arizona State,286,10,92,84,1,ACC,Pac-12,,,Imperial Arena,Nassau,,Bad Boy Mowers Battle 4 Atlantis
19479,2021-11-25,19:30,2022,regular,,final,Drake,Belmont,70,22,69,74,1,MVC,OVC,,,HP Field House,Orlando,FL,ESPN Events Invitational
19480,2021-11-25,21:30,2022,regular,,final,Saint Joseph's,USC,251,323,55,70,1,A-10,Pac-12,,,Anaheim Convention Center,Anaheim,CA,Paycom Wooden Legacy
19481,2021-11-25,21:30,2022,regular,,final,Towson,San Francisco,301,259,61,71,1,CAA,WCC,,,Orleans Arena,Las Vegas,NV,Continental Tire Las Vegas Invitational
19482,2021-11-25,21:30,2022,regular,,final,Louisville,Mississippi State,150,174,72,58,1,ACC,SEC,,,Baha Mar Convention Center,Nassau,,Bahamas Championshp
19484,2021-11-25,21:30,2022,regular,,cancelled,Montana,UNC Wilmington,179,321,0,0,,Big Sky,CAA,,,Dahlberg Arena,Missoula,MT,Zootown Classic
19483,2021-11-25,23:59,2022,regular,,final,San Diego State,Georgetown,257,97,73,56,1,Mountain West,Big East,,,Anaheim Convention Center,Anaheim,CA,Paycom Wooden Legacy
19489,2021-11-26,11:00,2022,regular,,final,Michigan State,Baylor,169,20,58,75,1,Big Ten,Big 12,,,Imperial Arena,Nassau,,Bad Boy Mowers Battle 4 Atlantis
19490,2021-11-26,11:00,2022,regular,,final,North Texas,Miami,204,168,63,69,1,CUSA,ACC,,,HP Field House,Orlando,FL,ESPN Events Invitational
19491,2021-11-26,12:00,2022,regular,,final,St. Francis Brooklyn,McNeese,364,162,59,71,1,NEC,Southland,,,Raider Arena,Destin,FL,Emerald Coast Classic
19492,2021-11-26,12:00,2022,regular,,final,Georgia Tech,Georgia Southern,101,99,61,59,,ACC,Sun Belt,,,McCamish Pavilion,Atlanta,GA,
19493,2021-11-26,13:00,2022,regular,,final,Incarnate Word,Southeast Missouri State,120,272,76,79,,Southland,OVC,,,McDermott Center,San Antonio,TX,Incarnate Word Thanksgiving Invitational
19494,2021-11-26,13:30,2022,regular,,final,UConn,VCU,314,333,70,63,1,Big East,A-10,,,Imperial Arena,Nassau,,Bad Boy Mowers Battle 4 Atlantis
19495,2021-11-26,13:30,2022,regular,,final,Kansas,Dayton,131,64,73,74,1,Big 12,A-10,,,HP Field House,Orlando,FL,ESPN Events Invitational
19485,2021-11-26,14:00,2022,regular,,final,Purdue,Omaha,236,221,97,40,,Big Ten,Summit,,,Mackey Arena,West Lafayette,IN,
19496,2021-11-26,14:00,2022,regular,,final,Brown,Bryant,30,31,59,65,,Ivy,NEC,,,Pizzitola Sports Center,Providence,RI,
19497,2021-11-26,14:00,2022,regular,,final,Clemson,Charleston Southern,52,47,91,59,,ACC,Big South,,,Littlejohn Coliseum,Clemson,SC,
19498,2021-11-26,14:00,2022,regular,,final,Boston College,Columbia,26,58,73,60,,ACC,Ivy,,,Conte Forum,Chestnut Hill,MA,
19499,2021-11-26,14:00,2022,regular,,final,New Orleans,VMI,193,334,79,71,,Southland,SoCon,,,Lakefront Arena,New Orleans,LA,UNO Classic
19500,2021-11-26,14:30,2022,regular,,final,North Carolina A&T,Samford,198,256,75,77,1,Big South,SoCon,,,Raider Arena,Destin,FL,Emerald Coast Classic
19488,2021-11-26,15:00,2022,regular,,final,Tennessee,Tennessee Tech,292,291,80,69,,SEC,OVC,,,Food City Center,Knoxville,TN,
19501,2021-11-26,15:00,2022,regular,,final,Howard,Austin Peay,114,17,67,69,,MEAC,OVC,,,Burr Gymnasium,Washington,DC,
19502,2021-11-26,15:00,2022,regular,,final,Montana State,Portland,180,230,69,66,1,Big Sky,WCC,,,McDermott Center,San Antonio,TX,Incarnate Word Thanksgiving Invitational
19503,2021-11-26,15:30,2022,regular,,final,San Diego,UIC,258,315,64,52,1,WCC,Horizon,,,Orleans Arena,Las Vegas,NV,Continental Tire Las Vegas Classic
19504,2021-11-26,16:00,2022,regular,,final,Ohio,Concordia-Ann Arbor,215,616,88,68,,MAC,,,,Convocation Center (OH),Athens,OH,
19505,2021-11-26,16:00,2022,regular,,final,Old Dominion,Longwood,219,147,62,61,,CUSA,Big South,,,Chartway Arena,Norfolk,VA,
19506,2021-11-26,16:00,2022,regular,,final,Ole Miss,Mississippi Valley State,220,175,73,58,,SEC,SWAC,,,The Sandy and John Black Pavilion at Ole Miss,Oxford,MS,
19507,2021-11-26,16:00,2022,regular,,final,Central Arkansas,Presbyterian,43,233,66,75,1,ASUN,Big South,,,Lakefront Arena,New Orleans,LA,UNO Classic
19508,2021-11-26,16:00,2022,regular,,final,Oral Roberts,Oklahoma State,222,218,77,78,,Summit,Big 12,,,Mabee Center,Tulsa,OK,
19509,2021-11-26,16:30,2022,regular,,final,Auburn,Syracuse,16,286,89,68,1,SEC,ACC,,,Imperial Arena,Nassau,,Bad Boy Mowers Battle 4 Atlantis
19510,2021-11-26,16:30,2022,regular,,final,Drake,Alabama,70,5,71,80,1,MVC,SEC,,,HP Field House,Orlando,FL,ESPN Events Invitational
19511,2021-11-26,16:30,2022,regular,,final,Purdue Fort Wayne,SE Louisiana,237,246,74,66,1,Horizon,Southland,,,Alico Arena,Fort Myers,FL,Hilton Garden Inn FGCU Invitational
19512,2021-11-26,17:00,2022,regular,,final,UC Riverside,Florida A&M,309,85,60,49,,Big West,SWAC,,,SRC Arena,Riverside,CA,
19513,2021-11-26,17:00,2022,regular,,final,DePaul,Northern Kentucky,65,210,77,68,,Big East,Horizon,,,Wintrust Arena,Chicago,IL,
19514,2021-11-26,18:00,2022,regular,,final,South Alabama,Hawai'i,265,108,72,69,1,Sun Belt,Big West,,,Orleans Arena,Las Vegas,NV,Continental Tire Las Vegas Classic
19515,2021-11-26,18:30,2022,regular,,final,Belmont,Iona,22,123,72,65,1,OVC,Metro,,,HP Field House,Orlando,FL,ESPN Events Invitational
19486,2021-11-26,19:00,2022,regular,,final,Kentucky,North Florida,135,203,86,52,,SEC,ASUN,,,Rupp Arena,Lexington,KY,
19516,2021-11-26,19:00,2022,regular,,final,Loyola Chicago,Arizona State,151,10,77,59,1,MVC,Pac-12,,,Imperial Arena,Nassau,,Bad Boy Mowers Battle 4 Atlantis
19517,2021-11-26,19:00,2022,regular,,final,Virginia Tech,Xavier,340,359,58,59,1,ACC,Big East,,,Barclays Center,Brooklyn,NY,Upsie NIT Season Tip-Off
19518,2021-11-26,19:00,2022,regular,,final,West Virginia,Eastern Kentucky,347,78,80,77,,Big 12,ASUN,,,WVU Coliseum,Morgantown,WV,
19519,2021-11-26,19:00,2022,regular,,final,Iowa,Portland State,124,231,85,51,,Big Ten,Big Sky,,,Carver-Hawkeye Arena,Iowa City,IA,
19520,2021-11-26,19:00,2022,regular,,final,LSU,Penn State,136,226,68,63,1,SEC,Big Ten,,,Raider Arena,Destin,FL,Emerald Coast Classic
19521,2021-11-26,19:00,2022,regular,,final,Virginia,Lehigh,339,141,61,43,,ACC,Patriot,,,John Paul Jones Arena,Charlottesville,VA,
19522,2021-11-26,19:00,2022,regular,,final,Florida Gulf Coast,Western Michigan,88,351,77,67,,ASUN,MAC,,,Alico Arena,Fort Myers,FL,Hilton Garden Inn FGCU Invitational
19538,2021-11-26,19:00,2022,regular,,cancelled,UNC Wilmington,UC San Diego,321,310,0,0,1,CAA,Big West,,,Dahlberg Arena,Missoula,MT,Zootown Classic
19487,2021-11-26,20:00,2022,regular,,final,Illinois,UT Rio Grande Valley,118,326,94,85,,Big Ten,UAC,,,State Farm Center,Champaign,IL,
19523,2021-11-26,20:00,2022,regular,,final,Arkansas State,Morehead State,13,181,51,75,,Sun Belt,OVC,,,First National Bank Arena,Jonesboro,AR,Eracism Invitational
19524,2021-11-26,20:00,2022,regular,,final,Southern Illinois,Alcorn State,273,7,62,59,,MVC,SWAC,,,Banterra Center,Carbondale,IL,
19525,2021-11-26,20:00,2022,regular,,final,Tulsa,Little Rock,304,144,77,63,,American,Sun Belt,,,Reynolds Center,Tulsa,OK,
19526,2021-11-26,21:00,2022,regular,,final,Boise State,Cal State Bakersfield,25,36,39,46,,Mountain West,Big West,,,ExtraMile Arena,Boise,ID,
19527,2021-11-26,21:00,2022,regular,,final,Georgetown,Saint Joseph's,97,251,74,77,1,Big East,A-10,,,Anaheim Convention Center,Anaheim,CA,Paycom Wooden Legacy
19528,2021-11-26,21:00,2022,regular,,final,New Mexico,Towson,191,301,58,73,1,Mountain West,CAA,,,Orleans Arena,Las Vegas,NV,Continental Tire Las Vegas Invitational
19529,2021-11-26,21:00,2022,regular,,final,Memphis,Iowa State,163,125,59,78,1,American,Big 12,,,Barclays Center,Brooklyn,NY,Upsie NIT Season Tip-Off
19530,2021-11-26,21:00,2022,regular,,final,Wyoming,Hastings,358,1070,108,59,,Mountain West,,,,Arena-Auditorium,Laramie,WY,
19531,2021-11-26,21:00,2022,regular,,final,Missouri,Wichita State,177,352,55,61,,SEC,American,,,Mizzou Arena,Columbia,MO,
19532,2021-11-26,21:30,2022,regular,,final,Montana,Southern Miss,179,275,74,62,,Big Sky,CUSA,,,Dahlberg Arena,Missoula,MT,Zootown Classic
19533,2021-11-26,21:30,2022,regular,,final,Wake Forest,Oregon State,342,224,80,77,1,ACC,Pac-12,,,Raider Arena,Destin,FL,Emerald Coast Classic
19534,2021-11-26,22:00,2022,regular,,final,Pacific,Arkansas-Pine Bluff,225,14,74,50,,WCC,SWAC,,,Alex G. Spanos Center,Stockton,CA,
19535,2021-11-26,22:30,2022,regular,,final,Duke,Gonzaga,72,102,84,81,1,ACC,WCC,,,T-Mobile Arena,Las Vegas,NV,Continental Tire Challenge
19536,2021-11-26,23:30,2022,regular,,final,San Diego State,USC,257,323,43,58,1,Mountain West,Pac-12,,,Anaheim Convention Center,Anaheim,CA,Paycom Wooden Legacy
19537,2021-11-26,23:30,2022,regular,,final,UAB,San Francisco,305,259,61,63,1,CUSA,WCC,,,Orleans Arena,Las Vegas,NV,Continental Tire Las Vegas Invitational
19543,2021-11-27,10:00,2022,regular,,final,Maryland,Louisville,160,150,55,63,1,Big Ten,ACC,,,Baha Mar Convention Center,Nassau,,Bahamas Championshp
19544,2021-11-27,11:00,2022,regular,,final,North Carolina A&T,St. Francis Brooklyn,198,364,73,67,1,Big South,NEC,,,Raider Arena,Destin,FL,Emerald Coast Classic
19545,2021-11-27,12:00,2022,regular,,final,Louisiana,Jackson State,148,126,70,75,,Sun Belt,SWAC,,,Cajundome,Lafayette,LA,
19546,2021-11-27,12:00,2022,regular,,final,Providence,Saint Peter's,235,254,85,71,,Big East,Metro,,,Amica Mutual Pavilion,Providence,RI,
19547,2021-11-27,12:30,2022,regular,,final,Richmond,Mississippi State,242,174,71,82,1,A-10,SEC,,,Baha Mar Convention Center,Nassau,,Bahamas Championshp
19548,2021-11-27,12:30,2022,regular,,final,Incarnate Word,Montana State,120,180,64,83,,Southland,Big Sky,,,McDermott Center,San Antonio,TX,Incarnate Word Thanksgiving Invitational
19549,2021-11-27,13:00,2022,regular,,final,Western Kentucky,UT Martin,350,325,81,66,,CUSA,OVC,,,E.A. Diddle Arena,Bowling Green,KY,
19550,2021-11-27,13:00,2022,regular,,final,UMass Lowell,Fisher College,318,693,101,38,,Am. East,,,,Costello Athletic Center,Lowell,MA,
19551,2021-11-27,13:00,2022,regular,,final,East Carolina,Coppin State,74,59,70,68,,American,MEAC,,,Minges Coliseum,Greenville,NC,
19552,2021-11-27,13:00,2022,regular,,final,Elon,Jacksonville State,81,128,81,93,,CAA,ASUN,,,Schar Center,Elon,NC,
19553,2021-11-27,13:00,2022,regular,,final,Army,Marist,15,156,65,61,,Patriot,Metro,,,Christl Arena,West Point,NY,
19554,2021-11-27,13:00,2022,regular,,final,Ball State,Indiana State,19,122,97,75,,MAC,MVC,,,Worthen Arena,Muncie,IN,
19555,2021-11-27,13:30,2022,regular,,final,Samford,McNeese,256,162,83,75,1,SoCon,Southland,,,Raider Arena,Destin,FL,Emerald Coast Classic
19540,2021-11-27,14:00,2022,regular,,final,St. Bonaventure,Northern Iowa,277,209,80,90,,A-10,MVC,,,Reilly Center,Saint Bonaventure,NY,
19556,2021-11-27,14:00,2022,regular,,final,Mercer,Milligan,164,786,88,49,,SoCon,,,,Hawkins Arena,Macon,GA,
19557,2021-11-27,14:00,2022,regular,,final,High Point,Chowan,109,1097,90,60,,Big South,,,,Qubein Center,High Point,NC,
19558,2021-11-27,14:00,2022,regular,,final,Gardner-Webb,Western Carolina,94,348,87,59,,Big South,SoCon,,,Paul Porter Arena,Boiling Springs,NC,
19559,2021-11-27,14:00,2022,regular,,final,Mount St. Mary's,Navy,183,187,40,67,,NEC,Patriot,,,Knott Arena,Emmitsburg,MD,
19560,2021-11-27,14:00,2022,regular,,final,Long Island University,Delaware State,146,67,99,65,,NEC,MEAC,,,Steinberg Wellness Center,Brooklyn,NY,
19561,2021-11-27,14:00,2022,regular,,final,Colorado State,Northern Colorado,57,207,88,79,,Mountain West,Big Sky,,,Moby Arena,Fort Collins,CO,
19562,2021-11-27,14:00,2022,regular,,final,Hofstra,Detroit Mercy,110,69,98,84,,CAA,Horizon,,,David S. Mack Sports and Exhibition Complex,Hempstead,NY,
19563,2021-11-27,14:00,2022,regular,,final,Nebraska,South Dakota,188,269,83,70,,Big Ten,Summit,,,Pinnacle Bank Arena,Lincoln,NE,
19564,2021-11-27,14:00,2022,regular,,final,UCF,Oklahoma,312,217,62,65,,American,Big 12,,,Addition Financial Arena,Orlando,FL,
19565,2021-11-27,14:00,2022,regular,,final,Davidson,Robert Morris,63,244,88,70,,A-10,Horizon,,,John M. Belk Arena,Davidson,NC,
19566,2021-11-27,14:00,2022,regular,,final,NC State,Louisiana Tech,185,149,90,81,,ACC,CUSA,,,Lenovo Center,Raleigh,NC,
19567,2021-11-27,14:00,2022,regular,,final,Pittsburgh,UMBC,229,317,77,87,,ACC,Am. East,,,Petersen Events Center,Pittsburgh,PA,
19568,2021-11-27,14:00,2022,regular,,final,Massachusetts,Rutgers,161,245,85,83,,A-10,Big Ten,,,Mullins Center,Amherst,MA,
19569,2021-11-27,14:00,2022,regular,,final,Cincinnati,Monmouth,51,178,59,61,,American,Metro,,,Fifth Third Arena,Cincinnati,OH,
19570,2021-11-27,14:30,2022,regular,,final,Nicholls,Southwestern Christian,195,804,87,58,,Southland,,,,David R. Stopher Gymnasium,Thibodaux,LA,
19571,2021-11-27,15:00,2022,regular,,final,Cleveland State,Penn State-Behrend,53,1098,89,47,,Horizon,,,,Wolstein Center,Cleveland,OH,
19572,2021-11-27,15:00,2022,regular,,final,Portland,Southeast Missouri State,230,272,74,68,1,WCC,OVC,,,McDermott Center,San Antonio,TX,Incarnate Word Thanksgiving Invitational
19573,2021-11-27,15:00,2022,regular,,final,Western Illinois,Miami (OH),349,167,79,67,,Summit,MAC,,,Western Hall,Macomb,IL,
19574,2021-11-27,15:00,2022,regular,,final,North Carolina Central,Apprentice School,199,759,96,56,,MEAC,,,,McDougald-McLendon Arena,Durham,NC,
19575,2021-11-27,15:00,2022,regular,,final,Middle Tennessee,Bryan (TN),171,602,96,48,,CUSA,,,,Murphy Center,Murfreesboro,TN,
19576,2021-11-27,15:00,2022,regular,,final,Stetson,Campbell,283,41,58,60,,ASUN,Big South,,,Edmunds Center,DeLand,FL,
19577,2021-11-27,15:00,2022,regular,,final,Texas A&M-Corpus Christi,St. Mary's (TX),294,1008,88,73,,Southland,,,,American Bank Center,Corpus Christi,TX,
19578,2021-11-27,15:00,2022,regular,,final,Bradley,Maine,29,154,71,39,,MVC,Am. East,,,Carver Arena,Peoria,IL,
19579,2021-11-27,16:00,2022,regular,,final,William & Mary,Mary Baldwin,353,644,87,50,,CAA,,,,Kaplan Arena,Williamsburg,VA,
19580,2021-11-27,16:00,2022,regular,,final,Oregon State,Penn State,224,226,45,60,1,Pac-12,Big Ten,,,Raider Arena,Destin,FL,Emerald Coast Classic
19581,2021-11-27,16:00,2022,regular,,final,East Tennessee State,Lees-McRae,75,1010,92,74,,SoCon,,,,Freedom Hall (TN),Johnson City,TN,
19582,2021-11-27,16:00,2022,regular,,final,South Carolina Upstate,Furman,268,93,77,87,,Big South,SoCon,,,G.B. Hodge Center,Spartanburg,SC,
19583,2021-11-27,16:00,2022,regular,,final,Air Force,Idaho State,2,116,59,48,,Mountain West,Big Sky,,,Clune Arena,Colorado Springs,CO,
19584,2021-11-27,16:00,2022,regular,,final,Chattanooga,Charleston,49,46,66,68,,SoCon,CAA,,,McKenzie Arena,Chattanooga,TN,
19585,2021-11-27,16:00,2022,regular,,final,Rhode Island,Georgia State,240,100,94,59,,A-10,Sun Belt,,,Thomas M. Ryan Center,Kingston,RI,
19586,2021-11-27,16:00,2022,regular,,final,Texas Tech,Lamar,298,139,89,57,,Big 12,UAC,,,United Supermarkets Arena,Lubbock,TX,
19587,2021-11-27,16:00,2022,regular,,final,St. John's,NJIT,279,186,77,68,,Big East,Am. East,,,Carnesecca Arena,Queens,NY,
19588,2021-11-27,16:30,2022,regular,,final,Western Michigan,Purdue Fort Wayne,351,237,93,85,1,MAC,Horizon,,,Alico Arena,Fort Myers,FL,Hilton Garden Inn FGCU Invitational
19539,2021-11-27,17:00,2022,regular,,final,UNLV,UCLA,322,313,51,73,,Mountain West,Pac-12,,,Thomas & Mack Center,Las Vegas,NV,
19589,2021-11-27,17:00,2022,regular,,final,UNC Greensboro,Vermont,320,337,54,51,,SoCon,Am. East,,,First Horizon Coliseum,Greensboro,NC,
19590,2021-11-27,17:00,2022,regular,,final,Harvard,Northeastern,107,205,77,57,,Ivy,CAA,,,Lavietes Pavilion,Cambridge,MA,
19591,2021-11-27,17:00,2022,regular,,final,Holy Cross,New Hampshire,111,190,55,70,,Patriot,Am. East,,,Hart Center,Worcester,MA,
19592,2021-11-27,17:00,2022,regular,,final,Liberty,Maryland Eastern Shore,142,159,73,61,,ASUN,MEAC,,,Liberty Arena,Lynchburg,VA,
19593,2021-11-27,17:00,2022,regular,,final,Utah Valley,Denver,332,68,77,68,,UAC,Summit,,,UCCU Center,Orem,UT,
19594,2021-11-27,18:00,2022,regular,,final,Creighton,SIU Edwardsville,61,247,70,65,,Big East,OVC,,,CHI Health Center Omaha,Omaha,NE,
19595,2021-11-27,18:00,2022,regular,,final,Pepperdine,Grand Canyon,228,104,56,59,,WCC,UAC,,,Firestone Fieldhouse,Malibu,CA,
19596,2021-11-27,18:00,2022,regular,,final,Jacksonville,Coastal Georgia,127,609,83,54,,ASUN,,,,Swisher Gymnasium,Jacksonville,FL,
19597,2021-11-27,19:00,2022,regular,,final,Temple,Delaware,289,66,75,74,,American,CAA,,,Liacouras Center,Philadelphia,PA,
19598,2021-11-27,19:00,2022,regular,,final,Florida Gulf Coast,SE Louisiana,88,246,90,71,,ASUN,Southland,,,Alico Arena,Fort Myers,FL,Hilton Garden Inn FGCU Invitational
19599,2021-11-27,19:00,2022,regular,,final,Wake Forest,LSU,342,136,61,75,1,ACC,SEC,,,Raider Arena,Destin,FL,Emerald Coast Classic
19600,2021-11-27,19:00,2022,regular,,final,Morehead State,Kansas City,181,130,70,62,1,OVC,Summit,,,First National Bank Arena,Jonesboro,AR,Eracism Invitational
19601,2021-11-27,19:00,2022,regular,,final,Valparaiso,Trinity Christian (IL),335,681,106,69,,MVC,,,,Athletics-Recreation Center,Valparaiso,IN,
19602,2021-11-27,19:00,2022,regular,,final,Green Bay,Wisconsin-Superior,105,1099,77,48,,Horizon,,,,Kress Center,Green Bay,WI,
19603,2021-11-27,19:00,2022,regular,,final,Indiana,Marshall,121,158,90,79,,Big Ten,CUSA,,,Simon Skjodt Assembly Hall,Bloomington,IN,
19604,2021-11-27,19:00,2022,regular,,final,Abilene Christian,McMurry,1,615,89,54,,UAC,,,,Teague Center,Abilene,TX,
19541,2021-11-27,19:30,2022,regular,,final,Arizona,Sacramento State,11,249,105,59,,Pac-12,Big Sky,,,McKale Memorial Center,Tucson,AZ,
19605,2021-11-27,19:30,2022,regular,,final,Washington State,Eastern Washington,344,80,71,76,,Pac-12,Big Sky,,,Beasley Coliseum,Pullman,WA,
19606,2021-11-27,19:30,2022,regular,,final,Santa Clara,UC Irvine,261,308,64,69,,WCC,Big West,,,Leavey Center,Santa Clara,CA,
19607,2021-11-27,20:00,2022,regular,,final,North Dakota State,Idaho,202,117,90,73,,Summit,Big Sky,,,Scheels Center,Fargo,ND,
19608,2021-11-27,20:00,2022,regular,,final,Marquette,Northern Illinois,157,208,80,66,,Big East,MAC,,,Fiserv Forum,Milwaukee,WI,
19609,2021-11-27,21:00,2022,regular,,final,Utah State,UT Arlington,329,324,80,61,,Mountain West,Sun Belt,,,Dee Glen Smith Spectrum,Logan,UT,
19610,2021-11-27,21:00,2022,regular,,final,Illinois State,Purdue Northwest,119,734,81,71,,MVC,,,,CEFCU Arena,Normal,IL,
19611,2021-11-27,21:00,2022,regular,,final,Utah Tech,Weber State,330,345,70,87,,UAC,Big Sky,,,Burns Arena,St. George,UT,
19542,2021-11-27,21:30,2022,regular,,final,Utah,BYU,331,18,64,75,,Pac-12,WCC,,,Jon M. Huntsman Center,Salt Lake City,UT,
19612,2021-11-27,22:00,2022,regular,,final,Washington,Winthrop,343,354,74,82,,Pac-12,Big South,,,Alaska Airlines Arena,Seattle,WA,
19613,2021-11-27,22:00,2022,regular,,final,Seattle U,St. Thomas-Minnesota,262,280,81,64,,UAC,Summit,,,Redhawk Center,Seattle,WA,
19614,2021-11-27,22:00,2022,regular,,final,California Baptist,San Diego Christian,39,991,85,38,,UAC,,,,Dale E. and Sarah Ann Fowler Events Center,Riverside,CA,
19615,2021-11-27,22:00,2022,regular,,final,Loyola Marymount,Prairie View A&M,153,232,83,80,,WCC,SWAC,,,Gersten Pavilion,Los Angeles,CA,
19620,2021-11-28,10:30,2022,regular,,final,Drake,North Texas,70,204,54,57,1,MVC,CUSA,,,HP Field House,Orlando,FL,ESPN Events Invitational
19618,2021-11-28,12:00,2022,regular,,final,Seton Hall,Bethune-Cookman,263,23,84,70,,Big East,SWAC,,,Prudential Center,Newark,NJ,
19619,2021-11-28,12:00,2022,regular,,final,Florida,Troy,87,302,84,45,,SEC,Sun Belt,,,Stephen C. O'Connell Center,Gainesville,FL,
19621,2021-11-28,12:00,2022,regular,,final,Florida International,North Florida,89,203,84,69,,CUSA,ASUN,,,Ocean Bank Convocation Center,Miami,FL,
19622,2021-11-28,13:00,2022,regular,,final,Iona,Kansas,123,131,83,96,1,Metro,Big 12,,,HP Field House,Orlando,FL,ESPN Events Invitational
19623,2021-11-28,13:00,2022,regular,,final,Boston University,Merrimack,27,166,61,60,,Patriot,NEC,,,Case Gym,Boston,MA,
19624,2021-11-28,13:00,2022,regular,,final,Montana State,Southeast Missouri State,180,272,75,68,1,Big Sky,OVC,,,McDermott Center,San Antonio,TX,Incarnate Word Thanksgiving Invitational
19625,2021-11-28,13:00,2022,regular,,final,Central Connecticut,Fordham,44,91,83,89,,NEC,A-10,,,Detrick Gymnasium,New Britain,CT,
19626,2021-11-28,13:00,2022,regular,,final,Yale,Stony Brook,360,285,81,85,,Ivy,Am. East,,,John J. Lee Amphitheater,New Haven,CT,
19627,2021-11-28,13:30,2022,regular,,final,SE Louisiana,Western Michigan,246,351,77,81,1,Southland,MAC,,,Alico Arena,Fort Myers,FL,Hilton Garden Inn FGCU Invitational
19628,2021-11-28,14:00,2022,regular,,final,South Carolina State,The Citadel,267,299,79,91,,MEAC,SoCon,,,Smith-Hammond-Middleton Memorial Center,Orangeburg,SC,
19629,2021-11-28,14:00,2022,regular,,final,Milwaukee,Alcorn State,172,7,57,61,,Horizon,SWAC,,,UW-Milwaukee Panther Arena,Milwaukee,WI,
19630,2021-11-28,14:00,2022,regular,,final,Eastern Illinois,Evansville,77,82,54,70,,OVC,MVC,,,Groniger Arena,Charleston,IL,
19631,2021-11-28,14:00,2022,regular,,final,Florida Atlantic,James Madison,86,129,65,69,,CUSA,CAA,,,Eleanor R. Baldwin Arena,Boca Raton,FL,
19632,2021-11-28,14:00,2022,regular,,final,Duquesne,American University,73,8,88,79,,A-10,Patriot,,,UPMC Cooper Fieldhouse,Pittsburgh,PA,
19633,2021-11-28,14:00,2022,regular,,final,Binghamton,Hartwick,24,1100,110,41,,Am. East,,,,Events Center (Binghamton),Binghamton,NY,
19634,2021-11-28,14:00,2022,regular,,final,Fairfield,Loyola Maryland,83,152,70,75,,Metro,Patriot,,,Total Mortgage Arena,Bridgeport,CT,
19635,2021-11-28,14:00,2022,regular,,final,South Carolina,Rider,266,243,65,58,,SEC,Metro,,,Colonial Life Arena,Columbia,SC,
19636,2021-11-28,14:00,2022,regular,,final,Bucknell,Siena,32,264,65,56,,Patriot,Metro,,,Sojka Pavilion,Lewisburg,PA,
19637,2021-11-28,14:00,2022,regular,,final,DePaul,Eastern Michigan,65,79,101,63,,Big East,MAC,,,Wintrust Arena,Chicago,IL,
19638,2021-11-28,14:00,2022,regular,,final,Bowling Green,Chicago State,28,50,75,57,,MAC,UAC,,,Stroh Center,Bowling Green,OH,
19639,2021-11-28,15:00,2022,regular,,final,Bellarmine,Franklin,21,608,75,37,,ASUN,,,,Freedom Hall (KY),Louisville,KY,
19640,2021-11-28,15:00,2022,regular,,final,Tennessee State,Southern,290,274,80,82,,OVC,SWAC,,,Gentry Center,Nashville,TN,
19641,2021-11-28,15:00,2022,regular,,final,SMU,UL Monroe,248,316,74,67,,American,Sun Belt,,,Moody Coliseum,Dallas,TX,
19642,2021-11-28,15:37,2022,regular,,final,Incarnate Word,Portland,120,230,68,77,,Southland,WCC,,,McDermott Center,San Antonio,TX,Incarnate Word Thanksgiving Invitational
19617,2021-11-28,16:00,2022,regular,,final,Arkansas,Pennsylvania,12,227,76,60,,SEC,Ivy,,,Bud Walton Arena,Fayetteville,AR,
19643,2021-11-28,16:00,2022,regular,,final,Belmont,Dayton,22,64,61,63,1,OVC,A-10,,,HP Field House,Orlando,FL,ESPN Events Invitational
19644,2021-11-28,16:00,2022,regular,,final,Arkansas State,Kansas City,13,130,66,55,,Sun Belt,Summit,,,First National Bank Arena,Jonesboro,AR,Eracism Invitational
19645,2021-11-28,16:00,2022,regular,,final,Princeton,Fairleigh Dickinson,234,84,89,79,,Ivy,NEC,,,Jadwin Gymnasium,Princeton,NJ,
19646,2021-11-28,16:00,2022,regular,,final,Bryant,Dartmouth,31,62,61,63,,NEC,Ivy,,,Chace Athletic Center,Smithfield,RI,
19647,2021-11-28,16:00,2022,regular,,final,Georgia,Wofford,98,356,65,68,,SEC,SoCon,,,Stegeman Coliseum,Athens,GA,
19648,2021-11-28,16:00,2022,regular,,final,Northwestern State,Stephen F. Austin,211,282,68,72,,Southland,UAC,,,Prather Coliseum,Natchitoches,LA,
19649,2021-11-28,16:00,2022,regular,,final,Kennesaw State,Charleston Southern,133,47,89,52,,ASUN,Big South,,,KSU Convocation Center,Kennesaw,GA,
19650,2021-11-28,16:00,2022,regular,,final,Quinnipiac,Brown,238,30,61,72,,Metro,Ivy,,,M&T Bank Arena,Hamden,CT,
19651,2021-11-28,16:30,2022,regular,,final,Alabama State,North Alabama,6,197,69,81,,SWAC,ASUN,,,Dunn-Oliver Acadome,Montgomery,AL,
19652,2021-11-28,16:30,2022,regular,,final,UNC Asheville,St. Andrews,319,587,106,36,,Big South,,,,Kimmel Arena,Asheville,NC,
19653,2021-11-28,16:30,2022,regular,,final,Radford,Eastern Kentucky,239,78,88,75,,Big South,ASUN,,,The Dedmon Center,Radford,VA,
19654,2021-11-28,17:00,2022,regular,,final,Lipscomb,Kentucky Christian,143,590,86,67,,ASUN,,,,Allen Arena,Nashville,TN,
19655,2021-11-28,17:00,2022,regular,,final,UC Davis,Academy of Art,307,1061,60,79,,Big West,,,,University Credit Union Center,Davis,CA,
19656,2021-11-28,17:00,2022,regular,,final,Kansas State,North Dakota,132,201,84,42,,Big 12,Summit,,,Bramlage Coliseum,Manhattan,KS,
19616,2021-11-28,18:00,2022,regular,,final,La Salle,Villanova,137,338,46,72,1,A-10,Big East,,,The Palestra,Philadelphia,PA,
19657,2021-11-28,18:00,2022,regular,,final,San Diego,Cal State Northridge,258,38,52,56,,WCC,Big West,,,Jenny Craig Pavilion,San Diego,CA,
19658,2021-11-28,18:00,2022,regular,,final,Florida Gulf Coast,Purdue Fort Wayne,88,237,85,78,,ASUN,Horizon,,,Alico Arena,Fort Myers,FL,Hilton Garden Inn FGCU Invitational
19659,2021-11-28,18:30,2022,regular,,final,Alabama,Miami,5,168,96,64,1,SEC,ACC,,,HP Field House,Orlando,FL,ESPN Events Invitational
19660,2021-11-28,19:00,2022,regular,,final,Lehigh,St. Francis (PA),141,278,68,79,,Patriot,NEC,,,Stabler Arena,Bethlehem,PA,
19661,2021-11-28,19:00,2022,regular,,final,Colorado,Stanford,56,281,80,76,,Pac-12,Pac-12,,,CU Events Center,Boulder,CO,
19662,2021-11-28,20:00,2022,regular,,final,Norfolk State,Hampton,196,106,70,61,1,MEAC,Big South,,,Footprint Center,Phoenix,AZ,Booste Mobile Chris Paul HBCU Challenge
19663,2021-11-28,21:00,2022,regular,,final,California,Fresno State,40,92,65,57,,Pac-12,Mountain West,,,Haas Pavilion,Berkeley,CA,
19664,2021-11-28,22:30,2022,regular,,final,Morgan State,Grambling,182,103,59,74,1,MEAC,SWAC,,,Footprint Center,Phoenix,AZ,Booste Mobile Chris Paul HBCU Challenge
19668,2021-11-29,18:00,2022,regular,,final,Grambling,Norfolk State,103,196,63,70,1,SWAC,MEAC,,,Footprint Center,Phoenix,AZ,Booste Mobile Chris Paul HBCU Challenge
19669,2021-11-29,18:30,2022,regular,,final,App State,Hartford,9,363,69,59,,Sun Belt,Am. East,,,Holmes Convocation Center,Boone,NC,
19667,2021-11-29,19:00,2022,regular,,final,Kentucky,Central Michigan,135,45,85,57,,SEC,MAC,,,Rupp Arena,Lexington,KY,
19670,2021-11-29,19:00,2022,regular,,final,Buffalo,Point Park,33,865,94,49,,MAC,,,,Alumni Arena,Buffalo,NY,
19671,2021-11-29,19:00,2022,regular,,final,Gardner-Webb,North Carolina Central,94,199,83,58,,Big South,MEAC,,,Paul Porter Arena,Boiling Springs,NC,
19672,2021-11-29,19:00,2022,regular,,final,Columbia,Lafayette,58,138,50,73,,Ivy,Patriot,,,Levien Gymnasium,New York,NY,
19673,2021-11-29,19:00,2022,regular,,final,Virginia,Iowa,339,124,74,75,,ACC,Big Ten,,,John Paul Jones Arena,Charlottesville,VA,Big Ten/ACC Challenge
19674,2021-11-29,19:00,2022,regular,,final,Boston College,South Florida,26,271,64,49,,ACC,American,,,Conte Forum,Chestnut Hill,MA,
19675,2021-11-29,19:00,2022,regular,,final,Canisius,Cornell,42,60,75,89,,Metro,Ivy,,,Koessler Athletic Center,Buffalo,NY,
19676,2021-11-29,19:00,2022,regular,,final,Colgate,Niagara,55,194,59,70,,Patriot,Metro,,,Cotterell Court,Hamilton,NY,
19677,2021-11-29,19:00,2022,regular,,final,Toledo,Northwestern Ohio,300,1049,106,36,,MAC,,,,Savage Arena,Toledo,OH,
19678,2021-11-29,20:00,2022,regular,,final,Missouri,Paul Quinn,177,550,91,59,,SEC,,,,Mizzou Arena,Columbia,MO,
19679,2021-11-29,20:00,2022,regular,,final,South Alabama,East Texas A&M,265,76,69,66,,Sun Belt,,,,Mitchell Center,Mobile,AL,
19680,2021-11-29,20:00,2022,regular,,final,Murray State,Campbellsville,184,651,98,61,,OVC,,,,CFSB Center,Murray,KY,
19681,2021-11-29,20:00,2022,regular,,final,UTSA,St. Mary's (TX),328,1008,75,65,,CUSA,,,,UTSA Convocation Center,San Antonio,TX,
19682,2021-11-29,20:00,2022,regular,,final,TCU,Austin Peay,287,17,68,51,,Big 12,OVC,,,Schollmaier Arena,Fort Worth,TX,
19683,2021-11-29,20:00,2022,regular,,final,Vanderbilt,Mississippi Valley State,336,175,75,36,,SEC,SWAC,,,Memorial Gymnasium (TN),Nashville,TN,
19684,2021-11-29,20:00,2022,regular,,final,Oral Roberts,Tulsa,222,304,87,80,,Summit,American,,,Mabee Center,Tulsa,OK,
19685,2021-11-29,20:00,2022,regular,,final,Houston Christian,Southwestern Adventist,112,783,100,62,,Southland,,,,Sharp Gymnasium,Houston,TX,
19686,2021-11-29,20:00,2022,regular,,final,Abilene Christian,Schreiner,1,787,88,47,,UAC,,,,Teague Center,Abilene,TX,
19666,2021-11-29,20:30,2022,regular,,final,Texas,Sam Houston,295,255,73,57,,Big 12,UAC,,,Gregory Gymnasium,Austin,TX,
19687,2021-11-29,20:30,2022,regular,,final,Hampton,Morgan State,106,182,47,60,1,Big South,MEAC,,,Footprint Center,Phoenix,AZ,Booste Mobile Chris Paul HBCU Challenge
19688,2021-11-29,20:30,2022,regular,,final,Arkansas-Pine Bluff,Arkansas Baptist,14,539,75,70,,SWAC,,,,H.O. Clemmons Arena,Pine Bluff,AR,
19689,2021-11-29,21:00,2022,regular,,final,Utah State,Carroll (MT),329,842,93,63,,Mountain West,,,,Dee Glen Smith Spectrum,Logan,UT,
19690,2021-11-29,21:00,2022,regular,,final,UC Santa Barbara,UT Arlington,311,324,62,70,,Big West,Sun Belt,,,The Thunderdome,Santa Barbara,CA,
19691,2021-11-29,21:00,2022,regular,,final,Illinois,Notre Dame,118,213,82,72,,Big Ten,ACC,,,State Farm Center,Champaign,IL,Big Ten/ACC Challenge
19665,2021-11-29,22:00,2022,regular,,final,Gonzaga,Tarleton State,102,288,64,55,,WCC,UAC,,,McCarthey Athletic Center,Spokane,WA,
19692,2021-11-29,22:00,2022,regular,,final,Oregon,Montana,223,179,87,47,,Pac-12,Big Sky,,,Matthew Knight Arena,Eugene,OR,
19693,2021-11-29,22:00,2022,regular,,final,Cal State Fullerton,Wyoming,37,358,66,79,,Big West,Mountain West,,,Titan Gym,Fullerton,CA,
19694,2021-11-29,22:00,2022,regular,,final,Loyola Marymount,Grand Canyon,153,104,72,78,,WCC,UAC,,,Gersten Pavilion,Los Angeles,CA,
19695,2021-11-29,22:00,2022,regular,,final,Saint Mary's,UC Riverside,253,309,67,50,,WCC,Big West,,,University Credit Union Pavilion,Moraga,CA,
19699,2021-11-30,17:00,2022,regular,,final,Butler,Saginaw Valley State,34,942,68,57,,Big East,,,,Hinkle Fieldhouse,Indianapolis,IN,
19700,2021-11-30,18:30,2022,regular,,final,Radford,Kentucky Christian,239,590,79,70,,Big South,,,,The Dedmon Center,Radford,VA,
19696,2021-11-30,19:00,2022,regular,,final,Tennessee,Presbyterian,292,233,86,44,,SEC,Big South,,,Food City Center,Knoxville,TN,
19698,2021-11-30,19:00,2022,regular,,final,UConn,Maryland Eastern Shore,314,159,72,63,,Big East,MEAC,,,XL Center,Hartford,CT,
19701,2021-11-30,19:00,2022,regular,,final,Kent State,Point Park,134,865,107,41,,MAC,,,,M.A.C. Center,Kent,OH,
19702,2021-11-30,19:00,2022,regular,,final,VMI,Clarks Summit,334,909,88,40,,SoCon,,,,Cameron Hall,Lexington,VA,
19703,2021-11-30,19:00,2022,regular,,final,Tennessee Tech,Chattanooga,291,49,65,82,,OVC,SoCon,,,Hooper Eblen Center,Cookeville,TN,
19704,2021-11-30,19:00,2022,regular,,final,High Point,Furman,109,93,70,74,,Big South,SoCon,,,Qubein Center,High Point,NC,
19705,2021-11-30,19:00,2022,regular,,final,Campbell,Lancaster Bible College,41,625,83,39,,Big South,,,,John W. Pope Jr. Convocation Center,Buies Creek,NC,
19706,2021-11-30,19:00,2022,regular,,final,Mount St. Mary's,Howard,183,114,72,70,,NEC,MEAC,,,Knott Arena,Emmitsburg,MD,
19707,2021-11-30,19:00,2022,regular,,final,Northeastern,Detroit Mercy,205,69,66,56,,CAA,Horizon,,,Matthews Arena,Boston,MA,
19708,2021-11-30,19:00,2022,regular,,final,UNC Greensboro,Elon,320,81,74,61,,SoCon,CAA,,,First Horizon Coliseum,Greensboro,NC,
19709,2021-11-30,19:00,2022,regular,,final,Delaware,Long Island University,66,146,75,67,,CAA,NEC,,,Bob Carpenter Center,Newark,DE,
19710,2021-11-30,19:00,2022,regular,,final,Georgetown,Longwood,97,147,91,83,,Big East,Big South,,,Capital One Arena,Washington,DC,
19711,2021-11-30,19:00,2022,regular,,final,East Carolina,Old Dominion,74,219,63,62,,American,CUSA,,,Minges Coliseum,Greenville,NC,
19712,2021-11-30,19:00,2022,regular,,final,Texas A&M,New Orleans,293,193,85,65,,SEC,Southland,,,Reed Arena,College Station,TX,
19713,2021-11-30,19:00,2022,regular,,final,Charlotte,Davidson,48,63,58,75,,CUSA,A-10,,,Halton Arena,Charlotte,NC,
19714,2021-11-30,19:00,2022,regular,,final,NJIT,Sacred Heart,186,250,75,70,,Am. East,NEC,,,Joel & Diane Bloom Wellness and Events Center,Newark,NJ,
19715,2021-11-30,19:00,2022,regular,,final,Syracuse,Indiana,286,121,112,110,,ACC,Big Ten,,,JMA Wireless Dome,Syracuse,NY,Big Ten/ACC Challenge
19716,2021-11-30,19:00,2022,regular,,final,Pittsburgh,Minnesota,229,173,53,54,,ACC,Big Ten,,,Petersen Events Center,Pittsburgh,PA,Big Ten/ACC Challenge
19717,2021-11-30,19:00,2022,regular,,final,West Virginia,Bellarmine,347,21,74,55,,Big 12,ASUN,,,WVU Coliseum,Morgantown,WV,
19718,2021-11-30,19:00,2022,regular,,final,Army,Siena,15,264,67,83,,Patriot,Metro,,,Christl Arena,West Point,NY,
19719,2021-11-30,19:00,2022,regular,,final,Manhattan,Fairleigh Dickinson,155,84,78,73,,Metro,NEC,,,Draddy Gymnasium,Riverdale,NY,
19720,2021-11-30,19:30,2022,regular,,final,Charleston,Tulane,46,303,81,77,,CAA,American,,,TD Arena,Charleston,SC,
19721,2021-11-30,19:30,2022,regular,,final,Purdue,Florida State,236,90,93,65,,Big Ten,ACC,,,Mackey Arena,West Lafayette,IN,Big Ten/ACC Challenge
19722,2021-11-30,19:30,2022,regular,,final,Ole Miss,Rider,220,243,75,51,,SEC,Metro,,,The Sandy and John Black Pavilion at Ole Miss,Oxford,MS,
19697,2021-11-30,20:00,2022,regular,,final,Houston,Northwestern State,113,211,99,58,,American,Southland,,,Fertitta Center,Houston,TX,
19723,2021-11-30,20:00,2022,regular,,final,Western Kentucky,Rhodes,350,649,105,35,,CUSA,,,,E.A. Diddle Arena,Bowling Green,KY,
19724,2021-11-30,20:00,2022,regular,,final,Samford,Mississippi College,256,532,83,58,,SoCon,,,,Pete Hanna Center,Homewood,AL,
19725,2021-11-30,20:00,2022,regular,,final,Rice,Texas State,241,297,69,80,,CUSA,Sun Belt,,,Tudor Fieldhouse,Houston,TX,
19726,2021-11-30,20:00,2022,regular,,final,South Dakota State,Prairie View A&M,270,232,99,90,,Summit,SWAC,,,Frost Arena,Brookings,SD,
19727,2021-11-30,20:00,2022,regular,,final,Omaha,SIU Edwardsville,221,247,65,75,,Summit,OVC,,,Baxter Arena,Omaha,NE,
19728,2021-11-30,20:00,2022,regular,,final,North Dakota,Presentation College,201,1092,72,55,,Summit,,,,Betty Engelstad Sioux Center,Grand Forks,ND,
19729,2021-11-30,21:00,2022,regular,,final,Utah Tech,Bethesda University,330,592,99,61,,UAC,,,,Burns Arena,St. George,UT,
19730,2021-11-30,21:00,2022,regular,,final,Marquette,Jackson State,157,126,83,54,,Big East,SWAC,,,Fiserv Forum,Milwaukee,WI,
19731,2021-11-30,21:00,2022,regular,,final,Boise State,Saint Louis,25,252,82,86,,Mountain West,A-10,,,ExtraMile Arena,Boise,ID,
19732,2021-11-30,21:00,2022,regular,,final,New Mexico State,New Mexico,192,191,94,101,,UAC,Mountain West,,,Pan American Center,Las Cruces,NM,
19733,2021-11-30,21:00,2022,regular,,final,Santa Clara,Hawai'i,261,108,70,58,,WCC,Big West,,,Leavey Center,Santa Clara,CA,
19734,2021-11-30,21:00,2022,regular,,final,Wake Forest,Northwestern,342,212,77,73,,ACC,Big Ten,,,LJVM Coliseum,Winston-Salem,NC,Big Ten/ACC Challenge
19735,2021-11-30,21:00,2022,regular,,final,Rutgers,Clemson,245,52,74,64,,Big Ten,ACC,,,Jersey Mike’s Arena,Piscataway,NJ,Big Ten/ACC Challenge
19736,2021-11-30,21:00,2022,regular,,final,Creighton,North Dakota State,61,202,80,55,,Big East,Summit,,,CHI Health Center Omaha,Omaha,NE,
19737,2021-11-30,21:30,2022,regular,,final,Ohio State,Duke,216,72,71,66,,Big Ten,ACC,,,Schottenstein Center,Columbus,OH,Big Ten/ACC Challenge
19738,2021-11-30,22:00,2022,regular,,final,San José State,South Dakota,260,269,61,52,,Mountain West,Summit,,,Provident Credit Union Event Center,San Jose,CA,
19739,2021-11-30,22:00,2022,regular,,final,San Diego State,Long Beach State,257,145,72,47,,Mountain West,Big West,,,Viejas Arena,San Diego,CA,
19740,2021-11-30,22:00,2022,regular,,final,Nevada,Pepperdine,189,228,79,66,,Mountain West,WCC,,,Lawlor Events Center,Reno,NV,
19750,2021-12-01,17:00,2022,regular,,final,Western Carolina,Warren Wilson,348,918,102,47,,SoCon,,,,Ramsey Center,Cullowhee,NC,
19751,2021-12-01,18:00,2022,regular,,final,South Carolina Upstate,North Carolina Central,268,199,65,67,,Big South,MEAC,,,G.B. Hodge Center,Spartanburg,SC,
19752,2021-12-01,18:30,2022,regular,,final,UNC Asheville,The Citadel,319,299,65,58,,Big South,SoCon,,,Kimmel Arena,Asheville,NC,
19753,2021-12-01,18:30,2022,regular,,final,Stony Brook,American University,285,8,80,57,,Am. East,Patriot,,,Island FCU Arena,Stony Brook,NY,
19754,2021-12-01,18:30,2022,regular,,final,Xavier,Central Michigan,359,45,78,45,,Big East,MAC,,,Cintas Center,Cincinnati,OH,
19742,2021-12-01,19:00,2022,regular,,final,Pennsylvania,Villanova,227,338,56,71,,Ivy,Big East,,,The Palestra,Philadelphia,PA,
19749,2021-12-01,19:00,2022,regular,,final,Seton Hall,Wagner,263,341,85,63,,Big East,NEC,,,Prudential Center,Newark,NJ,
19755,2021-12-01,19:00,2022,regular,,final,Vermont,Dartmouth,337,62,83,65,,Am. East,Ivy,,,Patrick Gymnasium,Burlington,VT,
19756,2021-12-01,19:00,2022,regular,,final,Yale,Lehigh,360,141,82,72,,Ivy,Patriot,,,John J. Lee Amphitheater,New Haven,CT,
19757,2021-12-01,19:00,2022,regular,,final,Hofstra,Princeton,110,234,81,77,,CAA,Ivy,,,David S. Mack Sports and Exhibition Complex,Hempstead,NY,
19758,2021-12-01,19:00,2022,regular,,final,Morehead State,Georgia Southern,181,99,59,51,,OVC,Sun Belt,,,Ellis T. Johnson Arena,Morehead,KY,
19759,2021-12-01,19:00,2022,regular,,final,Florida A&M,Fort Valley State,85,820,76,63,,SWAC,,,,Al Lawson Center,Tallahassee,FL,
19760,2021-12-01,19:00,2022,regular,,final,Middle Tennessee,UT Martin,171,325,73,61,,CUSA,OVC,,,Murphy Center,Murfreesboro,TN,
19761,2021-12-01,19:00,2022,regular,,final,Florida Atlantic,Stetson,86,283,83,73,,CUSA,ASUN,,,Eleanor R. Baldwin Arena,Boca Raton,FL,
19762,2021-12-01,19:00,2022,regular,,final,St. Francis (PA),Bucknell,278,32,93,67,,NEC,Patriot,,,DeGol Arena,Loretto,PA,
19763,2021-12-01,19:00,2022,regular,,final,Central Connecticut,Holy Cross,44,111,73,67,,NEC,Patriot,,,Detrick Gymnasium,New Britain,CT,
19764,2021-12-01,19:00,2022,regular,,final,Navy,William & Mary,187,353,75,56,,Patriot,CAA,,,Alumni Hall (Navy),Annapolis,MD,
19765,2021-12-01,19:00,2022,regular,,final,UNC Wilmington,Norfolk State,321,196,69,74,,CAA,MEAC,,,Trask Coliseum,Wilmington,NC,
19766,2021-12-01,19:00,2022,regular,,final,Coastal Carolina,South Carolina,54,266,80,56,,Sun Belt,SEC,,,The HTC Center,Conway,SC,
19767,2021-12-01,19:00,2022,regular,,final,Miami (OH),Cincinnati,167,51,58,59,,MAC,American,,,Millett Hall,Oxford,OH,
19768,2021-12-01,19:00,2022,regular,,final,Wofford,Richmond,356,242,64,73,,SoCon,A-10,,,Jerry Richardson Indoor Stadium,Spartanburg,SC,
19769,2021-12-01,19:00,2022,regular,,final,Temple,La Salle,289,137,73,57,,American,A-10,,,Liacouras Center,Philadelphia,PA,
19770,2021-12-01,19:00,2022,regular,,final,George Washington,Boston University,96,27,54,56,,A-10,Patriot,,,Charles E. Smith Center,Washington,DC,
19771,2021-12-01,19:00,2022,regular,,final,Loyola Maryland,Chicago State,152,50,78,64,,Patriot,UAC,,,Reitz Arena,Baltimore,MD,
19772,2021-12-01,19:00,2022,regular,,final,Harvard,Rhode Island,107,240,57,64,,Ivy,A-10,,,Lavietes Pavilion,Cambridge,MA,
19773,2021-12-01,19:00,2022,regular,,final,Fordham,St. Francis Brooklyn,91,364,68,46,,A-10,NEC,,,Rose Hill Gym,Bronx,NY,
19774,2021-12-01,19:00,2022,regular,,final,UMass Lowell,Brown,318,30,63,73,,Am. East,Ivy,,,Costello Athletic Center,Lowell,MA,
19775,2021-12-01,19:00,2022,regular,,final,UMBC,Columbia,317,58,98,60,,Am. East,Ivy,,,Chesapeake Employers Insurance Arena,Baltimore,MD,
19776,2021-12-01,19:00,2022,regular,,final,Dayton,Alabama State,64,6,93,54,,A-10,SWAC,,,UD Arena,Dayton,OH,
19777,2021-12-01,19:00,2022,regular,,final,Saint Joseph's,Binghamton,251,24,79,57,,A-10,Am. East,,,Michael J. Hagan '85 Arena,Philadelphia,PA,
19778,2021-12-01,19:00,2022,regular,,final,St. Bonaventure,Coppin State,277,59,93,81,,A-10,MEAC,,,Reilly Center,Saint Bonaventure,NY,
19779,2021-12-01,19:00,2022,regular,,final,Kennesaw State,Mercer,133,164,71,73,,ASUN,SoCon,,,KSU Convocation Center,Kennesaw,GA,
19780,2021-12-01,19:00,2022,regular,,final,Florida International,Florida Gulf Coast,89,88,77,61,,CUSA,ASUN,,,Ocean Bank Convocation Center,Miami,FL,
19781,2021-12-01,19:00,2022,regular,,final,Evansville,Southern Illinois,82,273,52,54,,MVC,MVC,,,Ford Center,Evansville,IN,
19782,2021-12-01,19:00,2022,regular,,final,Marist,Iona,156,123,71,78,,Metro,Metro,,,McCann Arena,Poughkeepsie,NY,
19783,2021-12-01,19:00,2022,regular,,final,Western Illinois,Ball State,349,19,93,80,,Summit,MAC,,,Western Hall,Macomb,IL,
19784,2021-12-01,19:00,2022,regular,,final,Duquesne,Bowling Green,73,28,70,78,,A-10,MAC,,,UPMC Cooper Fieldhouse,Pittsburgh,PA,
19785,2021-12-01,19:00,2022,regular,,final,Akron,Marshall,3,158,88,86,,MAC,CUSA,,,James A. Rhodes Arena,Akron,OH,
19745,2021-12-01,19:15,2022,regular,,final,Georgia,Memphis,98,163,82,79,,SEC,American,,,Stegeman Coliseum,Athens,GA,
19786,2021-12-01,19:15,2022,regular,,final,Michigan State,Louisville,169,150,73,64,,Big Ten,ACC,,,Breslin Center,East Lansing,MI,Big Ten/ACC Challenge
19787,2021-12-01,19:15,2022,regular,,final,NC State,Nebraska,185,188,104,100,,ACC,Big Ten,,,Lenovo Center,Raleigh,NC,Big Ten/ACC Challenge
19788,2021-12-01,19:15,2022,regular,,final,Maryland,Virginia Tech,160,340,58,62,,Big Ten,ACC,,,XFINITY Center,College Park,MD,Big Ten/ACC Challenge
19789,2021-12-01,19:30,2022,regular,,final,Stephen F. Austin,Lincoln University (CA),282,754,90,54,,UAC,,,,William R. Johnson Coliseum,Nacogdoches,TX,
19790,2021-12-01,19:30,2022,regular,,final,Incarnate Word,Our Lady Of The Lake,120,732,93,66,,Southland,,,,McDermott Center,San Antonio,TX,
19791,2021-12-01,19:30,2022,regular,,final,UL Monroe,Centenary (LA),316,367,104,67,,Sun Belt,,,,Fant-Ewing Coliseum,Monroe,LA,
19792,2021-12-01,19:30,2022,regular,,final,App State,Boyce,9,581,90,29,,Sun Belt,,,,Holmes Convocation Center,Boone,NC,
19793,2021-12-01,19:30,2022,regular,,final,Louisiana Tech,Texas Southern,149,296,87,60,,CUSA,SWAC,,,Thomas Assembly Center,Ruston,LA,
19794,2021-12-01,19:30,2022,regular,,final,Winthrop,Hartford,354,363,82,75,,Big South,Am. East,,,Winthrop Coliseum,Rock Hill,SC,
19795,2021-12-01,19:30,2022,regular,,final,UAB,East Tennessee State,305,75,70,56,,CUSA,SoCon,,,Bartow Arena,Birmingham,AL,
19796,2021-12-01,19:30,2022,regular,,final,Arizona State,Washington State,10,344,29,51,,Pac-12,Pac-12,,,Desert Financial Arena,Tempe,AZ,
19743,2021-12-01,20:00,2022,regular,,final,Arkansas,Central Arkansas,12,43,97,60,,SEC,ASUN,,,Bud Walton Arena,Fayetteville,AR,
19744,2021-12-01,20:00,2022,regular,,final,Oklahoma,Florida,217,87,74,67,,Big 12,SEC,,,Lloyd Noble Center,Norman,OK,
19746,2021-12-01,20:00,2022,regular,,final,Iowa State,Arkansas-Pine Bluff,125,14,83,64,,Big 12,SWAC,,,Hilton Coliseum,Ames,IA,
19748,2021-12-01,20:00,2022,regular,,final,Auburn,UCF,16,312,85,68,,SEC,American,,,Neville Arena,Auburn,AL,
19797,2021-12-01,20:00,2022,regular,,final,Abilene Christian,Dallas,1,554,108,65,,UAC,,,,Moody Coliseum (Abilene),Abilene,TX,
19798,2021-12-01,20:00,2022,regular,,final,South Alabama,Southern Miss,265,275,85,55,,Sun Belt,CUSA,,,Mitchell Center,Mobile,AL,
19799,2021-12-01,20:00,2022,regular,,final,Oklahoma State,Wichita State,218,352,51,60,,Big 12,American,,,Gallagher-Iba Arena,Stillwater,OK,
19800,2021-12-01,20:00,2022,regular,,final,SMU,UNLV,248,322,83,64,,American,Mountain West,,,Moody Coliseum,Dallas,TX,
19801,2021-12-01,20:00,2022,regular,,final,UT Rio Grande Valley,Texas A&M-Corpus Christi,326,294,77,83,,UAC,Southland,,,UTRGV Fieldhouse,Edinburg,TX,South Texas Showdown
19802,2021-12-01,20:00,2022,regular,,final,Kansas State,UAlbany,132,306,71,43,,Big 12,Am. East,,,Bramlage Coliseum,Manhattan,KS,
19803,2021-12-01,20:00,2022,regular,,final,Bradley,Northern Iowa,29,209,71,69,,MVC,MVC,,,Carver Arena,Peoria,IL,
19804,2021-12-01,20:00,2022,regular,,final,Illinois State,Missouri State,119,176,79,74,,MVC,MVC,,,CEFCU Arena,Normal,IL,
19805,2021-12-01,20:00,2022,regular,,final,Loyola Chicago,Indiana State,151,122,88,76,,MVC,MVC,,,Gentile Arena,Chicago,IL,
19806,2021-12-01,20:00,2022,regular,,final,LSU,Ohio,136,215,66,51,,SEC,MAC,,,Pete Maravich Assembly Center,Baton Rouge,LA,
19807,2021-12-01,20:00,2022,regular,,final,Northern Illinois,Eastern Illinois,208,77,55,45,,MAC,OVC,,,NIU Convocation Center,Dekalb,IL,
19821,2021-12-01,20:00,2022,regular,,cancelled,Georgia State,Tennessee State,100,290,0,0,,Sun Belt,OVC,,,Georgia State Sports Arena,Atlanta,GA,
19808,2021-12-01,20:30,2022,regular,,final,Troy,Rust,302,795,81,48,,Sun Belt,,,,Trojan Arena,Troy,AL,
19809,2021-12-01,20:30,2022,regular,,final,Providence,Texas Tech,235,298,72,68,,Big East,Big 12,,,Amica Mutual Pavilion,Providence,RI,Big East-Big 12 Battle
19810,2021-12-01,21:00,2022,regular,,final,North Alabama,Mississippi Valley State,197,175,72,58,,ASUN,SWAC,,,Flowers Hall,Florence,AL,
19811,2021-12-01,21:00,2022,regular,,final,Colorado State,Little Rock,57,144,86,55,,Mountain West,Sun Belt,,,Moby Arena,Fort Collins,CO,
19812,2021-12-01,21:00,2022,regular,,final,Utah Tech,Bethesda University,330,592,99,67,,UAC,,,,Burns Arena,St. George,UT,
19813,2021-12-01,21:00,2022,regular,,final,Utah Valley,BYU,332,18,72,65,,UAC,WCC,,,UCCU Center,Orem,UT,UCCU Crosstown Clash
19814,2021-12-01,21:00,2022,regular,,final,UC Davis,Pacific,307,225,63,57,,Big West,WCC,,,University Credit Union Center,Davis,CA,
19815,2021-12-01,21:15,2022,regular,,final,Penn State,Miami,226,168,58,63,,Big Ten,ACC,,,Bryce Jordan Center,University Park,PA,Big Ten/ACC Challenge
19816,2021-12-01,21:15,2022,regular,,final,North Carolina,Michigan,200,170,72,51,,ACC,Big Ten,,,Dean E. Smith Center,Chapel Hill,NC,Big Ten/ACC Challenge
19817,2021-12-01,21:15,2022,regular,,final,Georgia Tech,Wisconsin,101,355,66,70,,ACC,Big Ten,,,McCamish Pavilion,Atlanta,GA,Big Ten/ACC Challenge
19741,2021-12-01,21:30,2022,regular,,final,UCLA,Colorado,313,56,73,61,,Pac-12,Pac-12,,,Pauley Pavilion,Los Angeles,CA,
19818,2021-12-01,22:00,2022,regular,,final,Oregon,UC Riverside,223,309,71,65,,Pac-12,Big West,,,Matthew Knight Arena,Eugene,OR,
19819,2021-12-01,22:00,2022,regular,,final,Fresno State,San Diego,92,258,63,43,,Mountain West,WCC,,,Save Mart Center,Fresno,CA,
19820,2021-12-01,22:00,2022,regular,,final,Seattle U,McNeese,262,162,78,62,,UAC,Southland,,,Climate Pledge Arena,Seattle,WA,
19747,2021-12-01,23:30,2022,regular,,final,USC,Utah,323,331,93,73,,Pac-12,Pac-12,,,Galen Center,Los Angeles,CA,
19822,2021-12-02,19:00,2022,regular,,final,Drexel,Fairleigh Dickinson,71,84,86,65,,CAA,NEC,,,Daskalakis Athletic Center,Philadelphia,PA,
19823,2021-12-02,19:00,2022,regular,,final,Grambling,Jarvis Christian,103,846,71,44,,SWAC,,,,Fredrick C. Hobdy Assembly Center,Grambling,LA,
19824,2021-12-02,19:00,2022,regular,,final,Lafayette,Sacred Heart,138,250,67,74,,Patriot,NEC,,,Kirby Sports Center,Easton,PA,
19825,2021-12-02,19:00,2022,regular,,final,Towson,Long Island University,301,146,72,63,,CAA,NEC,,,TU Arena,Towson,MD,
19826,2021-12-02,19:00,2022,regular,,final,James Madison,Eastern Mennonite,129,877,96,54,,CAA,,,,Atlantic Union Bank Center,Harrisonburg,VA,
19827,2021-12-02,19:00,2022,regular,,final,Delaware State,Delaware,67,66,48,59,,MEAC,CAA,,,Memorial Hall (DE),Dover,DE,
19828,2021-12-02,19:00,2022,regular,,final,NJIT,Saint Elizabeth,186,695,76,43,,Am. East,,,,Joel & Diane Bloom Wellness and Events Center,Newark,NJ,
19829,2021-12-02,19:00,2022,regular,,final,North Florida,Edward Waters,203,700,103,57,,ASUN,,,,UNF Arena,Jacksonville,FL,
19830,2021-12-02,19:00,2022,regular,,final,Liberty,Missouri,142,177,66,45,,ASUN,SEC,,,Liberty Arena,Lynchburg,VA,
19831,2021-12-02,19:00,2022,regular,,final,Purdue Fort Wayne,Wright State,237,357,73,86,,Horizon,Horizon,,,Memorial Coliseum (IN),Fort Wayne,IN,
19832,2021-12-02,19:00,2022,regular,,final,Cleveland State,Northern Kentucky,53,210,72,58,,Horizon,Horizon,,,Wolstein Center,Cleveland,OH,
19833,2021-12-02,19:00,2022,regular,,final,IU Indianapolis,Detroit Mercy,115,69,45,69,,Horizon,Horizon,,,Corteva Coliseum,Indianapolis,IN,
19834,2021-12-02,19:30,2022,regular,,final,Sam Houston,Schreiner,255,787,106,46,,UAC,,,,Bernard G. Johnson Coliseum,Huntsville,TX,
19835,2021-12-02,20:00,2022,regular,,final,Northern Colorado,Montana State,207,180,77,75,,Big Sky,Big Sky,,,Bank of Colorado Arena,Greeley,CO,
19836,2021-12-02,20:00,2022,regular,,final,St. Thomas-Minnesota,Crown College,280,777,73,53,,Summit,,,,Schoenecker Arena,Saint Paul,MN,
19837,2021-12-02,20:00,2022,regular,,final,TCU,Oral Roberts,287,222,71,63,,Big 12,Summit,,,Schollmaier Arena,Fort Worth,TX,
19838,2021-12-02,20:00,2022,regular,,final,Mississippi State,Lamar,174,139,75,60,,SEC,UAC,,,Humphrey Coliseum,Starkville,MS,
19839,2021-12-02,20:00,2022,regular,,final,Charleston Southern,Jacksonville,47,127,56,67,,Big South,ASUN,,,Buccaneer Fieldhouse,Charleston,SC,
19840,2021-12-02,20:00,2022,regular,,final,Milwaukee,Youngstown State,172,361,68,70,,Horizon,Horizon,,,UW-Milwaukee Panther Arena,Milwaukee,WI,
19841,2021-12-02,20:00,2022,regular,,final,Green Bay,Robert Morris,105,244,70,58,,Horizon,Horizon,,,Resch Center,Ashwaubenon,WI,
19842,2021-12-02,20:00,2022,regular,,final,UIC,Oakland,315,214,77,81,,Horizon,Horizon,,,Credit Union 1 Arena,Chicago,IL,
19843,2021-12-02,20:00,2022,regular,,final,North Dakota State,Northland,202,906,114,51,,Summit,,,,Scheels Center,Fargo,ND,
19844,2021-12-02,20:30,2022,regular,,final,Belmont,Lipscomb,22,143,94,65,,OVC,ASUN,,,Curb Event Center Arena,Nashville,TN,
19856,2021-12-02,20:30,2022,regular,,scheduled,Arizona,Washington,11,343,0,0,,Pac-12,Pac-12,,,McKale Memorial Center,Tucson,AZ,
19845,2021-12-02,21:00,2022,regular,,final,Weber State,Northern Arizona,345,206,67,44,,Big Sky,Big Sky,,,Dee Events Center,Ogden,UT,
19846,2021-12-02,21:00,2022,regular,,final,Idaho State,Portland State,116,231,55,63,,Big Sky,Big Sky,,,Reed Gym,Pocatello,ID,
19847,2021-12-02,21:00,2022,regular,,final,Eastern Washington,Southern Utah,80,276,76,89,,Big Sky,Big Sky,,,Reese Court,Cheney,WA,
19848,2021-12-02,21:00,2022,regular,,final,Grand Canyon,UTSA,104,328,74,71,,UAC,CUSA,,,Global Credit Union Arena,Phoenix,AZ,
19849,2021-12-02,21:00,2022,regular,,final,Utah State,Saint Mary's,329,253,58,60,,Mountain West,WCC,,,Dee Glen Smith Spectrum,Logan,UT,
19850,2021-12-02,21:00,2022,regular,,final,Drake,Valparaiso,70,335,73,66,,MVC,MVC,,,Knapp Center,Des Moines,IA,
19851,2021-12-02,21:00,2022,regular,,final,Wyoming,Denver,358,68,77,64,,Mountain West,Summit,,,Arena-Auditorium,Laramie,WY,
19852,2021-12-02,22:00,2022,regular,,final,Sacramento State,Montana,249,179,58,65,,Big Sky,Big Sky,,,The Nest,Sacramento,CA,
19853,2021-12-02,22:00,2022,regular,,final,California Baptist,Cal Poly,39,35,64,55,,UAC,Big West,,,Dale E. and Sarah Ann Fowler Events Center,Riverside,CA,
19854,2021-12-02,22:00,2022,regular,,final,UC San Diego,Eastern Michigan,310,79,83,74,,Big West,MAC,,,LionTree Arena,San Diego,CA,
19855,2021-12-02,22:30,2022,regular,,final,California,Oregon State,40,224,73,61,,Pac-12,Pac-12,,,Haas Pavilion,Berkeley,CA,
19860,2021-12-03,17:00,2022,regular,,final,North Carolina A&T,Carver College,198,1016,97,55,,Big South,,,,Corbett Sports Center,Greensboro,NC,
19861,2021-12-03,18:00,2022,regular,,final,Boston College,Notre Dame,26,213,73,57,,ACC,ACC,,,Conte Forum,Chestnut Hill,MA,
19858,2021-12-03,19:00,2022,regular,,final,Texas,UT Rio Grande Valley,295,326,88,58,,Big 12,UAC,,,Frank Erwin Center,Austin,TX,
19862,2021-12-03,19:00,2022,regular,,final,South Florida,South Carolina State,271,267,64,65,,American,MEAC,,,Yuengling Center,Tampa,FL,
19863,2021-12-03,19:00,2022,regular,,final,Presbyterian,Bob Jones,233,533,90,61,,Big South,,,,Templeton Center,Clinton,SC,
19864,2021-12-03,19:00,2022,regular,,final,Northeastern,Colgate,205,55,74,69,,CAA,Patriot,,,Matthews Arena,Boston,MA,
19865,2021-12-03,19:00,2022,regular,,final,Furman,Charleston,93,46,91,88,,SoCon,CAA,,,Timmons Arena,Greenville,SC,
19866,2021-12-03,19:00,2022,regular,,final,St. John's,Kansas,279,131,75,95,,Big East,Big 12,,,UBS Arena,Elmont,NY,Big East-Big 12 Battle
19867,2021-12-03,19:00,2022,regular,,final,Cornell,Coppin State,60,59,92,77,,Ivy,MEAC,,,Newman Arena,Ithaca,NY,
19868,2021-12-03,19:00,2022,regular,,final,Quinnipiac,Saint Peter's,238,254,59,69,,Metro,Metro,,,M&T Bank Arena,Hamden,CT,
19869,2021-12-03,19:00,2022,regular,,final,Iona,Rider,123,243,80,54,,Metro,Metro,,,Hynes Athletics Center,New Rochelle,NY,
19870,2021-12-03,19:00,2022,regular,,final,Siena,Manhattan,264,155,72,77,,Metro,Metro,,,MVP Arena,Albany,NY,
19871,2021-12-03,19:00,2022,regular,,final,Niagara,Monmouth,194,178,49,57,,Metro,Metro,,,Gallagher Center,Niagara Falls,NY,
19872,2021-12-03,19:00,2022,regular,,final,Canisius,Fairfield,42,83,68,74,,Metro,Metro,,,Koessler Athletic Center,Buffalo,NY,
19873,2021-12-03,19:00,2022,regular,,final,Illinois,Rutgers,118,245,86,51,,Big Ten,Big Ten,,,State Farm Center,Champaign,IL,
19859,2021-12-03,20:00,2022,regular,,final,Houston,Bryant,113,31,111,44,,American,NEC,,,Fertitta Center,Houston,TX,
19874,2021-12-03,20:00,2022,regular,,final,South Dakota,Waldorf College,269,811,93,37,,Summit,,,,Sanford Coyote Sports Center,Vermillion,SD,
19875,2021-12-03,20:00,2022,regular,,final,UTEP,New Mexico State,327,192,69,72,,CUSA,UAC,,,Don Haskins Center,El Paso,TX,
19876,2021-12-03,20:00,2022,regular,,final,South Dakota State,Minnesota Morris,270,1101,112,47,,Summit,,,,Frost Arena,Brookings,SD,
19877,2021-12-03,20:00,2022,regular,,final,Louisiana,New Orleans,148,193,80,67,,Sun Belt,Southland,,,Cajundome,Lafayette,LA,
19878,2021-12-03,20:00,2022,regular,,final,Virginia,Pittsburgh,339,229,57,56,,ACC,ACC,,,John Paul Jones Arena,Charlottesville,VA,
19884,2021-12-03,20:00,2022,regular,,cancelled,Utah Valley,Yellowstone Christian College,332,1102,0,0,,UAC,,,,UCCU Center,Orem,UT,
19857,2021-12-03,21:00,2022,regular,,final,Purdue,Iowa,236,124,77,70,,Big Ten,Big Ten,,,Mackey Arena,West Lafayette,IN,
19879,2021-12-03,21:00,2022,regular,,final,Boise State,Tulsa,25,304,63,58,,Mountain West,American,,,ExtraMile Arena,Boise,ID,
19880,2021-12-03,22:00,2022,regular,,final,UC Irvine,Bethesda University,308,592,86,54,,Big West,,,,Bren Events Center,Irvine,CA,
19881,2021-12-03,22:00,2022,regular,,final,UC Santa Barbara,Pepperdine,311,228,86,74,,Big West,WCC,,,The Thunderdome,Santa Barbara,CA,
19882,2021-12-03,22:00,2022,regular,,final,Portland,VMI,230,334,82,90,,WCC,SoCon,,,Chiles Center,Portland,OR,
19883,2021-12-03,22:00,2022,regular,,final,San José State,North Dakota,260,201,76,51,,Mountain West,Summit,,,Provident Credit Union Event Center,San Jose,CA,
19886,2021-12-04,12:00,2022,regular,,final,Villanova,Saint Joseph's,338,251,81,52,,Big East,A-10,,,Finneran Pavilion,Villanova,PA,
19891,2021-12-04,12:00,2022,regular,,final,Ole Miss,Memphis,220,163,67,63,,SEC,American,,,The Sandy and John Black Pavilion at Ole Miss,Oxford,MS,
19897,2021-12-04,12:00,2022,regular,,final,Seton Hall,Alliance University,263,1103,113,67,,Big East,,,,Walsh Gymnasium,South Orange,NJ,
19898,2021-12-04,12:00,2022,regular,,final,Massachusetts,Harvard,161,107,87,77,,A-10,Ivy,,,Mullins Center,Amherst,MA,
19899,2021-12-04,12:00,2022,regular,,final,Miami,Clemson,168,52,80,75,,ACC,ACC,,,Watsco Center,Coral Gables,FL,
19900,2021-12-04,12:00,2022,regular,,final,Milwaukee,Robert Morris,172,244,77,69,,Horizon,Horizon,,,UW-Milwaukee Panther Arena,Milwaukee,WI,
19901,2021-12-04,12:00,2022,regular,,final,IU Indianapolis,Oakland,115,214,45,78,,Horizon,Horizon,,,Corteva Coliseum,Indianapolis,IN,
19902,2021-12-04,12:00,2022,regular,,final,Indiana,Nebraska,121,188,68,55,,Big Ten,Big Ten,,,Simon Skjodt Assembly Hall,Bloomington,IN,
19895,2021-12-04,12:30,2022,regular,,final,Wisconsin,Marquette,355,157,89,76,,Big Ten,Big East,,,Kohl Center,Madison,WI,
19896,2021-12-04,13:00,2022,regular,,final,Michigan,San Diego State,170,257,72,58,,Big Ten,Mountain West,,,Crisler Center,Ann Arbor,MI,
19903,2021-12-04,13:00,2022,regular,,final,Coastal Carolina,Winthrop,54,354,74,64,,Sun Belt,Big South,,,The HTC Center,Conway,SC,
19904,2021-12-04,13:00,2022,regular,,final,Loyola Maryland,Mount St. Mary's,152,183,61,55,,Patriot,NEC,,,Reitz Arena,Baltimore,MD,
19905,2021-12-04,13:00,2022,regular,,final,Indiana State,Miami (OH),122,167,69,68,,MVC,MAC,,,Hulman Center,Terre Haute,IN,
19906,2021-12-04,13:00,2022,regular,,final,Boston University,Binghamton,27,24,68,63,,Patriot,Am. East,,,Case Gym,Boston,MA,
19907,2021-12-04,13:00,2022,regular,,final,Purdue Fort Wayne,Northern Kentucky,237,210,71,57,,Horizon,Horizon,,,Memorial Coliseum (IN),Fort Wayne,IN,
19908,2021-12-04,13:00,2022,regular,,final,Omaha,Eastern Washington,221,80,81,92,,Summit,Big Sky,,,Baxter Arena,Omaha,NE,
19889,2021-12-04,14:00,2022,regular,,final,Colorado,Tennessee,56,292,54,69,,Pac-12,SEC,,,CU Events Center,Boulder,CO,
19893,2021-12-04,14:00,2022,regular,,final,Auburn,Yale,16,360,86,64,,SEC,Ivy,,,Neville Arena,Auburn,AL,
19909,2021-12-04,14:00,2022,regular,,final,Western Illinois,UT Martin,349,325,81,64,,Summit,OVC,,,Western Hall,Macomb,IL,
19910,2021-12-04,14:00,2022,regular,,final,Mercer,Georgia State,164,100,83,77,,SoCon,Sun Belt,,,Hawkins Arena,Macon,GA,
19911,2021-12-04,14:00,2022,regular,,final,Hofstra,Bucknell,110,32,88,69,,CAA,Patriot,,,David S. Mack Sports and Exhibition Complex,Hempstead,NY,
19912,2021-12-04,14:00,2022,regular,,final,Tulane,Alcorn State,303,7,85,64,,American,SWAC,,,Devlin Fieldhouse,New Orleans,LA,
19913,2021-12-04,14:00,2022,regular,,final,UNC Asheville,North Carolina Central,319,199,82,66,,Big South,MEAC,,,Kimmel Arena,Asheville,NC,
19914,2021-12-04,14:00,2022,regular,,final,North Texas,LSU Shreveport,204,962,73,35,,CUSA,,,,The Super Pit,Denton,TX,
19915,2021-12-04,14:00,2022,regular,,final,Evansville,Tennessee Tech,82,291,59,51,,MVC,OVC,,,Ford Center,Evansville,IN,
19916,2021-12-04,14:00,2022,regular,,final,Providence,Rhode Island,235,240,66,52,,Big East,A-10,,,Amica Mutual Pavilion,Providence,RI,
19917,2021-12-04,14:00,2022,regular,,final,La Salle,Holy Cross,137,111,84,65,,A-10,Patriot,,,Tom Gola Arena,Philadelphia,PA,
19918,2021-12-04,14:00,2022,regular,,final,Charlotte,George Washington,48,96,86,79,,CUSA,A-10,,,Halton Arena,Charlotte,NC,
19919,2021-12-04,14:00,2022,regular,,final,Columbia,Maine,58,154,77,66,,Ivy,Am. East,,,Levien Gymnasium,New York,NY,
19920,2021-12-04,14:00,2022,regular,,final,NC State,Louisville,185,150,68,73,,ACC,ACC,,,Lenovo Center,Raleigh,NC,
19921,2021-12-04,14:00,2022,regular,,final,Virginia Tech,Wake Forest,340,342,61,80,,ACC,ACC,,,Cassell Coliseum,Blacksburg,VA,
19922,2021-12-04,14:00,2022,regular,,final,Dayton,Northern Illinois,64,208,79,41,,A-10,MAC,,,UD Arena,Dayton,OH,
19923,2021-12-04,15:00,2022,regular,,final,Southeast Missouri State,Webster,272,1104,76,64,,OVC,,,,Show Me Center,Cape Girardeau,MO,
19924,2021-12-04,15:00,2022,regular,,final,Eastern Illinois,North Park,77,869,76,71,,OVC,,,,Groniger Arena,Charleston,IL,
19925,2021-12-04,15:00,2022,regular,,final,Longwood,Delaware State,147,67,78,58,,Big South,MEAC,,,Willett Hall,Farmville,VA,
19926,2021-12-04,15:00,2022,regular,,final,Rice,Jarvis Christian,241,846,100,62,,CUSA,,,,Tudor Fieldhouse,Houston,TX,
19927,2021-12-04,15:00,2022,regular,,final,Bradley,SIU Edwardsville,29,247,80,55,,MVC,OVC,,,Carver Arena,Peoria,IL,
19928,2021-12-04,15:00,2022,regular,,final,East Carolina,Gardner-Webb,74,94,62,52,,American,Big South,,,Minges Coliseum,Greenville,NC,
19929,2021-12-04,15:00,2022,regular,,final,UL Monroe,Northwestern State,316,211,84,71,,Sun Belt,Southland,,,Fant-Ewing Coliseum,Monroe,LA,
19930,2021-12-04,15:00,2022,regular,,final,Texas A&M-Corpus Christi,Southwestern (TX),294,607,111,60,,Southland,,,,American Bank Center,Corpus Christi,TX,
19931,2021-12-04,15:00,2022,regular,,final,Davidson,William & Mary,63,353,70,46,,A-10,CAA,,,John M. Belk Arena,Davidson,NC,
19932,2021-12-04,15:00,2022,regular,,final,Cleveland State,Wright State,53,357,85,75,,Horizon,Horizon,,,Wolstein Center,Cleveland,OH,
19933,2021-12-04,15:30,2022,regular,,final,Ohio,St. Francis (PA),215,278,78,75,,MAC,NEC,,,Convocation Center (OH),Athens,OH,
19887,2021-12-04,16:00,2022,regular,,final,Arkansas,Little Rock,12,144,93,78,,SEC,Sun Belt,,,Bud Walton Arena,Fayetteville,AR,
19888,2021-12-04,16:00,2022,regular,,final,Missouri State,BYU,176,18,68,74,,MVC,WCC,,,Great Southern Bank Arena,Springfield,MO,
19890,2021-12-04,16:00,2022,regular,,final,UConn,Grambling,314,103,88,59,,Big East,SWAC,,,Gampel Pavilion,Storrs,CT,
19934,2021-12-04,16:00,2022,regular,,final,Sacramento State,Montana State,249,180,66,68,,Big Sky,Big Sky,,,The Nest,Sacramento,CA,
19935,2021-12-04,16:00,2022,regular,,final,Air Force,Army,2,15,76,58,,Mountain West,Patriot,,,Clune Arena,Colorado Springs,CO,
19936,2021-12-04,16:00,2022,regular,,final,West Virginia,Radford,347,239,67,51,,Big 12,Big South,,,WVU Coliseum,Morgantown,WV,
19937,2021-12-04,16:00,2022,regular,,final,Illinois State,Jackson State,119,126,55,61,,MVC,SWAC,,,CEFCU Arena,Normal,IL,
19938,2021-12-04,16:00,2022,regular,,final,Princeton,Drexel,234,71,81,79,,Ivy,CAA,,,Jadwin Gymnasium,Princeton,NJ,
19939,2021-12-04,16:00,2022,regular,,final,DePaul,Loyola Chicago,65,151,64,68,,Big East,MVC,,,Wintrust Arena,Chicago,IL,
19940,2021-12-04,16:00,2022,regular,,final,VCU,Campbell,333,41,65,61,,A-10,Big South,,,Siegel Center,Richmond,VA,
19941,2021-12-04,16:00,2022,regular,,final,Wyoming,McNeese,358,162,79,58,,Mountain West,Southland,,,Arena-Auditorium,Laramie,WY,
19942,2021-12-04,16:00,2022,regular,,final,Abilene Christian,Incarnate Word,1,120,98,65,,UAC,Southland,,,Teague Center,Abilene,TX,
19943,2021-12-04,16:00,2022,regular,,final,Colorado State,Saint Mary's,57,253,74,58,,Mountain West,WCC,,,Moby Arena,Fort Collins,CO,
19944,2021-12-04,16:00,2022,regular,,final,Temple,Pennsylvania,289,227,81,72,,American,Ivy,,,Liacouras Center,Philadelphia,PA,
19945,2021-12-04,16:00,2022,regular,,final,New Hampshire,Central Connecticut,190,44,67,45,,Am. East,NEC,,,Lundholm Gymnasium,Durham,NH,
19946,2021-12-04,16:00,2022,regular,,final,Florida State,Syracuse,90,286,60,63,,ACC,ACC,,,Tucker Center,Tallahassee,FL,
19947,2021-12-04,16:00,2022,regular,,final,St. Bonaventure,Buffalo,277,33,68,65,,A-10,MAC,,,Reilly Center,Saint Bonaventure,NY,
19948,2021-12-04,16:30,2022,regular,,final,Lehigh,Maryland Eastern Shore,141,159,75,81,,Patriot,MEAC,,,Stabler Arena,Bethlehem,PA,
19885,2021-12-04,17:00,2022,regular,,final,Baylor,Arkansas-Pine Bluff,20,14,99,54,,Big 12,SWAC,,,Ferrell Center,Waco,TX,
19894,2021-12-04,17:00,2022,regular,,final,Michigan State,Toledo,169,300,81,68,,Big Ten,MAC,,,Breslin Center,East Lansing,MI,
19949,2021-12-04,17:00,2022,regular,,final,UC Davis,UC Merced,307,858,81,40,,Big West,,,,University Credit Union Center,Davis,CA,
19950,2021-12-04,17:00,2022,regular,,final,Idaho,Southern Utah,117,276,75,81,,Big Sky,Big Sky,,,ICCU Arena,Moscow,ID,
19951,2021-12-04,17:00,2022,regular,,final,Chicago State,Tennessee State,50,290,59,49,,UAC,OVC,,,Jones Convocation Center,Chicago,IL,
19952,2021-12-04,17:00,2022,regular,,final,Santa Clara,Louisiana Tech,261,149,75,78,,WCC,CUSA,,,Leavey Center,Santa Clara,CA,
19953,2021-12-04,17:00,2022,regular,,final,Arkansas State,Central Arkansas,13,43,95,82,,Sun Belt,ASUN,,,First National Bank Arena,Jonesboro,AR,
19954,2021-12-04,17:30,2022,regular,,final,Stephen F. Austin,Wiley,282,949,100,76,,UAC,,,,William R. Johnson Coliseum,Nacogdoches,TX,
19955,2021-12-04,17:30,2022,regular,,final,Howard,American University,114,8,90,56,,MEAC,Patriot,,,Burr Gymnasium,Washington,DC,
19892,2021-12-04,18:00,2022,regular,,final,Washington State,USC,344,323,61,63,,Pac-12,Pac-12,,,Beasley Coliseum,Pullman,WA,
19956,2021-12-04,18:00,2022,regular,,final,South Carolina Upstate,Western Carolina,268,348,73,78,,Big South,SoCon,,,G.B. Hodge Center,Spartanburg,SC,
19957,2021-12-04,18:00,2022,regular,,final,SMU,Vanderbilt,248,336,84,72,,American,SEC,,,Moody Coliseum,Dallas,TX,
19958,2021-12-04,18:30,2022,regular,,final,Hampton,Norfolk State,106,196,58,57,,Big South,MEAC,,,Convocation Center (VA),Hampton,VA,
19959,2021-12-04,18:30,2022,regular,,final,Saint Louis,UAB,252,305,72,77,,A-10,CUSA,,,Chaifetz Arena,St. Louis,MO,
19960,2021-12-04,18:31,2022,regular,,final,Stony Brook,Wagner,285,341,49,78,,Am. East,NEC,,,Island FCU Arena,Stony Brook,NY,
19961,2021-12-04,19:00,2022,regular,,final,Western Kentucky,Eastern Kentucky,350,78,85,80,,CUSA,ASUN,,,E.A. Diddle Arena,Bowling Green,KY,
19962,2021-12-04,19:00,2022,regular,,final,Florida International,Stetson,89,283,72,65,,CUSA,ASUN,,,Ocean Bank Convocation Center,Miami,FL,
19963,2021-12-04,19:00,2022,regular,,final,Merrimack,UMass Lowell,166,318,57,61,,NEC,Am. East,,,Hammel Court,North Andover,MA,
19964,2021-12-04,19:00,2022,regular,,final,Fresno State,Cal State Northridge,92,38,61,43,,Mountain West,Big West,,,Save Mart Center,Fresno,CA,
19965,2021-12-04,19:00,2022,regular,,final,Elon,High Point,81,109,77,83,,CAA,Big South,,,Schar Center,Elon,NC,
19966,2021-12-04,19:00,2022,regular,,final,George Mason,Old Dominion,95,219,50,60,,A-10,CUSA,,,EagleBank Arena,Fairfax,VA,
19967,2021-12-04,19:00,2022,regular,,final,Long Beach State,Loyola Marymount,145,153,74,77,,Big West,WCC,,,Walter Pyramid,Long Beach,CA,
19968,2021-12-04,19:00,2022,regular,,final,Marshall,Duquesne,158,73,72,71,,CUSA,A-10,,,Cam Henderson Center,Huntington,WV,
19969,2021-12-04,19:00,2022,regular,,final,Florida Gulf Coast,Dartmouth,88,62,78,68,,ASUN,Ivy,,,Alico Arena,Fort Myers,FL,
19970,2021-12-04,19:00,2022,regular,,final,Green Bay,Youngstown State,105,361,58,82,,Horizon,Horizon,,,Kress Center,Green Bay,WI,
19971,2021-12-04,19:00,2022,regular,,final,Akron,Southern,3,274,79,62,,MAC,SWAC,,,James A. Rhodes Arena,Akron,OH,
19972,2021-12-04,19:30,2022,regular,,final,East Tennessee State,Lenoir-Rhyne,75,1105,90,66,,SoCon,,,,Freedom Hall (TN),Johnson City,TN,
19973,2021-12-04,20:00,2022,regular,,final,Kansas City,Calvary,130,685,94,32,,Summit,,,,Swinney Center,Kansas City,MO,
19974,2021-12-04,20:00,2022,regular,,final,Murray State,Middle Tennessee,184,171,93,87,,OVC,CUSA,,,CFSB Center,Murray,KY,
19975,2021-12-04,20:00,2022,regular,,final,Weber State,Portland State,345,231,80,69,,Big Sky,Big Sky,,,Dee Events Center,Ogden,UT,
19976,2021-12-04,20:00,2022,regular,,final,Northern Colorado,Montana,207,179,78,75,,Big Sky,Big Sky,,,Bank of Colorado Arena,Greeley,CO,
19977,2021-12-04,20:00,2022,regular,,final,Idaho State,Northern Arizona,116,206,70,73,,Big Sky,Big Sky,,,Reed Gym,Pocatello,ID,
19978,2021-12-04,20:00,2022,regular,,final,Houston Christian,Oral Roberts,112,222,67,85,,Southland,Summit,,,Sharp Gymnasium,Houston,TX,
19979,2021-12-04,20:00,2022,regular,,final,Grand Canyon,Mississippi Valley State,104,175,91,44,,UAC,SWAC,,,Global Credit Union Arena,Phoenix,AZ,
19980,2021-12-04,20:00,2022,regular,,final,Cal State Fullerton,Pacific,37,225,66,57,,Big West,WCC,,,Titan Gym,Fullerton,CA,
19981,2021-12-04,20:00,2022,regular,,final,Gonzaga,Alabama,102,5,82,91,1,WCC,SEC,,,Climate Pledge Arena,Seattle,WA,Battle in Seattle
19982,2021-12-04,20:30,2022,regular,,final,Jacksonville State,South Alabama,128,265,64,74,,ASUN,Sun Belt,,,Pete Mathews Coliseum,Jacksonville,AL,
19983,2021-12-04,21:00,2022,regular,,final,Southern Illinois,Southern Miss,273,275,66,41,,MVC,CUSA,,,Banterra Center,Carbondale,IL,
19984,2021-12-04,21:00,2022,regular,,final,Creighton,Iowa State,61,125,58,64,,Big East,Big 12,,,CHI Health Center Omaha,Omaha,NE,Big East-Big 12 Battle
19985,2021-12-04,21:00,2022,regular,,final,Utah Tech,University of Saint Katherine,330,893,97,65,,UAC,,,,Burns Arena,St. George,UT,
19986,2021-12-04,22:00,2022,regular,,final,San Francisco,UNLV,259,322,83,62,,WCC,Mountain West,,,The Sobrato Center,San Francisco,CA,
19988,2021-12-05,12:00,2022,regular,,final,Maryland,Northwestern,160,212,61,67,,Big Ten,Big Ten,,,XFINITY Center,College Park,MD,
19989,2021-12-05,13:00,2022,regular,,final,Cornell,Keuka,60,1106,122,64,,Ivy,,,,Newman Arena,Ithaca,NY,
19990,2021-12-05,13:00,2022,regular,,final,Niagara,Fairfield,194,83,71,81,,Metro,Metro,,,Gallagher Center,Niagara Falls,NY,
19991,2021-12-05,13:00,2022,regular,,final,Canisius,Monmouth,42,178,65,79,,Metro,Metro,,,Koessler Athletic Center,Buffalo,NY,
19992,2021-12-05,14:00,2022,regular,,final,Wofford,Kennesaw State,356,133,88,62,,SoCon,ASUN,,,Jerry Richardson Indoor Stadium,Spartanburg,SC,
19993,2021-12-05,14:00,2022,regular,,final,St. Francis Brooklyn,Hartford,364,363,55,68,,NEC,Am. East,,,Pope Physical Education Center,Brooklyn,NY,
19994,2021-12-05,14:00,2022,regular,,final,Delaware,UMBC,66,317,70,60,,CAA,Am. East,,,Bob Carpenter Center,Newark,DE,
19995,2021-12-05,14:00,2022,regular,,final,UCF,Bethune-Cookman,312,23,81,45,,American,SWAC,,,Addition Financial Arena,Orlando,FL,
19996,2021-12-05,14:00,2022,regular,,final,South Carolina,Georgetown,266,97,80,67,,SEC,Big East,,,Colonial Life Arena,Columbia,SC,
19997,2021-12-05,14:00,2022,regular,,final,Mississippi State,Minnesota,174,173,76,81,,SEC,Big Ten,,,Humphrey Coliseum,Starkville,MS,
19998,2021-12-05,14:00,2022,regular,,final,Northern Iowa,Richmond,209,242,52,60,,MVC,A-10,,,McLeod Center,Cedar Falls,IA,
19999,2021-12-05,14:00,2022,regular,,final,Brown,Sacred Heart,30,250,79,66,,Ivy,NEC,,,Pizzitola Sports Center,Providence,RI,
20000,2021-12-05,14:00,2022,regular,,final,Lafayette,NJIT,138,186,86,90,,Patriot,Am. East,,,Kirby Sports Center,Easton,PA,
20001,2021-12-05,14:00,2022,regular,,final,Florida Atlantic,North Florida,86,203,76,41,,CUSA,ASUN,,,Eleanor R. Baldwin Arena,Boca Raton,FL,
20002,2021-12-05,14:00,2022,regular,,final,UIC,Detroit Mercy,315,69,56,64,,Horizon,Horizon,,,Credit Union 1 Arena,Chicago,IL,
20003,2021-12-05,14:00,2022,regular,,final,Texas State,Denver,297,68,71,58,,Sun Belt,Summit,,,Strahan Arena at the University Events Center,San Marcos,TX,
20004,2021-12-05,14:00,2022,regular,,final,Rider,Marist,243,156,67,79,,Metro,Metro,,,Alumni Gymnasium (Rider),Lawrenceville,NJ,
20005,2021-12-05,14:00,2022,regular,,final,Manhattan,Quinnipiac,155,238,73,90,,Metro,Metro,,,Draddy Gymnasium,Riverdale,NY,
20006,2021-12-05,14:00,2022,regular,,final,Saint Peter's,Siena,254,264,58,60,,Metro,Metro,,,Yanitelli Center,Jersey City,NJ,
20007,2021-12-05,14:00,2022,regular,,final,Central Michigan,Western Illinois,45,349,70,97,,MAC,Summit,,,McGuirk Arena,Mount Pleasant,MI,
20008,2021-12-05,14:00,2022,regular,,final,Western Michigan,Valparaiso,351,335,60,71,,MAC,MVC,,,University Arena (MI),Kalamazoo,MI,
20009,2021-12-05,15:00,2022,regular,,final,Bellarmine,Defiance,21,509,92,43,,ASUN,,,,Freedom Hall (KY),Louisville,KY,
20010,2021-12-05,15:00,2022,regular,,final,North Alabama,Carver College,197,1016,103,40,,ASUN,,,,Flowers Hall,Florence,AL,
20011,2021-12-05,15:00,2022,regular,,final,Samford,Belmont,256,22,73,85,,SoCon,OVC,,,Pete Hanna Center,Homewood,AL,
20012,2021-12-05,15:00,2022,regular,,final,Austin Peay,Milligan,17,786,98,55,,OVC,,,,Winfield Dunn Center,Clarksville,TN,
20013,2021-12-05,15:00,2022,regular,,final,Drake,St. Thomas-Minnesota,70,280,74,64,,MVC,Summit,,,Knapp Center,Des Moines,IA,
20014,2021-12-05,15:00,2022,regular,,final,Georgia Tech,North Carolina,101,200,62,79,,ACC,ACC,,,McCamish Pavilion,Atlanta,GA,
20030,2021-12-05,15:00,2022,regular,,scheduled,Washington,UCLA,343,313,0,0,,Pac-12,Pac-12,,,Alaska Airlines Arena,Seattle,WA,
19987,2021-12-05,16:00,2022,regular,,final,Oregon State,Arizona,224,11,65,90,,Pac-12,Pac-12,,,Gill Coliseum,Corvallis,OR,
20015,2021-12-05,16:00,2022,regular,,final,UC Santa Barbara,Cal Lutheran,311,1107,87,66,,Big West,,,,The Thunderdome,Santa Barbara,CA,
20016,2021-12-05,16:00,2022,regular,,final,San Diego,Cal Poly,258,35,52,51,,WCC,Big West,,,Jenny Craig Pavilion,San Diego,CA,
20017,2021-12-05,16:00,2022,regular,,final,Seattle U,VMI,262,334,82,89,,UAC,SoCon,,,Climate Pledge Arena,Seattle,WA,
20018,2021-12-05,16:00,2022,regular,,final,Lamar,Our Lady Of The Lake,139,732,67,64,,UAC,,,,Montagne Center,Beaumont,TX,
20019,2021-12-05,16:00,2022,regular,,final,Eastern Michigan,Northwood (MI),79,961,79,57,,MAC,,,,Gervin GameAbove Center,Ypsilanti,MI,
20020,2021-12-05,17:00,2022,regular,,final,Troy,SE Louisiana,302,246,68,72,,Sun Belt,Southland,,,Trojan Arena,Troy,AL,
20021,2021-12-05,17:00,2022,regular,,final,Lipscomb,Chattanooga,143,49,64,85,,ASUN,SoCon,,,Allen Arena,Nashville,TN,
20022,2021-12-05,17:00,2022,regular,,final,Oklahoma State,Xavier,218,359,71,77,,Big 12,Big East,,,Gallagher-Iba Arena,Stillwater,OK,Big East-Big 12 Battle
20023,2021-12-05,17:00,2022,regular,,final,Utah,California,331,40,66,58,,Pac-12,Pac-12,,,Jon M. Huntsman Center,Salt Lake City,UT,
20024,2021-12-05,18:00,2022,regular,,final,Wichita State,Kansas State,352,132,59,65,,American,Big 12,,,INTRUST Bank Arena,Wichita,KS,
20025,2021-12-05,19:00,2022,regular,,final,Cincinnati,Bryant,51,31,73,58,,American,NEC,,,Fifth Third Arena,Cincinnati,OH,
20026,2021-12-05,19:00,2022,regular,,final,St. John's,Fordham,279,91,83,69,,Big East,A-10,,,Carnesecca Arena,Queens,NY,
20027,2021-12-05,19:00,2022,regular,,final,Oregon,Arizona State,223,10,67,69,,Pac-12,Pac-12,,,Matthew Knight Arena,Eugene,OR,
20028,2021-12-05,19:30,2022,regular,,final,Penn State,Ohio State,226,216,64,76,,Big Ten,Big Ten,,,Bryce Jordan Center,University Park,PA,
20029,2021-12-05,20:00,2022,regular,,final,Tarleton State,Charleston Southern,288,47,57,59,,UAC,Big South,,,Wisdom Gym,Stephenville,TX,
20033,2021-12-06,17:00,2022,regular,,final,Morgan State,Millersville,182,1108,77,71,,MEAC,,,,Hill Field House,Baltimore,MD,
20032,2021-12-06,18:00,2022,regular,,final,Florida,Texas Southern,87,296,54,69,,SEC,SWAC,,,Stephen C. O'Connell Center,Gainesville,FL,
20034,2021-12-06,19:00,2022,regular,,final,Colgate,Columbia,55,58,89,61,,Patriot,Ivy,,,Cotterell Court,Hamilton,NY,
20035,2021-12-06,19:00,2022,regular,,final,Coastal Carolina,Mercer,54,164,69,74,,Sun Belt,SoCon,,,The HTC Center,Conway,SC,
20036,2021-12-06,19:00,2022,regular,,final,Georgia State,Voorhees,100,632,80,51,,Sun Belt,,,,Georgia State Sports Arena,Atlanta,GA,
20037,2021-12-06,19:00,2022,regular,,final,The Citadel,North Carolina Central,299,199,80,67,,SoCon,MEAC,,,McAlister Field House,Charleston,SC,
20038,2021-12-06,19:00,2022,regular,,final,Morehead State,Presbyterian,181,233,71,66,,OVC,Big South,,,Ellis T. Johnson Arena,Morehead,KY,
20039,2021-12-06,19:00,2022,regular,,final,Kent State,Towson,134,301,58,73,,MAC,CAA,,,M.A.C. Center,Kent,OH,
20040,2021-12-06,19:00,2022,regular,,final,Harvard,Babson,107,1109,74,64,,Ivy,,,,Lavietes Pavilion,Cambridge,MA,
20041,2021-12-06,19:00,2022,regular,,final,Liberty,Delaware State,142,67,96,60,,ASUN,MEAC,,,Liberty Arena,Lynchburg,VA,
20042,2021-12-06,19:00,2022,regular,,final,Iowa,Illinois,124,118,83,87,,Big Ten,Big Ten,,,Carver-Hawkeye Arena,Iowa City,IA,
20031,2021-12-06,20:00,2022,regular,,final,Houston,Alcorn State,113,7,77,45,,American,SWAC,,,Fertitta Center,Houston,TX,
20043,2021-12-06,21:00,2022,regular,,final,New Mexico,New Mexico State,191,192,76,78,,Mountain West,UAC,,,The Pit,Albuquerque,NM,
20044,2021-12-06,22:00,2022,regular,,final,Pepperdine,San José State,228,260,82,69,,WCC,Mountain West,,,Firestone Fieldhouse,Malibu,CA,
20049,2021-12-07,18:00,2022,regular,,final,Army,Purchase,15,599,97,40,,Patriot,,,,Christl Arena,West Point,NY,
20050,2021-12-07,18:00,2022,regular,,final,Rhode Island,Sacred Heart,240,250,72,62,,A-10,NEC,,,Thomas M. Ryan Center,Kingston,RI,
20051,2021-12-07,18:30,2022,regular,,final,Providence,Vermont,235,337,68,58,,Big East,Am. East,,,Amica Mutual Pavilion,Providence,RI,
20052,2021-12-07,18:30,2022,regular,,final,James Madison,Virginia,129,339,52,49,,CAA,ACC,,,Atlantic Union Bank Center,Harrisonburg,VA,
20046,2021-12-07,19:00,2022,regular,,final,Kentucky,Southern,135,274,76,64,,SEC,SWAC,,,Rupp Arena,Lexington,KY,
20053,2021-12-07,19:00,2022,regular,,final,Princeton,Bucknell,234,32,82,69,,Ivy,Patriot,,,Jadwin Gymnasium,Princeton,NJ,
20054,2021-12-07,19:00,2022,regular,,final,Winthrop,Furman,354,93,85,80,,Big South,SoCon,,,Winthrop Coliseum,Rock Hill,SC,
20055,2021-12-07,19:00,2022,regular,,final,High Point,Guilford,109,975,64,59,,Big South,,,,Qubein Center,High Point,NC,
20056,2021-12-07,19:00,2022,regular,,final,Campbell,Columbia International,41,517,74,56,,Big South,,,,John W. Pope Jr. Convocation Center,Buies Creek,NC,
20057,2021-12-07,19:00,2022,regular,,final,Valparaiso,East-West University,335,688,101,58,,MVC,,,,Athletics-Recreation Center,Valparaiso,IN,
20058,2021-12-07,19:00,2022,regular,,final,William & Mary,Old Dominion,353,219,59,74,,CAA,CUSA,,,Kaplan Arena,Williamsburg,VA,
20059,2021-12-07,19:00,2022,regular,,final,Tennessee,Texas Tech,292,298,52,57,1,SEC,Big 12,,,Madison Square Garden,New York,NY,Jimmy V Classic Presented by Corona
20060,2021-12-07,19:00,2022,regular,,final,East Carolina,North Carolina A&T,74,198,82,71,,American,Big South,,,Minges Coliseum,Greenville,NC,
20061,2021-12-07,19:00,2022,regular,,final,Northeastern,Massachusetts,205,161,82,76,,CAA,A-10,,,Matthews Arena,Boston,MA,
20062,2021-12-07,19:00,2022,regular,,final,La Salle,Fairleigh Dickinson,137,84,81,55,,A-10,NEC,,,Tom Gola Arena,Philadelphia,PA,
20063,2021-12-07,19:00,2022,regular,,final,George Mason,Navy,95,187,71,65,,A-10,Patriot,,,EagleBank Arena,Fairfax,VA,
20064,2021-12-07,19:00,2022,regular,,final,Merrimack,Brown,166,30,56,76,,NEC,Ivy,,,Hammel Court,North Andover,MA,
20065,2021-12-07,19:00,2022,regular,,final,Yale,UAlbany,360,306,71,52,,Ivy,Am. East,,,John J. Lee Amphitheater,New Haven,CT,
20066,2021-12-07,19:00,2022,regular,,final,Georgia,Jacksonville,98,127,69,58,,SEC,ASUN,,,Stegeman Coliseum,Athens,GA,
20067,2021-12-07,19:00,2022,regular,,final,Florida A&M,Florida Gulf Coast,85,88,55,69,,SWAC,ASUN,,,Al Lawson Center,Tallahassee,FL,
20068,2021-12-07,19:00,2022,regular,,final,Bowling Green,Oakland,28,214,73,72,,MAC,Horizon,,,Stroh Center,Bowling Green,OH,
20069,2021-12-07,19:00,2022,regular,,final,Toledo,Bradley,300,29,67,65,,MAC,MVC,,,Savage Arena,Toledo,OH,
20070,2021-12-07,19:00,2022,regular,,final,Nebraska,Michigan,188,170,67,102,,Big Ten,Big Ten,,,Pinnacle Bank Arena,Lincoln,NE,
20045,2021-12-07,20:00,2022,regular,,final,Kansas,UTEP,131,327,78,52,,Big 12,CUSA,,,T-Mobile Center,Kansas City,MO,
20071,2021-12-07,20:00,2022,regular,,final,Tarleton State,Dallas Christian,288,534,84,65,,UAC,,,,Wisdom Gym,Stephenville,TX,
20072,2021-12-07,20:00,2022,regular,,final,Northern Colorado,South Dakota,207,269,74,69,,Big Sky,Summit,,,Bank of Colorado Arena,Greeley,CO,
20073,2021-12-07,20:00,2022,regular,,final,Loyola Chicago,Roosevelt,151,1110,88,49,,MVC,,,,Gentile Arena,Chicago,IL,
20074,2021-12-07,20:00,2022,regular,,final,Tulane,Charleston,303,46,72,86,,American,CAA,,,Devlin Fieldhouse,New Orleans,LA,
20075,2021-12-07,20:00,2022,regular,,final,Vanderbilt,Temple,336,289,68,72,,SEC,American,,,Memorial Gymnasium (TN),Nashville,TN,
20076,2021-12-07,20:00,2022,regular,,final,Missouri,Eastern Illinois,177,77,72,44,,SEC,OVC,,,Mizzou Arena,Columbia,MO,
20077,2021-12-07,20:00,2022,regular,,final,Houston Christian,Champion Christian,112,557,84,67,,Southland,,,,Sharp Gymnasium,Houston,TX,
20078,2021-12-07,20:00,2022,regular,,final,Saint Louis,Belmont,252,22,59,64,,A-10,OVC,,,Chaifetz Arena,St. Louis,MO,
20087,2021-12-07,20:00,2022,regular,,cancelled,UT Arlington,Nevada,324,189,0,0,,Sun Belt,Mountain West,,,College Park Center,Arlington,TX,
20079,2021-12-07,20:30,2022,regular,,final,DePaul,Duquesne,65,73,87,67,,Big East,A-10,,,Wintrust Arena,Chicago,IL,
20047,2021-12-07,21:00,2022,regular,,final,Arkansas,Charlotte,12,48,86,66,,SEC,CUSA,,,Bud Walton Arena,Fayetteville,AR,
20080,2021-12-07,21:00,2022,regular,,final,Oklahoma,Butler,217,34,62,66,,Big 12,Big East,,,Lloyd Noble Center,Norman,OK,Big East-Big 12 Battle
20081,2021-12-07,21:00,2022,regular,,final,Tulsa,Loyola Marymount,304,153,55,60,,American,WCC,,,Reynolds Center,Tulsa,OK,
20082,2021-12-07,21:00,2022,regular,,final,Santa Clara,Mount St. Mary's,261,183,88,77,,WCC,NEC,,,Leavey Center,Santa Clara,CA,
20083,2021-12-07,21:00,2022,regular,,final,Montana State,North Dakota State,180,202,68,49,,Big Sky,Summit,,,Worthington Arena,Bozeman,MT,
20048,2021-12-07,22:00,2022,regular,,final,USC,Eastern Kentucky,323,78,80,68,,Pac-12,ASUN,,,Galen Center,Los Angeles,CA,
20084,2021-12-07,22:00,2022,regular,,final,Cal State Northridge,Boise State,38,25,48,74,,Big West,Mountain West,,,Premier America Credit Union Arena,Northridge,CA,
20085,2021-12-07,22:00,2022,regular,,final,California Baptist,North Dakota,39,201,89,71,,UAC,Summit,,,Dale E. and Sarah Ann Fowler Events Center,Riverside,CA,
20086,2021-12-07,22:01,2022,regular,,final,Syracuse,Villanova,286,338,53,67,1,ACC,Big East,,,Madison Square Garden,New York,NY,Jimmy V Classic Presented by Corona
20094,2021-12-08,18:30,2022,regular,,final,UNC Asheville,Chattanooga,319,49,73,78,,Big South,SoCon,,,Kimmel Arena,Asheville,NC,
20095,2021-12-08,18:30,2022,regular,,final,George Washington,Coppin State,96,59,75,62,,A-10,MEAC,,,Charles E. Smith Center,Washington,DC,
20096,2021-12-08,18:30,2022,regular,,final,Xavier,Ball State,359,19,96,50,,Big East,MAC,,,Cintas Center,Cincinnati,OH,
20090,2021-12-08,19:00,2022,regular,,final,Florida,North Florida,87,203,85,55,,SEC,ASUN,,,Stephen C. O'Connell Center,Gainesville,FL,
20092,2021-12-08,19:00,2022,regular,,final,Wisconsin,Indiana,355,121,64,59,,Big Ten,Big Ten,,,Kohl Center,Madison,WI,
20097,2021-12-08,19:00,2022,regular,,final,North Alabama,Alabama A&M,197,4,56,45,,ASUN,SWAC,,,Flowers Hall,Florence,AL,
20098,2021-12-08,19:00,2022,regular,,final,Georgia Southern,Carver College,99,1016,85,43,,Sun Belt,,,,Hanner Fieldhouse,Statesboro,GA,
20099,2021-12-08,19:00,2022,regular,,final,Alabama State,Samford,6,256,64,74,,SWAC,SoCon,,,Dunn-Oliver Acadome,Montgomery,AL,
20100,2021-12-08,19:00,2022,regular,,final,Western Carolina,Tennessee Tech,348,291,74,69,,SoCon,OVC,,,Ramsey Center,Cullowhee,NC,
20101,2021-12-08,19:00,2022,regular,,final,Maryland Eastern Shore,Clarks Summit,159,909,102,58,,MEAC,,,,Hytche Center,Princess Anne,MD,
20102,2021-12-08,19:00,2022,regular,,final,Robert Morris,Lancaster Bible College,244,625,99,51,,Horizon,,,,UPMC Events Center,Moon Township,PA,
20103,2021-12-08,19:00,2022,regular,,final,Gardner-Webb,Wofford,94,356,70,78,,Big South,SoCon,,,Paul Porter Arena,Boiling Springs,NC,
20104,2021-12-08,19:00,2022,regular,,final,Boston University,UMass Lowell,27,318,72,62,,Patriot,Am. East,,,Case Gym,Boston,MA,
20105,2021-12-08,19:00,2022,regular,,final,Marshall,Bluefield University,158,626,100,57,,CUSA,,,,Cam Henderson Center,Huntington,WV,
20106,2021-12-08,19:00,2022,regular,,final,Florida Atlantic,Palm Beach Atlantic,86,1111,84,63,,CUSA,,,,Eleanor R. Baldwin Arena,Boca Raton,FL,
20107,2021-12-08,19:00,2022,regular,,final,American University,St. Francis (PA),8,278,83,73,,Patriot,NEC,,,Bender Arena,Washington,DC,
20108,2021-12-08,19:00,2022,regular,,final,Delaware,Lafayette,66,138,68,58,,CAA,Patriot,,,Bob Carpenter Center,Newark,DE,
20109,2021-12-08,19:00,2022,regular,,final,Penn State,Wagner,226,341,74,54,,Big Ten,NEC,,,Bryce Jordan Center,University Park,PA,
20110,2021-12-08,19:00,2022,regular,,final,West Virginia,UConn,347,314,56,53,,Big 12,Big East,,,WVU Coliseum,Morgantown,WV,Big East-Big 12 Battle
20111,2021-12-08,19:00,2022,regular,,final,St. Bonaventure,Loyola Maryland,277,152,84,71,,A-10,Patriot,,,Reilly Center,Saint Bonaventure,NY,
20112,2021-12-08,19:00,2022,regular,,final,Saint Joseph's,Pennsylvania,251,227,78,71,,A-10,Ivy,,,Michael J. Hagan '85 Arena,Philadelphia,PA,
20113,2021-12-08,19:00,2022,regular,,final,Stony Brook,Hofstra,285,110,79,62,,Am. East,CAA,,,Island FCU Arena,Stony Brook,NY,
20114,2021-12-08,19:00,2022,regular,,final,Miami,Lipscomb,168,143,76,59,,ACC,ASUN,,,Watsco Center,Coral Gables,FL,
20115,2021-12-08,19:00,2022,regular,,final,VCU,Jacksonville State,333,128,66,52,,A-10,ASUN,,,Siegel Center,Richmond,VA,
20116,2021-12-08,19:00,2022,regular,,final,Dartmouth,Quinnipiac,62,238,69,72,,Ivy,Metro,,,Leede Arena,Hanover,NH,
20117,2021-12-08,19:00,2022,regular,,final,Fairfield,Holy Cross,83,111,74,59,,Metro,Patriot,,,Total Mortgage Arena,Bridgeport,CT,
20118,2021-12-08,19:00,2022,regular,,final,Binghamton,Marist,24,156,51,64,,Am. East,Metro,,,Events Center (Binghamton),Binghamton,NY,
20119,2021-12-08,19:00,2022,regular,,final,Northern Kentucky,Canisius,210,42,75,62,,Horizon,Metro,,,Truist Arena,Highland Heights,KY,
20120,2021-12-08,19:00,2022,regular,,final,Saint Peter's,St. Francis Brooklyn,254,364,60,71,,Metro,NEC,,,Yanitelli Center,Jersey City,NJ,
20121,2021-12-08,19:00,2022,regular,,final,Eastern Michigan,Niagara,79,194,60,58,,MAC,Metro,,,Gervin GameAbove Center,Ypsilanti,MI,
20122,2021-12-08,19:00,2022,regular,,final,Youngstown State,Central Michigan,361,45,84,77,,Horizon,MAC,,,Beeghly Center,Youngstown,OH,
20123,2021-12-08,19:30,2022,regular,,final,UL Monroe,Louisiana Christian,316,537,89,68,,Sun Belt,,,,Fant-Ewing Coliseum,Monroe,LA,
20124,2021-12-08,19:30,2022,regular,,final,Little Rock,Missouri State,144,176,55,81,,Sun Belt,MVC,,,Jack Stephens Center,Little Rock,AR,
20125,2021-12-08,19:30,2022,regular,,final,Southeast Missouri State,Evansville,272,82,75,73,,OVC,MVC,,,Show Me Center,Cape Girardeau,MO,
20126,2021-12-08,19:30,2022,regular,,final,Bryant,New Hampshire,31,190,76,59,,NEC,Am. East,,,Chace Athletic Center,Smithfield,RI,
20127,2021-12-08,20:00,2022,regular,,final,Tarleton State,Southwestern Assemblies of God,288,849,81,75,,UAC,,,,Wisdom Gym,Stephenville,TX,
20128,2021-12-08,20:00,2022,regular,,final,Arkansas-Pine Bluff,Arkansas State,14,13,73,84,,SWAC,Sun Belt,,,H.O. Clemmons Arena,Pine Bluff,AR,
20129,2021-12-08,20:00,2022,regular,,final,Western Kentucky,Buffalo,350,33,67,77,,CUSA,MAC,,,E.A. Diddle Arena,Bowling Green,KY,
20130,2021-12-08,20:00,2022,regular,,final,SIU Edwardsville,Purdue Fort Wayne,247,237,80,59,,OVC,Horizon,,,First Community Arena,Edwardsville,IL,
20131,2021-12-08,20:00,2022,regular,,final,Colorado,Eastern Washington,56,80,60,57,,Pac-12,Big Sky,,,CU Events Center,Boulder,CO,
20132,2021-12-08,20:00,2022,regular,,final,TCU,Utah,287,331,76,62,1,Big 12,Pac-12,,,Dickies Arena,Fort Worth,TX,Simmons Bank Showdown
20133,2021-12-08,20:00,2022,regular,,final,Louisiana,McNeese,148,162,83,68,,Sun Belt,Southland,,,Cajundome,Lafayette,LA,
20134,2021-12-08,20:00,2022,regular,,final,Texas A&M-Corpus Christi,UT Rio Grande Valley,294,326,75,69,,Southland,UAC,,,American Bank Center,Corpus Christi,TX,South Texas Showdown
20135,2021-12-08,20:00,2022,regular,,final,SMU,Dayton,248,64,77,69,,American,A-10,,,Moody Coliseum,Dallas,TX,
20136,2021-12-08,20:30,2022,regular,,final,Georgetown,UMBC,97,317,100,71,,Big East,Am. East,,,Capital One Arena,Washington,DC,
20089,2021-12-08,21:00,2022,regular,,final,Minnesota,Michigan State,173,169,67,75,,Big Ten,Big Ten,,,Williams Arena,Minneapolis,MN,
20091,2021-12-08,21:00,2022,regular,,final,Ohio State,Towson,216,301,85,74,,Big Ten,CAA,,,Schottenstein Center,Columbus,OH,
20093,2021-12-08,21:00,2022,regular,,final,BYU,Utah State,18,329,82,71,,WCC,Mountain West,,,Marriott Center,Provo,UT,
20137,2021-12-08,21:00,2022,regular,,final,Montana,Air Force,179,2,66,48,,Big Sky,Mountain West,,,Dahlberg Arena,Missoula,MT,
20138,2021-12-08,21:00,2022,regular,,final,Kansas State,Marquette,132,157,63,64,,Big 12,Big East,,,Bramlage Coliseum,Manhattan,KS,Big East-Big 12 Battle
20139,2021-12-08,21:00,2022,regular,,final,Idaho,South Dakota State,117,270,98,84,,Big Sky,Summit,,,ICCU Arena,Moscow,ID,
20140,2021-12-08,21:00,2022,regular,,final,Southern Utah,Utah Valley,276,332,60,56,,Big Sky,UAC,,,America First Events Center,Cedar City,UT,
20141,2021-12-08,21:00,2022,regular,,final,Virginia Tech,Cornell,340,60,93,60,,ACC,Ivy,,,Cassell Coliseum,Blacksburg,VA,
20142,2021-12-08,21:00,2022,regular,,final,Omaha,Drake,221,70,70,78,,Summit,MVC,,,Baxter Arena,Omaha,NE,
20088,2021-12-08,22:00,2022,regular,,final,Arizona,Wyoming,11,358,94,65,,Pac-12,Mountain West,,,McKale Memorial Center,Tucson,AZ,
20143,2021-12-08,22:00,2022,regular,,final,Long Beach State,Bethesda University,145,592,102,69,,Big West,,,,Walter Pyramid,Long Beach,CA,
20144,2021-12-08,22:00,2022,regular,,final,Washington State,Weber State,344,345,94,60,,Pac-12,Big Sky,,,Beasley Coliseum,Pullman,WA,
20145,2021-12-08,22:00,2022,regular,,final,UNLV,Seattle U,322,262,76,56,,Mountain West,UAC,,,Michelob ULTRA Arena,Las Vegas,NV,
20146,2021-12-08,22:00,2022,regular,,final,San Diego State,Cal State Fullerton,257,37,66,56,,Mountain West,Big West,,,Viejas Arena,San Diego,CA,
20147,2021-12-08,22:00,2022,regular,,final,California,Idaho State,40,116,72,46,,Pac-12,Big Sky,,,Haas Pavilion,Berkeley,CA,
20148,2021-12-08,22:00,2022,regular,,final,San Francisco,Fresno State,259,92,71,63,,WCC,Mountain West,,,The Sobrato Center,San Francisco,CA,
20149,2021-12-08,23:59,2022,regular,,final,Hawai'i,Hawai'i Pacific,108,721,88,52,,Big West,,,,Stan Sheriff Center,Honolulu,HI,
20153,2021-12-09,18:30,2022,regular,,final,Seton Hall,Texas,263,295,64,60,,Big East,Big 12,,,Prudential Center,Newark,NJ,Big East-Big 12 Battle
20154,2021-12-09,18:30,2022,regular,,final,NC State,Bethune-Cookman,185,23,65,48,,ACC,SWAC,,,Reynolds Coliseum,Raleigh,NC,
20150,2021-12-09,19:00,2022,regular,,final,Rutgers,Purdue,245,236,70,68,,Big Ten,Big Ten,,,Jersey Mike’s Arena,Piscataway,NJ,
20155,2021-12-09,19:00,2022,regular,,final,North Carolina Central,Carver College,199,1016,102,50,,MEAC,,,,McDougald-McLendon Arena,Durham,NC,
20156,2021-12-09,19:00,2022,regular,,final,Mississippi Valley State,Nicholls,175,195,80,95,,SWAC,Southland,,,R.W. Harrison HPER Complex,Itta Bena,MS,
20157,2021-12-09,19:00,2022,regular,,final,Kent State,Detroit Mercy,134,69,69,52,,MAC,Horizon,,,M.A.C. Center,Kent,OH,
20158,2021-12-09,19:00,2022,regular,,final,William & Mary,Hampton,353,106,53,54,,CAA,Big South,,,Kaplan Arena,Williamsburg,VA,
20159,2021-12-09,19:00,2022,regular,,final,Fordham,Long Island University,91,146,73,57,,A-10,NEC,,,Rose Hill Gym,Bronx,NY,
20160,2021-12-09,19:00,2022,regular,,final,Bellarmine,Asbury,21,814,87,55,,ASUN,,,,Freedom Hall (KY),Louisville,KY,
20161,2021-12-09,20:00,2022,regular,,final,Southern,Lindsey Wilson College,274,755,86,68,,SWAC,,,,F.G. Clark Activity Center,Baton Rouge,LA,
20162,2021-12-09,20:00,2022,regular,,final,Pittsburgh,Colgate,229,55,71,68,,ACC,Patriot,,,Petersen Events Center,Pittsburgh,PA,Gotham Classic - Campus Game
20163,2021-12-09,20:30,2022,regular,,final,St. John's,Monmouth,279,178,88,83,,Big East,Metro,,,Carnesecca Arena,Queens,NY,Gotham Classic
20151,2021-12-09,21:00,2022,regular,,final,Gonzaga,Merrimack,102,166,80,55,,WCC,NEC,,,McCarthey Athletic Center,Spokane,WA,
20152,2021-12-09,21:00,2022,regular,,final,Iowa State,Iowa,125,124,73,53,,Big 12,Big Ten,,,Hilton Coliseum,Ames,IA,
20164,2021-12-09,21:00,2022,regular,,final,New Mexico,Denver,191,68,87,67,,Mountain West,Summit,,,The Pit,Albuquerque,NM,
20165,2021-12-09,21:30,2022,regular,,final,Arizona State,Grand Canyon,10,104,67,62,,Pac-12,UAC,,,Desert Financial Arena,Tempe,AZ,
20166,2021-12-10,17:00,2022,regular,,final,Montana,Yellowstone Christian College,179,1102,104,43,,Big Sky,,,,Dahlberg Arena,Missoula,MT,
20167,2021-12-10,19:00,2022,regular,,final,Furman,App State,93,9,73,65,,SoCon,Sun Belt,,,Timmons Arena,Greenville,SC,
20168,2021-12-10,19:00,2022,regular,,final,Tennessee State,IU Indianapolis,290,115,70,44,,OVC,Horizon,,,Gentry Center,Nashville,TN,
20169,2021-12-10,19:00,2022,regular,,final,Delaware,Moravian,66,1112,94,55,,CAA,,,,Bob Carpenter Center,Newark,DE,
20170,2021-12-10,19:00,2022,regular,,final,Brown,Vermont,30,337,65,70,,Ivy,Am. East,,,Pizzitola Sports Center,Providence,RI,
20171,2021-12-10,19:00,2022,regular,,final,NJIT,Army,186,15,49,66,,Am. East,Patriot,,,Joel & Diane Bloom Wellness and Events Center,Newark,NJ,
20172,2021-12-10,19:00,2022,regular,,final,South Carolina State,High Point,267,109,67,66,1,MEAC,Big South,,,Rock Hill Sports & Event Center,Rock Hill,SC,No Room For Racism Classic
20173,2021-12-10,19:00,2022,regular,,final,Bellarmine,Midway University,21,717,89,39,,ASUN,,,,Freedom Hall (KY),Louisville,KY,
20174,2021-12-10,20:00,2022,regular,,final,Kansas City,Green Bay,130,105,64,55,,Summit,Horizon,,,Swinney Center,Kansas City,MO,
20175,2021-12-10,20:00,2022,regular,,final,Memphis,Murray State,163,184,72,74,,American,OVC,,,FedExForum,Memphis,TN,
20176,2021-12-10,20:00,2022,regular,,final,Vanderbilt,Loyola Chicago,336,151,58,69,,SEC,MVC,,,Memorial Gymnasium (TN),Nashville,TN,
20177,2021-12-10,20:00,2022,regular,,final,Louisville,DePaul,150,65,55,62,,ACC,Big East,,,KFC Yum! Center,Louisville,KY,
20178,2021-12-10,20:00,2022,regular,,final,North Dakota State,Cal State Northridge,202,38,68,54,,Summit,Big West,,,Scheels Center,Fargo,ND,
20179,2021-12-10,21:00,2022,regular,,final,Boise State,Prairie View A&M,25,232,97,60,,Mountain West,SWAC,,,ExtraMile Arena,Boise,ID,
20180,2021-12-10,21:30,2022,regular,,final,Colorado,Milwaukee,56,172,65,54,,Pac-12,Horizon,,,CU Events Center,Boulder,CO,
20191,2021-12-11,11:30,2022,regular,,final,Auburn,Nebraska,16,188,99,68,1,SEC,Big Ten,,,State Farm Arena,Atlanta,GA,Holiday Hoopsgiving
20189,2021-12-11,12:00,2022,regular,,final,Ohio State,Wisconsin,216,355,73,55,,Big Ten,Big Ten,,,Schottenstein Center,Columbus,OH,
20190,2021-12-11,12:00,2022,regular,,final,Creighton,BYU,61,18,83,71,1,Big East,WCC,,,Sanford Pentagon,Sioux Falls,SD,
20192,2021-12-11,12:00,2022,regular,,final,Louisiana Tech,Louisiana,149,148,78,69,,CUSA,Sun Belt,,,Thomas Assembly Center,Ruston,LA,
20193,2021-12-11,12:00,2022,regular,,final,Georgetown,Syracuse,97,286,79,75,,Big East,ACC,,,Capital One Arena,Washington,DC,
20194,2021-12-11,13:00,2022,regular,,final,UMass Lowell,Massachusetts College of Liberal Arts,318,1003,109,45,,Am. East,,,,Costello Athletic Center,Lowell,MA,
20195,2021-12-11,13:00,2022,regular,,final,Buffalo,St. John Fisher,33,1030,100,58,,MAC,,,,Alumni Arena,Buffalo,NY,
20196,2021-12-11,13:00,2022,regular,,final,Delaware State,St. Francis Brooklyn,67,364,61,75,,MEAC,NEC,,,Memorial Hall (DE),Dover,DE,
20197,2021-12-11,13:00,2022,regular,,final,Purdue Fort Wayne,Southeast Missouri State,237,272,78,65,,Horizon,OVC,,,Memorial Coliseum (IN),Fort Wayne,IN,
20198,2021-12-11,13:00,2022,regular,,final,VMI,Gardner-Webb,334,94,64,61,,SoCon,Big South,,,Cameron Hall,Lexington,VA,
20199,2021-12-11,13:00,2022,regular,,final,Valparaiso,Charlotte,335,48,67,68,,MVC,CUSA,,,Athletics-Recreation Center,Valparaiso,IN,
20200,2021-12-11,13:00,2022,regular,,final,Saint Joseph's,Temple,251,289,68,49,,A-10,American,,,Michael J. Hagan '85 Arena,Philadelphia,PA,
20201,2021-12-11,13:00,2022,regular,,final,Duquesne,New Hampshire,73,190,64,62,,A-10,Am. East,,,UPMC Cooper Fieldhouse,Pittsburgh,PA,
20202,2021-12-11,13:00,2022,regular,,final,Kennesaw State,Voorhees,133,632,80,56,,ASUN,,,,KSU Convocation Center,Kennesaw,GA,
20203,2021-12-11,13:00,2022,regular,,final,Eastern Michigan,Florida International,79,89,92,88,,MAC,CUSA,,,Gervin GameAbove Center,Ypsilanti,MI,
20204,2021-12-11,13:00,2022,regular,,final,Detroit Mercy,Western Michigan,69,351,83,64,,Horizon,MAC,,,Calihan Hall,Detroit,MI,
20186,2021-12-11,13:30,2022,regular,,final,Oklahoma,Arkansas,217,12,88,66,1,Big 12,SEC,,,BOK Center,Tulsa,OK,
20188,2021-12-11,14:00,2022,regular,,final,Michigan State,Penn State,169,226,80,64,,Big Ten,Big Ten,,,Breslin Center,East Lansing,MI,
20205,2021-12-11,14:00,2022,regular,,final,Mercer,Georgia Southern,164,99,77,68,,SoCon,Sun Belt,,,Hawkins Arena,Macon,GA,
20206,2021-12-11,14:00,2022,regular,,final,Tennessee Tech,Troy,291,302,72,75,,OVC,Sun Belt,,,Hooper Eblen Center,Cookeville,TN,
20207,2021-12-11,14:00,2022,regular,,final,Lafayette,Princeton,138,234,73,84,,Patriot,Ivy,,,Kirby Sports Center,Easton,PA,
20208,2021-12-11,14:00,2022,regular,,final,Western Carolina,UNC Asheville,348,319,72,73,,SoCon,Big South,,,Ramsey Center,Cullowhee,NC,
20209,2021-12-11,14:00,2022,regular,,final,Providence,Central Connecticut,235,44,68,53,,Big East,NEC,,,Amica Mutual Pavilion,Providence,RI,
20210,2021-12-11,14:00,2022,regular,,final,UCF,North Carolina A&T,312,198,83,68,,American,Big South,,,Addition Financial Arena,Orlando,FL,
20211,2021-12-11,14:00,2022,regular,,final,Tulsa,Southern Illinois,304,273,69,65,,American,MVC,,,Reynolds Center,Tulsa,OK,
20212,2021-12-11,14:00,2022,regular,,final,Colorado State,Mississippi State,57,174,66,63,1,Mountain West,SEC,,,Dickies Arena,Fort Worth,TX,Basketball Hall of Fame Classic
20213,2021-12-11,14:00,2022,regular,,final,La Salle,Pennsylvania,137,227,76,74,,A-10,Ivy,,,Tom Gola Arena,Philadelphia,PA,
20214,2021-12-11,14:00,2022,regular,,final,Binghamton,SUNY-Oneonta,24,593,79,55,,Am. East,,,,Events Center (Binghamton),Binghamton,NY,
20215,2021-12-11,14:00,2022,regular,,final,Clemson,Drake,52,70,90,80,1,ACC,MVC,,,State Farm Arena,Atlanta,GA,Holiday Hoopsgiving
20216,2021-12-11,14:00,2022,regular,,final,North Florida,Austin Peay,203,17,91,84,,ASUN,OVC,,,UNF Arena,Jacksonville,FL,
20217,2021-12-11,14:00,2022,regular,,final,North Dakota,Eastern Washington,201,80,60,76,,Summit,Big Sky,,,Betty Engelstad Sioux Center,Grand Forks,ND,
20218,2021-12-11,14:00,2022,regular,,final,Quinnipiac,Maine,238,154,73,47,,Metro,Am. East,,,M&T Bank Arena,Hamden,CT,
20219,2021-12-11,14:00,2022,regular,,final,Holy Cross,Siena,111,264,59,72,,Patriot,Metro,,,Hart Center,Worcester,MA,
20220,2021-12-11,14:00,2022,regular,,final,Youngstown State,Canisius,361,42,71,43,,Horizon,Metro,,,Beeghly Center,Youngstown,OH,
20221,2021-12-11,15:00,2022,regular,,final,Stetson,Ohio,283,215,45,55,,ASUN,MAC,,,Edmunds Center,DeLand,FL,
20222,2021-12-11,15:00,2022,regular,,final,Little Rock,Philander Smith,144,1042,60,51,,Sun Belt,,,,Jack Stephens Center,Little Rock,AR,
20223,2021-12-11,15:00,2022,regular,,final,Longwood,Morgan State,147,182,93,55,,Big South,MEAC,,,Willett Hall,Farmville,VA,
20224,2021-12-11,15:00,2022,regular,,final,Southern Utah,University of Saint Katherine,276,893,100,61,,Big Sky,,,,America First Events Center,Cedar City,UT,
20225,2021-12-11,15:00,2022,regular,,final,UNLV,Hartford,322,363,95,78,,Mountain West,Am. East,,,Thomas & Mack Center,Las Vegas,NV,
20226,2021-12-11,15:00,2022,regular,,final,Washington State,South Dakota State,344,270,74,77,1,Pac-12,Summit,,,Spokane Arena,Spokane,WA,
20227,2021-12-11,15:00,2022,regular,,final,UT Arlington,Lamar,324,139,56,47,,Sun Belt,UAC,,,College Park Center,Arlington,TX,
20228,2021-12-11,15:00,2022,regular,,final,Chicago State,Illinois State,50,119,71,81,,UAC,MVC,,,Jones Convocation Center,Chicago,IL,
20229,2021-12-11,15:00,2022,regular,,final,Coppin State,Towson,59,301,75,89,,MEAC,CAA,,,Physical Education Complex,Baltimore,MD,
20230,2021-12-11,15:00,2022,regular,,final,Jacksonville,UNC Wilmington,127,321,77,48,,ASUN,CAA,,,Swisher Gymnasium,Jacksonville,FL,
20286,2021-12-11,15:00,2022,regular,,cancelled,Southern Miss,Loyola New Orleans,275,650,0,0,,CUSA,,,,Reed Green Coliseum,Hattiesburg,MS,
20182,2021-12-11,15:15,2022,regular,,final,Kansas,Missouri,131,177,102,65,,Big 12,SEC,,,Allen Fieldhouse,Lawrence,KS,
20231,2021-12-11,15:30,2022,regular,,final,Incarnate Word,Grambling,120,103,72,62,,Southland,SWAC,,,McDermott Center,San Antonio,TX,
20232,2021-12-11,16:00,2022,regular,,final,East Tennessee State,Morehead State,75,181,82,75,,SoCon,OVC,,,Freedom Hall (TN),Johnson City,TN,
20233,2021-12-11,16:00,2022,regular,,final,Maryland Eastern Shore,St. Mary's (MD),159,874,79,43,,MEAC,,,,Hytche Center,Princess Anne,MD,
20234,2021-12-11,16:00,2022,regular,,final,Mount St. Mary's,American University,183,8,66,72,,NEC,Patriot,,,Knott Arena,Emmitsburg,MD,
20235,2021-12-11,16:00,2022,regular,,final,Butler,Eastern Illinois,34,77,66,54,,Big East,OVC,,,Hinkle Fieldhouse,Indianapolis,IN,
20236,2021-12-11,16:00,2022,regular,,final,UConn,St. Bonaventure,314,277,74,64,1,Big East,A-10,,,Prudential Center,Newark,NJ,Never Forget Tribute Classic
20237,2021-12-11,16:00,2022,regular,,final,Missouri State,Oral Roberts,176,222,69,60,,MVC,Summit,,,Great Southern Bank Arena,Springfield,MO,
20238,2021-12-11,16:00,2022,regular,,final,Northwestern State,Dallas Christian,211,534,89,67,,Southland,,,,Prather Coliseum,Natchitoches,LA,
20239,2021-12-11,16:00,2022,regular,,final,Sam Houston,UTSA,255,328,73,78,1,UAC,CUSA,,,Toyota Center (Houston),Houston,TX,
20240,2021-12-11,16:00,2022,regular,,final,San José State,Pacific,260,225,78,66,,Mountain West,WCC,,,Provident Credit Union Event Center,San Jose,CA,
20187,2021-12-11,16:30,2022,regular,,final,Tennessee,UNC Greensboro,292,320,76,36,,SEC,SoCon,,,Food City Center,Knoxville,TN,
20241,2021-12-11,16:30,2022,regular,,final,Weber State,Maine-Fort Kent,345,579,82,36,,Big Sky,,,,Dee Events Center,Ogden,UT,
20242,2021-12-11,16:30,2022,regular,,final,South Dakota,Northern Arizona,269,206,76,71,,Summit,Big Sky,,,Sanford Coyote Sports Center,Vermillion,SD,
20243,2021-12-11,16:30,2022,regular,,final,Massachusetts,North Texas,161,204,57,66,1,A-10,CUSA,,,Dickies Arena,Fort Worth,TX,Basketball Hall of Fame Classic
20244,2021-12-11,16:30,2022,regular,,final,Central Michigan,UIC,45,315,67,71,,MAC,Horizon,,,McGuirk Arena,Mount Pleasant,MI,
20185,2021-12-11,17:00,2022,regular,,final,Illinois,Arizona,118,11,79,83,,Big Ten,Pac-12,,,State Farm Center,Champaign,IL,
20245,2021-12-11,17:00,2022,regular,,final,Mississippi Valley State,Arkansas State,175,13,77,82,,SWAC,Sun Belt,,,R.W. Harrison HPER Complex,Itta Bena,MS,
20246,2021-12-11,17:00,2022,regular,,final,Saint Louis,Boston College,252,26,79,68,,A-10,ACC,,,Chaifetz Arena,St. Louis,MO,
20247,2021-12-11,17:00,2022,regular,,final,Utah,Manhattan,331,155,96,62,,Pac-12,Metro,,,Jon M. Huntsman Center,Salt Lake City,UT,
20184,2021-12-11,17:15,2022,regular,,final,Notre Dame,Kentucky,213,135,66,62,,ACC,SEC,,,Purcell Pavilion,South Bend,IN,
20248,2021-12-11,18:00,2022,regular,,final,Pepperdine,Alabama State,228,6,79,62,,WCC,SWAC,,,Firestone Fieldhouse,Malibu,CA,
20249,2021-12-11,18:00,2022,regular,,final,Saint Mary's,UC Santa Barbara,253,311,80,59,,WCC,Big West,,,University Credit Union Pavilion,Moraga,CA,
20250,2021-12-11,18:00,2022,regular,,final,Georgia Tech,LSU,101,136,53,69,,ACC,SEC,,,State Farm Arena,Atlanta,GA,Holiday Hoopsgiving
20251,2021-12-11,18:00,2022,regular,,final,Richmond,Toledo,242,300,72,69,,A-10,MAC,,,Robins Center,Richmond,VA,
20252,2021-12-11,18:30,2022,regular,,final,Southern,SE Louisiana,274,246,72,66,,SWAC,Southland,,,F.G. Clark Activity Center,Baton Rouge,LA,
20253,2021-12-11,18:30,2022,regular,,final,Dartmouth,Boston University,62,27,62,65,,Ivy,Patriot,,,Leede Arena,Hanover,NH,
20254,2021-12-11,18:30,2022,regular,,final,Texas A&M,TCU,293,287,64,68,1,SEC,Big 12,,,Toyota Center (Houston),Houston,TX,Battleground 2k21
20255,2021-12-11,18:30,2022,regular,,final,Stony Brook,Bryant,285,31,86,78,,Am. East,NEC,,,Island FCU Arena,Stony Brook,NY,
20256,2021-12-11,18:30,2022,regular,,final,Michigan,Minnesota,170,173,65,75,,Big Ten,Big Ten,,,Crisler Center,Ann Arbor,MI,
20257,2021-12-11,19:00,2022,regular,,final,Samford,Alabama A&M,256,4,52,50,,SoCon,SWAC,,,Pete Hanna Center,Homewood,AL,
20258,2021-12-11,19:00,2022,regular,,final,Eastern Kentucky,Marshall,78,158,69,80,,ASUN,CUSA,,,Baptist Health Arena,Richmond,KY,
20259,2021-12-11,19:00,2022,regular,,final,Fresno State,UC Irvine,92,308,63,55,,Mountain West,Big West,,,Save Mart Center,Fresno,CA,
20260,2021-12-11,19:00,2022,regular,,final,James Madison,Radford,129,239,79,70,,CAA,Big South,,,Atlantic Union Bank Center,Harrisonburg,VA,
20261,2021-12-11,19:00,2022,regular,,final,Wichita State,Norfolk State,352,196,71,58,,American,MEAC,,,Charles Koch Arena,Wichita,KS,
20262,2021-12-11,19:00,2022,regular,,final,Abilene Christian,Drexel,1,71,73,56,,UAC,CAA,,,Teague Center,Abilene,TX,
20263,2021-12-11,19:00,2022,regular,,final,Loyola Marymount,New Mexico State,153,192,58,63,,WCC,UAC,,,Gersten Pavilion,Los Angeles,CA,
20264,2021-12-11,19:00,2022,regular,,final,UAlbany,Columbia,306,58,60,59,,Am. East,Ivy,,,Broadview Center,Albany,NY,
20265,2021-12-11,19:00,2022,regular,,final,Carver College,Winthrop,1016,354,52,83,1,,Big South,,,Rock Hill Sports & Event Center,Rock Hill,SC,No Room For Racism Classic
20266,2021-12-11,19:00,2022,regular,,final,Wake Forest,South Carolina Upstate,342,268,79,53,,ACC,Big South,,,LJVM Coliseum,Winston-Salem,NC,
20267,2021-12-11,19:00,2022,regular,,final,Stephen F. Austin,Liberty,282,142,63,51,1,UAC,ASUN,,,Dickies Arena,Fort Worth,TX,Basketball Hall of Fame Classic
20268,2021-12-11,19:00,2022,regular,,final,Robert Morris,Florida Gulf Coast,244,88,74,85,,Horizon,ASUN,,,UPMC Events Center,Moon Township,PA,
20269,2021-12-11,20:00,2022,regular,,final,Old Dominion,VCU,219,333,66,75,,CUSA,A-10,,,Chartway Arena,Norfolk,VA,
20270,2021-12-11,20:00,2022,regular,,final,St. Thomas-Minnesota,Montana State,280,180,65,72,,Summit,Big Sky,,,Schoenecker Arena,Saint Paul,MN,
20271,2021-12-11,20:00,2022,regular,,final,Houston Christian,Rice,112,241,73,88,,Southland,CUSA,,,Sharp Gymnasium,Houston,TX,
20272,2021-12-11,20:00,2022,regular,,final,Grand Canyon,Ottawa (AZ),104,1022,81,53,,UAC,,,,Global Credit Union Arena,Phoenix,AZ,
20273,2021-12-11,20:00,2022,regular,,final,North Carolina,Elon,200,81,80,63,,ACC,CAA,,,Dean E. Smith Center,Chapel Hill,NC,
20274,2021-12-11,20:00,2022,regular,,final,Omaha,Texas A&M-Corpus Christi,221,294,73,87,,Summit,Southland,,,Baxter Arena,Omaha,NE,
20275,2021-12-11,20:30,2022,regular,,final,Ole Miss,Western Kentucky,220,350,48,71,1,SEC,CUSA,,,State Farm Arena,Atlanta,GA,Holiday Hoopsgiving
20276,2021-12-11,20:30,2022,regular,,final,Xavier,Cincinnati,359,51,83,63,,Big East,American,,,Cintas Center,Cincinnati,OH,Skyline Chili Crosstown Shootout
20277,2021-12-11,21:00,2022,regular,,final,Cal State Fullerton,Life Pacific,37,570,87,59,,Big West,,,,Titan Gym,Fullerton,CA,
20278,2021-12-11,21:00,2022,regular,,final,UT Martin,Middle Tennessee,325,171,75,84,,OVC,CUSA,,,Skyhawk Arena,Martin,TN,
20279,2021-12-11,21:00,2022,regular,,final,Utah State,New Orleans,329,193,82,50,,Mountain West,Southland,,,Dee Glen Smith Spectrum,Logan,UT,
20280,2021-12-11,21:00,2022,regular,,final,California,Santa Clara,40,261,72,60,,Pac-12,WCC,,,Haas Pavilion,Berkeley,CA,
20281,2021-12-11,21:00,2022,regular,,final,Utah Tech,Denver,330,68,82,62,,UAC,Summit,,,Burns Arena,St. George,UT,
20181,2021-12-11,21:30,2022,regular,,final,Marquette,UCLA,157,313,56,67,,Big East,Pac-12,,,Fiserv Forum,Milwaukee,WI,
20183,2021-12-11,22:00,2022,regular,,final,Alabama,Houston,5,113,83,82,,SEC,American,,,Coleman Coliseum,Tuscaloosa,AL,
20282,2021-12-11,22:00,2022,regular,,final,San Diego,Cal Lutheran,258,1107,84,55,,WCC,,,,Jenny Craig Pavilion,San Diego,CA,
20283,2021-12-11,22:00,2022,regular,,final,Portland State,Cal Poly,231,35,58,61,,Big Sky,Big West,,,Viking Pavilion,Portland,OR,
20284,2021-12-11,22:00,2022,regular,,final,Cal State Bakersfield,Idaho,36,117,59,58,,Big West,Big Sky,,,Icardo Center,Bakersfield,CA,
20285,2021-12-11,22:00,2022,regular,,final,Wyoming,Utah Valley,358,332,74,62,,Mountain West,UAC,,,Arena-Auditorium,Laramie,WY,
20289,2021-12-12,11:30,2022,regular,,final,Fordham,Miami,91,168,66,72,1,A-10,ACC,,,Barclays Center,Brooklyn,NY,Basketball Hall of Fame Invitational
20290,2021-12-12,12:00,2022,regular,,final,Indiana,Merrimack,121,166,81,49,,Big Ten,NEC,,,Simon Skjodt Assembly Hall,Bloomington,IN,
20291,2021-12-12,12:00,2022,regular,,final,St. John's,Colgate,279,55,82,64,,Big East,Patriot,,,Carnesecca Arena,Queens,NY,Gotham Classic
20292,2021-12-12,12:00,2022,regular,,final,South Carolina,Florida State,266,90,66,65,1,SEC,ACC,,,Rock Hill Sports & Event Center,Rock Hill,SC,No Room For Racism Classic
20288,2021-12-12,13:00,2022,regular,,final,Iowa State,Jackson State,125,126,47,37,,Big 12,SWAC,,,Hilton Coliseum,Ames,IA,
20293,2021-12-12,13:00,2022,regular,,final,Northeastern,Davidson,205,63,69,79,,CAA,A-10,,,Matthews Arena,Boston,MA,
20294,2021-12-12,13:00,2022,regular,,final,William & Mary,Fairfield,353,83,47,70,,CAA,Metro,,,Kaplan Arena,Williamsburg,VA,
20295,2021-12-12,13:00,2022,regular,,final,Niagara,Buffalo State,194,936,112,52,,Metro,,,,Gallagher Center,Niagara Falls,NY,
20296,2021-12-12,13:00,2022,regular,,final,Saint Peter's,Alliance University,254,1103,87,48,,Metro,,,,Yanitelli Center,Jersey City,NJ,
20297,2021-12-12,13:00,2022,regular,,final,Ball State,Indiana-Kokomo,19,1113,85,58,,MAC,,,,Worthen Arena,Muncie,IN,
20298,2021-12-12,14:00,2022,regular,,final,Hofstra,John Jay College,110,671,102,51,,CAA,,,,David S. Mack Sports and Exhibition Complex,Hempstead,NY,
20299,2021-12-12,14:00,2022,regular,,final,Coastal Carolina,Wofford,54,356,60,59,,Sun Belt,SoCon,,,The HTC Center,Conway,SC,
20300,2021-12-12,14:00,2022,regular,,final,Loyola Maryland,Hampton,152,106,67,54,,Patriot,Big South,,,Reitz Arena,Baltimore,MD,
20301,2021-12-12,14:00,2022,regular,,final,Northern Kentucky,Alice Lloyd College,210,506,91,55,,Horizon,,,,Truist Arena,Highland Heights,KY,
20302,2021-12-12,14:00,2022,regular,,final,Chattanooga,Tennessee Wesleyan,49,784,104,55,,SoCon,,,,McKenzie Arena,Chattanooga,TN,
20303,2021-12-12,14:00,2022,regular,,final,Charleston,Presbyterian,46,233,78,76,,CAA,Big South,,,TD Arena,Charleston,SC,
20304,2021-12-12,14:00,2022,regular,,final,NC State,Purdue,185,236,72,82,1,ACC,Big Ten,,,Barclays Center,Brooklyn,NY,Basketball Hall of Fame Invitational
20305,2021-12-12,14:00,2022,regular,,final,Dayton,Virginia Tech,64,340,62,57,,A-10,ACC,,,UD Arena,Dayton,OH,
20306,2021-12-12,14:00,2022,regular,,final,Marist,Navy,156,187,61,67,,Metro,Patriot,,,McCann Arena,Poughkeepsie,NY,
20307,2021-12-12,14:00,2022,regular,,final,Akron,Florida A&M,3,85,73,66,,MAC,SWAC,,,James A. Rhodes Arena,Akron,OH,
20308,2021-12-12,15:00,2022,regular,,final,SIU Edwardsville,Kansas City,247,130,60,56,,OVC,Summit,,,First Community Arena,Edwardsville,IL,
20309,2021-12-12,15:00,2022,regular,,final,UAB,Millsaps,305,843,103,29,,CUSA,,,,Bartow Arena,Birmingham,AL,
20310,2021-12-12,15:00,2022,regular,,final,New Mexico,UTEP,191,327,69,77,,Mountain West,CUSA,,,The Pit,Albuquerque,NM,
20311,2021-12-12,15:00,2022,regular,,final,Baylor,Villanova,20,338,57,36,,Big 12,Big East,,,Ferrell Center,Waco,TX,Big East-Big 12 Battle
20312,2021-12-12,16:00,2022,regular,,final,West Virginia,Kent State,347,134,63,50,,Big 12,MAC,,,WVU Coliseum,Morgantown,WV,
20313,2021-12-12,16:00,2022,regular,,final,Northwestern,NJIT,212,186,70,52,,Big Ten,Am. East,,,Welsh-Ryan Arena,Evanston,IL,
20314,2021-12-12,16:30,2022,regular,,final,Maryland,Florida,160,87,70,68,1,Big Ten,SEC,,,Barclays Center,Brooklyn,NY,Basketball Hall of Fame Invitational
20287,2021-12-12,17:00,2022,regular,,final,USC,Long Beach State,323,145,73,62,,Pac-12,Big West,,,Galen Center,Los Angeles,CA,
20315,2021-12-12,17:00,2022,regular,,final,Lipscomb,Tennessee State,143,290,65,73,,ASUN,OVC,,,Allen Arena,Nashville,TN,
20316,2021-12-12,17:00,2022,regular,,final,Texas State,Southwestern (TX),297,607,101,54,,Sun Belt,,,,Strahan Arena at the University Events Center,San Marcos,TX,
20317,2021-12-12,17:00,2022,regular,,final,Kansas State,Green Bay,132,105,82,64,,Big 12,Horizon,,,Bramlage Coliseum,Manhattan,KS,
20324,2021-12-12,17:00,2022,regular,,cancelled,Gonzaga,Washington,102,343,0,0,,WCC,Pac-12,,,McCarthey Athletic Center,Spokane,WA,
20318,2021-12-12,19:00,2022,regular,,final,UC Riverside,California Baptist,309,39,70,54,,Big West,UAC,,,SRC Arena,Riverside,CA,
20319,2021-12-12,19:00,2022,regular,,final,Stanford,Oregon,281,223,72,69,,Pac-12,Pac-12,,,Maples Pavilion,Stanford,CA,
20320,2021-12-12,19:00,2022,regular,,final,Iona,Yale,123,360,91,77,1,Metro,Ivy,,,Barclays Center,Brooklyn,NY,Basketball Hall of Fame Invitational
20321,2021-12-12,19:00,2022,regular,,final,Pittsburgh,Monmouth,229,178,52,56,,ACC,Metro,,,Petersen Events Center,Pittsburgh,PA,Gotham Classic - Campus Game
20322,2021-12-12,19:30,2022,regular,,final,Seton Hall,Rutgers,263,245,77,63,,Big East,Big Ten,,,Prudential Center,Newark,NJ,Garden State Hardwood Classic
20323,2021-12-12,20:00,2022,regular,,final,Seattle U,UC San Diego,262,310,73,51,,UAC,Big West,,,Climate Pledge Arena,Seattle,WA,
20325,2021-12-13,13:00,2022,regular,,final,Chicago State,Northern Illinois,50,208,59,70,,UAC,MAC,,,Jones Convocation Center,Chicago,IL,
20326,2021-12-13,18:00,2022,regular,,final,Princeton,UMBC,234,317,89,77,,Ivy,Am. East,,,Jadwin Gymnasium,Princeton,NJ,
20327,2021-12-13,18:30,2022,regular,,final,App State,Erskine,9,497,69,44,,Sun Belt,,,,Holmes Convocation Center,Boone,NC,
20328,2021-12-13,19:00,2022,regular,,final,Stetson,Johnson University Florida,283,835,104,58,,ASUN,,,,Edmunds Center,DeLand,FL,
20329,2021-12-13,19:00,2022,regular,,final,Nicholls,Blue Mountain,195,851,87,69,,Southland,,,,David R. Stopher Gymnasium,Thibodaux,LA,
20330,2021-12-13,19:00,2022,regular,,final,Long Island University,Merchant Marine Academy,146,749,106,48,,NEC,,,,Steinberg Wellness Center,Brooklyn,NY,
20331,2021-12-13,19:00,2022,regular,,final,George Washington,Radford,96,239,67,58,,A-10,Big South,,,Charles E. Smith Center,Washington,DC,
20332,2021-12-13,19:00,2022,regular,,final,New Hampshire,Keene St,190,1114,92,54,,Am. East,,,,Lundholm Gymnasium,Durham,NH,
20333,2021-12-13,19:00,2022,regular,,final,Liberty,Carver College,142,1016,95,36,,ASUN,,,,Liberty Arena,Lynchburg,VA,
20334,2021-12-13,19:00,2022,regular,,final,Jacksonville State,LaGrange,128,495,110,80,,ASUN,,,,Pete Mathews Coliseum,Jacksonville,AL,
20335,2021-12-13,20:00,2022,regular,,final,Oklahoma State,Cleveland State,218,53,98,93,,Big 12,Horizon,,,Gallagher-Iba Arena,Stillwater,OK,
20336,2021-12-13,20:00,2022,regular,,final,Milwaukee,Rhode Island,172,240,58,82,,Horizon,A-10,,,UW-Milwaukee Panther Arena,Milwaukee,WI,
20337,2021-12-13,20:00,2022,regular,,final,Columbia,Sacred Heart,58,250,69,79,,Ivy,NEC,,,Levien Gymnasium,New York,NY,
20338,2021-12-13,20:00,2022,regular,,final,Boston College,UAlbany,26,306,57,61,,ACC,Am. East,,,Conte Forum,Chestnut Hill,MA,
20339,2021-12-13,20:00,2022,regular,,final,North Dakota State,Indiana State,202,122,77,70,,Summit,MVC,,,Scheels Center,Fargo,ND,
20340,2021-12-13,21:00,2022,regular,,final,Montana,Nelson,179,618,118,49,,Big Sky,,,,Dahlberg Arena,Missoula,MT,
20341,2021-12-13,22:00,2022,regular,,final,Portland,Cal Poly,230,35,78,77,,WCC,Big West,,,Chiles Center,Portland,OR,
20350,2021-12-14,18:00,2022,regular,,final,Louisville,SE Louisiana,150,246,86,60,,ACC,Southland,,,KFC Yum! Center,Louisville,KY,
20351,2021-12-14,18:30,2022,regular,,final,Stony Brook,Central Connecticut,285,44,87,67,,Am. East,NEC,,,Island FCU Arena,Stony Brook,NY,
20347,2021-12-14,19:00,2022,regular,,final,Tennessee,South Carolina Upstate,292,268,96,52,,SEC,Big South,,,Food City Center,Knoxville,TN,
20348,2021-12-14,19:00,2022,regular,,final,LSU,Northwestern State,136,211,89,49,,SEC,Southland,,,Pete Maravich Assembly Center,Baton Rouge,LA,
20352,2021-12-14,19:00,2022,regular,,final,Troy,Alabama A&M,302,4,66,57,,Sun Belt,SWAC,,,Trojan Arena,Troy,AL,
20353,2021-12-14,19:00,2022,regular,,final,St. Francis Brooklyn,Medgar Evers,364,826,113,51,,NEC,,,,Pope Physical Education Center,Brooklyn,NY,
20354,2021-12-14,19:00,2022,regular,,final,East Tennessee State,North Carolina A&T,75,198,67,69,,SoCon,Big South,,,Freedom Hall (TN),Johnson City,TN,
20355,2021-12-14,19:00,2022,regular,,final,Longwood,Carolina University,147,646,98,56,,Big South,,,,Willett Hall,Farmville,VA,
20356,2021-12-14,19:00,2022,regular,,final,Hartford,St. Francis (PA),363,278,66,81,,Am. East,NEC,,,Chase Arena,West Hartford,CT,
20357,2021-12-14,19:00,2022,regular,,final,Towson,UNC Greensboro,301,320,74,64,,CAA,SoCon,,,TU Arena,Towson,MD,
20358,2021-12-14,19:00,2022,regular,,final,South Florida,Austin Peay,271,17,60,51,,American,OVC,,,Yuengling Center,Tampa,FL,
20359,2021-12-14,19:00,2022,regular,,final,South Carolina,Allen University,266,997,110,51,,SEC,,,,Colonial Life Arena,Columbia,SC,
20360,2021-12-14,19:00,2022,regular,,final,Cincinnati,Florida A&M,51,85,77,50,,American,SWAC,,,Fifth Third Arena,Cincinnati,OH,
20361,2021-12-14,19:00,2022,regular,,final,Wake Forest,VMI,342,334,77,70,,ACC,SoCon,,,LJVM Coliseum,Winston-Salem,NC,
20362,2021-12-14,19:00,2022,regular,,final,North Carolina,Furman,200,93,74,61,,ACC,SoCon,,,Dean E. Smith Center,Chapel Hill,NC,
20363,2021-12-14,19:00,2022,regular,,final,Clemson,Miami (OH),52,167,89,76,,ACC,MAC,,,Littlejohn Coliseum,Clemson,SC,
20364,2021-12-14,19:00,2022,regular,,final,Yale,Monmouth,360,178,60,69,,Ivy,Metro,,,John J. Lee Amphitheater,New Haven,CT,
20365,2021-12-14,19:30,2022,regular,,final,Louisiana Tech,LSU Shreveport,149,962,84,70,,CUSA,,,,Thomas Assembly Center,Ruston,LA,
20366,2021-12-14,19:30,2022,regular,,final,Stephen F. Austin,UL Monroe,282,316,69,82,,UAC,Sun Belt,,,William R. Johnson Coliseum,Nacogdoches,TX,
20367,2021-12-14,19:30,2022,regular,,final,UAB,Grambling,305,103,79,61,,CUSA,SWAC,,,Bartow Arena,Birmingham,AL,
20342,2021-12-14,20:00,2022,regular,,final,Duke,South Carolina State,72,267,103,62,,ACC,MEAC,,,Cameron Indoor Stadium,Durham,NC,
20345,2021-12-14,20:00,2022,regular,,final,Houston,Louisiana,113,148,71,56,,American,Sun Belt,,,Fertitta Center,Houston,TX,
20349,2021-12-14,20:00,2022,regular,,final,Texas Tech,Arkansas State,298,13,75,62,,Big 12,Sun Belt,,,United Supermarkets Arena,Lubbock,TX,
20368,2021-12-14,20:00,2022,regular,,final,Illinois State,Quincy,119,1115,81,63,,MVC,,,,CEFCU Arena,Normal,IL,
20369,2021-12-14,20:00,2022,regular,,final,South Alabama,Tarleton State,265,288,69,62,,Sun Belt,UAC,,,Mitchell Center,Mobile,AL,
20370,2021-12-14,20:00,2022,regular,,final,Western Kentucky,Centre College,350,1116,90,52,,CUSA,,,,E.A. Diddle Arena,Bowling Green,KY,
20371,2021-12-14,20:00,2022,regular,,final,UT Martin,UNC Asheville,325,319,79,68,,OVC,Big South,,,Skyhawk Arena,Martin,TN,
20372,2021-12-14,20:00,2022,regular,,final,Northern Iowa,Jackson State,209,126,66,56,,MVC,SWAC,,,McLeod Center,Cedar Falls,IA,
20373,2021-12-14,20:00,2022,regular,,final,UIC,DePaul,315,65,66,72,,Horizon,Big East,,,Credit Union 1 Arena,Chicago,IL,
20374,2021-12-14,20:00,2022,regular,,final,Creighton,Arizona State,61,10,57,58,,Big East,Pac-12,,,CHI Health Center Omaha,Omaha,NE,
20375,2021-12-14,20:00,2022,regular,,final,Wichita State,Alcorn State,352,7,82,63,,American,SWAC,,,Charles Koch Arena,Wichita,KS,
20376,2021-12-14,20:00,2022,regular,,final,Mississippi State,Georgia State,174,100,79,50,,SEC,Sun Belt,,,Humphrey Coliseum,Starkville,MS,
20377,2021-12-14,20:00,2022,regular,,final,St. Thomas-Minnesota,Northland,280,906,109,50,,Summit,,,,Schoenecker Arena,Saint Paul,MN,
20378,2021-12-14,20:00,2022,regular,,final,Minnesota,Texas A&M-Corpus Christi,173,294,79,71,,Big Ten,Southland,,,Williams Arena,Minneapolis,MN,
20379,2021-12-14,20:00,2022,regular,,final,North Texas,Sam Houston,204,255,65,55,,CUSA,UAC,,,The Super Pit,Denton,TX,
20380,2021-12-14,20:00,2022,regular,,final,Drexel,Coppin State,71,59,76,69,,CAA,MEAC,,,Daskalakis Athletic Center,Philadelphia,PA,
20381,2021-12-14,20:00,2022,regular,,final,Southern Miss,Jacksonville,275,127,51,62,,CUSA,ASUN,,,Reed Green Coliseum,Hattiesburg,MS,
20382,2021-12-14,20:00,2022,regular,,final,North Dakota,North Central (MN),201,562,110,65,,Summit,,,,Betty Engelstad Sioux Center,Grand Forks,ND,
20388,2021-12-14,20:00,2022,regular,,cancelled,Texas A&M,Tulane,293,303,0,0,,SEC,American,,,Reed Arena,College Station,TX,
20389,2021-12-14,20:00,2022,regular,,cancelled,Central Arkansas,Little Rock,43,144,0,0,,ASUN,Sun Belt,,,Farris Center,Conway,AR,
20383,2021-12-14,20:30,2022,regular,,final,UT Rio Grande Valley,Texas Southern,326,296,60,70,,UAC,SWAC,,,UTRGV Fieldhouse,Edinburg,TX,
20343,2021-12-14,21:00,2022,regular,,final,Memphis,Alabama,163,5,92,78,,American,SEC,,,FedExForum,Memphis,TN,
20344,2021-12-14,21:00,2022,regular,,final,Auburn,North Alabama,16,197,70,44,,SEC,ASUN,,,Neville Arena,Auburn,AL,
20346,2021-12-14,21:00,2022,regular,,final,Texas,Arkansas-Pine Bluff,295,14,63,31,,Big 12,SWAC,,,Frank Erwin Center,Austin,TX,
20384,2021-12-14,21:00,2022,regular,,final,Boise State,Santa Clara,25,261,72,60,,Mountain West,WCC,,,ExtraMile Arena,Boise,ID,
20385,2021-12-14,22:00,2022,regular,,final,Saint Mary's,Stanislaus State,253,698,76,39,,WCC,,,,University Credit Union Pavilion,Moraga,CA,
20386,2021-12-14,22:00,2022,regular,,final,Oregon State,UC Davis,224,307,64,71,,Pac-12,Big West,,,Gill Coliseum,Corvallis,OR,
20387,2021-12-14,22:00,2022,regular,,final,Pacific,UC Santa Barbara,225,311,80,71,,WCC,Big West,,,Alex G. Spanos Center,Stockton,CA,
20393,2021-12-15,18:00,2022,regular,,final,Belmont,Chattanooga,22,49,76,68,,OVC,SoCon,,,Curb Event Center Arena,Nashville,TN,
20394,2021-12-15,18:30,2022,regular,,final,Georgetown,Howard,97,114,85,73,,Big East,MEAC,,,Capital One Arena,Washington,DC,
20395,2021-12-15,19:00,2022,regular,,final,Eastern Kentucky,Midway University,78,717,121,67,,ASUN,,,,Baptist Health Arena,Richmond,KY,
20396,2021-12-15,19:00,2022,regular,,final,Presbyterian,Carver College,233,1016,98,33,,Big South,,,,Templeton Center,Clinton,SC,
20397,2021-12-15,19:00,2022,regular,,final,Coastal Carolina,Methodist,54,998,102,42,,Sun Belt,,,,The HTC Center,Conway,SC,
20398,2021-12-15,19:00,2022,regular,,final,Temple,UCF,289,312,48,65,,American,American,,,Liacouras Center,Philadelphia,PA,
20399,2021-12-15,19:00,2022,regular,,final,North Carolina Central,Gardner-Webb,199,94,72,71,,MEAC,Big South,,,McDougald-McLendon Arena,Durham,NC,
20400,2021-12-15,19:00,2022,regular,,final,Ohio,Marshall,215,158,75,65,,MAC,CUSA,,,Convocation Center (OH),Athens,OH,
20401,2021-12-15,19:00,2022,regular,,final,Campbell,Georgia Southern,41,99,66,69,,Big South,Sun Belt,,,John W. Pope Jr. Convocation Center,Buies Creek,NC,
20402,2021-12-15,19:00,2022,regular,,final,UNC Wilmington,Mount Olive,321,515,85,55,,CAA,,,,Trask Coliseum,Wilmington,NC,
20403,2021-12-15,19:00,2022,regular,,final,Elon,Winthrop,81,354,63,61,,CAA,Big South,,,Schar Center,Elon,NC,
20404,2021-12-15,19:00,2022,regular,,final,VCU,Florida Atlantic,333,86,66,46,,A-10,CUSA,,,Siegel Center,Richmond,VA,
20405,2021-12-15,19:00,2022,regular,,final,Missouri State,South Dakota State,176,270,75,63,,MVC,Summit,,,Great Southern Bank Arena,Springfield,MO,
20406,2021-12-15,19:00,2022,regular,,final,Jacksonville State,Florida International,128,89,66,59,,ASUN,CUSA,,,Pete Mathews Coliseum,Jacksonville,AL,
20407,2021-12-15,19:00,2022,regular,,final,Fairleigh Dickinson,Fairfield,84,83,54,72,,NEC,Metro,,,Bogota Savings Bank Center,Hackensack,NJ,
20408,2021-12-15,19:00,2022,regular,,final,Wright State,Akron,357,3,48,66,,Horizon,MAC,,,Nutter Center,Dayton,OH,
20409,2021-12-15,19:05,2022,regular,,final,Bethune-Cookman,Johnson University Florida,23,835,88,41,,SWAC,,,,Moore Gymnasium (FL),Daytona Beach,FL,
20410,2021-12-15,19:30,2022,regular,,final,Ole Miss,Middle Tennessee,220,171,62,52,,SEC,CUSA,,,The Sandy and John Black Pavilion at Ole Miss,Oxford,MS,
20411,2021-12-15,20:00,2022,regular,,final,Murray State,Tennessee Wesleyan,184,784,118,48,,OVC,,,,CFSB Center,Murray,KY,
20412,2021-12-15,20:00,2022,regular,,final,Southern Illinois,Southeast Missouri State,273,272,80,55,,MVC,OVC,,,Banterra Center,Carbondale,IL,
20413,2021-12-15,20:00,2022,regular,,final,Wisconsin,Nicholls,355,195,71,68,,Big Ten,Southland,,,Kohl Center,Madison,WI,
20414,2021-12-15,20:00,2022,regular,,final,Texas State,Lamar,297,139,67,47,,Sun Belt,UAC,,,Strahan Arena at the University Events Center,San Marcos,TX,
20415,2021-12-15,20:00,2022,regular,,final,South Dakota,Bellarmine,269,21,78,64,,Summit,ASUN,,,Sanford Coyote Sports Center,Vermillion,SD,
20392,2021-12-15,20:30,2022,regular,,final,Xavier,Morehead State,359,181,86,63,,Big East,OVC,,,Cintas Center,Cincinnati,OH,
20390,2021-12-15,21:00,2022,regular,,final,Arizona,Northern Colorado,11,207,101,76,,Pac-12,Big Sky,,,McKale Memorial Center,Tucson,AZ,
20391,2021-12-15,21:00,2022,regular,,final,USC,UC Irvine,323,308,66,61,,Pac-12,Big West,,,Galen Center,Los Angeles,CA,
20416,2021-12-15,21:00,2022,regular,,final,Abilene Christian,Cal State Bakersfield,1,36,69,59,,UAC,Big West,,,Teague Center,Abilene,TX,
20417,2021-12-15,21:00,2022,regular,,final,Weber State,Utah State,345,329,80,95,,Big Sky,Mountain West,,,Dee Events Center,Ogden,UT,
20418,2021-12-15,21:00,2022,regular,,final,Eastern Washington,Multnomah University,80,1025,95,56,,Big Sky,,,,Reese Court,Cheney,WA,
20419,2021-12-15,21:00,2022,regular,,final,Utah Tech,Nelson,330,618,114,49,,UAC,,,,Burns Arena,St. George,UT,
20420,2021-12-15,21:00,2022,regular,,final,Oregon,Portland,223,230,96,71,,Pac-12,WCC,,,Matthew Knight Arena,Eugene,OR,
20421,2021-12-15,21:00,2022,regular,,final,Florida State,Lipscomb,90,143,97,60,,ACC,ASUN,,,Tucker Center,Tallahassee,FL,
20422,2021-12-15,21:00,2022,regular,,final,Denver,UC San Diego,68,310,64,56,,Summit,Big West,,,Hamilton Gymnasium,Denver,CO,
20423,2021-12-15,22:00,2022,regular,,final,Nevada,Minnesota Duluth,189,1117,98,62,,Mountain West,,,,Lawlor Events Center,Reno,NV,
20424,2021-12-15,22:00,2022,regular,,final,Washington State,New Mexico State,344,192,61,64,,Pac-12,UAC,,,Beasley Coliseum,Pullman,WA,
20425,2021-12-15,22:00,2022,regular,,final,UNLV,Omaha,322,221,84,71,,Mountain West,Summit,,,Thomas & Mack Center,Las Vegas,NV,
20426,2021-12-15,23:00,2022,regular,,cancelled,UCLA,Alabama State,313,6,0,0,,Pac-12,SWAC,,,Pauley Pavilion,Los Angeles,CA,
20428,2021-12-16,12:15,2022,regular,,final,Rice,Incarnate Word,241,120,85,55,,CUSA,Southland,,,Tudor Fieldhouse,Houston,TX,
20429,2021-12-16,16:00,2022,regular,,final,Coastal Carolina,Regent,54,733,110,53,,Sun Belt,,,,The HTC Center,Conway,SC,
20430,2021-12-16,16:00,2022,regular,,final,Tennessee Tech,Montreat,291,751,117,60,,OVC,,,,Hooper Eblen Center,Cookeville,TN,
20427,2021-12-16,19:00,2022,regular,,final,Duke,App State,72,9,92,67,,ACC,Sun Belt,,,Cameron Indoor Stadium,Durham,NC,
20431,2021-12-16,19:00,2022,regular,,final,South Carolina State,Carver College,267,1016,105,46,,MEAC,,,,Smith-Hammond-Middleton Memorial Center,Orangeburg,SC,
20432,2021-12-16,19:00,2022,regular,,final,Wagner,Immaculata,341,792,104,46,,NEC,,,,Spiro Sports Center,Staten Island,NY,
20433,2021-12-16,19:00,2022,regular,,final,The Citadel,St. Andrews,299,587,102,62,,SoCon,,,,McAlister Field House,Charleston,SC,
20434,2021-12-16,19:00,2022,regular,,final,UMBC,UNC Greensboro,317,320,51,62,,Am. East,SoCon,,,Chesapeake Employers Insurance Arena,Baltimore,MD,
20435,2021-12-16,19:00,2022,regular,,final,Stetson,Charleston,283,46,67,59,,ASUN,CAA,,,Edmunds Center,DeLand,FL,
20436,2021-12-16,19:00,2022,regular,,final,IU Indianapolis,Chicago State,115,50,55,61,,Horizon,UAC,,,Corteva Coliseum,Indianapolis,IN,
20437,2021-12-16,20:00,2022,regular,,final,Charleston Southern,Tennessee State,47,290,75,78,,Big South,OVC,,,Buccaneer Fieldhouse,Charleston,SC,
20438,2021-12-16,20:00,2022,regular,,final,Drake,Jackson State,70,126,70,65,,MVC,SWAC,,,Knapp Center,Des Moines,IA,
20439,2021-12-16,20:00,2022,regular,,final,Tulsa,Alcorn State,304,7,83,62,,American,SWAC,,,Reynolds Center,Tulsa,OK,
20440,2021-12-16,20:00,2022,regular,,final,Oral Roberts,UT Arlington,222,324,71,62,,Summit,Sun Belt,,,Mabee Center,Tulsa,OK,
20441,2021-12-16,21:00,2022,regular,,final,UTEP,McNeese,327,162,82,72,,CUSA,Southland,,,Don Haskins Center,El Paso,TX,
20442,2021-12-16,22:00,2022,regular,,final,Stanford,Dartmouth,281,62,89,78,,Pac-12,Ivy,,,Maples Pavilion,Stanford,CA,
20444,2021-12-17,13:30,2022,regular,,final,East Carolina,Liberty,74,142,64,74,1,American,ASUN,,,Spectrum Center,Charlotte,NC,Basketball Hall of Fame Shootout Pres. by Hotels.com
20445,2021-12-17,16:00,2022,regular,,final,Virginia Tech,St. Bonaventure,340,277,86,49,1,ACC,A-10,,,Spectrum Center,Charlotte,NC,Basketball Hall of Fame Shootout Pres. by Hotels.com
20446,2021-12-17,18:00,2022,regular,,final,Sacramento State,Menlo,249,629,67,53,,Big Sky,,,,The Nest,Sacramento,CA,
20447,2021-12-17,18:30,2022,regular,,final,NC State,Richmond,185,242,74,83,1,ACC,A-10,,,Spectrum Center,Charlotte,NC,Basketball Hall of Fame Shootout Pres. by Hotels.com
20448,2021-12-17,19:00,2022,regular,,final,Gardner-Webb,Converse University,94,1118,79,46,,Big South,,,,Paul Porter Arena,Boiling Springs,NC,
20449,2021-12-17,19:00,2022,regular,,final,Florida Atlantic,Florida Tech,86,714,78,55,,CUSA,,,,Eleanor R. Baldwin Arena,Boca Raton,FL,
20450,2021-12-17,19:00,2022,regular,,final,Mississippi State,Furman,174,93,69,66,,SEC,SoCon,,,Humphrey Coliseum,Starkville,MS,
20451,2021-12-17,19:00,2022,regular,,final,Western Michigan,Aquinas,351,743,67,56,,MAC,,,,University Arena (MI),Kalamazoo,MI,
20443,2021-12-17,20:00,2022,regular,,final,Creighton,Villanova,61,338,79,59,,Big East,Big East,,,CHI Health Center Omaha,Omaha,NE,
20452,2021-12-17,20:00,2022,regular,,final,Tarleton State,South Alabama,288,265,65,52,,UAC,Sun Belt,,,Wisdom Gym,Stephenville,TX,
20453,2021-12-17,20:00,2022,regular,,final,UTSA,UT Rio Grande Valley,328,326,50,68,,CUSA,UAC,,,UTSA Convocation Center,San Antonio,TX,
20454,2021-12-17,20:00,2022,regular,,final,Utah Valley,Bethesda University,332,592,107,65,,UAC,,,,UCCU Center,Orem,UT,
20462,2021-12-17,20:00,2022,regular,,cancelled,New Orleans,Dillard,193,630,0,0,,Southland,,,,Lakefront Arena,New Orleans,LA,
20455,2021-12-17,21:00,2022,regular,,final,Portland,San José State,230,260,78,90,,WCC,Mountain West,,,Chiles Center,Portland,OR,
20456,2021-12-17,21:00,2022,regular,,final,Santa Clara,Florida A&M,261,85,80,66,,WCC,SWAC,,,Leavey Center,Santa Clara,CA,
20457,2021-12-17,21:00,2022,regular,,final,Charlotte,Wake Forest,48,342,79,82,1,CUSA,ACC,,,Spectrum Center,Charlotte,NC,Basketball Hall of Fame Shootout Pres. by Hotels.com
20458,2021-12-17,22:00,2022,regular,,final,Cal State Fullerton,Redlands,37,1119,93,78,,Big West,,,,Titan Gym,Fullerton,CA,
20459,2021-12-17,22:00,2022,regular,,final,Fresno State,Cal Poly,92,35,83,48,,Mountain West,Big West,,,Save Mart Center,Fresno,CA,
20460,2021-12-17,22:00,2022,regular,,final,Saint Mary's,San Diego State,253,257,53,63,1,WCC,Mountain West,,,Footprint Center,Phoenix,AZ,Jerry Colangelo Classic
20461,2021-12-17,22:00,2022,regular,,final,Pacific,North Dakota State,225,202,61,73,,WCC,Summit,,,Alex G. Spanos Center,Stockton,CA,
20474,2021-12-18,12:00,2022,regular,,final,Youngstown State,Westminster (PA),361,575,83,54,,Horizon,,,,Beeghly Center,Youngstown,OH,
20475,2021-12-18,12:00,2022,regular,,final,Butler,Purdue,34,236,48,77,1,Big East,Big Ten,,,Gainbridge Fieldhouse,Indianapolis,IN,Crossroads Classic
20476,2021-12-18,12:00,2022,regular,,final,Pittsburgh,St. John's,229,279,59,57,,ACC,Big East,,,Petersen Events Center,Pittsburgh,PA,Gotham Classic
20556,2021-12-18,12:00,2022,regular,,cancelled,Memphis,Tennessee,163,292,0,0,1,American,SEC,,,Bridgestone Arena,Nashville,TN,
20477,2021-12-18,13:00,2022,regular,,final,Cincinnati,Ashland,51,1120,71,57,,American,,,,Fifth Third Arena,Cincinnati,OH,
20478,2021-12-18,13:00,2022,regular,,final,Central Connecticut,Hartford,44,363,75,65,,NEC,Am. East,,,Detrick Gymnasium,New Britain,CT,
20479,2021-12-18,13:00,2022,regular,,final,Indiana State,Alabama A&M,122,4,67,43,,MVC,SWAC,,,Hulman Center,Terre Haute,IN,
20480,2021-12-18,13:00,2022,regular,,final,Illinois,St. Francis (PA),118,278,106,48,,Big Ten,NEC,,,State Farm Center,Champaign,IL,
20481,2021-12-18,13:00,2022,regular,,final,Florida,South Florida,87,271,66,55,1,SEC,American,,,Amerant Bank Arena,Sunrise,FL,Orange Bowl Classic
20482,2021-12-18,13:00,2022,regular,,final,Texas A&M-Corpus Christi,Lamar,294,139,57,53,,Southland,UAC,,,American Bank Center,Corpus Christi,TX,
20483,2021-12-18,13:00,2022,regular,,final,Gonzaga,Texas Tech,102,298,69,55,1,WCC,Big 12,,,Footprint Center,Phoenix,AZ,Jerry Colangelo Classic
20484,2021-12-18,13:00,2022,regular,,final,Davidson,Radford,63,239,74,54,,A-10,Big South,,,John M. Belk Arena,Davidson,NC,
20485,2021-12-18,13:00,2022,regular,,final,Maine,University of New England,154,1037,86,50,,Am. East,,,,Cross Insurance Center,Bangor,ME,
20486,2021-12-18,13:20,2022,regular,,final,Delaware State,North Carolina Central,67,199,53,86,1,MEAC,MEAC,,,Prudential Center,Newark,NJ,Invesco QQQ Legacy Classic
20487,2021-12-18,14:00,2022,regular,,final,South Carolina State,Tennessee State,267,290,90,88,,MEAC,OVC,,,Smith-Hammond-Middleton Memorial Center,Orangeburg,SC,
20488,2021-12-18,14:00,2022,regular,,final,Colorado,Cal State Bakersfield,56,36,60,46,,Pac-12,Big West,,,CU Events Center,Boulder,CO,
20489,2021-12-18,14:00,2022,regular,,final,Wright State,Tennessee Tech,357,291,72,63,,Horizon,OVC,,,Nutter Center,Dayton,OH,
20490,2021-12-18,14:00,2022,regular,,final,UNC Asheville,East Tennessee State,319,75,79,64,,Big South,SoCon,,,Kimmel Arena,Asheville,NC,
20491,2021-12-18,14:00,2022,regular,,final,High Point,UNC Wilmington,109,321,69,71,,Big South,CAA,,,Qubein Center,High Point,NC,
20492,2021-12-18,14:00,2022,regular,,final,Georgetown,TCU,97,287,73,80,,Big East,Big 12,,,Capital One Arena,Washington,DC,Big East-Big 12 Battle
20493,2021-12-18,14:00,2022,regular,,final,Bucknell,La Salle,32,137,82,70,,Patriot,A-10,,,Sojka Pavilion,Lewisburg,PA,
20494,2021-12-18,14:00,2022,regular,,final,Virginia,Fairleigh Dickinson,339,84,82,49,,ACC,NEC,,,John Paul Jones Arena,Charlottesville,VA,
20495,2021-12-18,14:00,2022,regular,,final,North Florida,Trinity Baptist,203,521,92,44,,ASUN,,,,UNF Arena,Jacksonville,FL,
20496,2021-12-18,14:00,2022,regular,,final,Miami (OH),Bellarmine,167,21,68,77,,MAC,ASUN,,,Millett Hall,Oxford,OH,
20497,2021-12-18,14:00,2022,regular,,final,North Dakota,Utah Tech,201,330,69,78,,Summit,UAC,,,Betty Engelstad Sioux Center,Grand Forks,ND,
20498,2021-12-18,14:00,2022,regular,,final,Niagara,UAlbany,194,306,66,58,1,Metro,Am. East,,,KeyBank Center,Buffalo,NY,
20558,2021-12-18,14:00,2022,regular,,cancelled,Tulane,Grambling,303,103,0,0,,American,SWAC,,,Devlin Fieldhouse,New Orleans,LA,
20559,2021-12-18,14:00,2022,regular,,cancelled,Temple,Drexel,289,71,0,0,,American,CAA,,,Liacouras Center,Philadelphia,PA,
20499,2021-12-18,14:30,2022,regular,,final,Vanderbilt,Austin Peay,336,17,77,51,,SEC,OVC,,,Memorial Gymnasium (TN),Nashville,TN,
20500,2021-12-18,14:30,2022,regular,,final,Notre Dame,Indiana,213,121,56,64,1,ACC,Big Ten,,,Gainbridge Fieldhouse,Indianapolis,IN,Crossroads Classic
20501,2021-12-18,15:00,2022,regular,,final,Belmont,Bethel (IN),22,929,115,86,,OVC,,,,Curb Event Center Arena,Nashville,TN,
20502,2021-12-18,15:00,2022,regular,,final,Western Illinois,Eastern Illinois,349,77,71,54,,Summit,OVC,,,Western Hall,Macomb,IL,
20503,2021-12-18,15:00,2022,regular,,final,North Alabama,Southeastern Baptist College,197,1081,106,40,,ASUN,,,,Flowers Hall,Florence,AL,
20504,2021-12-18,15:00,2022,regular,,final,Arkansas-Pine Bluff,Ecclesia,14,668,97,56,,SWAC,,,,H.O. Clemmons Arena,Pine Bluff,AR,
20505,2021-12-18,15:00,2022,regular,,final,Georgia Southern,Covenant,99,840,85,51,,Sun Belt,,,,Hanner Fieldhouse,Statesboro,GA,
20506,2021-12-18,15:00,2022,regular,,final,Bradley,Saint Joseph's,29,251,77,73,,MVC,A-10,,,Carver Arena,Peoria,IL,
20507,2021-12-18,15:00,2022,regular,,final,Sam Houston,Hardin-Simmons,255,772,103,53,,UAC,,,,Bernard G. Johnson Coliseum,Huntsville,TX,
20508,2021-12-18,15:00,2022,regular,,final,Western Kentucky,Louisville,350,150,82,72,,CUSA,ACC,,,E.A. Diddle Arena,Bowling Green,KY,
20560,2021-12-18,15:00,2022,regular,,cancelled,Northwestern,DePaul,212,65,0,0,,Big Ten,Big East,,,Welsh-Ryan Arena,Evanston,IL,
20561,2021-12-18,15:00,2022,regular,,cancelled,Seton Hall,Iona,263,123,0,0,1,Big East,Metro,,,Madison Square Garden,New York,NY,Gotham Classic
20509,2021-12-18,15:30,2022,regular,,final,UL Monroe,Southern Miss,316,275,74,65,,Sun Belt,CUSA,,,Fant-Ewing Coliseum,Monroe,LA,
20562,2021-12-18,15:30,2022,regular,,cancelled,Florida State,UCF,90,312,0,0,1,ACC,American,,,Amerant Bank Arena,Sunrise,FL,Orange Bowl Classic
20563,2021-12-18,15:30,2022,regular,,cancelled,VCU,Penn State,333,226,0,0,,A-10,Big Ten,,,Siegel Center,Richmond,VA,
20464,2021-12-18,16:00,2022,regular,,final,Duke,Elon,72,81,87,56,,ACC,CAA,,,Cameron Indoor Stadium,Durham,NC,
20472,2021-12-18,16:00,2022,regular,,final,Xavier,Marquette,359,157,80,71,,Big East,Big East,,,Cintas Center,Cincinnati,OH,
20510,2021-12-18,16:00,2022,regular,,final,South Carolina Upstate,Converse University,268,1118,78,38,,Big South,,,,G.B. Hodge Center,Spartanburg,SC,
20513,2021-12-18,16:00,2022,regular,,final,Southern Illinois,Maryville University (MO),273,1121,75,55,,MVC,,,,Banterra Center,Carbondale,IL,
20514,2021-12-18,16:00,2022,regular,,final,Nicholls,Mississippi Valley State,195,175,104,73,,Southland,SWAC,,,David R. Stopher Gymnasium,Thibodaux,LA,
20515,2021-12-18,16:00,2022,regular,,final,Morehead State,Alice Lloyd College,181,506,87,47,,OVC,,,,Ellis T. Johnson Arena,Morehead,KY,
20516,2021-12-18,16:00,2022,regular,,final,Presbyterian,Wofford,233,356,49,76,,Big South,SoCon,,,Templeton Center,Clinton,SC,
20517,2021-12-18,16:00,2022,regular,,final,Mount St. Mary's,Morgan State,183,182,74,60,,NEC,MEAC,,,Knott Arena,Emmitsburg,MD,
20518,2021-12-18,16:00,2022,regular,,final,Washington State,Northern Colorado,344,207,82,56,,Pac-12,Big Sky,,,Beasley Coliseum,Pullman,WA,
20519,2021-12-18,16:00,2022,regular,,final,Marshall,Northern Iowa,158,209,60,75,,CUSA,MVC,,,Cam Henderson Center,Huntington,WV,
20520,2021-12-18,16:00,2022,regular,,final,Wichita State,North Texas,352,204,52,62,,American,CUSA,,,Charles Koch Arena,Wichita,KS,
20521,2021-12-18,16:00,2022,regular,,final,USC,Georgia Tech,323,101,67,53,1,Pac-12,ACC,,,Footprint Center,Phoenix,AZ,Jerry Colangelo Classic
20522,2021-12-18,16:00,2022,regular,,final,Jacksonville,Webber International,127,802,87,48,,ASUN,,,,Swisher Gymnasium,Jacksonville,FL,
20523,2021-12-18,16:00,2022,regular,,final,Illinois State,Ball State,119,19,85,64,,MVC,MAC,,,CEFCU Arena,Normal,IL,
20524,2021-12-18,16:30,2022,regular,,final,Howard,North Carolina A&T,114,198,79,57,1,MEAC,Big South,,,Prudential Center,Newark,NJ,Invesco QQQ Legacy Classic
20525,2021-12-18,16:30,2022,regular,,final,Missouri,Utah,177,331,83,75,,SEC,Pac-12,,,Mizzou Arena,Columbia,MO,
20557,2021-12-18,16:30,2022,regular,,cancelled,Tulsa,Colorado State,304,57,0,0,1,American,Mountain West,,,Dickies Arena,Fort Worth,TX,
20471,2021-12-18,17:00,2022,regular,,final,UConn,Providence,314,235,53,57,,Big East,Big East,,,XL Center,Hartford,CT,
20526,2021-12-18,17:00,2022,regular,,final,Troy,Arkansas Baptist,302,539,84,64,,Sun Belt,,,,Trojan Arena,Troy,AL,
20527,2021-12-18,17:00,2022,regular,,final,Texas State,Paul Quinn,297,550,75,36,,Sun Belt,,,,Strahan Arena at the University Events Center,San Marcos,TX,
20528,2021-12-18,17:00,2022,regular,,final,Idaho,Nelson,117,618,84,55,,Big Sky,,,,ICCU Arena,Moscow,ID,
20529,2021-12-18,17:00,2022,regular,,final,UAB,West Virginia,305,347,59,65,,CUSA,Big 12,,,Legacy Arena at BJCC,Birmingham,AL,
20530,2021-12-18,17:00,2022,regular,,final,Boston University,Marist,27,156,79,84,,Patriot,Metro,,,Case Gym,Boston,MA,
20531,2021-12-18,17:00,2022,regular,,final,Canisius,Buffalo,42,33,65,64,1,Metro,MAC,,,KeyBank Center,Buffalo,NY,
20564,2021-12-18,17:00,2022,regular,,cancelled,Evansville,UT Martin,82,325,0,0,,MVC,OVC,,,Ford Center,Evansville,IN,
20565,2021-12-18,17:00,2022,regular,,cancelled,McNeese,Dallas Christian,162,534,0,0,,Southland,,,,Burton Coliseum,Lake Charles,LA,
20566,2021-12-18,17:00,2022,regular,,cancelled,Rutgers,Rider,245,243,0,0,,Big Ten,Metro,,,Jersey Mike’s Arena,Piscataway,NJ,
20532,2021-12-18,17:30,2022,regular,,final,Kentucky,North Carolina,135,200,98,69,1,SEC,ACC,,,T-Mobile Arena,Las Vegas,NV,CBS Sports Classic
20467,2021-12-18,18:00,2022,regular,,final,Arizona,California Baptist,11,39,84,60,,Pac-12,UAC,,,McKale Memorial Center,Tucson,AZ,
20533,2021-12-18,18:00,2022,regular,,final,New Mexico State,Northern New Mexico,192,720,93,60,,UAC,,,,Pan American Center,Las Cruces,NM,
20534,2021-12-18,18:00,2022,regular,,final,Georgia State,Toccoa Falls,100,577,92,44,,Sun Belt,,,,Georgia State Sports Arena,Atlanta,GA,
20535,2021-12-18,18:00,2022,regular,,final,Clemson,South Carolina,52,266,70,56,,ACC,SEC,,,Littlejohn Coliseum,Clemson,SC,
20567,2021-12-18,18:00,2022,regular,,cancelled,Syracuse,Lehigh,286,141,0,0,,ACC,Patriot,,,JMA Wireless Dome,Syracuse,NY,
20536,2021-12-18,18:30,2022,regular,,final,Ole Miss,Dayton,220,64,76,68,,SEC,A-10,,,The Sandy and John Black Pavilion at Ole Miss,Oxford,MS,
20537,2021-12-18,18:30,2022,regular,,final,Stony Brook,Saint Peter's,285,254,64,63,,Am. East,Metro,,,Island FCU Arena,Stony Brook,NY,
20469,2021-12-18,19:00,2022,regular,,final,Houston,Oklahoma State,113,218,72,61,1,American,Big 12,,,Dickies Arena,Fort Worth,TX,
20470,2021-12-18,19:00,2022,regular,,final,Louisiana Tech,LSU,149,136,57,66,1,CUSA,SEC,,,Brookshire Grocery Arena,Bossier City,LA,
20538,2021-12-18,19:00,2022,regular,,final,Northwestern State,Southwestern Adventist,211,783,104,50,,Southland,,,,Prather Coliseum,Natchitoches,LA,
20539,2021-12-18,19:00,2022,regular,,final,Eastern Kentucky,Northern Kentucky,78,210,81,68,,ASUN,Horizon,,,Baptist Health Arena,Richmond,KY,
20540,2021-12-18,19:00,2022,regular,,final,UC San Diego,Caltech,310,1122,93,52,,Big West,,,,LionTree Arena,San Diego,CA,
20541,2021-12-18,19:00,2022,regular,,final,Michigan,Southern Utah,170,276,87,50,,Big Ten,Big Sky,,,Crisler Center,Ann Arbor,MI,
20542,2021-12-18,19:00,2022,regular,,final,Georgia,George Mason,98,95,67,80,,SEC,A-10,,,Stegeman Coliseum,Athens,GA,
20543,2021-12-18,19:00,2022,regular,,final,Samford,Kennesaw State,256,133,85,84,,SoCon,ASUN,,,Pete Hanna Center,Homewood,AL,
20544,2021-12-18,19:30,2022,regular,,final,Grand Canyon,San Francisco,104,259,49,48,1,UAC,WCC,,,Footprint Center,Phoenix,AZ,Jerry Colangelo Classic
20466,2021-12-18,20:00,2022,regular,,final,Kansas,Stephen F. Austin,131,282,80,72,,Big 12,UAC,,,Allen Fieldhouse,Lawrence,KS,
20473,2021-12-18,20:00,2022,regular,,final,Arkansas,Hofstra,12,110,81,89,1,SEC,CAA,,,Simmons Bank Arena,North Little Rock,AR,
20545,2021-12-18,20:00,2022,regular,,final,Idaho State,Bethesda University,116,592,103,68,,Big Sky,,,,Reed Gym,Pocatello,ID,
20546,2021-12-18,20:00,2022,regular,,final,Oregon State,Texas A&M,224,293,73,83,,Pac-12,SEC,,,Gill Coliseum,Corvallis,OR,
20547,2021-12-18,20:00,2022,regular,,final,Weber State,BYU,345,18,71,89,,Big Sky,WCC,,,Dee Events Center,Ogden,UT,
20548,2021-12-18,20:00,2022,regular,,final,Pepperdine,Southeast Missouri State,228,272,83,77,,WCC,OVC,,,Firestone Fieldhouse,Malibu,CA,
20549,2021-12-18,20:00,2022,regular,,final,Missouri State,Central Arkansas,176,43,106,70,,MVC,ASUN,,,Great Southern Bank Arena,Springfield,MO,
20550,2021-12-18,20:25,2022,regular,,final,Murray State,Chattanooga,184,49,87,76,,OVC,SoCon,,,CFSB Center,Murray,KY,
20465,2021-12-18,20:30,2022,regular,,final,Alabama,Jacksonville State,5,128,65,59,,SEC,ASUN,,,Coleman Coliseum,Tuscaloosa,AL,
20468,2021-12-18,21:00,2022,regular,,final,Saint Louis,Auburn,252,16,70,74,,A-10,SEC,,,Chaifetz Arena,St. Louis,MO,
20568,2021-12-18,21:00,2022,regular,,cancelled,Long Beach State,La Sierra,145,670,0,0,,Big West,,,,Walter Pyramid,Long Beach,CA,
20551,2021-12-18,21:10,2022,regular,,final,Iowa,Utah State,124,329,94,75,1,Big Ten,Mountain West,,,Sanford Pentagon,Sioux Falls,SD,
20463,2021-12-18,22:00,2022,regular,,final,Oregon,Baylor,223,20,70,78,,Pac-12,Big 12,,,Matthew Knight Arena,Eugene,OR,
20552,2021-12-18,22:00,2022,regular,,final,Washington,Seattle U,343,262,64,56,,Pac-12,UAC,,,Alaska Airlines Arena,Seattle,WA,
20553,2021-12-18,22:00,2022,regular,,final,Cal State Northridge,Portland State,38,231,69,66,,Big West,Big Sky,,,Premier America Credit Union Arena,Northridge,CA,
20554,2021-12-18,22:00,2022,regular,,final,Northern Arizona,San Diego,206,258,59,69,1,Big Sky,WCC,,,Footprint Center,Phoenix,AZ,Jerry Colangelo Classic
20555,2021-12-18,23:00,2022,regular,,final,Nevada,Loyola Marymount,189,153,68,63,,Mountain West,WCC,,,Lawlor Events Center,Reno,NV,
20599,2021-12-19,12:00,2022,regular,,cancelled,Florida International,Bethune-Cookman,89,23,0,0,,CUSA,SWAC,,,Ocean Bank Convocation Center,Miami,FL,
20600,2021-12-19,12:30,2022,regular,,cancelled,St. Francis Brooklyn,Longwood,364,147,0,0,,NEC,Big South,,,Pope Physical Education Center,Brooklyn,NY,
20569,2021-12-19,13:00,2022,regular,,final,Iowa State,SE Louisiana,125,246,77,54,,Big 12,Southland,,,Hilton Coliseum,Ames,IA,
20570,2021-12-19,13:00,2022,regular,,final,Detroit Mercy,Central Michigan,69,45,89,75,,Horizon,MAC,,,Calihan Hall,Detroit,MI,
20571,2021-12-19,13:00,2022,regular,,final,UMass Lowell,Sacred Heart,318,250,70,62,,Am. East,NEC,,,Costello Athletic Center,Lowell,MA,
20572,2021-12-19,13:00,2022,regular,,final,Duquesne,UC Irvine,73,308,76,54,1,A-10,Big West,,,LeBron James Arena,Akron,OH,
20573,2021-12-19,13:00,2022,regular,,final,Massachusetts,Fairfield,161,83,77,73,,A-10,Metro,,,Mullins Center,Amherst,MA,
20601,2021-12-19,13:00,2022,regular,,cancelled,Northeastern,Vermont,205,337,0,0,,CAA,Am. East,,,Matthews Arena,Boston,MA,
20574,2021-12-19,14:00,2022,regular,,final,Florida Gulf Coast,Mercer,88,164,67,55,,ASUN,SoCon,,,Alico Arena,Fort Myers,FL,
20575,2021-12-19,14:00,2022,regular,,final,SIU Edwardsville,William Woods,247,807,84,29,,OVC,,,,First Community Arena,Edwardsville,IL,
20576,2021-12-19,14:00,2022,regular,,final,Long Island University,Army,146,15,90,65,,NEC,Patriot,,,Steinberg Wellness Center,Brooklyn,NY,
20577,2021-12-19,14:00,2022,regular,,final,Arkansas State,Air Force,13,2,68,46,,Sun Belt,Mountain West,,,First National Bank Arena,Jonesboro,AR,
20578,2021-12-19,14:00,2022,regular,,final,Harvard,Holy Cross,107,111,62,54,,Ivy,Patriot,,,Lavietes Pavilion,Cambridge,MA,
20579,2021-12-19,14:00,2022,regular,,final,Monmouth,Colgate,178,55,77,66,,Metro,Patriot,,,OceanFirst Bank Center,West Long Branch,NJ,Gotham Classic - Campus Game
20580,2021-12-19,14:00,2022,regular,,final,Bowling Green,Robert Morris,28,244,100,74,,MAC,Horizon,,,Stroh Center,Bowling Green,OH,
20581,2021-12-19,14:00,2022,regular,,final,UIC,Northern Illinois,315,208,61,60,,Horizon,MAC,,,Credit Union 1 Arena,Chicago,IL,
20602,2021-12-19,14:00,2022,regular,,cancelled,Loyola Chicago,Norfolk State,151,196,0,0,,MVC,MEAC,,,Gentile Arena,Chicago,IL,
20603,2021-12-19,14:00,2022,regular,,cancelled,Rhode Island,Charleston,240,46,0,0,1,A-10,CAA,,,Entertainment & Sports Arena,Washington,DC,DC Holiday Hoops Fest
20582,2021-12-19,15:00,2022,regular,,final,Drake,UT Martin,70,325,80,54,,MVC,OVC,,,Knapp Center,Des Moines,IA,
20583,2021-12-19,15:00,2022,regular,,final,Stanford,Texas,281,295,53,60,1,Pac-12,Big 12,,,T-Mobile Arena,Las Vegas,NV,Pac-12 Coast-to-Coast Challenge
20584,2021-12-19,15:00,2022,regular,,final,Middle Tennessee,Coastal Carolina,171,54,84,80,,CUSA,Sun Belt,,,Murphy Center,Murfreesboro,TN,
20585,2021-12-19,15:00,2022,regular,,final,Oklahoma,UT Arlington,217,324,70,50,,Big 12,Sun Belt,,,Lloyd Noble Center,Norman,OK,
20586,2021-12-19,15:00,2022,regular,,final,New Mexico,SMU,191,248,72,90,,Mountain West,American,,,The Pit,Albuquerque,NM,
20587,2021-12-19,15:00,2022,regular,,final,Pacific,UC Davis,225,307,67,77,,WCC,Big West,,,Alex G. Spanos Center,Stockton,CA,
20604,2021-12-19,15:00,2022,regular,,cancelled,Rice,St. Thomas (TX),241,779,0,0,,CUSA,,,,Tudor Fieldhouse,Houston,TX,
20588,2021-12-19,16:00,2022,regular,,final,California,Dartmouth,40,62,61,55,,Pac-12,Ivy,,,Haas Pavilion,Berkeley,CA,
20589,2021-12-19,16:00,2022,regular,,final,Richmond,Old Dominion,242,219,67,61,,A-10,CUSA,,,Robins Center,Richmond,VA,
20590,2021-12-19,16:00,2022,regular,,final,Abilene Christian,Howard Payne,1,559,112,41,,UAC,,,,Teague Center,Abilene,TX,
20591,2021-12-19,16:00,2022,regular,,final,Montana State,Portland,180,230,61,59,,Big Sky,WCC,,,Worthington Arena,Bozeman,MT,
20592,2021-12-19,17:00,2022,regular,,final,Lipscomb,Tennessee Wesleyan,143,784,98,64,,ASUN,,,,Allen Arena,Nashville,TN,
20593,2021-12-19,17:00,2022,regular,,final,Santa Clara,Montana,261,179,79,64,,WCC,Big Sky,,,Leavey Center,Santa Clara,CA,
20605,2021-12-19,17:00,2022,regular,,cancelled,UC Riverside,Sacramento State,309,249,0,0,,Big West,Big Sky,,,SRC Arena,Riverside,CA,
20594,2021-12-19,17:30,2022,regular,,final,Kent State,Southern,134,274,76,78,,MAC,SWAC,,,M.A.C. Center,Kent,OH,
20606,2021-12-19,17:30,2022,regular,,cancelled,Cornell,Bryant,60,31,0,0,,Ivy,NEC,,,Newman Arena,Ithaca,NY,
20595,2021-12-19,18:00,2022,regular,,final,Boise State,Montana Tech,25,764,88,57,,Mountain West,,,,ExtraMile Arena,Boise,ID,
20596,2021-12-19,18:00,2022,regular,,final,Nebraska,Kansas State,188,132,58,67,,Big Ten,Big 12,,,Pinnacle Bank Arena,Lincoln,NE,
20597,2021-12-19,18:00,2022,regular,,final,Arizona State,San Francisco,10,259,65,66,,Pac-12,WCC,,,Desert Financial Arena,Tempe,AZ,
20598,2021-12-19,22:00,2022,regular,,final,UC Santa Barbara,Florida A&M,311,85,73,62,,Big West,SWAC,,,The Thunderdome,Santa Barbara,CA,
20610,2021-12-20,13:00,2022,regular,,final,Central Arkansas,Hendrix College,43,873,90,56,,ASUN,,,,Farris Center,Conway,AR,
20611,2021-12-20,17:00,2022,regular,,final,The Citadel,South Carolina State,299,267,57,74,,SoCon,MEAC,,,McAlister Field House,Charleston,SC,The Citadel Classic
20612,2021-12-20,17:00,2022,regular,,final,Indiana State,Oakland City,122,855,78,69,,MVC,,,,Hulman Center,Terre Haute,IN,
20607,2021-12-20,19:00,2022,regular,,final,Baylor,Alcorn State,20,7,94,57,,Big 12,SWAC,,,Ferrell Center,Waco,TX,
20608,2021-12-20,19:00,2022,regular,,final,Purdue,Incarnate Word,236,120,79,59,,Big Ten,Southland,,,Mackey Arena,West Lafayette,IN,
20613,2021-12-20,19:00,2022,regular,,final,Rider,Gwynedd-Mercy,243,645,82,57,,Metro,,,,Alumni Gymnasium (Rider),Lawrenceville,NJ,
20614,2021-12-20,19:00,2022,regular,,final,Wagner,Delaware State,341,67,93,51,,NEC,MEAC,,,Spiro Sports Center,Staten Island,NY,
20615,2021-12-20,19:00,2022,regular,,final,Charlotte,Maryland Eastern Shore,48,159,70,54,,CUSA,MEAC,,,Halton Arena,Charlotte,NC,
20616,2021-12-20,19:00,2022,regular,,final,Northwestern,Illinois-Springfield,212,985,90,50,,Big Ten,,,,Welsh-Ryan Arena,Evanston,IL,
20617,2021-12-20,19:00,2022,regular,,final,Georgia,Western Carolina,98,348,85,79,,SEC,SoCon,,,Stegeman Coliseum,Athens,GA,
20618,2021-12-20,19:00,2022,regular,,final,Miami,Stetson,168,283,82,72,,ACC,ASUN,,,Watsco Center,Coral Gables,FL,Hall of Fame Invitational - Campus Game
20619,2021-12-20,19:00,2022,regular,,final,Valparaiso,Eastern Michigan,335,79,67,55,,MVC,MAC,,,Athletics-Recreation Center,Valparaiso,IN,
20629,2021-12-20,19:00,2022,regular,,cancelled,Florida International,Albany St (GA),89,916,0,0,,CUSA,,,,Ocean Bank Convocation Center,Miami,FL,
20630,2021-12-20,19:00,2022,regular,,cancelled,Akron,Radford,3,239,0,0,,MAC,Big South,,,James A. Rhodes Arena,Akron,OH,
20620,2021-12-20,19:15,2022,regular,,final,Charleston Southern,Manhattan,47,155,75,99,1,Big South,Metro,,,McAlister Field House,Charleston,SC,The Citadel Classic
20621,2021-12-20,20:00,2022,regular,,final,Lamar,UL Monroe,139,316,77,80,,UAC,Sun Belt,,,Montagne Center,Beaumont,TX,
20622,2021-12-20,20:00,2022,regular,,final,South Dakota State,Kansas City,270,130,89,57,,Summit,Summit,,,Frost Arena,Brookings,SD,
20623,2021-12-20,20:00,2022,regular,,final,South Dakota,Oral Roberts,269,222,73,82,,Summit,Summit,,,Sanford Coyote Sports Center,Vermillion,SD,
20624,2021-12-20,20:00,2022,regular,,final,Omaha,St. Thomas-Minnesota,221,280,73,80,,Summit,Summit,,,Baxter Arena,Omaha,NE,
20625,2021-12-20,20:00,2022,regular,,final,Notre Dame,Western Michigan,213,351,85,52,,ACC,MAC,,,Purcell Pavilion,South Bend,IN,
20631,2021-12-20,20:00,2022,regular,,cancelled,Louisiana,Loyola New Orleans,148,650,0,0,,Sun Belt,,,,Cajundome,Lafayette,LA,
20628,2021-12-20,20:30,2022,regular,,scheduled,Seton Hall,St. John's,263,279,0,0,,Big East,Big East,,,Prudential Center,Newark,NJ,
20609,2021-12-20,21:00,2022,regular,,final,Gonzaga,Northern Arizona,102,206,95,49,,WCC,Big Sky,,,McCarthey Athletic Center,Spokane,WA,
20626,2021-12-20,21:00,2022,regular,,final,New Mexico State,Texas Permian Basin,192,1123,84,59,,UAC,,,,Pan American Center,Las Cruces,NM,
20627,2021-12-20,21:00,2022,regular,,final,Denver,Western Illinois,68,349,80,84,,Summit,Summit,,,Hamilton Gymnasium,Denver,CO,
20632,2021-12-20,22:00,2022,regular,,cancelled,San Diego,Long Beach State,258,145,0,0,,WCC,Big West,,,Jenny Craig Pavilion,San Diego,CA,
20637,2021-12-21,12:00,2022,regular,,final,Bowling Green,Carlow,28,1031,129,50,,MAC,,,,Stroh Center,Bowling Green,OH,
20638,2021-12-21,12:00,2022,regular,,final,Ohio,South Carolina Upstate,215,268,85,70,,MAC,Big South,,,Convocation Center (OH),Athens,OH,
20639,2021-12-21,12:00,2022,regular,,final,East Carolina,Southern Miss,74,275,68,67,,American,CUSA,,,Minges Coliseum,Greenville,NC,
20640,2021-12-21,13:00,2022,regular,,final,Tennessee State,Campbellsville-Harrodsburg,290,746,108,66,,OVC,,,,Gentry Center,Nashville,TN,
20641,2021-12-21,14:00,2022,regular,,final,Miami (OH),Spalding,167,831,80,56,,MAC,,,,Millett Hall,Oxford,OH,
20642,2021-12-21,14:00,2022,regular,,final,Pittsburgh,Jacksonville,229,127,64,55,,ACC,ASUN,,,Petersen Events Center,Pittsburgh,PA,
20643,2021-12-21,15:00,2022,regular,,final,Illinois State,UTSA,119,328,81,64,,MVC,CUSA,,,CEFCU Arena,Normal,IL,
20644,2021-12-21,15:00,2022,regular,,final,Little Rock,Jacksonville State,144,128,67,87,,Sun Belt,ASUN,,,Jack Stephens Center,Little Rock,AR,
20691,2021-12-21,15:00,2022,regular,,cancelled,Stephen F. Austin,Jackson State,282,126,0,0,,UAC,SWAC,,,William R. Johnson Coliseum,Nacogdoches,TX,
20645,2021-12-21,16:00,2022,regular,,final,Ole Miss,Samford,220,256,73,75,,SEC,SoCon,,,The Sandy and John Black Pavilion at Ole Miss,Oxford,MS,
20692,2021-12-21,16:00,2022,regular,,cancelled,La Salle,Drexel,137,71,0,0,,A-10,CAA,,,Tom Gola Arena,Philadelphia,PA,
20646,2021-12-21,17:00,2022,regular,,final,Cal State Bakersfield,Dartmouth,36,62,61,57,,Big West,Ivy,,,Icardo Center,Bakersfield,CA,
20647,2021-12-21,17:00,2022,regular,,final,Arkansas State,Lyon,13,880,88,66,,Sun Belt,,,,First National Bank Arena,Jonesboro,AR,
20648,2021-12-21,17:00,2022,regular,,final,North Carolina A&T,Mid-Atlantic Christian,198,516,88,63,,Big South,,,,Corbett Sports Center,Greensboro,NC,
20649,2021-12-21,17:00,2022,regular,,final,Charleston Southern,South Carolina State,47,267,65,75,1,Big South,MEAC,,,McAlister Field House,Charleston,SC,The Citadel Classic
20650,2021-12-21,17:00,2022,regular,,final,Maine,Merrimack,154,166,47,49,,Am. East,NEC,,,Cross Insurance Center,Bangor,ME,
20693,2021-12-21,17:00,2022,regular,,cancelled,Arizona State,Florida A&M,10,85,0,0,,Pac-12,SWAC,,,Desert Financial Arena,Tempe,AZ,
20651,2021-12-21,18:00,2022,regular,,final,Texas A&M,Northwestern State,293,211,80,61,,SEC,Southland,,,Reed Arena,College Station,TX,
20694,2021-12-21,18:00,2022,regular,,cancelled,Kent State,UT Martin,134,325,0,0,,MAC,OVC,,,M.A.C. Center,Kent,OH,
20695,2021-12-21,18:00,2022,regular,,cancelled,Long Island University,UMass Lowell,146,318,0,0,,NEC,Am. East,,,Steinberg Wellness Center,Brooklyn,NY,
20696,2021-12-21,18:00,2022,regular,,cancelled,Morgan State,James Madison,182,129,0,0,,MEAC,CAA,,,Hill Field House,Baltimore,MD,
20652,2021-12-21,18:30,2022,regular,,final,UNC Asheville,Milligan,319,786,114,54,,Big South,,,,Kimmel Arena,Asheville,NC,
20697,2021-12-21,18:30,2022,regular,,cancelled,Tulsa,North Texas,304,204,0,0,1,American,CUSA,,,Paycom Center,Oklahoma City,OK,
20633,2021-12-21,19:00,2022,regular,,final,Iowa State,Chicago State,125,50,79,48,,Big 12,UAC,,,Hilton Coliseum,Ames,IA,
20634,2021-12-21,19:00,2022,regular,,final,Alabama,Davidson,5,63,78,79,1,SEC,A-10,,,Legacy Arena at BJCC,Birmingham,AL,
20636,2021-12-21,19:00,2022,regular,,final,Villanova,Xavier,338,359,71,58,,Big East,Big East,,,Finneran Pavilion,Villanova,PA,
20653,2021-12-21,19:00,2022,regular,,final,Princeton,Kean,234,825,100,59,,Ivy,,,,Jadwin Gymnasium,Princeton,NJ,
20654,2021-12-21,19:00,2022,regular,,final,IU Indianapolis,Morehead State,115,181,52,80,,Horizon,OVC,,,Corteva Coliseum,Indianapolis,IN,
20655,2021-12-21,19:00,2022,regular,,final,Furman,Presbyterian,93,233,75,61,,SoCon,Big South,,,Timmons Arena,Greenville,SC,
20656,2021-12-21,19:00,2022,regular,,final,High Point,Florida Atlantic,109,86,55,52,,Big South,CUSA,,,Qubein Center,High Point,NC,
20657,2021-12-21,19:00,2022,regular,,final,Utah,Fresno State,331,92,55,50,,Pac-12,Mountain West,,,Jon M. Huntsman Center,Salt Lake City,UT,
20658,2021-12-21,19:00,2022,regular,,final,Mississippi State,Winthrop,174,354,84,63,1,SEC,Big South,,,Mississippi Coliseum,Jackson,MS,
20659,2021-12-21,19:00,2022,regular,,final,Arkansas,Elon,12,81,81,55,,SEC,CAA,,,Bud Walton Arena,Fayetteville,AR,
20660,2021-12-21,19:00,2022,regular,,final,Cincinnati,Tennessee Tech,51,291,76,67,,American,OVC,,,Fifth Third Arena,Cincinnati,OH,
20661,2021-12-21,19:00,2022,regular,,final,George Mason,American University,95,8,67,44,,A-10,Patriot,,,EagleBank Arena,Fairfax,VA,
20662,2021-12-21,19:00,2022,regular,,final,Sam Houston,Bradley,255,29,61,87,1,UAC,MVC,,,Don Haskins Center,El Paso,TX,Sun Bowl Invitational
20663,2021-12-21,19:00,2022,regular,,final,Harvard,Howard,107,114,77,69,,Ivy,MEAC,,,Lavietes Pavilion,Cambridge,MA,
20664,2021-12-21,19:00,2022,regular,,final,Dayton,Southern,64,274,69,60,,A-10,SWAC,,,UD Arena,Dayton,OH,
20665,2021-12-21,19:00,2022,regular,,final,Lehigh,UAlbany,141,306,52,68,,Patriot,Am. East,,,Stabler Arena,Bethlehem,PA,
20666,2021-12-21,19:00,2022,regular,,final,NC State,Wright State,185,357,70,84,,ACC,Horizon,,,Lenovo Center,Raleigh,NC,
20667,2021-12-21,19:00,2022,regular,,final,North Carolina,App State,200,9,70,50,,ACC,Sun Belt,,,Dean E. Smith Center,Chapel Hill,NC,
20668,2021-12-21,19:00,2022,regular,,final,Bellarmine,Loyola Marymount,21,153,57,71,,ASUN,WCC,,,Freedom Hall (KY),Louisville,KY,
20669,2021-12-21,19:00,2022,regular,,final,The Citadel,Manhattan,299,155,74,77,,SoCon,Metro,,,McAlister Field House,Charleston,SC,The Citadel Classic
20670,2021-12-21,19:00,2022,regular,,final,Toledo,Marshall,300,158,95,63,,MAC,CUSA,,,Savage Arena,Toledo,OH,
20671,2021-12-21,19:00,2022,regular,,final,Ball State,Eastern Illinois,19,77,75,55,,MAC,OVC,,,Worthen Arena,Muncie,IN,
20698,2021-12-21,19:00,2022,regular,,cancelled,UNC Greensboro,Johnson & Wales (NC),320,881,0,0,,SoCon,,,,First Horizon Coliseum,Greensboro,NC,
20699,2021-12-21,19:00,2022,regular,,cancelled,Loyola Maryland,Goucher,152,1057,0,0,,Patriot,,,,Reitz Arena,Baltimore,MD,
20700,2021-12-21,19:00,2022,regular,,cancelled,Michigan,Purdue Fort Wayne,170,237,0,0,,Big Ten,Horizon,,,Crisler Center,Ann Arbor,MI,
20701,2021-12-21,19:00,2022,regular,,cancelled,SMU,Evansville,248,82,0,0,,American,MVC,,,Moody Coliseum,Dallas,TX,
20702,2021-12-21,19:00,2022,regular,,cancelled,Florida International,Houston Christian,89,112,0,0,,CUSA,Southland,,,Ocean Bank Convocation Center,Miami,FL,
20703,2021-12-21,19:00,2022,regular,,cancelled,VCU,New Hampshire,333,190,0,0,,A-10,Am. East,,,Siegel Center,Richmond,VA,
20704,2021-12-21,19:00,2022,regular,,scheduled,Florida State,North Florida,90,203,0,0,,ACC,ASUN,,,Tucker Center,Tallahassee,FL,
20705,2021-12-21,19:00,2022,regular,,cancelled,Binghamton,Niagara,24,194,0,0,,Am. East,Metro,,,Events Center (Binghamton),Binghamton,NY,
20706,2021-12-21,19:00,2022,regular,,cancelled,Buffalo,UC Irvine,33,308,0,0,,MAC,Big West,,,Alumni Arena,Buffalo,NY,
20635,2021-12-21,19:30,2022,regular,,final,Oakland,Michigan State,214,169,78,90,1,Horizon,Big Ten,,,Little Caesars Arena,Detroit,MI,
20672,2021-12-21,19:30,2022,regular,,final,Iona,Delaware,123,66,83,72,1,Metro,CAA,,,UBS Arena,Elmont,NY,
20673,2021-12-21,20:00,2022,regular,,final,South Alabama,SIU Edwardsville,265,247,84,69,,Sun Belt,OVC,,,Mitchell Center,Mobile,AL,
20674,2021-12-21,20:00,2022,regular,,final,Northern Colorado,Northern New Mexico,207,720,90,54,,Big Sky,,,,Bank of Colorado Arena,Greeley,CO,
20675,2021-12-21,20:00,2022,regular,,final,Tarleton State,Air Force,288,2,67,45,,UAC,Mountain West,,,Wisdom Gym,Stephenville,TX,
20676,2021-12-21,20:00,2022,regular,,final,TCU,Grambling,287,103,90,55,,Big 12,SWAC,,,Schollmaier Arena,Fort Worth,TX,
20677,2021-12-21,20:00,2022,regular,,final,Iowa,SE Louisiana,124,246,93,62,,Big Ten,Southland,,,Carver-Hawkeye Arena,Iowa City,IA,
20678,2021-12-21,20:00,2022,regular,,final,Kansas State,McNeese,132,162,74,59,,Big 12,Southland,,,Bramlage Coliseum,Manhattan,KS,
20707,2021-12-21,20:00,2022,regular,,cancelled,Memphis,Alabama State,163,6,0,0,,American,SWAC,,,FedExForum,Memphis,TN,
20708,2021-12-21,20:00,2022,regular,,cancelled,Tulane,New Orleans,303,193,0,0,,American,Southland,,,Devlin Fieldhouse,New Orleans,LA,
20709,2021-12-21,20:00,2022,regular,,cancelled,UT Rio Grande Valley,Southwestern Adventist,326,783,0,0,,UAC,,,,UTRGV Fieldhouse,Edinburg,TX,
20679,2021-12-21,21:00,2022,regular,,final,Marquette,UConn,157,314,70,78,,Big East,Big East,,,Fiserv Forum,Milwaukee,WI,
20680,2021-12-21,21:00,2022,regular,,final,Utah State,Portland State,329,231,81,62,,Mountain West,Big Sky,,,Dee Glen Smith Spectrum,Logan,UT,
20681,2021-12-21,21:00,2022,regular,,final,UTEP,North Carolina Central,327,199,70,61,,CUSA,MEAC,,,Don Haskins Center,El Paso,TX,Sun Bowl Invitational
20682,2021-12-21,21:00,2022,regular,,final,New Mexico,Norfolk State,191,196,68,54,,Mountain West,MEAC,,,The Pit,Albuquerque,NM,
20683,2021-12-21,21:00,2022,regular,,final,Washington,Utah Valley,343,332,52,68,,Pac-12,UAC,,,Alaska Airlines Arena,Seattle,WA,
20684,2021-12-21,21:00,2022,regular,,final,Oregon,Pepperdine,223,228,68,59,,Pac-12,WCC,,,Matthew Knight Arena,Eugene,OR,
20685,2021-12-21,21:00,2022,regular,,final,Georgia Tech,Georgia State,101,100,72,62,,ACC,Sun Belt,,,McCamish Pavilion,Atlanta,GA,
20689,2021-12-21,21:00,2022,regular,,cancelled,Colorado,Kansas,56,131,0,0,,Pac-12,Big 12,,,CU Events Center,Boulder,CO,
20690,2021-12-21,21:00,2022,regular,,cancelled,Oklahoma State,USC,218,323,0,0,1,Big 12,Pac-12,,,Paycom Center,Oklahoma City,OK,
20710,2021-12-21,21:00,2022,regular,,scheduled,Syracuse,Cornell,286,60,0,0,,ACC,Ivy,,,JMA Wireless Dome,Syracuse,NY,
20686,2021-12-21,22:00,2022,regular,,final,California Baptist,Southeast Missouri State,39,272,84,68,,UAC,OVC,,,Dale E. and Sarah Ann Fowler Events Center,Riverside,CA,
20687,2021-12-21,22:00,2022,regular,,final,San José State,Santa Clara,260,261,57,79,,Mountain West,WCC,,,Provident Credit Union Event Center,San Jose,CA,
20711,2021-12-21,22:00,2022,regular,,cancelled,Nevada,Grand Canyon,189,104,0,0,,Mountain West,UAC,,,Lawlor Events Center,Reno,NV,
20688,2021-12-21,23:00,2022,regular,,final,Oregon State,Nicholls,224,195,83,61,,Pac-12,Southland,,,Gill Coliseum,Corvallis,OR,
20720,2021-12-22,11:00,2022,regular,,final,Sacred Heart,Hartford,250,363,71,78,,NEC,Am. East,,,William H. Pitt Center,Fairfield,CT,
20781,2021-12-22,11:00,2022,regular,,cancelled,Bryant,Eastern Kentucky,31,78,0,0,,NEC,ASUN,,,Chace Athletic Center,Smithfield,RI,
20721,2021-12-22,12:00,2022,regular,,final,UNC Wilmington,Campbell,321,41,65,58,,CAA,Big South,,,Trask Coliseum,Wilmington,NC,
20782,2021-12-22,12:00,2022,regular,,cancelled,Northeastern,St. Bonaventure,205,277,0,0,,CAA,A-10,,,Matthews Arena,Boston,MA,
20783,2021-12-22,12:00,2022,regular,,cancelled,George Washington,Maryland Eastern Shore,96,159,0,0,,A-10,MEAC,,,Charles E. Smith Center,Washington,DC,
20722,2021-12-22,13:00,2022,regular,,final,Davidson,Johnson & Wales (NC),63,881,106,64,,A-10,,,,John M. Belk Arena,Davidson,NC,
20723,2021-12-22,13:00,2022,regular,,final,Valparaiso,William & Mary,335,353,88,66,,MVC,CAA,,,Athletics-Recreation Center,Valparaiso,IN,
20724,2021-12-22,13:00,2022,regular,,final,Navy,Towson,187,301,52,69,,Patriot,CAA,,,Alumni Hall (Navy),Annapolis,MD,
20725,2021-12-22,13:00,2022,regular,,final,Notre Dame,Texas A&M-Corpus Christi,213,294,83,73,,ACC,Southland,,,Purcell Pavilion,South Bend,IN,
20784,2021-12-22,13:00,2022,regular,,cancelled,Massachusetts,NJIT,161,186,0,0,,A-10,Am. East,,,Mullins Center,Amherst,MA,
20716,2021-12-22,14:00,2022,regular,,final,Texas,Alabama State,295,6,68,48,,Big 12,SWAC,,,Frank Erwin Center,Austin,TX,
20719,2021-12-22,14:00,2022,regular,,final,Texas Tech,Eastern Washington,298,80,78,46,,Big 12,Big Sky,,,United Supermarkets Arena,Lubbock,TX,
20726,2021-12-22,14:00,2022,regular,,final,Stetson,Piedmont,283,503,97,53,,ASUN,,,,Edmunds Center,DeLand,FL,
20727,2021-12-22,14:00,2022,regular,,final,Vermont,Colgate,337,55,78,68,,Am. East,Patriot,,,Patrick Gymnasium,Burlington,VT,
20728,2021-12-22,14:00,2022,regular,,final,Florida,Stony Brook,87,285,87,62,,SEC,Am. East,,,Stephen C. O'Connell Center,Gainesville,FL,
20785,2021-12-22,14:00,2022,regular,,cancelled,UC Riverside,Idaho,309,117,0,0,,Big West,Big Sky,,,SRC Arena,Riverside,CA,
20729,2021-12-22,14:30,2022,regular,,final,Temple,Delaware State,289,67,85,48,,American,MEAC,,,Liacouras Center,Philadelphia,PA,
20730,2021-12-22,15:00,2022,regular,,final,South Carolina,Army,266,15,105,75,,SEC,Patriot,,,Colonial Life Arena,Columbia,SC,
20731,2021-12-22,15:00,2022,regular,,final,Northern Iowa,Liberty,209,142,74,76,1,MVC,ASUN,,,Stan Sheriff Center,Honolulu,HI,Hawaiian Airlines Diamond Head Classic
20786,2021-12-22,15:00,2022,regular,,cancelled,Duquesne,Wofford,73,356,0,0,,A-10,SoCon,,,UPMC Cooper Fieldhouse,Pittsburgh,PA,
20787,2021-12-22,15:00,2022,regular,,cancelled,Fairleigh Dickinson,Saint Peter's,84,254,0,0,,NEC,Metro,,,Bogota Savings Bank Center,Hackensack,NJ,
20732,2021-12-22,16:00,2022,regular,,final,UC Santa Barbara,Idaho State,311,116,56,43,,Big West,Big Sky,,,The Thunderdome,Santa Barbara,CA,
20733,2021-12-22,16:00,2022,regular,,final,Richmond,Bucknell,242,32,81,50,,A-10,Patriot,,,Robins Center,Richmond,VA,
20734,2021-12-22,16:00,2022,regular,,final,Denver,St. Thomas-Minnesota,68,280,75,74,,Summit,Summit,,,Hamilton Gymnasium,Denver,CO,
20788,2021-12-22,16:00,2022,regular,,cancelled,Hampton,VMI,106,334,0,0,,Big South,SoCon,,,Convocation Center (VA),Hampton,VA,
20789,2021-12-22,16:00,2022,regular,,cancelled,Fordham,Georgia Southern,91,99,0,0,,A-10,Sun Belt,,,Rose Hill Gym,Bronx,NY,
20735,2021-12-22,17:00,2022,regular,,final,Cal State Northridge,Bethesda University,38,592,80,82,,Big West,,,,Premier America Credit Union Arena,Northridge,CA,
20736,2021-12-22,17:00,2022,regular,,final,Louisiana Tech,Crowley's Ridge,149,660,99,56,,CUSA,,,,Thomas Assembly Center,Ruston,LA,
20737,2021-12-22,17:00,2022,regular,,final,Seattle U,Northwest University,262,566,100,68,,UAC,,,,Redhawk Center,Seattle,WA,
20738,2021-12-22,17:00,2022,regular,,final,Charlotte,Western Carolina,48,348,98,82,,CUSA,SoCon,,,Halton Arena,Charlotte,NC,
20739,2021-12-22,17:00,2022,regular,,final,Minnesota,Green Bay,173,105,72,56,,Big Ten,Horizon,,,Williams Arena,Minneapolis,MN,
20740,2021-12-22,17:00,2022,regular,,final,UC Davis,Portland,307,230,60,65,,Big West,WCC,,,University Credit Union Center,Davis,CA,
20741,2021-12-22,17:00,2022,regular,,final,San Francisco,Southern Illinois,259,273,64,52,,WCC,MVC,,,The Sobrato Center,San Francisco,CA,
20790,2021-12-22,17:00,2022,regular,,cancelled,Penn State,Quinnipiac,226,238,0,0,,Big Ten,Metro,,,Bryce Jordan Center,University Park,PA,
20742,2021-12-22,17:30,2022,regular,,final,Stanford,Wyoming,281,358,66,63,1,Pac-12,Mountain West,,,Stan Sheriff Center,Honolulu,HI,Hawaiian Airlines Diamond Head Classic
20714,2021-12-22,18:00,2022,regular,,final,Auburn,Murray State,16,184,71,58,,SEC,OVC,,,Neville Arena,Auburn,AL,
20718,2021-12-22,18:00,2022,regular,,final,Kentucky,Western Kentucky,135,350,95,60,,SEC,CUSA,,,Rupp Arena,Lexington,KY,
20743,2021-12-22,18:00,2022,regular,,final,Drake,Chicago State,70,50,87,50,,MVC,UAC,,,Knapp Center,Des Moines,IA,
20744,2021-12-22,18:00,2022,regular,,final,Mercer,Troy,164,302,65,69,,SoCon,Sun Belt,,,Hawkins Arena,Macon,GA,
20745,2021-12-22,18:00,2022,regular,,final,West Virginia,Youngstown State,347,361,82,52,,Big 12,Horizon,,,WVU Coliseum,Morgantown,WV,
20746,2021-12-22,18:00,2022,regular,,final,California,Pacific,40,225,73,53,,Pac-12,WCC,,,Haas Pavilion,Berkeley,CA,
20791,2021-12-22,18:00,2022,regular,,cancelled,Saint Joseph's,Holy Cross,251,111,0,0,,A-10,Patriot,,,Michael J. Hagan '85 Arena,Philadelphia,PA,
20792,2021-12-22,18:00,2022,regular,,scheduled,Wake Forest,Boston College,342,26,0,0,,ACC,ACC,,,LJVM Coliseum,Winston-Salem,NC,
20780,2021-12-22,18:30,2022,regular,,scheduled,Providence,Georgetown,235,97,0,0,,Big East,Big East,,,Amica Mutual Pavilion,Providence,RI,
20713,2021-12-22,19:00,2022,regular,,final,Tennessee,Arizona,292,11,77,73,,SEC,Pac-12,,,Food City Center,Knoxville,TN,
20747,2021-12-22,19:00,2022,regular,,final,Canisius,Florida Gulf Coast,42,88,97,90,,Metro,ASUN,,,Koessler Athletic Center,Buffalo,NY,
20748,2021-12-22,19:00,2022,regular,,final,North Carolina Central,Sam Houston,199,255,51,68,1,MEAC,UAC,,,Don Haskins Center,El Paso,TX,Sun Bowl Invitational
20749,2021-12-22,19:00,2022,regular,,final,Lafayette,Gwynedd-Mercy,138,645,87,66,,Patriot,,,,Kirby Sports Center,Easton,PA,
20750,2021-12-22,19:00,2022,regular,,final,Chattanooga,Middle Tennessee,49,171,77,65,,SoCon,CUSA,,,McKenzie Arena,Chattanooga,TN,
20751,2021-12-22,19:00,2022,regular,,final,St. Francis (PA),Robert Morris,278,244,67,75,,NEC,Horizon,,,DeGol Arena,Loretto,PA,
20752,2021-12-22,19:00,2022,regular,,final,Old Dominion,Charleston,219,46,80,82,,CUSA,CAA,,,Chartway Arena,Norfolk,VA,
20753,2021-12-22,19:00,2022,regular,,final,Indiana,Northern Kentucky,121,210,79,61,,Big Ten,Horizon,,,Simon Skjodt Assembly Hall,Bloomington,IN,
20754,2021-12-22,19:00,2022,regular,,final,Wichita State,Prairie View A&M,352,232,102,66,,American,SWAC,,,Charles Koch Arena,Wichita,KS,
20755,2021-12-22,19:00,2022,regular,,final,UCF,North Alabama,312,197,75,64,,American,ASUN,,,Addition Financial Arena,Orlando,FL,
20756,2021-12-22,19:00,2022,regular,,final,Georgia,East Tennessee State,98,75,84,86,,SEC,SoCon,,,Stegeman Coliseum,Athens,GA,
20757,2021-12-22,19:00,2022,regular,,final,Virginia,Clemson,339,52,50,67,,ACC,ACC,,,John Paul Jones Arena,Charlottesville,VA,
20758,2021-12-22,19:00,2022,regular,,final,Marist,Bethune-Cookman,156,23,68,45,,Metro,SWAC,,,McCann Arena,Poughkeepsie,NY,
20759,2021-12-22,19:00,2022,regular,,final,Monmouth,Hofstra,178,110,71,77,,Metro,CAA,,,OceanFirst Bank Center,West Long Branch,NJ,
20793,2021-12-22,19:00,2022,regular,,cancelled,Mount St. Mary's,UMBC,183,317,0,0,,NEC,Am. East,,,Knott Arena,Emmitsburg,MD,
20794,2021-12-22,19:00,2022,regular,,cancelled,Rhode Island,Brown,240,30,0,0,,A-10,Ivy,,,Thomas M. Ryan Center,Kingston,RI,
20760,2021-12-22,19:30,2022,regular,,final,UAB,Mississippi Valley State,305,175,100,58,,CUSA,SWAC,,,Bartow Arena,Birmingham,AL,
20761,2021-12-22,19:30,2022,regular,,final,Nebraska,Kennesaw State,188,133,88,74,,Big Ten,ASUN,,,Pinnacle Bank Arena,Lincoln,NE,
20715,2021-12-22,20:00,2022,regular,,final,Houston,Texas State,113,297,80,47,,American,Sun Belt,,,Fertitta Center,Houston,TX,
20717,2021-12-22,20:00,2022,regular,,final,LSU,Lipscomb,136,143,95,60,,SEC,ASUN,,,Pete Maravich Assembly Center,Baton Rouge,LA,
20762,2021-12-22,20:00,2022,regular,,final,UT Arlington,Howard Payne,324,559,95,46,,Sun Belt,,,,College Park Center,Arlington,TX,
20763,2021-12-22,20:00,2022,regular,,final,Washington State,Boise State,344,25,52,58,,Pac-12,Mountain West,,,Spokane Arena,Spokane,WA,
20764,2021-12-22,20:00,2022,regular,,final,Oklahoma,Alcorn State,217,7,72,48,,Big 12,SWAC,,,Lloyd Noble Center,Norman,OK,
20765,2021-12-22,20:00,2022,regular,,final,Abilene Christian,Longwood,1,147,74,58,,UAC,Big South,,,Teague Center,Abilene,TX,
20766,2021-12-22,20:00,2022,regular,,final,North Dakota State,North Dakota,202,201,86,76,,Summit,Summit,,,Scheels Center,Fargo,ND,
20767,2021-12-22,20:00,2022,regular,,final,South Dakota State,Oral Roberts,270,222,82,76,,Summit,Summit,,,Frost Arena,Brookings,SD,
20768,2021-12-22,20:00,2022,regular,,final,Omaha,Western Illinois,221,349,84,78,,Summit,Summit,,,Baxter Arena,Omaha,NE,
20769,2021-12-22,20:00,2022,regular,,final,South Dakota,Kansas City,269,130,57,68,,Summit,Summit,,,Sanford Coyote Sports Center,Vermillion,SD,
20795,2021-12-22,20:00,2022,regular,,cancelled,UTSA,Our Lady Of The Lake,328,732,0,0,,CUSA,,,,UTSA Convocation Center,San Antonio,TX,
20796,2021-12-22,20:00,2022,regular,,cancelled,Northern Illinois,Indiana State,208,122,0,0,,MAC,MVC,,,NIU Convocation Center,Dekalb,IL,
20712,2021-12-22,21:00,2022,regular,,final,Duke,Virginia Tech,72,340,76,65,,ACC,ACC,,,Cameron Indoor Stadium,Durham,NC,
20770,2021-12-22,21:00,2022,regular,,final,Montana State,Nelson,180,618,124,73,,Big Sky,,,,Worthington Arena,Bozeman,MT,
20771,2021-12-22,21:00,2022,regular,,final,San Diego State,UC San Diego,257,310,78,57,,Mountain West,Big West,,,Viejas Arena,San Diego,CA,
20772,2021-12-22,21:00,2022,regular,,final,Illinois,Missouri,118,177,88,63,1,Big Ten,SEC,,,Enterprise Center,St. Louis,MO,
20773,2021-12-22,21:00,2022,regular,,final,Southern Utah,Utah Tech,276,330,87,59,,Big Sky,UAC,,,America First Events Center,Cedar City,UT,
20774,2021-12-22,21:23,2022,regular,,final,UTEP,Bradley,327,29,66,73,1,CUSA,MVC,,,Don Haskins Center,El Paso,TX,Sun Bowl Invitational
20775,2021-12-22,21:30,2022,regular,,final,South Florida,BYU,271,18,39,54,1,American,WCC,,,Stan Sheriff Center,Honolulu,HI,Hawaiian Airlines Diamond Head Classic
20776,2021-12-22,22:00,2022,regular,,final,UNLV,San Diego,322,258,80,57,,Mountain West,WCC,,,Thomas & Mack Center,Las Vegas,NV,
20777,2021-12-22,22:00,2022,regular,,final,Saint Mary's,Missouri State,253,176,75,58,,WCC,MVC,,,University Credit Union Pavilion,Moraga,CA,
20779,2021-12-22,22:00,2022,regular,,cancelled,UCLA,Cal Poly,313,35,0,0,,Pac-12,Big West,,,Pauley Pavilion,Los Angeles,CA,
20778,2021-12-22,23:59,2022,regular,,final,Hawai'i,Vanderbilt,108,336,54,68,,Big West,SEC,,,Stan Sheriff Center,Honolulu,HI,Hawaiian Airlines Diamond Head Classic
20807,2021-12-23,13:00,2022,regular,,cancelled,UMass Lowell,St. Francis Brooklyn,318,364,0,0,,Am. East,NEC,,,Costello Athletic Center,Lowell,MA,
20797,2021-12-23,14:00,2022,regular,,final,Milwaukee,St. Xavier  (IL),172,969,74,52,,Horizon,,,,UW-Milwaukee Panther Arena,Milwaukee,WI,
20798,2021-12-23,14:00,2022,regular,,final,Fairfield,Wagner,83,341,50,63,,Metro,NEC,,,Total Mortgage Arena,Bridgeport,CT,
20808,2021-12-23,14:00,2022,regular,,cancelled,Yale,Howard,360,114,0,0,,Ivy,MEAC,,,John J. Lee Amphitheater,New Haven,CT,
20799,2021-12-23,16:00,2022,regular,,final,Stanford,Liberty,281,142,79,76,1,Pac-12,ASUN,,,Stan Sheriff Center,Honolulu,HI,Hawaiian Airlines Diamond Head Classic
20800,2021-12-23,16:00,2022,regular,,final,Pepperdine,Westmont,228,907,96,69,,WCC,,,,Firestone Fieldhouse,Malibu,CA,
20801,2021-12-23,18:00,2022,regular,,final,Weber State,Fresno State,345,92,43,69,,Big Sky,Mountain West,,,Dee Events Center,Ogden,UT,
20809,2021-12-23,18:30,2022,regular,,scheduled,St. John's,Butler,279,34,0,0,,Big East,Big East,,,Carnesecca Arena,Queens,NY,
20802,2021-12-23,18:43,2022,regular,,final,Wyoming,Northern Iowa,358,209,71,69,1,Mountain West,MVC,,,Stan Sheriff Center,Honolulu,HI,Hawaiian Airlines Diamond Head Classic
20806,2021-12-23,19:00,2022,regular,,cancelled,Wisconsin,George Mason,355,95,0,0,,Big Ten,A-10,,,Kohl Center,Madison,WI,
20810,2021-12-23,19:00,2022,regular,,cancelled,Georgia Tech,Alabama A&M,101,4,0,0,,ACC,SWAC,,,McCamish Pavilion,Atlanta,GA,
20805,2021-12-23,20:30,2022,regular,,scheduled,DePaul,Seton Hall,65,263,0,0,,Big East,Big East,,,Wintrust Arena,Chicago,IL,
20811,2021-12-23,20:30,2022,regular,,scheduled,Rutgers,Central Connecticut,245,44,0,0,,Big Ten,NEC,,,Jersey Mike’s Arena,Piscataway,NJ,
20803,2021-12-23,22:00,2022,regular,,final,Vanderbilt,BYU,336,18,69,67,1,SEC,WCC,,,Stan Sheriff Center,Honolulu,HI,Hawaiian Airlines Diamond Head Classic
20804,2021-12-24,00:30,2022,regular,,final,Hawai'i,South Florida,108,271,69,76,,Big West,American,,,Stan Sheriff Center,Honolulu,HI,Hawaiian Airlines Diamond Head Classic
20812,2021-12-25,13:30,2022,regular,,final,South Florida,Wyoming,271,358,57,77,1,American,Mountain West,,,Stan Sheriff Center,Honolulu,HI,Hawaiian Airlines Diamond Head Classic
20814,2021-12-25,15:30,2022,regular,,cancelled,Hawai'i,Northern Iowa,108,209,0,0,,Big West,MVC,,,Stan Sheriff Center,Honolulu,HI,Hawaiian Airlines Diamond Head Classic
20813,2021-12-25,18:30,2022,regular,,final,BYU,Liberty,18,142,80,75,1,WCC,ASUN,,,Stan Sheriff Center,Honolulu,HI,Hawaiian Airlines Diamond Head Classic
20815,2021-12-25,20:30,2022,regular,,cancelled,Vanderbilt,Stanford,336,281,0,0,1,SEC,Pac-12,,,Stan Sheriff Center,Honolulu,HI,Hawaiian Airlines Diamond Head Classic
20818,2021-12-27,12:00,2022,regular,,cancelled,Morgan State,Penn State - Wilkes-Barre,182,546,0,0,,MEAC,,,,Hill Field House,Baltimore,MD,
20816,2021-12-27,18:00,2022,regular,,final,Syracuse,Brown,286,30,93,62,,ACC,Ivy,,,JMA Wireless Dome,Syracuse,NY,
20817,2021-12-27,20:00,2022,regular,,final,Texas A&M,Dallas Christian,293,534,102,52,,SEC,,,,Reed Arena,College Station,TX,
20822,2021-12-28,14:00,2022,regular,,final,Texas Tech,Alabama State,298,6,75,53,,Big 12,SWAC,,,United Supermarkets Arena,Lubbock,TX,
20836,2021-12-28,14:00,2022,regular,,cancelled,Saint Peter's,Connecticut College,254,1124,0,0,,Metro,,,,Yanitelli Center,Jersey City,NJ,
20837,2021-12-28,14:00,2022,regular,,cancelled,Cornell,Hartford,60,363,0,0,,Ivy,Am. East,,,Newman Arena,Ithaca,NY,
20838,2021-12-28,14:00,2022,regular,,cancelled,Pennsylvania,James Madison,227,129,0,0,,Ivy,CAA,,,The Palestra,Philadelphia,PA,
20839,2021-12-28,14:00,2022,regular,,cancelled,American University,Siena,8,264,0,0,,Patriot,Metro,,,Bender Arena,Washington,DC,
20840,2021-12-28,14:30,2022,regular,,scheduled,Oregon State,Sacramento State,224,249,0,0,,Pac-12,Big Sky,,,Gill Coliseum,Corvallis,OR,
20820,2021-12-28,17:00,2022,regular,,final,Gonzaga,North Alabama,102,197,93,63,,WCC,ASUN,,,McCarthey Athletic Center,Spokane,WA,
20833,2021-12-28,18:30,2022,regular,,cancelled,Ohio State,New Orleans,216,193,0,0,,Big Ten,Southland,,,Schottenstein Center,Columbus,OH,
20823,2021-12-28,19:00,2022,regular,,final,Jacksonville State,Carver College,128,1016,123,59,,ASUN,,,,Pete Mathews Coliseum,Jacksonville,AL,
20835,2021-12-28,19:00,2022,regular,,scheduled,Xavier,UConn,359,314,0,0,,Big East,Big East,,,Cintas Center,Cincinnati,OH,
20841,2021-12-28,19:00,2022,regular,,cancelled,Valparaiso,Prairie View A&M,335,232,0,0,,MVC,SWAC,,,Athletics-Recreation Center,Valparaiso,IN,
20842,2021-12-28,19:00,2022,regular,,scheduled,Ohio,Eastern Michigan,215,79,0,0,,MAC,MAC,,,Convocation Center (OH),Athens,OH,
20819,2021-12-28,20:00,2022,regular,,final,Baylor,Northwestern State,20,211,104,68,,Big 12,Southland,,,Ferrell Center,Waco,TX,
20824,2021-12-28,20:00,2022,regular,,final,Southern Illinois,Grambling,273,103,75,64,,MVC,SWAC,,,Banterra Center,Carbondale,IL,
20825,2021-12-28,20:00,2022,regular,,final,Drake,Mount Marty College,70,628,82,53,,MVC,,,,Knapp Center,Des Moines,IA,
20826,2021-12-28,20:00,2022,regular,,final,Pittsburgh,Notre Dame,229,213,67,68,,ACC,ACC,,,Petersen Events Center,Pittsburgh,PA,
20832,2021-12-28,20:00,2022,regular,,scheduled,Houston,Cincinnati,113,51,0,0,,American,American,,,Fertitta Center,Houston,TX,
20843,2021-12-28,20:00,2022,regular,,cancelled,North Texas,LSU Alexandria,204,531,0,0,,CUSA,,,,The Super Pit,Denton,TX,
20844,2021-12-28,20:00,2022,regular,,cancelled,Columbia,Maryland Eastern Shore,58,159,0,0,,Ivy,MEAC,,,Levien Gymnasium,New York,NY,
20821,2021-12-28,20:30,2022,regular,,final,Texas,Incarnate Word,295,120,78,33,,Big 12,Southland,,,Frank Erwin Center,Austin,TX,
20827,2021-12-28,20:30,2022,regular,,final,Maryland,Lehigh,160,141,76,55,,Big Ten,Patriot,,,XFINITY Center,College Park,MD,
20828,2021-12-28,21:00,2022,regular,,final,San Francisco,Academy of Art,259,1061,111,78,,WCC,,,,The Sobrato Center,San Francisco,CA,
20829,2021-12-28,21:00,2022,regular,,final,Boise State,Fresno State,25,92,65,55,,Mountain West,Mountain West,,,ExtraMile Arena,Boise,ID,
20845,2021-12-28,21:00,2022,regular,,cancelled,Long Beach State,Hope International,145,1125,0,0,,Big West,,,,Walter Pyramid,Long Beach,CA,
20846,2021-12-28,21:00,2022,regular,,cancelled,UC Davis,UC Riverside,307,309,0,0,,Big West,Big West,,,University Credit Union Center,Davis,CA,
20847,2021-12-28,21:00,2022,regular,,scheduled,Creighton,Georgetown,61,97,0,0,,Big East,Big East,,,CHI Health Center Omaha,Omaha,NE,
20830,2021-12-28,22:00,2022,regular,,final,California Baptist,La Verne,39,573,96,41,,UAC,,,,Dale E. and Sarah Ann Fowler Events Center,Riverside,CA,
20831,2021-12-28,22:00,2022,regular,,final,Saint Mary's,Yale,253,360,87,60,,WCC,Ivy,,,University Credit Union Pavilion,Moraga,CA,
20834,2021-12-28,23:00,2022,regular,,scheduled,New Mexico,Colorado State,191,57,0,0,,Mountain West,Mountain West,,,The Pit,Albuquerque,NM,
20890,2021-12-29,13:00,2022,regular,,cancelled,Dartmouth,New Hampshire,62,190,0,0,,Ivy,Am. East,,,Leede Arena,Hanover,NH,
20888,2021-12-29,14:00,2022,regular,,scheduled,Clemson,Duke,52,72,0,0,,ACC,ACC,,,Littlejohn Coliseum,Clemson,SC,
20891,2021-12-29,14:00,2022,regular,,cancelled,Jackson State,Southeastern Baptist College,126,1081,0,0,,SWAC,,,,Lee E. Williams Athletics and Assembly Center,Jackson,MS,
20850,2021-12-29,15:00,2022,regular,,final,Michigan State,High Point,169,109,81,68,,Big Ten,Big South,,,Breslin Center,East Lansing,MI,
20856,2021-12-29,15:00,2022,regular,,final,Air Force,Utah State,2,329,49,47,,Mountain West,Mountain West,,,Clune Arena,Colorado Springs,CO,
20892,2021-12-29,15:00,2022,regular,,cancelled,South Carolina,South Carolina State,266,267,0,0,,SEC,MEAC,,,Colonial Life Arena,Columbia,SC,
20857,2021-12-29,16:00,2022,regular,,final,Jacksonville,Carver College,127,1016,98,45,,ASUN,,,,Swisher Gymnasium,Jacksonville,FL,
20858,2021-12-29,16:00,2022,regular,,final,Buffalo,Miami (OH),33,167,81,91,,MAC,MAC,,,Alumni Arena,Buffalo,NY,
20893,2021-12-29,16:00,2022,regular,,cancelled,TCU,Texas Southern,287,296,0,0,,Big 12,SWAC,,,Schollmaier Arena,Fort Worth,TX,
20859,2021-12-29,16:30,2022,regular,,final,Kent State,Central Michigan,134,45,69,72,,MAC,MAC,,,M.A.C. Center,Kent,OH,
20848,2021-12-29,17:00,2022,regular,,final,Purdue,Nicholls,236,195,104,90,,Big Ten,Southland,,,Mackey Arena,West Lafayette,IN,
20860,2021-12-29,17:00,2022,regular,,final,Butler,DePaul,34,65,63,59,,Big East,Big East,,,Hinkle Fieldhouse,Indianapolis,IN,
20861,2021-12-29,17:00,2022,regular,,final,Mississippi State,Arkansas,174,12,81,68,,SEC,SEC,,,Humphrey Coliseum,Starkville,MS,
20894,2021-12-29,17:00,2022,regular,,scheduled,Boston College,Florida State,26,90,0,0,,ACC,ACC,,,Conte Forum,Chestnut Hill,MA,
20895,2021-12-29,17:00,2022,regular,,scheduled,Northern Illinois,Ball State,208,19,0,0,,MAC,MAC,,,NIU Convocation Center,Dekalb,IL,
20896,2021-12-29,17:00,2022,regular,,scheduled,Ole Miss,Florida,220,87,0,0,,SEC,SEC,,,The Sandy and John Black Pavilion at Ole Miss,Oxford,MS,
20862,2021-12-29,18:00,2022,regular,,final,Youngstown State,Defiance,361,509,96,56,,Horizon,,,,Beeghly Center,Youngstown,OH,
20897,2021-12-29,18:00,2022,regular,,cancelled,Penn State,Delaware State,226,67,0,0,,Big Ten,MEAC,,,Bryce Jordan Center,University Park,PA,
20898,2021-12-29,18:00,2022,regular,,scheduled,Charleston,Drexel,46,71,0,0,,CAA,CAA,,,TD Arena,Charleston,SC,
20863,2021-12-29,18:30,2022,regular,,final,Stony Brook,Farmingdale State,285,1126,87,57,,Am. East,,,,Island FCU Arena,Stony Brook,NY,
20851,2021-12-29,19:00,2022,regular,,final,Auburn,LSU,16,136,70,55,,SEC,SEC,,,Neville Arena,Auburn,AL,
20853,2021-12-29,19:00,2022,regular,,final,Providence,Seton Hall,235,263,70,65,,Big East,Big East,,,Amica Mutual Pavilion,Providence,RI,
20854,2021-12-29,19:00,2022,regular,,final,Kentucky,Missouri,135,177,83,56,,SEC,SEC,,,Rupp Arena,Lexington,KY,
20864,2021-12-29,19:00,2022,regular,,final,Syracuse,Cornell,286,60,80,68,,ACC,Ivy,,,JMA Wireless Dome,Syracuse,NY,
20865,2021-12-29,19:00,2022,regular,,final,Indiana State,Midway University,122,717,107,51,,MVC,,,,Hulman Center,Terre Haute,IN,
20866,2021-12-29,19:00,2022,regular,,final,Lehigh,Eastern University (PA),141,1127,70,63,,Patriot,,,,Stabler Arena,Bethlehem,PA,
20867,2021-12-29,19:00,2022,regular,,final,Morehead State,Eastern Illinois,181,77,63,50,,OVC,OVC,,,Ellis T. Johnson Arena,Morehead,KY,
20868,2021-12-29,19:00,2022,regular,,final,Georgia,Gardner-Webb,98,94,60,77,,SEC,Big South,,,Stegeman Coliseum,Athens,GA,
20869,2021-12-29,19:00,2022,regular,,final,St. Francis (PA),Wagner,278,341,64,72,,NEC,NEC,,,DeGol Arena,Loretto,PA,
20870,2021-12-29,19:00,2022,regular,,final,Sacred Heart,Long Island University,250,146,69,65,,NEC,NEC,,,William H. Pitt Center,Fairfield,CT,
20871,2021-12-29,19:00,2022,regular,,postponed,Mount St. Mary's,Fairleigh Dickinson,183,84,0,2,,NEC,NEC,,,Knott Arena,Emmitsburg,MD,Fairleigh Dickinson wins due to Mount St. Mary's Forfeit
20872,2021-12-29,19:00,2022,regular,,final,Merrimack,St. Francis Brooklyn,166,364,74,64,,NEC,NEC,,,Hammel Court,North Andover,MA,
20873,2021-12-29,19:00,2022,regular,,final,Central Connecticut,Bryant,44,31,76,80,,NEC,NEC,,,Detrick Gymnasium,New Britain,CT,
20874,2021-12-29,19:00,2022,regular,,final,Wofford,VMI,356,334,73,80,,SoCon,SoCon,,,Jerry Richardson Indoor Stadium,Spartanburg,SC,
20875,2021-12-29,19:00,2022,regular,,final,Furman,Samford,93,256,81,49,,SoCon,SoCon,,,Timmons Arena,Greenville,SC,
20876,2021-12-29,19:00,2022,regular,,final,William & Mary,Hofstra,353,110,63,62,,CAA,CAA,,,Kaplan Arena,Williamsburg,VA,
20877,2021-12-29,19:00,2022,regular,,final,UNC Wilmington,Delaware,321,66,70,68,,CAA,CAA,,,Trask Coliseum,Wilmington,NC,
20878,2021-12-29,19:00,2022,regular,,final,Elon,Northeastern,81,205,79,62,,CAA,CAA,,,Schar Center,Elon,NC,
20879,2021-12-29,19:00,2022,regular,,final,Toledo,Western Michigan,300,351,83,56,,MAC,MAC,,,Savage Arena,Toledo,OH,
20899,2021-12-29,19:00,2022,regular,,cancelled,East Carolina,Wichita State,74,352,0,0,,American,American,,,Minges Coliseum,Greenville,NC,
20900,2021-12-29,19:00,2022,regular,,cancelled,UMBC,Radford,317,239,0,0,,Am. East,Big South,,,Chesapeake Employers Insurance Arena,Baltimore,MD,
20901,2021-12-29,19:00,2022,regular,,cancelled,Indiana,UNC Asheville,121,319,0,0,,Big Ten,Big South,,,Simon Skjodt Assembly Hall,Bloomington,IN,
20902,2021-12-29,19:00,2022,regular,,cancelled,South Florida,Mississippi Valley State,271,175,0,0,,American,SWAC,,,Yuengling Center,Tampa,FL,
20903,2021-12-29,19:00,2022,regular,,cancelled,Binghamton,Elmira,24,1128,0,0,,Am. East,,,,Events Center (Binghamton),Binghamton,NY,
20904,2021-12-29,19:00,2022,regular,,cancelled,UAlbany,Bucknell,306,32,0,0,,Am. East,Patriot,,,Broadview Center,Albany,NY,
20905,2021-12-29,19:00,2022,regular,,scheduled,North Carolina,Virginia Tech,200,340,0,0,,ACC,ACC,,,Dean E. Smith Center,Chapel Hill,NC,
20906,2021-12-29,19:00,2022,regular,,scheduled,Western Carolina,UNC Greensboro,348,320,0,0,,SoCon,SoCon,,,Ramsey Center,Cullowhee,NC,
20907,2021-12-29,19:00,2022,regular,,scheduled,The Citadel,Mercer,299,164,0,0,,SoCon,SoCon,,,McAlister Field House,Charleston,SC,
20908,2021-12-29,19:00,2022,regular,,scheduled,Bowling Green,Akron,28,3,0,0,,MAC,MAC,,,Stroh Center,Bowling Green,OH,
20909,2021-12-29,19:05,2022,regular,,cancelled,Bethune-Cookman,Florida National,23,666,0,0,,SWAC,,,,Moore Gymnasium (FL),Daytona Beach,FL,
20910,2021-12-29,19:30,2022,regular,,cancelled,Campbell,Norfolk State,41,196,0,0,,Big South,MEAC,,,John W. Pope Jr. Convocation Center,Buies Creek,NC,
20849,2021-12-29,20:00,2022,regular,,final,Kansas,Nevada,131,189,88,61,,Big 12,Mountain West,,,Allen Fieldhouse,Lawrence,KS,
20855,2021-12-29,20:00,2022,regular,,final,Wisconsin,Illinois State,355,119,89,85,,Big Ten,MVC,,,Kohl Center,Madison,WI,
20880,2021-12-29,20:00,2022,regular,,final,Tulsa,SMU,304,248,69,74,,American,American,,,Reynolds Center,Tulsa,OK,
20881,2021-12-29,20:00,2022,regular,,final,Tulane,Memphis,303,163,85,84,,American,American,,,Devlin Fieldhouse,New Orleans,LA,
20882,2021-12-29,20:00,2022,regular,,final,St. Thomas-Minnesota,North Central (MN),280,562,97,45,,Summit,,,,Schoenecker Arena,Saint Paul,MN,
20883,2021-12-29,20:00,2022,regular,,final,Iowa,Western Illinois,124,349,92,71,,Big Ten,Summit,,,Carver-Hawkeye Arena,Iowa City,IA,
20884,2021-12-29,20:00,2022,regular,,final,Louisville,Wake Forest,150,342,73,69,,ACC,ACC,,,KFC Yum! Center,Louisville,KY,
20885,2021-12-29,20:00,2022,regular,,final,Texas A&M,Central Arkansas,293,43,85,59,,SEC,ASUN,,,Reed Arena,College Station,TX,
20911,2021-12-29,20:00,2022,regular,,cancelled,Northern Iowa,Wartburg,209,989,0,0,,MVC,,,,McLeod Center,Cedar Falls,IA,
20912,2021-12-29,20:00,2022,regular,,cancelled,SE Louisiana,Millsaps,246,843,0,0,,Southland,,,,Pride Roofing University Center,Hammond,LA,
20913,2021-12-29,20:00,2022,regular,,cancelled,St. John's,Marquette,279,157,0,0,,Big East,Big East,,,Carnesecca Arena,Queens,NY,
20914,2021-12-29,20:00,2022,regular,,cancelled,Kansas State,North Florida,132,203,0,0,,Big 12,ASUN,,,Bramlage Coliseum,Manhattan,KS,
20915,2021-12-29,20:00,2022,regular,,cancelled,Minnesota,Alcorn State,173,7,0,0,,Big Ten,SWAC,,,Williams Arena,Minneapolis,MN,
20916,2021-12-29,20:00,2022,regular,,cancelled,Bradley,Bellarmine,29,21,0,0,,MVC,ASUN,,,Carver Arena,Peoria,IL,
20852,2021-12-29,21:00,2022,regular,,final,Alabama,Tennessee,5,292,73,68,,SEC,SEC,,,Coleman Coliseum,Tuscaloosa,AL,
20886,2021-12-29,21:00,2022,regular,,final,Miami,NC State,168,185,91,83,,ACC,ACC,,,Watsco Center,Coral Gables,FL,
20887,2021-12-29,21:00,2022,regular,,final,BYU,Westminster (UT),18,662,65,53,,WCC,,,,Marriott Center,Provo,UT,
20889,2021-12-29,21:00,2022,regular,,cancelled,Villanova,Temple,338,289,0,0,,Big East,American,,,Finneran Pavilion,Villanova,PA,
20917,2021-12-29,21:00,2022,regular,,cancelled,Illinois,Florida A&M,118,85,0,0,,Big Ten,SWAC,,,State Farm Center,Champaign,IL,
20918,2021-12-29,23:00,2022,regular,,scheduled,Washington State,Washington,344,343,0,0,,Pac-12,Pac-12,,,Beasley Coliseum,Pullman,WA,
20919,2021-12-30,12:00,2022,regular,,final,McNeese,Ecclesia,162,668,115,66,,Southland,,,,Burton Coliseum,Lake Charles,LA,
20920,2021-12-30,13:00,2022,regular,,final,Missouri State,Evangel,176,1129,103,56,,MVC,,,,Great Southern Bank Arena,Springfield,MO,
20921,2021-12-30,13:00,2022,regular,,final,Rutgers,Maine,245,154,80,64,,Big Ten,Am. East,,,Jersey Mike’s Arena,Piscataway,NJ,
20922,2021-12-30,15:00,2022,regular,,final,Stetson,Point,283,1130,77,65,,ASUN,,,,Edmunds Center,DeLand,FL,
20961,2021-12-30,16:00,2022,regular,,cancelled,South Carolina Upstate,Columbia International,268,517,0,0,,Big South,,,,G.B. Hodge Center,Spartanburg,SC,
20962,2021-12-30,16:00,2022,regular,,cancelled,Jacksonville State,Middle Georgia State,128,771,0,0,,ASUN,,,,Pete Mathews Coliseum,Jacksonville,AL,
20963,2021-12-30,16:00,2022,regular,,cancelled,George Washington,St. Bonaventure,96,277,0,0,,A-10,A-10,,,Charles E. Smith Center,Washington,DC,
20964,2021-12-30,17:00,2022,regular,,scheduled,Middle Tennessee,UTSA,171,328,0,0,,CUSA,CUSA,,,Murphy Center,Murfreesboro,TN,
20965,2021-12-30,17:00,2022,regular,,cancelled,Northwestern,Prairie View A&M,212,232,0,0,,Big Ten,SWAC,,,Welsh-Ryan Arena,Evanston,IL,
20923,2021-12-30,18:30,2022,regular,,final,App State,Louisiana,9,148,55,71,,Sun Belt,Sun Belt,,,Holmes Convocation Center,Boone,NC,
20924,2021-12-30,19:00,2022,regular,,final,Cleveland State,Purdue Fort Wayne,53,237,90,81,,Horizon,Horizon,,,Wolstein Center,Cleveland,OH,
20925,2021-12-30,19:00,2022,regular,,final,Presbyterian,Truett-McConnell,233,657,91,49,,Big South,,,,Templeton Center,Clinton,SC,
20926,2021-12-30,19:00,2022,regular,,final,Florida International,Old Dominion,89,219,77,82,,CUSA,CUSA,,,Ocean Bank Convocation Center,Miami,FL,
20927,2021-12-30,19:00,2022,regular,,final,UCF,Michigan,312,170,85,71,,American,Big Ten,,,Addition Financial Arena,Orlando,FL,
20928,2021-12-30,19:00,2022,regular,,final,Maryland,Brown,160,30,81,67,,Big Ten,Ivy,,,XFINITY Center,College Park,MD,
20929,2021-12-30,19:00,2022,regular,,final,Kennesaw State,Toccoa Falls,133,577,108,51,,ASUN,,,,KSU Convocation Center,Kennesaw,GA,
20930,2021-12-30,19:00,2022,regular,,final,Oakland,Robert Morris,214,244,79,61,,Horizon,Horizon,,,OU Credit Union O'rena,Rochester,MI,
20931,2021-12-30,19:00,2022,regular,,final,Wright State,Milwaukee,357,172,80,75,,Horizon,Horizon,,,Nutter Center,Dayton,OH,
20932,2021-12-30,19:00,2022,regular,,final,Northern Kentucky,Green Bay,210,105,79,74,,Horizon,Horizon,,,Truist Arena,Highland Heights,KY,
20933,2021-12-30,19:00,2022,regular,,final,Coastal Carolina,UL Monroe,54,316,94,64,,Sun Belt,Sun Belt,,,The HTC Center,Conway,SC,
20934,2021-12-30,19:00,2022,regular,,final,La Salle,Fordham,137,91,61,69,,A-10,A-10,,,Tom Gola Arena,Philadelphia,PA,
20935,2021-12-30,19:00,2022,regular,,final,Richmond,Saint Joseph's,242,251,56,83,,A-10,A-10,,,Robins Center,Richmond,VA,
20936,2021-12-30,19:00,2022,regular,,final,Chattanooga,East Tennessee State,49,75,82,52,,SoCon,SoCon,,,McKenzie Arena,Chattanooga,TN,
20966,2021-12-30,19:00,2022,regular,,cancelled,Hampton,Howard,106,114,0,0,,Big South,MEAC,,,Convocation Center (VA),Hampton,VA,
20967,2021-12-30,19:00,2022,regular,,cancelled,Maryland Eastern Shore,Longwood,159,147,0,0,,MEAC,Big South,,,Hytche Center,Princess Anne,MD,
20968,2021-12-30,19:00,2022,regular,,scheduled,Florida Atlantic,Charlotte,86,48,0,0,,CUSA,CUSA,,,Eleanor R. Baldwin Arena,Boca Raton,FL,
20969,2021-12-30,19:00,2022,regular,,cancelled,North Florida,Florida National,203,666,0,0,,ASUN,,,,UNF Arena,Jacksonville,FL,
20970,2021-12-30,19:00,2022,regular,,cancelled,Detroit Mercy,Youngstown State,69,361,0,0,,Horizon,Horizon,,,Calihan Hall,Detroit,MI,
20971,2021-12-30,19:00,2022,regular,,scheduled,Massachusetts,Saint Louis,161,252,0,0,,A-10,A-10,,,Mullins Center,Amherst,MA,
20972,2021-12-30,19:00,2022,regular,,scheduled,VCU,George Mason,333,95,0,0,,A-10,A-10,,,Siegel Center,Richmond,VA,
20973,2021-12-30,19:00,2022,regular,,scheduled,Rhode Island,Dayton,240,64,0,0,,A-10,A-10,,,Thomas M. Ryan Center,Kingston,RI,
20974,2021-12-30,19:00,2022,regular,,scheduled,Davidson,Duquesne,63,73,0,0,,A-10,A-10,,,John M. Belk Arena,Davidson,NC,
20937,2021-12-30,19:30,2022,regular,,final,UAB,UTEP,305,327,75,62,,CUSA,CUSA,,,Bartow Arena,Birmingham,AL,
20938,2021-12-30,19:30,2022,regular,,final,Sam Houston,Lamar,255,139,75,64,,UAC,UAC,,,Bernard G. Johnson Coliseum,Huntsville,TX,
20939,2021-12-30,19:30,2022,regular,,final,Little Rock,Georgia Southern,144,99,78,66,,Sun Belt,Sun Belt,,,Jack Stephens Center,Little Rock,AR,
20975,2021-12-30,19:30,2022,regular,,cancelled,Incarnate Word,Trinity (TX),120,551,0,0,,Southland,,,,McDermott Center,San Antonio,TX,
20976,2021-12-30,19:30,2022,regular,,scheduled,Stephen F. Austin,UT Rio Grande Valley,282,326,0,0,,UAC,UAC,,,William R. Johnson Coliseum,Nacogdoches,TX,
20940,2021-12-30,20:00,2022,regular,,final,Lipscomb,Alabama A&M,143,4,66,63,,ASUN,SWAC,,,Allen Arena,Nashville,TN,
20941,2021-12-30,20:00,2022,regular,,final,Murray State,Southeast Missouri State,184,272,106,81,,OVC,OVC,,,CFSB Center,Murray,KY,
20942,2021-12-30,20:00,2022,regular,,final,Grand Canyon,Chicago State,104,50,80,63,,UAC,UAC,,,Global Credit Union Arena,Phoenix,AZ,
20943,2021-12-30,20:00,2022,regular,,final,Utah Valley,Abilene Christian,332,1,76,80,,UAC,UAC,,,UCCU Center,Orem,UT,
20944,2021-12-30,20:00,2022,regular,,final,Texas State,Troy,297,302,63,78,,Sun Belt,Sun Belt,,,Strahan Arena at the University Events Center,San Marcos,TX,
20945,2021-12-30,20:00,2022,regular,,final,UT Arlington,South Alabama,324,265,89,87,,Sun Belt,Sun Belt,,,College Park Center,Arlington,TX,
20946,2021-12-30,20:00,2022,regular,,final,Oral Roberts,Denver,222,68,83,66,,Summit,Summit,,,Mabee Center,Tulsa,OK,
20947,2021-12-30,20:00,2022,regular,,final,North Dakota State,South Dakota State,202,270,86,90,,Summit,Summit,,,Scheels Center,Fargo,ND,
20977,2021-12-30,20:00,2022,regular,,scheduled,Southern Miss,Western Kentucky,275,350,0,0,,CUSA,CUSA,,,Reed Green Coliseum,Hattiesburg,MS,
20978,2021-12-30,20:00,2022,regular,,scheduled,Northern Arizona,Idaho,206,117,0,0,,Big Sky,Big Sky,,,J. Lawrence Walkup Skydome,Flagstaff,AZ,
20979,2021-12-30,20:00,2022,regular,,cancelled,Arkansas State,Georgia State,13,100,0,0,,Sun Belt,Sun Belt,,,First National Bank Arena,Jonesboro,AR,
20980,2021-12-30,20:00,2022,regular,,scheduled,Kansas City,Omaha,130,221,0,0,,Summit,Summit,,,Swinney Center,Kansas City,MO,
20981,2021-12-30,20:00,2022,regular,,scheduled,North Dakota,South Dakota,201,269,0,0,,Summit,Summit,,,Betty Engelstad Sioux Center,Grand Forks,ND,
20948,2021-12-30,20:30,2022,regular,,final,Austin Peay,UT Martin,17,325,62,65,,OVC,OVC,,,Winfield Dunn Center,Clarksville,TN,
20982,2021-12-30,20:30,2022,regular,,scheduled,Tennessee State,Tennessee Tech,290,291,0,0,,OVC,OVC,,,Gentry Center,Nashville,TN,
20983,2021-12-30,20:30,2022,regular,,scheduled,SIU Edwardsville,Belmont,247,22,0,0,,OVC,OVC,,,First Community Arena,Edwardsville,IL,
20949,2021-12-30,21:00,2022,regular,,final,Oregon State,Utah,224,331,88,76,,Pac-12,Pac-12,,,Gill Coliseum,Corvallis,OR,
20950,2021-12-30,21:00,2022,regular,,final,Louisiana Tech,Marshall,149,158,79,56,,CUSA,CUSA,,,Thomas Assembly Center,Ruston,LA,
20951,2021-12-30,21:00,2022,regular,,final,Southern Utah,Sacramento State,276,249,64,51,,Big Sky,Big Sky,,,America First Events Center,Cedar City,UT,
20952,2021-12-30,21:00,2022,regular,,final,Montana State,Weber State,180,345,75,85,,Big Sky,Big Sky,,,Worthington Arena,Bozeman,MT,
20953,2021-12-30,21:00,2022,regular,,final,Montana,Idaho State,179,116,78,54,,Big Sky,Big Sky,,,Dahlberg Arena,Missoula,MT,
20954,2021-12-30,21:00,2022,regular,,final,Utah Tech,Tarleton State,330,288,69,83,,UAC,UAC,,,Burns Arena,St. George,UT,
20959,2021-12-30,21:00,2022,regular,,scheduled,UCLA,Arizona,313,11,0,0,,Pac-12,Pac-12,,,Pauley Pavilion,Los Angeles,CA,
20955,2021-12-30,22:00,2022,regular,,final,UC San Diego,UC Santa Barbara,310,311,85,83,,Big West,Big West,,,LionTree Arena,San Diego,CA,
20956,2021-12-30,22:00,2022,regular,,final,Portland State,Eastern Washington,231,80,58,63,,Big Sky,Big Sky,,,Viking Pavilion,Portland,OR,
20958,2021-12-30,22:00,2022,regular,,scheduled,San Diego,Gonzaga,258,102,0,0,,WCC,WCC,,,Jenny Craig Pavilion,San Diego,CA,
20984,2021-12-30,22:00,2022,regular,,cancelled,UC Irvine,Cal State Northridge,308,38,0,0,,Big West,Big West,,,Bren Events Center,Irvine,CA,
20985,2021-12-30,22:00,2022,regular,,cancelled,Cal Poly,Long Beach State,35,145,0,0,,Big West,Big West,,,Mott Athletics Center,San Luis Obispo,CA,
20986,2021-12-30,22:00,2022,regular,,scheduled,Seattle U,New Mexico State,262,192,0,0,,UAC,UAC,,,Redhawk Center,Seattle,WA,
20987,2021-12-30,22:00,2022,regular,,scheduled,Pacific,Santa Clara,225,261,0,0,,WCC,WCC,,,Alex G. Spanos Center,Stockton,CA,
20957,2021-12-30,22:15,2022,regular,,final,Cal State Bakersfield,Cal State Fullerton,36,37,67,73,,Big West,Big West,,,Icardo Center,Bakersfield,CA,
20960,2021-12-30,23:00,2022,regular,,scheduled,USC,Arizona State,323,10,0,0,,Pac-12,Pac-12,,,Galen Center,Los Angeles,CA,
20988,2021-12-30,23:00,2022,regular,,scheduled,Oregon,Colorado,223,56,0,0,,Pac-12,Pac-12,,,Matthew Knight Arena,Eugene,OR,
20989,2021-12-30,23:59,2022,regular,,cancelled,Hawai'i,UC Davis,108,307,0,0,,Big West,Big West,,,Stan Sheriff Center,Honolulu,HI,
20990,2021-12-31,12:00,2022,regular,,final,Kentucky,High Point,135,109,92,48,,SEC,Big South,,,Rupp Arena,Lexington,KY,
21005,2021-12-31,12:00,2022,regular,,scheduled,Elon,Hofstra,81,110,0,0,,CAA,CAA,,,Schar Center,Elon,NC,
20991,2021-12-31,13:00,2022,regular,,final,Winthrop,Converse University,354,1118,78,40,,Big South,,,,Winthrop Coliseum,Rock Hill,SC,
20992,2021-12-31,13:00,2022,regular,,final,Texas A&M-Corpus Christi,Sul Ross State,294,563,101,49,,Southland,,,,American Bank Center,Corpus Christi,TX,
20993,2021-12-31,13:00,2022,regular,,final,Bryant,Sacred Heart,31,250,85,82,,NEC,NEC,,,Chace Athletic Center,Smithfield,RI,
20994,2021-12-31,13:00,2022,regular,,final,Liberty,Boyce,142,581,91,60,,ASUN,,,,Liberty Arena,Lynchburg,VA,
20995,2021-12-31,13:00,2022,regular,,final,Central Arkansas,Champion Christian,43,557,119,47,,ASUN,,,,Farris Center,Conway,AR,
21006,2021-12-31,13:00,2022,regular,,cancelled,Pennsylvania,Eastern University (PA),227,1127,0,0,,Ivy,,,,The Palestra,Philadelphia,PA,
21007,2021-12-31,13:00,2022,regular,,scheduled,UNC Wilmington,Drexel,321,71,0,0,,CAA,CAA,,,Trask Coliseum,Wilmington,NC,
21008,2021-12-31,13:00,2022,regular,,scheduled,Iona,Siena,123,264,0,0,,Metro,Metro,,,Hynes Athletics Center,New Rochelle,NY,
21009,2021-12-31,13:00,2022,regular,,scheduled,Monmouth,Marist,178,156,0,0,,Metro,Metro,,,OceanFirst Bank Center,West Long Branch,NJ,
20996,2021-12-31,14:00,2022,regular,,final,New Orleans,Belhaven,193,923,94,54,,Southland,,,,Lakefront Arena,New Orleans,LA,
20997,2021-12-31,14:00,2022,regular,,postponed,Mount St. Mary's,Wagner,183,341,0,2,,NEC,NEC,,,Knott Arena,Emmitsburg,MD,Wagner wins due to Mount St. Mary's Forfeit
20998,2021-12-31,14:00,2022,regular,,final,Merrimack,Long Island University,166,146,82,77,,NEC,NEC,,,Hammel Court,North Andover,MA,
20999,2021-12-31,14:00,2022,regular,,final,William & Mary,Northeastern,353,205,71,70,,CAA,CAA,,,Kaplan Arena,Williamsburg,VA,
21000,2021-12-31,14:00,2022,regular,,final,Charleston,Delaware,46,66,66,67,,CAA,CAA,,,TD Arena,Charleston,SC,
21001,2021-12-31,14:00,2022,regular,,final,Quinnipiac,Niagara,238,194,77,68,,Metro,Metro,,,M&T Bank Arena,Hamden,CT,
21010,2021-12-31,14:00,2022,regular,,cancelled,North Florida,Keiser,203,892,0,0,,ASUN,,,,UNF Arena,Jacksonville,FL,
21011,2021-12-31,14:00,2022,regular,,scheduled,Towson,James Madison,301,129,0,0,,CAA,CAA,,,TU Arena,Towson,MD,
21012,2021-12-31,14:00,2022,regular,,scheduled,Fairfield,Manhattan,83,155,0,0,,Metro,Metro,,,Total Mortgage Arena,Bridgeport,CT,
21013,2021-12-31,14:00,2022,regular,,scheduled,Saint Peter's,Canisius,254,42,0,0,,Metro,Metro,,,Yanitelli Center,Jersey City,NJ,
21002,2021-12-31,15:37,2022,regular,,final,Eastern Kentucky,Alice Lloyd College,78,506,106,52,,ASUN,,,,Baptist Health Arena,Richmond,KY,
21003,2021-12-31,16:00,2022,regular,,final,St. Francis (PA),Fairleigh Dickinson,278,84,62,70,,NEC,NEC,,,DeGol Arena,Loretto,PA,
21004,2021-12-31,16:00,2022,regular,,final,St. Francis Brooklyn,Central Connecticut,364,44,55,67,,NEC,NEC,,,Pope Physical Education Center,Brooklyn,NY,
21017,2022-01-01,12:00,2022,regular,,final,Texas,West Virginia,295,347,74,59,,Big 12,Big 12,,,Frank Erwin Center,Austin,TX,
21019,2022-01-01,12:00,2022,regular,,final,Wichita State,Memphis,352,163,64,82,,American,American,,,Charles Koch Arena,Wichita,KS,
21020,2022-01-01,12:00,2022,regular,,final,Marquette,Creighton,157,61,69,75,,Big East,Big East,,,Fiserv Forum,Milwaukee,WI,
21065,2022-01-01,12:00,2022,regular,,scheduled,South Florida,East Carolina,271,74,0,0,,American,American,,,Yuengling Center,Tampa,FL,
21066,2022-01-01,12:00,2022,regular,,cancelled,Georgetown,St. John's,97,279,0,0,,Big East,Big East,,,Capital One Arena,Washington,DC,
21021,2022-01-01,13:00,2022,regular,,final,Boston University,Bucknell,27,32,63,61,,Patriot,Patriot,,,Case Gym,Boston,MA,
21022,2022-01-01,13:00,2022,regular,,final,VMI,Furman,334,93,76,67,,SoCon,SoCon,,,Cameron Hall,Lexington,VA,
21014,2022-01-01,14:00,2022,regular,,final,Iowa State,Baylor,125,20,72,77,,Big 12,Big 12,,,Hilton Coliseum,Ames,IA,
21016,2022-01-01,14:00,2022,regular,,final,Seton Hall,Villanova,263,338,67,73,,Big East,Big East,,,Prudential Center,Newark,NJ,
21023,2022-01-01,14:00,2022,regular,,final,Florida International,St. Thomas (FL),89,1046,95,72,,CUSA,,,,Ocean Bank Convocation Center,Miami,FL,
21024,2022-01-01,14:00,2022,regular,,final,Army,Loyola Maryland,15,152,77,74,,Patriot,Patriot,,,Christl Arena,West Point,NY,
21025,2022-01-01,14:00,2022,regular,,final,Holy Cross,Navy,111,187,56,70,,Patriot,Patriot,,,Hart Center,Worcester,MA,
21026,2022-01-01,14:00,2022,regular,,final,Louisiana Tech,Western Kentucky,149,350,74,73,,CUSA,CUSA,,,Thomas Assembly Center,Ruston,LA,
21027,2022-01-01,14:00,2022,regular,,final,Northern Kentucky,Milwaukee,210,172,55,61,,Horizon,Horizon,,,Truist Arena,Highland Heights,KY,
21028,2022-01-01,14:00,2022,regular,,final,Wright State,Green Bay,357,105,72,69,,Horizon,Horizon,,,Nutter Center,Dayton,OH,
21029,2022-01-01,14:00,2022,regular,,final,Coastal Carolina,Louisiana,54,148,64,65,,Sun Belt,Sun Belt,,,The HTC Center,Conway,SC,
21030,2022-01-01,14:00,2022,regular,,final,Akron,Buffalo,3,33,88,76,,MAC,MAC,,,James A. Rhodes Arena,Akron,OH,
21031,2022-01-01,14:00,2022,regular,,final,Kent State,Toledo,134,300,66,63,,MAC,MAC,,,M.A.C. Center,Kent,OH,
21067,2022-01-01,14:00,2022,regular,,scheduled,Lafayette,Colgate,138,55,0,0,,Patriot,Patriot,,,Kirby Sports Center,Easton,PA,
21068,2022-01-01,14:00,2022,regular,,scheduled,Middle Tennessee,UTEP,171,327,0,0,,CUSA,CUSA,,,Murphy Center,Murfreesboro,TN,
21069,2022-01-01,14:00,2022,regular,,cancelled,IU Indianapolis,Purdue Fort Wayne,115,237,0,0,,Horizon,Horizon,,,Corteva Coliseum,Indianapolis,IN,
21070,2022-01-01,14:00,2022,regular,,scheduled,North Dakota State,South Dakota,202,269,0,0,,Summit,Summit,,,Scheels Center,Fargo,ND,
21071,2022-01-01,14:00,2022,regular,,scheduled,Mercer,Chattanooga,164,49,0,0,,SoCon,SoCon,,,Hawkins Arena,Macon,GA,
21072,2022-01-01,14:00,2022,regular,,scheduled,Eastern Michigan,Buffalo,79,33,0,0,,MAC,MAC,,,Gervin GameAbove Center,Ypsilanti,MI,
21018,2022-01-01,15:00,2022,regular,,final,DePaul,Providence,65,235,53,70,,Big East,Big East,,,Wintrust Arena,Chicago,IL,
21032,2022-01-01,15:00,2022,regular,,final,UAB,UTSA,305,328,87,59,,CUSA,CUSA,,,Bartow Arena,Birmingham,AL,
21033,2022-01-01,15:00,2022,regular,,final,Montana State,Idaho State,180,116,60,40,,Big Sky,Big Sky,,,Worthington Arena,Bozeman,MT,
21034,2022-01-01,15:00,2022,regular,,final,Oakland,Youngstown State,214,361,87,72,,Horizon,Horizon,,,OU Credit Union O'rena,Rochester,MI,
21035,2022-01-01,15:00,2022,regular,,final,UT Arlington,Troy,324,302,62,57,,Sun Belt,Sun Belt,,,College Park Center,Arlington,TX,
21036,2022-01-01,15:00,2022,regular,,final,St. Thomas-Minnesota,Western Illinois,280,349,89,66,,Summit,Summit,,,Schoenecker Arena,Saint Paul,MN,
21063,2022-01-01,15:00,2022,regular,,scheduled,UCLA,Arizona State,313,10,0,0,,Pac-12,Pac-12,,,Pauley Pavilion,Los Angeles,CA,
21073,2022-01-01,15:00,2022,regular,,scheduled,Southern Miss,Marshall,275,158,0,0,,CUSA,CUSA,,,Reed Green Coliseum,Hattiesburg,MS,
21074,2022-01-01,15:00,2022,regular,,cancelled,Detroit Mercy,Robert Morris,69,244,0,0,,Horizon,Horizon,,,Calihan Hall,Detroit,MI,
21075,2022-01-01,15:00,2022,regular,,scheduled,Samford,The Citadel,256,299,0,0,,SoCon,SoCon,,,Pete Hanna Center,Homewood,AL,
21037,2022-01-01,15:30,2022,regular,,final,Western Michigan,Ohio,351,215,47,59,,MAC,MAC,,,University Arena (MI),Kalamazoo,MI,
21076,2022-01-01,15:30,2022,regular,,scheduled,Miami (OH),Central Michigan,167,45,0,0,,MAC,MAC,,,Millett Hall,Oxford,OH,
21038,2022-01-01,16:00,2022,regular,,final,American University,Lehigh,8,141,61,63,,Patriot,Patriot,,,Bender Arena,Washington,DC,
21039,2022-01-01,16:00,2022,regular,,final,Northern Arizona,Eastern Washington,206,80,65,78,,Big Sky,Big Sky,,,J. Lawrence Walkup Skydome,Flagstaff,AZ,
21040,2022-01-01,16:00,2022,regular,,final,Utah Valley,Tarleton State,332,288,77,55,,UAC,UAC,,,UCCU Center,Orem,UT,
21041,2022-01-01,16:00,2022,regular,,final,NC State,Florida State,185,90,81,83,,ACC,ACC,,,Lenovo Center,Raleigh,NC,
21042,2022-01-01,16:00,2022,regular,,final,App State,UL Monroe,9,316,77,69,,Sun Belt,Sun Belt,,,Holmes Convocation Center,Boone,NC,
21043,2022-01-01,16:00,2022,regular,,final,UNLV,San Diego State,322,257,55,62,,Mountain West,Mountain West,,,Thomas & Mack Center,Las Vegas,NV,
21064,2022-01-01,16:00,2022,regular,,scheduled,Texas Tech,Oklahoma State,298,218,0,0,,Big 12,Big 12,,,United Supermarkets Arena,Lubbock,TX,
21077,2022-01-01,16:00,2022,regular,,cancelled,Cal State Bakersfield,Long Beach State,36,145,0,0,,Big West,Big West,,,Icardo Center,Bakersfield,CA,
21078,2022-01-01,16:00,2022,regular,,scheduled,UConn,Butler,314,34,0,0,,Big East,Big East,,,XL Center,Hartford,CT,
21079,2022-01-01,16:00,2022,regular,,scheduled,Morehead State,Tennessee State,181,290,0,0,,OVC,OVC,,,Ellis T. Johnson Arena,Morehead,KY,
21080,2022-01-01,16:00,2022,regular,,scheduled,Florida Atlantic,Old Dominion,86,219,0,0,,CUSA,CUSA,,,Eleanor R. Baldwin Arena,Boca Raton,FL,
21081,2022-01-01,16:00,2022,regular,,scheduled,Virginia Tech,Pittsburgh,340,229,0,0,,ACC,ACC,,,Cassell Coliseum,Blacksburg,VA,
21082,2022-01-01,16:00,2022,regular,,cancelled,Little Rock,Georgia State,144,100,0,0,,Sun Belt,Sun Belt,,,Jack Stephens Center,Little Rock,AR,
21083,2022-01-01,16:00,2022,regular,,scheduled,East Tennessee State,Western Carolina,75,348,0,0,,SoCon,SoCon,,,Freedom Hall (TN),Johnson City,TN,
21084,2022-01-01,16:00,2022,regular,,scheduled,Wyoming,Boise State,358,25,0,0,,Mountain West,Mountain West,,,Arena-Auditorium,Laramie,WY,
21085,2022-01-01,16:00,2022,regular,,cancelled,Fresno State,Air Force,92,2,0,0,,Mountain West,Mountain West,,,Save Mart Center,Fresno,CA,
21086,2022-01-01,16:12,2022,regular,,cancelled,UIC,Cleveland State,315,53,0,0,,Horizon,Horizon,,,Credit Union 1 Arena,Chicago,IL,
21087,2022-01-01,16:30,2022,regular,,scheduled,UT Martin,SIU Edwardsville,325,247,0,0,,OVC,OVC,,,Skyhawk Arena,Martin,TN,
21088,2022-01-01,16:30,2022,regular,,scheduled,Eastern Illinois,Belmont,77,22,0,0,,OVC,OVC,,,Groniger Arena,Charleston,IL,
21089,2022-01-01,16:30,2022,regular,,cancelled,Radford,Averett,239,725,0,0,,Big South,,,,The Dedmon Center,Radford,VA,
21015,2022-01-01,17:00,2022,regular,,final,Kansas,George Mason,131,95,76,67,,Big 12,A-10,,,Allen Fieldhouse,Lawrence,KS,
21044,2022-01-01,17:00,2022,regular,,final,Rutgers,Central Connecticut,245,44,79,48,,Big Ten,NEC,,,Jersey Mike’s Arena,Piscataway,NJ,
21045,2022-01-01,17:00,2022,regular,,final,Arkansas State,Georgia Southern,13,99,74,56,,Sun Belt,Sun Belt,,,First National Bank Arena,Jonesboro,AR,
21090,2022-01-01,17:00,2022,regular,,scheduled,Santa Clara,San Diego,261,258,0,0,,WCC,WCC,,,Leavey Center,Santa Clara,CA,
21091,2022-01-01,17:00,2022,regular,,cancelled,Texas State,South Alabama,297,265,0,0,,Sun Belt,Sun Belt,,,Strahan Arena at the University Events Center,San Marcos,TX,
21092,2022-01-01,17:00,2022,regular,,scheduled,UNC Greensboro,Wofford,320,356,0,0,,SoCon,SoCon,,,First Horizon Coliseum,Greensboro,NC,
21046,2022-01-01,17:28,2022,regular,,final,Southeast Missouri State,Austin Peay,272,17,98,79,,OVC,OVC,,,Show Me Center,Cape Girardeau,MO,
21047,2022-01-01,18:00,2022,regular,,final,North Texas,Rice,204,241,75,43,,CUSA,CUSA,,,The Super Pit,Denton,TX,
21048,2022-01-01,18:00,2022,regular,,final,New Mexico State,Chicago State,192,50,78,61,,UAC,UAC,,,Pan American Center,Las Cruces,NM,
21049,2022-01-01,18:00,2022,regular,,final,Miami,Wake Forest,168,342,92,84,,ACC,ACC,,,Watsco Center,Coral Gables,FL,
21050,2022-01-01,18:00,2022,regular,,final,Syracuse,Virginia,286,339,69,74,,ACC,ACC,,,JMA Wireless Dome,Syracuse,NY,
21051,2022-01-01,18:00,2022,regular,,final,Ball State,Bowling Green,19,28,81,80,,MAC,MAC,,,Worthen Arena,Muncie,IN,
21061,2022-01-01,18:00,2022,regular,,scheduled,Notre Dame,Duke,213,72,0,0,,ACC,ACC,,,Purcell Pavilion,South Bend,IN,
21052,2022-01-01,19:00,2022,regular,,final,Cincinnati,Tulane,51,303,60,68,,American,American,,,Fifth Third Arena,Cincinnati,OH,
21062,2022-01-01,19:00,2022,regular,,cancelled,Loyola Marymount,Gonzaga,153,102,0,0,,WCC,WCC,,,Gersten Pavilion,Los Angeles,CA,
21053,2022-01-01,20:00,2022,regular,,final,Oklahoma,Kansas State,217,132,71,69,,Big 12,Big 12,,,Lloyd Noble Center,Norman,OK,
21054,2022-01-01,20:00,2022,regular,,final,Oral Roberts,Omaha,222,221,107,62,,Summit,Summit,,,Mabee Center,Tulsa,OK,
21093,2022-01-01,20:00,2022,regular,,scheduled,Murray State,Tennessee Tech,184,291,0,0,,OVC,OVC,,,CFSB Center,Murray,KY,
21094,2022-01-01,20:00,2022,regular,,scheduled,Saint Mary's,San Francisco,253,259,0,0,,WCC,WCC,,,University Credit Union Pavilion,Moraga,CA,
21095,2022-01-01,20:00,2022,regular,,scheduled,Kansas City,Denver,130,68,0,0,,Summit,Summit,,,Swinney Center,Kansas City,MO,
21096,2022-01-01,20:00,2022,regular,,scheduled,North Dakota,South Dakota State,201,270,0,0,,Summit,Summit,,,Betty Engelstad Sioux Center,Grand Forks,ND,
21097,2022-01-01,20:30,2022,regular,,scheduled,Oregon State,Colorado,224,56,0,0,,Pac-12,Pac-12,,,Gill Coliseum,Corvallis,OR,
21098,2022-01-01,20:30,2022,regular,,scheduled,Pacific,Pepperdine,225,228,0,0,,WCC,WCC,,,Alex G. Spanos Center,Stockton,CA,
21055,2022-01-01,21:00,2022,regular,,final,Southern Utah,Northern Colorado,276,207,81,91,,Big Sky,Big Sky,,,America First Events Center,Cedar City,UT,
21056,2022-01-01,21:00,2022,regular,,final,Montana,Weber State,179,345,74,72,,Big Sky,Big Sky,,,Dahlberg Arena,Missoula,MT,
21057,2022-01-01,21:00,2022,regular,,final,Utah Tech,Abilene Christian,330,1,50,64,,UAC,UAC,,,Burns Arena,St. George,UT,
21058,2022-01-01,21:00,2022,regular,,final,Nevada,New Mexico,189,191,79,70,,Mountain West,Mountain West,,,Lawlor Events Center,Reno,NV,
21099,2022-01-01,21:00,2022,regular,,cancelled,UC Irvine,UC Santa Barbara,308,311,0,0,,Big West,Big West,,,Bren Events Center,Irvine,CA,
21100,2022-01-01,21:00,2022,regular,,scheduled,Utah State,San José State,329,260,0,0,,Mountain West,Mountain West,,,Dee Glen Smith Spectrum,Logan,UT,
21059,2022-01-01,22:00,2022,regular,,final,UC San Diego,Cal State Northridge,310,38,72,64,,Big West,Big West,,,LionTree Arena,San Diego,CA,
21101,2022-01-01,22:00,2022,regular,,cancelled,Cal Poly,Cal State Fullerton,35,37,0,0,,Big West,Big West,,,Mott Athletics Center,San Luis Obispo,CA,
21102,2022-01-01,22:00,2022,regular,,scheduled,Portland State,Idaho,231,117,0,0,,Big Sky,Big Sky,,,Viking Pavilion,Portland,OR,
21103,2022-01-01,22:00,2022,regular,,scheduled,California Baptist,Seattle U,39,262,0,0,,UAC,UAC,,,Dale E. and Sarah Ann Fowler Events Center,Riverside,CA,
21104,2022-01-01,22:00,2022,regular,,cancelled,Portland,BYU,230,18,0,0,,WCC,WCC,,,Chiles Center,Portland,OR,
21060,2022-01-01,22:30,2022,regular,,final,Oregon,Utah,223,331,79,66,,Pac-12,Pac-12,,,Matthew Knight Arena,Eugene,OR,
21105,2022-01-01,23:59,2022,regular,,cancelled,Hawai'i,UC Riverside,108,309,0,0,,Big West,Big West,,,Stan Sheriff Center,Honolulu,HI,
21128,2022-01-02,12:00,2022,regular,,scheduled,Yale,Columbia,360,58,0,0,,Ivy,Ivy,,,John J. Lee Amphitheater,New Haven,CT,
21129,2022-01-02,12:00,2022,regular,,scheduled,Dayton,St. Bonaventure,64,277,0,0,,A-10,A-10,,,UD Arena,Dayton,OH,
21109,2022-01-02,13:00,2022,regular,,final,Boston College,North Carolina,26,200,65,91,,ACC,ACC,,,Conte Forum,Chestnut Hill,MA,
21110,2022-01-02,13:00,2022,regular,,final,Indiana State,Bradley,122,29,76,71,,MVC,MVC,,,Hulman Center,Terre Haute,IN,
21130,2022-01-02,13:00,2022,regular,,scheduled,New Hampshire,UMBC,190,317,0,0,,Am. East,Am. East,,,Lundholm Gymnasium,Durham,NH,
21131,2022-01-02,13:00,2022,regular,,scheduled,Saint Joseph's,George Washington,251,96,0,0,,A-10,A-10,,,Michael J. Hagan '85 Arena,Philadelphia,PA,
21132,2022-01-02,13:00,2022,regular,,scheduled,Quinnipiac,Rider,238,243,0,0,,Metro,Metro,,,M&T Bank Arena,Hamden,CT,
21106,2022-01-02,14:00,2022,regular,,final,Northwestern,Michigan State,212,169,67,73,,Big Ten,Big Ten,,,Welsh-Ryan Arena,Evanston,IL,
21111,2022-01-02,14:00,2022,regular,,final,Iona,Marist,123,156,69,66,,Metro,Metro,,,Hynes Athletics Center,New Rochelle,NY,
21112,2022-01-02,14:00,2022,regular,,final,Coastal Carolina,Emory & Henry,54,978,76,62,,Sun Belt,,,,The HTC Center,Conway,SC,
21113,2022-01-02,14:00,2022,regular,,final,SMU,UCF,248,312,72,60,,American,American,,,Moody Coliseum,Dallas,TX,
21114,2022-01-02,14:00,2022,regular,,final,Cornell,Dartmouth,60,62,79,71,,Ivy,Ivy,,,Newman Arena,Ithaca,NY,
21115,2022-01-02,14:00,2022,regular,,final,Binghamton,UMass Lowell,24,318,68,63,,Am. East,Am. East,,,Events Center (Binghamton),Binghamton,NY,
21116,2022-01-02,14:00,2022,regular,,final,NJIT,Maine,186,154,69,66,,Am. East,Am. East,,,Joel & Diane Bloom Wellness and Events Center,Newark,NJ,
21117,2022-01-02,14:00,2022,regular,,final,Valparaiso,Illinois State,335,119,81,76,,MVC,MVC,,,Athletics-Recreation Center,Valparaiso,IN,
21118,2022-01-02,14:00,2022,regular,,final,Northern Iowa,Evansville,209,82,83,61,,MVC,MVC,,,McLeod Center,Cedar Falls,IA,
21119,2022-01-02,14:00,2022,regular,,final,Saint Louis,Richmond,252,242,76,69,,A-10,A-10,,,Chaifetz Arena,St. Louis,MO,
21133,2022-01-02,14:00,2022,regular,,cancelled,Loyola Chicago,St. Xavier  (IL),151,969,0,0,,MVC,,,,Gentile Arena,Chicago,IL,
21134,2022-01-02,14:00,2022,regular,,scheduled,South Carolina State,Greensboro College,267,954,0,0,,MEAC,,,,Smith-Hammond-Middleton Memorial Center,Orangeburg,SC,
21135,2022-01-02,14:00,2022,regular,,scheduled,Harvard,Princeton,107,234,0,0,,Ivy,Ivy,,,Lavietes Pavilion,Cambridge,MA,
21136,2022-01-02,14:00,2022,regular,,scheduled,Hartford,Stony Brook,363,285,0,0,,Am. East,Am. East,,,Chase Arena,West Hartford,CT,
21137,2022-01-02,14:00,2022,regular,,cancelled,Campbell,Jacksonville,41,127,0,0,,Big South,ASUN,,,John W. Pope Jr. Convocation Center,Buies Creek,NC,
21138,2022-01-02,14:00,2022,regular,,scheduled,Fordham,Massachusetts,91,161,0,0,,A-10,A-10,,,Rose Hill Gym,Bronx,NY,
21139,2022-01-02,14:00,2022,regular,,cancelled,Duquesne,George Mason,73,95,0,0,,A-10,A-10,,,UPMC Cooper Fieldhouse,Pittsburgh,PA,
21140,2022-01-02,14:00,2022,regular,,scheduled,Manhattan,Niagara,155,194,0,0,,Metro,Metro,,,Draddy Gymnasium,Riverdale,NY,
21141,2022-01-02,14:00,2022,regular,,scheduled,Siena,Canisius,264,42,0,0,,Metro,Metro,,,MVP Arena,Albany,NY,
21120,2022-01-02,14:30,2022,regular,,final,Rhode Island,American International,240,1131,70,55,,A-10,,,,Thomas M. Ryan Center,Kingston,RI,
21142,2022-01-02,14:30,2022,regular,,scheduled,VCU,Davidson,333,63,0,0,,A-10,A-10,,,Siegel Center,Richmond,VA,
21121,2022-01-02,15:00,2022,regular,,final,Pennsylvania,Brown,227,30,77,73,,Ivy,Ivy,,,The Palestra,Philadelphia,PA,
21143,2022-01-02,15:00,2022,regular,,scheduled,Charleston Southern,Toccoa Falls,47,577,0,0,,Big South,,,,Buccaneer Fieldhouse,Charleston,SC,
21122,2022-01-02,16:00,2022,regular,,final,Penn State,Indiana,226,121,61,58,,Big Ten,Big Ten,,,Bryce Jordan Center,University Park,PA,
21107,2022-01-02,17:00,2022,regular,,final,Temple,Houston,289,113,61,66,,American,American,,,Liacouras Center,Philadelphia,PA,
21123,2022-01-02,17:00,2022,regular,,final,Incarnate Word,Dallas Christian,120,534,90,45,,Southland,,,,McDermott Center,San Antonio,TX,
21127,2022-01-02,17:00,2022,regular,,scheduled,USC,Arizona,323,11,0,0,,Pac-12,Pac-12,,,Galen Center,Los Angeles,CA,
21144,2022-01-02,17:00,2022,regular,,scheduled,Vermont,UAlbany,337,306,0,0,,Am. East,Am. East,,,Patrick Gymnasium,Burlington,VT,
21124,2022-01-02,18:00,2022,regular,,final,Georgia Tech,Louisville,101,150,64,67,,ACC,ACC,,,McCamish Pavilion,Atlanta,GA,
21125,2022-01-02,19:00,2022,regular,,final,California,Arizona State,40,10,74,50,,Pac-12,Pac-12,,,Haas Pavilion,Berkeley,CA,
21108,2022-01-02,20:00,2022,regular,,final,Nebraska,Ohio State,188,216,79,87,,Big Ten,Big Ten,,,Pinnacle Bank Arena,Lincoln,NE,
21126,2022-01-02,20:00,2022,regular,,final,Missouri State,Drake,176,70,61,56,,MVC,MVC,,,Great Southern Bank Arena,Springfield,MO,
21147,2022-01-03,17:00,2022,regular,,final,Mississippi Valley State,Alabama State,175,6,75,84,,SWAC,SWAC,,,R.W. Harrison HPER Complex,Itta Bena,MS,
21148,2022-01-03,18:00,2022,regular,,final,Drexel,Towson,71,301,65,61,,CAA,CAA,,,Daskalakis Athletic Center,Philadelphia,PA,
21157,2022-01-03,18:00,2022,regular,,cancelled,Oregon State,Sacramento State,224,249,0,0,,Pac-12,Big Sky,,,Gill Coliseum,Corvallis,OR,
21158,2022-01-03,18:00,2022,regular,,scheduled,Delaware,James Madison,66,129,0,0,,CAA,CAA,,,Bob Carpenter Center,Newark,DE,
21145,2022-01-03,19:00,2022,regular,,final,Purdue,Wisconsin,236,355,69,74,,Big Ten,Big Ten,,,Mackey Arena,West Lafayette,IN,
21159,2022-01-03,19:00,2022,regular,,scheduled,TCU,West Virginia,287,347,0,0,,Big 12,Big 12,,,Schollmaier Arena,Fort Worth,TX,
21160,2022-01-03,19:00,2022,regular,,scheduled,Northeastern,Charleston,205,46,0,0,,CAA,CAA,,,Matthews Arena,Boston,MA,
21149,2022-01-03,19:30,2022,regular,,final,Bethune-Cookman,Florida A&M,23,85,66,59,,SWAC,SWAC,,,Moore Gymnasium (FL),Daytona Beach,FL,
21150,2022-01-03,19:30,2022,regular,,final,Sam Houston,UT Rio Grande Valley,255,326,86,78,,UAC,UAC,,,Bernard G. Johnson Coliseum,Huntsville,TX,
21146,2022-01-03,20:00,2022,regular,,final,Arizona,Washington,11,343,95,79,,Pac-12,Pac-12,,,McKale Memorial Center,Tucson,AZ,
21151,2022-01-03,20:00,2022,regular,,final,UTSA,Dallas Christian,328,534,101,48,,CUSA,,,,UTSA Convocation Center,San Antonio,TX,
21152,2022-01-03,20:00,2022,regular,,final,Houston Christian,Ecclesia,112,668,94,63,,Southland,,,,Sharp Gymnasium,Houston,TX,
21161,2022-01-03,20:00,2022,regular,,scheduled,Hofstra,UNC Wilmington,110,321,0,0,,CAA,CAA,,,David S. Mack Sports and Exhibition Complex,Hempstead,NY,
21153,2022-01-03,20:30,2022,regular,,final,Southern,Texas Southern,274,296,63,50,,SWAC,SWAC,,,F.G. Clark Activity Center,Baton Rouge,LA,
21154,2022-01-03,20:30,2022,regular,,final,Arkansas-Pine Bluff,Alabama A&M,14,4,50,70,,SWAC,SWAC,,,H.O. Clemmons Arena,Pine Bluff,AR,
21155,2022-01-03,20:30,2022,regular,,postponed,Grambling,Prairie View A&M,103,232,2,0,,SWAC,SWAC,,,Fredrick C. Hobdy Assembly Center,Grambling,LA,Grambling wins due to Prairie View A&M forfeit
21156,2022-01-03,21:00,2022,regular,,final,Iowa,Maryland,124,160,80,75,,Big Ten,Big Ten,,,Carver-Hawkeye Arena,Iowa City,IA,
21162,2022-01-03,22:00,2022,regular,,scheduled,Oregon,Colorado,223,56,0,0,,Pac-12,Pac-12,,,Matthew Knight Arena,Eugene,OR,
21172,2022-01-04,18:00,2022,regular,,final,Akron,Ohio,3,215,63,69,,MAC,MAC,,,James A. Rhodes Arena,Akron,OH,
21166,2022-01-04,18:30,2022,regular,,final,South Carolina,Auburn,266,16,66,81,,SEC,SEC,,,Colonial Life Arena,Columbia,SC,
21163,2022-01-04,19:00,2022,regular,,final,Baylor,Oklahoma,20,217,84,74,,Big 12,Big 12,,,Ferrell Center,Waco,TX,
21167,2022-01-04,19:00,2022,regular,,final,Kansas State,Texas,132,295,57,70,,Big 12,Big 12,,,Bramlage Coliseum,Manhattan,KS,
21168,2022-01-04,19:00,2022,regular,,final,LSU,Kentucky,136,135,65,60,,SEC,SEC,,,Pete Maravich Assembly Center,Baton Rouge,LA,
21173,2022-01-04,19:00,2022,regular,,final,Bucknell,Army,32,15,89,96,,Patriot,Patriot,,,Sojka Pavilion,Lewisburg,PA,
21174,2022-01-04,19:00,2022,regular,,final,Loyola Maryland,Holy Cross,152,111,79,70,,Patriot,Patriot,,,Reitz Arena,Baltimore,MD,
21175,2022-01-04,19:00,2022,regular,,final,Lehigh,Colgate,141,55,85,81,,Patriot,Patriot,,,Stabler Arena,Bethlehem,PA,
21176,2022-01-04,19:00,2022,regular,,final,Navy,Boston University,187,27,83,71,,Patriot,Patriot,,,Alumni Hall (Navy),Annapolis,MD,
21177,2022-01-04,19:00,2022,regular,,final,Wake Forest,Florida State,342,90,76,54,,ACC,ACC,,,LJVM Coliseum,Winston-Salem,NC,
21178,2022-01-04,19:00,2022,regular,,final,Virginia Tech,NC State,340,185,63,68,,ACC,ACC,,,Cassell Coliseum,Blacksburg,VA,
21179,2022-01-04,19:00,2022,regular,,final,Stetson,Liberty,283,142,59,75,,ASUN,ASUN,,,Edmunds Center,DeLand,FL,
21180,2022-01-04,19:00,2022,regular,,final,Eastern Kentucky,Central Arkansas,78,43,72,79,,ASUN,ASUN,,,Baptist Health Arena,Richmond,KY,
21181,2022-01-04,19:00,2022,regular,,final,Central Michigan,Toledo,45,300,54,82,,MAC,MAC,,,McGuirk Arena,Mount Pleasant,MI,
21182,2022-01-04,19:00,2022,regular,,final,Ball State,Kent State,19,134,65,66,,MAC,MAC,,,Worthen Arena,Muncie,IN,
21183,2022-01-04,19:00,2022,regular,,final,Western Michigan,Eastern Michigan,351,79,79,85,,MAC,MAC,,,University Arena (MI),Kalamazoo,MI,
21184,2022-01-04,19:00,2022,regular,,final,Georgia,Texas A&M,98,293,79,81,,SEC,SEC,,,Stegeman Coliseum,Athens,GA,
21185,2022-01-04,19:00,2022,regular,,final,Rutgers,Michigan,245,170,75,67,,Big Ten,Big Ten,,,Jersey Mike’s Arena,Piscataway,NJ,
21186,2022-01-04,19:00,2022,regular,,final,Minnesota,Illinois,173,118,53,76,,Big Ten,Big Ten,,,Williams Arena,Minneapolis,MN,
21191,2022-01-04,19:00,2022,regular,,cancelled,Georgetown,Xavier,97,359,0,0,,Big East,Big East,,,Capital One Arena,Washington,DC,
21192,2022-01-04,19:00,2022,regular,,scheduled,American University,Lafayette,8,138,0,0,,Patriot,Patriot,,,Bender Arena,Washington,DC,
21193,2022-01-04,19:00,2022,regular,,cancelled,Pennsylvania,Howard,227,114,0,0,,Ivy,MEAC,,,The Palestra,Philadelphia,PA,
21194,2022-01-04,19:00,2022,regular,,scheduled,Jacksonville State,Bellarmine,128,21,0,0,,ASUN,ASUN,,,Pete Mathews Coliseum,Jacksonville,AL,
21195,2022-01-04,19:00,2022,regular,,scheduled,Bowling Green,Miami (OH),28,167,0,0,,MAC,MAC,,,Stroh Center,Bowling Green,OH,
21171,2022-01-04,20:00,2022,regular,,final,Butler,Seton Hall,34,263,56,71,,Big East,Big East,,,Hinkle Fieldhouse,Indianapolis,IN,
21187,2022-01-04,20:00,2022,regular,,final,Lipscomb,North Alabama,143,197,84,74,,ASUN,ASUN,,,Allen Arena,Nashville,TN,
21196,2022-01-04,20:00,2022,regular,,scheduled,Northern Illinois,Buffalo,208,33,0,0,,MAC,MAC,,,NIU Convocation Center,Dekalb,IL,
21188,2022-01-04,20:30,2022,regular,,final,Arkansas,Vanderbilt,12,336,74,75,,SEC,SEC,,,Bud Walton Arena,Fayetteville,AR,
21164,2022-01-04,21:00,2022,regular,,final,Duke,Georgia Tech,72,101,69,57,,ACC,ACC,,,Cameron Indoor Stadium,Durham,NC,
21165,2022-01-04,21:00,2022,regular,,final,Oklahoma State,Kansas,218,131,63,74,,Big 12,Big 12,,,Gallagher-Iba Arena,Stillwater,OK,
21169,2022-01-04,21:00,2022,regular,,final,Marquette,Providence,157,235,88,56,,Big East,Big East,,,Fiserv Forum,Milwaukee,WI,
21170,2022-01-04,21:00,2022,regular,,final,Colorado State,Air Force,57,2,67,59,,Mountain West,Mountain West,,,Moby Arena,Fort Collins,CO,
21189,2022-01-04,21:00,2022,regular,,final,Memphis,Tulsa,163,304,67,64,,American,American,,,FedExForum,Memphis,TN,
21190,2022-01-04,21:00,2022,regular,,final,Clemson,Virginia,52,339,65,75,,ACC,ACC,,,Littlejohn Coliseum,Clemson,SC,
21197,2022-01-04,22:00,2022,regular,,cancelled,Cal State Fullerton,Long Beach State,37,145,0,0,,Big West,Big West,,,Titan Gym,Fullerton,CA,
21198,2022-01-04,22:00,2022,regular,,scheduled,Utah State,Boise State,329,25,0,0,,Mountain West,Mountain West,,,Dee Glen Smith Spectrum,Logan,UT,
21199,2022-01-04,23:00,2022,regular,,scheduled,Nevada,Wyoming,189,358,0,0,,Mountain West,Mountain West,,,Lawlor Events Center,Reno,NV,
21206,2022-01-05,13:00,2022,regular,,final,Florida International,Bethune-Cookman,89,23,68,65,,CUSA,SWAC,,,Ocean Bank Convocation Center,Miami,FL,
21207,2022-01-05,15:00,2022,regular,,final,Longwood,Pfeiffer,147,535,109,69,,Big South,,,,Willett Hall,Farmville,VA,
21208,2022-01-05,17:00,2022,regular,,final,Morgan State,Goucher,182,1057,100,41,,MEAC,,,,Hill Field House,Baltimore,MD,
21242,2022-01-05,17:00,2022,regular,,scheduled,Kennesaw State,Jacksonville,133,127,0,0,,ASUN,ASUN,,,KSU Convocation Center,Kennesaw,GA,
21209,2022-01-05,18:30,2022,regular,,final,St. John's,DePaul,279,65,89,84,,Big East,Big East,,,Carnesecca Arena,Queens,NY,
21200,2022-01-05,19:00,2022,regular,,final,Michigan State,Nebraska,169,188,79,67,,Big Ten,Big Ten,,,Breslin Center,East Lansing,MI,
21202,2022-01-05,19:00,2022,regular,,final,South Florida,Houston,271,113,66,83,,American,American,,,Yuengling Center,Tampa,FL,
21203,2022-01-05,19:00,2022,regular,,final,Florida,Alabama,87,5,70,83,,SEC,SEC,,,Stephen C. O'Connell Center,Gainesville,FL,
21204,2022-01-05,19:00,2022,regular,,final,Tennessee,Ole Miss,292,220,66,60,,SEC,SEC,,,Food City Center,Knoxville,TN,
21210,2022-01-05,19:00,2022,regular,,final,Buffalo,Bowling Green,33,28,99,88,,MAC,MAC,,,Alumni Arena,Buffalo,NY,
21211,2022-01-05,19:00,2022,regular,,final,East Carolina,Tulane,74,303,88,80,,American,American,,,Minges Coliseum,Greenville,NC,
21212,2022-01-05,19:00,2022,regular,,final,UCF,Temple,312,289,62,66,,American,American,,,Addition Financial Arena,Orlando,FL,
21213,2022-01-05,19:00,2022,regular,,final,North Carolina A&T,Presbyterian,198,233,65,57,,Big South,Big South,,,Corbett Sports Center,Greensboro,NC,
21214,2022-01-05,19:00,2022,regular,,final,Charleston Southern,Gardner-Webb,47,94,63,88,,Big South,Big South,,,Buccaneer Fieldhouse,Charleston,SC,
21215,2022-01-05,19:00,2022,regular,,final,Campbell,UNC Asheville,41,319,54,60,,Big South,Big South,,,John W. Pope Jr. Convocation Center,Buies Creek,NC,
21216,2022-01-05,19:00,2022,regular,,final,Louisville,Pittsburgh,150,229,75,72,,ACC,ACC,,,KFC Yum! Center,Louisville,KY,
21217,2022-01-05,19:00,2022,regular,,final,Robert Morris,Youngstown State,244,361,60,64,,Horizon,Horizon,,,UPMC Events Center,Moon Township,PA,
21218,2022-01-05,19:00,2022,regular,,final,Cleveland State,Purdue Fort Wayne,53,237,65,58,,Horizon,Horizon,,,Wolstein Center,Cleveland,OH,
21219,2022-01-05,19:00,2022,regular,,final,Dayton,VCU,64,333,52,53,,A-10,A-10,,,UD Arena,Dayton,OH,
21220,2022-01-05,19:00,2022,regular,,final,Saint Joseph's,Davidson,251,63,73,88,,A-10,A-10,,,Michael J. Hagan '85 Arena,Philadelphia,PA,
21221,2022-01-05,19:00,2022,regular,,final,Richmond,Massachusetts,242,161,80,72,,A-10,A-10,,,Robins Center,Richmond,VA,
21222,2022-01-05,19:00,2022,regular,,final,Wofford,Chattanooga,356,49,67,75,,SoCon,SoCon,,,Jerry Richardson Indoor Stadium,Spartanburg,SC,
21223,2022-01-05,19:00,2022,regular,,final,Mercer,Samford,164,256,83,80,,SoCon,SoCon,,,Hawkins Arena,Macon,GA,
21224,2022-01-05,19:00,2022,regular,,final,UNC Greensboro,Furman,320,93,54,58,,SoCon,SoCon,,,First Horizon Coliseum,Greensboro,NC,
21225,2022-01-05,19:00,2022,regular,,final,East Tennessee State,VMI,75,334,80,79,,SoCon,SoCon,,,Freedom Hall (TN),Johnson City,TN,
21226,2022-01-05,19:00,2022,regular,,final,Western Carolina,The Citadel,348,299,94,90,,SoCon,SoCon,,,Ramsey Center,Cullowhee,NC,
21243,2022-01-05,19:00,2022,regular,,cancelled,North Carolina Central,Mid-Atlantic Christian,199,516,0,0,,MEAC,,,,McDougald-McLendon Arena,Durham,NC,
21244,2022-01-05,19:00,2022,regular,,scheduled,High Point,Winthrop,109,354,0,0,,Big South,Big South,,,Qubein Center,High Point,NC,
21245,2022-01-05,19:00,2022,regular,,cancelled,Detroit Mercy,Oakland,69,214,0,0,,Horizon,Horizon,,,Calihan Hall,Detroit,MI,
21246,2022-01-05,19:00,2022,regular,,scheduled,Indiana State,Evansville,122,82,0,0,,MVC,MVC,,,Hulman Center,Terre Haute,IN,
21247,2022-01-05,19:00,2022,regular,,cancelled,George Mason,Rhode Island,95,240,0,0,,A-10,A-10,,,EagleBank Arena,Fairfax,VA,
21248,2022-01-05,19:00,2022,regular,,scheduled,Saint Louis,La Salle,252,137,0,0,,A-10,A-10,,,Chaifetz Arena,St. Louis,MO,
21249,2022-01-05,19:00,2022,regular,,scheduled,St. Bonaventure,Fordham,277,91,0,0,,A-10,A-10,,,Reilly Center,Saint Bonaventure,NY,
21250,2022-01-05,19:00,2022,regular,,scheduled,Duquesne,George Washington,73,96,0,0,,A-10,A-10,,,UPMC Cooper Fieldhouse,Pittsburgh,PA,
21251,2022-01-05,19:00,2022,regular,,scheduled,Hofstra,Charleston,110,46,0,0,,CAA,CAA,,,David S. Mack Sports and Exhibition Complex,Hempstead,NY,
21252,2022-01-05,19:00,2022,regular,,scheduled,Delaware,Towson,66,301,0,0,,CAA,CAA,,,Bob Carpenter Center,Newark,DE,
21253,2022-01-05,19:00,2022,regular,,scheduled,Northeastern,UNC Wilmington,205,321,0,0,,CAA,CAA,,,Matthews Arena,Boston,MA,
21227,2022-01-05,19:30,2022,regular,,final,Florida Gulf Coast,North Florida,88,203,74,67,,ASUN,ASUN,,,Alico Arena,Fort Myers,FL,
21228,2022-01-05,20:00,2022,regular,,final,Northern Arizona,Embry-Riddle (AZ),206,687,101,54,,Big Sky,,,,J. Lawrence Walkup Skydome,Flagstaff,AZ,
21229,2022-01-05,20:00,2022,regular,,final,Miami,Syracuse,168,286,88,87,,ACC,ACC,,,Watsco Center,Coral Gables,FL,
21230,2022-01-05,20:00,2022,regular,,final,Green Bay,Milwaukee,105,172,49,63,,Horizon,Horizon,,,Resch Center,Ashwaubenon,WI,
21254,2022-01-05,20:00,2022,regular,,scheduled,Southern Illinois,Drake,273,70,0,0,,MVC,MVC,,,Banterra Center,Carbondale,IL,
21205,2022-01-05,20:30,2022,regular,,final,Villanova,Creighton,338,61,75,41,,Big East,Big East,,,Finneran Pavilion,Villanova,PA,
21231,2022-01-05,20:30,2022,regular,,final,Mississippi Valley State,Alabama A&M,175,4,67,72,,SWAC,SWAC,,,R.W. Harrison HPER Complex,Itta Bena,MS,
21232,2022-01-05,20:30,2022,regular,,final,Arkansas-Pine Bluff,Alabama State,14,6,70,68,,SWAC,SWAC,,,H.O. Clemmons Arena,Pine Bluff,AR,
21233,2022-01-05,20:30,2022,regular,,postponed,Southern,Prairie View A&M,274,232,2,0,,SWAC,SWAC,,,F.G. Clark Activity Center,Baton Rouge,LA,Southern wins due to Prairie View A&M forfeit
21234,2022-01-05,20:30,2022,regular,,final,Grambling,Texas Southern,103,296,61,67,,SWAC,SWAC,,,Fredrick C. Hobdy Assembly Center,Grambling,LA,
21235,2022-01-05,20:30,2022,regular,,final,Jackson State,Alcorn State,126,7,50,65,,SWAC,SWAC,,,Lee E. Williams Athletics and Assembly Center,Jackson,MS,
21201,2022-01-05,21:00,2022,regular,,final,Iowa State,Texas Tech,125,298,51,47,,Big 12,Big 12,,,Hilton Coliseum,Ames,IA,
21236,2022-01-05,21:00,2022,regular,,final,Notre Dame,North Carolina,213,200,78,73,,ACC,ACC,,,Purcell Pavilion,South Bend,IN,
21237,2022-01-05,21:00,2022,regular,,final,Northern Iowa,Valparaiso,209,335,92,65,,MVC,MVC,,,McLeod Center,Cedar Falls,IA,
21238,2022-01-05,21:00,2022,regular,,final,Bradley,Missouri State,29,176,69,71,,MVC,MVC,,,Carver Arena,Peoria,IL,
21239,2022-01-05,21:00,2022,regular,,final,Northwestern,Penn State,212,226,70,74,,Big Ten,Big Ten,,,Welsh-Ryan Arena,Evanston,IL,
21255,2022-01-05,21:00,2022,regular,,scheduled,Illinois State,Loyola Chicago,119,151,0,0,,MVC,MVC,,,CEFCU Arena,Normal,IL,
21256,2022-01-05,21:00,2022,regular,,scheduled,Missouri,Mississippi State,177,174,0,0,,SEC,SEC,,,Mizzou Arena,Columbia,MO,
21240,2022-01-05,22:00,2022,regular,,final,Long Beach State,Westcliff,145,806,90,64,,Big West,,,,Walter Pyramid,Long Beach,CA,
21241,2022-01-05,22:30,2022,regular,,scheduled,UCLA,Arizona State,313,10,0,0,,Pac-12,Pac-12,,,Pauley Pavilion,Los Angeles,CA,
21257,2022-01-05,22:30,2022,regular,,scheduled,San Diego State,Fresno State,257,92,0,0,,Mountain West,Mountain West,,,Viejas Arena,San Diego,CA,
21258,2022-01-05,23:00,2022,regular,,scheduled,San José State,UNLV,260,322,0,0,,Mountain West,Mountain West,,,Provident Credit Union Event Center,San Jose,CA,
21263,2022-01-06,12:00,2022,regular,,final,Houston Christian,SE Louisiana,112,246,81,90,1,Southland,Southland,,,Leonard E. Merrell Center,Katy,TX,Southland Conference Men's Basketball Tip-Off
21303,2022-01-06,14:00,2022,regular,,final,San Francisco,Loyola Chicago,259,151,74,79,1,WCC,MVC,,,Lifetime Activities Center,Salt Lake City,UT,
21264,2022-01-06,14:30,2022,regular,,final,McNeese,New Orleans,162,193,92,82,1,Southland,Southland,,,Leonard E. Merrell Center,Katy,TX,Southland Conference Men's Basketball Tip-Off
21265,2022-01-06,16:00,2022,regular,,final,South Carolina Upstate,Radford,268,239,77,82,,Big South,Big South,,,G.B. Hodge Center,Spartanburg,SC,
21266,2022-01-06,18:00,2022,regular,,final,UMass Lowell,NJIT,318,186,72,77,,Am. East,Am. East,,,Costello Athletic Center,Lowell,MA,
21267,2022-01-06,18:00,2022,regular,,final,Texas A&M-Corpus Christi,Northwestern State,294,211,89,67,1,Southland,Southland,,,Leonard E. Merrell Center,Katy,TX,Southland Conference Men's Basketball Tip-Off
21261,2022-01-06,19:00,2022,regular,,final,Indiana,Ohio State,121,216,67,51,,Big Ten,Big Ten,,,Simon Skjodt Assembly Hall,Bloomington,IN,
21268,2022-01-06,19:00,2022,regular,,final,UAlbany,Binghamton,306,24,79,88,,Am. East,Am. East,,,Broadview Center,Albany,NY,
21269,2022-01-06,19:00,2022,regular,,final,Tennessee State,UT Martin,290,325,78,94,,OVC,OVC,,,Gentry Center,Nashville,TN,
21270,2022-01-06,19:00,2022,regular,,final,Wagner,Bryant,341,31,84,81,,NEC,NEC,,,Spiro Sports Center,Staten Island,NY,
21271,2022-01-06,19:00,2022,regular,,final,St. Francis Brooklyn,St. Francis (PA),364,278,70,53,,NEC,NEC,,,Pope Physical Education Center,Brooklyn,NY,
21272,2022-01-06,19:00,2022,regular,,final,Long Island University,Mount St. Mary's,146,183,74,57,,NEC,NEC,,,Steinberg Wellness Center,Brooklyn,NY,
21273,2022-01-06,19:00,2022,regular,,postponed,Fairleigh Dickinson,Merrimack,84,166,0,2,,NEC,NEC,,,Bogota Savings Bank Center,Hackensack,NJ,Merrimack wins due to Farleigh Dickinson forfeit
21274,2022-01-06,19:00,2022,regular,,postponed,Central Connecticut,Sacred Heart,44,250,2,0,,NEC,NEC,,,Detrick Gymnasium,New Britain,CT,Central Connecticut wins due to Sacred Heart forfeit
21275,2022-01-06,19:00,2022,regular,,final,Vermont,New Hampshire,337,190,82,68,,Am. East,Am. East,,,Patrick Gymnasium,Burlington,VT,
21276,2022-01-06,19:00,2022,regular,,final,Wright State,UIC,357,315,90,72,,Horizon,Horizon,,,Nutter Center,Dayton,OH,
21277,2022-01-06,19:00,2022,regular,,final,Georgia State,UT Arlington,100,324,63,70,,Sun Belt,Sun Belt,,,Georgia State Sports Arena,Atlanta,GA,
21278,2022-01-06,19:00,2022,regular,,final,Troy,Coastal Carolina,302,54,69,59,,Sun Belt,Sun Belt,,,Trojan Arena,Troy,AL,
21279,2022-01-06,19:00,2022,regular,,final,Illinois,Maryland,118,160,76,64,,Big Ten,Big Ten,,,State Farm Center,Champaign,IL,
21304,2022-01-06,19:00,2022,regular,,scheduled,Stony Brook,UMBC,285,317,0,0,,Am. East,Am. East,,,Island FCU Arena,Stony Brook,NY,
21305,2022-01-06,19:00,2022,regular,,scheduled,Maine,Hartford,154,363,0,0,,Am. East,Am. East,,,Cross Insurance Center,Bangor,ME,
21306,2022-01-06,19:00,2022,regular,,cancelled,Northern Kentucky,IU Indianapolis,210,115,0,0,,Horizon,Horizon,,,Truist Arena,Highland Heights,KY,
21307,2022-01-06,19:00,2022,regular,,cancelled,Georgia Southern,Texas State,99,297,0,0,,Sun Belt,Sun Belt,,,Hanner Fieldhouse,Statesboro,GA,
21308,2022-01-06,19:00,2022,regular,,scheduled,Western Illinois,Kansas City,349,130,0,0,,Summit,Summit,,,Western Hall,Macomb,IL,
21259,2022-01-06,19:30,2022,regular,,final,UCLA,Long Beach State,313,145,96,78,,Pac-12,Big West,,,Pauley Pavilion,Los Angeles,CA,
21280,2022-01-06,19:30,2022,regular,,final,UL Monroe,Little Rock,316,144,80,72,,Sun Belt,Sun Belt,,,Fant-Ewing Coliseum,Monroe,LA,
21281,2022-01-06,20:00,2022,regular,,postponed,Lamar,New Mexico State,139,192,0,2,,UAC,UAC,,,Montagne Center,Beaumont,TX,New Mexico State wins due to Lamar forfeit
21282,2022-01-06,20:00,2022,regular,,final,Chicago State,Seattle U,50,262,77,93,,UAC,UAC,,,Jones Convocation Center,Chicago,IL,
21283,2022-01-06,20:00,2022,regular,,final,UTSA,Southern Miss,328,275,73,74,,CUSA,CUSA,,,UTSA Convocation Center,San Antonio,TX,
21284,2022-01-06,20:00,2022,regular,,final,North Texas,UAB,204,305,63,69,,CUSA,CUSA,,,The Super Pit,Denton,TX,
21285,2022-01-06,20:00,2022,regular,,final,Rice,Middle Tennessee,241,171,65,61,,CUSA,CUSA,,,Tudor Fieldhouse,Houston,TX,
21286,2022-01-06,20:00,2022,regular,,final,UT Rio Grande Valley,Grand Canyon,326,104,70,84,,UAC,UAC,,,UTRGV Fieldhouse,Edinburg,TX,
21287,2022-01-06,20:00,2022,regular,,final,Tarleton State,Sam Houston,288,255,75,64,,UAC,UAC,,,Wisdom Gym,Stephenville,TX,
21288,2022-01-06,20:00,2022,regular,,final,Abilene Christian,Stephen F. Austin,1,282,58,64,,UAC,UAC,,,Teague Center,Abilene,TX,
21289,2022-01-06,20:00,2022,regular,,final,Louisiana,Arkansas State,148,13,83,77,,Sun Belt,Sun Belt,,,Cajundome,Lafayette,LA,
21290,2022-01-06,20:00,2022,regular,,final,South Alabama,App State,265,9,64,72,,Sun Belt,Sun Belt,,,Mitchell Center,Mobile,AL,
21291,2022-01-06,20:00,2022,regular,,final,St. Thomas-Minnesota,Oral Roberts,280,222,66,81,,Summit,Summit,,,Schoenecker Arena,Saint Paul,MN,
21292,2022-01-06,20:00,2022,regular,,final,Omaha,North Dakota,221,201,98,82,,Summit,Summit,,,Baxter Arena,Omaha,NE,
21293,2022-01-06,20:30,2022,regular,,final,Incarnate Word,Nicholls,120,195,56,87,1,Southland,Southland,,,Leonard E. Merrell Center,Katy,TX,Southland Conference Men's Basketball Tip-Off
21294,2022-01-06,20:30,2022,regular,,final,Belmont,Southeast Missouri State,22,272,102,62,,OVC,OVC,,,Curb Event Center Arena,Nashville,TN,
21309,2022-01-06,20:30,2022,regular,,scheduled,Eastern Illinois,Murray State,77,184,0,0,,OVC,OVC,,,Groniger Arena,Charleston,IL,
21262,2022-01-06,21:00,2022,regular,,final,Wisconsin,Iowa,355,124,87,78,,Big Ten,Big Ten,,,Kohl Center,Madison,WI,
21295,2022-01-06,21:00,2022,regular,,final,Colorado,Washington State,56,344,83,78,,Pac-12,Pac-12,,,CU Events Center,Boulder,CO,
21296,2022-01-06,21:00,2022,regular,,final,Idaho,Montana State,117,180,72,92,,Big Sky,Big Sky,,,ICCU Arena,Moscow,ID,
21297,2022-01-06,21:00,2022,regular,,final,Eastern Washington,Montana,80,179,78,90,,Big Sky,Big Sky,,,Reese Court,Cheney,WA,
21298,2022-01-06,21:00,2022,regular,,final,BYU,Pacific,18,225,73,51,,WCC,WCC,,,Marriott Center,Provo,UT,
21310,2022-01-06,21:00,2022,regular,,cancelled,UC Davis,UC Irvine,307,308,0,0,,Big West,Big West,,,University Credit Union Center,Davis,CA,
21311,2022-01-06,21:00,2022,regular,,scheduled,Southern Utah,Portland State,276,231,0,0,,Big Sky,Big Sky,,,America First Events Center,Cedar City,UT,
21299,2022-01-06,21:30,2022,regular,,final,Cincinnati,SMU,51,248,77,60,,American,American,,,Fifth Third Arena,Cincinnati,OH,
21300,2022-01-06,21:30,2022,regular,,final,Utah,Washington,331,343,68,74,,Pac-12,Pac-12,,,Jon M. Huntsman Center,Salt Lake City,UT,
21301,2022-01-06,22:00,2022,regular,,final,UC Riverside,UC San Diego,309,310,59,51,,Big West,Big West,,,SRC Arena,Riverside,CA,
21302,2022-01-06,22:00,2022,regular,,final,UTEP,Louisiana Tech,327,149,52,64,,CUSA,CUSA,,,Don Haskins Center,El Paso,TX,
21312,2022-01-06,22:00,2022,regular,,cancelled,UC Santa Barbara,Cal Poly,311,35,0,0,,Big West,Big West,,,The Thunderdome,Santa Barbara,CA,
21313,2022-01-06,22:00,2022,regular,,cancelled,Cal State Fullerton,Hawai'i,37,108,0,0,,Big West,Big West,,,Titan Gym,Fullerton,CA,
21314,2022-01-06,22:00,2022,regular,,cancelled,Cal State Northridge,Cal State Bakersfield,38,36,0,0,,Big West,Big West,,,Premier America Credit Union Arena,Northridge,CA,
21260,2022-01-06,23:00,2022,regular,,final,California,USC,40,323,63,77,,Pac-12,Pac-12,,,Haas Pavilion,Berkeley,CA,
21315,2022-01-06,23:00,2022,regular,,scheduled,Santa Clara,Saint Mary's,261,253,0,0,,WCC,WCC,,,Leavey Center,Santa Clara,CA,
21317,2022-01-07,12:00,2022,regular,,final,New Orleans,Houston Christian,193,112,81,65,1,Southland,Southland,,,Leonard E. Merrell Center,Katy,TX,Southland Conference Men's Basketball Tip-Off
21318,2022-01-07,14:30,2022,regular,,final,Incarnate Word,Northwestern State,120,211,80,83,1,Southland,Southland,,,Leonard E. Merrell Center,Katy,TX,Southland Conference Men's Basketball Tip-Off
21319,2022-01-07,17:00,2022,regular,,final,Boston University,Loyola Maryland,27,152,58,66,,Patriot,Patriot,,,Case Gym,Boston,MA,
21320,2022-01-07,17:00,2022,regular,,final,Army,Lehigh,15,141,77,55,,Patriot,Patriot,,,Christl Arena,West Point,NY,
21336,2022-01-07,17:00,2022,regular,,scheduled,Colgate,American University,55,8,0,0,,Patriot,Patriot,,,Cotterell Court,Hamilton,NY,
21321,2022-01-07,18:00,2022,regular,,final,McNeese,SE Louisiana,162,246,78,83,1,Southland,Southland,,,Leonard E. Merrell Center,Katy,TX,Southland Conference Men's Basketball Tip-Off
21322,2022-01-07,18:30,2022,regular,,final,Georgetown,Marquette,97,157,64,92,,Big East,Big East,,,Capital One Arena,Washington,DC,
21323,2022-01-07,18:30,2022,regular,,final,Ohio,Kent State,215,134,80,72,,MAC,MAC,,,Convocation Center (OH),Athens,OH,
21324,2022-01-07,19:00,2022,regular,,final,Holy Cross,Lafayette,111,138,79,74,,Patriot,Patriot,,,Hart Center,Worcester,MA,
21325,2022-01-07,19:00,2022,regular,,final,Navy,Bucknell,187,32,73,55,,Patriot,Patriot,,,Alumni Hall (Navy),Annapolis,MD,
21326,2022-01-07,19:00,2022,regular,,final,Pennsylvania,Cornell,227,60,79,65,,Ivy,Ivy,,,The Palestra,Philadelphia,PA,
21327,2022-01-07,19:00,2022,regular,,final,Princeton,Columbia,234,58,84,69,,Ivy,Ivy,,,Jadwin Gymnasium,Princeton,NJ,
21328,2022-01-07,19:00,2022,regular,,final,Harvard,Brown,107,30,73,84,,Ivy,Ivy,,,Lavietes Pavilion,Cambridge,MA,
21329,2022-01-07,19:00,2022,regular,,final,Detroit Mercy,Milwaukee,69,172,85,60,,Horizon,Horizon,,,Calihan Hall,Detroit,MI,
21330,2022-01-07,19:00,2022,regular,,final,Oakland,Ohio Christian,214,580,108,40,,Horizon,,,,OU Credit Union O'rena,Rochester,MI,
21331,2022-01-07,19:00,2022,regular,,final,Youngstown State,Purdue Fort Wayne,361,237,61,71,,Horizon,Horizon,,,Beeghly Center,Youngstown,OH,
21332,2022-01-07,19:00,2022,regular,,final,Robert Morris,Cleveland State,244,53,77,78,,Horizon,Horizon,,,UPMC Events Center,Moon Township,PA,
21333,2022-01-07,19:00,2022,regular,,final,Fairfield,Marist,83,156,51,60,,Metro,Metro,,,Total Mortgage Arena,Bridgeport,CT,
21337,2022-01-07,19:00,2022,regular,,scheduled,Dartmouth,Yale,62,360,0,0,,Ivy,Ivy,,,Leede Arena,Hanover,NH,
21338,2022-01-07,19:00,2022,regular,,scheduled,Rider,Manhattan,243,155,0,0,,Metro,Metro,,,Alumni Gymnasium (Rider),Lawrenceville,NJ,
21339,2022-01-07,19:00,2022,regular,,scheduled,Saint Peter's,Iona,254,123,0,0,,Metro,Metro,,,Yanitelli Center,Jersey City,NJ,
21340,2022-01-07,19:00,2022,regular,,scheduled,Monmouth,Siena,178,264,0,0,,Metro,Metro,,,OceanFirst Bank Center,West Long Branch,NJ,
21316,2022-01-07,20:30,2022,regular,,final,Butler,Xavier,34,359,72,87,,Big East,Big East,,,Hinkle Fieldhouse,Indianapolis,IN,
21334,2022-01-07,20:30,2022,regular,,final,Nicholls,Texas A&M-Corpus Christi,195,294,84,75,1,Southland,Southland,,,Leonard E. Merrell Center,Katy,TX,Southland Conference Men's Basketball Tip-Off
21335,2022-01-07,22:30,2022,regular,,scheduled,Boise State,Colorado State,25,57,0,0,,Mountain West,Mountain West,,,ExtraMile Arena,Boise,ID,
21343,2022-01-08,12:00,2022,regular,,final,Penn State,Purdue,226,236,67,74,,Big Ten,Big Ten,,,Bryce Jordan Center,University Park,PA,
21349,2022-01-08,12:00,2022,regular,,final,Houston,Wichita State,113,352,76,66,,American,American,,,Fertitta Center,Houston,TX,
21352,2022-01-08,12:00,2022,regular,,final,Providence,St. John's,235,279,83,73,,Big East,Big East,,,Amica Mutual Pavilion,Providence,RI,
21357,2022-01-08,12:00,2022,regular,,final,Seton Hall,UConn,263,314,90,87,,Big East,Big East,,,Prudential Center,Newark,NJ,
21358,2022-01-08,12:00,2022,regular,,final,Incarnate Word,Houston Christian,120,112,60,50,1,Southland,Southland,,,Leonard E. Merrell Center,Katy,TX,Southland Conference Men's Basketball Tip-Off
21359,2022-01-08,12:00,2022,regular,,final,NC State,Clemson,185,52,65,70,,ACC,ACC,,,Lenovo Center,Raleigh,NC,
21360,2022-01-08,12:00,2022,regular,,final,New Hampshire,UAlbany,190,306,64,62,,Am. East,Am. East,,,Lundholm Gymnasium,Durham,NH,
21361,2022-01-08,12:00,2022,regular,,final,Massachusetts,Duquesne,161,73,74,78,,A-10,A-10,,,Mullins Center,Amherst,MA,
21362,2022-01-08,12:00,2022,regular,,final,George Washington,Dayton,96,64,58,83,,A-10,A-10,,,Charles E. Smith Center,Washington,DC,
21363,2022-01-08,12:00,2022,regular,,final,Vanderbilt,South Carolina,336,266,70,72,,SEC,SEC,,,Memorial Gymnasium (TN),Nashville,TN,
21364,2022-01-08,13:00,2022,regular,,final,Chicago State,California Baptist,50,39,58,56,,UAC,UAC,,,Jones Convocation Center,Chicago,IL,
21365,2022-01-08,13:00,2022,regular,,postponed,Wagner,Sacred Heart,341,250,2,0,,NEC,NEC,,,Spiro Sports Center,Staten Island,NY,Wagner wins due to Sacred Heart forfeit
21366,2022-01-08,13:00,2022,regular,,final,Central Connecticut,Merrimack,44,166,57,66,,NEC,NEC,,,Detrick Gymnasium,New Britain,CT,
21367,2022-01-08,13:00,2022,regular,,final,North Carolina,Virginia,200,339,74,58,,ACC,ACC,,,Dean E. Smith Center,Chapel Hill,NC,
21368,2022-01-08,13:00,2022,regular,,final,Omaha,North Dakota State,221,202,67,71,,Summit,Summit,,,Baxter Arena,Omaha,NE,
21369,2022-01-08,13:00,2022,regular,,final,VMI,UNC Greensboro,334,320,56,72,,SoCon,SoCon,,,Cameron Hall,Lexington,VA,
21370,2022-01-08,13:00,2022,regular,,final,Texas A&M,Arkansas,293,12,86,81,,SEC,SEC,,,Reed Arena,College Station,TX,
21350,2022-01-08,14:00,2022,regular,,final,Oklahoma State,Texas,218,295,64,51,,Big 12,Big 12,,,Gallagher-Iba Arena,Stillwater,OK,
21355,2022-01-08,14:00,2022,regular,,final,DePaul,Villanova,65,338,64,79,,Big East,Big East,,,Wintrust Arena,Chicago,IL,
21371,2022-01-08,14:00,2022,regular,,final,Temple,East Carolina,289,74,78,75,,American,American,,,Liacouras Center,Philadelphia,PA,
21372,2022-01-08,14:00,2022,regular,,final,Long Island University,St. Francis (PA),146,278,75,70,,NEC,NEC,,,Steinberg Wellness Center,Brooklyn,NY,
21373,2022-01-08,14:00,2022,regular,,postponed,Fairleigh Dickinson,Bryant,84,31,0,2,,NEC,NEC,,,Bogota Savings Bank Center,Hackensack,NJ,Bryant wins due to Fairleigh Dickinson forfeit
21374,2022-01-08,14:00,2022,regular,,final,Gardner-Webb,Hampton,94,106,78,69,,Big South,Big South,,,Paul Porter Arena,Boiling Springs,NC,
21375,2022-01-08,14:00,2022,regular,,final,Wake Forest,Syracuse,342,286,77,74,,ACC,ACC,,,LJVM Coliseum,Winston-Salem,NC,
21376,2022-01-08,14:00,2022,regular,,final,Stony Brook,Maine,285,154,80,72,,Am. East,Am. East,,,Island FCU Arena,Stony Brook,NY,
21377,2022-01-08,14:00,2022,regular,,final,West Virginia,Kansas State,347,132,71,68,,Big 12,Big 12,,,WVU Coliseum,Morgantown,WV,
21378,2022-01-08,14:00,2022,regular,,final,Wright State,IU Indianapolis,357,115,72,58,,Horizon,Horizon,,,Nutter Center,Dayton,OH,
21379,2022-01-08,14:00,2022,regular,,final,Davidson,Rhode Island,63,240,72,68,,A-10,A-10,,,John M. Belk Arena,Davidson,NC,
21380,2022-01-08,14:00,2022,regular,,final,La Salle,VCU,137,333,66,85,,A-10,A-10,,,Tom Gola Arena,Philadelphia,PA,
21381,2022-01-08,14:00,2022,regular,,final,Toledo,Northern Illinois,300,208,94,63,,MAC,MAC,,,Savage Arena,Toledo,OH,
21382,2022-01-08,14:00,2022,regular,,final,Rutgers,Nebraska,245,188,93,65,,Big Ten,Big Ten,,,Jersey Mike’s Arena,Piscataway,NJ,
21457,2022-01-08,14:00,2022,regular,,scheduled,UCF,Tulsa,312,304,0,0,,American,American,,,Addition Financial Arena,Orlando,FL,
21458,2022-01-08,14:00,2022,regular,,cancelled,Northern Kentucky,UIC,210,315,0,0,,Horizon,Horizon,,,Truist Arena,Highland Heights,KY,
21459,2022-01-08,14:00,2022,regular,,cancelled,Georgia State,Texas State,100,297,0,0,,Sun Belt,Sun Belt,,,Georgia State Sports Arena,Atlanta,GA,
21460,2022-01-08,14:00,2022,regular,,scheduled,Fordham,Richmond,91,242,0,0,,A-10,A-10,,,Rose Hill Gym,Bronx,NY,
21461,2022-01-08,14:00,2022,regular,,scheduled,Miami (OH),Akron,167,3,0,0,,MAC,MAC,,,Millett Hall,Oxford,OH,
21383,2022-01-08,14:30,2022,regular,,final,Northwestern State,New Orleans,211,193,79,80,1,Southland,Southland,,,Leonard E. Merrell Center,Katy,TX,Southland Conference Men's Basketball Tip-Off
21456,2022-01-08,14:30,2022,regular,,scheduled,Michigan,Michigan State,170,169,0,0,,Big Ten,Big Ten,,,Crisler Center,Ann Arbor,MI,
21384,2022-01-08,15:00,2022,regular,,final,Western Kentucky,Florida International,350,89,84,71,,CUSA,CUSA,,,E.A. Diddle Arena,Bowling Green,KY,
21385,2022-01-08,15:00,2022,regular,,final,UL Monroe,Arkansas State,316,13,83,90,,Sun Belt,Sun Belt,,,Fant-Ewing Coliseum,Monroe,LA,
21386,2022-01-08,15:00,2022,regular,,final,Georgia Southern,UT Arlington,99,324,74,73,,Sun Belt,Sun Belt,,,Hanner Fieldhouse,Statesboro,GA,
21387,2022-01-08,15:00,2022,regular,,final,Western Illinois,Oral Roberts,349,222,86,87,,Summit,Summit,,,Western Hall,Macomb,IL,
21388,2022-01-08,15:00,2022,regular,,final,Samford,Western Carolina,256,348,85,60,,SoCon,SoCon,,,Pete Hanna Center,Homewood,AL,
21351,2022-01-08,15:30,2022,regular,,final,Missouri,Alabama,177,5,92,86,,SEC,SEC,,,Mizzou Arena,Columbia,MO,
21389,2022-01-08,15:30,2022,regular,,final,Eastern Michigan,Ball State,79,19,72,78,,MAC,MAC,,,Gervin GameAbove Center,Ypsilanti,MI,
21346,2022-01-08,16:00,2022,regular,,final,Texas Tech,Kansas,298,131,75,67,,Big 12,Big 12,,,United Supermarkets Arena,Lubbock,TX,
21356,2022-01-08,16:00,2022,regular,,final,San Diego State,Colorado State,257,57,79,49,,Mountain West,Mountain West,,,Viejas Arena,San Diego,CA,
21390,2022-01-08,16:00,2022,regular,,final,Tulane,South Florida,303,271,68,54,,American,American,,,Devlin Fieldhouse,New Orleans,LA,
21391,2022-01-08,16:00,2022,regular,,final,South Carolina State,Coppin State,267,59,65,74,,MEAC,MEAC,,,Smith-Hammond-Middleton Memorial Center,Orangeburg,SC,
21392,2022-01-08,16:00,2022,regular,,final,Long Beach State,Hawai'i,145,108,67,72,,Big West,Big West,,,Walter Pyramid,Long Beach,CA,
21393,2022-01-08,16:00,2022,regular,,final,Cal State Northridge,Cal Poly,38,35,68,55,,Big West,Big West,,,Premier America Credit Union Arena,Northridge,CA,
21394,2022-01-08,16:00,2022,regular,,final,Tennessee State,Southeast Missouri State,290,272,95,84,,OVC,OVC,,,Gentry Center,Nashville,TN,
21395,2022-01-08,16:00,2022,regular,,final,SIU Edwardsville,Murray State,247,184,69,74,,OVC,OVC,,,First Community Arena,Edwardsville,IL,
21396,2022-01-08,16:00,2022,regular,,final,Bethune-Cookman,Grambling,23,103,66,68,,SWAC,SWAC,,,Moore Gymnasium (FL),Daytona Beach,FL,
21397,2022-01-08,16:00,2022,regular,,final,Florida A&M,Southern,85,274,66,80,,SWAC,SWAC,,,Al Lawson Center,Tallahassee,FL,
21398,2022-01-08,16:00,2022,regular,,final,Rice,UAB,241,305,85,80,,CUSA,CUSA,,,Tudor Fieldhouse,Houston,TX,
21399,2022-01-08,16:00,2022,regular,,final,UTSA,Louisiana Tech,328,149,63,79,,CUSA,CUSA,,,UTSA Convocation Center,San Antonio,TX,
21400,2022-01-08,16:00,2022,regular,,final,Northern Colorado,Sacramento State,207,249,71,85,,Big Sky,Big Sky,,,Bank of Colorado Arena,Greeley,CO,
21401,2022-01-08,16:00,2022,regular,,final,Utah Valley,Utah Tech,332,330,79,71,,UAC,UAC,,,UCCU Center,Orem,UT,
21402,2022-01-08,16:00,2022,regular,,postponed,Lamar,Grand Canyon,139,104,0,2,,UAC,UAC,,,Montagne Center,Beaumont,TX,Grand Canyon wins due to Lamar forfeit
21403,2022-01-08,16:00,2022,regular,,final,St. Francis Brooklyn,Mount St. Mary's,364,183,61,69,,NEC,NEC,,,Pope Physical Education Center,Brooklyn,NY,
21404,2022-01-08,16:00,2022,regular,,final,Presbyterian,South Carolina Upstate,233,268,72,82,,Big South,Big South,,,Templeton Center,Clinton,SC,
21405,2022-01-08,16:00,2022,regular,,final,Pittsburgh,Boston College,229,26,69,67,,ACC,ACC,,,Petersen Events Center,Pittsburgh,PA,
21406,2022-01-08,16:00,2022,regular,,final,Binghamton,NJIT,24,186,56,67,,Am. East,Am. East,,,Events Center (Binghamton),Binghamton,NY,
21407,2022-01-08,16:00,2022,regular,,final,Loyola Chicago,Bradley,151,29,78,71,,MVC,MVC,,,Gentile Arena,Chicago,IL,
21408,2022-01-08,16:00,2022,regular,,final,Denver,North Dakota,68,201,93,74,,Summit,Summit,,,Hamilton Gymnasium,Denver,CO,
21409,2022-01-08,16:00,2022,regular,,final,Furman,Mercer,93,164,81,66,,SoCon,SoCon,,,Timmons Arena,Greenville,SC,
21410,2022-01-08,16:00,2022,regular,,final,East Tennessee State,Wofford,75,356,57,68,,SoCon,SoCon,,,Freedom Hall (TN),Johnson City,TN,
21411,2022-01-08,16:00,2022,regular,,final,Chattanooga,The Citadel,49,299,85,67,,SoCon,SoCon,,,McKenzie Arena,Chattanooga,TN,
21455,2022-01-08,16:00,2022,regular,,scheduled,Arizona State,Arizona,10,11,0,0,,Pac-12,Pac-12,,,Desert Financial Arena,Tempe,AZ,
21462,2022-01-08,16:00,2022,regular,,cancelled,Charlotte,Longwood,48,147,0,0,,CUSA,Big South,,,Halton Arena,Charlotte,NC,
21463,2022-01-08,16:00,2022,regular,,cancelled,North Carolina Central,Morgan State,199,182,0,0,,MEAC,MEAC,,,McDougald-McLendon Arena,Durham,NC,
21464,2022-01-08,16:00,2022,regular,,cancelled,South Alabama,Coastal Carolina,265,54,0,0,,Sun Belt,Sun Belt,,,Mitchell Center,Mobile,AL,
21465,2022-01-08,16:00,2022,regular,,scheduled,George Mason,Saint Joseph's,95,251,0,0,,A-10,A-10,,,EagleBank Arena,Fairfax,VA,
21412,2022-01-08,16:30,2022,regular,,final,UT Martin,Belmont,325,22,55,81,,OVC,OVC,,,Skyhawk Arena,Martin,TN,
21413,2022-01-08,16:30,2022,regular,,final,Radford,North Carolina A&T,239,198,72,73,,Big South,Big South,,,The Dedmon Center,Radford,VA,
21414,2022-01-08,16:30,2022,regular,,final,UNC Asheville,Charleston Southern,319,47,82,59,,Big South,Big South,,,Kimmel Arena,Asheville,NC,
21466,2022-01-08,16:30,2022,regular,,scheduled,Delaware State,Howard,67,114,0,0,,MEAC,MEAC,,,Memorial Hall (DE),Dover,DE,
21341,2022-01-08,17:00,2022,regular,,final,TCU,Baylor,287,20,64,76,,Big 12,Big 12,,,Schollmaier Arena,Fort Worth,TX,
21415,2022-01-08,17:00,2022,regular,,final,Evansville,Drake,82,70,59,60,,MVC,MVC,,,Ford Center,Evansville,IN,
21416,2022-01-08,17:00,2022,regular,,final,Bowling Green,Miami (OH),28,167,87,83,,MAC,MAC,,,Stroh Center,Bowling Green,OH,
21417,2022-01-08,17:00,2022,regular,,final,Austin Peay,Morehead State,17,181,55,66,,OVC,OVC,,,Winfield Dunn Center,Clarksville,TN,
21418,2022-01-08,17:00,2022,regular,,final,Troy,App State,302,9,68,53,,Sun Belt,Sun Belt,,,Trojan Arena,Troy,AL,
21419,2022-01-08,17:11,2022,regular,,final,North Florida,Stetson,203,283,66,68,,ASUN,ASUN,,,UNF Arena,Jacksonville,FL,
21420,2022-01-08,17:20,2022,regular,,final,Alabama A&M,Alcorn State,4,7,71,78,,SWAC,SWAC,,,T.M. Elmore Gymnasium,Normal,AL,
21421,2022-01-08,17:30,2022,regular,,final,Alabama State,Jackson State,6,126,72,57,,SWAC,SWAC,,,Dunn-Oliver Acadome,Montgomery,AL,
21422,2022-01-08,17:30,2022,regular,,final,Prairie View A&M,Mississippi Valley State,232,175,82,84,,SWAC,SWAC,,,William Nicks Building,Prairie View,TX,
21423,2022-01-08,17:30,2022,regular,,final,UMBC,UMass Lowell,317,318,64,66,,Am. East,Am. East,,,Chesapeake Employers Insurance Arena,Baltimore,MD,
21348,2022-01-08,18:00,2022,regular,,final,Oklahoma,Iowa State,217,125,79,66,,Big 12,Big 12,,,Lloyd Noble Center,Norman,OK,
21353,2022-01-08,18:00,2022,regular,,final,Kentucky,Georgia,135,98,92,77,,SEC,SEC,,,Rupp Arena,Lexington,KY,
21354,2022-01-08,18:00,2022,regular,,final,LSU,Tennessee,136,292,79,67,,SEC,SEC,,,Pete Maravich Assembly Center,Baton Rouge,LA,
21424,2022-01-08,18:00,2022,regular,,final,Texas A&M-Corpus Christi,McNeese,294,162,67,54,1,Southland,Southland,,,Leonard E. Merrell Center,Katy,TX,Southland Conference Men's Basketball Tip-Off
21425,2022-01-08,18:00,2022,regular,,final,Utah,Washington State,331,344,61,77,,Pac-12,Pac-12,,,Jon M. Huntsman Center,Salt Lake City,UT,
21426,2022-01-08,18:00,2022,regular,,final,North Texas,Middle Tennessee,204,171,70,63,,CUSA,CUSA,,,The Super Pit,Denton,TX,
21427,2022-01-08,18:00,2022,regular,,final,Georgia Tech,Notre Dame,101,213,68,72,,ACC,ACC,,,McCamish Pavilion,Atlanta,GA,
21428,2022-01-08,18:00,2022,regular,,final,Princeton,Cornell,234,60,72,70,,Ivy,Ivy,,,Jadwin Gymnasium,Princeton,NJ,
21429,2022-01-08,18:00,2022,regular,,final,Pennsylvania,Columbia,227,58,69,73,,Ivy,Ivy,,,The Palestra,Philadelphia,PA,
21430,2022-01-08,18:00,2022,regular,,final,Jacksonville,Florida Gulf Coast,127,88,69,66,,ASUN,ASUN,,,Swisher Gymnasium,Jacksonville,FL,
21431,2022-01-08,18:00,2022,regular,,final,Missouri State,Northern Iowa,176,209,84,85,,MVC,MVC,,,Great Southern Bank Arena,Springfield,MO,
21432,2022-01-08,18:30,2022,regular,,final,San José State,Bethesda University,260,592,118,43,,Mountain West,,,,Provident Credit Union Event Center,San Jose,CA,
21433,2022-01-08,18:30,2022,regular,,final,Eastern Washington,Idaho,80,117,96,93,,Big Sky,Big Sky,,,Reese Court,Cheney,WA,
21434,2022-01-08,19:00,2022,regular,,final,Marshall,Florida Atlantic,158,86,77,90,,CUSA,CUSA,,,Cam Henderson Center,Huntington,WV,
21435,2022-01-08,19:00,2022,regular,,final,Abilene Christian,Sam Houston,1,255,63,65,,UAC,UAC,,,Teague Center,Abilene,TX,
21436,2022-01-08,19:00,2022,regular,,final,San Francisco,San Diego,259,258,88,73,,WCC,WCC,,,The Sobrato Center,San Francisco,CA,
21437,2022-01-08,19:00,2022,regular,,final,Dartmouth,Brown,62,30,58,46,,Ivy,Ivy,,,Leede Arena,Hanover,NH,
21438,2022-01-08,19:00,2022,regular,,final,Bellarmine,Eastern Kentucky,21,78,66,61,,ASUN,ASUN,,,Freedom Hall (KY),Louisville,KY,
21439,2022-01-08,19:00,2022,regular,,final,Valparaiso,Southern Illinois,335,273,60,63,,MVC,MVC,,,Athletics-Recreation Center,Valparaiso,IN,
21440,2022-01-08,19:00,2022,regular,,final,South Dakota State,South Dakota,270,269,84,65,,Summit,Summit,,,Frost Arena,Brookings,SD,
21467,2022-01-08,19:00,2022,regular,,scheduled,Southern Utah,Northern Arizona,276,206,0,0,,Big Sky,Big Sky,,,America First Events Center,Cedar City,UT,
21468,2022-01-08,19:00,2022,regular,,scheduled,Hartford,Vermont,363,337,0,0,,Am. East,Am. East,,,Chase Arena,West Hartford,CT,
21469,2022-01-08,19:00,2022,regular,,scheduled,Liberty,Kennesaw State,142,133,0,0,,ASUN,ASUN,,,Liberty Arena,Lynchburg,VA,
21470,2022-01-08,19:00,2022,regular,,scheduled,Central Michigan,Western Michigan,45,351,0,0,,MAC,MAC,,,McGuirk Arena,Mount Pleasant,MI,
21471,2022-01-08,19:00,2022,regular,,scheduled,Fresno State,Wyoming,92,358,0,0,,Mountain West,Mountain West,,,Save Mart Center,Fresno,CA,
21472,2022-01-08,19:30,2022,regular,,scheduled,Maryland Eastern Shore,Norfolk State,159,196,0,0,,MEAC,MEAC,,,Hytche Center,Princess Anne,MD,
21342,2022-01-08,20:00,2022,regular,,final,Duke,Miami,72,168,74,76,,ACC,ACC,,,Cameron Indoor Stadium,Durham,NC,
21345,2022-01-08,20:00,2022,regular,,final,California,UCLA,40,313,52,60,,Pac-12,Pac-12,,,Haas Pavilion,Berkeley,CA,
21347,2022-01-08,20:00,2022,regular,,final,Auburn,Florida,16,87,85,73,,SEC,SEC,,,Neville Arena,Auburn,AL,
21441,2022-01-08,20:00,2022,regular,,final,Saint Louis,Iona,252,123,68,67,,A-10,Metro,,,Chaifetz Arena,St. Louis,MO,
21442,2022-01-08,20:00,2022,regular,,final,UC Riverside,UC Irvine,309,308,51,68,,Big West,Big West,,,SRC Arena,Riverside,CA,
21443,2022-01-08,20:00,2022,regular,,final,UC Davis,UC San Diego,307,310,78,71,,Big West,Big West,,,University Credit Union Center,Davis,CA,
21444,2022-01-08,20:00,2022,regular,,final,UT Rio Grande Valley,New Mexico State,326,192,73,85,,UAC,UAC,,,UTRGV Fieldhouse,Edinburg,TX,
21445,2022-01-08,20:00,2022,regular,,final,Tarleton State,Stephen F. Austin,288,282,77,71,,UAC,UAC,,,Wisdom Gym,Stephenville,TX,
21446,2022-01-08,20:00,2022,regular,,final,Florida State,Louisville,90,150,79,70,,ACC,ACC,,,Tucker Center,Tallahassee,FL,
21447,2022-01-08,20:00,2022,regular,,final,New Mexico,Utah State,191,329,87,90,,Mountain West,Mountain West,,,The Pit,Albuquerque,NM,
21473,2022-01-08,20:00,2022,regular,,scheduled,Idaho State,Weber State,116,345,0,0,,Big Sky,Big Sky,,,Reed Gym,Pocatello,ID,
21474,2022-01-08,20:00,2022,regular,,cancelled,Louisiana,Little Rock,148,144,0,0,,Sun Belt,Sun Belt,,,Cajundome,Lafayette,LA,
21475,2022-01-08,20:00,2022,regular,,scheduled,St. Thomas-Minnesota,Kansas City,280,130,0,0,,Summit,Summit,,,Schoenecker Arena,Saint Paul,MN,
21448,2022-01-08,20:30,2022,regular,,final,Nicholls,SE Louisiana,195,246,72,77,1,Southland,Southland,,,Leonard E. Merrell Center,Katy,TX,Southland Conference Men's Basketball Tip-Off
21449,2022-01-08,20:30,2022,regular,,final,Texas Southern,Arkansas-Pine Bluff,296,14,90,71,,SWAC,SWAC,,,H&PE Arena,Houston,TX,
21450,2022-01-08,20:30,2022,regular,,final,Ole Miss,Mississippi State,220,174,82,72,,SEC,SEC,,,The Sandy and John Black Pavilion at Ole Miss,Oxford,MS,
21344,2022-01-08,21:00,2022,regular,,final,Gonzaga,Pepperdine,102,228,117,83,,WCC,WCC,,,McCarthey Athletic Center,Spokane,WA,
21451,2022-01-08,21:00,2022,regular,,final,UTEP,Southern Miss,327,275,87,54,,CUSA,CUSA,,,Don Haskins Center,El Paso,TX,
21452,2022-01-08,21:00,2022,regular,,final,North Alabama,Jacksonville State,197,128,55,65,,ASUN,ASUN,,,Flowers Hall,Florence,AL,
21453,2022-01-08,22:00,2022,regular,,final,BYU,Saint Mary's,18,253,52,43,,WCC,WCC,,,Marriott Center,Provo,UT,
21454,2022-01-08,22:00,2022,regular,,scheduled,Stanford,USC,281,323,0,0,,Pac-12,Pac-12,,,Maples Pavilion,Stanford,CA,
21476,2022-01-08,22:00,2022,regular,,cancelled,UC Santa Barbara,Cal State Bakersfield,311,36,0,0,,Big West,Big West,,,The Thunderdome,Santa Barbara,CA,
21477,2022-01-08,22:00,2022,regular,,scheduled,Air Force,UNLV,2,322,0,0,,Mountain West,Mountain West,,,Clune Arena,Colorado Springs,CO,
21478,2022-01-08,22:30,2022,regular,,scheduled,Oregon State,Oregon,224,223,0,0,,Pac-12,Pac-12,,,Gill Coliseum,Corvallis,OR,
21479,2022-01-08,23:00,2022,regular,,scheduled,Pacific,Santa Clara,225,261,0,0,,WCC,WCC,,,Alex G. Spanos Center,Stockton,CA,
21482,2022-01-09,12:00,2022,regular,,final,Indiana,Minnesota,121,173,73,60,,Big Ten,Big Ten,,,Simon Skjodt Assembly Hall,Bloomington,IN,
21483,2022-01-09,13:00,2022,regular,,final,Robert Morris,Purdue Fort Wayne,244,237,70,76,,Horizon,Horizon,,,UPMC Events Center,Moon Township,PA,
21484,2022-01-09,13:00,2022,regular,,final,Niagara,Quinnipiac,194,238,76,66,,Metro,Metro,,,Gallagher Center,Niagara Falls,NY,
21496,2022-01-09,13:00,2022,regular,,cancelled,Detroit Mercy,Green Bay,69,105,0,0,,Horizon,Horizon,,,Calihan Hall,Detroit,MI,
21485,2022-01-09,14:00,2022,regular,,final,Youngstown State,Cleveland State,361,53,80,86,,Horizon,Horizon,,,Beeghly Center,Youngstown,OH,
21486,2022-01-09,14:00,2022,regular,,final,Marist,Rider,156,243,75,79,,Metro,Metro,,,McCann Arena,Poughkeepsie,NY,
21487,2022-01-09,14:00,2022,regular,,final,Siena,Fairfield,264,83,69,62,,Metro,Metro,,,MVP Arena,Albany,NY,
21497,2022-01-09,14:00,2022,regular,,scheduled,Harvard,Yale,107,360,0,0,,Ivy,Ivy,,,Lavietes Pavilion,Cambridge,MA,
21498,2022-01-09,14:00,2022,regular,,scheduled,Evansville,Illinois State,82,119,0,0,,MVC,MVC,,,Ford Center,Evansville,IN,
21499,2022-01-09,14:00,2022,regular,,scheduled,Monmouth,Iona,178,123,0,0,,Metro,Metro,,,OceanFirst Bank Center,West Long Branch,NJ,
21500,2022-01-09,14:00,2022,regular,,scheduled,Manhattan,Saint Peter's,155,254,0,0,,Metro,Metro,,,Draddy Gymnasium,Riverdale,NY,
21488,2022-01-09,15:00,2022,regular,,final,Central Arkansas,Lipscomb,43,143,93,88,,ASUN,ASUN,,,Farris Center,Conway,AR,
21489,2022-01-09,15:30,2022,regular,,final,Memphis,Cincinnati,163,51,87,80,,American,American,,,FedExForum,Memphis,TN,
21490,2022-01-09,16:00,2022,regular,,final,Oakland,Milwaukee,214,172,86,65,,Horizon,Horizon,,,OU Credit Union O'rena,Rochester,MI,
21491,2022-01-09,16:00,2022,regular,,final,James Madison,Hofstra,129,110,80,87,,CAA,CAA,,,Atlantic Union Bank Center,Harrisonburg,VA,
21492,2022-01-09,16:00,2022,regular,,final,Charleston,Elon,46,81,65,61,,CAA,CAA,,,TD Arena,Charleston,SC,
21493,2022-01-09,16:30,2022,regular,,final,Towson,Northeastern,301,205,70,67,,CAA,CAA,,,TU Arena,Towson,MD,
21494,2022-01-09,17:00,2022,regular,,final,Colorado,Washington,56,343,78,64,,Pac-12,Pac-12,,,CU Events Center,Boulder,CO,
21480,2022-01-09,17:30,2022,regular,,final,Ohio State,Northwestern,216,212,95,87,,Big Ten,Big Ten,,,Schottenstein Center,Columbus,OH,
21501,2022-01-09,18:00,2022,regular,,scheduled,UNC Wilmington,William & Mary,321,353,0,0,,CAA,CAA,,,Trask Coliseum,Wilmington,NC,
21495,2022-01-09,19:00,2022,regular,,final,Montana State,Montana,180,179,66,59,,Big Sky,Big Sky,,,Worthington Arena,Bozeman,MT,
21481,2022-01-09,19:30,2022,regular,,final,Maryland,Wisconsin,160,355,69,70,,Big Ten,Big Ten,,,XFINITY Center,College Park,MD,
21502,2022-01-10,17:00,2022,regular,,final,Winthrop,Campbell,354,41,74,72,,Big South,Big South,,,Winthrop Coliseum,Rock Hill,SC,
21503,2022-01-10,18:00,2022,regular,,final,UNC Greensboro,Wofford,320,356,58,54,,SoCon,SoCon,,,First Horizon Coliseum,Greensboro,NC,
21504,2022-01-10,18:00,2022,regular,,final,Colgate,Army,55,15,76,57,,Patriot,Patriot,,,Cotterell Court,Hamilton,NY,
21505,2022-01-10,18:00,2022,regular,,final,South Carolina State,Morgan State,267,182,81,88,,MEAC,MEAC,,,Smith-Hammond-Middleton Memorial Center,Orangeburg,SC,
21523,2022-01-10,18:00,2022,regular,,scheduled,Northern Kentucky,Wright State,210,357,0,0,,Horizon,Horizon,,,Truist Arena,Highland Heights,KY,
21506,2022-01-10,19:00,2022,regular,,final,East Tennessee State,Western Carolina,75,348,87,69,,SoCon,SoCon,,,Freedom Hall (TN),Johnson City,TN,
21507,2022-01-10,19:00,2022,regular,,final,Loyola Maryland,Bucknell,152,32,71,67,,Patriot,Patriot,,,Reitz Arena,Baltimore,MD,
21508,2022-01-10,19:00,2022,regular,,final,Lehigh,Holy Cross,141,111,77,69,,Patriot,Patriot,,,Stabler Arena,Bethlehem,PA,
21509,2022-01-10,19:00,2022,regular,,final,American University,Boston University,8,27,53,79,,Patriot,Patriot,,,Bender Arena,Washington,DC,
21510,2022-01-10,19:00,2022,regular,,final,Lafayette,Navy,138,187,55,69,,Patriot,Patriot,,,Kirby Sports Center,Easton,PA,
21511,2022-01-10,19:00,2022,regular,,final,IU Indianapolis,UIC,115,315,65,67,,Horizon,Horizon,,,Corteva Coliseum,Indianapolis,IN,
21512,2022-01-10,19:30,2022,regular,,final,Bethune-Cookman,Southern,23,274,59,69,,SWAC,SWAC,,,Moore Gymnasium (FL),Daytona Beach,FL,
21513,2022-01-10,19:30,2022,regular,,final,Florida A&M,Grambling,85,103,75,66,,SWAC,SWAC,,,Al Lawson Center,Tallahassee,FL,
21524,2022-01-10,19:30,2022,regular,,scheduled,North Carolina Central,Coppin State,199,59,0,0,,MEAC,MEAC,,,McDougald-McLendon Arena,Durham,NC,
21525,2022-01-10,19:30,2022,regular,,scheduled,Howard,Maryland Eastern Shore,114,159,0,0,,MEAC,MEAC,,,Burr Gymnasium,Washington,DC,
21514,2022-01-10,20:00,2022,regular,,final,Kansas City,Omaha,130,221,64,61,,Summit,Summit,,,Swinney Center,Kansas City,MO,
21515,2022-01-10,20:00,2022,regular,,final,North Dakota,South Dakota,201,269,68,75,,Summit,Summit,,,Betty Engelstad Sioux Center,Grand Forks,ND,
21516,2022-01-10,20:00,2022,regular,,final,Alabama A&M,Jackson State,4,126,60,58,,SWAC,SWAC,,,T.M. Elmore Gymnasium,Normal,AL,
21526,2022-01-10,20:00,2022,regular,,scheduled,Northern Arizona,Sacramento State,206,249,0,0,,Big Sky,Big Sky,,,J. Lawrence Walkup Skydome,Flagstaff,AZ,
21517,2022-01-10,20:30,2022,regular,,final,Texas Southern,Mississippi Valley State,296,175,95,58,,SWAC,SWAC,,,H&PE Arena,Houston,TX,
21518,2022-01-10,20:30,2022,regular,,final,Prairie View A&M,Arkansas-Pine Bluff,232,14,75,58,,SWAC,SWAC,,,William Nicks Building,Prairie View,TX,
21519,2022-01-10,21:00,2022,regular,,final,Alabama State,Alcorn State,6,7,60,70,,SWAC,SWAC,,,Dunn-Oliver Acadome,Montgomery,AL,
21520,2022-01-10,21:00,2022,regular,,final,Denver,North Dakota State,68,202,69,87,,Summit,Summit,,,Hamilton Gymnasium,Denver,CO,
21521,2022-01-10,22:00,2022,regular,,final,Oregon State,Oregon,224,223,76,78,,Pac-12,Pac-12,,,Gill Coliseum,Corvallis,OR,
21522,2022-01-10,22:00,2022,regular,,final,Pepperdine,San Diego,228,258,62,72,,WCC,WCC,,,Firestone Fieldhouse,Malibu,CA,
21527,2022-01-10,22:00,2022,regular,,scheduled,Portland State,Northern Colorado,231,207,0,0,,Big Sky,Big Sky,,,Viking Pavilion,Portland,OR,
21536,2022-01-11,14:00,2022,regular,,final,Canisius,Quinnipiac,42,238,79,67,,Metro,Metro,,,Koessler Athletic Center,Buffalo,NY,
21537,2022-01-11,14:00,2022,regular,,final,Fairfield,Iona,83,123,76,80,,Metro,Metro,,,Total Mortgage Arena,Bridgeport,CT,
21530,2022-01-11,17:00,2022,regular,,final,Stanford,USC,281,323,75,69,,Pac-12,Pac-12,,,Maples Pavilion,Stanford,CA,
21538,2022-01-11,17:00,2022,regular,,final,Towson,Hofstra,301,110,78,66,,CAA,CAA,,,TU Arena,Towson,MD,
21534,2022-01-11,18:30,2022,regular,,final,Tennessee,South Carolina,292,266,66,46,,SEC,SEC,,,Food City Center,Knoxville,TN,
21539,2022-01-11,18:30,2022,regular,,final,Penn State,Rutgers,226,245,66,49,,Big Ten,Big Ten,,,Bryce Jordan Center,University Park,PA,
21528,2022-01-11,19:00,2022,regular,,final,Baylor,Texas Tech,20,298,62,65,,Big 12,Big 12,,,Ferrell Center,Waco,TX,
21532,2022-01-11,19:00,2022,regular,,final,Vanderbilt,Kentucky,336,135,66,78,,SEC,SEC,,,Memorial Gymnasium (TN),Nashville,TN,
21540,2022-01-11,19:00,2022,regular,,final,Marquette,DePaul,157,65,87,76,,Big East,Big East,,,Fiserv Forum,Milwaukee,WI,
21541,2022-01-11,19:00,2022,regular,,final,Syracuse,Pittsburgh,286,229,77,61,,ACC,ACC,,,JMA Wireless Dome,Syracuse,NY,
21542,2022-01-11,19:00,2022,regular,,final,North Alabama,Eastern Kentucky,197,78,76,75,,ASUN,ASUN,,,Flowers Hall,Florence,AL,
21543,2022-01-11,19:00,2022,regular,,final,Liberty,North Florida,142,203,71,56,,ASUN,ASUN,,,Liberty Arena,Lynchburg,VA,
21544,2022-01-11,19:00,2022,regular,,final,Jacksonville State,Lipscomb,128,143,88,83,,ASUN,ASUN,,,Pete Mathews Coliseum,Jacksonville,AL,
21545,2022-01-11,19:00,2022,regular,,final,Jacksonville,Stetson,127,283,57,50,,ASUN,ASUN,,,Swisher Gymnasium,Jacksonville,FL,
21546,2022-01-11,19:00,2022,regular,,final,Bellarmine,Central Arkansas,21,43,85,63,,ASUN,ASUN,,,Freedom Hall (KY),Louisville,KY,
21547,2022-01-11,19:00,2022,regular,,final,La Salle,St. Bonaventure,137,277,76,80,,A-10,A-10,,,Tom Gola Arena,Philadelphia,PA,
21548,2022-01-11,19:00,2022,regular,,final,VCU,George Washington,333,96,84,57,,A-10,A-10,,,Siegel Center,Richmond,VA,
21549,2022-01-11,19:00,2022,regular,,final,Dayton,Saint Louis,64,252,68,63,,A-10,A-10,,,UD Arena,Dayton,OH,
21550,2022-01-11,19:00,2022,regular,,final,Davidson,Massachusetts,63,161,77,67,,A-10,A-10,,,John M. Belk Arena,Davidson,NC,
21551,2022-01-11,19:00,2022,regular,,final,James Madison,Northeastern,129,205,89,66,,CAA,CAA,,,Atlantic Union Bank Center,Harrisonburg,VA,
21552,2022-01-11,19:00,2022,regular,,final,Drexel,Delaware,71,66,77,81,,CAA,CAA,,,Daskalakis Athletic Center,Philadelphia,PA,
21553,2022-01-11,19:00,2022,regular,,final,Akron,Ball State,3,19,84,74,,MAC,MAC,,,James A. Rhodes Arena,Akron,OH,
21554,2022-01-11,19:00,2022,regular,,final,Ohio,Bowling Green,215,28,85,78,,MAC,MAC,,,Convocation Center (OH),Athens,OH,
21555,2022-01-11,19:00,2022,regular,,final,Kent State,Northern Illinois,134,208,63,65,,MAC,MAC,,,M.A.C. Center,Kent,OH,
21556,2022-01-11,19:00,2022,regular,,final,Western Michigan,Buffalo,351,33,64,78,,MAC,MAC,,,University Arena (MI),Kalamazoo,MI,
21557,2022-01-11,19:00,2022,regular,,final,Miami (OH),Toledo,167,300,72,75,,MAC,MAC,,,Millett Hall,Oxford,OH,
21558,2022-01-11,19:00,2022,regular,,final,Eastern Michigan,Central Michigan,79,45,99,68,,MAC,MAC,,,Gervin GameAbove Center,Ypsilanti,MI,
21571,2022-01-11,19:00,2022,regular,,scheduled,Monmouth,Marist,178,156,0,0,,Metro,Metro,,,OceanFirst Bank Center,West Long Branch,NJ,
21572,2022-01-11,19:00,2022,regular,,scheduled,Richmond,George Mason,242,95,0,0,,A-10,A-10,,,Robins Center,Richmond,VA,
21573,2022-01-11,19:00,2022,regular,,scheduled,Charleston,William & Mary,46,353,0,0,,CAA,CAA,,,TD Arena,Charleston,SC,
21559,2022-01-11,19:30,2022,regular,,final,Stephen F. Austin,UT Rio Grande Valley,282,326,86,75,,UAC,UAC,,,William R. Johnson Coliseum,Nacogdoches,TX,
21531,2022-01-11,20:00,2022,regular,,final,Kansas,Iowa State,131,125,62,61,,Big 12,Big 12,,,Allen Fieldhouse,Lawrence,KS,
21560,2022-01-11,20:00,2022,regular,,final,New Orleans,Dillard,193,630,93,66,,Southland,,,,Lakefront Arena,New Orleans,LA,
21561,2022-01-11,20:00,2022,regular,,final,Kansas City,Baptist Bible College (MO),130,1132,98,57,,Summit,,,,Swinney Center,Kansas City,MO,
21562,2022-01-11,20:00,2022,regular,,final,Florida State,Miami,90,168,65,64,,ACC,ACC,,,Tucker Center,Tallahassee,FL,
21563,2022-01-11,20:00,2022,regular,,final,Northern Iowa,Indiana State,209,122,80,74,,MVC,MVC,,,McLeod Center,Cedar Falls,IA,
21533,2022-01-11,20:30,2022,regular,,final,Texas,Oklahoma,295,217,66,52,,Big 12,Big 12,,,Frank Erwin Center,Austin,TX,
21535,2022-01-11,20:30,2022,regular,,final,Nebraska,Illinois,188,118,71,81,,Big Ten,Big Ten,,,Pinnacle Bank Arena,Lincoln,NE,
21564,2022-01-11,20:30,2022,regular,,final,Texas A&M,Ole Miss,293,220,67,51,,SEC,SEC,,,Reed Arena,College Station,TX,
21529,2022-01-11,21:00,2022,regular,,final,Alabama,Auburn,5,16,77,81,,SEC,SEC,,,Coleman Coliseum,Tuscaloosa,AL,
21565,2022-01-11,21:00,2022,regular,,final,West Virginia,Oklahoma State,347,218,70,60,,Big 12,Big 12,,,WVU Coliseum,Morgantown,WV,
21566,2022-01-11,21:00,2022,regular,,final,Loyola Chicago,Valparaiso,151,335,81,74,,MVC,MVC,,,Gentile Arena,Chicago,IL,
21569,2022-01-11,21:00,2022,regular,,scheduled,Michigan,Purdue,170,236,0,0,,Big Ten,Big Ten,,,Crisler Center,Ann Arbor,MI,
21570,2022-01-11,21:00,2022,regular,,cancelled,Creighton,Providence,61,235,0,0,,Big East,Big East,,,CHI Health Center Omaha,Omaha,NE,
21567,2022-01-11,22:00,2022,regular,,final,Fresno State,San José State,92,260,79,59,,Mountain West,Mountain West,,,Save Mart Center,Fresno,CA,
21574,2022-01-11,22:00,2022,regular,,cancelled,UC Irvine,UC San Diego,308,310,0,0,,Big West,Big West,,,Bren Events Center,Irvine,CA,
21568,2022-01-11,23:00,2022,regular,,final,UNLV,New Mexico,322,191,85,56,,Mountain West,Mountain West,,,Thomas & Mack Center,Las Vegas,NV,
21579,2022-01-12,17:00,2022,regular,,final,McNeese,Arlington Baptist,162,742,120,44,,Southland,,,,Burton Coliseum,Lake Charles,LA,
21578,2022-01-12,18:30,2022,regular,,final,Xavier,Villanova,359,338,60,64,,Big East,Big East,,,Cintas Center,Cincinnati,OH,
21580,2022-01-12,18:30,2022,regular,,final,Radford,Longwood,239,147,75,83,,Big South,Big South,,,The Dedmon Center,Radford,VA,
21575,2022-01-12,19:00,2022,regular,,final,Wake Forest,Duke,342,72,64,76,,ACC,ACC,,,LJVM Coliseum,Winston-Salem,NC,
21576,2022-01-12,19:00,2022,regular,,final,Michigan State,Minnesota,169,173,71,69,,Big Ten,Big Ten,,,Breslin Center,East Lansing,MI,
21577,2022-01-12,19:00,2022,regular,,final,Florida,LSU,87,136,58,64,,SEC,SEC,,,Stephen C. O'Connell Center,Gainesville,FL,
21581,2022-01-12,19:00,2022,regular,,final,Tulsa,Temple,304,289,64,69,,American,American,,,Reynolds Center,Tulsa,OK,
21582,2022-01-12,19:00,2022,regular,,final,UCF,Memphis,312,163,74,64,,American,American,,,Addition Financial Arena,Orlando,FL,
21583,2022-01-12,19:00,2022,regular,,final,Cincinnati,East Carolina,51,74,79,71,,American,American,,,Fifth Third Arena,Cincinnati,OH,
21584,2022-01-12,19:00,2022,regular,,final,Morehead State,UT Martin,181,325,76,62,,OVC,OVC,,,Ellis T. Johnson Arena,Morehead,KY,
21585,2022-01-12,19:00,2022,regular,,final,North Carolina A&T,Hampton,198,106,67,59,,Big South,Big South,,,Corbett Sports Center,Greensboro,NC,
21586,2022-01-12,19:00,2022,regular,,final,Gardner-Webb,Presbyterian,94,233,64,61,,Big South,Big South,,,Paul Porter Arena,Boiling Springs,NC,
21587,2022-01-12,19:00,2022,regular,,final,Campbell,Charleston Southern,41,47,67,52,,Big South,Big South,,,John W. Pope Jr. Convocation Center,Buies Creek,NC,
21588,2022-01-12,19:00,2022,regular,,final,Notre Dame,Clemson,213,52,72,56,,ACC,ACC,,,Purcell Pavilion,South Bend,IN,
21589,2022-01-12,19:00,2022,regular,,final,Vermont,Stony Brook,337,285,98,65,,Am. East,Am. East,,,Patrick Gymnasium,Burlington,VT,
21590,2022-01-12,19:00,2022,regular,,final,UAlbany,UMass Lowell,306,318,57,47,,Am. East,Am. East,,,Broadview Center,Albany,NY,
21591,2022-01-12,19:00,2022,regular,,final,NJIT,UMBC,186,317,56,76,,Am. East,Am. East,,,Joel & Diane Bloom Wellness and Events Center,Newark,NJ,
21592,2022-01-12,19:00,2022,regular,,final,Rhode Island,Saint Joseph's,240,251,75,64,,A-10,A-10,,,Thomas M. Ryan Center,Kingston,RI,
21593,2022-01-12,19:00,2022,regular,,final,Fordham,Duquesne,91,73,72,71,,A-10,A-10,,,Rose Hill Gym,Bronx,NY,
21594,2022-01-12,19:00,2022,regular,,final,Western Carolina,Chattanooga,348,49,70,59,,SoCon,SoCon,,,Ramsey Center,Cullowhee,NC,
21595,2022-01-12,19:00,2022,regular,,final,Wofford,Samford,356,256,87,64,,SoCon,SoCon,,,Jerry Richardson Indoor Stadium,Spartanburg,SC,
21596,2022-01-12,19:00,2022,regular,,final,Furman,East Tennessee State,93,75,78,69,,SoCon,SoCon,,,Timmons Arena,Greenville,SC,
21597,2022-01-12,19:00,2022,regular,,final,UNC Wilmington,Elon,321,81,73,66,,CAA,CAA,,,Trask Coliseum,Wilmington,NC,
21598,2022-01-12,19:00,2022,regular,,final,Mississippi State,Georgia,174,98,88,72,,SEC,SEC,,,Humphrey Coliseum,Starkville,MS,
21620,2022-01-12,19:00,2022,regular,,scheduled,New Hampshire,Maine,190,154,0,0,,Am. East,Am. East,,,Lundholm Gymnasium,Durham,NH,
21621,2022-01-12,19:00,2022,regular,,scheduled,Binghamton,Hartford,24,363,0,0,,Am. East,Am. East,,,Events Center (Binghamton),Binghamton,NY,
21599,2022-01-12,19:30,2022,regular,,final,Norfolk State,Delaware State,196,67,80,51,,MEAC,MEAC,,,Joseph G. Echols Hall,Norfolk,VA,
21600,2022-01-12,19:30,2022,regular,,final,South Carolina Upstate,High Point,268,109,66,65,,Big South,Big South,,,G.B. Hodge Center,Spartanburg,SC,
21601,2022-01-12,20:00,2022,regular,,final,SE Louisiana,Tougaloo,246,1133,77,72,,Southland,,,,Pride Roofing University Center,Hammond,LA,
21602,2022-01-12,20:00,2022,regular,,final,Colorado State,Utah State,57,329,77,72,,Mountain West,Mountain West,,,Moby Arena,Fort Collins,CO,
21603,2022-01-12,20:00,2022,regular,,final,Wichita State,Tulane,352,303,67,68,,American,American,,,Charles Koch Arena,Wichita,KS,
21604,2022-01-12,20:00,2022,regular,,final,SMU,South Florida,248,271,77,65,,American,American,,,Moody Coliseum,Dallas,TX,
21605,2022-01-12,20:00,2022,regular,,final,Missouri State,Southern Illinois,176,273,81,76,,MVC,MVC,,,Great Southern Bank Arena,Springfield,MO,
21606,2022-01-12,20:00,2022,regular,,final,Drake,Illinois State,70,119,86,75,,MVC,MVC,,,Knapp Center,Des Moines,IA,
21607,2022-01-12,20:00,2022,regular,,final,Bradley,Evansville,29,82,79,47,,MVC,MVC,,,Carver Arena,Peoria,IL,
21608,2022-01-12,20:30,2022,regular,,final,UConn,St. John's,314,279,86,78,,Big East,Big East,,,Gampel Pavilion,Storrs,CT,
21609,2022-01-12,21:00,2022,regular,,final,Louisville,NC State,150,185,63,79,,ACC,ACC,,,KFC Yum! Center,Louisville,KY,
21610,2022-01-12,21:00,2022,regular,,final,Virginia,Virginia Tech,339,340,54,52,,ACC,ACC,,,John Paul Jones Arena,Charlottesville,VA,
21611,2022-01-12,21:00,2022,regular,,final,Boston College,Georgia Tech,26,101,76,81,,ACC,ACC,,,Conte Forum,Chestnut Hill,MA,
21612,2022-01-12,21:00,2022,regular,,final,Kansas State,TCU,132,287,57,60,,Big 12,Big 12,,,Bramlage Coliseum,Manhattan,KS,
21613,2022-01-12,21:00,2022,regular,,final,Arkansas,Missouri,12,177,87,43,,SEC,SEC,,,Bud Walton Arena,Fayetteville,AR,
21614,2022-01-12,21:00,2022,regular,,final,Northwestern,Maryland,212,160,87,94,,Big Ten,Big Ten,,,Welsh-Ryan Arena,Evanston,IL,
21615,2022-01-12,22:00,2022,regular,,final,Pacific,Santa Clara,225,261,70,84,,WCC,WCC,,,Alex G. Spanos Center,Stockton,CA,
21616,2022-01-12,22:00,2022,regular,,final,Washington,California,343,40,64,55,,Pac-12,Pac-12,,,Alaska Airlines Arena,Seattle,WA,
21617,2022-01-12,22:00,2022,regular,,final,California Baptist,Utah Tech,39,330,76,79,,UAC,UAC,,,Dale E. and Sarah Ann Fowler Events Center,Riverside,CA,
21618,2022-01-12,22:00,2022,regular,,final,Seattle U,Utah Valley,262,332,71,65,,UAC,UAC,,,Climate Pledge Arena,Seattle,WA,
21622,2022-01-12,22:00,2022,regular,,scheduled,Wyoming,San Diego State,358,257,0,0,,Mountain West,Mountain West,,,Arena-Auditorium,Laramie,WY,
21619,2022-01-12,22:30,2022,regular,,final,Nevada,Boise State,189,25,70,85,,Mountain West,Mountain West,,,Lawlor Events Center,Reno,NV,
21630,2022-01-13,16:30,2022,regular,,final,Kennesaw State,Florida Gulf Coast,133,88,77,53,,ASUN,ASUN,,,KSU Convocation Center,Kennesaw,GA,
21629,2022-01-13,17:00,2022,regular,,final,DePaul,Seton Hall,65,263,96,92,,Big East,Big East,,,Wintrust Arena,Chicago,IL,
21631,2022-01-13,17:00,2022,regular,,final,Washington State,Stanford,344,281,57,62,,Pac-12,Pac-12,,,Beasley Coliseum,Pullman,WA,
21632,2022-01-13,18:00,2022,regular,,final,Army,Boston University,15,27,73,63,,Patriot,Patriot,,,Christl Arena,West Point,NY,
21633,2022-01-13,18:30,2022,regular,,final,App State,Coastal Carolina,9,54,61,60,,Sun Belt,Sun Belt,,,Holmes Convocation Center,Boone,NC,
21627,2022-01-13,19:00,2022,regular,,final,Wisconsin,Ohio State,355,216,78,68,,Big Ten,Big Ten,,,Kohl Center,Madison,WI,
21628,2022-01-13,19:00,2022,regular,,final,Texas Tech,Oklahoma State,298,218,78,57,,Big 12,Big 12,,,United Supermarkets Arena,Lubbock,TX,
21634,2022-01-13,19:00,2022,regular,,final,Niagara,Canisius,194,42,68,58,,Metro,Metro,,,Gallagher Center,Niagara Falls,NY,
21635,2022-01-13,19:00,2022,regular,,final,Loyola Maryland,Lafayette,152,138,74,60,,Patriot,Patriot,,,Reitz Arena,Baltimore,MD,
21636,2022-01-13,19:00,2022,regular,,final,Bucknell,Lehigh,32,141,64,97,,Patriot,Patriot,,,Sojka Pavilion,Lewisburg,PA,
21637,2022-01-13,19:00,2022,regular,,final,Georgetown,Butler,97,34,58,72,,Big East,Big East,,,Capital One Arena,Washington,DC,
21638,2022-01-13,19:00,2022,regular,,final,Navy,Colgate,187,55,50,69,,Patriot,Patriot,,,Alumni Hall (Navy),Annapolis,MD,
21639,2022-01-13,19:00,2022,regular,,final,Old Dominion,UTSA,219,328,83,51,,CUSA,CUSA,,,Chartway Arena,Norfolk,VA,
21640,2022-01-13,19:00,2022,regular,,final,Marshall,North Texas,158,204,65,69,,CUSA,CUSA,,,Cam Henderson Center,Huntington,WV,
21641,2022-01-13,19:00,2022,regular,,final,Louisiana Tech,Southern Miss,149,275,80,57,,CUSA,CUSA,,,Thomas Assembly Center,Ruston,LA,
21642,2022-01-13,19:00,2022,regular,,final,Middle Tennessee,Florida Atlantic,171,86,70,57,,CUSA,CUSA,,,Murphy Center,Murfreesboro,TN,
21643,2022-01-13,19:00,2022,regular,,final,Charlotte,UTEP,48,327,66,53,,CUSA,CUSA,,,Halton Arena,Charlotte,NC,
21644,2022-01-13,19:00,2022,regular,,final,Winthrop,UNC Asheville,354,319,86,80,,Big South,Big South,,,Winthrop Coliseum,Rock Hill,SC,
21645,2022-01-13,19:00,2022,regular,,final,Robert Morris,Wright State,244,357,73,75,,Horizon,Horizon,,,UPMC Events Center,Moon Township,PA,
21646,2022-01-13,19:00,2022,regular,,final,Youngstown State,Northern Kentucky,361,210,67,68,,Horizon,Horizon,,,Beeghly Center,Youngstown,OH,
21647,2022-01-13,19:00,2022,regular,,final,Cleveland State,Oakland,53,214,65,70,,Horizon,Horizon,,,Wolstein Center,Cleveland,OH,
21648,2022-01-13,19:00,2022,regular,,final,Purdue Fort Wayne,Detroit Mercy,237,69,62,60,,Horizon,Horizon,,,Memorial Coliseum (IN),Fort Wayne,IN,
21649,2022-01-13,19:00,2022,regular,,final,Mercer,VMI,164,334,97,91,,SoCon,SoCon,,,Hawkins Arena,Macon,GA,
21650,2022-01-13,19:00,2022,regular,,final,The Citadel,UNC Greensboro,299,320,74,69,,SoCon,SoCon,,,McAlister Field House,Charleston,SC,
21677,2022-01-13,19:00,2022,regular,,scheduled,Holy Cross,American University,111,8,0,0,,Patriot,Patriot,,,Hart Center,Worcester,MA,
21678,2022-01-13,19:00,2022,regular,,cancelled,Troy,Georgia Southern,302,99,0,0,,Sun Belt,Sun Belt,,,Trojan Arena,Troy,AL,
21651,2022-01-13,19:30,2022,regular,,final,UAB,Florida International,305,89,84,56,,CUSA,CUSA,,,Bartow Arena,Birmingham,AL,
21652,2022-01-13,20:00,2022,regular,,final,Murray State,Tennessee State,184,290,67,44,,OVC,OVC,,,CFSB Center,Murray,KY,
21653,2022-01-13,20:00,2022,regular,,final,Lamar,Sam Houston,139,255,56,73,,UAC,UAC,,,Montagne Center,Beaumont,TX,
21654,2022-01-13,20:00,2022,regular,,final,UT Rio Grande Valley,Chicago State,326,50,85,63,,UAC,UAC,,,UTRGV Fieldhouse,Edinburg,TX,
21655,2022-01-13,20:00,2022,regular,,final,Milwaukee,UIC,172,315,77,81,,Horizon,Horizon,,,UW-Milwaukee Panther Arena,Milwaukee,WI,
21656,2022-01-13,20:00,2022,regular,,final,Green Bay,IU Indianapolis,105,115,69,54,,Horizon,Horizon,,,Resch Center,Ashwaubenon,WI,
21657,2022-01-13,20:00,2022,regular,,final,Texas State,UL Monroe,297,316,80,56,,Sun Belt,Sun Belt,,,Strahan Arena at the University Events Center,San Marcos,TX,
21658,2022-01-13,20:00,2022,regular,,final,UT Arlington,Louisiana,324,148,83,73,,Sun Belt,Sun Belt,,,College Park Center,Arlington,TX,
21659,2022-01-13,20:00,2022,regular,,final,South Dakota,Denver,269,68,80,71,,Summit,Summit,,,Sanford Coyote Sports Center,Vermillion,SD,
21660,2022-01-13,20:00,2022,regular,,final,North Dakota,Western Illinois,201,349,68,73,,Summit,Summit,,,Betty Engelstad Sioux Center,Grand Forks,ND,
21679,2022-01-13,20:00,2022,regular,,scheduled,North Dakota State,St. Thomas-Minnesota,202,280,0,0,,Summit,Summit,,,Scheels Center,Fargo,ND,
21661,2022-01-13,20:30,2022,regular,,final,Belmont,Tennessee Tech,22,291,92,77,,OVC,OVC,,,Curb Event Center Arena,Nashville,TN,
21662,2022-01-13,20:30,2022,regular,,final,Omaha,South Dakota State,221,270,86,95,,Summit,Summit,,,Baxter Arena,Omaha,NE,
21680,2022-01-13,20:30,2022,regular,,cancelled,Arkansas State,Little Rock,13,144,0,0,,Sun Belt,Sun Belt,,,First National Bank Arena,Jonesboro,AR,
21663,2022-01-13,21:00,2022,regular,,final,Eastern Illinois,SIU Edwardsville,77,247,53,66,,OVC,OVC,,,Groniger Arena,Charleston,IL,
21664,2022-01-13,21:00,2022,regular,,final,Western Kentucky,Rice,350,241,80,66,,CUSA,CUSA,,,E.A. Diddle Arena,Bowling Green,KY,
21665,2022-01-13,21:00,2022,regular,,final,Weber State,Idaho,345,117,84,74,,Big Sky,Big Sky,,,Dee Events Center,Ogden,UT,
21666,2022-01-13,21:00,2022,regular,,final,Grand Canyon,Abilene Christian,104,1,95,68,,UAC,UAC,,,Global Credit Union Arena,Phoenix,AZ,
21667,2022-01-13,21:00,2022,regular,,final,New Mexico State,Tarleton State,192,288,73,57,,UAC,UAC,,,Pan American Center,Las Cruces,NM,
21668,2022-01-13,21:00,2022,regular,,final,South Alabama,Georgia State,265,100,74,65,,Sun Belt,Sun Belt,,,Mitchell Center,Mobile,AL,
21669,2022-01-13,21:00,2022,regular,,final,Iowa,Indiana,124,121,83,74,,Big Ten,Big Ten,,,Carver-Hawkeye Arena,Iowa City,IA,
21681,2022-01-13,21:00,2022,regular,,scheduled,Arizona State,Utah,10,331,0,0,,Pac-12,Pac-12,,,Desert Financial Arena,Tempe,AZ,
21682,2022-01-13,21:00,2022,regular,,scheduled,Montana,Southern Utah,179,276,0,0,,Big Sky,Big Sky,,,Dahlberg Arena,Missoula,MT,
21683,2022-01-13,21:00,2022,regular,,scheduled,Idaho State,Eastern Washington,116,80,0,0,,Big Sky,Big Sky,,,Reed Gym,Pocatello,ID,
21624,2022-01-13,21:30,2022,regular,,final,UCLA,Oregon,313,223,81,84,,Pac-12,Pac-12,,,Pauley Pavilion,Los Angeles,CA,
21670,2022-01-13,22:00,2022,regular,,final,Long Beach State,UC Santa Barbara,145,311,65,58,,Big West,Big West,,,Walter Pyramid,Long Beach,CA,
21671,2022-01-13,22:00,2022,regular,,final,Cal State Fullerton,Cal State Northridge,37,38,79,64,,Big West,Big West,,,Titan Gym,Fullerton,CA,
21672,2022-01-13,22:00,2022,regular,,final,Cal Poly,UC Riverside,35,309,46,57,,Big West,Big West,,,Mott Athletics Center,San Luis Obispo,CA,
21673,2022-01-13,22:00,2022,regular,,final,San Diego,Portland,258,230,68,63,,WCC,WCC,,,Jenny Craig Pavilion,San Diego,CA,
21684,2022-01-13,22:00,2022,regular,,cancelled,Cal State Bakersfield,UC Davis,36,307,0,0,,Big West,Big West,,,Icardo Center,Bakersfield,CA,
21623,2022-01-13,23:00,2022,regular,,final,Gonzaga,BYU,102,18,110,84,,WCC,WCC,,,McCarthey Athletic Center,Spokane,WA,
21625,2022-01-13,23:00,2022,regular,,final,USC,Oregon State,323,224,81,71,,Pac-12,Pac-12,,,Galen Center,Los Angeles,CA,
21626,2022-01-13,23:00,2022,regular,,final,Arizona,Colorado,11,56,76,55,,Pac-12,Pac-12,,,McKale Memorial Center,Tucson,AZ,
21674,2022-01-13,23:00,2022,regular,,final,Pepperdine,Saint Mary's,228,253,62,77,,WCC,WCC,,,Firestone Fieldhouse,Malibu,CA,
21675,2022-01-13,23:00,2022,regular,,final,San Francisco,Loyola Marymount,259,153,97,73,,WCC,WCC,,,The Sobrato Center,San Francisco,CA,
21676,2022-01-13,23:59,2022,regular,,final,Hawai'i,UC Irvine,108,308,72,56,,Big West,Big West,,,Stan Sheriff Center,Honolulu,HI,
21687,2022-01-14,18:00,2022,regular,,final,Ball State,Buffalo,19,33,68,74,,MAC,MAC,,,Worthen Arena,Muncie,IN,
21685,2022-01-14,18:30,2022,regular,,final,Purdue,Nebraska,236,188,92,65,,Big Ten,Big Ten,,,Mackey Arena,West Lafayette,IN,
21688,2022-01-14,19:00,2022,regular,,final,Marist,Siena,156,264,60,67,,Metro,Metro,,,McCann Arena,Poughkeepsie,NY,
21689,2022-01-14,19:00,2022,regular,,final,Rider,Quinnipiac,243,238,70,77,,Metro,Metro,,,Alumni Gymnasium (Rider),Lawrenceville,NJ,
21690,2022-01-14,19:00,2022,regular,,final,Saint Peter's,Monmouth,254,178,67,62,,Metro,Metro,,,Yanitelli Center,Jersey City,NJ,
21691,2022-01-14,19:00,2022,regular,,final,Iona,Manhattan,123,155,88,76,,Metro,Metro,,,Hynes Athletics Center,New Rochelle,NY,
21692,2022-01-14,19:30,2022,regular,,final,St. Bonaventure,VCU,277,333,73,53,,A-10,A-10,,,Reilly Center,Saint Bonaventure,NY,
21693,2022-01-14,20:00,2022,regular,,final,Kent State,Akron,134,3,67,55,,MAC,MAC,,,M.A.C. Center,Kent,OH,
21686,2022-01-14,21:00,2022,regular,,final,Illinois,Michigan,118,170,68,53,,Big Ten,Big Ten,,,State Farm Center,Champaign,IL,
21694,2022-01-14,21:00,2022,regular,,final,Richmond,Davidson,242,63,84,87,,A-10,A-10,,,Robins Center,Richmond,VA,
21695,2022-01-14,23:00,2022,regular,,final,UNLV,Fresno State,322,92,68,73,,Mountain West,Mountain West,,,Thomas & Mack Center,Las Vegas,NV,
21704,2022-01-15,12:00,2022,regular,,final,Michigan State,Northwestern,169,212,62,64,,Big Ten,Big Ten,,,Breslin Center,East Lansing,MI,
21708,2022-01-15,12:00,2022,regular,,final,Xavier,Creighton,359,61,80,73,,Big East,Big East,,,Cintas Center,Cincinnati,OH,
21710,2022-01-15,12:00,2022,regular,,final,Kansas State,Texas Tech,132,298,62,51,,Big 12,Big 12,,,Bramlage Coliseum,Manhattan,KS,
21711,2022-01-15,12:00,2022,regular,,final,Marquette,Seton Hall,157,263,73,72,,Big East,Big East,,,Fiserv Forum,Milwaukee,WI,
21713,2022-01-15,12:30,2022,regular,,final,Duquesne,Dayton,73,64,52,72,,A-10,A-10,,,UPMC Cooper Fieldhouse,Pittsburgh,PA,
21709,2022-01-15,13:00,2022,regular,,final,Kentucky,Tennessee,135,292,107,79,,SEC,SEC,,,Rupp Arena,Lexington,KY,
21714,2022-01-15,13:00,2022,regular,,final,Charlotte,UTSA,48,328,62,53,,CUSA,CUSA,,,Halton Arena,Charlotte,NC,
21715,2022-01-15,13:00,2022,regular,,final,Wagner,St. Francis Brooklyn,341,364,81,76,,NEC,NEC,,,Spiro Sports Center,Staten Island,NY,
21716,2022-01-15,13:00,2022,regular,,final,Bryant,Mount St. Mary's,31,183,73,66,,NEC,NEC,,,Chace Athletic Center,Smithfield,RI,
21717,2022-01-15,13:00,2022,regular,,final,UMBC,Vermont,317,337,69,86,,Am. East,Am. East,,,Chesapeake Employers Insurance Arena,Baltimore,MD,
21718,2022-01-15,13:00,2022,regular,,final,Purdue Fort Wayne,Oakland,237,214,68,76,,Horizon,Horizon,,,Memorial Coliseum (IN),Fort Wayne,IN,
21719,2022-01-15,13:00,2022,regular,,final,The Citadel,VMI,299,334,85,90,,SoCon,SoCon,,,McAlister Field House,Charleston,SC,
21720,2022-01-15,13:00,2022,regular,,final,South Carolina,Florida,266,87,63,71,,SEC,SEC,,,Colonial Life Arena,Columbia,SC,
21826,2022-01-15,13:00,2022,regular,,scheduled,UMass Lowell,Hartford,318,363,0,0,,Am. East,Am. East,,,Costello Athletic Center,Lowell,MA,
21702,2022-01-15,14:00,2022,regular,,final,Duke,NC State,72,185,88,73,,ACC,ACC,,,Cameron Indoor Stadium,Durham,NC,
21703,2022-01-15,14:00,2022,regular,,final,Kansas,West Virginia,131,347,85,59,,Big 12,Big 12,,,Allen Fieldhouse,Lawrence,KS,
21706,2022-01-15,14:00,2022,regular,,final,LSU,Arkansas,136,12,58,65,,SEC,SEC,,,Pete Maravich Assembly Center,Baton Rouge,LA,
21707,2022-01-15,14:00,2022,regular,,final,Iowa State,Texas,125,295,79,70,,Big 12,Big 12,,,Hilton Coliseum,Ames,IA,
21721,2022-01-15,14:00,2022,regular,,final,Tulane,SMU,303,248,66,75,,American,American,,,Devlin Fieldhouse,New Orleans,LA,
21722,2022-01-15,14:00,2022,regular,,final,Tennessee State,Morehead State,290,181,64,71,,OVC,OVC,,,Gentry Center,Nashville,TN,
21723,2022-01-15,14:00,2022,regular,,final,Sacred Heart,Fairleigh Dickinson,250,84,77,71,,NEC,NEC,,,William H. Pitt Center,Fairfield,CT,
21724,2022-01-15,14:00,2022,regular,,final,Long Island University,Central Connecticut,146,44,83,61,,NEC,NEC,,,Steinberg Wellness Center,Brooklyn,NY,
21725,2022-01-15,14:00,2022,regular,,final,UNC Asheville,South Carolina Upstate,319,268,73,76,,Big South,Big South,,,Kimmel Arena,Asheville,NC,
21726,2022-01-15,14:00,2022,regular,,final,Campbell,Radford,41,239,70,58,,Big South,Big South,,,John W. Pope Jr. Convocation Center,Buies Creek,NC,
21727,2022-01-15,14:00,2022,regular,,final,Columbia,Harvard,58,107,82,91,,Ivy,Ivy,,,Levien Gymnasium,New York,NY,
21728,2022-01-15,14:00,2022,regular,,final,Pennsylvania,Dartmouth,227,62,78,68,,Ivy,Ivy,,,The Palestra,Philadelphia,PA,
21729,2022-01-15,14:00,2022,regular,,final,Yale,Cornell,360,60,96,69,,Ivy,Ivy,,,John J. Lee Amphitheater,New Haven,CT,
21730,2022-01-15,14:00,2022,regular,,final,Princeton,Brown,234,30,76,74,,Ivy,Ivy,,,Jadwin Gymnasium,Princeton,NJ,
21731,2022-01-15,14:00,2022,regular,,final,Coastal Carolina,App State,54,9,76,84,,Sun Belt,Sun Belt,,,The HTC Center,Conway,SC,
21732,2022-01-15,14:00,2022,regular,,final,North Dakota State,Western Illinois,202,349,79,90,,Summit,Summit,,,Scheels Center,Fargo,ND,
21733,2022-01-15,14:00,2022,regular,,final,Western Carolina,Wofford,348,356,64,84,,SoCon,SoCon,,,Ramsey Center,Cullowhee,NC,
21734,2022-01-15,14:00,2022,regular,,final,Mercer,UNC Greensboro,164,320,58,49,,SoCon,SoCon,,,Hawkins Arena,Macon,GA,
21735,2022-01-15,14:00,2022,regular,,final,Hofstra,Delaware,110,66,82,77,,CAA,CAA,,,David S. Mack Sports and Exhibition Complex,Hempstead,NY,
21736,2022-01-15,14:00,2022,regular,,final,Northeastern,Drexel,205,71,68,76,,CAA,CAA,,,Matthews Arena,Boston,MA,
21737,2022-01-15,14:00,2022,regular,,final,Western Michigan,Miami (OH),351,167,62,70,,MAC,MAC,,,University Arena (MI),Kalamazoo,MI,
21738,2022-01-15,14:00,2022,regular,,final,Maryland,Rutgers,160,245,59,70,,Big Ten,Big Ten,,,XFINITY Center,College Park,MD,
21825,2022-01-15,14:00,2022,regular,,cancelled,Providence,UConn,235,314,0,0,,Big East,Big East,,,Amica Mutual Pavilion,Providence,RI,
21827,2022-01-15,14:00,2022,regular,,scheduled,North Dakota,St. Thomas-Minnesota,201,280,0,0,,Summit,Summit,,,Betty Engelstad Sioux Center,Grand Forks,ND,
21739,2022-01-15,14:30,2022,regular,,final,Saint Louis,Fordham,252,91,63,45,,A-10,A-10,,,Chaifetz Arena,St. Louis,MO,
21740,2022-01-15,15:00,2022,regular,,final,UT Martin,Tennessee Tech,325,291,70,76,,OVC,OVC,,,Skyhawk Arena,Martin,TN,
21741,2022-01-15,15:00,2022,regular,,final,Sam Houston,Stephen F. Austin,255,282,49,41,,UAC,UAC,,,Bernard G. Johnson Coliseum,Huntsville,TX,
21742,2022-01-15,15:00,2022,regular,,final,Merrimack,St. Francis (PA),166,278,46,62,,NEC,NEC,,,Hammel Court,North Andover,MA,
21743,2022-01-15,15:00,2022,regular,,final,Longwood,Gardner-Webb,147,94,66,60,,Big South,Big South,,,Willett Hall,Farmville,VA,
21744,2022-01-15,15:00,2022,regular,,final,Syracuse,Florida State,286,90,71,76,,ACC,ACC,,,JMA Wireless Dome,Syracuse,NY,
21745,2022-01-15,15:00,2022,regular,,final,Milwaukee,IU Indianapolis,172,115,89,54,,Horizon,Horizon,,,UW-Milwaukee Panther Arena,Milwaukee,WI,
21746,2022-01-15,15:00,2022,regular,,final,UT Arlington,UL Monroe,324,316,55,62,,Sun Belt,Sun Belt,,,College Park Center,Arlington,TX,
21747,2022-01-15,15:00,2022,regular,,final,South Dakota State,Denver,270,68,80,62,,Summit,Summit,,,Frost Arena,Brookings,SD,
21748,2022-01-15,15:00,2022,regular,,final,Chattanooga,Furman,49,93,71,69,,SoCon,SoCon,,,McKenzie Arena,Chattanooga,TN,
21749,2022-01-15,15:00,2022,regular,,final,Samford,East Tennessee State,256,75,85,88,,SoCon,SoCon,,,Pete Hanna Center,Homewood,AL,
21750,2022-01-15,15:30,2022,regular,,final,Cleveland State,Detroit Mercy,53,69,72,70,,Horizon,Horizon,,,Wolstein Center,Cleveland,OH,
21751,2022-01-15,15:30,2022,regular,,final,Missouri,Texas A&M,177,293,64,67,,SEC,SEC,,,Mizzou Arena,Columbia,MO,
21697,2022-01-15,16:00,2022,regular,,final,Santa Clara,Gonzaga,261,102,83,115,,WCC,WCC,,,Leavey Center,Santa Clara,CA,
21752,2022-01-15,16:00,2022,regular,,final,Howard,Norfolk State,114,196,74,77,,MEAC,MEAC,,,Burr Gymnasium,Washington,DC,
21753,2022-01-15,16:00,2022,regular,,final,East Carolina,Memphis,74,163,72,71,,American,American,,,Minges Coliseum,Greenville,NC,
21754,2022-01-15,16:00,2022,regular,,final,Washington State,California,344,40,65,57,,Pac-12,Pac-12,,,Beasley Coliseum,Pullman,WA,
21755,2022-01-15,16:00,2022,regular,,final,Morgan State,Coppin State,182,59,76,79,,MEAC,MEAC,,,Hill Field House,Baltimore,MD,
21756,2022-01-15,16:00,2022,regular,,final,Cal State Bakersfield,UC Riverside,36,309,64,65,,Big West,Big West,,,Icardo Center,Bakersfield,CA,
21757,2022-01-15,16:00,2022,regular,,final,Alcorn State,Texas Southern,7,296,73,72,,SWAC,SWAC,,,Davey L. Whitney Complex,Lorman,MS,
21758,2022-01-15,16:00,2022,regular,,final,Western Kentucky,North Texas,350,204,60,65,,CUSA,CUSA,,,E.A. Diddle Arena,Bowling Green,KY,
21759,2022-01-15,16:00,2022,regular,,final,UAB,Florida Atlantic,305,86,76,65,,CUSA,CUSA,,,Bartow Arena,Birmingham,AL,
21760,2022-01-15,16:00,2022,regular,,final,Seattle U,Utah Tech,262,330,79,68,,UAC,UAC,,,Redhawk Center,Seattle,WA,
21761,2022-01-15,16:00,2022,regular,,final,Lamar,Chicago State,139,50,56,67,,UAC,UAC,,,Montagne Center,Beaumont,TX,
21762,2022-01-15,16:00,2022,regular,,final,Pittsburgh,Louisville,229,150,65,53,,ACC,ACC,,,Petersen Events Center,Pittsburgh,PA,
21763,2022-01-15,16:00,2022,regular,,final,UAlbany,NJIT,306,186,71,56,,Am. East,Am. East,,,Broadview Center,Albany,NY,
21764,2022-01-15,16:00,2022,regular,,final,Stetson,Kennesaw State,283,133,49,77,,ASUN,ASUN,,,Edmunds Center,DeLand,FL,
21765,2022-01-15,16:00,2022,regular,,final,Central Arkansas,North Alabama,43,197,89,88,,ASUN,ASUN,,,Farris Center,Conway,AR,
21766,2022-01-15,16:00,2022,regular,,final,TCU,Oklahoma,287,217,59,58,,Big 12,Big 12,,,Schollmaier Arena,Fort Worth,TX,
21767,2022-01-15,16:00,2022,regular,,final,William & Mary,James Madison,353,129,91,95,,CAA,CAA,,,Kaplan Arena,Williamsburg,VA,
21768,2022-01-15,16:00,2022,regular,,final,Elon,Towson,81,301,54,59,,CAA,CAA,,,Schar Center,Elon,NC,
21828,2022-01-15,16:00,2022,regular,,scheduled,South Carolina State,North Carolina Central,267,199,0,0,,MEAC,MEAC,,,Smith-Hammond-Middleton Memorial Center,Orangeburg,SC,
21829,2022-01-15,16:00,2022,regular,,scheduled,Northern Colorado,Northern Arizona,207,206,0,0,,Big Sky,Big Sky,,,Bank of Colorado Arena,Greeley,CO,
21769,2022-01-15,16:30,2022,regular,,final,Texas A&M-Corpus Christi,Incarnate Word,294,120,80,64,,Southland,Southland,,,American Bank Center,Corpus Christi,TX,
21770,2022-01-15,16:30,2022,regular,,final,Virginia,Wake Forest,339,342,55,63,,ACC,ACC,,,John Paul Jones Arena,Charlottesville,VA,
21771,2022-01-15,16:30,2022,regular,,final,Massachusetts,Rhode Island,161,240,68,81,,A-10,A-10,,,Mullins Center,Amherst,MA,
21772,2022-01-15,16:30,2022,regular,,final,Northern Illinois,Eastern Michigan,208,79,77,70,,MAC,MAC,,,NIU Convocation Center,Dekalb,IL,
21830,2022-01-15,16:30,2022,regular,,scheduled,SIU Edwardsville,Southeast Missouri State,247,272,0,0,,OVC,OVC,,,First Community Arena,Edwardsville,IL,
21831,2022-01-15,16:30,2022,regular,,scheduled,Delaware State,Maryland Eastern Shore,67,159,0,0,,MEAC,MEAC,,,Memorial Hall (DE),Dover,DE,
21832,2022-01-15,16:30,2022,regular,,scheduled,Central Michigan,Ohio,45,215,0,0,,MAC,MAC,,,McGuirk Arena,Mount Pleasant,MI,
21696,2022-01-15,17:00,2022,regular,,final,Baylor,Oklahoma State,20,218,54,61,,Big 12,Big 12,,,Ferrell Center,Waco,TX,
21773,2022-01-15,17:00,2022,regular,,final,Mississippi Valley State,Bethune-Cookman,175,23,60,62,,SWAC,SWAC,,,R.W. Harrison HPER Complex,Itta Bena,MS,
21774,2022-01-15,17:00,2022,regular,,final,Belmont,Murray State,22,184,60,82,,OVC,OVC,,,Curb Event Center Arena,Nashville,TN,
21775,2022-01-15,17:00,2022,regular,,final,Sacramento State,Portland State,249,231,62,67,,Big Sky,Big Sky,,,The Nest,Sacramento,CA,
21776,2022-01-15,17:00,2022,regular,,final,SE Louisiana,Northwestern State,246,211,79,74,,Southland,Southland,,,Pride Roofing University Center,Hammond,LA,
21777,2022-01-15,17:00,2022,regular,,final,McNeese,Houston Christian,162,112,78,75,,Southland,Southland,,,Legacy Center,Lake Charles,LA,
21778,2022-01-15,17:00,2022,regular,,final,North Florida,Jacksonville,203,127,51,54,,ASUN,ASUN,,,UNF Arena,Jacksonville,FL,
21779,2022-01-15,17:00,2022,regular,,final,Lipscomb,Bellarmine,143,21,71,77,,ASUN,ASUN,,,Allen Arena,Nashville,TN,
21780,2022-01-15,17:00,2022,regular,,final,Texas State,Louisiana,297,148,72,68,,Sun Belt,Sun Belt,,,Strahan Arena at the University Events Center,San Marcos,TX,
21781,2022-01-15,17:00,2022,regular,,final,Valparaiso,Missouri State,335,176,57,74,,MVC,MVC,,,Athletics-Recreation Center,Valparaiso,IN,
21782,2022-01-15,17:00,2022,regular,,final,South Dakota,Omaha,269,221,105,70,,Summit,Summit,,,Sanford Coyote Sports Center,Vermillion,SD,
21783,2022-01-15,17:00,2022,regular,,final,Bowling Green,Toledo,28,300,78,91,,MAC,MAC,,,Stroh Center,Bowling Green,OH,
21784,2022-01-15,17:00,2022,regular,,final,Air Force,Nevada,2,189,68,75,,Mountain West,Mountain West,,,Clune Arena,Colorado Springs,CO,
21833,2022-01-15,17:00,2022,regular,,scheduled,Austin Peay,Eastern Illinois,17,77,0,0,,OVC,OVC,,,Winfield Dunn Center,Clarksville,TN,
21834,2022-01-15,17:00,2022,regular,,cancelled,Little Rock,Arkansas State,144,13,0,0,,Sun Belt,Sun Belt,,,Jack Stephens Center,Little Rock,AR,
21835,2022-01-15,17:00,2022,regular,,cancelled,Troy,Georgia State,302,100,0,0,,Sun Belt,Sun Belt,,,Trojan Arena,Troy,AL,
21785,2022-01-15,17:30,2022,regular,,final,Alabama State,Alabama A&M,6,4,59,55,,SWAC,SWAC,,,Dunn-Oliver Acadome,Montgomery,AL,
21786,2022-01-15,17:30,2022,regular,,final,New Orleans,Nicholls,193,195,78,66,,Southland,Southland,,,Lakefront Arena,New Orleans,LA,
21787,2022-01-15,17:30,2022,regular,,final,Charleston Southern,Winthrop,47,354,65,70,,Big South,Big South,,,Buccaneer Fieldhouse,Charleston,SC,
21788,2022-01-15,17:30,2022,regular,,final,South Alabama,Georgia Southern,265,99,73,67,,Sun Belt,Sun Belt,,,Mitchell Center,Mobile,AL,
21789,2022-01-15,17:30,2022,regular,,final,New Mexico,Boise State,191,25,63,71,,Mountain West,Mountain West,,,The Pit,Albuquerque,NM,
21836,2022-01-15,17:30,2022,regular,,scheduled,Hampton,Presbyterian,106,233,0,0,,Big South,Big South,,,Convocation Center (VA),Hampton,VA,
21712,2022-01-15,18:00,2022,regular,,final,Mississippi State,Alabama,174,5,78,76,,SEC,SEC,,,Humphrey Coliseum,Starkville,MS,
21790,2022-01-15,18:00,2022,regular,,final,Washington,Stanford,343,281,67,64,,Pac-12,Pac-12,,,Alaska Airlines Arena,Seattle,WA,
21791,2022-01-15,18:00,2022,regular,,final,Middle Tennessee,Florida International,171,89,50,39,,CUSA,CUSA,,,Murphy Center,Murfreesboro,TN,
21792,2022-01-15,18:00,2022,regular,,final,New Mexico State,Abilene Christian,192,1,77,63,,UAC,UAC,,,Pan American Center,Las Cruces,NM,
21793,2022-01-15,18:00,2022,regular,,final,Virginia Tech,Notre Dame,340,213,79,73,,ACC,ACC,,,Cassell Coliseum,Blacksburg,VA,
21794,2022-01-15,18:00,2022,regular,,final,Georgia,Vanderbilt,98,336,66,73,,SEC,SEC,,,Stegeman Coliseum,Athens,GA,
21795,2022-01-15,18:00,2022,regular,,final,San José State,Colorado State,260,57,42,78,,Mountain West,Mountain West,,,Provident Credit Union Event Center,San Jose,CA,
21837,2022-01-15,18:00,2022,regular,,scheduled,Montana State,Southern Utah,180,276,0,0,,Big Sky,Big Sky,,,Worthington Arena,Bozeman,MT,
21796,2022-01-15,18:30,2022,regular,,final,Jackson State,Prairie View A&M,126,232,75,64,,SWAC,SWAC,,,Lee E. Williams Athletics and Assembly Center,Jackson,MS,
21797,2022-01-15,18:30,2022,regular,,final,Grambling,Southern,103,274,83,77,,SWAC,SWAC,,,Fredrick C. Hobdy Assembly Center,Grambling,LA,
21798,2022-01-15,18:30,2022,regular,,final,Arkansas-Pine Bluff,Florida A&M,14,85,66,71,,SWAC,SWAC,,,H.O. Clemmons Arena,Pine Bluff,AR,
21799,2022-01-15,18:30,2022,regular,,final,Clemson,Boston College,52,26,68,70,,ACC,ACC,,,Littlejohn Coliseum,Clemson,SC,
21838,2022-01-15,18:30,2022,regular,,scheduled,Stony Brook,New Hampshire,285,190,0,0,,Am. East,Am. East,,,Island FCU Arena,Stony Brook,NY,
21800,2022-01-15,19:00,2022,regular,,final,South Florida,UCF,271,312,75,51,,American,American,,,Yuengling Center,Tampa,FL,
21801,2022-01-15,19:00,2022,regular,,final,Long Beach State,Cal State Northridge,145,38,71,55,,Big West,Big West,,,Walter Pyramid,Long Beach,CA,
21802,2022-01-15,19:00,2022,regular,,final,Old Dominion,UTEP,219,327,70,78,,CUSA,CUSA,,,Chartway Arena,Norfolk,VA,
21803,2022-01-15,19:00,2022,regular,,final,Marshall,Rice,158,241,77,87,,CUSA,CUSA,,,Cam Henderson Center,Huntington,WV,
21804,2022-01-15,19:00,2022,regular,,final,High Point,North Carolina A&T,109,198,78,71,,Big South,Big South,,,Qubein Center,High Point,NC,
21805,2022-01-15,19:00,2022,regular,,final,Florida Gulf Coast,Liberty,88,142,75,78,,ASUN,ASUN,,,Alico Arena,Fort Myers,FL,
21806,2022-01-15,19:00,2022,regular,,final,Eastern Kentucky,Jacksonville State,78,128,65,76,,ASUN,ASUN,,,Baptist Health Arena,Richmond,KY,
21807,2022-01-15,19:00,2022,regular,,final,Youngstown State,Wright State,361,357,90,87,,Horizon,Horizon,,,Beeghly Center,Youngstown,OH,
21808,2022-01-15,19:00,2022,regular,,final,Robert Morris,Northern Kentucky,244,210,74,64,,Horizon,Horizon,,,UPMC Events Center,Moon Township,PA,
21809,2022-01-15,19:00,2022,regular,,final,Green Bay,UIC,105,315,63,80,,Horizon,Horizon,,,Resch Center,Ashwaubenon,WI,
21810,2022-01-15,19:00,2022,regular,,final,Indiana State,Loyola Chicago,122,151,56,64,,MVC,MVC,,,Hulman Center,Terre Haute,IN,
21839,2022-01-15,19:30,2022,regular,,cancelled,Saint Mary's,Pacific,253,225,0,0,,WCC,WCC,,,University Credit Union Pavilion,Moraga,CA,
21701,2022-01-15,20:00,2022,regular,,final,Arizona,Utah,11,331,82,64,,Pac-12,Pac-12,,,McKale Memorial Center,Tucson,AZ,
21705,2022-01-15,20:00,2022,regular,,final,Tulsa,Houston,304,113,64,66,,American,American,,,Reynolds Center,Tulsa,OK,
21811,2022-01-15,20:00,2022,regular,,final,Idaho State,Idaho,116,117,81,74,,Big Sky,Big Sky,,,Reed Gym,Pocatello,ID,
21812,2022-01-15,20:00,2022,regular,,final,Pepperdine,Portland,228,230,63,82,,WCC,WCC,,,Firestone Fieldhouse,Malibu,CA,
21813,2022-01-15,20:00,2022,regular,,final,North Carolina,Georgia Tech,200,101,88,65,,ACC,ACC,,,Dean E. Smith Center,Chapel Hill,NC,
21814,2022-01-15,20:00,2022,regular,,final,Southern Illinois,Northern Iowa,273,209,68,69,,MVC,MVC,,,Banterra Center,Carbondale,IL,
21815,2022-01-15,20:00,2022,regular,,final,Kansas City,Oral Roberts,130,222,72,84,,Summit,Summit,,,Swinney Center,Kansas City,MO,
21840,2022-01-15,20:00,2022,regular,,scheduled,Weber State,Eastern Washington,345,80,0,0,,Big Sky,Big Sky,,,Dee Events Center,Ogden,UT,
21699,2022-01-15,20:30,2022,regular,,final,Ole Miss,Auburn,220,16,71,80,,SEC,SEC,,,The Sandy and John Black Pavilion at Ole Miss,Oxford,MS,
21816,2022-01-15,21:00,2022,regular,,final,Cal State Fullerton,UC Santa Barbara,37,311,79,73,,Big West,Big West,,,Titan Gym,Fullerton,CA,
21817,2022-01-15,21:00,2022,regular,,final,Grand Canyon,Tarleton State,104,288,80,59,,UAC,UAC,,,Global Credit Union Arena,Phoenix,AZ,
21818,2022-01-15,21:00,2022,regular,,final,San Diego,Loyola Marymount,258,153,70,65,,WCC,WCC,,,Jenny Craig Pavilion,San Diego,CA,
21819,2022-01-15,21:00,2022,regular,,final,Utah State,Wyoming,329,358,69,71,,Mountain West,Mountain West,,,Dee Glen Smith Spectrum,Logan,UT,
21820,2022-01-15,22:00,2022,regular,,final,Arizona State,Colorado,10,56,57,75,,Pac-12,Pac-12,,,Desert Financial Arena,Tempe,AZ,
21821,2022-01-15,22:00,2022,regular,,final,Cal Poly,UC Davis,35,307,82,74,,Big West,Big West,,,Mott Athletics Center,San Luis Obispo,CA,
21822,2022-01-15,22:00,2022,regular,,final,California Baptist,Utah Valley,39,332,75,73,,UAC,UAC,,,Dale E. and Sarah Ann Fowler Events Center,Riverside,CA,
21698,2022-01-15,22:30,2022,regular,,final,UCLA,Oregon State,313,224,81,65,,Pac-12,Pac-12,,,Pauley Pavilion,Los Angeles,CA,
21700,2022-01-15,23:00,2022,regular,,final,USC,Oregon,323,223,69,79,,Pac-12,Pac-12,,,Galen Center,Los Angeles,CA,
21823,2022-01-15,23:00,2022,regular,,final,San Francisco,BYU,259,18,69,71,,WCC,WCC,,,The Sobrato Center,San Francisco,CA,
21824,2022-01-15,23:59,2022,regular,,final,Hawai'i,UC San Diego,108,310,79,56,,Big West,Big West,,,Stan Sheriff Center,Honolulu,HI,
21841,2022-01-16,12:00,2022,regular,,final,Villanova,Butler,338,34,82,42,,Big East,Big East,,,Wells Fargo Center,Philadelphia,PA,
21842,2022-01-16,12:00,2022,regular,,final,Ohio State,Penn State,216,226,61,56,,Big Ten,Big Ten,,,Schottenstein Center,Columbus,OH,
21843,2022-01-16,13:00,2022,regular,,final,Wichita State,Cincinnati,352,51,57,61,,American,American,,,Charles Koch Arena,Wichita,KS,
21844,2022-01-16,13:00,2022,regular,,final,Boston University,Navy,27,187,65,72,,Patriot,Patriot,,,Case Gym,Boston,MA,
21845,2022-01-16,13:00,2022,regular,,final,Maine,Binghamton,154,24,65,73,,Am. East,Am. East,,,Cross Insurance Center,Bangor,ME,
21846,2022-01-16,13:00,2022,regular,,final,Iona,Niagara,123,194,78,55,,Metro,Metro,,,Hynes Athletics Center,New Rochelle,NY,
21847,2022-01-16,14:00,2022,regular,,final,Lafayette,Army,138,15,68,54,,Patriot,Patriot,,,Kirby Sports Center,Easton,PA,
21848,2022-01-16,14:00,2022,regular,,final,American University,Bucknell,8,32,63,55,,Patriot,Patriot,,,Bender Arena,Washington,DC,
21849,2022-01-16,14:00,2022,regular,,final,Marist,Monmouth,156,178,84,48,,Metro,Metro,,,McCann Arena,Poughkeepsie,NY,
21850,2022-01-16,14:00,2022,regular,,final,Quinnipiac,Fairfield,238,83,72,66,,Metro,Metro,,,M&T Bank Arena,Hamden,CT,
21851,2022-01-16,14:00,2022,regular,,final,Manhattan,Canisius,155,42,80,75,,Metro,Metro,,,Draddy Gymnasium,Riverdale,NY,
21852,2022-01-16,14:00,2022,regular,,final,Rider,Saint Peter's,243,254,51,58,,Metro,Metro,,,Alumni Gymnasium (Rider),Lawrenceville,NJ,
21853,2022-01-16,14:00,2022,regular,,final,Minnesota,Iowa,173,124,71,81,,Big Ten,Big Ten,,,Williams Arena,Minneapolis,MN,
21854,2022-01-16,15:00,2022,regular,,final,Southern Miss,Louisiana Tech,275,149,62,76,,CUSA,CUSA,,,Reed Green Coliseum,Hattiesburg,MS,
21855,2022-01-16,16:30,2022,regular,,final,St. John's,Georgetown,279,97,88,69,,Big East,Big East,,,Madison Square Garden,New York,NY,
21856,2022-01-16,18:00,2022,regular,,final,Lehigh,Loyola Maryland,141,152,57,69,,Patriot,Patriot,,,Stabler Arena,Bethlehem,PA,
21858,2022-01-16,18:00,2022,regular,,scheduled,Colgate,Holy Cross,55,111,0,0,,Patriot,Patriot,,,Cotterell Court,Hamilton,NY,
21857,2022-01-16,20:00,2022,regular,,final,Illinois State,Bradley,119,29,74,65,,MVC,MVC,,,CEFCU Arena,Normal,IL,
21859,2022-01-17,12:00,2022,regular,,final,Illinois,Purdue,118,236,88,96,,Big Ten,Big Ten,,,State Farm Center,Champaign,IL,
21860,2022-01-17,14:00,2022,regular,,final,Tennessee State,Tennessee Tech,290,291,80,64,,OVC,OVC,,,Gentry Center,Nashville,TN,
21861,2022-01-17,14:00,2022,regular,,final,George Washington,George Mason,96,95,77,76,,A-10,A-10,,,Charles E. Smith Center,Washington,DC,
21901,2022-01-17,14:00,2022,regular,,scheduled,Cornell,Columbia,60,58,0,0,,Ivy,Ivy,,,Newman Arena,Ithaca,NY,
21862,2022-01-17,14:30,2022,regular,,final,Howard,Notre Dame,114,213,68,71,,MEAC,ACC,,,Burr Gymnasium,Washington,DC,
21863,2022-01-17,15:00,2022,regular,,final,St. Francis Brooklyn,Long Island University,364,146,65,80,,NEC,NEC,,,Pope Physical Education Center,Brooklyn,NY,
21864,2022-01-17,15:00,2022,regular,,final,Merrimack,Mount St. Mary's,166,183,50,57,,NEC,NEC,,,Hammel Court,North Andover,MA,
21865,2022-01-17,16:00,2022,regular,,final,Arizona State,Utah,10,331,64,62,,Pac-12,Pac-12,,,Desert Financial Arena,Tempe,AZ,
21866,2022-01-17,16:00,2022,regular,,final,Florida Atlantic,Charlotte,86,48,96,67,,CUSA,CUSA,,,Eleanor R. Baldwin Arena,Boca Raton,FL,
21867,2022-01-17,16:00,2022,regular,,final,Stony Brook,UMBC,285,317,65,51,,Am. East,Am. East,,,Island FCU Arena,Stony Brook,NY,
21868,2022-01-17,16:00,2022,regular,,final,Maryland Eastern Shore,Norfolk State,159,196,58,72,,MEAC,MEAC,,,Hytche Center,Princess Anne,MD,
21869,2022-01-17,16:00,2022,regular,,final,Princeton,Pennsylvania,234,227,74,64,,Ivy,Ivy,,,Jadwin Gymnasium,Princeton,NJ,
21870,2022-01-17,16:00,2022,regular,,final,Saint Joseph's,La Salle,251,137,64,75,,A-10,A-10,,,Michael J. Hagan '85 Arena,Philadelphia,PA,
21871,2022-01-17,16:00,2022,regular,,final,Hofstra,Drexel,110,71,71,68,,CAA,CAA,,,David S. Mack Sports and Exhibition Complex,Hempstead,NY,
21872,2022-01-17,16:00,2022,regular,,final,Elon,James Madison,81,129,90,67,,CAA,CAA,,,Schar Center,Elon,NC,
21873,2022-01-17,16:30,2022,regular,,final,Eastern Illinois,Murray State,77,184,46,72,,OVC,OVC,,,Groniger Arena,Charleston,IL,
21874,2022-01-17,17:00,2022,regular,,final,Brown,Yale,30,360,63,66,,Ivy,Ivy,,,Pizzitola Sports Center,Providence,RI,
21875,2022-01-17,18:00,2022,regular,,final,Jackson State,Texas Southern,126,296,61,58,,SWAC,SWAC,,,Lee E. Williams Athletics and Assembly Center,Jackson,MS,
21876,2022-01-17,18:00,2022,regular,,final,Nebraska,Indiana,188,121,71,78,,Big Ten,Big Ten,,,Pinnacle Bank Arena,Lincoln,NE,
21877,2022-01-17,19:00,2022,regular,,final,Purdue Fort Wayne,Michigan-Dearborn,237,1134,102,59,,Horizon,,,,Memorial Coliseum (IN),Fort Wayne,IN,
21878,2022-01-17,19:00,2022,regular,,final,The Citadel,Mercer,299,164,64,71,,SoCon,SoCon,,,McAlister Field House,Charleston,SC,
21879,2022-01-17,19:00,2022,regular,,final,SIU Edwardsville,Belmont,247,22,64,80,,OVC,OVC,,,First Community Arena,Edwardsville,IL,
21880,2022-01-17,19:00,2022,regular,,final,Loyola Marymount,Portland,153,230,70,58,,WCC,WCC,,,Gersten Pavilion,Los Angeles,CA,
21881,2022-01-17,19:00,2022,regular,,final,Wagner,Fairleigh Dickinson,341,84,95,64,,NEC,NEC,,,Spiro Sports Center,Staten Island,NY,
21882,2022-01-17,19:00,2022,regular,,final,Sacred Heart,Central Connecticut,250,44,74,66,,NEC,NEC,,,William H. Pitt Center,Fairfield,CT,
21883,2022-01-17,19:00,2022,regular,,final,Bryant,St. Francis (PA),31,278,82,52,,NEC,NEC,,,Chace Athletic Center,Smithfield,RI,
21884,2022-01-17,19:00,2022,regular,,final,Dartmouth,Harvard,62,107,59,60,,Ivy,Ivy,,,Leede Arena,Hanover,NH,
21885,2022-01-17,19:00,2022,regular,,final,North Florida,Kennesaw State,203,133,60,62,,ASUN,ASUN,,,UNF Arena,Jacksonville,FL,
21886,2022-01-17,19:00,2022,regular,,final,Charleston,UNC Wilmington,46,321,78,86,,CAA,CAA,,,TD Arena,Charleston,SC,
21887,2022-01-17,19:00,2022,regular,,final,Northeastern,Delaware,205,66,76,82,,CAA,CAA,,,Matthews Arena,Boston,MA,
21888,2022-01-17,19:00,2022,regular,,final,William & Mary,Towson,353,301,69,91,,CAA,CAA,,,Kaplan Arena,Williamsburg,VA,
21889,2022-01-17,19:30,2022,regular,,final,Stephen F. Austin,Lamar,282,139,86,78,,UAC,UAC,,,William R. Johnson Coliseum,Nacogdoches,TX,
21890,2022-01-17,20:00,2022,regular,,final,Nevada,Wyoming,189,358,67,77,,Mountain West,Mountain West,,,Lawlor Events Center,Reno,NV,
21891,2022-01-17,20:00,2022,regular,,final,Northern Arizona,Idaho,206,117,74,72,,Big Sky,Big Sky,,,J. Lawrence Walkup Skydome,Flagstaff,AZ,
21892,2022-01-17,20:00,2022,regular,,final,Kansas City,Denver,130,68,55,63,,Summit,Summit,,,Swinney Center,Kansas City,MO,
21893,2022-01-17,20:00,2022,regular,,final,Southern Illinois,Drake,273,70,59,60,,MVC,MVC,,,Banterra Center,Carbondale,IL,
21894,2022-01-17,20:30,2022,regular,,final,Arkansas-Pine Bluff,Bethune-Cookman,14,23,69,63,,SWAC,SWAC,,,H.O. Clemmons Arena,Pine Bluff,AR,
21895,2022-01-17,20:30,2022,regular,,final,Mississippi Valley State,Florida A&M,175,85,70,78,,SWAC,SWAC,,,R.W. Harrison HPER Complex,Itta Bena,MS,
21896,2022-01-17,20:30,2022,regular,,final,Alcorn State,Prairie View A&M,7,232,73,74,,SWAC,SWAC,,,Davey L. Whitney Complex,Lorman,MS,
21897,2022-01-17,21:00,2022,regular,,final,San José State,UNLV,260,322,56,81,,Mountain West,Mountain West,,,Provident Credit Union Event Center,San Jose,CA,
21898,2022-01-17,21:00,2022,regular,,final,Southern Utah,Portland State,276,231,86,76,,Big Sky,Big Sky,,,America First Events Center,Cedar City,UT,
21899,2022-01-17,21:00,2022,regular,,final,Idaho State,Weber State,116,345,61,78,,Big Sky,Big Sky,,,Reed Gym,Pocatello,ID,
21900,2022-01-17,22:00,2022,regular,,final,California Baptist,Seattle U,39,262,85,92,,UAC,UAC,,,Dale E. and Sarah Ann Fowler Events Center,Riverside,CA,
21902,2022-01-17,22:00,2022,regular,,scheduled,Pacific,Pepperdine,225,228,0,0,,WCC,WCC,,,Alex G. Spanos Center,Stockton,CA,
21914,2022-01-18,14:00,2022,regular,,final,Saint Peter's,Canisius,254,42,65,57,,Metro,Metro,,,Yanitelli Center,Jersey City,NJ,
21903,2022-01-18,17:00,2022,regular,,final,West Virginia,Baylor,347,20,68,77,,Big 12,Big 12,,,WVU Coliseum,Morgantown,WV,
21915,2022-01-18,18:00,2022,regular,,final,South Carolina State,Morris College,267,507,102,67,,MEAC,,,,Smith-Hammond-Middleton Memorial Center,Orangeburg,SC,
21916,2022-01-18,18:00,2022,regular,,final,Akron,Western Michigan,3,351,74,73,,MAC,MAC,,,James A. Rhodes Arena,Akron,OH,
21905,2022-01-18,19:00,2022,regular,,final,Oklahoma,Kansas,217,131,64,67,,Big 12,Big 12,,,Lloyd Noble Center,Norman,OK,
21909,2022-01-18,19:00,2022,regular,,final,Ohio State,IU Indianapolis,216,115,83,37,,Big Ten,Horizon,,,Schottenstein Center,Columbus,OH,
21913,2022-01-18,19:00,2022,regular,,final,UConn,Butler,314,34,76,59,,Big East,Big East,,,XL Center,Hartford,CT,
21917,2022-01-18,19:00,2022,regular,,final,Dayton,St. Bonaventure,64,277,68,50,,A-10,A-10,,,UD Arena,Dayton,OH,
21918,2022-01-18,19:00,2022,regular,,final,Monmouth,Iona,178,123,85,86,,Metro,Metro,,,OceanFirst Bank Center,West Long Branch,NJ,
21919,2022-01-18,19:00,2022,regular,,final,VCU,Davidson,333,63,61,63,,A-10,A-10,,,Siegel Center,Richmond,VA,
21920,2022-01-18,19:00,2022,regular,,final,Manhattan,Niagara,155,194,63,72,,Metro,Metro,,,Draddy Gymnasium,Riverdale,NY,
21921,2022-01-18,19:00,2022,regular,,final,East Carolina,UCF,74,312,85,92,,American,American,,,Minges Coliseum,Greenville,NC,
21922,2022-01-18,19:00,2022,regular,,final,Miami,North Carolina,168,200,85,57,,ACC,ACC,,,Watsco Center,Coral Gables,FL,
21923,2022-01-18,19:00,2022,regular,,final,Stetson,Florida Gulf Coast,283,88,91,93,,ASUN,ASUN,,,Edmunds Center,DeLand,FL,
21924,2022-01-18,19:00,2022,regular,,final,Liberty,Jacksonville,142,127,88,49,,ASUN,ASUN,,,Liberty Arena,Lynchburg,VA,
21925,2022-01-18,19:00,2022,regular,,final,Eastern Kentucky,Lipscomb,78,143,86,72,,ASUN,ASUN,,,Baptist Health Arena,Richmond,KY,
21926,2022-01-18,19:00,2022,regular,,final,Bellarmine,North Alabama,21,197,68,60,,ASUN,ASUN,,,Freedom Hall (KY),Louisville,KY,
21927,2022-01-18,19:00,2022,regular,,final,Eastern Michigan,Kent State,79,134,47,56,,MAC,MAC,,,Gervin GameAbove Center,Ypsilanti,MI,
21928,2022-01-18,19:00,2022,regular,,final,Toledo,Ball State,300,19,83,70,,MAC,MAC,,,Savage Arena,Toledo,OH,
21929,2022-01-18,19:00,2022,regular,,final,Miami (OH),Ohio,167,215,63,86,,MAC,MAC,,,Millett Hall,Oxford,OH,
21930,2022-01-18,19:00,2022,regular,,final,Arkansas,South Carolina,12,266,75,59,,SEC,SEC,,,Bud Walton Arena,Fayetteville,AR,
21931,2022-01-18,19:00,2022,regular,,final,Ole Miss,Missouri,220,177,53,78,,SEC,SEC,,,The Sandy and John Black Pavilion at Ole Miss,Oxford,MS,
21932,2022-01-18,19:00,2022,regular,,final,Michigan,Maryland,170,160,83,64,,Big Ten,Big Ten,,,Crisler Center,Ann Arbor,MI,
21941,2022-01-18,19:00,2022,regular,,cancelled,Buffalo,Central Michigan,33,45,0,0,,MAC,MAC,,,Alumni Arena,Buffalo,NY,
21907,2022-01-18,20:00,2022,regular,,final,Houston,South Florida,113,271,74,55,,American,American,,,Fertitta Center,Houston,TX,
21910,2022-01-18,20:00,2022,regular,,final,Evansville,Loyola Chicago,82,151,48,77,,MVC,MVC,,,Ford Center,Evansville,IN,
21933,2022-01-18,20:00,2022,regular,,final,Fordham,Richmond,91,242,70,83,,A-10,A-10,,,Rose Hill Gym,Bronx,NY,
21934,2022-01-18,20:00,2022,regular,,final,Central Arkansas,Jacksonville State,43,128,81,86,,ASUN,ASUN,,,Farris Center,Conway,AR,
21935,2022-01-18,20:00,2022,regular,,final,Northern Illinois,Bowling Green,208,28,83,92,,MAC,MAC,,,NIU Convocation Center,Dekalb,IL,
21911,2022-01-18,20:30,2022,regular,,final,Texas,Kansas State,295,132,65,66,,Big 12,Big 12,,,Frank Erwin Center,Austin,TX,
21904,2022-01-18,21:00,2022,regular,,final,Florida State,Duke,90,72,79,78,,ACC,ACC,,,Tucker Center,Tallahassee,FL,
21906,2022-01-18,21:00,2022,regular,,final,Northwestern,Wisconsin,212,355,76,82,,Big Ten,Big Ten,,,Welsh-Ryan Arena,Evanston,IL,
21908,2022-01-18,21:00,2022,regular,,final,Texas Tech,Iowa State,298,125,72,60,,Big 12,Big 12,,,United Supermarkets Arena,Lubbock,TX,
21912,2022-01-18,21:00,2022,regular,,final,Vanderbilt,Tennessee,336,292,60,68,,SEC,SEC,,,Memorial Gymnasium (TN),Nashville,TN,
21936,2022-01-18,21:00,2022,regular,,final,Syracuse,Clemson,286,52,91,78,,ACC,ACC,,,JMA Wireless Dome,Syracuse,NY,
21937,2022-01-18,21:00,2022,regular,,final,Boise State,Air Force,25,2,62,56,,Mountain West,Mountain West,,,ExtraMile Arena,Boise,ID,
21940,2022-01-18,21:00,2022,regular,,cancelled,Seton Hall,Providence,263,235,0,0,,Big East,Big East,,,Prudential Center,Newark,NJ,
21942,2022-01-18,21:00,2022,regular,,scheduled,San Diego State,UNLV,257,322,0,0,,Mountain West,Mountain West,,,Viejas Arena,San Diego,CA,
21938,2022-01-18,22:00,2022,regular,,final,Cal State Bakersfield,Cal Poly,36,35,73,60,,Big West,Big West,,,Icardo Center,Bakersfield,CA,
21939,2022-01-18,23:00,2022,regular,,final,Fresno State,Utah State,92,329,61,54,,Mountain West,Mountain West,,,Save Mart Center,Fresno,CA,
21948,2022-01-19,18:00,2022,regular,,final,Army,American University,15,8,76,66,,Patriot,Patriot,,,Christl Arena,West Point,NY,
21949,2022-01-19,18:30,2022,regular,,final,UNC Asheville,North Carolina A&T,319,198,71,73,,Big South,Big South,,,Kimmel Arena,Asheville,NC,
21950,2022-01-19,18:30,2022,regular,,final,Radford,Hampton,239,106,54,51,,Big South,Big South,,,The Dedmon Center,Radford,VA,
21951,2022-01-19,18:30,2022,regular,,final,Florida,Mississippi State,87,174,80,72,,SEC,SEC,,,Stephen C. O'Connell Center,Gainesville,FL,
21983,2022-01-19,18:30,2022,regular,,scheduled,Penn State,Minnesota,226,173,0,0,,Big Ten,Big Ten,,,Bryce Jordan Center,University Park,PA,
21946,2022-01-19,19:00,2022,regular,,final,Alabama,LSU,5,136,70,67,,SEC,SEC,,,Coleman Coliseum,Tuscaloosa,AL,
21952,2022-01-19,19:00,2022,regular,,final,Rhode Island,La Salle,240,137,56,54,,A-10,A-10,,,Thomas M. Ryan Center,Kingston,RI,
21953,2022-01-19,19:00,2022,regular,,final,Saint Joseph's,George Washington,251,96,72,61,,A-10,A-10,,,Michael J. Hagan '85 Arena,Philadelphia,PA,
21954,2022-01-19,19:00,2022,regular,,final,Quinnipiac,Rider,238,243,73,67,,Metro,Metro,,,M&T Bank Arena,Hamden,CT,
21955,2022-01-19,19:00,2022,regular,,final,Loyola Maryland,Boston University,152,27,50,67,,Patriot,Patriot,,,Reitz Arena,Baltimore,MD,
21956,2022-01-19,19:00,2022,regular,,final,Bucknell,Colgate,32,55,56,75,,Patriot,Patriot,,,Sojka Pavilion,Lewisburg,PA,
21957,2022-01-19,19:00,2022,regular,,final,Creighton,St. John's,61,279,87,64,,Big East,Big East,,,CHI Health Center Omaha,Omaha,NE,
21958,2022-01-19,19:00,2022,regular,,final,Navy,Lehigh,187,141,61,69,,Patriot,Patriot,,,Alumni Hall (Navy),Annapolis,MD,
21959,2022-01-19,19:00,2022,regular,,final,Gardner-Webb,South Carolina Upstate,94,268,61,74,,Big South,Big South,,,Paul Porter Arena,Boiling Springs,NC,
21960,2022-01-19,19:00,2022,regular,,final,Charleston Southern,High Point,47,109,70,66,,Big South,Big South,,,Buccaneer Fieldhouse,Charleston,SC,
21961,2022-01-19,19:00,2022,regular,,final,Longwood,Campbell,147,41,72,64,,Big South,Big South,,,Willett Hall,Farmville,VA,
21962,2022-01-19,19:00,2022,regular,,final,NC State,Virginia Tech,185,340,59,62,,ACC,ACC,,,Lenovo Center,Raleigh,NC,
21963,2022-01-19,19:00,2022,regular,,final,Georgia Tech,Wake Forest,101,342,64,80,,ACC,ACC,,,McCamish Pavilion,Atlanta,GA,
21964,2022-01-19,19:00,2022,regular,,final,NJIT,Vermont,186,337,57,83,,Am. East,Am. East,,,Joel & Diane Bloom Wellness and Events Center,Newark,NJ,
21965,2022-01-19,19:00,2022,regular,,final,Binghamton,Stony Brook,24,285,71,74,,Am. East,Am. East,,,Events Center (Binghamton),Binghamton,NY,
21966,2022-01-19,19:00,2022,regular,,final,Hartford,New Hampshire,363,190,69,57,,Am. East,Am. East,,,Chase Arena,West Hartford,CT,
21967,2022-01-19,19:00,2022,regular,,final,UMass Lowell,Maine,318,154,71,62,,Am. East,Am. East,,,Costello Athletic Center,Lowell,MA,
21968,2022-01-19,19:00,2022,regular,,final,UMBC,UAlbany,317,306,54,66,,Am. East,Am. East,,,Chesapeake Employers Insurance Arena,Baltimore,MD,
21969,2022-01-19,19:00,2022,regular,,final,Valparaiso,Northern Iowa,335,209,83,80,,MVC,MVC,,,Athletics-Recreation Center,Valparaiso,IN,
21970,2022-01-19,19:00,2022,regular,,final,Furman,Western Carolina,93,348,88,50,,SoCon,SoCon,,,Timmons Arena,Greenville,SC,
21971,2022-01-19,19:00,2022,regular,,final,East Tennessee State,Mercer,75,164,72,64,,SoCon,SoCon,,,Freedom Hall (TN),Johnson City,TN,
21972,2022-01-19,19:00,2022,regular,,final,Wofford,The Citadel,356,299,89,77,,SoCon,SoCon,,,Jerry Richardson Indoor Stadium,Spartanburg,SC,
21984,2022-01-19,19:00,2022,regular,,scheduled,Lafayette,Holy Cross,138,111,0,0,,Patriot,Patriot,,,Kirby Sports Center,Easton,PA,
21985,2022-01-19,19:00,2022,regular,,cancelled,Temple,Wichita State,289,352,0,0,,American,American,,,Liacouras Center,Philadelphia,PA,
21944,2022-01-19,20:00,2022,regular,,final,Villanova,Marquette,338,157,54,57,,Big East,Big East,,,Finneran Pavilion,Villanova,PA,
21973,2022-01-19,20:00,2022,regular,,final,Southern Miss,Southeastern Baptist College,275,1081,100,50,,CUSA,,,,Reed Green Coliseum,Hattiesburg,MS,
21974,2022-01-19,20:00,2022,regular,,final,Oklahoma State,TCU,218,287,57,56,,Big 12,Big 12,,,Gallagher-Iba Arena,Stillwater,OK,
21975,2022-01-19,20:00,2022,regular,,final,Southern Illinois,Indiana State,273,122,63,55,,MVC,MVC,,,Banterra Center,Carbondale,IL,
21976,2022-01-19,20:00,2022,regular,,final,Missouri State,Illinois State,176,119,88,63,,MVC,MVC,,,Great Southern Bank Arena,Springfield,MO,
21977,2022-01-19,20:00,2022,regular,,final,Drake,Bradley,70,29,71,83,,MVC,MVC,,,Knapp Center,Des Moines,IA,
21978,2022-01-19,20:17,2022,regular,,final,Louisville,Boston College,150,26,67,54,,ACC,ACC,,,KFC Yum! Center,Louisville,KY,
21945,2022-01-19,20:30,2022,regular,,final,Texas A&M,Kentucky,293,135,58,64,,SEC,SEC,,,Reed Arena,College Station,TX,
21979,2022-01-19,20:30,2022,regular,,final,Rutgers,Iowa,245,124,48,46,,Big Ten,Big Ten,,,Jersey Mike’s Arena,Piscataway,NJ,
21943,2022-01-19,21:00,2022,regular,,final,Auburn,Georgia,16,98,83,60,,SEC,SEC,,,Neville Arena,Auburn,AL,
21947,2022-01-19,21:00,2022,regular,,final,DePaul,Xavier,65,359,67,68,,Big East,Big East,,,Wintrust Arena,Chicago,IL,
21980,2022-01-19,21:00,2022,regular,,final,Pittsburgh,Virginia,229,339,61,66,,ACC,ACC,,,Petersen Events Center,Pittsburgh,PA,
21981,2022-01-19,21:00,2022,regular,,final,Wyoming,San José State,358,260,84,69,,Mountain West,Mountain West,,,Arena-Auditorium,Laramie,WY,
21982,2022-01-19,22:00,2022,regular,,final,Colorado State,New Mexico,57,191,80,74,,Mountain West,Mountain West,,,Moby Arena,Fort Collins,CO,
21993,2022-01-20,12:00,2022,regular,,final,Florida State,North Florida,90,203,86,73,,ACC,ASUN,,,Tucker Center,Tallahassee,FL,
21991,2022-01-20,17:00,2022,regular,,final,Providence,Georgetown,235,97,83,75,,Big East,Big East,,,Amica Mutual Pavilion,Providence,RI,
21994,2022-01-20,18:00,2022,regular,,final,Presbyterian,Winthrop,233,354,58,60,,Big South,Big South,,,Templeton Center,Clinton,SC,
21988,2022-01-20,19:00,2022,regular,,final,Indiana,Purdue,121,236,68,65,,Big Ten,Big Ten,,,Simon Skjodt Assembly Hall,Bloomington,IN,
21995,2022-01-20,19:00,2022,regular,,final,Bowling Green,Akron,28,3,66,91,,MAC,MAC,,,Stroh Center,Bowling Green,OH,
21996,2022-01-20,19:00,2022,regular,,final,Massachusetts,Saint Louis,161,252,91,85,,A-10,A-10,,,Mullins Center,Amherst,MA,
21997,2022-01-20,19:00,2022,regular,,final,Memphis,SMU,163,248,62,70,,American,American,,,FedExForum,Memphis,TN,
21998,2022-01-20,19:00,2022,regular,,final,Tennessee Tech,SIU Edwardsville,291,247,94,76,,OVC,OVC,,,Hooper Eblen Center,Cookeville,TN,
21999,2022-01-20,19:00,2022,regular,,final,Morehead State,Belmont,181,22,83,74,,OVC,OVC,,,Ellis T. Johnson Arena,Morehead,KY,
22000,2022-01-20,19:00,2022,regular,,final,UT Martin,Austin Peay,325,17,57,72,,OVC,OVC,,,Skyhawk Arena,Martin,TN,
22001,2022-01-20,19:00,2022,regular,,final,Florida International,Marshall,89,158,70,66,,CUSA,CUSA,,,Ocean Bank Convocation Center,Miami,FL,
22002,2022-01-20,19:00,2022,regular,,final,Florida Atlantic,Western Kentucky,86,350,78,69,,CUSA,CUSA,,,Eleanor R. Baldwin Arena,Boca Raton,FL,
22003,2022-01-20,19:00,2022,regular,,final,North Texas,Charlotte,204,48,65,51,,CUSA,CUSA,,,The Super Pit,Denton,TX,
22004,2022-01-20,19:00,2022,regular,,final,IU Indianapolis,Wright State,115,357,45,73,,Horizon,Horizon,,,Corteva Coliseum,Indianapolis,IN,
22005,2022-01-20,19:00,2022,regular,,final,Georgia Southern,Coastal Carolina,99,54,72,76,,Sun Belt,Sun Belt,,,Hanner Fieldhouse,Statesboro,GA,
22006,2022-01-20,19:00,2022,regular,,final,Georgia State,App State,100,9,60,61,,Sun Belt,Sun Belt,,,Georgia State Sports Arena,Atlanta,GA,
22007,2022-01-20,19:00,2022,regular,,final,VMI,Samford,334,256,99,80,,SoCon,SoCon,,,Cameron Hall,Lexington,VA,
22008,2022-01-20,19:00,2022,regular,,final,UNC Greensboro,Chattanooga,320,49,64,72,,SoCon,SoCon,,,First Horizon Coliseum,Greensboro,NC,
22009,2022-01-20,19:00,2022,regular,,final,Drexel,Elon,71,81,77,49,,CAA,CAA,,,Daskalakis Athletic Center,Philadelphia,PA,
22010,2022-01-20,19:00,2022,regular,,final,Delaware,William & Mary,66,353,84,74,,CAA,CAA,,,Bob Carpenter Center,Newark,DE,
22011,2022-01-20,19:00,2022,regular,,final,James Madison,UNC Wilmington,129,321,70,71,,CAA,CAA,,,Atlantic Union Bank Center,Harrisonburg,VA,
22012,2022-01-20,19:00,2022,regular,,final,Towson,Charleston,301,46,74,67,,CAA,CAA,,,TU Arena,Towson,MD,
22054,2022-01-20,19:00,2022,regular,,scheduled,Central Michigan,Western Michigan,45,351,0,0,,MAC,MAC,,,McGuirk Arena,Mount Pleasant,MI,
22055,2022-01-20,19:00,2022,regular,,scheduled,Kennesaw State,Liberty,133,142,0,0,,ASUN,ASUN,,,KSU Convocation Center,Kennesaw,GA,
22056,2022-01-20,19:00,2022,regular,,scheduled,Western Illinois,South Dakota,349,269,0,0,,Summit,Summit,,,Western Hall,Macomb,IL,
21990,2022-01-20,19:30,2022,regular,,final,Colorado,USC,56,323,58,61,,Pac-12,Pac-12,,,CU Events Center,Boulder,CO,
22013,2022-01-20,19:30,2022,regular,,final,Sam Houston,New Mexico State,255,192,71,46,,UAC,UAC,,,Bernard G. Johnson Coliseum,Huntsville,TX,
22014,2022-01-20,19:30,2022,regular,,final,Stephen F. Austin,Grand Canyon,282,104,71,46,,UAC,UAC,,,William R. Johnson Coliseum,Nacogdoches,TX,
22015,2022-01-20,19:30,2022,regular,,final,Little Rock,Texas State,144,297,59,69,,Sun Belt,Sun Belt,,,Jack Stephens Center,Little Rock,AR,
22016,2022-01-20,19:30,2022,regular,,final,UL Monroe,Troy,316,302,65,73,,Sun Belt,Sun Belt,,,Fant-Ewing Coliseum,Monroe,LA,
22017,2022-01-20,19:30,2022,regular,,final,Fairfield,Monmouth,83,178,58,61,,Metro,Metro,,,Total Mortgage Arena,Bridgeport,CT,
22018,2022-01-20,20:00,2022,regular,,final,Southeast Missouri State,Tennessee State,272,290,85,63,,OVC,OVC,,,Show Me Center,Cape Girardeau,MO,
22019,2022-01-20,20:00,2022,regular,,final,Rice,Old Dominion,241,219,77,69,,CUSA,CUSA,,,Tudor Fieldhouse,Houston,TX,
22020,2022-01-20,20:00,2022,regular,,final,Northern Arizona,Montana State,206,180,84,89,,Big Sky,Big Sky,,,J. Lawrence Walkup Skydome,Flagstaff,AZ,
22021,2022-01-20,20:00,2022,regular,,final,Nicholls,Northwestern State,195,211,69,58,,Southland,Southland,,,David R. Stopher Gymnasium,Thibodaux,LA,
22022,2022-01-20,20:00,2022,regular,,final,Utah Valley,UT Rio Grande Valley,332,326,66,56,,UAC,UAC,,,UCCU Center,Orem,UT,
22023,2022-01-20,20:00,2022,regular,,final,Tarleton State,California Baptist,288,39,84,88,,UAC,UAC,,,Wisdom Gym,Stephenville,TX,
22024,2022-01-20,20:00,2022,regular,,final,Abilene Christian,Seattle U,1,262,62,72,,UAC,UAC,,,Teague Center,Abilene,TX,
22025,2022-01-20,20:00,2022,regular,,final,UIC,Northern Kentucky,315,210,70,74,,Horizon,Horizon,,,Credit Union 1 Arena,Chicago,IL,
22026,2022-01-20,20:00,2022,regular,,final,Milwaukee,Oakland,172,214,88,78,,Horizon,Horizon,,,UW-Milwaukee Panther Arena,Milwaukee,WI,
22027,2022-01-20,20:00,2022,regular,,final,Green Bay,Detroit Mercy,105,69,70,63,,Horizon,Horizon,,,Resch Center,Ashwaubenon,WI,
22028,2022-01-20,20:00,2022,regular,,final,Arkansas State,UT Arlington,13,324,75,70,,Sun Belt,Sun Belt,,,First National Bank Arena,Jonesboro,AR,
22029,2022-01-20,20:00,2022,regular,,final,Louisiana,South Alabama,148,265,70,77,,Sun Belt,Sun Belt,,,Cajundome,Lafayette,LA,
22030,2022-01-20,20:00,2022,regular,,final,Oral Roberts,North Dakota,222,201,80,76,,Summit,Summit,,,Mabee Center,Tulsa,OK,
22031,2022-01-20,20:00,2022,regular,,final,St. Thomas-Minnesota,South Dakota State,280,270,77,92,,Summit,Summit,,,Schoenecker Arena,Saint Paul,MN,
22032,2022-01-20,20:00,2022,regular,,final,Kansas City,North Dakota State,130,202,80,77,,Summit,Summit,,,Swinney Center,Kansas City,MO,
22033,2022-01-20,20:30,2022,regular,,final,Incarnate Word,Houston Christian,120,112,65,68,,Southland,Southland,,,McDermott Center,San Antonio,TX,
22034,2022-01-20,20:30,2022,regular,,final,Texas A&M-Corpus Christi,McNeese,294,162,60,56,,Southland,Southland,,,American Bank Center,Corpus Christi,TX,
22035,2022-01-20,20:30,2022,regular,,final,New Orleans,SE Louisiana,193,246,78,72,,Southland,Southland,,,Lakefront Arena,New Orleans,LA,
22036,2022-01-20,20:40,2022,regular,,final,Murray State,Eastern Illinois,184,77,91,51,,OVC,OVC,,,CFSB Center,Murray,KY,
21992,2022-01-20,21:00,2022,regular,,final,Butler,UConn,34,314,56,75,,Big East,Big East,,,Hinkle Fieldhouse,Indianapolis,IN,
22037,2022-01-20,21:00,2022,regular,,final,Utah State,Boise State,329,25,59,62,,Mountain West,Mountain West,,,Dee Glen Smith Spectrum,Logan,UT,
22038,2022-01-20,21:00,2022,regular,,final,Air Force,UNLV,2,322,69,62,,Mountain West,Mountain West,,,Clune Arena,Colorado Springs,CO,
22039,2022-01-20,21:00,2022,regular,,final,Cincinnati,Tulsa,51,304,90,69,,American,American,,,Fifth Third Arena,Cincinnati,OH,
22040,2022-01-20,21:00,2022,regular,,final,UTEP,UTSA,327,328,69,64,,CUSA,CUSA,,,Don Haskins Center,El Paso,TX,
22041,2022-01-20,21:00,2022,regular,,final,Weber State,Idaho State,345,116,95,63,,Big Sky,Big Sky,,,Dee Events Center,Ogden,UT,
22042,2022-01-20,21:00,2022,regular,,final,Idaho,Northern Colorado,117,207,70,87,,Big Sky,Big Sky,,,ICCU Arena,Moscow,ID,
22043,2022-01-20,21:00,2022,regular,,final,Eastern Washington,Sacramento State,80,249,75,62,,Big Sky,Big Sky,,,Reese Court,Cheney,WA,
22044,2022-01-20,21:00,2022,regular,,final,Utah Tech,Lamar,330,139,71,55,,UAC,UAC,,,Burns Arena,St. George,UT,
22045,2022-01-20,21:00,2022,regular,,final,BYU,San Diego,18,258,79,71,,WCC,WCC,,,Marriott Center,Provo,UT,
22046,2022-01-20,21:00,2022,regular,,final,Saint Mary's,Santa Clara,253,261,73,65,,WCC,WCC,,,University Credit Union Pavilion,Moraga,CA,
22057,2022-01-20,21:30,2022,regular,,scheduled,Oregon,Washington State,223,344,0,0,,Pac-12,Pac-12,,,Matthew Knight Arena,Eugene,OR,
22047,2022-01-20,22:00,2022,regular,,final,UC Irvine,Cal State Fullerton,308,37,63,65,,Big West,Big West,,,Bren Events Center,Irvine,CA,
22048,2022-01-20,22:00,2022,regular,,final,UC San Diego,Long Beach State,310,145,69,87,,Big West,Big West,,,LionTree Arena,San Diego,CA,
22049,2022-01-20,22:00,2022,regular,,final,Cal State Northridge,UC Davis,38,307,47,64,,Big West,Big West,,,Premier America Credit Union Arena,Northridge,CA,
22050,2022-01-20,22:00,2022,regular,,final,Cal State Bakersfield,Hawai'i,36,108,59,63,,Big West,Big West,,,Icardo Center,Bakersfield,CA,
22051,2022-01-20,22:00,2022,regular,,final,Portland State,Montana,231,179,64,66,,Big Sky,Big Sky,,,Viking Pavilion,Portland,OR,
22058,2022-01-20,22:00,2022,regular,,cancelled,UC Santa Barbara,UC Riverside,311,309,0,0,,Big West,Big West,,,The Thunderdome,Santa Barbara,CA,
21986,2022-01-20,23:00,2022,regular,,final,Gonzaga,San Francisco,102,259,78,62,,WCC,WCC,,,McCarthey Athletic Center,Spokane,WA,
21987,2022-01-20,23:00,2022,regular,,final,Stanford,Arizona,281,11,57,85,,Pac-12,Pac-12,,,Maples Pavilion,Stanford,CA,
21989,2022-01-20,23:00,2022,regular,,final,Utah,UCLA,331,313,58,63,,Pac-12,Pac-12,,,Jon M. Huntsman Center,Salt Lake City,UT,
22052,2022-01-20,23:00,2022,regular,,final,Loyola Marymount,Pepperdine,153,228,85,80,,WCC,WCC,,,Gersten Pavilion,Los Angeles,CA,
22053,2022-01-20,23:30,2022,regular,,final,Oregon State,Washington,224,343,72,82,,Pac-12,Pac-12,,,Gill Coliseum,Corvallis,OR,
22061,2022-01-21,18:00,2022,regular,,final,Ohio,Toledo,215,300,69,87,,MAC,MAC,,,Convocation Center (OH),Athens,OH,
22060,2022-01-21,19:00,2022,regular,,final,Maryland,Illinois,160,118,81,65,,Big Ten,Big Ten,,,XFINITY Center,College Park,MD,
22062,2022-01-21,19:00,2022,regular,,final,Illinois State,Evansville,119,82,94,56,,MVC,MVC,,,CEFCU Arena,Normal,IL,
22063,2022-01-21,19:00,2022,regular,,final,St. Francis (PA),Central Connecticut,278,44,68,67,,NEC,NEC,,,DeGol Arena,Loretto,PA,
22064,2022-01-21,19:00,2022,regular,,final,Mount St. Mary's,Sacred Heart,183,250,98,59,,NEC,NEC,,,Knott Arena,Emmitsburg,MD,
22065,2022-01-21,19:00,2022,regular,,final,Merrimack,Bryant,166,31,63,79,,NEC,NEC,,,Hammel Court,North Andover,MA,
22066,2022-01-21,19:00,2022,regular,,final,Long Island University,Wagner,146,341,85,92,,NEC,NEC,,,Steinberg Wellness Center,Brooklyn,NY,
22067,2022-01-21,19:00,2022,regular,,final,Fairleigh Dickinson,St. Francis Brooklyn,84,364,78,80,,NEC,NEC,,,Bogota Savings Bank Center,Hackensack,NJ,
22068,2022-01-21,19:00,2022,regular,,final,Cleveland State,Youngstown State,53,361,64,61,,Horizon,Horizon,,,Wolstein Center,Cleveland,OH,
22069,2022-01-21,19:00,2022,regular,,final,Purdue Fort Wayne,Robert Morris,237,244,86,62,,Horizon,Horizon,,,Memorial Coliseum (IN),Fort Wayne,IN,
22070,2022-01-21,19:00,2022,regular,,final,Duquesne,St. Bonaventure,73,277,56,64,,A-10,A-10,,,UPMC Cooper Fieldhouse,Pittsburgh,PA,
22071,2022-01-21,19:00,2022,regular,,final,Canisius,Rider,42,243,70,69,,Metro,Metro,,,Koessler Athletic Center,Buffalo,NY,
22072,2022-01-21,19:00,2022,regular,,final,Niagara,Saint Peter's,194,254,68,74,,Metro,Metro,,,Gallagher Center,Niagara Falls,NY,
22073,2022-01-21,19:00,2022,regular,,final,Manhattan,Siena,155,264,75,68,,Metro,Metro,,,Draddy Gymnasium,Riverdale,NY,
22074,2022-01-21,20:00,2022,regular,,final,Buffalo,Kent State,33,134,64,51,,MAC,MAC,,,Alumni Arena,Buffalo,NY,
22059,2022-01-21,21:00,2022,regular,,final,Wisconsin,Michigan State,355,169,74,86,,Big Ten,Big Ten,,,Kohl Center,Madison,WI,
22075,2022-01-21,23:00,2022,regular,,final,Nevada,Fresno State,189,92,77,73,,Mountain West,Mountain West,,,Lawlor Events Center,Reno,NV,
22078,2022-01-22,12:00,2022,regular,,final,Duke,Syracuse,72,286,79,59,,ACC,ACC,,,Cameron Indoor Stadium,Durham,NC,
22082,2022-01-22,12:00,2022,regular,,final,Georgetown,Villanova,97,338,74,85,,Big East,Big East,,,Capital One Arena,Washington,DC,
22086,2022-01-22,12:00,2022,regular,,final,Texas Tech,West Virginia,298,347,78,65,,Big 12,Big 12,,,United Supermarkets Arena,Lubbock,TX,
22089,2022-01-22,12:00,2022,regular,,final,St. John's,Seton Hall,279,263,60,66,,Big East,Big East,,,Madison Square Garden,New York,NY,
22090,2022-01-22,12:00,2022,regular,,final,Boston College,Virginia Tech,26,340,68,63,,ACC,ACC,,,Conte Forum,Chestnut Hill,MA,
22091,2022-01-22,12:00,2022,regular,,final,Maine,UMBC,154,317,46,88,,Am. East,Am. East,,,Cross Insurance Center,Bangor,ME,
22092,2022-01-22,12:00,2022,regular,,final,IU Indianapolis,Northern Kentucky,115,210,41,60,,Horizon,Horizon,,,Corteva Coliseum,Indianapolis,IN,
22093,2022-01-22,12:00,2022,regular,,final,Northeastern,Hofstra,205,110,50,72,,CAA,CAA,,,Matthews Arena,Boston,MA,
22094,2022-01-22,12:00,2022,regular,,final,Minnesota,Rutgers,173,245,68,65,,Big Ten,Big Ten,,,Williams Arena,Minneapolis,MN,
22214,2022-01-22,12:00,2022,regular,,scheduled,South Florida,Temple,271,289,0,0,,American,American,,,Yuengling Center,Tampa,FL,
22095,2022-01-22,12:30,2022,regular,,final,Rhode Island,George Washington,240,96,61,63,,A-10,A-10,,,Thomas M. Ryan Center,Kingston,RI,
22076,2022-01-22,13:00,2022,regular,,final,Auburn,Kentucky,16,135,80,71,,SEC,SEC,,,Neville Arena,Auburn,AL,
22096,2022-01-22,13:00,2022,regular,,final,Boston University,Lehigh,27,141,80,74,,Patriot,Patriot,,,Case Gym,Boston,MA,
22097,2022-01-22,13:00,2022,regular,,final,New Hampshire,UMass Lowell,190,318,67,61,,Am. East,Am. East,,,Lundholm Gymnasium,Durham,NH,
22098,2022-01-22,13:00,2022,regular,,final,Green Bay,Oakland,105,214,61,68,,Horizon,Horizon,,,Resch Center,Ashwaubenon,WI,
22099,2022-01-22,13:00,2022,regular,,final,Indiana State,Valparaiso,122,335,73,75,,MVC,MVC,,,Hulman Center,Terre Haute,IN,
22100,2022-01-22,13:00,2022,regular,,final,VMI,Chattanooga,334,49,74,78,,SoCon,SoCon,,,Cameron Hall,Lexington,VA,
22101,2022-01-22,13:00,2022,regular,,final,Delaware,Elon,66,81,80,77,,CAA,CAA,,,Bob Carpenter Center,Newark,DE,
22102,2022-01-22,13:00,2022,regular,,final,Florida,Vanderbilt,87,336,61,42,,SEC,SEC,,,Stephen C. O'Connell Center,Gainesville,FL,
22103,2022-01-22,13:30,2022,regular,,final,Navy,Army,187,15,73,74,,Patriot,Patriot,,,Alumni Hall (Navy),Annapolis,MD,
22088,2022-01-22,14:00,2022,regular,,final,Texas,Oklahoma State,295,218,56,51,,Big 12,Big 12,,,Frank Erwin Center,Austin,TX,
22104,2022-01-22,14:00,2022,regular,,final,Holy Cross,Bucknell,111,32,65,68,,Patriot,Patriot,,,Hart Center,Worcester,MA,
22105,2022-01-22,14:00,2022,regular,,final,UCF,Tulane,312,303,68,66,,American,American,,,Addition Financial Arena,Orlando,FL,
22106,2022-01-22,14:00,2022,regular,,final,Loyola Maryland,American University,152,8,78,73,,Patriot,Patriot,,,Reitz Arena,Baltimore,MD,
22107,2022-01-22,14:00,2022,regular,,final,Middle Tennessee,Southern Miss,171,275,74,60,,CUSA,CUSA,,,Murphy Center,Murfreesboro,TN,
22108,2022-01-22,14:00,2022,regular,,final,Radford,UNC Asheville,239,319,74,78,,Big South,Big South,,,The Dedmon Center,Radford,VA,
22109,2022-01-22,14:00,2022,regular,,final,Winthrop,Gardner-Webb,354,94,64,62,,Big South,Big South,,,Winthrop Coliseum,Rock Hill,SC,
22110,2022-01-22,14:00,2022,regular,,final,Miami,Florida State,168,90,60,61,,ACC,ACC,,,Watsco Center,Coral Gables,FL,
22111,2022-01-22,14:00,2022,regular,,final,Dartmouth,Princeton,62,234,80,84,,Ivy,Ivy,,,Leede Arena,Hanover,NH,
22112,2022-01-22,14:00,2022,regular,,final,Cornell,Harvard,60,107,76,61,,Ivy,Ivy,,,Newman Arena,Ithaca,NY,
22113,2022-01-22,14:00,2022,regular,,final,Columbia,Brown,58,30,74,93,,Ivy,Ivy,,,Levien Gymnasium,New York,NY,
22114,2022-01-22,14:00,2022,regular,,final,Georgia State,Coastal Carolina,100,54,68,72,,Sun Belt,Sun Belt,,,Georgia State Sports Arena,Atlanta,GA,
22115,2022-01-22,14:00,2022,regular,,final,Fordham,Davidson,91,63,66,69,,A-10,A-10,,,Rose Hill Gym,Bronx,NY,
22116,2022-01-22,14:00,2022,regular,,final,Towson,UNC Wilmington,301,321,77,81,,CAA,CAA,,,TU Arena,Towson,MD,
22117,2022-01-22,14:00,2022,regular,,final,Drexel,William & Mary,71,353,75,83,,CAA,CAA,,,Daskalakis Athletic Center,Philadelphia,PA,
22118,2022-01-22,14:00,2022,regular,,final,Western Michigan,Bowling Green,351,28,75,82,,MAC,MAC,,,University Arena (MI),Kalamazoo,MI,
22119,2022-01-22,14:00,2022,regular,,final,Air Force,Colorado State,2,57,53,73,,Mountain West,Mountain West,,,Clune Arena,Colorado Springs,CO,
22215,2022-01-22,14:00,2022,regular,,scheduled,Colgate,Lafayette,55,138,0,0,,Patriot,Patriot,,,Cotterell Court,Hamilton,NY,
22120,2022-01-22,14:15,2022,regular,,final,Lipscomb,Kennesaw State,143,133,77,73,,ASUN,ASUN,,,Allen Arena,Nashville,TN,
22213,2022-01-22,14:15,2022,regular,,scheduled,Ohio State,Nebraska,216,188,0,0,,Big Ten,Big Ten,,,Schottenstein Center,Columbus,OH,
22121,2022-01-22,14:30,2022,regular,,final,VCU,Saint Joseph's,333,251,70,54,,A-10,A-10,,,Siegel Center,Richmond,VA,
22077,2022-01-22,15:00,2022,regular,,final,Oklahoma,Baylor,217,20,51,65,,Big 12,Big 12,,,Lloyd Noble Center,Norman,OK,
22122,2022-01-22,15:00,2022,regular,,final,Florida A&M,Alcorn State,85,7,70,68,,SWAC,SWAC,,,Al Lawson Center,Tallahassee,FL,
22123,2022-01-22,15:00,2022,regular,,final,Rice,Charlotte,241,48,64,67,,CUSA,CUSA,,,Tudor Fieldhouse,Houston,TX,
22124,2022-01-22,15:00,2022,regular,,final,Stephen F. Austin,New Mexico State,282,192,58,72,,UAC,UAC,,,William R. Johnson Coliseum,Nacogdoches,TX,
22125,2022-01-22,15:00,2022,regular,,final,Sam Houston,Grand Canyon,255,104,58,56,,UAC,UAC,,,Bernard G. Johnson Coliseum,Huntsville,TX,
22126,2022-01-22,15:00,2022,regular,,final,Presbyterian,Longwood,233,147,70,71,,Big South,Big South,,,Templeton Center,Clinton,SC,
22127,2022-01-22,15:00,2022,regular,,final,Milwaukee,Detroit Mercy,172,69,58,71,,Horizon,Horizon,,,UW-Milwaukee Panther Arena,Milwaukee,WI,
22128,2022-01-22,15:00,2022,regular,,final,Arkansas State,Texas State,13,297,67,60,,Sun Belt,Sun Belt,,,First National Bank Arena,Jonesboro,AR,
22129,2022-01-22,15:00,2022,regular,,final,Little Rock,UT Arlington,144,324,98,96,,Sun Belt,Sun Belt,,,Jack Stephens Center,Little Rock,AR,
22130,2022-01-22,15:00,2022,regular,,final,UL Monroe,South Alabama,316,265,56,68,,Sun Belt,Sun Belt,,,Fant-Ewing Coliseum,Monroe,LA,
22131,2022-01-22,15:00,2022,regular,,final,Georgia Southern,App State,99,9,62,70,,Sun Belt,Sun Belt,,,Hanner Fieldhouse,Statesboro,GA,
22132,2022-01-22,15:00,2022,regular,,final,Western Illinois,South Dakota State,349,270,75,93,,Summit,Summit,,,Western Hall,Macomb,IL,
22133,2022-01-22,15:00,2022,regular,,final,UNLV,San José State,322,260,70,62,,Mountain West,Mountain West,,,Thomas & Mack Center,Las Vegas,NV,
22216,2022-01-22,15:15,2022,regular,,scheduled,Central Arkansas,Liberty,43,142,0,0,,ASUN,ASUN,,,Farris Center,Conway,AR,
22087,2022-01-22,15:30,2022,regular,,final,Loyola Chicago,Missouri State,151,176,69,79,,MVC,MVC,,,Gentile Arena,Chicago,IL,
22134,2022-01-22,15:30,2022,regular,,final,Grambling,Mississippi Valley State,103,175,68,64,,SWAC,SWAC,,,Fredrick C. Hobdy Assembly Center,Grambling,LA,
22135,2022-01-22,15:30,2022,regular,,final,Miami (OH),Northern Illinois,167,208,85,82,,MAC,MAC,,,Millett Hall,Oxford,OH,
22136,2022-01-22,15:30,2022,regular,,final,South Carolina,Georgia,266,98,83,66,,SEC,SEC,,,Colonial Life Arena,Columbia,SC,
22079,2022-01-22,16:00,2022,regular,,final,Kansas State,Kansas,132,131,75,78,,Big 12,Big 12,,,Bramlage Coliseum,Manhattan,KS,
22084,2022-01-22,16:00,2022,regular,,final,Iowa State,TCU,125,287,44,59,,Big 12,Big 12,,,Hilton Coliseum,Ames,IA,
22137,2022-01-22,16:00,2022,regular,,final,Bethune-Cookman,Jackson State,23,126,55,50,,SWAC,SWAC,,,Moore Gymnasium (FL),Daytona Beach,FL,
22138,2022-01-22,16:00,2022,regular,,final,Morgan State,Howard,182,114,82,91,,MEAC,MEAC,,,Hill Field House,Baltimore,MD,
22139,2022-01-22,16:00,2022,regular,,final,Nicholls,SE Louisiana,195,246,93,101,,Southland,Southland,,,David R. Stopher Gymnasium,Thibodaux,LA,
22140,2022-01-22,16:00,2022,regular,,final,Long Beach State,UC Irvine,145,308,73,67,,Big West,Big West,,,Walter Pyramid,Long Beach,CA,
22141,2022-01-22,16:00,2022,regular,,final,Morehead State,SIU Edwardsville,181,247,77,74,,OVC,OVC,,,Ellis T. Johnson Arena,Morehead,KY,
22142,2022-01-22,16:00,2022,regular,,final,Tennessee State,Austin Peay,290,17,65,61,,OVC,OVC,,,Gentry Center,Nashville,TN,
22143,2022-01-22,16:00,2022,regular,,final,Maryland Eastern Shore,South Carolina State,159,267,60,69,,MEAC,MEAC,,,Hytche Center,Princess Anne,MD,
22144,2022-01-22,16:00,2022,regular,,final,Louisiana Tech,UAB,149,305,76,83,,CUSA,CUSA,,,Thomas Assembly Center,Ruston,LA,
22145,2022-01-22,16:00,2022,regular,,final,Florida Atlantic,Marshall,86,158,71,60,,CUSA,CUSA,,,Eleanor R. Baldwin Arena,Boca Raton,FL,
22146,2022-01-22,16:00,2022,regular,,final,Northern Arizona,Montana,206,179,48,58,,Big Sky,Big Sky,,,J. Lawrence Walkup Skydome,Flagstaff,AZ,
22147,2022-01-22,16:00,2022,regular,,final,Southern Utah,Idaho State,276,116,86,74,,Big Sky,Big Sky,,,America First Events Center,Cedar City,UT,
22148,2022-01-22,16:00,2022,regular,,final,Utah Valley,Lamar,332,139,58,41,,UAC,UAC,,,UCCU Center,Orem,UT,
22149,2022-01-22,16:00,2022,regular,,final,Abilene Christian,California Baptist,1,39,77,68,,UAC,UAC,,,Teague Center,Abilene,TX,
22150,2022-01-22,16:00,2022,regular,,final,Hampton,High Point,106,109,68,64,,Big South,Big South,,,Convocation Center (VA),Hampton,VA,
22151,2022-01-22,16:00,2022,regular,,final,South Carolina Upstate,Charleston Southern,268,47,70,57,,Big South,Big South,,,G.B. Hodge Center,Spartanburg,SC,
22152,2022-01-22,16:00,2022,regular,,final,Louisville,Notre Dame,150,213,70,82,,ACC,ACC,,,KFC Yum! Center,Louisville,KY,
22153,2022-01-22,16:00,2022,regular,,final,NC State,Virginia,185,339,77,63,,ACC,ACC,,,Lenovo Center,Raleigh,NC,
22154,2022-01-22,16:00,2022,regular,,final,Pennsylvania,Yale,227,360,76,68,,Ivy,Ivy,,,The Palestra,Philadelphia,PA,
22155,2022-01-22,16:00,2022,regular,,final,Jacksonville State,Florida Gulf Coast,128,88,79,71,,ASUN,ASUN,,,Pete Mathews Coliseum,Jacksonville,AL,
22156,2022-01-22,16:00,2022,regular,,final,Denver,Omaha,68,221,94,63,,Summit,Summit,,,Hamilton Gymnasium,Denver,CO,
22157,2022-01-22,16:00,2022,regular,,final,East Tennessee State,The Citadel,75,299,73,75,,SoCon,SoCon,,,Freedom Hall (TN),Johnson City,TN,
22158,2022-01-22,16:00,2022,regular,,final,James Madison,Charleston,129,46,95,94,,CAA,CAA,,,Atlantic Union Bank Center,Harrisonburg,VA,
22159,2022-01-22,16:00,2022,regular,,final,Mississippi State,Ole Miss,174,220,78,60,,SEC,SEC,,,Humphrey Coliseum,Starkville,MS,
22217,2022-01-22,16:00,2022,regular,,cancelled,UC Santa Barbara,UC Davis,311,307,0,0,,Big West,Big West,,,The Thunderdome,Santa Barbara,CA,
22160,2022-01-22,16:30,2022,regular,,final,Eastern Illinois,Southeast Missouri State,77,272,58,87,,OVC,OVC,,,Groniger Arena,Charleston,IL,
22161,2022-01-22,16:30,2022,regular,,final,Delaware State,North Carolina Central,67,199,49,73,,MEAC,MEAC,,,Memorial Hall (DE),Dover,DE,
22162,2022-01-22,16:30,2022,regular,,final,Texas A&M-Corpus Christi,Houston Christian,294,112,71,77,,Southland,Southland,,,American Bank Center,Corpus Christi,TX,
22163,2022-01-22,16:30,2022,regular,,final,North Alabama,Stetson,197,283,65,67,,ASUN,ASUN,,,Flowers Hall,Florence,AL,
22164,2022-01-22,16:30,2022,regular,,final,La Salle,Richmond,137,242,56,64,,A-10,A-10,,,Tom Gola Arena,Philadelphia,PA,
22165,2022-01-22,16:30,2022,regular,,final,Iowa,Penn State,124,226,68,51,,Big Ten,Big Ten,,,Carver-Hawkeye Arena,Iowa City,IA,
22166,2022-01-22,17:00,2022,regular,,final,Idaho,Sacramento State,117,249,73,72,,Big Sky,Big Sky,,,ICCU Arena,Moscow,ID,
22167,2022-01-22,17:00,2022,regular,,final,Eastern Washington,Northern Colorado,80,207,83,87,,Big Sky,Big Sky,,,Reese Court,Cheney,WA,
22168,2022-01-22,17:00,2022,regular,,final,New Orleans,Northwestern State,193,211,85,77,,Southland,Southland,,,Lakefront Arena,New Orleans,LA,
22169,2022-01-22,17:00,2022,regular,,final,Incarnate Word,McNeese,120,162,72,82,,Southland,Southland,,,McDermott Center,San Antonio,TX,
22170,2022-01-22,17:00,2022,regular,,final,North Carolina A&T,Campbell,198,41,72,73,,Big South,Big South,,,Corbett Sports Center,Greensboro,NC,
22171,2022-01-22,17:00,2022,regular,,final,UNC Greensboro,Samford,320,256,61,58,,SoCon,SoCon,,,First Horizon Coliseum,Greensboro,NC,
22172,2022-01-22,17:00,2022,regular,,final,Mercer,Western Carolina,164,348,72,64,,SoCon,SoCon,,,Hawkins Arena,Macon,GA,
22173,2022-01-22,17:30,2022,regular,,final,Creighton,DePaul,61,65,60,47,,Big East,Big East,,,CHI Health Center Omaha,Omaha,NE,
22081,2022-01-22,18:00,2022,regular,,final,Houston,East Carolina,113,74,79,36,,American,American,,,Fertitta Center,Houston,TX,
22083,2022-01-22,18:00,2022,regular,,final,Tennessee,LSU,292,136,64,50,,SEC,SEC,,,Food City Center,Knoxville,TN,
22174,2022-01-22,18:00,2022,regular,,final,Norfolk State,Coppin State,196,59,84,77,,MEAC,MEAC,,,Joseph G. Echols Hall,Norfolk,VA,
22175,2022-01-22,18:00,2022,regular,,final,North Texas,Old Dominion,204,219,69,56,,CUSA,CUSA,,,The Super Pit,Denton,TX,
22176,2022-01-22,18:00,2022,regular,,final,Clemson,Pittsburgh,52,229,75,48,,ACC,ACC,,,Littlejohn Coliseum,Clemson,SC,
22177,2022-01-22,18:00,2022,regular,,final,Northern Iowa,Drake,209,70,74,82,,MVC,MVC,,,McLeod Center,Cedar Falls,IA,
22178,2022-01-22,18:00,2022,regular,,final,Alabama,Missouri,5,177,86,76,,SEC,SEC,,,Coleman Coliseum,Tuscaloosa,AL,
22085,2022-01-22,18:30,2022,regular,,final,Utah,USC,331,323,67,79,,Pac-12,Pac-12,,,Jon M. Huntsman Center,Salt Lake City,UT,
22179,2022-01-22,18:30,2022,regular,,final,Prairie View A&M,Alabama State,232,6,70,67,,SWAC,SWAC,,,William Nicks Building,Prairie View,TX,
22180,2022-01-22,18:35,2022,regular,,final,Southern,Arkansas-Pine Bluff,274,14,99,51,,SWAC,SWAC,,,F.G. Clark Activity Center,Baton Rouge,LA,
22181,2022-01-22,19:00,2022,regular,,final,Texas Southern,Alabama A&M,296,4,78,44,,SWAC,SWAC,,,H&PE Arena,Houston,TX,
22182,2022-01-22,19:00,2022,regular,,final,Florida International,Western Kentucky,89,350,86,83,,CUSA,CUSA,,,Ocean Bank Convocation Center,Miami,FL,
22183,2022-01-22,19:00,2022,regular,,final,UAlbany,Stony Brook,306,285,75,86,,Am. East,Am. East,,,Broadview Center,Albany,NY,
22184,2022-01-22,19:00,2022,regular,,final,Vermont,Hartford,337,363,82,72,,Am. East,Am. East,,,Patrick Gymnasium,Burlington,VT,
22185,2022-01-22,19:00,2022,regular,,final,NJIT,Binghamton,186,24,57,68,,Am. East,Am. East,,,Joel & Diane Bloom Wellness and Events Center,Newark,NJ,
22186,2022-01-22,19:00,2022,regular,,final,Eastern Kentucky,North Florida,78,203,67,58,,ASUN,ASUN,,,Baptist Health Arena,Richmond,KY,
22187,2022-01-22,19:00,2022,regular,,final,Bellarmine,Jacksonville,21,127,76,73,,ASUN,ASUN,,,Freedom Hall (KY),Louisville,KY,
22188,2022-01-22,19:00,2022,regular,,final,George Mason,Dayton,95,64,50,49,,A-10,A-10,,,EagleBank Arena,Fairfax,VA,
22189,2022-01-22,19:00,2022,regular,,final,Wofford,Furman,356,93,50,75,,SoCon,SoCon,,,Jerry Richardson Indoor Stadium,Spartanburg,SC,
22190,2022-01-22,19:00,2022,regular,,final,Akron,Eastern Michigan,3,79,46,44,,MAC,MAC,,,James A. Rhodes Arena,Akron,OH,
22218,2022-01-22,19:00,2022,regular,,cancelled,Central Michigan,Ball State,45,19,0,0,,MAC,MAC,,,McGuirk Arena,Mount Pleasant,MI,
22191,2022-01-22,19:30,2022,regular,,final,Pepperdine,San Francisco,228,259,45,71,,WCC,WCC,,,Firestone Fieldhouse,Malibu,CA,
22192,2022-01-22,19:30,2022,regular,,final,Wyoming,New Mexico,358,191,93,91,,Mountain West,Mountain West,,,Arena-Auditorium,Laramie,WY,
22193,2022-01-22,20:00,2022,regular,,final,Murray State,UT Martin,184,325,74,66,,OVC,OVC,,,CFSB Center,Murray,KY,
22194,2022-01-22,20:00,2022,regular,,final,Tarleton State,Seattle U,288,262,68,76,,UAC,UAC,,,Wisdom Gym,Stephenville,TX,
22195,2022-01-22,20:00,2022,regular,,final,Wake Forest,North Carolina,342,200,98,76,,ACC,ACC,,,LJVM Coliseum,Winston-Salem,NC,
22196,2022-01-22,20:00,2022,regular,,final,UIC,Wright State,315,357,81,97,,Horizon,Horizon,,,Credit Union 1 Arena,Chicago,IL,
22197,2022-01-22,20:00,2022,regular,,final,Louisiana,Troy,148,302,69,59,,Sun Belt,Sun Belt,,,Cajundome,Lafayette,LA,
22198,2022-01-22,20:00,2022,regular,,final,Bradley,Southern Illinois,29,273,70,62,,MVC,MVC,,,Carver Arena,Peoria,IL,
22199,2022-01-22,20:00,2022,regular,,final,Oral Roberts,North Dakota State,222,202,71,72,,Summit,Summit,,,Mabee Center,Tulsa,OK,
22200,2022-01-22,20:00,2022,regular,,final,Kansas City,North Dakota,130,201,79,74,,Summit,Summit,,,Swinney Center,Kansas City,MO,
22201,2022-01-22,20:00,2022,regular,,final,St. Thomas-Minnesota,South Dakota,280,269,79,90,,Summit,Summit,,,Schoenecker Arena,Saint Paul,MN,
22219,2022-01-22,20:00,2022,regular,,scheduled,Oregon State,Washington State,224,344,0,0,,Pac-12,Pac-12,,,Gill Coliseum,Corvallis,OR,
22202,2022-01-22,20:30,2022,regular,,final,Pacific,San Diego,225,258,65,73,,WCC,WCC,,,Alex G. Spanos Center,Stockton,CA,
22203,2022-01-22,20:30,2022,regular,,final,Arkansas,Texas A&M,12,293,76,73,,SEC,SEC,,,Bud Walton Arena,Fayetteville,AR,
22080,2022-01-22,21:00,2022,regular,,final,Colorado,UCLA,56,313,65,71,,Pac-12,Pac-12,,,CU Events Center,Boulder,CO,
22204,2022-01-22,21:00,2022,regular,,final,Cal State Fullerton,UC San Diego,37,310,83,80,,Big West,Big West,,,Titan Gym,Fullerton,CA,
22205,2022-01-22,21:00,2022,regular,,final,Utah Tech,UT Rio Grande Valley,330,326,85,74,,UAC,UAC,,,Burns Arena,St. George,UT,
22206,2022-01-22,21:00,2022,regular,,final,BYU,Portland,18,230,78,65,,WCC,WCC,,,Marriott Center,Provo,UT,
22207,2022-01-22,21:30,2022,regular,,final,San Diego State,Boise State,257,25,37,42,,Mountain West,Mountain West,,,Viejas Arena,San Diego,CA,
22208,2022-01-22,22:00,2022,regular,,final,Cal Poly,Hawai'i,35,108,56,69,,Big West,Big West,,,Mott Athletics Center,San Luis Obispo,CA,
22209,2022-01-22,22:00,2022,regular,,final,Cal State Northridge,UC Riverside,38,309,67,77,,Big West,Big West,,,Premier America Credit Union Arena,Northridge,CA,
22210,2022-01-22,22:00,2022,regular,,final,Portland State,Montana State,231,180,60,73,,Big Sky,Big Sky,,,Viking Pavilion,Portland,OR,
22211,2022-01-22,22:00,2022,regular,,final,Loyola Marymount,Saint Mary's,153,253,51,83,,WCC,WCC,,,Gersten Pavilion,Los Angeles,CA,
22212,2022-01-22,23:00,2022,regular,,final,Stanford,Arizona State,281,10,79,76,,Pac-12,Pac-12,,,Maples Pavilion,Stanford,CA,
22223,2022-01-23,12:00,2022,regular,,final,Providence,Butler,235,34,69,62,,Big East,Big East,,,Amica Mutual Pavilion,Providence,RI,
22221,2022-01-23,13:00,2022,regular,,final,Purdue,Northwestern,236,212,80,60,,Big Ten,Big Ten,,,Mackey Arena,West Lafayette,IN,
22224,2022-01-23,13:00,2022,regular,,final,Bryant,St. Francis Brooklyn,31,364,85,68,,NEC,NEC,,,Chace Athletic Center,Smithfield,RI,
22225,2022-01-23,13:00,2022,regular,,final,Niagara,Rider,194,243,67,70,,Metro,Metro,,,Gallagher Center,Niagara Falls,NY,
22226,2022-01-23,13:00,2022,regular,,final,Canisius,Saint Peter's,42,254,63,60,,Metro,Metro,,,Koessler Athletic Center,Buffalo,NY,
22222,2022-01-23,14:00,2022,regular,,final,Marquette,Xavier,157,359,75,64,,Big East,Big East,,,Fiserv Forum,Milwaukee,WI,
22227,2022-01-23,14:00,2022,regular,,final,Mount St. Mary's,Central Connecticut,183,44,65,50,,NEC,NEC,,,Knott Arena,Emmitsburg,MD,
22228,2022-01-23,14:00,2022,regular,,final,Purdue Fort Wayne,Youngstown State,237,361,82,71,,Horizon,Horizon,,,Memorial Coliseum (IN),Fort Wayne,IN,
22229,2022-01-23,14:00,2022,regular,,final,Evansville,Illinois State,82,119,56,53,,MVC,MVC,,,Ford Center,Evansville,IN,
22230,2022-01-23,14:00,2022,regular,,final,Marist,Fairfield,156,83,66,69,,Metro,Metro,,,McCann Arena,Poughkeepsie,NY,
22231,2022-01-23,14:00,2022,regular,,final,Monmouth,Manhattan,178,155,78,62,,Metro,Metro,,,OceanFirst Bank Center,West Long Branch,NJ,
22232,2022-01-23,14:00,2022,regular,,final,Quinnipiac,Iona,238,123,61,76,,Metro,Metro,,,M&T Bank Arena,Hamden,CT,
22233,2022-01-23,14:30,2022,regular,,final,Saint Louis,Massachusetts,252,161,90,59,,A-10,A-10,,,Chaifetz Arena,St. Louis,MO,
22220,2022-01-23,15:00,2022,regular,,final,California,Arizona,40,11,71,96,,Pac-12,Pac-12,,,Haas Pavilion,Berkeley,CA,
22234,2022-01-23,15:00,2022,regular,,final,Tulsa,Memphis,304,163,81,83,,American,American,,,Reynolds Center,Tulsa,OK,
22235,2022-01-23,15:00,2022,regular,,final,Merrimack,Wagner,166,341,57,71,,NEC,NEC,,,Hammel Court,North Andover,MA,
22236,2022-01-23,15:00,2022,regular,,final,Cleveland State,Robert Morris,53,244,75,68,,Horizon,Horizon,,,Wolstein Center,Cleveland,OH,
22237,2022-01-23,15:30,2022,regular,,final,Indiana,Michigan,121,170,62,80,,Big Ten,Big Ten,,,Simon Skjodt Assembly Hall,Bloomington,IN,
22238,2022-01-23,16:00,2022,regular,,final,UTSA,UTEP,328,327,54,59,,CUSA,CUSA,,,UTSA Convocation Center,San Antonio,TX,
22239,2022-01-23,16:00,2022,regular,,final,St. Francis (PA),Sacred Heart,278,250,85,74,,NEC,NEC,,,DeGol Arena,Loretto,PA,
22240,2022-01-23,17:00,2022,regular,,final,Georgia Tech,Clayton State,101,983,103,53,,ACC,,,,McCamish Pavilion,Atlanta,GA,
22243,2022-01-23,17:00,2022,regular,,scheduled,SMU,Wichita State,248,352,0,0,,American,American,,,Moody Coliseum,Dallas,TX,
22241,2022-01-23,19:00,2022,regular,,final,Fairleigh Dickinson,Long Island University,84,146,75,79,,NEC,NEC,,,Bogota Savings Bank Center,Hackensack,NJ,
22242,2022-01-23,22:00,2022,regular,,final,Oregon,Washington,223,343,84,56,,Pac-12,Pac-12,,,Matthew Knight Arena,Eugene,OR,
22246,2022-01-24,17:00,2022,regular,,final,Kennesaw State,Jacksonville,133,127,76,68,,ASUN,ASUN,,,KSU Convocation Center,Kennesaw,GA,
22247,2022-01-24,18:00,2022,regular,,final,High Point,Winthrop,109,354,65,56,,Big South,Big South,,,Qubein Center,High Point,NC,
22248,2022-01-24,18:00,2022,regular,,final,Wake Forest,Boston College,342,26,87,57,,ACC,ACC,,,LJVM Coliseum,Winston-Salem,NC,
22249,2022-01-24,18:00,2022,regular,,final,Hampton,Longwood,106,147,49,73,,Big South,Big South,,,Convocation Center (VA),Hampton,VA,
22250,2022-01-24,18:00,2022,regular,,final,Eastern Illinois,Belmont,77,22,56,90,,OVC,OVC,,,Groniger Arena,Charleston,IL,
22251,2022-01-24,19:00,2022,regular,,final,Kansas City,Spurgeon College,130,1135,111,44,,Summit,,,,Swinney Center,Kansas City,MO,
22252,2022-01-24,19:00,2022,regular,,final,Oakland,Michigan-Dearborn,214,1134,104,61,,Horizon,,,,OU Credit Union O'rena,Rochester,MI,
22253,2022-01-24,19:00,2022,regular,,final,Western Illinois,South Dakota,349,269,72,75,,Summit,Summit,,,Western Hall,Macomb,IL,
22254,2022-01-24,19:00,2022,regular,,final,George Mason,Saint Joseph's,95,251,77,71,,A-10,A-10,,,EagleBank Arena,Fairfax,VA,
22255,2022-01-24,19:00,2022,regular,,final,Jacksonville State,Bellarmine,128,21,65,60,,ASUN,ASUN,,,Pete Mathews Coliseum,Jacksonville,AL,
22256,2022-01-24,19:00,2022,regular,,final,Ole Miss,Florida,220,87,70,54,,SEC,SEC,,,The Sandy and John Black Pavilion at Ole Miss,Oxford,MS,
22257,2022-01-24,19:00,2022,regular,,final,Delaware,Towson,66,301,62,69,,CAA,CAA,,,Bob Carpenter Center,Newark,DE,
22258,2022-01-24,19:00,2022,regular,,final,American University,Lafayette,8,138,56,69,,Patriot,Patriot,,,Bender Arena,Washington,DC,
22259,2022-01-24,19:00,2022,regular,,final,Northeastern,UNC Wilmington,205,321,68,74,,CAA,CAA,,,Matthews Arena,Boston,MA,
22260,2022-01-24,19:00,2022,regular,,final,Morehead State,Tennessee State,181,290,67,54,,OVC,OVC,,,Ellis T. Johnson Arena,Morehead,KY,
22261,2022-01-24,19:00,2022,regular,,final,Colgate,Loyola Maryland,55,152,65,52,,Patriot,Patriot,,,Cotterell Court,Hamilton,NY,
22262,2022-01-24,19:00,2022,regular,,final,Norfolk State,Morgan State,196,182,82,62,,MEAC,MEAC,,,Joseph G. Echols Hall,Norfolk,VA,
22263,2022-01-24,19:00,2022,regular,,final,Virginia,Louisville,339,150,64,52,,ACC,ACC,,,John Paul Jones Arena,Charlottesville,VA,
22264,2022-01-24,19:00,2022,regular,,final,Maine,New Hampshire,154,190,71,64,,Am. East,Am. East,,,Cross Insurance Center,Bangor,ME,
22265,2022-01-24,19:30,2022,regular,,final,Binghamton,Hartford,24,363,74,64,,Am. East,Am. East,,,Events Center (Binghamton),Binghamton,NY,
22266,2022-01-24,19:30,2022,regular,,final,Coppin State,Howard,59,114,83,81,,MEAC,MEAC,,,Physical Education Complex,Baltimore,MD,
22267,2022-01-24,19:30,2022,regular,,final,Florida A&M,Jackson State,85,126,67,64,,SWAC,SWAC,,,Al Lawson Center,Tallahassee,FL,
22268,2022-01-24,19:30,2022,regular,,final,Bethune-Cookman,Alcorn State,23,7,67,70,,SWAC,SWAC,,,Moore Gymnasium (FL),Daytona Beach,FL,
22269,2022-01-24,19:30,2022,regular,,final,Maryland Eastern Shore,North Carolina Central,159,199,63,75,,MEAC,MEAC,,,Hytche Center,Princess Anne,MD,
22270,2022-01-24,19:30,2022,regular,,final,Delaware State,South Carolina State,67,267,62,64,,MEAC,MEAC,,,Memorial Hall (DE),Dover,DE,
22271,2022-01-24,20:00,2022,regular,,final,Northern Arizona,Sacramento State,206,249,70,65,,Big Sky,Big Sky,,,J. Lawrence Walkup Skydome,Flagstaff,AZ,
22272,2022-01-24,20:00,2022,regular,,final,North Carolina,Virginia Tech,200,340,78,68,,ACC,ACC,,,Dean E. Smith Center,Chapel Hill,NC,
22273,2022-01-24,20:00,2022,regular,,final,Murray State,Tennessee Tech,184,291,79,53,,OVC,OVC,,,CFSB Center,Murray,KY,
22274,2022-01-24,20:00,2022,regular,,final,UT Martin,SIU Edwardsville,325,247,76,70,,OVC,OVC,,,Skyhawk Arena,Martin,TN,
22275,2022-01-24,20:30,2022,regular,,final,Texas Southern,Alabama State,296,6,73,66,,SWAC,SWAC,,,H&PE Arena,Houston,TX,
22276,2022-01-24,20:30,2022,regular,,final,Southern,Mississippi Valley State,274,175,100,72,,SWAC,SWAC,,,F.G. Clark Activity Center,Baton Rouge,LA,
22277,2022-01-24,20:30,2022,regular,,final,Prairie View A&M,Alabama A&M,232,4,72,48,,SWAC,SWAC,,,William Nicks Building,Prairie View,TX,
22278,2022-01-24,20:30,2022,regular,,final,Grambling,Arkansas-Pine Bluff,103,14,76,65,,SWAC,SWAC,,,Fredrick C. Hobdy Assembly Center,Grambling,LA,
22244,2022-01-24,21:00,2022,regular,,final,Kansas,Texas Tech,131,298,94,91,,Big 12,Big 12,,,Allen Fieldhouse,Lawrence,KS,
22279,2022-01-24,21:00,2022,regular,,final,San Diego State,UNLV,257,322,80,55,,Mountain West,Mountain West,,,Viejas Arena,San Diego,CA,
22280,2022-01-24,21:00,2022,regular,,final,Idaho State,Eastern Washington,116,80,63,89,,Big Sky,Big Sky,,,Reed Gym,Pocatello,ID,
22281,2022-01-24,21:00,2022,regular,,final,Santa Clara,San Diego,261,258,78,74,,WCC,WCC,,,Leavey Center,Santa Clara,CA,
22282,2022-01-24,21:00,2022,regular,,final,Seton Hall,St. John's,263,279,63,84,,Big East,Big East,,,Walsh Gymnasium,South Orange,NJ,
22283,2022-01-24,21:00,2022,regular,,final,Southern Utah,Weber State,276,345,84,92,,Big Sky,Big Sky,,,America First Events Center,Cedar City,UT,
22284,2022-01-24,22:00,2022,regular,,final,Portland State,Idaho,231,117,79,84,,Big Sky,Big Sky,,,Viking Pavilion,Portland,OR,
22245,2022-01-24,23:00,2022,regular,,final,USC,Arizona State,323,10,78,56,,Pac-12,Pac-12,,,Galen Center,Los Angeles,CA,
22293,2022-01-25,18:30,2022,regular,,final,Rhode Island,Richmond,240,242,63,70,,A-10,A-10,,,Thomas M. Ryan Center,Kingston,RI,
22294,2022-01-25,18:30,2022,regular,,final,Georgia,Alabama,98,5,82,76,,SEC,SEC,,,Stegeman Coliseum,Athens,GA,
22288,2022-01-25,19:00,2022,regular,,final,Duke,Clemson,72,52,71,69,,ACC,ACC,,,Cameron Indoor Stadium,Durham,NC,
22289,2022-01-25,19:00,2022,regular,,final,Illinois,Michigan State,118,169,56,55,,Big Ten,Big Ten,,,State Farm Center,Champaign,IL,
22291,2022-01-25,19:00,2022,regular,,final,Villanova,DePaul,338,65,67,43,,Big East,Big East,,,Finneran Pavilion,Villanova,PA,
22295,2022-01-25,19:00,2022,regular,,final,Northern Kentucky,Wright State,210,357,73,63,,Horizon,Horizon,,,Truist Arena,Highland Heights,KY,
22296,2022-01-25,19:00,2022,regular,,final,Charleston,William & Mary,46,353,74,73,,CAA,CAA,,,TD Arena,Charleston,SC,
22297,2022-01-25,19:00,2022,regular,,final,Dayton,Fordham,64,91,68,61,,A-10,A-10,,,UD Arena,Dayton,OH,
22298,2022-01-25,19:00,2022,regular,,final,Yale,Columbia,360,58,83,72,,Ivy,Ivy,,,John J. Lee Amphitheater,New Haven,CT,
22299,2022-01-25,19:00,2022,regular,,final,Iona,Siena,123,264,74,57,,Metro,Metro,,,Hynes Athletics Center,New Rochelle,NY,
22300,2022-01-25,19:00,2022,regular,,final,Temple,Cincinnati,289,51,61,58,,American,American,,,Liacouras Center,Philadelphia,PA,
22301,2022-01-25,19:00,2022,regular,,final,Indiana State,Missouri State,122,176,76,72,,MVC,MVC,,,Hulman Center,Terre Haute,IN,
22302,2022-01-25,19:00,2022,regular,,final,Ohio,Northern Illinois,215,208,74,62,,MAC,MAC,,,Convocation Center (OH),Athens,OH,
22303,2022-01-25,19:00,2022,regular,,final,Bowling Green,Eastern Michigan,28,79,85,71,,MAC,MAC,,,Stroh Center,Bowling Green,OH,
22304,2022-01-25,19:00,2022,regular,,final,Central Michigan,Akron,45,3,56,60,,MAC,MAC,,,McGuirk Arena,Mount Pleasant,MI,
22305,2022-01-25,19:00,2022,regular,,final,Kent State,Western Michigan,134,351,75,64,,MAC,MAC,,,M.A.C. Center,Kent,OH,
22306,2022-01-25,19:00,2022,regular,,final,Toledo,Buffalo,300,33,86,75,,MAC,MAC,,,Savage Arena,Toledo,OH,
22307,2022-01-25,19:00,2022,regular,,final,Ball State,Miami (OH),19,167,81,64,,MAC,MAC,,,Worthen Arena,Muncie,IN,
22287,2022-01-25,20:00,2022,regular,,final,Baylor,Kansas State,20,132,74,49,,Big 12,Big 12,,,Ferrell Center,Waco,TX,
22308,2022-01-25,20:00,2022,regular,,final,North Dakota State,St. Thomas-Minnesota,202,280,77,56,,Summit,Summit,,,Scheels Center,Fargo,ND,
22309,2022-01-25,20:00,2022,regular,,final,Pittsburgh,Syracuse,229,286,64,53,,ACC,ACC,,,Petersen Events Center,Pittsburgh,PA,
22310,2022-01-25,20:00,2022,regular,,final,Loyola Chicago,Southern Illinois,151,273,59,47,,MVC,MVC,,,Gentile Arena,Chicago,IL,
22311,2022-01-25,20:00,2022,regular,,final,Rutgers,Maryland,245,160,60,68,,Big Ten,Big Ten,,,Jersey Mike’s Arena,Piscataway,NJ,
22285,2022-01-25,20:30,2022,regular,,final,Missouri,Auburn,177,16,54,55,,SEC,SEC,,,Mizzou Arena,Columbia,MO,
22292,2022-01-25,20:30,2022,regular,,final,UConn,Georgetown,314,97,96,73,,Big East,Big East,,,Gampel Pavilion,Storrs,CT,
22290,2022-01-25,21:00,2022,regular,,final,Kentucky,Mississippi State,135,174,82,74,,SEC,SEC,,,Rupp Arena,Lexington,KY,
22312,2022-01-25,21:00,2022,regular,,final,TCU,Texas,287,295,50,73,,Big 12,Big 12,,,Schollmaier Arena,Fort Worth,TX,
22313,2022-01-25,21:00,2022,regular,,final,Colorado State,Nevada,57,189,77,66,,Mountain West,Mountain West,,,Moby Arena,Fort Collins,CO,
22314,2022-01-25,21:00,2022,regular,,final,New Mexico,Fresno State,191,92,60,65,,Mountain West,Mountain West,,,The Pit,Albuquerque,NM,
22315,2022-01-25,21:00,2022,regular,,final,Boise State,Wyoming,25,358,65,62,,Mountain West,Mountain West,,,ExtraMile Arena,Boise,ID,
22316,2022-01-25,22:00,2022,regular,,final,Oregon,Colorado,223,56,78,82,,Pac-12,Pac-12,,,Matthew Knight Arena,Eugene,OR,
22317,2022-01-25,22:00,2022,regular,,final,Cal State Northridge,UC Santa Barbara,38,311,45,72,,Big West,Big West,,,Premier America Credit Union Arena,Northridge,CA,
22318,2022-01-25,22:00,2022,regular,,final,San José State,Air Force,260,2,53,63,,Mountain West,Mountain West,,,Provident Credit Union Event Center,San Jose,CA,
22286,2022-01-25,23:00,2022,regular,,final,UCLA,Arizona,313,11,75,59,,Pac-12,Pac-12,,,Pauley Pavilion,Los Angeles,CA,
22320,2022-01-26,18:00,2022,regular,,final,Tennessee,Florida,292,87,78,71,,SEC,SEC,,,Food City Center,Knoxville,TN,
22325,2022-01-26,18:00,2022,regular,,final,South Carolina Upstate,Winthrop,268,354,91,95,,Big South,Big South,,,G.B. Hodge Center,Spartanburg,SC,
22319,2022-01-26,18:30,2022,regular,,final,Xavier,Providence,359,235,62,65,,Big East,Big East,,,Cintas Center,Cincinnati,OH,
22326,2022-01-26,18:30,2022,regular,,final,Butler,Creighton,34,61,72,55,,Big East,Big East,,,Hinkle Fieldhouse,Indianapolis,IN,
22327,2022-01-26,18:30,2022,regular,,final,Michigan,Northwestern,170,212,72,70,,Big Ten,Big Ten,,,Crisler Center,Ann Arbor,MI,
22328,2022-01-26,19:00,2022,regular,,final,Charlotte,Old Dominion,48,219,71,67,,CUSA,CUSA,,,Halton Arena,Charlotte,NC,
22329,2022-01-26,19:00,2022,regular,,final,New Hampshire,Maine,190,154,73,61,,Am. East,Am. East,,,Lundholm Gymnasium,Durham,NH,
22330,2022-01-26,19:00,2022,regular,,final,Marist,Saint Peter's,156,254,62,69,,Metro,Metro,,,McCann Arena,Poughkeepsie,NY,
22331,2022-01-26,19:00,2022,regular,,final,Lafayette,Boston University,138,27,62,81,,Patriot,Patriot,,,Kirby Sports Center,Easton,PA,
22332,2022-01-26,19:00,2022,regular,,final,South Florida,SMU,271,248,54,74,,American,American,,,Yuengling Center,Tampa,FL,
22333,2022-01-26,19:00,2022,regular,,final,Lehigh,Army,141,15,84,71,,Patriot,Patriot,,,Stabler Arena,Bethlehem,PA,
22334,2022-01-26,19:00,2022,regular,,final,American University,Holy Cross,8,111,67,49,,Patriot,Patriot,,,Bender Arena,Washington,DC,
22335,2022-01-26,19:00,2022,regular,,final,Bucknell,Navy,32,187,63,81,,Patriot,Patriot,,,Sojka Pavilion,Lewisburg,PA,
22336,2022-01-26,19:00,2022,regular,,final,Longwood,North Carolina A&T,147,198,79,71,,Big South,Big South,,,Willett Hall,Farmville,VA,
22337,2022-01-26,19:00,2022,regular,,final,High Point,Radford,109,239,63,58,,Big South,Big South,,,Qubein Center,High Point,NC,
22338,2022-01-26,19:00,2022,regular,,final,Charleston Southern,Presbyterian,47,233,61,62,,Big South,Big South,,,Buccaneer Fieldhouse,Charleston,SC,
22339,2022-01-26,19:00,2022,regular,,final,Campbell,Hampton,41,106,75,60,,Big South,Big South,,,John W. Pope Jr. Convocation Center,Buies Creek,NC,
22340,2022-01-26,19:00,2022,regular,,final,Virginia Tech,Miami,340,168,75,78,,ACC,ACC,,,Cassell Coliseum,Blacksburg,VA,
22341,2022-01-26,19:00,2022,regular,,final,North Carolina,Boston College,200,26,58,47,,ACC,ACC,,,Dean E. Smith Center,Chapel Hill,NC,
22342,2022-01-26,19:00,2022,regular,,final,Stony Brook,Vermont,285,337,67,80,,Am. East,Am. East,,,Island FCU Arena,Stony Brook,NY,
22343,2022-01-26,19:00,2022,regular,,final,UMBC,NJIT,317,186,73,69,,Am. East,Am. East,,,Chesapeake Employers Insurance Arena,Baltimore,MD,
22344,2022-01-26,19:00,2022,regular,,final,Hartford,Binghamton,363,24,72,60,,Am. East,Am. East,,,Chase Arena,West Hartford,CT,
22345,2022-01-26,19:00,2022,regular,,final,UMass Lowell,UAlbany,318,306,62,64,,Am. East,Am. East,,,Costello Athletic Center,Lowell,MA,
22346,2022-01-26,19:00,2022,regular,,final,Valparaiso,Bradley,335,29,56,71,,MVC,MVC,,,Athletics-Recreation Center,Valparaiso,IN,
22347,2022-01-26,19:00,2022,regular,,final,Evansville,Northern Iowa,82,209,59,64,,MVC,MVC,,,Ford Center,Evansville,IN,
22348,2022-01-26,19:00,2022,regular,,final,La Salle,Massachusetts,137,161,71,77,,A-10,A-10,,,Tom Gola Arena,Philadelphia,PA,
22349,2022-01-26,19:00,2022,regular,,final,George Mason,St. Bonaventure,95,277,75,66,,A-10,A-10,,,EagleBank Arena,Fairfax,VA,
22350,2022-01-26,19:00,2022,regular,,final,Saint Joseph's,Duquesne,251,73,72,61,,A-10,A-10,,,Michael J. Hagan '85 Arena,Philadelphia,PA,
22351,2022-01-26,19:00,2022,regular,,final,Chattanooga,Wofford,49,356,71,60,,SoCon,SoCon,,,McKenzie Arena,Chattanooga,TN,
22352,2022-01-26,19:00,2022,regular,,final,Furman,VMI,93,334,79,64,,SoCon,SoCon,,,Timmons Arena,Greenville,SC,
22353,2022-01-26,19:00,2022,regular,,final,East Tennessee State,UNC Greensboro,75,320,76,80,,SoCon,SoCon,,,Freedom Hall (TN),Johnson City,TN,
22354,2022-01-26,19:00,2022,regular,,final,The Citadel,Western Carolina,299,348,68,66,,SoCon,SoCon,,,McAlister Field House,Charleston,SC,
22355,2022-01-26,19:00,2022,regular,,final,South Carolina,Vanderbilt,266,336,70,61,,SEC,SEC,,,Colonial Life Arena,Columbia,SC,
22356,2022-01-26,19:00,2022,regular,,final,Ole Miss,Arkansas,220,12,55,64,,SEC,SEC,,,The Sandy and John Black Pavilion at Ole Miss,Oxford,MS,
22323,2022-01-26,20:00,2022,regular,,final,Oklahoma State,Iowa State,218,125,81,84,,Big 12,Big 12,,,Gallagher-Iba Arena,Stillwater,OK,
22357,2022-01-26,20:00,2022,regular,,final,Wichita State,UCF,352,312,84,79,,American,American,,,Charles Koch Arena,Wichita,KS,
22358,2022-01-26,20:00,2022,regular,,final,Lamar,Tarleton State,139,288,57,62,,UAC,UAC,,,Montagne Center,Beaumont,TX,
22359,2022-01-26,20:00,2022,regular,,final,UT Rio Grande Valley,Abilene Christian,326,1,85,87,,UAC,UAC,,,UTRGV Fieldhouse,Edinburg,TX,
22360,2022-01-26,20:00,2022,regular,,final,West Virginia,Oklahoma,347,217,62,72,,Big 12,Big 12,,,WVU Coliseum,Morgantown,WV,
22361,2022-01-26,20:00,2022,regular,,final,Illinois State,Drake,119,70,88,89,,MVC,MVC,,,CEFCU Arena,Normal,IL,
22362,2022-01-26,20:00,2022,regular,,final,Saint Louis,George Washington,252,96,80,67,,A-10,A-10,,,Chaifetz Arena,St. Louis,MO,
22363,2022-01-26,20:00,2022,regular,,final,Samford,Mercer,256,164,75,61,,SoCon,SoCon,,,Pete Hanna Center,Homewood,AL,
22322,2022-01-26,20:30,2022,regular,,final,Seton Hall,Marquette,263,157,63,73,,Big East,Big East,,,Prudential Center,Newark,NJ,
22324,2022-01-26,20:30,2022,regular,,final,Davidson,VCU,63,333,68,70,,A-10,A-10,,,John M. Belk Arena,Davidson,NC,
22364,2022-01-26,20:30,2022,regular,,final,Indiana,Penn State,121,226,74,57,,Big Ten,Big Ten,,,Simon Skjodt Assembly Hall,Bloomington,IN,
22321,2022-01-26,21:00,2022,regular,,final,LSU,Texas A&M,136,293,70,64,,SEC,SEC,,,Pete Maravich Assembly Center,Baton Rouge,LA,
22365,2022-01-26,21:00,2022,regular,,final,Tulane,Tulsa,303,304,97,63,,American,American,,,Devlin Fieldhouse,New Orleans,LA,
22366,2022-01-26,21:00,2022,regular,,final,Notre Dame,NC State,213,185,73,65,,ACC,ACC,,,Purcell Pavilion,South Bend,IN,
22367,2022-01-26,21:00,2022,regular,,final,Georgia Tech,Florida State,101,90,75,61,,ACC,ACC,,,McCamish Pavilion,Atlanta,GA,
22368,2022-01-26,22:00,2022,regular,,final,Washington State,Utah,344,331,71,54,,Pac-12,Pac-12,,,Beasley Coliseum,Pullman,WA,
22369,2022-01-26,22:00,2022,regular,,final,California Baptist,Sam Houston,39,255,68,73,,UAC,UAC,,,Dale E. and Sarah Ann Fowler Events Center,Riverside,CA,
22370,2022-01-26,22:00,2022,regular,,final,Seattle U,Stephen F. Austin,262,282,70,62,,UAC,UAC,,,Climate Pledge Arena,Seattle,WA,
22371,2022-01-26,22:30,2022,regular,,final,Utah State,San Diego State,329,257,75,57,,Mountain West,Mountain West,,,Dee Glen Smith Spectrum,Logan,UT,
22375,2022-01-27,17:00,2022,regular,,final,Nebraska,Wisconsin,188,355,65,73,,Big Ten,Big Ten,,,Pinnacle Bank Arena,Lincoln,NE,
22378,2022-01-27,17:00,2022,regular,,final,Florida Gulf Coast,Eastern Kentucky,88,78,77,73,,ASUN,ASUN,,,Alico Arena,Fort Myers,FL,
22379,2022-01-27,18:30,2022,regular,,final,App State,Arkansas State,9,13,61,54,,Sun Belt,Sun Belt,,,Holmes Convocation Center,Boone,NC,
22380,2022-01-27,19:00,2022,regular,,final,Marshall,Middle Tennessee,158,171,79,81,,CUSA,CUSA,,,Cam Henderson Center,Huntington,WV,
22381,2022-01-27,19:00,2022,regular,,final,Wagner,St. Francis (PA),341,278,69,54,,NEC,NEC,,,Spiro Sports Center,Staten Island,NY,
22382,2022-01-27,19:00,2022,regular,,final,Sacred Heart,St. Francis Brooklyn,250,364,66,71,,NEC,NEC,,,William H. Pitt Center,Fairfield,CT,
22383,2022-01-27,19:00,2022,regular,,final,Fairleigh Dickinson,Mount St. Mary's,84,183,56,67,,NEC,NEC,,,Bogota Savings Bank Center,Hackensack,NJ,
22384,2022-01-27,19:00,2022,regular,,final,Central Connecticut,Long Island University,44,146,65,62,,NEC,NEC,,,Detrick Gymnasium,New Britain,CT,
22385,2022-01-27,19:00,2022,regular,,final,Bryant,Merrimack,31,166,76,67,,NEC,NEC,,,Chace Athletic Center,Smithfield,RI,
22386,2022-01-27,19:00,2022,regular,,final,UNC Asheville,Gardner-Webb,319,94,55,61,,Big South,Big South,,,Kimmel Arena,Asheville,NC,
22387,2022-01-27,19:00,2022,regular,,final,Liberty,North Alabama,142,197,72,53,,ASUN,ASUN,,,Liberty Arena,Lynchburg,VA,
22388,2022-01-27,19:00,2022,regular,,final,Jacksonville,Lipscomb,127,143,66,59,,ASUN,ASUN,,,Swisher Gymnasium,Jacksonville,FL,
22389,2022-01-27,19:00,2022,regular,,final,Detroit Mercy,UIC,69,315,80,67,,Horizon,Horizon,,,Calihan Hall,Detroit,MI,
22390,2022-01-27,19:00,2022,regular,,final,Robert Morris,Milwaukee,244,172,77,53,,Horizon,Horizon,,,UPMC Events Center,Moon Township,PA,
22391,2022-01-27,19:00,2022,regular,,final,Youngstown State,Green Bay,361,105,63,50,,Horizon,Horizon,,,Beeghly Center,Youngstown,OH,
22392,2022-01-27,19:00,2022,regular,,final,Coastal Carolina,Little Rock,54,144,65,49,,Sun Belt,Sun Belt,,,The HTC Center,Conway,SC,
22393,2022-01-27,19:00,2022,regular,,final,James Madison,Drexel,129,71,82,88,,CAA,CAA,,,Atlantic Union Bank Center,Harrisonburg,VA,
22394,2022-01-27,19:00,2022,regular,,final,Charleston,Hofstra,46,110,73,76,,CAA,CAA,,,TD Arena,Charleston,SC,
22395,2022-01-27,19:00,2022,regular,,final,UNC Wilmington,Northeastern,321,205,67,62,,CAA,CAA,,,Trask Coliseum,Wilmington,NC,
22396,2022-01-27,19:00,2022,regular,,final,Elon,William & Mary,81,353,61,54,,CAA,CAA,,,Schar Center,Elon,NC,
22440,2022-01-27,19:00,2022,regular,,final,Tennessee Tech,Murray State,291,184,75,80,,OVC,OVC,,,Hooper Eblen Center,Cookeville,TN,
22441,2022-01-27,19:00,2022,regular,,cancelled,Oakland,IU Indianapolis,214,115,0,0,,Horizon,Horizon,,,OU Credit Union O'rena,Rochester,MI,
22442,2022-01-27,19:00,2022,regular,,scheduled,Towson,Delaware,301,66,0,0,,CAA,CAA,,,TU Arena,Towson,MD,Will resume on 2/28 at 6PM
22397,2022-01-27,19:30,2022,regular,,final,Louisiana Tech,Rice,149,241,80,63,,CUSA,CUSA,,,Thomas Assembly Center,Ruston,LA,
22398,2022-01-27,19:30,2022,regular,,final,Stetson,Bellarmine,283,21,47,72,,ASUN,ASUN,,,Edmunds Center,DeLand,FL,
22399,2022-01-27,19:30,2022,regular,,final,Kennesaw State,Jacksonville State,133,128,64,70,,ASUN,ASUN,,,KSU Convocation Center,Kennesaw,GA,
22400,2022-01-27,19:30,2022,regular,,final,UL Monroe,Georgia Southern,316,99,45,50,,Sun Belt,Sun Belt,,,Fant-Ewing Coliseum,Monroe,LA,
22377,2022-01-27,20:00,2022,regular,,final,Minnesota,Ohio State,173,216,64,75,,Big Ten,Big Ten,,,Williams Arena,Minneapolis,MN,
22401,2022-01-27,20:00,2022,regular,,final,Northern Illinois,Ball State,208,19,67,74,,MAC,MAC,,,NIU Convocation Center,Dekalb,IL,
22402,2022-01-27,20:00,2022,regular,,final,Southern Illinois,Loyola Chicago,273,151,39,44,,MVC,MVC,,,Banterra Center,Carbondale,IL,
22403,2022-01-27,20:00,2022,regular,,final,UTSA,Florida International,328,89,73,66,,CUSA,CUSA,,,UTSA Convocation Center,San Antonio,TX,
22404,2022-01-27,20:00,2022,regular,,final,Southern Miss,North Texas,275,204,54,63,,CUSA,CUSA,,,Reed Green Coliseum,Hattiesburg,MS,
22405,2022-01-27,20:00,2022,regular,,final,Northern Colorado,Weber State,207,345,76,85,,Big Sky,Big Sky,,,Bank of Colorado Arena,Greeley,CO,
22406,2022-01-27,20:00,2022,regular,,final,Houston Christian,New Orleans,112,193,66,77,,Southland,Southland,,,Sharp Gymnasium,Houston,TX,
22407,2022-01-27,20:00,2022,regular,,final,Chicago State,Utah Valley,50,332,87,101,,UAC,UAC,,,Jones Convocation Center,Chicago,IL,
22408,2022-01-27,20:00,2022,regular,,final,North Florida,Central Arkansas,203,43,93,74,,ASUN,ASUN,,,UNF Arena,Jacksonville,FL,
22409,2022-01-27,20:00,2022,regular,,final,UT Arlington,Texas State,324,297,70,58,,Sun Belt,Sun Belt,,,College Park Center,Arlington,TX,
22410,2022-01-27,20:00,2022,regular,,final,South Alabama,Troy,265,302,82,63,,Sun Belt,Sun Belt,,,Mitchell Center,Mobile,AL,
22411,2022-01-27,20:00,2022,regular,,final,Louisiana,Georgia State,148,100,64,68,,Sun Belt,Sun Belt,,,Cajundome,Lafayette,LA,
22412,2022-01-27,20:00,2022,regular,,final,Omaha,Oral Roberts,221,222,88,100,,Summit,Summit,,,Baxter Arena,Omaha,NE,
22413,2022-01-27,20:00,2022,regular,,final,South Dakota,North Dakota State,269,202,62,74,,Summit,Summit,,,Sanford Coyote Sports Center,Vermillion,SD,
22414,2022-01-27,20:00,2022,regular,,final,South Dakota State,North Dakota,270,201,96,61,,Summit,Summit,,,Frost Arena,Brookings,SD,
22415,2022-01-27,20:30,2022,regular,,final,SIU Edwardsville,Tennessee State,247,290,70,75,,OVC,OVC,,,First Community Arena,Edwardsville,IL,
22416,2022-01-27,20:30,2022,regular,,final,Austin Peay,Belmont,17,22,67,75,,OVC,OVC,,,Winfield Dunn Center,Clarksville,TN,
22417,2022-01-27,20:30,2022,regular,,final,Northwestern State,Incarnate Word,211,120,79,70,,Southland,Southland,,,Prather Coliseum,Natchitoches,LA,
22418,2022-01-27,20:30,2022,regular,,final,McNeese,Nicholls,162,195,71,81,,Southland,Southland,,,Legacy Center,Lake Charles,LA,
22373,2022-01-27,21:00,2022,regular,,final,Iowa,Purdue,124,236,73,83,,Big Ten,Big Ten,,,Carver-Hawkeye Arena,Iowa City,IA,
22374,2022-01-27,21:00,2022,regular,,final,UCLA,California,313,40,81,57,,Pac-12,Pac-12,,,Pauley Pavilion,Los Angeles,CA,
22419,2022-01-27,21:00,2022,regular,,final,Memphis,East Carolina,163,74,71,54,,American,American,,,FedExForum,Memphis,TN,
22420,2022-01-27,21:00,2022,regular,,final,UC Davis,Cal State Fullerton,307,37,58,74,,Big West,Big West,,,University Credit Union Center,Davis,CA,
22421,2022-01-27,21:00,2022,regular,,final,Southeast Missouri State,Morehead State,272,181,73,74,,OVC,OVC,,,Show Me Center,Cape Girardeau,MO,
22422,2022-01-27,21:00,2022,regular,,final,UT Martin,Eastern Illinois,325,77,53,58,,OVC,OVC,,,Skyhawk Arena,Martin,TN,
22423,2022-01-27,21:00,2022,regular,,final,Western Kentucky,UAB,350,305,65,68,,CUSA,CUSA,,,E.A. Diddle Arena,Bowling Green,KY,
22424,2022-01-27,21:00,2022,regular,,final,UTEP,Florida Atlantic,327,86,70,68,,CUSA,CUSA,,,Don Haskins Center,El Paso,TX,
22425,2022-01-27,21:00,2022,regular,,final,Montana,Idaho,179,117,81,62,,Big Sky,Big Sky,,,Dahlberg Arena,Missoula,MT,
22426,2022-01-27,21:00,2022,regular,,final,Montana State,Eastern Washington,180,80,69,65,,Big Sky,Big Sky,,,Worthington Arena,Bozeman,MT,
22427,2022-01-27,21:00,2022,regular,,final,SE Louisiana,Texas A&M-Corpus Christi,246,294,71,86,,Southland,Southland,,,Pride Roofing University Center,Hammond,LA,
22428,2022-01-27,21:00,2022,regular,,final,Denver,Kansas City,68,130,61,72,,Summit,Summit,,,Hamilton Gymnasium,Denver,CO,
22429,2022-01-27,22:00,2022,regular,,final,UC Irvine,Cal State Bakersfield,308,36,57,52,,Big West,Big West,,,Bren Events Center,Irvine,CA,
22430,2022-01-27,22:00,2022,regular,,final,UC San Diego,Cal Poly,310,35,55,59,,Big West,Big West,,,LionTree Arena,San Diego,CA,
22431,2022-01-27,22:00,2022,regular,,final,UC Riverside,Long Beach State,309,145,62,68,,Big West,Big West,,,SRC Arena,Riverside,CA,
22432,2022-01-27,22:00,2022,regular,,final,Portland State,Southern Utah,231,276,82,85,,Big Sky,Big Sky,,,Viking Pavilion,Portland,OR,
22433,2022-01-27,22:00,2022,regular,,final,Sacramento State,Idaho State,249,116,61,60,,Big Sky,Big Sky,,,The Nest,Sacramento,CA,
22434,2022-01-27,22:00,2022,regular,,final,Portland,Pacific,230,225,64,56,,WCC,WCC,,,Chiles Center,Portland,OR,
22435,2022-01-27,22:00,2022,regular,,final,San Francisco,Saint Mary's,259,253,70,72,,WCC,WCC,,,The Sobrato Center,San Francisco,CA,
22436,2022-01-27,22:30,2022,regular,,final,San Diego,Pepperdine,258,228,64,56,,WCC,WCC,,,Jenny Craig Pavilion,San Diego,CA,
22372,2022-01-27,23:00,2022,regular,,final,Gonzaga,Loyola Marymount,102,153,89,55,,WCC,WCC,,,McCarthey Athletic Center,Spokane,WA,
22376,2022-01-27,23:00,2022,regular,,final,USC,Stanford,323,281,61,64,,Pac-12,Pac-12,,,Galen Center,Los Angeles,CA,
22437,2022-01-27,23:00,2022,regular,,final,Washington,Colorado,343,56,60,58,,Pac-12,Pac-12,,,Alaska Airlines Arena,Seattle,WA,
22438,2022-01-27,23:00,2022,regular,,final,Santa Clara,BYU,261,18,77,76,,WCC,WCC,,,Leavey Center,Santa Clara,CA,
22439,2022-01-27,23:59,2022,regular,,final,Hawai'i,Cal State Northridge,108,38,72,65,,Big West,Big West,,,Stan Sheriff Center,Honolulu,HI,
22443,2022-01-28,14:00,2022,regular,,final,Boston University,Colgate,27,55,76,72,,Patriot,Patriot,,,Case Gym,Boston,MA,
22444,2022-01-28,17:00,2022,regular,,final,Holy Cross,Lehigh,111,141,67,65,,Patriot,Patriot,,,Hart Center,Worcester,MA,
22445,2022-01-28,17:00,2022,regular,,final,Harvard,Pennsylvania,107,227,74,78,,Ivy,Ivy,,,Lavietes Pavilion,Cambridge,MA,
22446,2022-01-28,17:00,2022,regular,,final,New Hampshire,Stony Brook,190,285,69,76,,Am. East,Am. East,,,Lundholm Gymnasium,Durham,NH,
22447,2022-01-28,18:00,2022,regular,,final,Monmouth,Canisius,178,42,72,67,,Metro,Metro,,,OceanFirst Bank Center,West Long Branch,NJ,
22448,2022-01-28,18:00,2022,regular,,final,Air Force,Wyoming,2,358,61,63,,Mountain West,Mountain West,,,Clune Arena,Colorado Springs,CO,
22449,2022-01-28,19:00,2022,regular,,final,Northern Kentucky,Purdue Fort Wayne,210,237,59,49,,Horizon,Horizon,,,Truist Arena,Highland Heights,KY,
22450,2022-01-28,19:00,2022,regular,,final,Dayton,Rhode Island,64,240,53,51,,A-10,A-10,,,UD Arena,Dayton,OH,
22451,2022-01-28,19:00,2022,regular,,final,Rider,Fairfield,243,83,65,76,,Metro,Metro,,,Alumni Gymnasium (Rider),Lawrenceville,NJ,
22452,2022-01-28,19:00,2022,regular,,final,Saint Peter's,Manhattan,254,155,77,51,,Metro,Metro,,,Yanitelli Center,Jersey City,NJ,
22453,2022-01-28,19:00,2022,regular,,final,Siena,Niagara,264,194,60,56,,Metro,Metro,,,MVP Arena,Albany,NY,
22454,2022-01-28,19:00,2022,regular,,final,Buffalo,Ohio,33,215,53,74,,MAC,MAC,,,Alumni Arena,Buffalo,NY,
22455,2022-01-28,19:00,2022,regular,,final,Toledo,Akron,300,3,84,76,,MAC,MAC,,,Savage Arena,Toledo,OH,
22456,2022-01-28,19:30,2022,regular,,final,Quinnipiac,Marist,238,156,94,87,,Metro,Metro,,,M&T Bank Arena,Hamden,CT,
22457,2022-01-28,21:00,2022,regular,,final,Wright State,Cleveland State,357,53,67,71,,Horizon,Horizon,,,Nutter Center,Dayton,OH,
22458,2022-01-28,21:00,2022,regular,,final,Colorado State,UNLV,57,322,74,88,,Mountain West,Mountain West,,,Moby Arena,Fort Collins,CO,
22459,2022-01-28,21:00,2022,regular,,final,New Mexico,San José State,191,260,86,70,,Mountain West,Mountain West,,,The Pit,Albuquerque,NM,
22460,2022-01-28,23:00,2022,regular,,final,Fresno State,Boise State,92,25,63,68,,Mountain West,Mountain West,,,Save Mart Center,Fresno,CA,
22465,2022-01-29,12:00,2022,regular,,final,Louisville,Duke,150,72,65,74,,ACC,ACC,,,KFC Yum! Center,Louisville,KY,
22472,2022-01-29,12:00,2022,regular,,final,Davidson,La Salle,63,137,77,69,,A-10,A-10,,,John M. Belk Arena,Davidson,NC,
22473,2022-01-29,12:00,2022,regular,,final,Tulane,Wichita State,303,352,67,66,,American,American,,,Devlin Fieldhouse,New Orleans,LA,
22474,2022-01-29,12:00,2022,regular,,final,Butler,Georgetown,34,97,56,53,,Big East,Big East,,,Hinkle Fieldhouse,Indianapolis,IN,
22475,2022-01-29,12:00,2022,regular,,final,TCU,LSU,287,136,77,68,,Big 12,SEC,,,Schollmaier Arena,Fort Worth,TX,SEC/Big 12 Challenge
22476,2022-01-29,12:00,2022,regular,,final,Georgia Tech,Miami,101,168,62,73,,ACC,ACC,,,McCamish Pavilion,Atlanta,GA,
22466,2022-01-29,12:30,2022,regular,,final,Michigan State,Michigan,169,170,83,67,,Big Ten,Big Ten,,,Breslin Center,East Lansing,MI,
22477,2022-01-29,13:00,2022,regular,,final,Army,Lafayette,15,138,60,56,,Patriot,Patriot,,,Christl Arena,West Point,NY,
22478,2022-01-29,13:00,2022,regular,,final,Coastal Carolina,Arkansas State,54,13,66,73,,Sun Belt,Sun Belt,,,The HTC Center,Conway,SC,
22479,2022-01-29,13:00,2022,regular,,final,VMI,East Tennessee State,334,75,83,79,,SoCon,SoCon,,,Cameron Hall,Lexington,VA,
22480,2022-01-29,13:00,2022,regular,,final,The Citadel,Chattanooga,299,49,62,75,,SoCon,SoCon,,,McAlister Field House,Charleston,SC,
22595,2022-01-29,13:00,2022,regular,,cancelled,Detroit Mercy,IU Indianapolis,69,115,0,0,,Horizon,Horizon,,,Calihan Hall,Detroit,MI,
22470,2022-01-29,14:00,2022,regular,,final,Creighton,Xavier,61,359,64,74,,Big East,Big East,,,CHI Health Center Omaha,Omaha,NE,
22481,2022-01-29,14:00,2022,regular,,final,Navy,American University,187,8,47,45,,Patriot,Patriot,,,Alumni Hall (Navy),Annapolis,MD,
22482,2022-01-29,14:00,2022,regular,,final,UTSA,Florida Atlantic,328,86,64,73,,CUSA,CUSA,,,UTSA Convocation Center,San Antonio,TX,
22483,2022-01-29,14:00,2022,regular,,final,Campbell,High Point,41,109,77,72,,Big South,Big South,,,John W. Pope Jr. Convocation Center,Buies Creek,NC,
22484,2022-01-29,14:00,2022,regular,,final,North Carolina,NC State,200,185,100,80,,ACC,ACC,,,Dean E. Smith Center,Chapel Hill,NC,
22485,2022-01-29,14:00,2022,regular,,final,Columbia,Dartmouth,58,62,63,76,,Ivy,Ivy,,,Levien Gymnasium,New York,NY,
22486,2022-01-29,14:00,2022,regular,,final,Binghamton,UMBC,24,317,68,70,,Am. East,Am. East,,,Events Center (Binghamton),Binghamton,NY,
22487,2022-01-29,14:00,2022,regular,,final,Vermont,Maine,337,154,81,68,,Am. East,Am. East,,,Patrick Gymnasium,Burlington,VT,
22488,2022-01-29,14:00,2022,regular,,final,Youngstown State,Milwaukee,361,172,86,72,,Horizon,Horizon,,,Beeghly Center,Youngstown,OH,
22489,2022-01-29,14:00,2022,regular,,final,Northern Iowa,Illinois State,209,119,79,64,,MVC,MVC,,,McLeod Center,Cedar Falls,IA,
22490,2022-01-29,14:00,2022,regular,,final,Duquesne,Saint Louis,73,252,53,77,,A-10,A-10,,,UPMC Cooper Fieldhouse,Pittsburgh,PA,
22491,2022-01-29,14:00,2022,regular,,final,St. Bonaventure,Saint Joseph's,277,251,80,69,,A-10,A-10,,,Reilly Center,Saint Bonaventure,NY,
22492,2022-01-29,14:00,2022,regular,,final,Western Carolina,Samford,348,256,64,74,,SoCon,SoCon,,,Ramsey Center,Cullowhee,NC,
22493,2022-01-29,14:00,2022,regular,,final,Towson,Drexel,301,71,66,62,,CAA,CAA,,,TU Arena,Towson,MD,
22494,2022-01-29,14:00,2022,regular,,final,Iowa State,Missouri,125,177,67,50,,Big 12,SEC,,,Hilton Coliseum,Ames,IA,SEC/Big 12 Challenge
22495,2022-01-29,14:00,2022,regular,,final,Auburn,Oklahoma,16,217,86,68,,SEC,Big 12,,,Neville Arena,Auburn,AL,SEC/Big 12 Challenge
22496,2022-01-29,14:00,2022,regular,,final,Arkansas,West Virginia,12,347,77,68,,SEC,Big 12,,,Bud Walton Arena,Fayetteville,AR,SEC/Big 12 Challenge
22596,2022-01-29,14:00,2022,regular,,scheduled,Sacred Heart,Merrimack,250,166,0,0,,NEC,NEC,,,William H. Pitt Center,Fairfield,CT,
22597,2022-01-29,14:00,2022,regular,,scheduled,Hartford,UMass Lowell,363,318,0,0,,Am. East,Am. East,,,Chase Arena,West Hartford,CT,
22462,2022-01-29,14:30,2022,regular,,final,Arizona,Arizona State,11,10,67,56,,Pac-12,Pac-12,,,McKale Memorial Center,Tucson,AZ,
22497,2022-01-29,14:30,2022,regular,,final,Maryland,Indiana,160,121,55,68,,Big Ten,Big Ten,,,XFINITY Center,College Park,MD,
22498,2022-01-29,15:00,2022,regular,,final,SMU,Temple,248,289,69,61,,American,American,,,Moody Coliseum,Dallas,TX,
22499,2022-01-29,15:00,2022,regular,,final,Belmont,UT Martin,22,325,87,58,,OVC,OVC,,,Curb Event Center Arena,Nashville,TN,
22500,2022-01-29,15:00,2022,regular,,final,Southern Miss,Rice,275,241,62,76,,CUSA,CUSA,,,Reed Green Coliseum,Hattiesburg,MS,
22501,2022-01-29,15:00,2022,regular,,final,Western Kentucky,Middle Tennessee,350,171,85,93,,CUSA,CUSA,,,E.A. Diddle Arena,Bowling Green,KY,
22502,2022-01-29,15:00,2022,regular,,final,Chicago State,Utah Tech,50,330,65,79,,UAC,UAC,,,Jones Convocation Center,Chicago,IL,
22503,2022-01-29,15:00,2022,regular,,final,Longwood,Winthrop,147,354,92,88,,Big South,Big South,,,Willett Hall,Farmville,VA,
22504,2022-01-29,15:00,2022,regular,,final,Florida State,Virginia Tech,90,340,72,85,,ACC,ACC,,,Tucker Center,Tallahassee,FL,
22505,2022-01-29,15:00,2022,regular,,final,Oakland,UIC,214,315,81,74,,Horizon,Horizon,,,OU Credit Union O'rena,Rochester,MI,
22506,2022-01-29,15:00,2022,regular,,final,UL Monroe,Georgia State,316,100,62,73,,Sun Belt,Sun Belt,,,Fant-Ewing Coliseum,Monroe,LA,
22507,2022-01-29,15:00,2022,regular,,final,Western Illinois,St. Thomas-Minnesota,349,280,81,52,,Summit,Summit,,,Western Hall,Macomb,IL,
22508,2022-01-29,15:00,2022,regular,,final,South Dakota State,North Dakota State,270,202,80,76,,Summit,Summit,,,Frost Arena,Brookings,SD,
22509,2022-01-29,15:00,2022,regular,,final,Eastern Michigan,Miami (OH),79,167,85,75,,MAC,MAC,,,Gervin GameAbove Center,Ypsilanti,MI,
22510,2022-01-29,15:30,2022,regular,,final,Ball State,Western Michigan,19,351,83,72,,MAC,MAC,,,Worthen Arena,Muncie,IN,
22511,2022-01-29,16:00,2022,regular,,final,South Carolina State,Norfolk State,267,196,69,87,,MEAC,MEAC,,,Smith-Hammond-Middleton Memorial Center,Orangeburg,SC,
22512,2022-01-29,16:00,2022,regular,,final,North Carolina Central,Howard,199,114,74,75,,MEAC,MEAC,,,McDougald-McLendon Arena,Durham,NC,
22513,2022-01-29,16:00,2022,regular,,final,UC Davis,Long Beach State,307,145,63,70,,Big West,Big West,,,University Credit Union Center,Davis,CA,
22514,2022-01-29,16:00,2022,regular,,final,Alcorn State,Southern,7,274,68,64,,SWAC,SWAC,,,Davey L. Whitney Complex,Lorman,MS,
22515,2022-01-29,16:00,2022,regular,,final,Coppin State,Maryland Eastern Shore,59,159,61,64,,MEAC,MEAC,,,Physical Education Complex,Baltimore,MD,
22516,2022-01-29,16:00,2022,regular,,final,Louisiana Tech,North Texas,149,204,62,63,,CUSA,CUSA,,,Thomas Assembly Center,Ruston,LA,
22517,2022-01-29,16:00,2022,regular,,final,Northern Arizona,Portland State,206,231,76,97,,Big Sky,Big Sky,,,J. Lawrence Walkup Skydome,Flagstaff,AZ,
22518,2022-01-29,16:00,2022,regular,,final,Ole Miss,Kansas State,220,132,67,56,,SEC,Big 12,,,The Sandy and John Black Pavilion at Ole Miss,Oxford,MS,SEC/Big 12 Challenge
22519,2022-01-29,16:00,2022,regular,,final,Northwestern State,Texas A&M-Corpus Christi,211,294,90,76,,Southland,Southland,,,Prather Coliseum,Natchitoches,LA,
22520,2022-01-29,16:00,2022,regular,,final,Seattle U,Sam Houston,262,255,78,63,,UAC,UAC,,,Redhawk Center,Seattle,WA,
22521,2022-01-29,16:00,2022,regular,,final,Lamar,Abilene Christian,139,1,82,85,,UAC,UAC,,,Montagne Center,Beaumont,TX,
22522,2022-01-29,16:00,2022,regular,,final,Presbyterian,UNC Asheville,233,319,67,68,,Big South,Big South,,,Templeton Center,Clinton,SC,
22523,2022-01-29,16:00,2022,regular,,final,North Carolina A&T,South Carolina Upstate,198,268,64,84,,Big South,Big South,,,Corbett Sports Center,Greensboro,NC,
22524,2022-01-29,16:00,2022,regular,,final,Stetson,Eastern Kentucky,283,78,113,95,,ASUN,ASUN,,,Edmunds Center,DeLand,FL,
22525,2022-01-29,16:00,2022,regular,,final,App State,Little Rock,9,144,72,57,,Sun Belt,Sun Belt,,,Holmes Convocation Center,Boone,NC,
22526,2022-01-29,16:00,2022,regular,,final,Richmond,VCU,242,333,62,64,,A-10,A-10,,,Robins Center,Richmond,VA,
22527,2022-01-29,16:00,2022,regular,,final,Denver,Oral Roberts,68,222,80,89,,Summit,Summit,,,Hamilton Gymnasium,Denver,CO,
22528,2022-01-29,16:00,2022,regular,,final,Charleston,Northeastern,46,205,81,63,,CAA,CAA,,,TD Arena,Charleston,SC,
22529,2022-01-29,16:00,2022,regular,,final,William & Mary,Elon,353,81,65,61,,CAA,CAA,,,Kaplan Arena,Williamsburg,VA,
22530,2022-01-29,16:00,2022,regular,,final,James Madison,Delaware,129,66,69,85,,CAA,CAA,,,Atlantic Union Bank Center,Harrisonburg,VA,
22531,2022-01-29,16:00,2022,regular,,final,Northern Illinois,Central Michigan,208,45,63,69,,MAC,MAC,,,NIU Convocation Center,Dekalb,IL,
22532,2022-01-29,16:00,2022,regular,,final,Florida,Oklahoma State,87,218,81,72,,SEC,Big 12,,,Stephen C. O'Connell Center,Gainesville,FL,SEC/Big 12 Challenge
22533,2022-01-29,16:00,2022,regular,,final,Alabama,Baylor,5,20,87,78,,SEC,Big 12,,,Coleman Coliseum,Tuscaloosa,AL,SEC/Big 12 Challenge
22598,2022-01-29,16:00,2022,regular,,scheduled,Morgan State,Delaware State,182,67,0,0,,MEAC,MEAC,,,Hill Field House,Baltimore,MD,
22467,2022-01-29,16:30,2022,regular,,final,Villanova,St. John's,338,279,73,62,,Big East,Big East,,,Finneran Pavilion,Villanova,PA,
22471,2022-01-29,16:30,2022,regular,,final,Northwestern,Illinois,212,118,56,59,,Big Ten,Big Ten,,,Welsh-Ryan Arena,Evanston,IL,
22534,2022-01-29,16:30,2022,regular,,final,Eastern Illinois,Tennessee State,77,290,62,57,,OVC,OVC,,,Groniger Arena,Charleston,IL,
22535,2022-01-29,16:30,2022,regular,,final,Gardner-Webb,Radford,94,239,61,42,,Big South,Big South,,,Paul Porter Arena,Boiling Springs,NC,
22536,2022-01-29,17:00,2022,regular,,final,Washington,Utah,343,331,77,73,,Pac-12,Pac-12,,,Alaska Airlines Arena,Seattle,WA,
22537,2022-01-29,17:00,2022,regular,,final,Mississippi Valley State,Arkansas-Pine Bluff,175,14,68,74,,SWAC,SWAC,,,R.W. Harrison HPER Complex,Itta Bena,MS,
22538,2022-01-29,17:00,2022,regular,,final,SE Louisiana,Incarnate Word,246,120,78,68,,Southland,Southland,,,Pride Roofing University Center,Hammond,LA,
22539,2022-01-29,17:00,2022,regular,,final,Southeast Missouri State,SIU Edwardsville,272,247,85,77,,OVC,OVC,,,Show Me Center,Cape Girardeau,MO,
22540,2022-01-29,17:00,2022,regular,,final,Murray State,Morehead State,184,181,77,66,,OVC,OVC,,,CFSB Center,Murray,KY,
22541,2022-01-29,17:00,2022,regular,,final,Jackson State,Grambling,126,103,64,73,,SWAC,SWAC,,,Lee E. Williams Athletics and Assembly Center,Jackson,MS,
22542,2022-01-29,17:00,2022,regular,,final,Alabama A&M,Florida A&M,4,85,60,65,,SWAC,SWAC,,,T.M. Elmore Gymnasium,Normal,AL,
22543,2022-01-29,17:00,2022,regular,,final,Mount St. Mary's,St. Francis (PA),183,278,71,54,,NEC,NEC,,,Knott Arena,Emmitsburg,MD,
22544,2022-01-29,17:00,2022,regular,,final,North Florida,Lipscomb,203,143,74,77,,ASUN,ASUN,,,UNF Arena,Jacksonville,FL,
22545,2022-01-29,17:00,2022,regular,,final,Texas State,UT Arlington,297,324,58,53,,Sun Belt,Sun Belt,,,Strahan Arena at the University Events Center,San Marcos,TX,
22546,2022-01-29,17:00,2022,regular,,final,South Dakota,North Dakota,269,201,71,58,,Summit,Summit,,,Sanford Coyote Sports Center,Vermillion,SD,
22547,2022-01-29,17:00,2022,regular,,final,Bowling Green,Kent State,28,134,83,91,,MAC,MAC,,,Stroh Center,Bowling Green,OH,
22548,2022-01-29,17:30,2022,regular,,final,Charleston Southern,Hampton,47,106,74,78,,Big South,Big South,,,Buccaneer Fieldhouse,Charleston,SC,
22549,2022-01-29,17:30,2022,regular,,final,Kennesaw State,North Alabama,133,197,58,71,,ASUN,ASUN,,,KSU Convocation Center,Kennesaw,GA,
22550,2022-01-29,18:00,2022,regular,,final,Prairie View A&M,Texas Southern,232,296,74,75,,SWAC,SWAC,,,William Nicks Building,Prairie View,TX,
22551,2022-01-29,18:00,2022,regular,,final,Montana State,Idaho,180,117,70,64,,Big Sky,Big Sky,,,Worthington Arena,Bozeman,MT,
22552,2022-01-29,18:00,2022,regular,,final,Notre Dame,Virginia,213,339,69,65,,ACC,ACC,,,Purcell Pavilion,South Bend,IN,
22553,2022-01-29,18:00,2022,regular,,final,Princeton,Yale,234,360,74,80,,Ivy,Ivy,,,Jadwin Gymnasium,Princeton,NJ,
22554,2022-01-29,18:00,2022,regular,,final,Jacksonville,Central Arkansas,127,43,79,59,,ASUN,ASUN,,,Swisher Gymnasium,Jacksonville,FL,
22555,2022-01-29,18:00,2022,regular,,final,Mercer,Furman,164,93,50,80,,SoCon,SoCon,,,Hawkins Arena,Macon,GA,
22556,2022-01-29,18:00,2022,regular,,final,Texas Tech,Mississippi State,298,174,76,50,,Big 12,SEC,,,United Supermarkets Arena,Lubbock,TX,SEC/Big 12 Challenge
22557,2022-01-29,18:00,2022,regular,,final,Kansas,Kentucky,131,135,62,80,,Big 12,SEC,,,Allen Fieldhouse,Lawrence,KS,SEC/Big 12 Challenge
22558,2022-01-29,18:00,2022,regular,,final,Vanderbilt,Georgia,336,98,85,77,,SEC,SEC,,,Memorial Gymnasium (TN),Nashville,TN,
22469,2022-01-29,18:30,2022,regular,,final,DePaul,UConn,65,314,50,57,,Big East,Big East,,,Wintrust Arena,Chicago,IL,
22559,2022-01-29,18:30,2022,regular,,final,Nebraska,Rutgers,188,245,61,63,,Big Ten,Big Ten,,,Pinnacle Bank Arena,Lincoln,NE,
22468,2022-01-29,19:00,2022,regular,,final,USC,California,323,40,79,72,,Pac-12,Pac-12,,,Galen Center,Los Angeles,CA,
22560,2022-01-29,19:00,2022,regular,,final,Marshall,UAB,158,305,84,81,,CUSA,CUSA,,,Cam Henderson Center,Huntington,WV,
22561,2022-01-29,19:00,2022,regular,,final,Old Dominion,Charlotte,219,48,68,52,,CUSA,CUSA,,,Chartway Arena,Norfolk,VA,
22562,2022-01-29,19:00,2022,regular,,final,Loyola Marymount,San Diego,153,258,65,69,,WCC,WCC,,,Gersten Pavilion,Los Angeles,CA,
22563,2022-01-29,19:00,2022,regular,,final,San Francisco,Santa Clara,259,261,88,85,,WCC,WCC,,,The Sobrato Center,San Francisco,CA,
22564,2022-01-29,19:00,2022,regular,,final,NJIT,UAlbany,186,306,53,64,,Am. East,Am. East,,,Joel & Diane Bloom Wellness and Events Center,Newark,NJ,
22565,2022-01-29,19:00,2022,regular,,final,Liberty,Jacksonville State,142,128,67,77,,ASUN,ASUN,,,Liberty Arena,Lynchburg,VA,
22566,2022-01-29,19:00,2022,regular,,final,Florida Gulf Coast,Bellarmine,88,21,63,74,,ASUN,ASUN,,,Alico Arena,Fort Myers,FL,
22567,2022-01-29,19:00,2022,regular,,final,Robert Morris,Green Bay,244,105,62,60,,Horizon,Horizon,,,UPMC Events Center,Moon Township,PA,
22568,2022-01-29,19:00,2022,regular,,final,Troy,South Alabama,302,265,77,68,,Sun Belt,Sun Belt,,,Trojan Arena,Troy,AL,
22569,2022-01-29,19:00,2022,regular,,final,Wofford,UNC Greensboro,356,320,85,66,,SoCon,SoCon,,,Jerry Richardson Indoor Stadium,Spartanburg,SC,
22570,2022-01-29,19:00,2022,regular,,final,UNC Wilmington,Hofstra,321,110,78,72,,CAA,CAA,,,Trask Coliseum,Wilmington,NC,
22463,2022-01-29,20:00,2022,regular,,final,UCF,Houston,312,113,49,63,,American,American,,,Addition Financial Arena,Orlando,FL,
22571,2022-01-29,20:00,2022,regular,,final,Alabama State,Bethune-Cookman,6,23,79,73,,SWAC,SWAC,,,Dunn-Oliver Acadome,Montgomery,AL,
22572,2022-01-29,20:00,2022,regular,,final,Tulsa,South Florida,304,271,76,45,,American,American,,,Reynolds Center,Tulsa,OK,
22573,2022-01-29,20:00,2022,regular,,final,UC Riverside,Cal State Fullerton,309,37,67,54,,Big West,Big West,,,SRC Arena,Riverside,CA,
22574,2022-01-29,20:00,2022,regular,,final,Houston Christian,Nicholls,112,195,61,73,,Southland,Southland,,,Sharp Gymnasium,Houston,TX,
22575,2022-01-29,20:00,2022,regular,,final,UT Rio Grande Valley,Tarleton State,326,288,64,79,,UAC,UAC,,,UTRGV Fieldhouse,Edinburg,TX,
22576,2022-01-29,20:00,2022,regular,,final,Saint Mary's,Pepperdine,253,228,81,57,,WCC,WCC,,,University Credit Union Pavilion,Moraga,CA,
22577,2022-01-29,20:00,2022,regular,,final,Syracuse,Wake Forest,286,342,94,72,,ACC,ACC,,,JMA Wireless Dome,Syracuse,NY,
22578,2022-01-29,20:00,2022,regular,,final,Louisiana,Georgia Southern,148,99,65,66,,Sun Belt,Sun Belt,,,Cajundome,Lafayette,LA,
22579,2022-01-29,20:00,2022,regular,,final,Missouri State,Evansville,176,82,72,58,,MVC,MVC,,,Great Southern Bank Arena,Springfield,MO,
22580,2022-01-29,20:00,2022,regular,,final,Omaha,Kansas City,221,130,69,68,,Summit,Summit,,,Baxter Arena,Omaha,NE,
22581,2022-01-29,20:00,2022,regular,,final,Texas,Tennessee,295,292,52,51,,Big 12,SEC,,,Frank Erwin Center,Austin,TX,SEC/Big 12 Challenge
22599,2022-01-29,20:00,2022,regular,,scheduled,Northern Colorado,Idaho State,207,116,0,0,,Big Sky,Big Sky,,,Bank of Colorado Arena,Greeley,CO,
22582,2022-01-29,20:30,2022,regular,,final,Tennessee Tech,Austin Peay,291,17,55,58,,OVC,OVC,,,Hooper Eblen Center,Cookeville,TN,
22583,2022-01-29,20:30,2022,regular,,final,Texas A&M,South Carolina,293,266,63,74,,SEC,SEC,,,Reed Arena,College Station,TX,
22461,2022-01-29,21:00,2022,regular,,final,Gonzaga,Portland,102,230,104,72,,WCC,WCC,,,McCarthey Athletic Center,Spokane,WA,
22584,2022-01-29,21:00,2022,regular,,final,UC Irvine,Cal Poly,308,35,72,48,,Big West,Big West,,,Bren Events Center,Irvine,CA,
22585,2022-01-29,21:00,2022,regular,,final,UTEP,Florida International,327,89,79,68,,CUSA,CUSA,,,Don Haskins Center,El Paso,TX,
22586,2022-01-29,21:00,2022,regular,,final,Montana,Eastern Washington,179,80,61,59,,Big Sky,Big Sky,,,Dahlberg Arena,Missoula,MT,
22587,2022-01-29,21:00,2022,regular,,final,New Mexico State,Grand Canyon,192,104,71,61,,UAC,UAC,,,Pan American Center,Las Cruces,NM,
22464,2022-01-29,21:30,2022,regular,,final,UCLA,Stanford,313,281,66,43,,Pac-12,Pac-12,,,Pauley Pavilion,Los Angeles,CA,
22588,2022-01-29,21:30,2022,regular,,final,Pacific,BYU,225,18,76,73,,WCC,WCC,,,Alex G. Spanos Center,Stockton,CA,
22589,2022-01-29,22:00,2022,regular,,final,Oregon,Oregon State,223,224,78,56,,Pac-12,Pac-12,,,Matthew Knight Arena,Eugene,OR,
22590,2022-01-29,22:00,2022,regular,,final,UC San Diego,Cal State Bakersfield,310,36,83,75,,Big West,Big West,,,LionTree Arena,San Diego,CA,
22591,2022-01-29,22:00,2022,regular,,final,Sacramento State,Weber State,249,345,59,79,,Big Sky,Big Sky,,,The Nest,Sacramento,CA,
22592,2022-01-29,22:00,2022,regular,,final,California Baptist,Stephen F. Austin,39,282,77,81,,UAC,UAC,,,Dale E. and Sarah Ann Fowler Events Center,Riverside,CA,
22593,2022-01-29,22:00,2022,regular,,final,Nevada,Utah State,189,329,49,78,,Mountain West,Mountain West,,,Lawlor Events Center,Reno,NV,
22594,2022-01-29,23:59,2022,regular,,final,Hawai'i,UC Santa Barbara,108,311,65,62,,Big West,Big West,,,Stan Sheriff Center,Honolulu,HI,
22603,2022-01-30,11:00,2022,regular,,final,Brown,Cornell,30,60,72,74,,Ivy,Ivy,,,Pizzitola Sports Center,Providence,RI,
22600,2022-01-30,12:00,2022,regular,,final,Purdue,Ohio State,236,216,81,78,,Big Ten,Big Ten,,,Mackey Arena,West Lafayette,IN,
22604,2022-01-30,12:00,2022,regular,,final,East Carolina,Cincinnati,74,51,59,60,,American,American,,,Minges Coliseum,Greenville,NC,
22605,2022-01-30,12:00,2022,regular,,final,Wright State,Purdue Fort Wayne,357,237,75,63,,Horizon,Horizon,,,Nutter Center,Dayton,OH,
22606,2022-01-30,12:00,2022,regular,,final,Northern Kentucky,Cleveland State,210,53,78,72,,Horizon,Horizon,,,Truist Arena,Highland Heights,KY,
22607,2022-01-30,12:00,2022,regular,,final,George Washington,Fordham,96,91,64,55,,A-10,A-10,,,Charles E. Smith Center,Washington,DC,
22602,2022-01-30,12:30,2022,regular,,final,Providence,Marquette,235,157,65,63,,Big East,Big East,,,Amica Mutual Pavilion,Providence,RI,
22601,2022-01-30,13:00,2022,regular,,final,Wisconsin,Minnesota,355,173,66,60,,Big Ten,Big Ten,,,Kohl Center,Madison,WI,
22608,2022-01-30,13:00,2022,regular,,final,Fairleigh Dickinson,Central Connecticut,84,44,75,55,,NEC,NEC,,,Bogota Savings Bank Center,Hackensack,NJ,
22609,2022-01-30,13:00,2022,regular,,final,Bryant,Long Island University,31,146,88,81,,NEC,NEC,,,Chace Athletic Center,Smithfield,RI,
22610,2022-01-30,13:00,2022,regular,,final,Iona,Saint Peter's,123,254,85,77,,Metro,Metro,,,Hynes Athletics Center,New Rochelle,NY,
22611,2022-01-30,14:00,2022,regular,,final,Morgan State,Delaware State,182,67,82,70,,MEAC,MEAC,,,Hill Field House,Baltimore,MD,
22612,2022-01-30,14:00,2022,regular,,final,St. Francis Brooklyn,Wagner,364,341,69,72,,NEC,NEC,,,Pope Physical Education Center,Brooklyn,NY,
22613,2022-01-30,14:00,2022,regular,,final,Drake,Loyola Chicago,70,151,77,68,,MVC,MVC,,,Knapp Center,Des Moines,IA,
22614,2022-01-30,14:00,2022,regular,,final,Bradley,Indiana State,29,122,67,52,,MVC,MVC,,,Carver Arena,Peoria,IL,
22615,2022-01-30,14:00,2022,regular,,final,Massachusetts,George Mason,161,95,62,72,,A-10,A-10,,,Mullins Center,Amherst,MA,
22616,2022-01-30,14:00,2022,regular,,final,Siena,Quinnipiac,264,238,85,76,,Metro,Metro,,,MVP Arena,Albany,NY,
22617,2022-01-30,14:00,2022,regular,,final,Manhattan,Marist,155,156,72,66,,Metro,Metro,,,Draddy Gymnasium,Riverdale,NY,
22618,2022-01-30,14:00,2022,regular,,final,Monmouth,Niagara,178,194,69,70,,Metro,Metro,,,OceanFirst Bank Center,West Long Branch,NJ,
22619,2022-01-30,14:00,2022,regular,,final,Rider,Canisius,243,42,70,62,,Metro,Metro,,,Alumni Gymnasium (Rider),Lawrenceville,NJ,
22620,2022-01-30,16:20,2022,regular,,final,Boston College,Pittsburgh,26,229,69,56,,ACC,ACC,,,Conte Forum,Chestnut Hill,MA,
22621,2022-01-30,17:00,2022,regular,,final,Southern Illinois,Valparaiso,273,335,77,55,,MVC,MVC,,,Banterra Center,Carbondale,IL,
22622,2022-01-30,18:00,2022,regular,,final,Bucknell,Loyola Maryland,32,152,82,80,,Patriot,Patriot,,,Sojka Pavilion,Lewisburg,PA,
22623,2022-01-30,18:00,2022,regular,,final,McNeese,New Orleans,162,193,78,84,,Southland,Southland,,,Legacy Center,Lake Charles,LA,
22624,2022-01-30,22:00,2022,regular,,final,Washington State,Colorado,344,56,70,43,,Pac-12,Pac-12,,,Beasley Coliseum,Pullman,WA,
22627,2022-01-31,18:00,2022,regular,,final,Lafayette,Colgate,138,55,61,72,,Patriot,Patriot,,,Kirby Sports Center,Easton,PA,
22626,2022-01-31,19:00,2022,regular,,final,Notre Dame,Duke,213,72,43,57,,ACC,ACC,,,Purcell Pavilion,South Bend,IN,
22628,2022-01-31,19:00,2022,regular,,final,IU Indianapolis,East-West University,115,688,75,59,,Horizon,,,,The Jungle,Indianapolis,IN,
22629,2022-01-31,19:00,2022,regular,,final,Western Illinois,Kansas City,349,130,75,83,,Summit,Summit,,,Western Hall,Macomb,IL,
22630,2022-01-31,19:00,2022,regular,,final,Detroit Mercy,Michigan-Dearborn,69,1134,96,51,,Horizon,,,,Calihan Hall,Detroit,MI,
22631,2022-01-31,19:00,2022,regular,,final,Kennesaw State,Liberty,133,142,50,65,,ASUN,ASUN,,,KSU Convocation Center,Kennesaw,GA,
22632,2022-01-31,19:00,2022,regular,,final,Maine,Hartford,154,363,66,78,,Am. East,Am. East,,,Cross Insurance Center,Bangor,ME,
22633,2022-01-31,19:00,2022,regular,,final,Vermont,UAlbany,337,306,73,61,,Am. East,Am. East,,,Patrick Gymnasium,Burlington,VT,
22634,2022-01-31,19:00,2022,regular,,final,Southern Utah,Northern Arizona,276,206,78,66,,Big Sky,Big Sky,,,America First Events Center,Cedar City,UT,
22635,2022-01-31,19:00,2022,regular,,final,UNC Wilmington,Drexel,321,71,70,63,,CAA,CAA,,,Trask Coliseum,Wilmington,NC,
22636,2022-01-31,19:00,2022,regular,,final,Boston University,Holy Cross,27,111,70,75,,Patriot,Patriot,,,Case Gym,Boston,MA,
22637,2022-01-31,19:00,2022,regular,,final,Tennessee Tech,Morehead State,291,181,56,70,,OVC,OVC,,,Hooper Eblen Center,Cookeville,TN,
22638,2022-01-31,19:00,2022,regular,,final,Austin Peay,SIU Edwardsville,17,247,68,63,,OVC,OVC,,,Winfield Dunn Center,Clarksville,TN,
22639,2022-01-31,19:00,2022,regular,,final,Mercer,Wofford,164,356,67,62,,SoCon,SoCon,,,Hawkins Arena,Macon,GA,
22640,2022-01-31,19:00,2022,regular,,final,Penn State,Iowa,226,124,90,86,,Big Ten,Big Ten,,,Bryce Jordan Center,University Park,PA,
22641,2022-01-31,19:30,2022,regular,,final,South Carolina State,Howard,267,114,58,55,,MEAC,MEAC,,,Smith-Hammond-Middleton Memorial Center,Orangeburg,SC,
22642,2022-01-31,19:30,2022,regular,,final,Maryland Eastern Shore,Morgan State,159,182,79,72,,MEAC,MEAC,,,Hytche Center,Princess Anne,MD,
22643,2022-01-31,20:00,2022,regular,,final,North Dakota,South Dakota State,201,270,64,70,,Summit,Summit,,,Betty Engelstad Sioux Center,Grand Forks,ND,
22644,2022-01-31,20:00,2022,regular,,final,Alabama A&M,Bethune-Cookman,4,23,67,52,,SWAC,SWAC,,,T.M. Elmore Gymnasium,Normal,AL,
22645,2022-01-31,20:00,2022,regular,,final,Wyoming,Colorado State,358,57,84,78,,Mountain West,Mountain West,,,Arena-Auditorium,Laramie,WY,
22646,2022-01-31,20:30,2022,regular,,final,Jackson State,Southern,126,274,64,75,,SWAC,SWAC,,,Lee E. Williams Athletics and Assembly Center,Jackson,MS,
22647,2022-01-31,20:30,2022,regular,,final,Alcorn State,Grambling,7,103,73,80,,SWAC,SWAC,,,Davey L. Whitney Complex,Lorman,MS,
22625,2022-01-31,21:00,2022,regular,,final,Baylor,West Virginia,20,347,81,77,,Big 12,Big 12,,,Ferrell Center,Waco,TX,
22648,2022-01-31,21:00,2022,regular,,final,Weber State,Eastern Washington,345,80,90,84,,Big Sky,Big Sky,,,Dee Events Center,Ogden,UT,
22649,2022-01-31,21:00,2022,regular,,final,North Carolina Central,Norfolk State,199,196,70,67,,MEAC,MEAC,,,McDougald-McLendon Arena,Durham,NC,
22650,2022-01-31,21:00,2022,regular,,final,Alabama State,Florida A&M,6,85,65,66,,SWAC,SWAC,,,Dunn-Oliver Acadome,Montgomery,AL,
22651,2022-01-31,21:00,2022,regular,,final,Santa Clara,Pacific,261,225,81,59,,WCC,WCC,,,Leavey Center,Santa Clara,CA,
22652,2022-01-31,21:00,2022,regular,,final,Oklahoma,TCU,217,287,63,72,,Big 12,Big 12,,,Lloyd Noble Center,Norman,OK,
22653,2022-01-31,22:00,2022,regular,,final,San Diego State,New Mexico,257,191,72,47,,Mountain West,Mountain West,,,Viejas Arena,San Diego,CA,
22654,2022-01-31,22:30,2022,regular,,final,Portland State,Northern Colorado,231,207,79,76,,Big Sky,Big Sky,,,Viking Pavilion,Portland,OR,
22663,2022-02-01,18:00,2022,regular,,final,Virginia,Boston College,339,26,67,55,,ACC,ACC,,,John Paul Jones Arena,Charlottesville,VA,
22660,2022-02-01,18:30,2022,regular,,final,UConn,Creighton,314,61,55,59,,Big East,Big East,,,XL Center,Hartford,CT,
22656,2022-02-01,19:00,2022,regular,,final,Iowa State,Kansas,125,131,61,70,,Big 12,Big 12,,,Hilton Coliseum,Ames,IA,
22657,2022-02-01,19:00,2022,regular,,final,Maryland,Michigan State,160,169,63,65,,Big Ten,Big Ten,,,XFINITY Center,College Park,MD,
22661,2022-02-01,19:00,2022,regular,,final,Tennessee,Texas A&M,292,293,90,80,,SEC,SEC,,,Food City Center,Knoxville,TN,
22664,2022-02-01,19:00,2022,regular,,final,Siena,Canisius,264,42,73,65,,Metro,Metro,,,MVP Arena,Albany,NY,
22665,2022-02-01,19:00,2022,regular,,final,Duquesne,Richmond,73,242,57,74,,A-10,A-10,,,UPMC Cooper Fieldhouse,Pittsburgh,PA,
22666,2022-02-01,19:00,2022,regular,,final,St. Bonaventure,Davidson,277,63,76,81,,A-10,A-10,,,Reilly Center,Saint Bonaventure,NY,
22667,2022-02-01,19:00,2022,regular,,final,Western Michigan,Northern Illinois,351,208,56,75,,MAC,MAC,,,University Arena (MI),Kalamazoo,MI,
22668,2022-02-01,19:00,2022,regular,,final,Ohio,Ball State,215,19,87,63,,MAC,MAC,,,Convocation Center (OH),Athens,OH,
22669,2022-02-01,19:00,2022,regular,,final,Eastern Michigan,Toledo,79,300,66,86,,MAC,MAC,,,Gervin GameAbove Center,Ypsilanti,MI,
22670,2022-02-01,19:00,2022,regular,,final,Central Michigan,Bowling Green,45,28,78,74,,MAC,MAC,,,McGuirk Arena,Mount Pleasant,MI,
22671,2022-02-01,19:00,2022,regular,,final,Miami (OH),Kent State,167,134,65,78,,MAC,MAC,,,Millett Hall,Oxford,OH,
22672,2022-02-01,19:00,2022,regular,,final,Mississippi State,South Carolina,174,266,78,64,,SEC,SEC,,,Humphrey Coliseum,Starkville,MS,
22673,2022-02-01,19:00,2022,regular,,final,Northwestern,Rutgers,212,245,79,78,,Big Ten,Big Ten,,,Welsh-Ryan Arena,Evanston,IL,
22674,2022-02-01,20:00,2022,regular,,final,Louisville,North Carolina,150,200,83,90,,ACC,ACC,,,KFC Yum! Center,Louisville,KY,
22675,2022-02-01,20:30,2022,regular,,final,Georgetown,Seton Hall,97,263,63,70,,Big East,Big East,,,Capital One Arena,Washington,DC,
22655,2022-02-01,21:00,2022,regular,,final,Auburn,Alabama,16,5,100,81,,SEC,SEC,,,Neville Arena,Auburn,AL,
22658,2022-02-01,21:00,2022,regular,,final,Texas Tech,Texas,298,295,77,64,,Big 12,Big 12,,,United Supermarkets Arena,Lubbock,TX,
22659,2022-02-01,21:00,2022,regular,,final,St. John's,Providence,279,235,82,86,,Big East,Big East,,,Carnesecca Arena,Queens,NY,
22662,2022-02-01,21:00,2022,regular,,final,LSU,Ole Miss,136,220,72,76,,SEC,SEC,,,Pete Maravich Assembly Center,Baton Rouge,LA,
22676,2022-02-01,21:00,2022,regular,,final,Wichita State,Tulsa,352,304,58,48,,American,American,,,Charles Koch Arena,Wichita,KS,
22677,2022-02-01,21:00,2022,regular,,final,Utah State,Air Force,329,2,73,46,,Mountain West,Mountain West,,,Dee Glen Smith Spectrum,Logan,UT,
22678,2022-02-01,21:00,2022,regular,,final,Michigan,Nebraska,170,188,85,79,,Big Ten,Big Ten,,,Crisler Center,Ann Arbor,MI,
22679,2022-02-01,22:00,2022,regular,,final,Stanford,California,281,40,57,50,,Pac-12,Pac-12,,,Maples Pavilion,Stanford,CA,
22680,2022-02-01,22:00,2022,regular,,final,UC Riverside,UC Davis,309,307,60,65,,Big West,Big West,,,SRC Arena,Riverside,CA,
22681,2022-02-01,22:30,2022,regular,,final,UNLV,Nevada,322,189,69,58,,Mountain West,Mountain West,,,Thomas & Mack Center,Las Vegas,NV,
22682,2022-02-01,23:00,2022,regular,,final,San José State,Fresno State,260,92,43,73,,Mountain West,Mountain West,,,Provident Credit Union Event Center,San Jose,CA,
22689,2022-02-02,15:00,2022,regular,,final,Missouri,Florida,177,87,65,66,,SEC,SEC,,,Mizzou Arena,Columbia,MO,
22690,2022-02-02,18:00,2022,regular,,final,Abilene Christian,Chicago State,1,50,77,73,,UAC,UAC,,,Teague Center,Abilene,TX,
22691,2022-02-02,18:30,2022,regular,,final,UNC Asheville,Longwood,319,147,48,56,,Big South,Big South,,,Kimmel Arena,Asheville,NC,
22692,2022-02-02,18:30,2022,regular,,final,Radford,Charleston Southern,239,47,64,52,,Big South,Big South,,,The Dedmon Center,Radford,VA,
22683,2022-02-02,19:00,2022,regular,,final,Minnesota,Purdue,173,236,73,88,,Big Ten,Big Ten,,,Williams Arena,Minneapolis,MN,
22684,2022-02-02,19:00,2022,regular,,final,Kentucky,Vanderbilt,135,336,77,70,,SEC,SEC,,,Rupp Arena,Lexington,KY,
22688,2022-02-02,19:00,2022,regular,,final,Xavier,Butler,359,34,68,66,,Big East,Big East,,,Cintas Center,Cincinnati,OH,
22693,2022-02-02,19:00,2022,regular,,final,Lafayette,American University,138,8,71,62,,Patriot,Patriot,,,Kirby Sports Center,Easton,PA,
22694,2022-02-02,19:00,2022,regular,,final,Loyola Maryland,Army,152,15,61,57,,Patriot,Patriot,,,Reitz Arena,Baltimore,MD,
22695,2022-02-02,19:00,2022,regular,,final,Colgate,Bucknell,55,32,83,69,,Patriot,Patriot,,,Cotterell Court,Hamilton,NY,
22696,2022-02-02,19:00,2022,regular,,final,East Carolina,Temple,74,289,63,71,,American,American,,,Minges Coliseum,Greenville,NC,
22697,2022-02-02,19:00,2022,regular,,final,Lehigh,Navy,141,187,63,62,,Patriot,Patriot,,,Stabler Arena,Bethlehem,PA,
22698,2022-02-02,19:00,2022,regular,,final,Hampton,South Carolina Upstate,106,268,78,85,,Big South,Big South,,,Convocation Center (VA),Hampton,VA,
22699,2022-02-02,19:00,2022,regular,,final,High Point,Gardner-Webb,109,94,57,65,,Big South,Big South,,,Qubein Center,High Point,NC,
22700,2022-02-02,19:00,2022,regular,,final,Presbyterian,Campbell,233,41,64,58,,Big South,Big South,,,Templeton Center,Clinton,SC,
22701,2022-02-02,19:00,2022,regular,,final,Miami,Notre Dame,168,213,64,68,,ACC,ACC,,,Watsco Center,Coral Gables,FL,
22702,2022-02-02,19:00,2022,regular,,final,Wake Forest,Pittsburgh,342,229,91,75,,ACC,ACC,,,LJVM Coliseum,Winston-Salem,NC,
22703,2022-02-02,19:00,2022,regular,,final,Clemson,Florida State,52,90,75,69,,ACC,ACC,,,Littlejohn Coliseum,Clemson,SC,
22704,2022-02-02,19:00,2022,regular,,final,Vermont,NJIT,337,186,90,67,,Am. East,Am. East,,,Patrick Gymnasium,Burlington,VT,
22705,2022-02-02,19:00,2022,regular,,final,Maine,UMass Lowell,154,318,50,62,,Am. East,Am. East,,,Cross Insurance Center,Bangor,ME,
22706,2022-02-02,19:00,2022,regular,,final,UAlbany,UMBC,306,317,53,59,,Am. East,Am. East,,,Broadview Center,Albany,NY,
22707,2022-02-02,19:00,2022,regular,,final,New Hampshire,Hartford,190,363,70,64,,Am. East,Am. East,,,Lundholm Gymnasium,Durham,NH,
22708,2022-02-02,19:00,2022,regular,,final,Stony Brook,Binghamton,285,24,61,77,,Am. East,Am. East,,,Island FCU Arena,Stony Brook,NY,
22709,2022-02-02,19:00,2022,regular,,final,Indiana State,Drake,122,70,67,85,,MVC,MVC,,,Hulman Center,Terre Haute,IN,
22710,2022-02-02,19:00,2022,regular,,final,George Washington,La Salle,96,137,89,87,,A-10,A-10,,,Charles E. Smith Center,Washington,DC,
22711,2022-02-02,19:00,2022,regular,,final,George Mason,Saint Louis,95,252,90,92,,A-10,A-10,,,EagleBank Arena,Fairfax,VA,
22712,2022-02-02,19:00,2022,regular,,final,Fordham,Rhode Island,91,240,61,55,,A-10,A-10,,,Rose Hill Gym,Bronx,NY,
22713,2022-02-02,19:00,2022,regular,,final,Western Carolina,East Tennessee State,348,75,87,84,,SoCon,SoCon,,,Ramsey Center,Cullowhee,NC,
22714,2022-02-02,19:00,2022,regular,,final,UNC Greensboro,VMI,320,334,65,76,,SoCon,SoCon,,,First Horizon Coliseum,Greensboro,NC,
22715,2022-02-02,19:00,2022,regular,,final,Furman,The Citadel,93,299,102,83,,SoCon,SoCon,,,Timmons Arena,Greenville,SC,
22716,2022-02-02,19:00,2022,regular,,final,Georgia,Arkansas,98,12,73,99,,SEC,SEC,,,Stegeman Coliseum,Athens,GA,
22717,2022-02-02,19:30,2022,regular,,final,Delaware State,Coppin State,67,59,57,59,,MEAC,MEAC,,,Memorial Hall (DE),Dover,DE,
22685,2022-02-02,20:00,2022,regular,,final,Houston,Tulane,113,303,73,62,,American,American,,,Fertitta Center,Houston,TX,
22718,2022-02-02,20:00,2022,regular,,final,UT Rio Grande Valley,Lamar,326,139,93,79,,UAC,UAC,,,UTRGV Fieldhouse,Edinburg,TX,
22719,2022-02-02,20:00,2022,regular,,final,Northern Iowa,Bradley,209,29,78,65,,MVC,MVC,,,McLeod Center,Cedar Falls,IA,
22720,2022-02-02,20:00,2022,regular,,final,Loyola Chicago,Illinois State,151,119,78,64,,MVC,MVC,,,Gentile Arena,Chicago,IL,
22721,2022-02-02,20:00,2022,regular,,final,Samford,Chattanooga,256,49,80,72,,SoCon,SoCon,,,Pete Hanna Center,Homewood,AL,
22686,2022-02-02,21:00,2022,regular,,final,Illinois,Wisconsin,118,355,80,67,,Big Ten,Big Ten,,,State Farm Center,Champaign,IL,
22722,2022-02-02,21:00,2022,regular,,final,NC State,Syracuse,185,286,82,89,,ACC,ACC,,,Lenovo Center,Raleigh,NC,
22723,2022-02-02,21:00,2022,regular,,final,Virginia Tech,Georgia Tech,340,101,81,66,,ACC,ACC,,,Cassell Coliseum,Blacksburg,VA,
22724,2022-02-02,21:00,2022,regular,,final,Kansas State,Oklahoma State,132,218,71,68,,Big 12,Big 12,,,Bramlage Coliseum,Manhattan,KS,
22725,2022-02-02,21:00,2022,regular,,final,Southern Illinois,Missouri State,273,176,54,69,,MVC,MVC,,,Banterra Center,Carbondale,IL,
22726,2022-02-02,21:00,2022,regular,,final,VCU,Dayton,333,64,52,82,,A-10,A-10,,,Siegel Center,Richmond,VA,
22687,2022-02-02,22:00,2022,regular,,final,Marquette,Villanova,157,338,83,73,,Big East,Big East,,,Fiserv Forum,Milwaukee,WI,
22730,2022-02-03,13:30,2022,regular,,final,Bellarmine,Liberty,21,142,53,66,,ASUN,ASUN,,,Freedom Hall (KY),Louisville,KY,
22731,2022-02-03,14:00,2022,regular,,final,Ohio,Eastern Michigan,215,79,81,68,,MAC,MAC,,,Convocation Center (OH),Athens,OH,
22732,2022-02-03,14:00,2022,regular,,final,Morehead State,Tennessee Tech,181,291,75,68,,OVC,OVC,,,Ellis T. Johnson Arena,Morehead,KY,
22733,2022-02-03,17:00,2022,regular,,final,Eastern Kentucky,Kennesaw State,78,133,82,81,,ASUN,ASUN,,,Baptist Health Arena,Richmond,KY,
22734,2022-02-03,17:30,2022,regular,,final,UT Martin,Southeast Missouri State,325,272,84,63,,OVC,OVC,,,Skyhawk Arena,Martin,TN,
22735,2022-02-03,17:30,2022,regular,,final,Austin Peay,Murray State,17,184,53,65,,OVC,OVC,,,Winfield Dunn Center,Clarksville,TN,
22736,2022-02-03,18:00,2022,regular,,final,Georgetown,St. John's,97,279,77,90,,Big East,Big East,,,McDonough Arena,Washington,DC,
22737,2022-02-03,18:00,2022,regular,,final,Texas State,App State,297,9,68,66,,Sun Belt,Sun Belt,,,Strahan Arena at the University Events Center,San Marcos,TX,
22738,2022-02-03,18:00,2022,regular,,final,Delaware,Drexel,66,71,68,76,,CAA,CAA,,,Bob Carpenter Center,Newark,DE,
22739,2022-02-03,18:30,2022,regular,,final,Little Rock,Louisiana,144,148,51,75,,Sun Belt,Sun Belt,,,Jack Stephens Center,Little Rock,AR,
22740,2022-02-03,19:00,2022,regular,,final,Central Michigan,Western Michigan,45,351,65,55,,MAC,MAC,,,McGuirk Arena,Mount Pleasant,MI,
22741,2022-02-03,19:00,2022,regular,,final,UCF,South Florida,312,271,68,49,,American,American,,,Addition Financial Arena,Orlando,FL,
22742,2022-02-03,19:00,2022,regular,,final,Florida International,Southern Miss,89,275,77,67,,CUSA,CUSA,,,Ocean Bank Convocation Center,Miami,FL,
22743,2022-02-03,19:00,2022,regular,,final,Florida Atlantic,Louisiana Tech,86,149,83,73,,CUSA,CUSA,,,Eleanor R. Baldwin Arena,Boca Raton,FL,
22744,2022-02-03,19:00,2022,regular,,final,Charlotte,Western Kentucky,48,350,59,78,,CUSA,CUSA,,,Halton Arena,Charlotte,NC,
22745,2022-02-03,19:00,2022,regular,,final,St. Francis (PA),Bryant,278,31,82,89,,NEC,NEC,,,DeGol Arena,Loretto,PA,
22746,2022-02-03,19:00,2022,regular,,final,St. Francis Brooklyn,Fairleigh Dickinson,364,84,81,64,,NEC,NEC,,,Pope Physical Education Center,Brooklyn,NY,
22747,2022-02-03,19:00,2022,regular,,final,Mount St. Mary's,Merrimack,183,166,69,53,,NEC,NEC,,,Knott Arena,Emmitsburg,MD,
22748,2022-02-03,19:00,2022,regular,,final,Long Island University,Sacred Heart,146,250,79,75,,NEC,NEC,,,Steinberg Wellness Center,Brooklyn,NY,
22749,2022-02-03,19:00,2022,regular,,final,Central Connecticut,Wagner,44,341,52,54,,NEC,NEC,,,Detrick Gymnasium,New Britain,CT,
22750,2022-02-03,19:00,2022,regular,,final,Winthrop,North Carolina A&T,354,198,64,54,,Big South,Big South,,,Winthrop Coliseum,Rock Hill,SC,
22751,2022-02-03,19:00,2022,regular,,final,IU Indianapolis,Youngstown State,115,361,55,61,,Horizon,Horizon,,,Corteva Coliseum,Indianapolis,IN,
22752,2022-02-03,19:00,2022,regular,,final,Georgia Southern,South Alabama,99,265,58,57,,Sun Belt,Sun Belt,,,Hanner Fieldhouse,Statesboro,GA,
22753,2022-02-03,19:00,2022,regular,,final,Georgia State,Troy,100,302,63,67,,Sun Belt,Sun Belt,,,Georgia State Sports Arena,Atlanta,GA,
22754,2022-02-03,19:00,2022,regular,,final,Hofstra,Towson,110,301,68,78,,CAA,CAA,,,David S. Mack Sports and Exhibition Complex,Hempstead,NY,
22755,2022-02-03,19:00,2022,regular,,final,Elon,UNC Wilmington,81,321,78,65,,CAA,CAA,,,Schar Center,Elon,NC,
22756,2022-02-03,19:00,2022,regular,,final,Northeastern,James Madison,205,129,71,76,,CAA,CAA,,,Matthews Arena,Boston,MA,
22757,2022-02-03,19:00,2022,regular,,final,William & Mary,Charleston,353,46,61,84,,CAA,CAA,,,Kaplan Arena,Williamsburg,VA,
22799,2022-02-03,19:00,2022,regular,,cancelled,SMU,Wichita State,248,352,0,0,,American,American,,,Moody Coliseum,Dallas,TX,
22800,2022-02-03,19:00,2022,regular,,scheduled,Cincinnati,Memphis,51,163,0,0,,American,American,,,Fifth Third Arena,Cincinnati,OH,
22801,2022-02-03,19:00,2022,regular,,scheduled,Northern Kentucky,Oakland,210,214,0,0,,Horizon,Horizon,,,Truist Arena,Highland Heights,KY,
22802,2022-02-03,19:00,2022,regular,,scheduled,Wright State,Detroit Mercy,357,69,0,0,,Horizon,Horizon,,,Nutter Center,Dayton,OH,
22758,2022-02-03,19:30,2022,regular,,final,Sam Houston,Utah Tech,255,330,77,53,,UAC,UAC,,,Bernard G. Johnson Coliseum,Huntsville,TX,
22759,2022-02-03,19:30,2022,regular,,final,Stephen F. Austin,Utah Valley,282,332,78,59,,UAC,UAC,,,William R. Johnson Coliseum,Nacogdoches,TX,
22728,2022-02-03,20:00,2022,regular,,final,Arizona,UCLA,11,313,76,66,,Pac-12,Pac-12,,,McKale Memorial Center,Tucson,AZ,
22760,2022-02-03,20:00,2022,regular,,final,Rice,UTSA,241,328,91,78,,CUSA,CUSA,,,Tudor Fieldhouse,Houston,TX,
22761,2022-02-03,20:00,2022,regular,,final,Old Dominion,Marshall,219,158,79,64,,CUSA,CUSA,,,Chartway Arena,Norfolk,VA,
22762,2022-02-03,20:00,2022,regular,,final,Northern Colorado,Portland State,207,231,99,106,,Big Sky,Big Sky,,,Bank of Colorado Arena,Greeley,CO,
22763,2022-02-03,20:00,2022,regular,,final,Houston Christian,Northwestern State,112,211,87,97,,Southland,Southland,,,Sharp Gymnasium,Houston,TX,
22764,2022-02-03,20:00,2022,regular,,final,UIC,Robert Morris,315,244,80,75,,Horizon,Horizon,,,Credit Union 1 Arena,Chicago,IL,
22765,2022-02-03,20:00,2022,regular,,final,Arkansas State,UL Monroe,13,316,59,60,,Sun Belt,Sun Belt,,,First National Bank Arena,Jonesboro,AR,
22766,2022-02-03,20:00,2022,regular,,final,Kansas City,St. Thomas-Minnesota,130,280,81,72,,Summit,Summit,,,Swinney Center,Kansas City,MO,
22767,2022-02-03,20:00,2022,regular,,final,Oral Roberts,Western Illinois,222,349,85,90,,Summit,Summit,,,Mabee Center,Tulsa,OK,
22768,2022-02-03,20:00,2022,regular,,final,North Dakota State,Omaha,202,221,71,64,,Summit,Summit,,,Scheels Center,Fargo,ND,
22769,2022-02-03,20:00,2022,regular,,final,North Dakota,Denver,201,68,79,81,,Summit,Summit,,,Betty Engelstad Sioux Center,Grand Forks,ND,
22798,2022-02-03,20:00,2022,regular,,scheduled,Ohio State,Iowa,216,124,0,0,,Big Ten,Big Ten,,,Schottenstein Center,Columbus,OH,
22803,2022-02-03,20:00,2022,regular,,cancelled,UT Arlington,Coastal Carolina,324,54,0,0,,Sun Belt,Sun Belt,,,College Park Center,Arlington,TX,
22770,2022-02-03,20:15,2022,regular,,final,Lipscomb,Stetson,143,283,71,77,,ASUN,ASUN,,,Allen Arena,Nashville,TN,
22771,2022-02-03,20:30,2022,regular,,final,Texas A&M-Corpus Christi,New Orleans,294,193,70,79,,Southland,Southland,,,American Bank Center,Corpus Christi,TX,
22772,2022-02-03,20:30,2022,regular,,final,McNeese,SE Louisiana,162,246,78,83,,Southland,Southland,,,Legacy Center,Lake Charles,LA,
22773,2022-02-03,20:30,2022,regular,,final,Jacksonville State,North Florida,128,203,76,88,,ASUN,ASUN,,,Pete Mathews Coliseum,Jacksonville,AL,
22804,2022-02-03,20:30,2022,regular,,scheduled,SIU Edwardsville,Eastern Illinois,247,77,0,0,,OVC,OVC,,,First Community Arena,Edwardsville,IL,
22774,2022-02-03,20:45,2022,regular,,final,Central Arkansas,Florida Gulf Coast,43,88,93,95,,ASUN,ASUN,,,Farris Center,Conway,AR,
22727,2022-02-03,21:00,2022,regular,,final,San Diego,Gonzaga,258,102,62,92,,WCC,WCC,,,Jenny Craig Pavilion,San Diego,CA,
22775,2022-02-03,21:00,2022,regular,,final,Utah State,San José State,329,260,78,62,,Mountain West,Mountain West,,,Dee Glen Smith Spectrum,Logan,UT,
22776,2022-02-03,21:00,2022,regular,,final,Wyoming,Boise State,358,25,72,65,,Mountain West,Mountain West,,,Arena-Auditorium,Laramie,WY,
22777,2022-02-03,21:00,2022,regular,,final,Utah,Oregon State,331,224,84,59,,Pac-12,Pac-12,,,Jon M. Huntsman Center,Salt Lake City,UT,
22778,2022-02-03,21:00,2022,regular,,final,Stanford,Washington State,281,344,60,66,,Pac-12,Pac-12,,,Maples Pavilion,Stanford,CA,
22779,2022-02-03,21:00,2022,regular,,final,Incarnate Word,Nicholls,120,195,60,63,,Southland,Southland,,,McDermott Center,San Antonio,TX,
22780,2022-02-03,21:00,2022,regular,,final,Tennessee State,Belmont,290,22,61,88,,OVC,OVC,,,Gentry Center,Nashville,TN,
22781,2022-02-03,21:00,2022,regular,,final,Weber State,Montana,345,179,80,75,,Big Sky,Big Sky,,,Dee Events Center,Ogden,UT,
22782,2022-02-03,21:00,2022,regular,,final,Southern Utah,Idaho,276,117,75,59,,Big Sky,Big Sky,,,America First Events Center,Cedar City,UT,
22783,2022-02-03,21:00,2022,regular,,final,Grand Canyon,Seattle U,104,262,78,66,,UAC,UAC,,,Global Credit Union Arena,Phoenix,AZ,
22784,2022-02-03,21:00,2022,regular,,final,New Mexico State,California Baptist,192,39,68,57,,UAC,UAC,,,Pan American Center,Las Cruces,NM,
22785,2022-02-03,21:00,2022,regular,,final,Santa Clara,Loyola Marymount,261,153,79,60,,WCC,WCC,,,Leavey Center,Santa Clara,CA,
22786,2022-02-03,21:00,2022,regular,,final,North Alabama,Jacksonville,197,127,50,56,,ASUN,ASUN,,,Flowers Hall,Florence,AL,
22805,2022-02-03,21:00,2022,regular,,scheduled,Idaho State,Montana State,116,180,0,0,,Big Sky,Big Sky,,,Reed Gym,Pocatello,ID,
22787,2022-02-03,22:00,2022,regular,,final,Pacific,Pepperdine,225,228,81,76,,WCC,WCC,,,Alex G. Spanos Center,Stockton,CA,
22788,2022-02-03,22:00,2022,regular,,final,Colorado,Oregon,56,223,51,66,,Pac-12,Pac-12,,,CU Events Center,Boulder,CO,
22789,2022-02-03,22:00,2022,regular,,final,Long Beach State,Cal State Bakersfield,145,36,74,65,,Big West,Big West,,,Walter Pyramid,Long Beach,CA,
22790,2022-02-03,22:00,2022,regular,,final,UC Santa Barbara,UC Irvine,311,308,52,53,,Big West,Big West,,,The Thunderdome,Santa Barbara,CA,
22791,2022-02-03,22:00,2022,regular,,final,Cal State Fullerton,Cal Poly,37,35,61,50,,Big West,Big West,,,Titan Gym,Fullerton,CA,
22792,2022-02-03,22:00,2022,regular,,final,Cal State Northridge,UC San Diego,38,310,77,83,,Big West,Big West,,,Premier America Credit Union Arena,Northridge,CA,
22793,2022-02-03,22:00,2022,regular,,final,Sacramento State,Northern Arizona,249,206,61,62,,Big Sky,Big Sky,,,The Nest,Sacramento,CA,
22794,2022-02-03,22:00,2022,regular,,final,BYU,San Francisco,18,259,59,73,,WCC,WCC,,,Marriott Center,Provo,UT,
22729,2022-02-03,23:00,2022,regular,,final,Arizona State,USC,10,323,53,58,,Pac-12,Pac-12,,,Desert Financial Arena,Tempe,AZ,
22795,2022-02-03,23:00,2022,regular,,final,California,Washington,40,343,63,84,,Pac-12,Pac-12,,,Haas Pavilion,Berkeley,CA,
22796,2022-02-03,23:00,2022,regular,,final,UC Riverside,Hawai'i,309,108,64,59,,Big West,Big West,,,SRC Arena,Riverside,CA,
22797,2022-02-03,23:00,2022,regular,,final,Portland,Saint Mary's,230,253,54,75,,WCC,WCC,,,Chiles Center,Portland,OR,
22806,2022-02-04,17:00,2022,regular,,final,Yale,Dartmouth,360,62,72,69,,Ivy,Ivy,,,John J. Lee Amphitheater,New Haven,CT,
22807,2022-02-04,18:00,2022,regular,,final,Richmond,St. Bonaventure,242,277,71,61,,A-10,A-10,,,Robins Center,Richmond,VA,
22808,2022-02-04,18:00,2022,regular,,final,VMI,Western Carolina,334,348,76,69,,SoCon,SoCon,,,Cameron Hall,Lexington,VA,
22809,2022-02-04,18:30,2022,regular,,final,Akron,Miami (OH),3,167,66,55,,MAC,MAC,,,James A. Rhodes Arena,Akron,OH,
22810,2022-02-04,19:00,2022,regular,,final,Northern Kentucky,Oakland,210,214,87,78,,Horizon,Horizon,,,Truist Arena,Highland Heights,KY,Make-up from 2/3
22811,2022-02-04,19:00,2022,regular,,final,Wright State,Detroit Mercy,357,69,90,59,,Horizon,Horizon,,,Nutter Center,Dayton,OH,Make-up from 2/3
22812,2022-02-04,19:00,2022,regular,,final,Seton Hall,Creighton,263,61,74,55,,Big East,Big East,,,Prudential Center,Newark,NJ,
22813,2022-02-04,19:00,2022,regular,,final,Cornell,Princeton,60,234,88,83,,Ivy,Ivy,,,Newman Arena,Ithaca,NY,
22814,2022-02-04,19:00,2022,regular,,final,Columbia,Pennsylvania,58,227,66,81,,Ivy,Ivy,,,Levien Gymnasium,New York,NY,
22815,2022-02-04,19:00,2022,regular,,final,Brown,Harvard,30,107,50,65,,Ivy,Ivy,,,Pizzitola Sports Center,Providence,RI,
22816,2022-02-04,19:00,2022,regular,,final,Purdue Fort Wayne,Milwaukee,237,172,70,60,,Horizon,Horizon,,,Memorial Coliseum (IN),Fort Wayne,IN,
22817,2022-02-04,19:00,2022,regular,,final,Cleveland State,Green Bay,53,105,85,69,,Horizon,Horizon,,,Wolstein Center,Cleveland,OH,
22818,2022-02-04,19:00,2022,regular,,final,Saint Peter's,Quinnipiac,254,238,83,74,,Metro,Metro,,,Yanitelli Center,Jersey City,NJ,
22819,2022-02-04,19:00,2022,regular,,final,Siena,Rider,264,243,60,74,,Metro,Metro,,,MVP Arena,Albany,NY,
22820,2022-02-04,19:00,2022,regular,,final,Canisius,Iona,42,123,62,70,,Metro,Metro,,,Koessler Athletic Center,Buffalo,NY,
22821,2022-02-04,19:00,2022,regular,,final,Niagara,Manhattan,194,155,80,74,,Metro,Metro,,,Gallagher Center,Niagara Falls,NY,
22822,2022-02-04,19:00,2022,regular,,final,Monmouth,Fairfield,178,83,59,56,,Metro,Metro,,,OceanFirst Bank Center,West Long Branch,NJ,
22823,2022-02-04,21:00,2022,regular,,final,Ball State,Toledo,19,300,93,83,,MAC,MAC,,,Worthen Arena,Muncie,IN,
22824,2022-02-04,21:00,2022,regular,,final,Colorado State,San Diego State,57,257,58,57,,Mountain West,Mountain West,,,Moby Arena,Fort Collins,CO,
22825,2022-02-04,23:00,2022,regular,,final,Fresno State,Nevada,92,189,73,56,,Mountain West,Mountain West,,,Save Mart Center,Fresno,CA,
22835,2022-02-05,12:00,2022,regular,,final,Villanova,UConn,338,314,85,74,,Big East,Big East,,,Wells Fargo Center,Philadelphia,PA,
22838,2022-02-05,12:00,2022,regular,,final,Indiana,Illinois,121,118,57,74,,Big Ten,Big Ten,,,Simon Skjodt Assembly Hall,Bloomington,IN,
22843,2022-02-05,12:00,2022,regular,,final,Butler,St. John's,34,279,72,75,,Big East,Big East,,,Hinkle Fieldhouse,Indianapolis,IN,
22844,2022-02-05,12:00,2022,regular,,final,Florida State,Wake Forest,90,342,60,68,,ACC,ACC,,,Tucker Center,Tallahassee,FL,
22845,2022-02-05,12:00,2022,regular,,final,Oklahoma State,Oklahoma,218,217,64,55,,Big 12,Big 12,,,Gallagher-Iba Arena,Stillwater,OK,
22846,2022-02-05,12:00,2022,regular,,final,IU Indianapolis,Robert Morris,115,244,49,66,,Horizon,Horizon,,,Corteva Coliseum,Indianapolis,IN,
22847,2022-02-05,12:00,2022,regular,,final,Chattanooga,Mercer,49,164,77,68,,SoCon,SoCon,,,McKenzie Arena,Chattanooga,TN,
22848,2022-02-05,12:00,2022,regular,,final,Furman,UNC Greensboro,93,320,56,58,,SoCon,SoCon,,,Timmons Arena,Greenville,SC,
22826,2022-02-05,13:00,2022,regular,,final,Georgia,Auburn,98,16,72,74,,SEC,SEC,,,Stegeman Coliseum,Athens,GA,
22841,2022-02-05,13:00,2022,regular,,final,South Carolina,Tennessee,266,292,57,81,,SEC,SEC,,,Colonial Life Arena,Columbia,SC,
22849,2022-02-05,13:00,2022,regular,,final,Army,Holy Cross,15,111,65,69,,Patriot,Patriot,,,Christl Arena,West Point,NY,
22850,2022-02-05,13:00,2022,regular,,final,Wagner,Long Island University,341,146,79,64,,NEC,NEC,,,Spiro Sports Center,Staten Island,NY,
22851,2022-02-05,13:00,2022,regular,,final,Central Connecticut,Fairleigh Dickinson,44,84,91,82,,NEC,NEC,,,Detrick Gymnasium,New Britain,CT,
22852,2022-02-05,13:00,2022,regular,,final,UMass Lowell,Vermont,318,337,67,78,,Am. East,Am. East,,,Costello Athletic Center,Lowell,MA,
22853,2022-02-05,13:00,2022,regular,,final,Saint Joseph's,Fordham,251,91,72,69,,A-10,A-10,,,Michael J. Hagan '85 Arena,Philadelphia,PA,
22854,2022-02-05,13:00,2022,regular,,final,The Citadel,Samford,299,256,107,93,,SoCon,SoCon,,,McAlister Field House,Charleston,SC,
22855,2022-02-05,13:00,2022,regular,,final,Nebraska,Northwestern,188,212,63,87,,Big Ten,Big Ten,,,Pinnacle Bank Arena,Lincoln,NE,
22837,2022-02-05,14:00,2022,regular,,final,West Virginia,Texas Tech,347,298,53,60,,Big 12,Big 12,,,WVU Coliseum,Morgantown,WV,
22839,2022-02-05,14:00,2022,regular,,final,Texas,Iowa State,295,125,63,41,,Big 12,Big 12,,,Frank Erwin Center,Austin,TX,
22840,2022-02-05,14:00,2022,regular,,final,Xavier,DePaul,359,65,65,69,,Big East,Big East,,,Cintas Center,Cincinnati,OH,
22856,2022-02-05,14:00,2022,regular,,final,Lafayette,Bucknell,138,32,74,72,,Patriot,Patriot,,,Kirby Sports Center,Easton,PA,
22857,2022-02-05,14:00,2022,regular,,final,Temple,Tulsa,289,304,67,58,,American,American,,,Liacouras Center,Philadelphia,PA,
22858,2022-02-05,14:00,2022,regular,,final,Tulane,East Carolina,303,74,86,66,,American,American,,,Devlin Fieldhouse,New Orleans,LA,
22859,2022-02-05,14:00,2022,regular,,final,Lehigh,Boston University,141,27,74,80,,Patriot,Patriot,,,Stabler Arena,Bethlehem,PA,
22860,2022-02-05,14:00,2022,regular,,final,St. Francis (PA),Merrimack,278,166,64,65,,NEC,NEC,,,DeGol Arena,Loretto,PA,
22861,2022-02-05,14:00,2022,regular,,final,Gardner-Webb,North Carolina A&T,94,198,69,62,,Big South,Big South,,,Paul Porter Arena,Boiling Springs,NC,
22862,2022-02-05,14:00,2022,regular,,final,Syracuse,Louisville,286,150,92,69,,ACC,ACC,,,JMA Wireless Dome,Syracuse,NY,
22863,2022-02-05,14:00,2022,regular,,final,Georgia Tech,Clemson,101,52,69,64,,ACC,ACC,,,McCamish Pavilion,Atlanta,GA,
22864,2022-02-05,14:00,2022,regular,,final,Binghamton,Maine,24,154,69,60,,Am. East,Am. East,,,Events Center (Binghamton),Binghamton,NY,
22865,2022-02-05,14:00,2022,regular,,final,UIC,Youngstown State,315,361,64,66,,Horizon,Horizon,,,Credit Union 1 Arena,Chicago,IL,
22866,2022-02-05,14:00,2022,regular,,final,Georgia State,South Alabama,100,265,69,62,,Sun Belt,Sun Belt,,,Georgia State Sports Arena,Atlanta,GA,
22867,2022-02-05,14:00,2022,regular,,final,Evansville,Bradley,82,29,41,76,,MVC,MVC,,,Ford Center,Evansville,IN,
22868,2022-02-05,14:00,2022,regular,,final,Rhode Island,Massachusetts,240,161,67,78,,A-10,A-10,,,Thomas M. Ryan Center,Kingston,RI,
22869,2022-02-05,14:00,2022,regular,,final,La Salle,George Mason,137,95,83,78,,A-10,A-10,,,Tom Gola Arena,Philadelphia,PA,
22870,2022-02-05,14:00,2022,regular,,final,Saint Louis,Dayton,252,64,72,61,,A-10,A-10,,,Chaifetz Arena,St. Louis,MO,
22871,2022-02-05,14:00,2022,regular,,final,George Washington,Davidson,96,63,73,78,,A-10,A-10,,,Charles E. Smith Center,Washington,DC,
22872,2022-02-05,14:00,2022,regular,,final,North Dakota State,Denver,202,68,73,65,,Summit,Summit,,,Scheels Center,Fargo,ND,
22873,2022-02-05,14:00,2022,regular,,final,North Dakota,Omaha,201,221,92,85,,Summit,Summit,,,Betty Engelstad Sioux Center,Grand Forks,ND,
22874,2022-02-05,14:00,2022,regular,,final,Wofford,East Tennessee State,356,75,62,60,,SoCon,SoCon,,,Jerry Richardson Indoor Stadium,Spartanburg,SC,
22875,2022-02-05,14:00,2022,regular,,final,Hofstra,James Madison,110,129,85,78,,CAA,CAA,,,David S. Mack Sports and Exhibition Complex,Hempstead,NY,
22876,2022-02-05,14:00,2022,regular,,final,Northeastern,Towson,205,301,58,53,,CAA,CAA,,,Matthews Arena,Boston,MA,
22877,2022-02-05,14:00,2022,regular,,final,Ohio,Western Michigan,215,351,77,64,,MAC,MAC,,,Convocation Center (OH),Athens,OH,
22878,2022-02-05,14:00,2022,regular,,final,Kent State,Eastern Michigan,134,79,90,71,,MAC,MAC,,,M.A.C. Center,Kent,OH,
22829,2022-02-05,14:30,2022,regular,,final,Purdue,Michigan,236,170,82,76,,Big Ten,Big Ten,,,Mackey Arena,West Lafayette,IN,
22879,2022-02-05,15:00,2022,regular,,final,Rice,UTEP,241,327,70,72,,CUSA,CUSA,,,Tudor Fieldhouse,Houston,TX,
22880,2022-02-05,15:00,2022,regular,,final,Stephen F. Austin,Utah Tech,282,330,81,52,,UAC,UAC,,,William R. Johnson Coliseum,Nacogdoches,TX,
22881,2022-02-05,15:00,2022,regular,,final,Sam Houston,Utah Valley,255,332,54,57,,UAC,UAC,,,Bernard G. Johnson Coliseum,Huntsville,TX,
22882,2022-02-05,15:00,2022,regular,,final,NC State,Notre Dame,185,213,57,69,,ACC,ACC,,,Lenovo Center,Raleigh,NC,
22883,2022-02-05,15:00,2022,regular,,final,Little Rock,UL Monroe,144,316,72,75,,Sun Belt,Sun Belt,,,Jack Stephens Center,Little Rock,AR,
22884,2022-02-05,15:30,2022,regular,,final,Grambling,Alabama State,103,6,72,80,,SWAC,SWAC,,,Fredrick C. Hobdy Assembly Center,Grambling,LA,
22885,2022-02-05,15:30,2022,regular,,final,Florida,Ole Miss,87,220,62,57,,SEC,SEC,,,Stephen C. O'Connell Center,Gainesville,FL,
22832,2022-02-05,16:00,2022,regular,,final,Kansas,Baylor,131,20,83,59,,Big 12,Big 12,,,Allen Fieldhouse,Lawrence,KS,
22836,2022-02-05,16:00,2022,regular,,final,Rutgers,Michigan State,245,169,84,63,,Big Ten,Big Ten,,,Jersey Mike’s Arena,Piscataway,NJ,
22886,2022-02-05,16:00,2022,regular,,final,North Carolina Central,Coppin State,199,59,69,68,,MEAC,MEAC,,,McDougald-McLendon Arena,Durham,NC,
22887,2022-02-05,16:00,2022,regular,,final,Howard,Maryland Eastern Shore,114,159,72,64,,MEAC,MEAC,,,Burr Gymnasium,Washington,DC,
22888,2022-02-05,16:00,2022,regular,,final,American University,Colgate,8,55,68,86,,Patriot,Patriot,,,Bender Arena,Washington,DC,
22889,2022-02-05,16:00,2022,regular,,final,California,Washington State,40,344,64,68,,Pac-12,Pac-12,,,Haas Pavilion,Berkeley,CA,
22890,2022-02-05,16:00,2022,regular,,final,UC Santa Barbara,UC San Diego,311,310,84,48,,Big West,Big West,,,The Thunderdome,Santa Barbara,CA,
22891,2022-02-05,16:00,2022,regular,,final,Bethune-Cookman,Prairie View A&M,23,232,68,67,,SWAC,SWAC,,,Moore Gymnasium (FL),Daytona Beach,FL,
22892,2022-02-05,16:00,2022,regular,,final,UAB,Middle Tennessee,305,171,97,75,,CUSA,CUSA,,,Bartow Arena,Birmingham,AL,
22893,2022-02-05,16:00,2022,regular,,final,Florida Atlantic,Southern Miss,86,275,84,57,,CUSA,CUSA,,,Eleanor R. Baldwin Arena,Boca Raton,FL,
22894,2022-02-05,16:00,2022,regular,,final,Charlotte,Marshall,48,158,88,64,,CUSA,CUSA,,,Halton Arena,Charlotte,NC,
22895,2022-02-05,16:00,2022,regular,,final,Northern Arizona,Northern Colorado,206,207,71,74,,Big Sky,Big Sky,,,J. Lawrence Walkup Skydome,Flagstaff,AZ,
22896,2022-02-05,16:00,2022,regular,,final,Abilene Christian,UT Rio Grande Valley,1,326,83,66,,UAC,UAC,,,Teague Center,Abilene,TX,
22897,2022-02-05,16:00,2022,regular,,final,St. Francis Brooklyn,Sacred Heart,364,250,62,66,,NEC,NEC,,,Pope Physical Education Center,Brooklyn,NY,
22898,2022-02-05,16:00,2022,regular,,final,Mount St. Mary's,Bryant,183,31,61,62,,NEC,NEC,,,Knott Arena,Emmitsburg,MD,
22899,2022-02-05,16:00,2022,regular,,final,South Carolina Upstate,Campbell,268,41,71,80,,Big South,Big South,,,G.B. Hodge Center,Spartanburg,SC,
22900,2022-02-05,16:00,2022,regular,,final,Hartford,UAlbany,363,306,52,71,,Am. East,Am. East,,,Chase Arena,West Hartford,CT,
22901,2022-02-05,16:00,2022,regular,,final,Georgia Southern,Troy,99,302,52,61,,Sun Belt,Sun Belt,,,Hanner Fieldhouse,Statesboro,GA,
22902,2022-02-05,16:00,2022,regular,,final,VCU,Duquesne,333,73,71,62,,A-10,A-10,,,Siegel Center,Richmond,VA,
22903,2022-02-05,16:00,2022,regular,,final,Elon,Charleston,81,46,64,66,,CAA,CAA,,,Schar Center,Elon,NC,
22904,2022-02-05,16:00,2022,regular,,final,William & Mary,UNC Wilmington,353,321,70,92,,CAA,CAA,,,Kaplan Arena,Williamsburg,VA,
22905,2022-02-05,16:00,2022,regular,,final,Texas A&M,Missouri,293,177,66,70,,SEC,SEC,,,Reed Arena,College Station,TX,
22906,2022-02-05,16:15,2022,regular,,final,Central Arkansas,Stetson,43,283,79,75,,ASUN,ASUN,,,Farris Center,Conway,AR,
22907,2022-02-05,16:25,2022,regular,,final,Morehead State,Austin Peay,181,17,77,52,,OVC,OVC,,,Ellis T. Johnson Arena,Morehead,KY,
22908,2022-02-05,16:30,2022,regular,,final,UT Martin,Tennessee State,325,290,61,69,,OVC,OVC,,,Skyhawk Arena,Martin,TN,
22909,2022-02-05,16:30,2022,regular,,final,Florida A&M,Texas Southern,85,296,55,67,,SWAC,SWAC,,,Al Lawson Center,Tallahassee,FL,
22910,2022-02-05,16:30,2022,regular,,final,North Alabama,North Florida,197,203,58,71,,ASUN,ASUN,,,Flowers Hall,Florence,AL,
22911,2022-02-05,16:30,2022,regular,,final,Central Michigan,Buffalo,45,33,54,74,,MAC,MAC,,,McGuirk Arena,Mount Pleasant,MI,
22831,2022-02-05,17:00,2022,regular,,final,Arizona,USC,11,323,72,63,,Pac-12,Pac-12,,,McKale Memorial Center,Tucson,AZ,
22912,2022-02-05,17:00,2022,regular,,final,Mississippi Valley State,Jackson State,175,126,65,69,,SWAC,SWAC,,,R.W. Harrison HPER Complex,Itta Bena,MS,
22913,2022-02-05,17:00,2022,regular,,final,Southeast Missouri State,Eastern Illinois,272,77,63,56,,OVC,OVC,,,Show Me Center,Cape Girardeau,MO,
22914,2022-02-05,17:00,2022,regular,,final,Loyola Maryland,Navy,152,187,55,56,,Patriot,Patriot,,,Reitz Arena,Baltimore,MD,
22915,2022-02-05,17:00,2022,regular,,final,Incarnate Word,New Orleans,120,193,78,70,,Southland,Southland,,,McDermott Center,San Antonio,TX,
22916,2022-02-05,17:00,2022,regular,,final,McNeese,Northwestern State,162,211,93,84,,Southland,Southland,,,Legacy Center,Lake Charles,LA,
22917,2022-02-05,17:00,2022,regular,,final,Radford,Presbyterian,239,233,70,78,,Big South,Big South,,,The Dedmon Center,Radford,VA,
22918,2022-02-05,17:00,2022,regular,,final,Virginia,Miami,339,168,71,58,,ACC,ACC,,,John Paul Jones Arena,Charlottesville,VA,
22919,2022-02-05,17:00,2022,regular,,final,Lipscomb,Florida Gulf Coast,143,88,68,77,,ASUN,ASUN,,,Allen Arena,Nashville,TN,
22920,2022-02-05,17:00,2022,regular,,final,Arkansas State,Louisiana,13,148,67,58,,Sun Belt,Sun Belt,,,First National Bank Arena,Jonesboro,AR,
22921,2022-02-05,17:00,2022,regular,,final,Bowling Green,Northern Illinois,28,208,87,65,,MAC,MAC,,,Stroh Center,Bowling Green,OH,
22922,2022-02-05,17:30,2022,regular,,final,Hampton,Winthrop,106,354,57,69,,Big South,Big South,,,Convocation Center (VA),Hampton,VA,
22923,2022-02-05,17:30,2022,regular,,final,Charleston Southern,Longwood,47,147,67,69,,Big South,Big South,,,Buccaneer Fieldhouse,Charleston,SC,
22924,2022-02-05,17:30,2022,regular,,final,Jacksonville State,Jacksonville,128,127,64,58,,ASUN,ASUN,,,Pete Mathews Coliseum,Jacksonville,AL,
22833,2022-02-05,18:00,2022,regular,,final,North Carolina,Duke,200,72,67,87,,ACC,ACC,,,Dean E. Smith Center,Chapel Hill,NC,
22834,2022-02-05,18:00,2022,regular,,final,Wisconsin,Penn State,355,226,51,49,,Big Ten,Big Ten,,,Kohl Center,Madison,WI,
22842,2022-02-05,18:00,2022,regular,,final,Vanderbilt,LSU,336,136,75,66,,SEC,SEC,,,Memorial Gymnasium (TN),Nashville,TN,
22925,2022-02-05,18:00,2022,regular,,final,Wichita State,SMU,352,248,72,57,,American,American,,,Charles Koch Arena,Wichita,KS,
22926,2022-02-05,18:00,2022,regular,,final,Colorado,Oregon State,56,224,86,63,,Pac-12,Pac-12,,,CU Events Center,Boulder,CO,
22927,2022-02-05,18:00,2022,regular,,final,North Texas,UTSA,204,328,69,45,,CUSA,CUSA,,,The Super Pit,Denton,TX,
22928,2022-02-05,18:00,2022,regular,,final,New Mexico State,Seattle U,192,262,79,64,,UAC,UAC,,,Pan American Center,Las Cruces,NM,
22929,2022-02-05,18:00,2022,regular,,final,Cornell,Pennsylvania,60,227,68,73,,Ivy,Ivy,,,Newman Arena,Ithaca,NY,
22930,2022-02-05,18:00,2022,regular,,final,Brown,Dartmouth,30,62,62,60,,Ivy,Ivy,,,Pizzitola Sports Center,Providence,RI,
22931,2022-02-05,18:00,2022,regular,,final,Texas State,Coastal Carolina,297,54,69,64,,Sun Belt,Sun Belt,,,Strahan Arena at the University Events Center,San Marcos,TX,
22932,2022-02-05,18:00,2022,regular,,final,UT Arlington,App State,324,9,61,70,,Sun Belt,Sun Belt,,,College Park Center,Arlington,TX,
22933,2022-02-05,18:00,2022,regular,,final,Drake,Northern Iowa,70,209,69,74,,MVC,MVC,,,Knapp Center,Des Moines,IA,
22934,2022-02-05,18:00,2022,regular,,final,Utah State,UNLV,329,322,90,75,,Mountain West,Mountain West,,,Dee Glen Smith Spectrum,Logan,UT,
22935,2022-02-05,18:00,2022,regular,,final,Boise State,San José State,25,260,76,60,,Mountain West,Mountain West,,,ExtraMile Arena,Boise,ID,
22936,2022-02-05,18:30,2022,regular,,final,Southern,Alabama A&M,274,4,73,64,,SWAC,SWAC,,,F.G. Clark Activity Center,Baton Rouge,LA,
22937,2022-02-05,18:30,2022,regular,,final,Arkansas-Pine Bluff,Alcorn State,14,7,64,70,,SWAC,SWAC,,,H.O. Clemmons Arena,Pine Bluff,AR,
22938,2022-02-05,19:00,2022,regular,,final,Long Beach State,Cal Poly,145,35,78,65,,Big West,Big West,,,Walter Pyramid,Long Beach,CA,
22939,2022-02-05,19:00,2022,regular,,final,Old Dominion,Western Kentucky,219,350,60,77,,CUSA,CUSA,,,Chartway Arena,Norfolk,VA,
22940,2022-02-05,19:00,2022,regular,,final,Florida International,Louisiana Tech,89,149,82,86,,CUSA,CUSA,,,Ocean Bank Convocation Center,Miami,FL,
22941,2022-02-05,19:00,2022,regular,,final,San Diego,Santa Clara,258,261,66,79,,WCC,WCC,,,Jenny Craig Pavilion,San Diego,CA,
22942,2022-02-05,19:00,2022,regular,,final,High Point,UNC Asheville,109,319,91,83,,Big South,Big South,,,Qubein Center,High Point,NC,
22943,2022-02-05,19:00,2022,regular,,final,Pittsburgh,Virginia Tech,229,340,71,76,,ACC,ACC,,,Petersen Events Center,Pittsburgh,PA,
22944,2022-02-05,19:00,2022,regular,,final,Columbia,Princeton,58,234,63,85,,Ivy,Ivy,,,Levien Gymnasium,New York,NY,
22945,2022-02-05,19:00,2022,regular,,final,Yale,Harvard,360,107,58,55,,Ivy,Ivy,,,John J. Lee Amphitheater,New Haven,CT,
22946,2022-02-05,19:00,2022,regular,,final,NJIT,Stony Brook,186,285,65,62,,Am. East,Am. East,,,Joel & Diane Bloom Wellness and Events Center,Newark,NJ,
22947,2022-02-05,19:00,2022,regular,,final,UMBC,New Hampshire,317,190,88,77,,Am. East,Am. East,,,Chesapeake Employers Insurance Arena,Baltimore,MD,
22948,2022-02-05,19:00,2022,regular,,final,Eastern Kentucky,Liberty,78,142,84,91,,ASUN,ASUN,,,Baptist Health Arena,Richmond,KY,
22949,2022-02-05,19:00,2022,regular,,final,Bellarmine,Kennesaw State,21,133,70,75,,ASUN,ASUN,,,Freedom Hall (KY),Louisville,KY,
22950,2022-02-05,19:00,2022,regular,,final,Wright State,Oakland,357,214,75,64,,Horizon,Horizon,,,Nutter Center,Dayton,OH,
22951,2022-02-05,19:00,2022,regular,,final,Northern Kentucky,Detroit Mercy,210,69,68,74,,Horizon,Horizon,,,Truist Arena,Highland Heights,KY,
22952,2022-02-05,19:00,2022,regular,,final,Valparaiso,Indiana State,335,122,79,72,,MVC,MVC,,,Athletics-Recreation Center,Valparaiso,IN,
22830,2022-02-05,20:00,2022,regular,,final,Alabama,Kentucky,5,135,55,66,,SEC,SEC,,,Coleman Coliseum,Tuscaloosa,AL,
22953,2022-02-05,20:00,2022,regular,,final,Memphis,UCF,163,312,88,60,,American,American,,,FedExForum,Memphis,TN,
22954,2022-02-05,20:00,2022,regular,,final,UC Davis,Hawai'i,307,108,68,65,,Big West,Big West,,,University Credit Union Center,Davis,CA,
22955,2022-02-05,20:00,2022,regular,,final,Murray State,SIU Edwardsville,184,247,79,59,,OVC,OVC,,,CFSB Center,Murray,KY,
22956,2022-02-05,20:00,2022,regular,,final,Weber State,Montana State,345,180,57,78,,Big Sky,Big Sky,,,Dee Events Center,Ogden,UT,
22957,2022-02-05,20:00,2022,regular,,final,Idaho State,Montana,116,179,86,63,,Big Sky,Big Sky,,,Reed Gym,Pocatello,ID,
22958,2022-02-05,20:00,2022,regular,,final,Houston Christian,SE Louisiana,112,246,93,80,,Southland,Southland,,,Sharp Gymnasium,Houston,TX,
22959,2022-02-05,20:00,2022,regular,,final,Grand Canyon,California Baptist,104,39,56,50,,UAC,UAC,,,Global Credit Union Arena,Phoenix,AZ,
22960,2022-02-05,20:00,2022,regular,,final,Tarleton State,Chicago State,288,50,57,54,,UAC,UAC,,,Wisdom Gym,Stephenville,TX,
22961,2022-02-05,20:00,2022,regular,,final,Pepperdine,Pacific,228,225,70,64,,WCC,WCC,,,Firestone Fieldhouse,Malibu,CA,
22962,2022-02-05,20:00,2022,regular,,final,Portland,San Francisco,230,259,71,74,,WCC,WCC,,,Chiles Center,Portland,OR,
22963,2022-02-05,20:00,2022,regular,,final,TCU,Kansas State,287,132,63,75,,Big 12,Big 12,,,Schollmaier Arena,Fort Worth,TX,
22964,2022-02-05,20:00,2022,regular,,final,Illinois State,Southern Illinois,119,273,69,75,,MVC,MVC,,,CEFCU Arena,Normal,IL,
22965,2022-02-05,20:00,2022,regular,,final,Oral Roberts,St. Thomas-Minnesota,222,280,88,66,,Summit,Summit,,,Mabee Center,Tulsa,OK,
22966,2022-02-05,20:00,2022,regular,,final,Kansas City,Western Illinois,130,349,91,82,,Summit,Summit,,,Swinney Center,Kansas City,MO,
22967,2022-02-05,20:00,2022,regular,,final,South Dakota,South Dakota State,269,270,79,89,,Summit,Summit,,,Sanford Coyote Sports Center,Vermillion,SD,
22968,2022-02-05,20:00,2022,regular,,final,Air Force,New Mexico,2,191,77,91,,Mountain West,Mountain West,,,Clune Arena,Colorado Springs,CO,
22969,2022-02-05,20:30,2022,regular,,final,Utah,Oregon,331,223,77,80,,Pac-12,Pac-12,,,Jon M. Huntsman Center,Salt Lake City,UT,
22970,2022-02-05,20:30,2022,regular,,final,Tennessee Tech,Belmont,291,22,92,100,,OVC,OVC,,,Hooper Eblen Center,Cookeville,TN,
22971,2022-02-05,20:30,2022,regular,,final,Arkansas,Mississippi State,12,174,63,55,,SEC,SEC,,,Bud Walton Arena,Fayetteville,AR,
22972,2022-02-05,21:00,2022,regular,,final,Southern Utah,Eastern Washington,276,80,84,72,,Big Sky,Big Sky,,,America First Events Center,Cedar City,UT,
22827,2022-02-05,22:00,2022,regular,,final,BYU,Gonzaga,18,102,57,90,,WCC,WCC,,,Marriott Center,Provo,UT,
22828,2022-02-05,22:00,2022,regular,,final,Arizona State,UCLA,10,313,87,84,,Pac-12,Pac-12,,,Desert Financial Arena,Tempe,AZ,
22973,2022-02-05,22:00,2022,regular,,final,Cal State Fullerton,Cal State Bakersfield,37,36,75,61,,Big West,Big West,,,Titan Gym,Fullerton,CA,
22974,2022-02-05,22:00,2022,regular,,final,Cal State Northridge,UC Irvine,38,308,70,75,,Big West,Big West,,,Premier America Credit Union Arena,Northridge,CA,
22975,2022-02-05,22:00,2022,regular,,final,Portland State,Sacramento State,231,249,73,65,,Big Sky,Big Sky,,,Viking Pavilion,Portland,OR,
22976,2022-02-05,22:00,2022,regular,,final,Saint Mary's,Loyola Marymount,253,153,71,60,,WCC,WCC,,,University Credit Union Pavilion,Moraga,CA,
22978,2022-02-06,12:00,2022,regular,,final,Georgetown,Providence,97,235,52,71,,Big East,Big East,,,Capital One Arena,Washington,DC,
22979,2022-02-06,13:00,2022,regular,,final,Ohio State,Maryland,216,160,82,67,,Big Ten,Big Ten,,,Schottenstein Center,Columbus,OH,
22980,2022-02-06,13:00,2022,regular,,final,Niagara,Iona,194,123,80,71,,Metro,Metro,,,Gallagher Center,Niagara Falls,NY,
22981,2022-02-06,13:00,2022,regular,,final,Canisius,Manhattan,42,155,77,70,,Metro,Metro,,,Koessler Athletic Center,Buffalo,NY,
22982,2022-02-06,14:00,2022,regular,,final,Purdue Fort Wayne,Green Bay,237,105,71,55,,Horizon,Horizon,,,Memorial Coliseum (IN),Fort Wayne,IN,
22983,2022-02-06,14:00,2022,regular,,final,Missouri State,Loyola Chicago,176,151,62,71,,MVC,MVC,,,Great Southern Bank Arena,Springfield,MO,
22984,2022-02-06,14:00,2022,regular,,final,Quinnipiac,Monmouth,238,178,63,76,,Metro,Metro,,,M&T Bank Arena,Hamden,CT,
22985,2022-02-06,14:00,2022,regular,,final,Saint Peter's,Marist,254,156,66,50,,Metro,Metro,,,Yanitelli Center,Jersey City,NJ,
22986,2022-02-06,14:00,2022,regular,,final,Fairfield,Siena,83,264,56,62,,Metro,Metro,,,Total Mortgage Arena,Bridgeport,CT,
22987,2022-02-06,15:00,2022,regular,,final,Cleveland State,Milwaukee,53,172,84,71,,Horizon,Horizon,,,Wolstein Center,Cleveland,OH,
22988,2022-02-06,16:00,2022,regular,,final,San Diego State,Nevada,257,189,65,63,,Mountain West,Mountain West,,,Viejas Arena,San Diego,CA,
22989,2022-02-06,16:00,2022,regular,,final,Stanford,Washington,281,343,87,69,,Pac-12,Pac-12,,,Maples Pavilion,Stanford,CA,
22990,2022-02-06,16:00,2022,regular,,final,Miami (OH),Akron,167,3,59,71,,MAC,MAC,,,Millett Hall,Oxford,OH,
22991,2022-02-06,16:30,2022,regular,,final,Iowa,Minnesota,124,173,71,59,,Big Ten,Big Ten,,,Carver-Hawkeye Arena,Iowa City,IA,
22977,2022-02-06,18:00,2022,regular,,final,Cincinnati,Houston,51,113,58,80,,American,American,,,Fifth Third Arena,Cincinnati,OH,
22992,2022-02-06,19:00,2022,regular,,final,Fresno State,Wyoming,92,358,59,61,,Mountain West,Mountain West,,,Save Mart Center,Fresno,CA,
22996,2022-02-07,17:00,2022,regular,,final,Florida International,Charlotte,89,48,68,81,,CUSA,CUSA,,,Ocean Bank Convocation Center,Miami,FL,
22997,2022-02-07,17:00,2022,regular,,final,Hofstra,UNC Wilmington,110,321,73,71,,CAA,CAA,,,David S. Mack Sports and Exhibition Complex,Hempstead,NY,
22998,2022-02-07,18:00,2022,regular,,final,Colgate,Holy Cross,55,111,87,60,,Patriot,Patriot,,,Cotterell Court,Hamilton,NY,
22999,2022-02-07,18:00,2022,regular,,final,UMass Lowell,Hartford,318,363,85,75,,Am. East,Am. East,,,Costello Athletic Center,Lowell,MA,
22994,2022-02-07,19:00,2022,regular,,final,Duke,Virginia,72,339,68,69,,ACC,ACC,,,Cameron Indoor Stadium,Durham,NC,
23000,2022-02-07,19:00,2022,regular,,final,South Florida,Temple,271,289,52,49,,American,American,,,Yuengling Center,Tampa,FL,
23001,2022-02-07,19:00,2022,regular,,final,Hampton,Presbyterian,106,233,74,69,,Big South,Big South,,,Convocation Center (VA),Hampton,VA,
23002,2022-02-07,19:00,2022,regular,,final,Richmond,George Mason,242,95,62,59,,A-10,A-10,,,Robins Center,Richmond,VA,
23003,2022-02-07,19:00,2022,regular,,final,Middle Tennessee,UTSA,171,328,84,75,,CUSA,CUSA,,,Murphy Center,Murfreesboro,TN,
23004,2022-02-07,19:00,2022,regular,,final,Virginia Tech,Pittsburgh,340,229,74,47,,ACC,ACC,,,Cassell Coliseum,Blacksburg,VA,
23005,2022-02-07,19:00,2022,regular,,final,Stony Brook,New Hampshire,285,190,65,67,,Am. East,Am. East,,,Island FCU Arena,Stony Brook,NY,
23006,2022-02-07,19:00,2022,regular,,final,Mercer,Chattanooga,164,49,72,74,,SoCon,SoCon,,,Hawkins Arena,Macon,GA,
23007,2022-02-07,19:00,2022,regular,,final,Western Carolina,UNC Greensboro,348,320,49,68,,SoCon,SoCon,,,Ramsey Center,Cullowhee,NC,
23008,2022-02-07,19:00,2022,regular,,final,Charleston Southern,Toccoa Falls,47,577,97,60,,Big South,,,,Buccaneer Fieldhouse,Charleston,SC,
23009,2022-02-07,19:00,2022,regular,,final,Tennessee Tech,Eastern Illinois,291,77,84,58,,OVC,OVC,,,Hooper Eblen Center,Cookeville,TN,
23010,2022-02-07,19:00,2022,regular,,final,Navy,Lafayette,187,138,68,44,,Patriot,Patriot,,,Alumni Hall (Navy),Annapolis,MD,
23011,2022-02-07,19:00,2022,regular,,final,East Tennessee State,Furman,75,93,75,71,,SoCon,SoCon,,,Freedom Hall (TN),Johnson City,TN,
23012,2022-02-07,19:00,2022,regular,,final,Drexel,James Madison,71,129,72,66,,CAA,CAA,,,Daskalakis Athletic Center,Philadelphia,PA,
23028,2022-02-07,19:00,2022,regular,,cancelled,Detroit Mercy,Rochester University (MI),69,992,0,0,,Horizon,,,,Calihan Hall,Detroit,MI,
23013,2022-02-07,19:30,2022,regular,,final,Belmont,Austin Peay,22,17,72,58,,OVC,OVC,,,Curb Event Center Arena,Nashville,TN,
23014,2022-02-07,19:30,2022,regular,,final,Delaware State,Howard,67,114,64,69,,MEAC,MEAC,,,Memorial Hall (DE),Dover,DE,
23015,2022-02-07,19:30,2022,regular,,final,Bethune-Cookman,Texas Southern,23,296,63,66,,SWAC,SWAC,,,Moore Gymnasium (FL),Daytona Beach,FL,
23016,2022-02-07,19:30,2022,regular,,final,Florida A&M,Prairie View A&M,85,232,61,60,,SWAC,SWAC,,,Al Lawson Center,Tallahassee,FL,
23017,2022-02-07,20:00,2022,regular,,final,South Carolina State,North Carolina Central,267,199,74,68,,MEAC,MEAC,,,Smith-Hammond-Middleton Memorial Center,Orangeburg,SC,
23018,2022-02-07,20:00,2022,regular,,final,Idaho State,Montana State,116,180,54,72,,Big Sky,Big Sky,,,Reed Gym,Pocatello,ID,
23019,2022-02-07,20:00,2022,regular,,final,North Dakota State,South Dakota,202,269,76,74,,Summit,Summit,,,Scheels Center,Fargo,ND,
23020,2022-02-07,20:00,2022,regular,,final,North Texas,UTEP,204,327,66,58,,CUSA,CUSA,,,The Super Pit,Denton,TX,
23021,2022-02-07,20:30,2022,regular,,final,Arkansas-Pine Bluff,Jackson State,14,126,47,60,,SWAC,SWAC,,,H.O. Clemmons Arena,Pine Bluff,AR,
23022,2022-02-07,20:30,2022,regular,,final,Mississippi Valley State,Alcorn State,175,7,71,79,,SWAC,SWAC,,,R.W. Harrison HPER Complex,Itta Bena,MS,
22993,2022-02-07,21:00,2022,regular,,final,Arizona State,Arizona,10,11,79,91,,Pac-12,Pac-12,,,Desert Financial Arena,Tempe,AZ,
22995,2022-02-07,21:00,2022,regular,,final,Texas,Kansas,295,131,79,76,,Big 12,Big 12,,,Frank Erwin Center,Austin,TX,
23023,2022-02-07,21:00,2022,regular,,final,SIU Edwardsville,Southeast Missouri State,247,272,47,76,,OVC,OVC,,,First Community Arena,Edwardsville,IL,
23024,2022-02-07,21:00,2022,regular,,final,Montana,Southern Utah,179,276,78,67,,Big Sky,Big Sky,,,Dahlberg Arena,Missoula,MT,
23025,2022-02-07,21:00,2022,regular,,final,Southern,Alabama State,274,6,72,58,,SWAC,SWAC,,,F.G. Clark Activity Center,Baton Rouge,LA,
23026,2022-02-07,21:00,2022,regular,,final,Grambling,Alabama A&M,103,4,58,50,,SWAC,SWAC,,,Fredrick C. Hobdy Assembly Center,Grambling,LA,
23027,2022-02-07,21:30,2022,regular,,final,Northern Colorado,Northern Arizona,207,206,82,60,,Big Sky,Big Sky,,,Bank of Colorado Arena,Greeley,CO,
23038,2022-02-08,18:00,2022,regular,,final,Florida Atlantic,Old Dominion,86,219,81,62,,CUSA,CUSA,,,Eleanor R. Baldwin Arena,Boca Raton,FL,
23039,2022-02-08,18:00,2022,regular,,final,Howard,Gallaudet,114,682,96,38,,MEAC,,,,Burr Gymnasium,Washington,DC,
23040,2022-02-08,18:00,2022,regular,,final,Clemson,North Carolina,52,200,77,79,,ACC,ACC,,,Littlejohn Coliseum,Clemson,SC,
23035,2022-02-08,18:30,2022,regular,,final,UConn,Marquette,314,157,80,72,,Big East,Big East,,,XL Center,Hartford,CT,
23029,2022-02-08,19:00,2022,regular,,final,Arkansas,Auburn,12,16,80,76,,SEC,SEC,,,Bud Walton Arena,Fayetteville,AR,
23031,2022-02-08,19:00,2022,regular,,final,South Carolina,Kentucky,266,135,76,86,,SEC,SEC,,,Colonial Life Arena,Columbia,SC,
23033,2022-02-08,19:00,2022,regular,,final,Michigan State,Wisconsin,169,355,62,70,,Big Ten,Big Ten,,,Breslin Center,East Lansing,MI,
23041,2022-02-08,19:00,2022,regular,,final,Indiana State,Evansville,122,82,56,65,,MVC,MVC,,,Hulman Center,Terre Haute,IN,
23042,2022-02-08,19:00,2022,regular,,final,Rider,Manhattan,243,155,76,67,,Metro,Metro,,,Alumni Gymnasium (Rider),Lawrenceville,NJ,
23043,2022-02-08,19:00,2022,regular,,final,Monmouth,Marist,178,156,58,83,,Metro,Metro,,,OceanFirst Bank Center,West Long Branch,NJ,
23044,2022-02-08,19:00,2022,regular,,final,St. Bonaventure,Fordham,277,91,76,51,,A-10,A-10,,,Reilly Center,Saint Bonaventure,NY,
23045,2022-02-08,19:00,2022,regular,,final,Liberty,Lipscomb,142,143,78,69,,ASUN,ASUN,,,Liberty Arena,Lynchburg,VA,
23046,2022-02-08,19:00,2022,regular,,final,TCU,Oklahoma State,287,218,77,73,,Big 12,Big 12,,,Schollmaier Arena,Fort Worth,TX,
23047,2022-02-08,19:00,2022,regular,,final,West Virginia,Iowa State,347,125,79,63,,Big 12,Big 12,,,WVU Coliseum,Morgantown,WV,
23048,2022-02-08,19:00,2022,regular,,final,VCU,Rhode Island,333,240,73,64,,A-10,A-10,,,Siegel Center,Richmond,VA,
23049,2022-02-08,19:00,2022,regular,,final,La Salle,Saint Louis,137,252,57,75,,A-10,A-10,,,Tom Gola Arena,Philadelphia,PA,
23050,2022-02-08,19:00,2022,regular,,final,Ball State,Central Michigan,19,45,85,89,,MAC,MAC,,,Worthen Arena,Muncie,IN,
23051,2022-02-08,19:00,2022,regular,,final,Toledo,Ohio,300,215,77,62,,MAC,MAC,,,Savage Arena,Toledo,OH,
23052,2022-02-08,19:00,2022,regular,,final,Miami (OH),Western Michigan,167,351,62,57,,MAC,MAC,,,Millett Hall,Oxford,OH,
23053,2022-02-08,19:00,2022,regular,,final,Kent State,Bowling Green,134,28,76,68,,MAC,MAC,,,M.A.C. Center,Kent,OH,
23054,2022-02-08,19:00,2022,regular,,final,Buffalo,Eastern Michigan,33,79,102,64,,MAC,MAC,,,Alumni Arena,Buffalo,NY,
23055,2022-02-08,19:00,2022,regular,,final,Texas A&M,LSU,293,136,68,76,,SEC,SEC,,,Reed Arena,College Station,TX,
23056,2022-02-08,20:00,2022,regular,,final,Rice,Jarvis Christian,241,846,98,63,,CUSA,,,,Tudor Fieldhouse,Houston,TX,
23057,2022-02-08,20:00,2022,regular,,final,St. Thomas-Minnesota,Kansas City,280,130,67,76,,Summit,Summit,,,Schoenecker Arena,Saint Paul,MN,
23058,2022-02-08,20:00,2022,regular,,final,Tulsa,East Carolina,304,74,71,73,,American,American,,,Reynolds Center,Tulsa,OK,
23059,2022-02-08,20:00,2022,regular,,final,Boston College,Syracuse,26,286,64,73,,ACC,ACC,,,Conte Forum,Chestnut Hill,MA,
23060,2022-02-08,20:00,2022,regular,,final,Northern Illinois,Akron,208,3,64,70,,MAC,MAC,,,NIU Convocation Center,Dekalb,IL,
23034,2022-02-08,20:30,2022,regular,,final,St. John's,Villanova,279,338,69,75,,Big East,Big East,,,Madison Square Garden,New York,NY,
23030,2022-02-08,21:00,2022,regular,,final,Purdue,Illinois,236,118,84,68,,Big Ten,Big Ten,,,Mackey Arena,West Lafayette,IN,
23061,2022-02-08,21:00,2022,regular,,final,UCF,Wichita State,312,352,71,66,,American,American,,,Addition Financial Arena,Orlando,FL,
23062,2022-02-08,21:00,2022,regular,,final,Creighton,Butler,61,34,54,52,,Big East,Big East,,,CHI Health Center Omaha,Omaha,NE,
23063,2022-02-08,21:00,2022,regular,,final,Vanderbilt,Missouri,336,177,70,62,,SEC,SEC,,,Memorial Gymnasium (TN),Nashville,TN,
23064,2022-02-08,21:00,2022,regular,,final,Wyoming,Utah State,358,329,78,76,,Mountain West,Mountain West,,,Arena-Auditorium,Laramie,WY,
23065,2022-02-08,21:00,2022,regular,,final,Penn State,Michigan,226,170,57,58,,Big Ten,Big Ten,,,Bryce Jordan Center,University Park,PA,
23066,2022-02-08,21:00,2022,regular,,final,Northwestern,Indiana,212,121,59,51,,Big Ten,Big Ten,,,Welsh-Ryan Arena,Evanston,IL,
23036,2022-02-08,22:00,2022,regular,,final,USC,Pacific,323,225,74,68,,Pac-12,WCC,,,Galen Center,Los Angeles,CA,
23067,2022-02-08,22:00,2022,regular,,final,San Francisco,Portland,259,230,68,69,,WCC,WCC,,,The Sobrato Center,San Francisco,CA,
23068,2022-02-08,22:00,2022,regular,,final,Long Beach State,Cal State Fullerton,145,37,71,61,,Big West,Big West,,,Walter Pyramid,Long Beach,CA,
23069,2022-02-08,22:00,2022,regular,,final,UNLV,Air Force,322,2,78,44,,Mountain West,Mountain West,,,Thomas & Mack Center,Las Vegas,NV,
23032,2022-02-08,23:00,2022,regular,,final,Stanford,UCLA,281,313,70,79,,Pac-12,Pac-12,,,Maples Pavilion,Stanford,CA,
23037,2022-02-08,23:00,2022,regular,,final,Santa Clara,Saint Mary's,261,253,77,72,,WCC,WCC,,,Leavey Center,Santa Clara,CA,
23070,2022-02-08,23:00,2022,regular,,final,Nevada,Colorado State,189,57,72,82,,Mountain West,Mountain West,,,Lawlor Events Center,Reno,NV,
23077,2022-02-09,17:00,2022,regular,,final,Cornell,Columbia,60,58,88,75,,Ivy,Ivy,,,Newman Arena,Ithaca,NY,
23078,2022-02-09,18:30,2022,regular,,final,UNC Asheville,Hampton,319,106,69,53,,Big South,Big South,,,Kimmel Arena,Asheville,NC,
23079,2022-02-09,18:30,2022,regular,,final,Florida,Georgia,87,98,72,63,,SEC,SEC,,,Stephen C. O'Connell Center,Gainesville,FL,
23071,2022-02-09,19:00,2022,regular,,final,SMU,Houston,248,113,85,83,,American,American,,,Moody Coliseum,Dallas,TX,
23074,2022-02-09,19:00,2022,regular,,final,Rutgers,Ohio State,245,216,66,64,,Big Ten,Big Ten,,,Jersey Mike’s Arena,Piscataway,NJ,
23076,2022-02-09,19:00,2022,regular,,final,Seton Hall,Xavier,263,359,73,71,,Big East,Big East,,,Prudential Center,Newark,NJ,
23080,2022-02-09,19:00,2022,regular,,final,Harvard,Yale,107,360,59,62,,Ivy,Ivy,,,Lavietes Pavilion,Cambridge,MA,
23081,2022-02-09,19:00,2022,regular,,final,Boston University,Army,27,15,75,74,,Patriot,Patriot,,,Case Gym,Boston,MA,
23082,2022-02-09,19:00,2022,regular,,final,Holy Cross,Loyola Maryland,111,152,68,64,,Patriot,Patriot,,,Hart Center,Worcester,MA,
23083,2022-02-09,19:00,2022,regular,,final,South Florida,Cincinnati,271,51,59,70,,American,American,,,Yuengling Center,Tampa,FL,
23084,2022-02-09,19:00,2022,regular,,final,Colgate,Lehigh,55,141,78,62,,Patriot,Patriot,,,Cotterell Court,Hamilton,NY,
23085,2022-02-09,19:00,2022,regular,,final,Bucknell,American University,32,8,68,66,,Patriot,Patriot,,,Sojka Pavilion,Lewisburg,PA,
23086,2022-02-09,19:00,2022,regular,,final,Winthrop,Radford,354,239,58,48,,Big South,Big South,,,Winthrop Coliseum,Rock Hill,SC,
23087,2022-02-09,19:00,2022,regular,,final,Presbyterian,High Point,233,109,70,79,,Big South,Big South,,,Templeton Center,Clinton,SC,
23088,2022-02-09,19:00,2022,regular,,final,North Carolina A&T,Charleston Southern,198,47,62,51,,Big South,Big South,,,Corbett Sports Center,Greensboro,NC,
23089,2022-02-09,19:00,2022,regular,,final,Campbell,Gardner-Webb,41,94,45,57,,Big South,Big South,,,John W. Pope Jr. Convocation Center,Buies Creek,NC,
23090,2022-02-09,19:00,2022,regular,,final,NC State,Wake Forest,185,342,51,69,,ACC,ACC,,,Lenovo Center,Raleigh,NC,
23091,2022-02-09,19:00,2022,regular,,final,Miami,Georgia Tech,168,101,79,70,,ACC,ACC,,,Watsco Center,Coral Gables,FL,
23092,2022-02-09,19:00,2022,regular,,final,Notre Dame,Louisville,213,150,63,57,,ACC,ACC,,,Purcell Pavilion,South Bend,IN,
23093,2022-02-09,19:00,2022,regular,,final,New Hampshire,NJIT,190,186,55,60,,Am. East,Am. East,,,Lundholm Gymnasium,Durham,NH,
23094,2022-02-09,19:00,2022,regular,,final,Stony Brook,UMass Lowell,285,318,87,85,,Am. East,Am. East,,,Island FCU Arena,Stony Brook,NY,
23095,2022-02-09,19:00,2022,regular,,final,UAlbany,Maine,306,154,63,73,,Am. East,Am. East,,,Broadview Center,Albany,NY,
23096,2022-02-09,19:00,2022,regular,,final,UMBC,Hartford,317,363,68,64,,Am. East,Am. East,,,Chesapeake Employers Insurance Arena,Baltimore,MD,
23097,2022-02-09,19:00,2022,regular,,final,Vermont,Binghamton,337,24,82,51,,Am. East,Am. East,,,Patrick Gymnasium,Burlington,VT,
23098,2022-02-09,19:00,2022,regular,,final,North Florida,Bellarmine,203,21,70,73,,ASUN,ASUN,,,UNF Arena,Jacksonville,FL,
23099,2022-02-09,19:00,2022,regular,,final,Jacksonville,Eastern Kentucky,127,78,81,68,,ASUN,ASUN,,,Swisher Gymnasium,Jacksonville,FL,
23100,2022-02-09,19:00,2022,regular,,final,Youngstown State,Oakland,361,214,78,71,,Horizon,Horizon,,,Beeghly Center,Youngstown,OH,
23101,2022-02-09,19:00,2022,regular,,final,Robert Morris,Detroit Mercy,244,69,62,79,,Horizon,Horizon,,,UPMC Events Center,Moon Township,PA,
23102,2022-02-09,19:00,2022,regular,,final,Massachusetts,George Washington,161,96,68,77,,A-10,A-10,,,Mullins Center,Amherst,MA,
23103,2022-02-09,19:00,2022,regular,,final,George Mason,Richmond,95,242,87,84,,A-10,A-10,,,EagleBank Arena,Fairfax,VA,
23104,2022-02-09,19:00,2022,regular,,final,Dayton,Duquesne,64,73,75,54,,A-10,A-10,,,UD Arena,Dayton,OH,
23105,2022-02-09,19:00,2022,regular,,final,Davidson,Saint Joseph's,63,251,73,67,,A-10,A-10,,,John M. Belk Arena,Davidson,NC,
23106,2022-02-09,19:00,2022,regular,,final,Chattanooga,Western Carolina,49,348,65,47,,SoCon,SoCon,,,McKenzie Arena,Chattanooga,TN,
23107,2022-02-09,19:00,2022,regular,,final,Fairfield,Quinnipiac,83,238,60,69,,Metro,Metro,,,Total Mortgage Arena,Bridgeport,CT,
23108,2022-02-09,19:30,2022,regular,,final,Delaware State,Maryland Eastern Shore,67,159,50,58,,MEAC,MEAC,,,Memorial Hall (DE),Dover,DE,
23109,2022-02-09,19:30,2022,regular,,final,Stetson,Jacksonville State,283,128,63,57,,ASUN,ASUN,,,Edmunds Center,DeLand,FL,
23110,2022-02-09,19:30,2022,regular,,final,Kennesaw State,Central Arkansas,133,43,83,72,,ASUN,ASUN,,,KSU Convocation Center,Kennesaw,GA,
23111,2022-02-09,19:30,2022,regular,,final,Florida Gulf Coast,North Alabama,88,197,92,60,,ASUN,ASUN,,,Alico Arena,Fort Myers,FL,
23073,2022-02-09,20:00,2022,regular,,final,Kansas State,Baylor,132,20,60,75,,Big 12,Big 12,,,Bramlage Coliseum,Manhattan,KS,
23112,2022-02-09,20:00,2022,regular,,final,Memphis,Tulane,163,303,80,69,,American,American,,,FedExForum,Memphis,TN,
23113,2022-02-09,20:00,2022,regular,,final,Green Bay,Wright State,105,357,62,79,,Horizon,Horizon,,,Resch Center,Ashwaubenon,WI,
23114,2022-02-09,20:00,2022,regular,,final,Milwaukee,Northern Kentucky,172,210,39,75,,Horizon,Horizon,,,UW-Milwaukee Panther Arena,Milwaukee,WI,
23115,2022-02-09,20:00,2022,regular,,final,Northern Iowa,Southern Illinois,209,273,53,44,,MVC,MVC,,,McLeod Center,Cedar Falls,IA,
23116,2022-02-09,20:00,2022,regular,,final,Illinois State,Valparaiso,119,335,78,75,,MVC,MVC,,,CEFCU Arena,Normal,IL,
23117,2022-02-09,20:00,2022,regular,,final,Drake,Missouri State,70,176,62,66,,MVC,MVC,,,Knapp Center,Des Moines,IA,
23118,2022-02-09,20:00,2022,regular,,final,Samford,Wofford,256,356,65,60,,SoCon,SoCon,,,Pete Hanna Center,Homewood,AL,
23119,2022-02-09,20:30,2022,regular,,final,Ole Miss,Alabama,220,5,83,97,,SEC,SEC,,,The Sandy and John Black Pavilion at Ole Miss,Oxford,MS,
23072,2022-02-09,21:00,2022,regular,,final,Oklahoma,Texas Tech,217,298,70,55,,Big 12,Big 12,,,Lloyd Noble Center,Norman,OK,
23075,2022-02-09,21:00,2022,regular,,final,Mississippi State,Tennessee,174,292,63,72,,SEC,SEC,,,Humphrey Coliseum,Starkville,MS,
23120,2022-02-09,21:00,2022,regular,,final,DePaul,Georgetown,65,97,82,74,,Big East,Big East,,,Wintrust Arena,Chicago,IL,
23121,2022-02-09,21:00,2022,regular,,final,Florida State,Pittsburgh,90,229,51,56,,ACC,ACC,,,Tucker Center,Tallahassee,FL,
23122,2022-02-09,21:00,2022,regular,,final,Bradley,Loyola Chicago,29,151,68,61,,MVC,MVC,,,Carver Arena,Peoria,IL,
23123,2022-02-09,21:00,2022,regular,,final,Nebraska,Minnesota,188,173,78,65,,Big Ten,Big Ten,,,Pinnacle Bank Arena,Lincoln,NE,
23124,2022-02-09,23:00,2022,regular,,final,Oregon State,California,224,40,61,63,,Pac-12,Pac-12,,,Gill Coliseum,Corvallis,OR,
23125,2022-02-09,23:00,2022,regular,,final,San José State,San Diego State,260,257,62,72,,Mountain West,Mountain West,,,Provident Credit Union Event Center,San Jose,CA,
23132,2022-02-10,17:00,2022,regular,,final,Wagner,Mount St. Mary's,341,183,69,57,,NEC,NEC,,,Spiro Sports Center,Staten Island,NY,
23133,2022-02-10,17:00,2022,regular,,final,Towson,William & Mary,301,353,75,60,,CAA,CAA,,,TU Arena,Towson,MD,
23134,2022-02-10,18:00,2022,regular,,final,North Carolina Central,Warren Wilson,199,918,115,43,,MEAC,,,,McDougald-McLendon Arena,Durham,NC,
23135,2022-02-10,18:30,2022,regular,,final,App State,Georgia Southern,9,99,65,61,,Sun Belt,Sun Belt,,,Holmes Convocation Center,Boone,NC,
23136,2022-02-10,19:00,2022,regular,,final,Central Michigan,Ohio,45,215,72,81,,MAC,MAC,,,McGuirk Arena,Mount Pleasant,MI,
23137,2022-02-10,19:00,2022,regular,,final,Evansville,Indiana State,82,122,77,80,,MVC,MVC,,,Ford Center,Evansville,IN,
23138,2022-02-10,19:00,2022,regular,,final,UAB,Southern Miss,305,275,84,63,,CUSA,CUSA,,,Bartow Arena,Birmingham,AL,
23139,2022-02-10,19:00,2022,regular,,final,Middle Tennessee,Old Dominion,171,219,63,48,,CUSA,CUSA,,,Murphy Center,Murfreesboro,TN,
23140,2022-02-10,19:00,2022,regular,,final,Marshall,Florida International,158,89,71,72,,CUSA,CUSA,,,Cam Henderson Center,Huntington,WV,
23141,2022-02-10,19:00,2022,regular,,final,Charlotte,Louisiana Tech,48,149,77,82,,CUSA,CUSA,,,Halton Arena,Charlotte,NC,
23142,2022-02-10,19:00,2022,regular,,final,Sacred Heart,Bryant,250,31,86,99,,NEC,NEC,,,William H. Pitt Center,Fairfield,CT,
23143,2022-02-10,19:00,2022,regular,,final,Merrimack,Central Connecticut,166,44,57,60,,NEC,NEC,,,Hammel Court,North Andover,MA,
23144,2022-02-10,19:00,2022,regular,,final,Long Island University,St. Francis Brooklyn,146,364,74,69,,NEC,NEC,,,Steinberg Wellness Center,Brooklyn,NY,
23145,2022-02-10,19:00,2022,regular,,final,Fairleigh Dickinson,St. Francis (PA),84,278,65,78,,NEC,NEC,,,Bogota Savings Bank Center,Hackensack,NJ,
23146,2022-02-10,19:00,2022,regular,,final,Longwood,South Carolina Upstate,147,268,85,72,,Big South,Big South,,,Willett Hall,Farmville,VA,
23147,2022-02-10,19:00,2022,regular,,final,Cleveland State,UIC,53,315,75,76,,Horizon,Horizon,,,Wolstein Center,Cleveland,OH,
23148,2022-02-10,19:00,2022,regular,,final,Purdue Fort Wayne,IU Indianapolis,237,115,72,57,,Horizon,Horizon,,,Memorial Coliseum (IN),Fort Wayne,IN,
23149,2022-02-10,19:00,2022,regular,,final,Troy,Arkansas State,302,13,79,77,,Sun Belt,Sun Belt,,,Trojan Arena,Troy,AL,
23150,2022-02-10,19:00,2022,regular,,final,Coastal Carolina,Georgia State,54,100,50,61,,Sun Belt,Sun Belt,,,The HTC Center,Conway,SC,
23151,2022-02-10,19:00,2022,regular,,final,Western Illinois,North Dakota State,349,202,81,84,,Summit,Summit,,,Western Hall,Macomb,IL,
23152,2022-02-10,19:00,2022,regular,,final,VMI,Mercer,334,164,85,79,,SoCon,SoCon,,,Cameron Hall,Lexington,VA,
23153,2022-02-10,19:00,2022,regular,,final,UNC Greensboro,The Citadel,320,299,86,66,,SoCon,SoCon,,,First Horizon Coliseum,Greensboro,NC,
23154,2022-02-10,19:00,2022,regular,,final,Drexel,Hofstra,71,110,73,83,,CAA,CAA,,,Daskalakis Athletic Center,Philadelphia,PA,
23155,2022-02-10,19:00,2022,regular,,final,Delaware,Northeastern,66,205,74,61,,CAA,CAA,,,Bob Carpenter Center,Newark,DE,
23156,2022-02-10,19:00,2022,regular,,final,James Madison,Elon,129,81,66,70,,CAA,CAA,,,Atlantic Union Bank Center,Harrisonburg,VA,
23157,2022-02-10,19:00,2022,regular,,final,Maryland,Iowa,160,124,87,110,,Big Ten,Big Ten,,,XFINITY Center,College Park,MD,
23158,2022-02-10,19:30,2022,regular,,final,UL Monroe,UT Arlington,316,324,74,71,,Sun Belt,Sun Belt,,,Fant-Ewing Coliseum,Monroe,LA,
23129,2022-02-10,20:00,2022,regular,,final,Clemson,Duke,52,72,64,82,,ACC,ACC,,,Littlejohn Coliseum,Clemson,SC,
23159,2022-02-10,20:00,2022,regular,,final,Nicholls,Incarnate Word,195,120,69,58,,Southland,Southland,,,David R. Stopher Gymnasium,Thibodaux,LA,
23160,2022-02-10,20:00,2022,regular,,final,SIU Edwardsville,UT Martin,247,325,71,63,,OVC,OVC,,,First Community Arena,Edwardsville,IL,
23161,2022-02-10,20:00,2022,regular,,final,Belmont,Morehead State,22,181,48,47,,OVC,OVC,,,Curb Event Center Arena,Nashville,TN,
23162,2022-02-10,20:00,2022,regular,,final,Western Kentucky,Florida Atlantic,350,86,76,69,,CUSA,CUSA,,,E.A. Diddle Arena,Bowling Green,KY,
23163,2022-02-10,20:00,2022,regular,,final,New Orleans,Texas A&M-Corpus Christi,193,294,78,69,,Southland,Southland,,,Lakefront Arena,New Orleans,LA,
23164,2022-02-10,20:00,2022,regular,,final,Utah Valley,Grand Canyon,332,104,69,79,,UAC,UAC,,,UCCU Center,Orem,UT,
23165,2022-02-10,20:00,2022,regular,,final,Chicago State,Stephen F. Austin,50,282,61,81,,UAC,UAC,,,Jones Convocation Center,Chicago,IL,
23166,2022-02-10,20:00,2022,regular,,final,Louisiana,Texas State,148,297,73,82,,Sun Belt,Sun Belt,,,Cajundome,Lafayette,LA,
23167,2022-02-10,20:00,2022,regular,,final,South Alabama,Little Rock,265,144,77,46,,Sun Belt,Sun Belt,,,Mitchell Center,Mobile,AL,
23168,2022-02-10,20:00,2022,regular,,final,St. Thomas-Minnesota,North Dakota,280,201,70,78,,Summit,Summit,,,Schoenecker Arena,Saint Paul,MN,
23169,2022-02-10,20:00,2022,regular,,final,Omaha,South Dakota,221,269,69,91,,Summit,Summit,,,Baxter Arena,Omaha,NE,
23131,2022-02-10,20:30,2022,regular,,final,Tennessee State,Murray State,290,184,62,73,,OVC,OVC,,,Gentry Center,Nashville,TN,
23170,2022-02-10,20:30,2022,regular,,final,Eastern Illinois,Tennessee Tech,77,291,62,73,,OVC,OVC,,,Groniger Arena,Charleston,IL,
23171,2022-02-10,20:30,2022,regular,,final,Austin Peay,Southeast Missouri State,17,272,74,66,,OVC,OVC,,,Winfield Dunn Center,Clarksville,TN,
23172,2022-02-10,20:30,2022,regular,,final,Northwestern State,Houston Christian,211,112,69,76,,Southland,Southland,,,Prather Coliseum,Natchitoches,LA,
23126,2022-02-10,21:00,2022,regular,,final,Gonzaga,Pacific,102,225,89,51,,WCC,WCC,,,McCarthey Athletic Center,Spokane,WA,
23127,2022-02-10,21:00,2022,regular,,final,Michigan,Purdue,170,236,82,58,,Big Ten,Big Ten,,,Crisler Center,Ann Arbor,MI,
23128,2022-02-10,21:00,2022,regular,,final,Washington State,Arizona,344,11,60,72,,Pac-12,Pac-12,,,Beasley Coliseum,Pullman,WA,
23130,2022-02-10,21:00,2022,regular,,final,Saint Mary's,San Diego,253,258,86,57,,WCC,WCC,,,University Credit Union Pavilion,Moraga,CA,
23173,2022-02-10,21:00,2022,regular,,final,Oregon,Stanford,223,281,68,60,,Pac-12,Pac-12,,,Matthew Knight Arena,Eugene,OR,
23174,2022-02-10,21:00,2022,regular,,final,Montana State,Portland State,180,231,77,74,,Big Sky,Big Sky,,,Worthington Arena,Bozeman,MT,
23175,2022-02-10,21:00,2022,regular,,final,Montana,Northern Arizona,179,206,67,72,,Big Sky,Big Sky,,,Dahlberg Arena,Missoula,MT,
23176,2022-02-10,21:00,2022,regular,,final,Idaho,Idaho State,117,116,70,79,,Big Sky,Big Sky,,,ICCU Arena,Moscow,ID,
23177,2022-02-10,21:00,2022,regular,,final,Eastern Washington,Weber State,80,345,75,67,,Big Sky,Big Sky,,,Reese Court,Cheney,WA,
23178,2022-02-10,21:00,2022,regular,,final,Utah Tech,New Mexico State,330,192,69,77,,UAC,UAC,,,Burns Arena,St. George,UT,
23179,2022-02-10,21:00,2022,regular,,final,Denver,South Dakota State,68,270,61,84,,Summit,Summit,,,Hamilton Gymnasium,Denver,CO,
23180,2022-02-10,21:25,2022,regular,,final,SE Louisiana,McNeese,246,162,91,86,,Southland,Southland,,,Pride Roofing University Center,Hammond,LA,
23181,2022-02-10,22:00,2022,regular,,final,UC Irvine,UC Riverside,308,309,66,56,,Big West,Big West,,,Bren Events Center,Irvine,CA,
23182,2022-02-10,22:00,2022,regular,,final,Cal State Bakersfield,UC Santa Barbara,36,311,62,74,,Big West,Big West,,,Icardo Center,Bakersfield,CA,
23183,2022-02-10,22:00,2022,regular,,final,Cal Poly,Cal State Northridge,35,38,78,83,,Big West,Big West,,,Mott Athletics Center,San Luis Obispo,CA,
23184,2022-02-10,22:00,2022,regular,,final,Sacramento State,Northern Colorado,249,207,61,79,,Big Sky,Big Sky,,,The Nest,Sacramento,CA,
23185,2022-02-10,22:00,2022,regular,,final,California Baptist,Lamar,39,139,83,61,,UAC,UAC,,,Dale E. and Sarah Ann Fowler Events Center,Riverside,CA,
23186,2022-02-10,22:00,2022,regular,,final,Seattle U,UT Rio Grande Valley,262,326,67,59,,UAC,UAC,,,Climate Pledge Arena,Seattle,WA,
23191,2022-02-10,22:00,2022,regular,,cancelled,UC San Diego,UC Davis,310,307,0,0,,Big West,Big West,,,LionTree Arena,San Diego,CA,
23187,2022-02-10,23:00,2022,regular,,final,Washington,Arizona State,343,10,87,64,,Pac-12,Pac-12,,,Alaska Airlines Arena,Seattle,WA,
23188,2022-02-10,23:00,2022,regular,,final,Loyola Marymount,BYU,153,18,82,83,,WCC,WCC,,,Gersten Pavilion,Los Angeles,CA,
23189,2022-02-10,23:00,2022,regular,,final,San Francisco,Pepperdine,259,228,105,61,,WCC,WCC,,,The Sobrato Center,San Francisco,CA,
23190,2022-02-10,23:59,2022,regular,,final,Hawai'i,Long Beach State,108,145,66,73,,Big West,Big West,,,Stan Sheriff Center,Honolulu,HI,
23192,2022-02-11,19:00,2022,regular,,final,Xavier,UConn,359,314,74,68,,Big East,Big East,,,Cintas Center,Cincinnati,OH,
23193,2022-02-11,19:00,2022,regular,,final,Milwaukee,Wright State,172,357,60,57,,Horizon,Horizon,,,UW-Milwaukee Panther Arena,Milwaukee,WI,
23194,2022-02-11,19:00,2022,regular,,final,Robert Morris,Oakland,244,214,68,71,,Horizon,Horizon,,,UPMC Events Center,Moon Township,PA,
23195,2022-02-11,19:00,2022,regular,,final,Youngstown State,Detroit Mercy,361,69,82,69,,Horizon,Horizon,,,Beeghly Center,Youngstown,OH,
23196,2022-02-11,19:00,2022,regular,,final,Saint Peter's,Rider,254,243,49,58,,Metro,Metro,,,Yanitelli Center,Jersey City,NJ,
23197,2022-02-11,19:00,2022,regular,,final,Manhattan,Monmouth,155,178,65,75,,Metro,Metro,,,Draddy Gymnasium,Riverdale,NY,
23198,2022-02-11,19:00,2022,regular,,final,Akron,Kent State,3,134,64,66,,MAC,MAC,,,James A. Rhodes Arena,Akron,OH,
23199,2022-02-11,20:00,2022,regular,,final,Green Bay,Northern Kentucky,105,210,62,71,,Horizon,Horizon,,,Kress Center,Green Bay,WI,
23200,2022-02-11,21:00,2022,regular,,final,New Mexico,Northern New Mexico,191,720,78,46,,Mountain West,,,,The Pit,Albuquerque,NM,
23201,2022-02-11,21:00,2022,regular,,final,Utah State,Nevada,329,189,72,85,,Mountain West,Mountain West,,,Dee Glen Smith Spectrum,Logan,UT,
23202,2022-02-11,21:00,2022,regular,,final,Saint Louis,St. Bonaventure,252,277,61,68,,A-10,A-10,,,Chaifetz Arena,St. Louis,MO,
23203,2022-02-11,21:00,2022,regular,,final,Siena,Iona,264,123,70,64,,Metro,Metro,,,MVP Arena,Albany,NY,
23204,2022-02-11,21:30,2022,regular,,final,Colorado State,Fresno State,57,92,65,50,,Mountain West,Mountain West,,,Moby Arena,Fort Collins,CO,
23205,2022-02-11,23:00,2022,regular,,final,Boise State,UNLV,25,322,69,63,,Mountain West,Mountain West,,,ExtraMile Arena,Boise,ID,
23206,2022-02-12,12:00,2022,regular,,final,Auburn,Texas A&M,16,293,75,58,,SEC,SEC,,,Neville Arena,Auburn,AL,
23214,2022-02-12,12:00,2022,regular,,final,Baylor,Texas,20,295,80,63,,Big 12,Big 12,,,Ferrell Center,Waco,TX,
23224,2022-02-12,12:00,2022,regular,,final,Lehigh,Lafayette,141,138,69,73,,Patriot,Patriot,,,Stabler Arena,Bethlehem,PA,
23225,2022-02-12,12:00,2022,regular,,final,Georgetown,Creighton,97,61,66,80,,Big East,Big East,,,Capital One Arena,Washington,DC,
23226,2022-02-12,12:00,2022,regular,,final,Massachusetts,Saint Joseph's,161,251,69,67,,A-10,A-10,,,Mullins Center,Amherst,MA,
23227,2022-02-12,12:00,2022,regular,,final,Alabama,Arkansas,5,12,68,67,,SEC,SEC,,,Coleman Coliseum,Tuscaloosa,AL,
23212,2022-02-12,13:00,2022,regular,,final,Kansas,Oklahoma,131,217,71,69,,Big 12,Big 12,,,Allen Fieldhouse,Lawrence,KS,
23218,2022-02-12,13:00,2022,regular,,final,Villanova,Seton Hall,338,263,73,67,,Big East,Big East,,,Wells Fargo Center,Philadelphia,PA,
23228,2022-02-12,13:00,2022,regular,,final,Boston University,American University,27,8,85,67,,Patriot,Patriot,,,Case Gym,Boston,MA,
23229,2022-02-12,13:00,2022,regular,,final,Wagner,Merrimack,341,166,65,80,,NEC,NEC,,,Spiro Sports Center,Staten Island,NY,
23230,2022-02-12,13:00,2022,regular,,final,Fairleigh Dickinson,Sacred Heart,84,250,82,75,,NEC,NEC,,,Bogota Savings Bank Center,Hackensack,NJ,
23231,2022-02-12,13:00,2022,regular,,final,Central Connecticut,St. Francis Brooklyn,44,364,50,67,,NEC,NEC,,,Detrick Gymnasium,New Britain,CT,
23232,2022-02-12,13:00,2022,regular,,final,Indiana State,Illinois State,122,119,60,57,,MVC,MVC,,,Hulman Center,Terre Haute,IN,
23233,2022-02-12,13:00,2022,regular,,final,Fairfield,Niagara,83,194,73,53,,Metro,Metro,,,Total Mortgage Arena,Bridgeport,CT,
23234,2022-02-12,13:30,2022,regular,,final,Army,Navy,15,187,49,52,,Patriot,Patriot,,,Christl Arena,West Point,NY,
23217,2022-02-12,14:00,2022,regular,,final,Wisconsin,Rutgers,355,245,65,73,,Big Ten,Big Ten,,,Kohl Center,Madison,WI,
23235,2022-02-12,14:00,2022,regular,,final,Bucknell,Holy Cross,32,111,72,78,,Patriot,Patriot,,,Sojka Pavilion,Lewisburg,PA,
23236,2022-02-12,14:00,2022,regular,,final,Morgan State,North Carolina Central,182,199,64,74,,MEAC,MEAC,,,Hill Field House,Baltimore,MD,
23237,2022-02-12,14:00,2022,regular,,final,Tulane,Temple,303,289,92,83,,American,American,,,Devlin Fieldhouse,New Orleans,LA,
23238,2022-02-12,14:00,2022,regular,,final,Montana State,Northern Arizona,180,206,72,70,,Big Sky,Big Sky,,,Worthington Arena,Bozeman,MT,
23239,2022-02-12,14:00,2022,regular,,final,Long Island University,Bryant,146,31,99,88,,NEC,NEC,,,Steinberg Wellness Center,Brooklyn,NY,
23240,2022-02-12,14:00,2022,regular,,final,Gardner-Webb,Charleston Southern,94,47,82,65,,Big South,Big South,,,Paul Porter Arena,Boiling Springs,NC,
23241,2022-02-12,14:00,2022,regular,,final,North Carolina,Florida State,200,90,94,74,,ACC,ACC,,,Dean E. Smith Center,Chapel Hill,NC,
23242,2022-02-12,14:00,2022,regular,,final,Columbia,Yale,58,360,59,84,,Ivy,Ivy,,,Levien Gymnasium,New York,NY,
23243,2022-02-12,14:00,2022,regular,,final,Pennsylvania,Harvard,227,107,82,74,,Ivy,Ivy,,,The Palestra,Philadelphia,PA,
23244,2022-02-12,14:00,2022,regular,,final,Cornell,Brown,60,30,80,81,,Ivy,Ivy,,,Newman Arena,Ithaca,NY,
23245,2022-02-12,14:00,2022,regular,,final,Binghamton,New Hampshire,24,190,60,69,,Am. East,Am. East,,,Events Center (Binghamton),Binghamton,NY,
23246,2022-02-12,14:00,2022,regular,,final,Oklahoma State,West Virginia,218,347,81,58,,Big 12,Big 12,,,Gallagher-Iba Arena,Stillwater,OK,
23247,2022-02-12,14:00,2022,regular,,final,Coastal Carolina,Georgia Southern,54,99,79,58,,Sun Belt,Sun Belt,,,The HTC Center,Conway,SC,
23248,2022-02-12,14:00,2022,regular,,final,Dayton,George Washington,64,96,80,54,,A-10,A-10,,,UD Arena,Dayton,OH,
23249,2022-02-12,14:00,2022,regular,,final,Rhode Island,Davidson,240,63,72,65,,A-10,A-10,,,Thomas M. Ryan Center,Kingston,RI,
23250,2022-02-12,14:00,2022,regular,,final,Furman,Chattanooga,93,49,58,64,,SoCon,SoCon,,,Timmons Arena,Greenville,SC,
23251,2022-02-12,14:00,2022,regular,,final,Drexel,Northeastern,71,205,67,51,,CAA,CAA,,,Daskalakis Athletic Center,Philadelphia,PA,
23252,2022-02-12,14:00,2022,regular,,final,Towson,Elon,301,81,86,50,,CAA,CAA,,,TU Arena,Towson,MD,
23253,2022-02-12,14:00,2022,regular,,final,Buffalo,Ball State,33,19,80,74,,MAC,MAC,,,Alumni Arena,Buffalo,NY,
23254,2022-02-12,14:00,2022,regular,,final,Georgia,South Carolina,98,266,68,80,,SEC,SEC,,,Stegeman Coliseum,Athens,GA,
23255,2022-02-12,15:00,2022,regular,,final,Rice,North Texas,241,204,44,67,,CUSA,CUSA,,,Tudor Fieldhouse,Houston,TX,
23256,2022-02-12,15:00,2022,regular,,final,Chicago State,Sam Houston,50,255,59,72,,UAC,UAC,,,Jones Convocation Center,Chicago,IL,
23257,2022-02-12,15:00,2022,regular,,final,Wake Forest,Miami,342,168,72,76,,ACC,ACC,,,LJVM Coliseum,Winston-Salem,NC,
23258,2022-02-12,15:00,2022,regular,,final,Pittsburgh,NC State,229,185,71,69,,ACC,ACC,,,Petersen Events Center,Pittsburgh,PA,
23259,2022-02-12,15:00,2022,regular,,final,Cleveland State,IU Indianapolis,53,115,83,45,,Horizon,Horizon,,,Wolstein Center,Cleveland,OH,
23260,2022-02-12,15:00,2022,regular,,final,UL Monroe,Texas State,316,297,54,63,,Sun Belt,Sun Belt,,,Fant-Ewing Coliseum,Monroe,LA,
23261,2022-02-12,15:00,2022,regular,,final,Louisiana,UT Arlington,148,324,77,80,,Sun Belt,Sun Belt,,,Cajundome,Lafayette,LA,
23262,2022-02-12,15:00,2022,regular,,final,Western Illinois,North Dakota,349,201,70,68,,Summit,Summit,,,Western Hall,Macomb,IL,
23210,2022-02-12,15:30,2022,regular,,final,Houston,Memphis,113,163,59,69,,American,American,,,Fertitta Center,Houston,TX,
23220,2022-02-12,15:30,2022,regular,,final,Michigan State,Indiana,169,121,76,61,,Big Ten,Big Ten,,,Breslin Center,East Lansing,MI,
23263,2022-02-12,15:30,2022,regular,,final,VMI,The Citadel,334,299,79,83,,SoCon,SoCon,,,Cameron Hall,Lexington,VA,
23264,2022-02-12,15:30,2022,regular,,final,Miami (OH),Bowling Green,167,28,94,78,,MAC,MAC,,,Millett Hall,Oxford,OH,
23265,2022-02-12,15:30,2022,regular,,final,Eastern Michigan,Ohio,79,215,56,74,,MAC,MAC,,,Gervin GameAbove Center,Ypsilanti,MI,
23209,2022-02-12,16:00,2022,regular,,final,Kentucky,Florida,135,87,78,57,,SEC,SEC,,,Rupp Arena,Lexington,KY,
23213,2022-02-12,16:00,2022,regular,,final,Texas Tech,TCU,298,287,82,69,,Big 12,Big 12,,,United Supermarkets Arena,Lubbock,TX,
23223,2022-02-12,16:00,2022,regular,,final,Morehead State,Murray State,181,184,53,57,,OVC,OVC,,,Ellis T. Johnson Arena,Morehead,KY,
23266,2022-02-12,16:00,2022,regular,,final,Oregon,California,223,40,64,78,,Pac-12,Pac-12,,,Matthew Knight Arena,Eugene,OR,
23267,2022-02-12,16:00,2022,regular,,final,Coppin State,South Carolina State,59,267,58,66,,MEAC,MEAC,,,Physical Education Complex,Baltimore,MD,
23268,2022-02-12,16:00,2022,regular,,final,UC San Diego,UC Riverside,310,309,85,62,,Big West,Big West,,,LionTree Arena,San Diego,CA,
23269,2022-02-12,16:00,2022,regular,,final,Alcorn State,Bethune-Cookman,7,23,63,71,,SWAC,SWAC,,,Davey L. Whitney Complex,Lorman,MS,
23270,2022-02-12,16:00,2022,regular,,final,Howard,Delaware State,114,67,85,72,,MEAC,MEAC,,,Burr Gymnasium,Washington,DC,
23271,2022-02-12,16:00,2022,regular,,final,UTSA,Western Kentucky,328,350,65,71,,CUSA,CUSA,,,UTSA Convocation Center,San Antonio,TX,
23272,2022-02-12,16:00,2022,regular,,final,Sacramento State,Southern Utah,249,276,57,83,,Big Sky,Big Sky,,,The Nest,Sacramento,CA,
23273,2022-02-12,16:00,2022,regular,,final,Utah Valley,New Mexico State,332,192,72,68,,UAC,UAC,,,UCCU Center,Orem,UT,
23274,2022-02-12,16:00,2022,regular,,final,Seattle U,Lamar,262,139,76,50,,UAC,UAC,,,Redhawk Center,Seattle,WA,
23275,2022-02-12,16:00,2022,regular,,final,St. Francis (PA),Mount St. Mary's,278,183,52,54,,NEC,NEC,,,DeGol Arena,Loretto,PA,
23276,2022-02-12,16:00,2022,regular,,final,South Carolina Upstate,UNC Asheville,268,319,56,83,,Big South,Big South,,,G.B. Hodge Center,Spartanburg,SC,
23277,2022-02-12,16:00,2022,regular,,final,North Carolina A&T,Longwood,198,147,70,62,,Big South,Big South,,,Corbett Sports Center,Greensboro,NC,
23278,2022-02-12,16:00,2022,regular,,final,Virginia,Georgia Tech,339,101,63,53,,ACC,ACC,,,John Paul Jones Arena,Charlottesville,VA,
23279,2022-02-12,16:00,2022,regular,,final,Princeton,Dartmouth,234,62,85,40,,Ivy,Ivy,,,Jadwin Gymnasium,Princeton,NJ,
23280,2022-02-12,16:00,2022,regular,,final,Florida Gulf Coast,Stetson,88,283,89,82,,ASUN,ASUN,,,Alico Arena,Fort Myers,FL,
23281,2022-02-12,16:00,2022,regular,,final,Iowa State,Kansas State,125,132,69,75,,Big 12,Big 12,,,Hilton Coliseum,Ames,IA,
23282,2022-02-12,16:00,2022,regular,,final,App State,Georgia State,9,100,49,58,,Sun Belt,Sun Belt,,,Holmes Convocation Center,Boone,NC,
23283,2022-02-12,16:00,2022,regular,,final,Missouri State,Valparaiso,176,335,84,66,,MVC,MVC,,,Great Southern Bank Arena,Springfield,MO,
23284,2022-02-12,16:00,2022,regular,,final,George Mason,VCU,95,333,70,85,,A-10,A-10,,,EagleBank Arena,Fairfax,VA,
23285,2022-02-12,16:00,2022,regular,,final,Denver,South Dakota,68,269,76,84,,Summit,Summit,,,Hamilton Gymnasium,Denver,CO,
23286,2022-02-12,16:00,2022,regular,,final,East Tennessee State,Samford,75,256,73,77,,SoCon,SoCon,,,Freedom Hall (TN),Johnson City,TN,
23287,2022-02-12,16:00,2022,regular,,final,James Madison,William & Mary,129,353,69,55,,CAA,CAA,,,Atlantic Union Bank Center,Harrisonburg,VA,
23221,2022-02-12,16:30,2022,regular,,final,Butler,Marquette,34,157,85,79,,Big East,Big East,,,Hinkle Fieldhouse,Indianapolis,IN,
23288,2022-02-12,16:30,2022,regular,,final,SIU Edwardsville,Tennessee Tech,247,291,61,60,,OVC,OVC,,,First Community Arena,Edwardsville,IL,
23289,2022-02-12,16:30,2022,regular,,final,Eastern Illinois,UT Martin,77,325,82,70,,OVC,OVC,,,Groniger Arena,Charleston,IL,
23290,2022-02-12,16:30,2022,regular,,final,Texas Southern,Grambling,296,103,68,65,,SWAC,SWAC,,,H&PE Arena,Houston,TX,
23291,2022-02-12,16:30,2022,regular,,final,Northwestern State,McNeese,211,162,75,80,,Southland,Southland,,,Prather Coliseum,Natchitoches,LA,
23292,2022-02-12,16:30,2022,regular,,final,Nicholls,Texas A&M-Corpus Christi,195,294,83,80,,Southland,Southland,,,David R. Stopher Gymnasium,Thibodaux,LA,
23293,2022-02-12,16:30,2022,regular,,final,Winthrop,Presbyterian,354,233,65,61,,Big South,Big South,,,Winthrop Coliseum,Rock Hill,SC,
23294,2022-02-12,16:30,2022,regular,,final,North Alabama,Bellarmine,197,21,69,75,,ASUN,ASUN,,,Flowers Hall,Florence,AL,
23211,2022-02-12,17:00,2022,regular,,final,Boston College,Duke,26,72,61,72,,ACC,ACC,,,Conte Forum,Chestnut Hill,MA,
23295,2022-02-12,17:00,2022,regular,,final,Alabama A&M,Mississippi Valley State,4,175,94,92,,SWAC,SWAC,,,T.M. Elmore Gymnasium,Normal,AL,
23296,2022-02-12,17:00,2022,regular,,final,Loyola Maryland,Colgate,152,55,56,64,,Patriot,Patriot,,,Reitz Arena,Baltimore,MD,
23297,2022-02-12,17:00,2022,regular,,final,Southeast Missouri State,Belmont,272,22,72,81,,OVC,OVC,,,Show Me Center,Cape Girardeau,MO,
23298,2022-02-12,17:00,2022,regular,,final,Austin Peay,Tennessee State,17,290,54,52,,OVC,OVC,,,Winfield Dunn Center,Clarksville,TN,
23299,2022-02-12,17:00,2022,regular,,final,Idaho,Weber State,117,345,83,79,,Big Sky,Big Sky,,,ICCU Arena,Moscow,ID,
23300,2022-02-12,17:00,2022,regular,,final,Eastern Washington,Idaho State,80,116,75,72,,Big Sky,Big Sky,,,Reese Court,Cheney,WA,
23301,2022-02-12,17:00,2022,regular,,final,SE Louisiana,Houston Christian,246,112,89,84,,Southland,Southland,,,Pride Roofing University Center,Hammond,LA,
23302,2022-02-12,17:00,2022,regular,,final,New Orleans,Incarnate Word,193,120,84,57,,Southland,Southland,,,Lakefront Arena,New Orleans,LA,
23303,2022-02-12,17:00,2022,regular,,final,UMass Lowell,UMBC,318,317,88,71,,Am. East,Am. East,,,Costello Athletic Center,Lowell,MA,
23304,2022-02-12,17:00,2022,regular,,final,Lipscomb,Eastern Kentucky,143,78,83,73,,ASUN,ASUN,,,Allen Arena,Nashville,TN,
23305,2022-02-12,17:00,2022,regular,,final,Jacksonville State,Central Arkansas,128,43,62,72,,ASUN,ASUN,,,Pete Mathews Coliseum,Jacksonville,AL,
23306,2022-02-12,17:00,2022,regular,,final,Troy,Little Rock,302,144,62,66,,Sun Belt,Sun Belt,,,Trojan Arena,Troy,AL,
23307,2022-02-12,17:00,2022,regular,,final,Northern Illinois,Toledo,208,300,72,100,,MAC,MAC,,,NIU Convocation Center,Dekalb,IL,
23308,2022-02-12,17:15,2022,regular,,final,South Dakota State,Omaha,270,221,82,61,,Summit,Summit,,,Frost Arena,Brookings,SD,
23309,2022-02-12,17:30,2022,regular,,final,Alabama State,Arkansas-Pine Bluff,6,14,70,75,,SWAC,SWAC,,,Dunn-Oliver Acadome,Montgomery,AL,
23310,2022-02-12,17:30,2022,regular,,final,Hampton,Radford,106,239,54,60,,Big South,Big South,,,Convocation Center (VA),Hampton,VA,
23311,2022-02-12,17:30,2022,regular,,final,Kennesaw State,North Florida,133,203,72,74,,ASUN,ASUN,,,KSU Convocation Center,Kennesaw,GA,
23312,2022-02-12,17:30,2022,regular,,final,Duquesne,Fordham,73,91,54,65,,A-10,A-10,,,UPMC Cooper Fieldhouse,Pittsburgh,PA,
23208,2022-02-12,18:00,2022,regular,,final,Washington,Arizona,343,11,68,92,,Pac-12,Pac-12,,,Alaska Airlines Arena,Seattle,WA,
23219,2022-02-12,18:00,2022,regular,,final,Michigan,Ohio State,170,216,57,68,,Big Ten,Big Ten,,,Crisler Center,Ann Arbor,MI,
23222,2022-02-12,18:00,2022,regular,,final,Tennessee,Vanderbilt,292,336,73,64,,SEC,SEC,,,Food City Center,Knoxville,TN,
23313,2022-02-12,18:00,2022,regular,,final,East Carolina,SMU,74,248,66,80,,American,American,,,Minges Coliseum,Greenville,NC,
23314,2022-02-12,18:00,2022,regular,,final,Norfolk State,Maryland Eastern Shore,196,159,70,63,,MEAC,MEAC,,,Joseph G. Echols Hall,Norfolk,VA,
23315,2022-02-12,18:00,2022,regular,,final,Santa Clara,San Francisco,261,259,58,74,,WCC,WCC,,,Leavey Center,Santa Clara,CA,
23316,2022-02-12,18:00,2022,regular,,final,High Point,Campbell,109,41,42,60,,Big South,Big South,,,Qubein Center,High Point,NC,
23317,2022-02-12,18:00,2022,regular,,final,Virginia Tech,Syracuse,340,286,71,59,,ACC,ACC,,,Cassell Coliseum,Blacksburg,VA,
23318,2022-02-12,18:00,2022,regular,,final,Jacksonville,Liberty,127,142,73,69,,ASUN,ASUN,,,Swisher Gymnasium,Jacksonville,FL,
23319,2022-02-12,18:00,2022,regular,,final,Richmond,La Salle,242,137,77,63,,A-10,A-10,,,Robins Center,Richmond,VA,
23215,2022-02-12,18:30,2022,regular,,final,Providence,DePaul,235,65,76,73,,Big East,Big East,,,Amica Mutual Pavilion,Providence,RI,
23320,2022-02-12,18:30,2022,regular,,final,Prairie View A&M,Southern,232,274,84,77,,SWAC,SWAC,,,William Nicks Building,Prairie View,TX,
23321,2022-02-12,18:30,2022,regular,,final,Jackson State,Florida A&M,126,85,60,56,,SWAC,SWAC,,,Lee E. Williams Athletics and Assembly Center,Jackson,MS,
23322,2022-02-12,18:30,2022,regular,,final,Delaware,Hofstra,66,110,66,80,,CAA,CAA,,,Bob Carpenter Center,Newark,DE,
23323,2022-02-12,19:00,2022,regular,,final,Clemson,Notre Dame,52,213,61,76,,ACC,ACC,,,Littlejohn Coliseum,Clemson,SC,
23324,2022-02-12,19:00,2022,regular,,final,UAlbany,Vermont,306,337,63,76,,Am. East,Am. East,,,Broadview Center,Albany,NY,
23325,2022-02-12,19:00,2022,regular,,final,NJIT,Hartford,186,363,49,65,,Am. East,Am. East,,,Joel & Diane Bloom Wellness and Events Center,Newark,NJ,
23326,2022-02-12,19:00,2022,regular,,final,Purdue Fort Wayne,UIC,237,315,73,66,,Horizon,Horizon,,,Memorial Coliseum (IN),Fort Wayne,IN,
23327,2022-02-12,19:00,2022,regular,,final,South Alabama,Arkansas State,265,13,70,51,,Sun Belt,Sun Belt,,,Mitchell Center,Mobile,AL,
23328,2022-02-12,19:00,2022,regular,,final,Wofford,Western Carolina,356,348,69,57,,SoCon,SoCon,,,Jerry Richardson Indoor Stadium,Spartanburg,SC,
23329,2022-02-12,19:00,2022,regular,,final,UNC Wilmington,Charleston,321,46,85,79,,CAA,CAA,,,Trask Coliseum,Wilmington,NC,
23330,2022-02-12,19:00,2022,regular,,final,Marist,Canisius,156,42,71,70,,Metro,Metro,,,McCann Arena,Poughkeepsie,NY,
23331,2022-02-12,19:00,2022,regular,,final,Western Michigan,Central Michigan,351,45,77,63,,MAC,MAC,,,University Arena (MI),Kalamazoo,MI,
23332,2022-02-12,20:00,2022,regular,,final,Wichita State,South Florida,352,271,73,69,,American,American,,,Charles Koch Arena,Wichita,KS,
23333,2022-02-12,20:00,2022,regular,,final,Tulsa,Cincinnati,304,51,83,77,,American,American,,,Reynolds Center,Tulsa,OK,
23334,2022-02-12,20:00,2022,regular,,final,Colorado,Utah,56,331,81,76,,Pac-12,Pac-12,,,CU Events Center,Boulder,CO,
23335,2022-02-12,20:00,2022,regular,,final,Tarleton State,Abilene Christian,288,1,63,77,,UAC,UAC,,,Wisdom Gym,Stephenville,TX,
23336,2022-02-12,20:00,2022,regular,,final,San Diego,Pacific,258,225,60,54,,WCC,WCC,,,Jenny Craig Pavilion,San Diego,CA,
23337,2022-02-12,20:00,2022,regular,,final,Southern Illinois,Evansville,273,82,69,62,,MVC,MVC,,,Banterra Center,Carbondale,IL,
23338,2022-02-12,20:00,2022,regular,,final,Bradley,Drake,29,70,68,59,,MVC,MVC,,,Carver Arena,Peoria,IL,
23339,2022-02-12,20:00,2022,regular,,final,Oral Roberts,Kansas City,222,130,91,86,,Summit,Summit,,,Mabee Center,Tulsa,OK,
23340,2022-02-12,20:00,2022,regular,,final,St. Thomas-Minnesota,North Dakota State,280,202,64,75,,Summit,Summit,,,Schoenecker Arena,Saint Paul,MN,
23341,2022-02-12,20:00,2022,regular,,final,LSU,Mississippi State,136,174,69,65,,SEC,SEC,,,Pete Maravich Assembly Center,Baton Rouge,LA,
23342,2022-02-12,20:00,2022,regular,,final,San Diego State,Air Force,257,2,76,64,,Mountain West,Mountain West,,,Viejas Arena,San Diego,CA,
23343,2022-02-12,20:30,2022,regular,,final,Missouri,Ole Miss,177,220,74,68,,SEC,SEC,,,Mizzou Arena,Columbia,MO,
23344,2022-02-12,20:30,2022,regular,,final,Minnesota,Penn State,173,226,76,70,,Big Ten,Big Ten,,,Williams Arena,Minneapolis,MN,
23345,2022-02-12,21:00,2022,regular,,final,Montana,Portland State,179,231,85,76,,Big Sky,Big Sky,,,Dahlberg Arena,Missoula,MT,
23346,2022-02-12,21:00,2022,regular,,final,Utah Tech,Grand Canyon,330,104,61,60,,UAC,UAC,,,Burns Arena,St. George,UT,
23347,2022-02-12,21:00,2022,regular,,final,San José State,Wyoming,260,358,52,74,,Mountain West,Mountain West,,,Provident Credit Union Event Center,San Jose,CA,
23207,2022-02-12,22:00,2022,regular,,final,Gonzaga,Saint Mary's,102,253,74,58,,WCC,WCC,,,McCarthey Athletic Center,Spokane,WA,
23216,2022-02-12,22:00,2022,regular,,final,USC,UCLA,323,313,67,64,,Pac-12,Pac-12,,,Galen Center,Los Angeles,CA,
23348,2022-02-12,22:00,2022,regular,,final,Washington State,Arizona State,344,10,55,58,,Pac-12,Pac-12,,,Beasley Coliseum,Pullman,WA,
23349,2022-02-12,22:00,2022,regular,,final,Cal State Bakersfield,Cal State Northridge,36,38,65,71,,Big West,Big West,,,Icardo Center,Bakersfield,CA,
23350,2022-02-12,22:00,2022,regular,,final,Cal Poly,UC Santa Barbara,35,311,64,69,,Big West,Big West,,,Mott Athletics Center,San Luis Obispo,CA,
23351,2022-02-12,22:00,2022,regular,,final,California Baptist,UT Rio Grande Valley,39,326,80,72,,UAC,UAC,,,Dale E. and Sarah Ann Fowler Events Center,Riverside,CA,
23352,2022-02-12,22:00,2022,regular,,final,Pepperdine,BYU,228,18,85,91,,WCC,WCC,,,Firestone Fieldhouse,Malibu,CA,
23353,2022-02-12,22:00,2022,regular,,final,Portland,Loyola Marymount,230,153,86,76,,WCC,WCC,,,Chiles Center,Portland,OR,
23354,2022-02-12,22:30,2022,regular,,final,Oregon State,Stanford,224,281,65,76,,Pac-12,Pac-12,,,Gill Coliseum,Corvallis,OR,
23356,2022-02-12,22:30,2022,regular,,cancelled,UC Irvine,UC Davis,308,307,0,0,,Big West,Big West,,,Bren Events Center,Irvine,CA,
23355,2022-02-12,23:59,2022,regular,,final,Hawai'i,Cal State Fullerton,108,37,72,55,,Big West,Big West,,,Stan Sheriff Center,Honolulu,HI,
23359,2022-02-13,12:00,2022,regular,,final,St. John's,UConn,279,314,60,63,,Big East,Big East,,,Madison Square Garden,New York,NY,
23360,2022-02-13,12:00,2022,regular,,final,Youngstown State,Robert Morris,361,244,68,73,,Horizon,Horizon,,,Beeghly Center,Youngstown,OH,
23361,2022-02-13,12:00,2022,regular,,final,Wright State,Northern Kentucky,357,210,71,75,,Horizon,Horizon,,,Nutter Center,Dayton,OH,
23357,2022-02-13,13:00,2022,regular,,final,Purdue,Maryland,236,160,62,61,,Big Ten,Big Ten,,,Mackey Arena,West Lafayette,IN,
23362,2022-02-13,13:00,2022,regular,,final,Maine,Stony Brook,154,285,74,85,,Am. East,Am. East,,,Cross Insurance Center,Bangor,ME,
23363,2022-02-13,13:00,2022,regular,,final,Oakland,Detroit Mercy,214,69,75,59,,Horizon,Horizon,,,OU Credit Union O'rena,Rochester,MI,
23364,2022-02-13,13:00,2022,regular,,final,Iona,Monmouth,123,178,70,62,,Metro,Metro,,,Hynes Athletics Center,New Rochelle,NY,
23365,2022-02-13,13:00,2022,regular,,final,Rider,Siena,243,264,75,76,,Metro,Metro,,,Alumni Gymnasium (Rider),Lawrenceville,NJ,
23358,2022-02-13,14:00,2022,regular,,final,Illinois,Northwestern,118,212,73,66,,Big Ten,Big Ten,,,State Farm Center,Champaign,IL,
23366,2022-02-13,14:00,2022,regular,,final,Old Dominion,UAB,219,305,81,72,,CUSA,CUSA,,,Chartway Arena,Norfolk,VA,
23367,2022-02-13,14:00,2022,regular,,final,Milwaukee,Green Bay,172,105,54,44,,Horizon,Horizon,,,UW-Milwaukee Panther Arena,Milwaukee,WI,
23368,2022-02-13,14:00,2022,regular,,final,Quinnipiac,Manhattan,238,155,66,83,,Metro,Metro,,,M&T Bank Arena,Hamden,CT,
23369,2022-02-13,14:00,2022,regular,,final,Iowa,Nebraska,124,188,98,75,,Big Ten,Big Ten,,,Carver-Hawkeye Arena,Iowa City,IA,
23370,2022-02-13,15:00,2022,regular,,final,UTEP,Marshall,327,158,79,88,,CUSA,CUSA,,,Don Haskins Center,El Paso,TX,
23371,2022-02-13,15:00,2022,regular,,final,Middle Tennessee,Charlotte,171,48,78,63,,CUSA,CUSA,,,Murphy Center,Murfreesboro,TN,
23372,2022-02-13,15:00,2022,regular,,final,UNC Greensboro,Mercer,320,164,64,73,,SoCon,SoCon,,,First Horizon Coliseum,Greensboro,NC,
23373,2022-02-13,16:00,2022,regular,,final,Boise State,Colorado State,25,57,74,77,,Mountain West,Mountain West,,,ExtraMile Arena,Boise,ID,
23374,2022-02-13,16:00,2022,regular,,final,Loyola Chicago,Northern Iowa,151,209,85,58,,MVC,MVC,,,Gentile Arena,Chicago,IL,
23376,2022-02-14,14:00,2022,regular,,final,UNC Wilmington,William & Mary,321,353,80,73,,CAA,CAA,,,Trask Coliseum,Wilmington,NC,
23377,2022-02-14,16:00,2022,regular,,final,New Hampshire,UMBC,190,317,68,62,,Am. East,Am. East,,,Lundholm Gymnasium,Durham,NH,
23378,2022-02-14,17:00,2022,regular,,final,St. Bonaventure,Saint Louis,277,252,83,79,,A-10,A-10,,,Reilly Center,Saint Bonaventure,NY,
23379,2022-02-14,18:00,2022,regular,,final,Colgate,Lafayette,55,138,69,61,,Patriot,Patriot,,,Cotterell Court,Hamilton,NY,
23380,2022-02-14,18:00,2022,regular,,final,Austin Peay,Eastern Illinois,17,77,62,54,,OVC,OVC,,,Winfield Dunn Center,Clarksville,TN,
23381,2022-02-14,19:00,2022,regular,,final,Holy Cross,American University,111,8,54,60,,Patriot,Patriot,,,Hart Center,Worcester,MA,
23382,2022-02-14,19:00,2022,regular,,final,Hartford,Vermont,363,337,75,74,,Am. East,Am. East,,,Chase Arena,West Hartford,CT,
23383,2022-02-14,19:00,2022,regular,,final,Davidson,Duquesne,63,73,72,61,,A-10,A-10,,,John M. Belk Arena,Davidson,NC,
23384,2022-02-14,19:00,2022,regular,,final,UCF,Tulsa,312,304,76,67,,American,American,,,Addition Financial Arena,Orlando,FL,
23385,2022-02-14,19:00,2022,regular,,final,Delaware,James Madison,66,129,81,60,,CAA,CAA,,,Bob Carpenter Center,Newark,DE,
23386,2022-02-14,19:00,2022,regular,,final,Charleston,Drexel,46,71,79,75,,CAA,CAA,,,TD Arena,Charleston,SC,
23387,2022-02-14,19:00,2022,regular,,final,Lehigh,Bucknell,141,32,86,77,,Patriot,Patriot,,,Stabler Arena,Bethlehem,PA,
23388,2022-02-14,19:00,2022,regular,,final,Coppin State,North Carolina Central,59,199,74,77,,MEAC,MEAC,,,Physical Education Complex,Baltimore,MD,
23389,2022-02-14,19:00,2022,regular,,final,Maryland Eastern Shore,Howard,159,114,71,77,,MEAC,MEAC,,,Hytche Center,Princess Anne,MD,
23390,2022-02-14,19:00,2022,regular,,final,Virginia Tech,Virginia,340,339,62,53,,ACC,ACC,,,Cassell Coliseum,Blacksburg,VA,
23391,2022-02-14,19:00,2022,regular,,final,Kansas State,West Virginia,132,347,78,73,,Big 12,Big 12,,,Bramlage Coliseum,Manhattan,KS,
23392,2022-02-14,19:00,2022,regular,,final,Purdue Fort Wayne,Cleveland State,237,53,102,98,,Horizon,Horizon,,,Memorial Coliseum (IN),Fort Wayne,IN,
23393,2022-02-14,19:00,2022,regular,,final,Marist,Niagara,156,194,77,70,,Metro,Metro,,,McCann Arena,Poughkeepsie,NY,
23394,2022-02-14,19:00,2022,regular,,final,Fairfield,Canisius,83,42,80,76,,Metro,Metro,,,Total Mortgage Arena,Bridgeport,CT,
23395,2022-02-14,19:30,2022,regular,,final,Morgan State,South Carolina State,182,267,76,66,,MEAC,MEAC,,,Hill Field House,Baltimore,MD,
23396,2022-02-14,19:30,2022,regular,,final,Delaware State,Norfolk State,67,196,66,69,,MEAC,MEAC,,,Memorial Hall (DE),Dover,DE,
23397,2022-02-14,20:00,2022,regular,,final,Southern Miss,Western Kentucky,275,350,77,87,,CUSA,CUSA,,,Reed Green Coliseum,Hattiesburg,MS,
23398,2022-02-14,20:00,2022,regular,,final,Alabama A&M,Arkansas-Pine Bluff,4,14,74,69,,SWAC,SWAC,,,T.M. Elmore Gymnasium,Normal,AL,
23399,2022-02-14,20:00,2022,regular,,final,Northern Colorado,Southern Utah,207,276,100,95,,Big Sky,Big Sky,,,Bank of Colorado Arena,Greeley,CO,
23400,2022-02-14,20:00,2022,regular,,final,UIC,IU Indianapolis,315,115,57,54,,Horizon,Horizon,,,Credit Union 1 Arena,Chicago,IL,
23401,2022-02-14,20:30,2022,regular,,final,Texas Southern,Southern,296,274,58,70,,SWAC,SWAC,,,H&PE Arena,Houston,TX,
23402,2022-02-14,20:30,2022,regular,,final,Jackson State,Bethune-Cookman,126,23,71,51,,SWAC,SWAC,,,Lee E. Williams Athletics and Assembly Center,Jackson,MS,
23403,2022-02-14,20:30,2022,regular,,final,Prairie View A&M,Grambling,232,103,71,70,,SWAC,SWAC,,,William Nicks Building,Prairie View,TX,
23404,2022-02-14,20:30,2022,regular,,final,Alcorn State,Florida A&M,7,85,68,56,,SWAC,SWAC,,,Davey L. Whitney Complex,Lorman,MS,
23375,2022-02-14,21:00,2022,regular,,final,Kansas,Oklahoma State,131,218,76,62,,Big 12,Big 12,,,Allen Fieldhouse,Lawrence,KS,
23405,2022-02-14,21:00,2022,regular,,final,Oregon,Washington State,223,344,62,59,,Pac-12,Pac-12,,,Matthew Knight Arena,Eugene,OR,
23406,2022-02-14,21:00,2022,regular,,final,Rhode Island,Dayton,240,64,57,63,,A-10,A-10,,,Thomas M. Ryan Center,Kingston,RI,
23407,2022-02-14,21:00,2022,regular,,final,Creighton,Georgetown,61,97,88,77,,Big East,Big East,,,CHI Health Center Omaha,Omaha,NE,
23408,2022-02-14,21:00,2022,regular,,final,Alabama State,Mississippi Valley State,6,175,71,85,,SWAC,SWAC,,,Dunn-Oliver Acadome,Montgomery,AL,
23409,2022-02-14,21:00,2022,regular,,cancelled,Portland,Santa Clara,230,261,0,0,,WCC,WCC,,,Chiles Center,Portland,OR,
23419,2022-02-15,18:00,2022,regular,,final,Longwood,High Point,147,109,70,66,,Big South,Big South,,,Willett Hall,Farmville,VA,
23420,2022-02-15,18:00,2022,regular,,final,Western Michigan,Akron,351,3,61,57,,MAC,MAC,,,University Arena (MI),Kalamazoo,MI,
23421,2022-02-15,18:00,2022,regular,,final,Toledo,Kent State,300,134,59,72,,MAC,MAC,,,Savage Arena,Toledo,OH,
23415,2022-02-15,18:30,2022,regular,,final,Penn State,Michigan State,226,169,62,58,,Big Ten,Big Ten,,,Bryce Jordan Center,University Park,PA,
23412,2022-02-15,19:00,2022,regular,,final,Duke,Wake Forest,72,342,76,74,,ACC,ACC,,,Cameron Indoor Stadium,Durham,NC,
23416,2022-02-15,19:00,2022,regular,,final,Oklahoma,Texas,217,295,78,80,,Big 12,Big 12,,,Lloyd Noble Center,Norman,OK,
23422,2022-02-15,19:00,2022,regular,,final,Sacred Heart,Merrimack,250,166,63,70,,NEC,NEC,,,William H. Pitt Center,Fairfield,CT,
23423,2022-02-15,19:00,2022,regular,,final,Cincinnati,Memphis,51,163,74,81,,American,American,,,Fifth Third Arena,Cincinnati,OH,
23424,2022-02-15,19:00,2022,regular,,final,Saint Peter's,Iona,254,123,61,70,,Metro,Metro,,,Yanitelli Center,Jersey City,NJ,
23425,2022-02-15,19:00,2022,regular,,final,Elon,Hofstra,81,110,64,97,,CAA,CAA,,,Schar Center,Elon,NC,
23426,2022-02-15,19:00,2022,regular,,final,South Florida,Tulane,271,303,57,76,,American,American,,,Yuengling Center,Tampa,FL,
23427,2022-02-15,19:00,2022,regular,,final,Florida State,Clemson,90,52,81,80,,ACC,ACC,,,Tucker Center,Tallahassee,FL,
23428,2022-02-15,19:00,2022,regular,,final,North Florida,Liberty,203,142,72,69,,ASUN,ASUN,,,UNF Arena,Jacksonville,FL,
23429,2022-02-15,19:00,2022,regular,,final,Fordham,VCU,91,333,61,66,,A-10,A-10,,,Rose Hill Gym,Bronx,NY,
23430,2022-02-15,19:00,2022,regular,,final,Ball State,Northern Illinois,19,208,58,64,,MAC,MAC,,,Worthen Arena,Muncie,IN,
23431,2022-02-15,19:00,2022,regular,,final,Central Michigan,Eastern Michigan,45,79,70,75,,MAC,MAC,,,McGuirk Arena,Mount Pleasant,MI,
23432,2022-02-15,19:00,2022,regular,,final,Ohio,Miami (OH),215,167,91,78,,MAC,MAC,,,Convocation Center (OH),Athens,OH,
23433,2022-02-15,19:00,2022,regular,,final,Bowling Green,Buffalo,28,33,85,112,,MAC,MAC,,,Stroh Center,Bowling Green,OH,
23434,2022-02-15,19:00,2022,regular,,final,Ole Miss,South Carolina,220,266,74,77,,SEC,SEC,,,The Sandy and John Black Pavilion at Ole Miss,Oxford,MS,
23435,2022-02-15,19:00,2022,regular,,final,Texas A&M,Florida,293,87,56,55,,SEC,SEC,,,Reed Arena,College Station,TX,
23411,2022-02-15,20:00,2022,regular,,final,Providence,Villanova,235,338,84,89,,Big East,Big East,,,Amica Mutual Pavilion,Providence,RI,
23436,2022-02-15,20:00,2022,regular,,final,Portland,Bushnell,230,1013,84,39,,WCC,,,,Chiles Center,Portland,OR,
23437,2022-02-15,20:00,2022,regular,,final,Georgia Tech,NC State,101,185,61,76,,ACC,ACC,,,McCamish Pavilion,Atlanta,GA,
23438,2022-02-15,20:00,2022,regular,,final,Illinois State,Northern Iowa,119,209,70,72,,MVC,MVC,,,CEFCU Arena,Normal,IL,
23439,2022-02-15,20:00,2022,regular,,final,Southern Illinois,Bradley,273,29,65,57,,MVC,MVC,,,Banterra Center,Carbondale,IL,
23440,2022-02-15,20:00,2022,regular,,final,Missouri State,Indiana State,176,122,79,70,,MVC,MVC,,,Great Southern Bank Arena,Springfield,MO,
23414,2022-02-15,20:30,2022,regular,,final,Ohio State,Minnesota,216,173,70,45,,Big Ten,Big Ten,,,Schottenstein Center,Columbus,OH,
23410,2022-02-15,21:00,2022,regular,,final,Tennessee,Kentucky,292,135,76,63,,SEC,SEC,,,Food City Center,Knoxville,TN,
23413,2022-02-15,21:00,2022,regular,,final,Indiana,Wisconsin,121,355,69,74,,Big Ten,Big Ten,,,Simon Skjodt Assembly Hall,Bloomington,IN,
23417,2022-02-15,21:00,2022,regular,,final,New Mexico,Wyoming,191,358,75,66,,Mountain West,Mountain West,,,The Pit,Albuquerque,NM,
23418,2022-02-15,21:00,2022,regular,,final,Missouri,Arkansas,177,12,57,76,,SEC,SEC,,,Mizzou Arena,Columbia,MO,
23441,2022-02-15,21:00,2022,regular,,final,Oregon State,Colorado,224,56,64,90,,Pac-12,Pac-12,,,Gill Coliseum,Corvallis,OR,
23442,2022-02-15,21:00,2022,regular,,final,DePaul,Butler,65,34,71,73,,Big East,Big East,,,Wintrust Arena,Chicago,IL,
23443,2022-02-15,21:00,2022,regular,,final,TCU,Iowa State,287,125,51,54,,Big 12,Big 12,,,Schollmaier Arena,Fort Worth,TX,
23444,2022-02-15,22:00,2022,regular,,final,UC San Diego,UC Irvine,310,308,50,56,,Big West,Big West,,,LionTree Arena,San Diego,CA,
23445,2022-02-15,22:00,2022,regular,,final,San Diego State,Utah State,257,329,75,56,,Mountain West,Mountain West,,,Viejas Arena,San Diego,CA,
23446,2022-02-15,23:00,2022,regular,,final,Nevada,San José State,189,260,81,72,,Mountain West,Mountain West,,,Lawlor Events Center,Reno,NV,
23454,2022-02-16,13:00,2022,regular,,final,Fairfield,Manhattan,83,155,67,74,,Metro,Metro,,,Total Mortgage Arena,Bridgeport,CT,
23455,2022-02-16,18:00,2022,regular,,final,Army,Colgate,15,55,90,100,,Patriot,Patriot,,,Christl Arena,West Point,NY,
23456,2022-02-16,18:00,2022,regular,,final,South Carolina Upstate,Presbyterian,268,233,60,55,,Big South,Big South,,,G.B. Hodge Center,Spartanburg,SC,
23457,2022-02-16,18:30,2022,regular,,final,Xavier,St. John's,359,279,73,86,,Big East,Big East,,,Cintas Center,Cincinnati,OH,
23458,2022-02-16,18:30,2022,regular,,final,Radford,Campbell,239,41,71,67,,Big South,Big South,,,The Dedmon Center,Radford,VA,
23451,2022-02-16,19:00,2022,regular,,final,Rutgers,Illinois,245,118,70,59,,Big Ten,Big Ten,,,Jersey Mike’s Arena,Piscataway,NJ,
23453,2022-02-16,19:00,2022,regular,,final,Alabama,Mississippi State,5,174,80,75,,SEC,SEC,,,Coleman Coliseum,Tuscaloosa,AL,
23459,2022-02-16,19:00,2022,regular,,final,Lafayette,Loyola Maryland,138,152,77,68,,Patriot,Patriot,,,Kirby Sports Center,Easton,PA,
23460,2022-02-16,19:00,2022,regular,,final,Holy Cross,Boston University,111,27,65,78,,Patriot,Patriot,,,Hart Center,Worcester,MA,
23461,2022-02-16,19:00,2022,regular,,final,American University,Navy,8,187,46,55,,Patriot,Patriot,,,Bender Arena,Washington,DC,
23462,2022-02-16,19:00,2022,regular,,final,Hampton,North Carolina A&T,106,198,93,82,,Big South,Big South,,,Convocation Center (VA),Hampton,VA,
23463,2022-02-16,19:00,2022,regular,,final,Gardner-Webb,Winthrop,94,354,70,81,,Big South,Big South,,,Paul Porter Arena,Boiling Springs,NC,
23464,2022-02-16,19:00,2022,regular,,final,Charleston Southern,UNC Asheville,47,319,66,85,,Big South,Big South,,,Buccaneer Fieldhouse,Charleston,SC,
23465,2022-02-16,19:00,2022,regular,,final,Louisville,Miami,150,168,63,70,,ACC,ACC,,,KFC Yum! Center,Louisville,KY,
23466,2022-02-16,19:00,2022,regular,,final,Notre Dame,Boston College,213,26,99,95,,ACC,ACC,,,Purcell Pavilion,South Bend,IN,
23467,2022-02-16,19:00,2022,regular,,final,New Hampshire,Vermont,190,337,50,71,,Am. East,Am. East,,,Lundholm Gymnasium,Durham,NH,
23468,2022-02-16,19:00,2022,regular,,final,UMBC,Stony Brook,317,285,95,84,,Am. East,Am. East,,,Chesapeake Employers Insurance Arena,Baltimore,MD,
23469,2022-02-16,19:00,2022,regular,,final,NJIT,UMass Lowell,186,318,59,55,,Am. East,Am. East,,,Joel & Diane Bloom Wellness and Events Center,Newark,NJ,
23470,2022-02-16,19:00,2022,regular,,final,Hartford,Maine,363,154,75,65,,Am. East,Am. East,,,Chase Arena,West Hartford,CT,
23471,2022-02-16,19:00,2022,regular,,final,Binghamton,UAlbany,24,306,67,68,,Am. East,Am. East,,,Events Center (Binghamton),Binghamton,NY,
23472,2022-02-16,19:00,2022,regular,,final,Stetson,Jacksonville,283,127,45,67,,ASUN,ASUN,,,Edmunds Center,DeLand,FL,
23473,2022-02-16,19:00,2022,regular,,final,Florida Gulf Coast,Kennesaw State,88,133,82,76,,ASUN,ASUN,,,Alico Arena,Fort Myers,FL,
23474,2022-02-16,19:00,2022,regular,,final,St. Bonaventure,Massachusetts,277,161,83,71,,A-10,A-10,,,Reilly Center,Saint Bonaventure,NY,
23475,2022-02-16,19:00,2022,regular,,final,Saint Joseph's,George Mason,251,95,70,75,,A-10,A-10,,,Michael J. Hagan '85 Arena,Philadelphia,PA,
23476,2022-02-16,19:00,2022,regular,,final,Western Carolina,Furman,348,93,85,103,,SoCon,SoCon,,,Ramsey Center,Cullowhee,NC,
23477,2022-02-16,19:00,2022,regular,,final,Mercer,East Tennessee State,164,75,65,56,,SoCon,SoCon,,,Hawkins Arena,Macon,GA,
23478,2022-02-16,19:00,2022,regular,,final,The Citadel,Wofford,299,356,58,65,,SoCon,SoCon,,,McAlister Field House,Charleston,SC,
23479,2022-02-16,19:00,2022,regular,,final,LSU,Georgia,136,98,84,65,,SEC,SEC,,,Pete Maravich Assembly Center,Baton Rouge,LA,
23480,2022-02-16,19:30,2022,regular,,final,Duquesne,George Washington,73,96,52,73,,A-10,A-10,,,UPMC Cooper Fieldhouse,Pittsburgh,PA,
23481,2022-02-16,19:30,2022,regular,,final,Stephen F. Austin,Chicago State,282,50,88,71,,UAC,UAC,,,William R. Johnson Coliseum,Nacogdoches,TX,
23482,2022-02-16,19:30,2022,regular,,final,Eastern Kentucky,North Alabama,78,197,80,76,,ASUN,ASUN,,,Baptist Health Arena,Richmond,KY,
23483,2022-02-16,20:00,2022,regular,,final,Saint Louis,La Salle,252,137,90,64,,A-10,A-10,,,Chaifetz Arena,St. Louis,MO,
23484,2022-02-16,20:00,2022,regular,,final,Marquette,Georgetown,157,97,77,66,,Big East,Big East,,,Fiserv Forum,Milwaukee,WI,
23485,2022-02-16,20:00,2022,regular,,final,Tarleton State,Utah Valley,288,332,56,69,,UAC,UAC,,,Wisdom Gym,Stephenville,TX,
23486,2022-02-16,20:00,2022,regular,,final,UT Rio Grande Valley,Seattle U,326,262,62,102,,UAC,UAC,,,UTRGV Fieldhouse,Edinburg,TX,
23487,2022-02-16,20:00,2022,regular,,final,North Carolina,Pittsburgh,200,229,67,76,,ACC,ACC,,,Dean E. Smith Center,Chapel Hill,NC,
23488,2022-02-16,20:00,2022,regular,,final,Lipscomb,Jacksonville State,143,128,67,78,,ASUN,ASUN,,,Allen Arena,Nashville,TN,
23489,2022-02-16,20:00,2022,regular,,final,Central Arkansas,Bellarmine,43,21,69,79,,ASUN,ASUN,,,Farris Center,Conway,AR,
23490,2022-02-16,20:00,2022,regular,,final,Valparaiso,Loyola Chicago,335,151,69,71,,MVC,MVC,,,Athletics-Recreation Center,Valparaiso,IN,
23491,2022-02-16,20:00,2022,regular,,final,Drake,Evansville,70,82,73,51,,MVC,MVC,,,Knapp Center,Des Moines,IA,
23452,2022-02-16,20:30,2022,regular,,final,UConn,Seton Hall,314,263,70,65,,Big East,Big East,,,Gampel Pavilion,Storrs,CT,
23448,2022-02-16,21:00,2022,regular,,final,Auburn,Vanderbilt,16,336,94,80,,SEC,SEC,,,Neville Arena,Auburn,AL,
23449,2022-02-16,21:00,2022,regular,,final,Northwestern,Purdue,212,236,64,70,,Big Ten,Big Ten,,,Welsh-Ryan Arena,Evanston,IL,
23450,2022-02-16,21:00,2022,regular,,final,Texas Tech,Baylor,298,20,83,73,,Big 12,Big 12,,,United Supermarkets Arena,Lubbock,TX,
23492,2022-02-16,21:00,2022,regular,,final,Temple,SMU,289,248,64,57,,American,American,,,Liacouras Center,Philadelphia,PA,
23493,2022-02-16,21:00,2022,regular,,final,UT Martin,Morehead State,325,181,60,68,,OVC,OVC,,,Skyhawk Arena,Martin,TN,
23494,2022-02-16,21:00,2022,regular,,final,New Mexico State,Utah Tech,192,330,75,64,,UAC,UAC,,,Pan American Center,Las Cruces,NM,
23495,2022-02-16,22:00,2022,regular,,final,California Baptist,Grand Canyon,39,104,60,65,,UAC,UAC,,,Dale E. and Sarah Ann Fowler Events Center,Riverside,CA,
23496,2022-02-16,22:00,2022,regular,,final,Air Force,Boise State,2,25,59,85,,Mountain West,Mountain West,,,Clune Arena,Colorado Springs,CO,
23497,2022-02-16,22:30,2022,regular,,final,Fresno State,UNLV,92,322,57,60,,Mountain West,Mountain West,,,Save Mart Center,Fresno,CA,
23447,2022-02-16,23:00,2022,regular,,final,Pepperdine,Gonzaga,228,102,66,86,,WCC,WCC,,,Firestone Fieldhouse,Malibu,CA,
23503,2022-02-17,12:00,2022,regular,,final,Eastern Michigan,Buffalo,79,33,69,83,,MAC,MAC,,,Gervin GameAbove Center,Ypsilanti,MI,
23504,2022-02-17,16:00,2022,regular,,final,Penn State,Minnesota,226,173,67,46,,Big Ten,Big Ten,,,Bryce Jordan Center,University Park,PA,
23505,2022-02-17,18:00,2022,regular,,final,UNC Wilmington,Towson,321,301,55,79,,CAA,CAA,,,Trask Coliseum,Wilmington,NC,
23506,2022-02-17,18:30,2022,regular,,final,App State,Troy,9,302,61,67,,Sun Belt,Sun Belt,,,Holmes Convocation Center,Boone,NC,
23502,2022-02-17,19:00,2022,regular,,final,Murray State,Austin Peay,184,17,91,56,,OVC,OVC,,,CFSB Center,Murray,KY,
23507,2022-02-17,19:00,2022,regular,,final,Akron,Northern Illinois,3,208,63,66,,MAC,MAC,,,James A. Rhodes Arena,Akron,OH,
23508,2022-02-17,19:00,2022,regular,,final,South Florida,East Carolina,271,74,57,65,,American,American,,,Yuengling Center,Tampa,FL,
23509,2022-02-17,19:00,2022,regular,,final,Cincinnati,Wichita State,51,352,85,76,,American,American,,,Fifth Third Arena,Cincinnati,OH,
23510,2022-02-17,19:00,2022,regular,,final,Florida International,Middle Tennessee,89,171,65,71,,CUSA,CUSA,,,Ocean Bank Convocation Center,Miami,FL,
23511,2022-02-17,19:00,2022,regular,,final,Marshall,Old Dominion,158,219,67,63,,CUSA,CUSA,,,Cam Henderson Center,Huntington,WV,
23512,2022-02-17,19:00,2022,regular,,final,Florida Atlantic,North Texas,86,204,51,54,,CUSA,CUSA,,,Eleanor R. Baldwin Arena,Boca Raton,FL,
23513,2022-02-17,19:00,2022,regular,,final,St. Francis (PA),Long Island University,278,146,63,81,,NEC,NEC,,,DeGol Arena,Loretto,PA,
23514,2022-02-17,19:00,2022,regular,,final,Sacred Heart,Wagner,250,341,67,76,,NEC,NEC,,,William H. Pitt Center,Fairfield,CT,
23515,2022-02-17,19:00,2022,regular,,final,Mount St. Mary's,St. Francis Brooklyn,183,364,55,64,,NEC,NEC,,,Knott Arena,Emmitsburg,MD,
23516,2022-02-17,19:00,2022,regular,,final,Merrimack,Fairleigh Dickinson,166,84,64,44,,NEC,NEC,,,Hammel Court,North Andover,MA,
23517,2022-02-17,19:00,2022,regular,,final,Bryant,Central Connecticut,31,44,75,61,,NEC,NEC,,,Chace Athletic Center,Smithfield,RI,
23518,2022-02-17,19:00,2022,regular,,final,Youngstown State,UIC,361,315,88,79,,Horizon,Horizon,,,Beeghly Center,Youngstown,OH,
23519,2022-02-17,19:00,2022,regular,,final,Robert Morris,IU Indianapolis,244,115,56,66,,Horizon,Horizon,,,UPMC Events Center,Moon Township,PA,
23520,2022-02-17,19:00,2022,regular,,final,Georgia State,Georgia Southern,100,99,79,63,,Sun Belt,Sun Belt,,,Georgia State Sports Arena,Atlanta,GA,
23521,2022-02-17,19:00,2022,regular,,final,Coastal Carolina,South Alabama,54,265,68,71,,Sun Belt,Sun Belt,,,The HTC Center,Conway,SC,
23522,2022-02-17,19:00,2022,regular,,final,Chattanooga,UNC Greensboro,49,320,70,73,,SoCon,SoCon,,,McKenzie Arena,Chattanooga,TN,
23523,2022-02-17,19:00,2022,regular,,final,William & Mary,Drexel,353,71,57,72,,CAA,CAA,,,Kaplan Arena,Williamsburg,VA,
23524,2022-02-17,19:00,2022,regular,,final,Elon,Delaware,81,66,62,71,,CAA,CAA,,,Schar Center,Elon,NC,
23525,2022-02-17,19:00,2022,regular,,final,Charleston,James Madison,46,129,63,71,,CAA,CAA,,,TD Arena,Charleston,SC,
23526,2022-02-17,19:00,2022,regular,,final,Iowa,Michigan,124,170,79,84,,Big Ten,Big Ten,,,Carver-Hawkeye Arena,Iowa City,IA,
23498,2022-02-17,19:30,2022,regular,,final,Arizona,Oregon State,11,224,83,69,,Pac-12,Pac-12,,,McKale Memorial Center,Tucson,AZ,
23527,2022-02-17,19:30,2022,regular,,final,Louisiana Tech,UTEP,149,327,60,63,,CUSA,CUSA,,,Thomas Assembly Center,Ruston,LA,
23528,2022-02-17,19:30,2022,regular,,final,Sam Houston,Abilene Christian,255,1,75,71,,UAC,UAC,,,Bernard G. Johnson Coliseum,Huntsville,TX,
23529,2022-02-17,19:30,2022,regular,,final,UL Monroe,Louisiana,316,148,77,78,,Sun Belt,Sun Belt,,,Fant-Ewing Coliseum,Monroe,LA,
23530,2022-02-17,20:00,2022,regular,,final,Belmont,Eastern Illinois,22,77,81,57,,OVC,OVC,,,Curb Event Center Arena,Nashville,TN,
23531,2022-02-17,20:00,2022,regular,,final,Southern Miss,UTSA,275,328,79,98,,CUSA,CUSA,,,Reed Green Coliseum,Hattiesburg,MS,
23532,2022-02-17,20:00,2022,regular,,final,UAB,Rice,305,241,92,68,,CUSA,CUSA,,,Bartow Arena,Birmingham,AL,
23533,2022-02-17,20:00,2022,regular,,final,Western Kentucky,Charlotte,350,48,77,67,,CUSA,CUSA,,,E.A. Diddle Arena,Bowling Green,KY,
23534,2022-02-17,20:00,2022,regular,,final,Nicholls,McNeese,195,162,82,73,,Southland,Southland,,,David R. Stopher Gymnasium,Thibodaux,LA,
23535,2022-02-17,20:00,2022,regular,,final,UT Arlington,Little Rock,324,144,85,70,,Sun Belt,Sun Belt,,,College Park Center,Arlington,TX,
23536,2022-02-17,20:00,2022,regular,,final,Texas State,Arkansas State,297,13,84,67,,Sun Belt,Sun Belt,,,Strahan Arena at the University Events Center,San Marcos,TX,
23537,2022-02-17,20:00,2022,regular,,final,Omaha,Denver,221,68,72,69,,Summit,Summit,,,Baxter Arena,Omaha,NE,
23538,2022-02-17,20:00,2022,regular,,final,North Dakota,Kansas City,201,130,65,80,,Summit,Summit,,,Betty Engelstad Sioux Center,Grand Forks,ND,
23539,2022-02-17,20:00,2022,regular,,final,South Dakota,St. Thomas-Minnesota,269,280,81,60,,Summit,Summit,,,Sanford Coyote Sports Center,Vermillion,SD,
23540,2022-02-17,20:00,2022,regular,,final,South Dakota State,Western Illinois,270,349,91,66,,Summit,Summit,,,Frost Arena,Brookings,SD,
23541,2022-02-17,20:00,2022,regular,,final,North Dakota State,Oral Roberts,202,222,77,59,,Summit,Summit,,,Scheels Center,Fargo,ND,
23542,2022-02-17,20:00,2022,regular,,final,Samford,VMI,256,334,100,99,,SoCon,SoCon,,,Pete Hanna Center,Homewood,AL,
23566,2022-02-17,20:00,2022,regular,,cancelled,UC Davis,Cal Poly,307,35,0,0,,Big West,Big West,,,University Credit Union Center,Davis,CA,
23543,2022-02-17,20:30,2022,regular,,final,Tennessee Tech,Southeast Missouri State,291,272,98,94,,OVC,OVC,,,Hooper Eblen Center,Cookeville,TN,
23544,2022-02-17,20:30,2022,regular,,final,Tennessee State,SIU Edwardsville,290,247,81,65,,OVC,OVC,,,Gentry Center,Nashville,TN,
23545,2022-02-17,20:30,2022,regular,,final,Texas A&M-Corpus Christi,SE Louisiana,294,246,74,83,,Southland,Southland,,,American Bank Center,Corpus Christi,TX,
23546,2022-02-17,20:30,2022,regular,,final,Incarnate Word,Northwestern State,120,211,64,88,,Southland,Southland,,,McDermott Center,San Antonio,TX,
23500,2022-02-17,21:00,2022,regular,,final,Houston,UCF,113,312,70,52,,American,American,,,Fertitta Center,Houston,TX,
23547,2022-02-17,21:00,2022,regular,,final,New Mexico,Colorado State,191,57,68,83,,Mountain West,Mountain West,,,The Pit,Albuquerque,NM,
23548,2022-02-17,21:00,2022,regular,,final,Arizona State,Oregon,10,223,81,57,,Pac-12,Pac-12,,,Desert Financial Arena,Tempe,AZ,
23549,2022-02-17,21:00,2022,regular,,final,Weber State,Sacramento State,345,249,65,50,,Big Sky,Big Sky,,,Dee Events Center,Ogden,UT,
23550,2022-02-17,21:00,2022,regular,,final,Idaho State,Northern Colorado,116,207,61,58,,Big Sky,Big Sky,,,Reed Gym,Pocatello,ID,
23551,2022-02-17,21:00,2022,regular,,final,Idaho,Montana,117,179,82,76,,Big Sky,Big Sky,,,ICCU Arena,Moscow,ID,
23552,2022-02-17,21:00,2022,regular,,final,Eastern Washington,Montana State,80,180,88,86,,Big Sky,Big Sky,,,Reese Court,Cheney,WA,
23553,2022-02-17,21:00,2022,regular,,final,High Point,Longwood,109,147,71,78,,Big South,Big South,,,Qubein Center,High Point,NC,
23554,2022-02-17,21:30,2022,regular,,final,California,Colorado,40,56,62,70,,Pac-12,Pac-12,,,Haas Pavilion,Berkeley,CA,
23555,2022-02-17,22:00,2022,regular,,final,Saint Mary's,San Francisco,253,259,69,64,,WCC,WCC,,,University Credit Union Pavilion,Moraga,CA,
23556,2022-02-17,22:00,2022,regular,,final,DePaul,Creighton,65,61,59,71,,Big East,Big East,,,Wintrust Arena,Chicago,IL,
23557,2022-02-17,22:00,2022,regular,,final,UC Riverside,Cal State Bakersfield,309,36,79,69,,Big West,Big West,,,SRC Arena,Riverside,CA,
23558,2022-02-17,22:00,2022,regular,,final,UC San Diego,Hawai'i,310,108,53,65,,Big West,Big West,,,LionTree Arena,San Diego,CA,
23559,2022-02-17,22:00,2022,regular,,final,Cal State Northridge,Long Beach State,38,145,59,72,,Big West,Big West,,,Premier America Credit Union Arena,Northridge,CA,
23560,2022-02-17,22:00,2022,regular,,final,UC Santa Barbara,Cal State Fullerton,311,37,58,67,,Big West,Big West,,,The Thunderdome,Santa Barbara,CA,
23561,2022-02-17,22:00,2022,regular,,final,Portland State,Northern Arizona,231,206,68,67,,Big Sky,Big Sky,,,Viking Pavilion,Portland,OR,
23562,2022-02-17,22:00,2022,regular,,final,Portland,San Diego,230,258,92,60,,WCC,WCC,,,Chiles Center,Portland,OR,
23563,2022-02-17,22:00,2022,regular,,final,Loyola Marymount,Santa Clara,153,261,80,84,,WCC,WCC,,,Gersten Pavilion,Los Angeles,CA,
23499,2022-02-17,23:00,2022,regular,,final,UCLA,Washington State,313,344,76,56,,Pac-12,Pac-12,,,Pauley Pavilion,Los Angeles,CA,
23564,2022-02-17,23:00,2022,regular,,final,Stanford,Utah,281,331,56,60,,Pac-12,Pac-12,,,Maples Pavilion,Stanford,CA,
23501,2022-02-17,23:30,2022,regular,,final,USC,Washington,323,343,79,69,,Pac-12,Pac-12,,,Galen Center,Los Angeles,CA,
23565,2022-02-17,23:59,2022,regular,,final,San José State,Nevada,260,189,60,90,,Mountain West,Mountain West,,,Provident Credit Union Event Center,San Jose,CA,
23567,2022-02-18,17:00,2022,regular,,final,St. John's,Butler,279,34,91,57,,Big East,Big East,,,Carnesecca Arena,Queens,NY,
23568,2022-02-18,19:00,2022,regular,,final,Brown,Princeton,30,234,50,69,,Ivy,Ivy,,,Pizzitola Sports Center,Providence,RI,
23569,2022-02-18,19:00,2022,regular,,final,Yale,Pennsylvania,360,227,81,72,,Ivy,Ivy,,,John J. Lee Amphitheater,New Haven,CT,
23570,2022-02-18,19:00,2022,regular,,final,Dartmouth,Cornell,62,60,71,59,,Ivy,Ivy,,,Leede Arena,Hanover,NH,
23571,2022-02-18,19:00,2022,regular,,final,Harvard,Columbia,107,58,62,54,,Ivy,Ivy,,,Lavietes Pavilion,Cambridge,MA,
23572,2022-02-18,19:00,2022,regular,,final,Detroit Mercy,Northern Kentucky,69,210,60,52,,Horizon,Horizon,,,Calihan Hall,Detroit,MI,
23573,2022-02-18,19:00,2022,regular,,final,VCU,Richmond,333,242,77,57,,A-10,A-10,,,Siegel Center,Richmond,VA,
23574,2022-02-18,19:00,2022,regular,,final,Siena,Marist,264,156,53,62,,Metro,Metro,,,MVP Arena,Albany,NY,
23575,2022-02-18,19:00,2022,regular,,final,Fairfield,Saint Peter's,83,254,59,70,,Metro,Metro,,,Total Mortgage Arena,Bridgeport,CT,
23576,2022-02-18,19:00,2022,regular,,final,Monmouth,Rider,178,243,60,58,,Metro,Metro,,,OceanFirst Bank Center,West Long Branch,NJ,
23577,2022-02-18,19:00,2022,regular,,final,Kent State,Ohio,134,215,75,52,,MAC,MAC,,,M.A.C. Center,Kent,OH,
23578,2022-02-18,20:00,2022,regular,,final,Green Bay,Purdue Fort Wayne,105,237,55,74,,Horizon,Horizon,,,Kress Center,Green Bay,WI,
23579,2022-02-18,20:00,2022,regular,,final,Milwaukee,Cleveland State,172,53,61,78,,Horizon,Horizon,,,UW-Milwaukee Panther Arena,Milwaukee,WI,
23580,2022-02-18,21:00,2022,regular,,final,Oakland,Wright State,214,357,74,78,,Horizon,Horizon,,,OU Credit Union O'rena,Rochester,MI,
23581,2022-02-18,21:00,2022,regular,,final,Nebraska,Maryland,188,160,74,90,,Big Ten,Big Ten,,,Pinnacle Bank Arena,Lincoln,NE,
23582,2022-02-18,21:30,2022,regular,,final,Mississippi State,Missouri,174,177,68,49,,SEC,SEC,,,Humphrey Coliseum,Starkville,MS,
23588,2022-02-19,12:00,2022,regular,,final,Baylor,TCU,20,287,72,62,,Big 12,Big 12,,,Ferrell Center,Waco,TX,
23592,2022-02-19,12:00,2022,regular,,final,Michigan State,Illinois,169,118,74,79,,Big Ten,Big Ten,,,Breslin Center,East Lansing,MI,
23598,2022-02-19,12:00,2022,regular,,final,UConn,Xavier,314,359,72,61,,Big East,Big East,,,Gampel Pavilion,Storrs,CT,
23599,2022-02-19,12:00,2022,regular,,final,South Florida,Tulsa,271,304,57,65,,American,American,,,Yuengling Center,Tampa,FL,
23600,2022-02-19,12:00,2022,regular,,final,Navy,Holy Cross,187,111,50,55,,Patriot,Patriot,,,Alumni Hall (Navy),Annapolis,MD,
23601,2022-02-19,12:00,2022,regular,,final,Syracuse,Boston College,286,26,76,56,,ACC,ACC,,,JMA Wireless Dome,Syracuse,NY,
23602,2022-02-19,12:00,2022,regular,,final,Vermont,UMBC,337,317,86,59,,Am. East,Am. East,,,Patrick Gymnasium,Burlington,VT,
23603,2022-02-19,12:00,2022,regular,,final,Massachusetts,La Salle,161,137,80,74,,A-10,A-10,,,Mullins Center,Amherst,MA,
23604,2022-02-19,12:00,2022,regular,,final,Furman,Wofford,93,356,70,69,,SoCon,SoCon,,,Timmons Arena,Greenville,SC,
23591,2022-02-19,12:30,2022,regular,,final,Texas,Texas Tech,295,298,55,61,,Big 12,Big 12,,,Frank Erwin Center,Austin,TX,
23586,2022-02-19,13:00,2022,regular,,final,Kentucky,Alabama,135,5,90,81,,SEC,SEC,,,Rupp Arena,Lexington,KY,
23605,2022-02-19,13:00,2022,regular,,final,Southern Miss,UTEP,275,327,70,84,,CUSA,CUSA,,,Reed Green Coliseum,Hattiesburg,MS,
23606,2022-02-19,13:00,2022,regular,,final,Wagner,Central Connecticut,341,44,78,68,,NEC,NEC,,,Spiro Sports Center,Staten Island,NY,
23607,2022-02-19,13:00,2022,regular,,final,Bryant,Fairleigh Dickinson,31,84,105,93,,NEC,NEC,,,Chace Athletic Center,Smithfield,RI,
23608,2022-02-19,13:00,2022,regular,,final,Wake Forest,Notre Dame,342,213,79,74,,ACC,ACC,,,LJVM Coliseum,Winston-Salem,NC,
23609,2022-02-19,13:00,2022,regular,,final,Indiana State,Southern Illinois,122,273,72,76,,MVC,MVC,,,Hulman Center,Terre Haute,IN,
23610,2022-02-19,13:00,2022,regular,,final,Saint Joseph's,Dayton,251,64,62,74,,A-10,A-10,,,Michael J. Hagan '85 Arena,Philadelphia,PA,
23611,2022-02-19,13:00,2022,regular,,final,The Citadel,East Tennessee State,299,75,67,77,,SoCon,SoCon,,,McAlister Field House,Charleston,SC,
23612,2022-02-19,13:00,2022,regular,,final,Canisius,Niagara,42,194,54,65,,Metro,Metro,,,Koessler Athletic Center,Buffalo,NY,
23613,2022-02-19,13:00,2022,regular,,final,Georgia,Ole Miss,98,220,68,85,,SEC,SEC,,,Stegeman Coliseum,Athens,GA,
23614,2022-02-19,13:30,2022,regular,,final,Colgate,Boston University,55,27,72,53,,Patriot,Patriot,,,Cotterell Court,Hamilton,NY,
23584,2022-02-19,14:00,2022,regular,,final,Florida,Auburn,87,16,63,62,,SEC,SEC,,,Stephen C. O'Connell Center,Gainesville,FL,
23615,2022-02-19,14:00,2022,regular,,final,Howard,Morgan State,114,182,68,66,1,MEAC,MEAC,,,Wolstein Center,Cleveland,OH,NBA HBCU Classic
23616,2022-02-19,14:00,2022,regular,,final,American University,Army,8,15,83,67,,Patriot,Patriot,,,Bender Arena,Washington,DC,
23617,2022-02-19,14:00,2022,regular,,final,Radford,High Point,239,109,66,64,,Big South,Big South,,,The Dedmon Center,Radford,VA,
23618,2022-02-19,14:00,2022,regular,,final,Oklahoma State,Kansas State,218,132,82,79,,Big 12,Big 12,,,Gallagher-Iba Arena,Stillwater,OK,
23619,2022-02-19,14:00,2022,regular,,final,Iowa State,Oklahoma,125,217,75,54,,Big 12,Big 12,,,Hilton Coliseum,Ames,IA,
23620,2022-02-19,14:00,2022,regular,,final,Youngstown State,IU Indianapolis,361,115,74,61,,Horizon,Horizon,,,Beeghly Center,Youngstown,OH,
23621,2022-02-19,14:00,2022,regular,,final,Evansville,Valparaiso,82,335,56,72,,MVC,MVC,,,Ford Center,Evansville,IN,
23622,2022-02-19,14:00,2022,regular,,final,Bradley,Illinois State,29,119,72,64,,MVC,MVC,,,Carver Arena,Peoria,IL,
23623,2022-02-19,14:00,2022,regular,,final,North Dakota,Oral Roberts,201,222,73,87,,Summit,Summit,,,Betty Engelstad Sioux Center,Grand Forks,ND,
23624,2022-02-19,14:00,2022,regular,,final,North Dakota State,Kansas City,202,130,71,85,,Summit,Summit,,,Scheels Center,Fargo,ND,
23625,2022-02-19,14:00,2022,regular,,final,Western Carolina,Mercer,348,164,69,65,,SoCon,SoCon,,,Ramsey Center,Cullowhee,NC,
23626,2022-02-19,14:00,2022,regular,,final,Hofstra,Northeastern,110,205,76,73,,CAA,CAA,,,David S. Mack Sports and Exhibition Complex,Hempstead,NY,
23595,2022-02-19,14:30,2022,regular,,final,Ohio State,Iowa,216,124,62,75,,Big Ten,Big Ten,,,Schottenstein Center,Columbus,OH,
23627,2022-02-19,15:00,2022,regular,,final,Chicago State,Tarleton State,50,288,60,79,,UAC,UAC,,,Jones Convocation Center,Chicago,IL,
23628,2022-02-19,15:00,2022,regular,,final,Merrimack,Sacred Heart,166,250,80,79,,NEC,NEC,,,Hammel Court,North Andover,MA,
23629,2022-02-19,15:00,2022,regular,,final,Louisville,Clemson,150,52,70,61,,ACC,ACC,,,KFC Yum! Center,Louisville,KY,
23630,2022-02-19,15:00,2022,regular,,final,UT Arlington,Arkansas State,324,13,49,58,,Sun Belt,Sun Belt,,,College Park Center,Arlington,TX,
23631,2022-02-19,15:00,2022,regular,,final,Georgia Southern,Georgia State,99,100,49,58,,Sun Belt,Sun Belt,,,Hanner Fieldhouse,Statesboro,GA,
23632,2022-02-19,15:00,2022,regular,,final,South Dakota State,St. Thomas-Minnesota,270,280,79,60,,Summit,Summit,,,Frost Arena,Brookings,SD,
23633,2022-02-19,15:00,2022,regular,,final,Samford,UNC Greensboro,256,320,55,49,,SoCon,SoCon,,,Pete Hanna Center,Homewood,AL,
23634,2022-02-19,15:00,2022,regular,,final,Eastern Michigan,Akron,79,3,48,67,,MAC,MAC,,,Gervin GameAbove Center,Ypsilanti,MI,
23635,2022-02-19,15:30,2022,regular,,final,Davidson,Saint Louis,63,252,79,58,,A-10,A-10,,,John M. Belk Arena,Davidson,NC,
23636,2022-02-19,15:30,2022,regular,,final,South Carolina,LSU,266,136,77,75,,SEC,SEC,,,Colonial Life Arena,Columbia,SC,
23594,2022-02-19,16:00,2022,regular,,final,Arkansas,Tennessee,12,292,58,48,,SEC,SEC,,,Bud Walton Arena,Fayetteville,AR,
23597,2022-02-19,16:00,2022,regular,,final,Wyoming,Air Force,358,2,75,67,,Mountain West,Mountain West,,,Arena-Auditorium,Laramie,WY,
23637,2022-02-19,16:00,2022,regular,,final,Bucknell,Lafayette,32,138,92,89,,Patriot,Patriot,,,Sojka Pavilion,Lewisburg,PA,
23638,2022-02-19,16:00,2022,regular,,final,Bethune-Cookman,Alabama A&M,23,4,60,62,,SWAC,SWAC,,,Moore Gymnasium (FL),Daytona Beach,FL,
23639,2022-02-19,16:00,2022,regular,,final,UC Irvine,Hawai'i,308,108,77,52,,Big West,Big West,,,Bren Events Center,Irvine,CA,
23640,2022-02-19,16:00,2022,regular,,final,Morehead State,Southeast Missouri State,181,272,84,92,,OVC,OVC,,,Ellis T. Johnson Arena,Morehead,KY,
23641,2022-02-19,16:00,2022,regular,,final,Tennessee State,Eastern Illinois,290,77,63,49,,OVC,OVC,,,Gentry Center,Nashville,TN,
23642,2022-02-19,16:00,2022,regular,,final,Alcorn State,Jackson State,7,126,61,60,,SWAC,SWAC,,,Davey L. Whitney Complex,Lorman,MS,
23643,2022-02-19,16:00,2022,regular,,final,UAB,North Texas,305,204,57,58,,CUSA,CUSA,,,Bartow Arena,Birmingham,AL,
23644,2022-02-19,16:00,2022,regular,,final,Florida Atlantic,Middle Tennessee,86,171,79,87,,CUSA,CUSA,,,Eleanor R. Baldwin Arena,Boca Raton,FL,
23645,2022-02-19,16:00,2022,regular,,final,Southern Utah,Montana State,276,180,71,76,,Big Sky,Big Sky,,,America First Events Center,Cedar City,UT,
23646,2022-02-19,16:00,2022,regular,,final,Nicholls,Houston Christian,195,112,84,70,,Southland,Southland,,,David R. Stopher Gymnasium,Thibodaux,LA,
23647,2022-02-19,16:00,2022,regular,,final,Seattle U,California Baptist,262,39,67,64,,UAC,UAC,,,Redhawk Center,Seattle,WA,
23648,2022-02-19,16:00,2022,regular,,final,Lamar,Stephen F. Austin,139,282,56,70,,UAC,UAC,,,Montagne Center,Beaumont,TX,
23649,2022-02-19,16:00,2022,regular,,final,St. Francis (PA),St. Francis Brooklyn,278,364,72,80,,NEC,NEC,,,DeGol Arena,Loretto,PA,
23650,2022-02-19,16:00,2022,regular,,final,Mount St. Mary's,Long Island University,183,146,61,66,,NEC,NEC,,,Knott Arena,Emmitsburg,MD,
23651,2022-02-19,16:00,2022,regular,,final,Presbyterian,Gardner-Webb,233,94,68,76,,Big South,Big South,,,Templeton Center,Clinton,SC,
23652,2022-02-19,16:00,2022,regular,,final,Virginia Tech,North Carolina,340,200,57,65,,ACC,ACC,,,Cassell Coliseum,Blacksburg,VA,
23653,2022-02-19,16:00,2022,regular,,final,UAlbany,New Hampshire,306,190,70,65,,Am. East,Am. East,,,Broadview Center,Albany,NY,
23654,2022-02-19,16:00,2022,regular,,final,Coastal Carolina,Troy,54,302,73,63,,Sun Belt,Sun Belt,,,The HTC Center,Conway,SC,
23655,2022-02-19,16:00,2022,regular,,final,Chattanooga,VMI,49,334,75,80,,SoCon,SoCon,,,McKenzie Arena,Chattanooga,TN,
23656,2022-02-19,16:00,2022,regular,,final,Elon,Drexel,81,71,60,71,,CAA,CAA,,,Schar Center,Elon,NC,
23657,2022-02-19,16:00,2022,regular,,final,William & Mary,Delaware,353,66,69,73,,CAA,CAA,,,Kaplan Arena,Williamsburg,VA,
23658,2022-02-19,16:00,2022,regular,,final,Charleston,Towson,46,301,77,80,,CAA,CAA,,,TD Arena,Charleston,SC,
23659,2022-02-19,16:00,2022,regular,,final,Buffalo,Western Michigan,33,351,87,73,,MAC,MAC,,,Alumni Arena,Buffalo,NY,
23660,2022-02-19,16:00,2022,regular,,final,Minnesota,Northwestern,173,212,77,60,,Big Ten,Big Ten,,,Williams Arena,Minneapolis,MN,
23661,2022-02-19,16:25,2022,regular,,final,North Carolina Central,Delaware State,199,67,84,79,,MEAC,MEAC,,,McDougald-McLendon Arena,Durham,NC,
23662,2022-02-19,16:26,2022,regular,,final,Florida A&M,Alabama State,85,6,86,83,,SWAC,SWAC,,,Al Lawson Center,Tallahassee,FL,
23663,2022-02-19,16:26,2022,regular,,final,South Carolina State,Maryland Eastern Shore,267,159,70,63,,MEAC,MEAC,,,Smith-Hammond-Middleton Memorial Center,Orangeburg,SC,
23596,2022-02-19,16:30,2022,regular,,final,UT Martin,Murray State,325,184,60,62,,OVC,OVC,,,Skyhawk Arena,Martin,TN,
23664,2022-02-19,16:30,2022,regular,,final,UNC Asheville,Winthrop,319,354,79,84,,Big South,Big South,,,Kimmel Arena,Asheville,NC,
23665,2022-02-19,16:30,2022,regular,,final,Campbell,North Carolina A&T,41,198,64,63,,Big South,Big South,,,John W. Pope Jr. Convocation Center,Buies Creek,NC,
23666,2022-02-19,16:30,2022,regular,,final,North Alabama,Lipscomb,197,143,72,75,,ASUN,ASUN,,,Flowers Hall,Florence,AL,
23667,2022-02-19,16:30,2022,regular,,final,App State,South Alabama,9,265,69,51,,Sun Belt,Sun Belt,,,Holmes Convocation Center,Boone,NC,
23668,2022-02-19,16:30,2022,regular,,final,Northern Illinois,Miami (OH),208,167,75,78,,MAC,MAC,,,NIU Convocation Center,Dekalb,IL,
23669,2022-02-19,16:50,2022,regular,,final,Coppin State,Norfolk State,59,196,59,89,,MEAC,MEAC,,,Physical Education Complex,Baltimore,MD,
23590,2022-02-19,17:00,2022,regular,,final,Villanova,Georgetown,338,97,74,66,,Big East,Big East,,,Finneran Pavilion,Villanova,PA,
23670,2022-02-19,17:00,2022,regular,,final,Mississippi Valley State,Texas Southern,175,296,59,79,,SWAC,SWAC,,,R.W. Harrison HPER Complex,Itta Bena,MS,
23671,2022-02-19,17:00,2022,regular,,final,Incarnate Word,SE Louisiana,120,246,92,84,,Southland,Southland,,,McDermott Center,San Antonio,TX,
23672,2022-02-19,17:00,2022,regular,,final,Belmont,SIU Edwardsville,22,247,73,62,,OVC,OVC,,,Curb Event Center Arena,Nashville,TN,
23673,2022-02-19,17:00,2022,regular,,final,Austin Peay,Tennessee Tech,17,291,69,73,,OVC,OVC,,,Winfield Dunn Center,Clarksville,TN,
23674,2022-02-19,17:00,2022,regular,,final,New Orleans,McNeese,193,162,88,75,,Southland,Southland,,,Lakefront Arena,New Orleans,LA,
23675,2022-02-19,17:00,2022,regular,,final,Miami,Virginia,168,339,71,74,,ACC,ACC,,,Watsco Center,Coral Gables,FL,
23676,2022-02-19,17:00,2022,regular,,final,UMass Lowell,Binghamton,318,24,64,78,,Am. East,Am. East,,,Costello Athletic Center,Lowell,MA,
23677,2022-02-19,17:00,2022,regular,,final,North Florida,Florida Gulf Coast,203,88,70,64,,ASUN,ASUN,,,UNF Arena,Jacksonville,FL,
23678,2022-02-19,17:00,2022,regular,,final,Texas State,Little Rock,297,144,68,50,,Sun Belt,Sun Belt,,,Strahan Arena at the University Events Center,San Marcos,TX,
23679,2022-02-19,17:00,2022,regular,,final,South Dakota,Western Illinois,269,349,78,65,,Summit,Summit,,,Sanford Coyote Sports Center,Vermillion,SD,
23680,2022-02-19,17:00,2022,regular,,final,Bowling Green,Ball State,28,19,82,91,,MAC,MAC,,,Stroh Center,Bowling Green,OH,
23681,2022-02-19,17:30,2022,regular,,final,Charleston Southern,South Carolina Upstate,47,268,73,78,,Big South,Big South,,,Buccaneer Fieldhouse,Charleston,SC,
23682,2022-02-19,17:30,2022,regular,,final,Stony Brook,Hartford,285,363,88,82,,Am. East,Am. East,,,Island FCU Arena,Stony Brook,NY,
23589,2022-02-19,18:00,2022,regular,,final,Duke,Florida State,72,90,88,70,,ACC,ACC,,,Cameron Indoor Stadium,Durham,NC,
23683,2022-02-19,18:00,2022,regular,,final,California,Utah,40,331,58,60,,Pac-12,Pac-12,,,Haas Pavilion,Berkeley,CA,
23684,2022-02-19,18:00,2022,regular,,final,Texas A&M-Corpus Christi,Northwestern State,294,211,83,76,,Southland,Southland,,,American Bank Center,Corpus Christi,TX,
23685,2022-02-19,18:00,2022,regular,,final,Brown,Pennsylvania,30,227,88,89,,Ivy,Ivy,,,Pizzitola Sports Center,Providence,RI,
23686,2022-02-19,18:00,2022,regular,,final,Jacksonville,Kennesaw State,127,133,59,56,,ASUN,ASUN,,,Swisher Gymnasium,Jacksonville,FL,
23687,2022-02-19,18:00,2022,regular,,final,Loyola Chicago,Drake,151,70,76,83,,MVC,MVC,,,Gentile Arena,Chicago,IL,
23688,2022-02-19,18:00,2022,regular,,final,George Washington,Rhode Island,96,240,72,61,,A-10,A-10,,,Charles E. Smith Center,Washington,DC,
23689,2022-02-19,18:00,2022,regular,,final,St. Bonaventure,Duquesne,277,73,81,55,,A-10,A-10,,,Reilly Center,Saint Bonaventure,NY,
23690,2022-02-19,18:00,2022,regular,,final,Vanderbilt,Texas A&M,336,293,72,67,,SEC,SEC,,,Memorial Gymnasium (TN),Nashville,TN,
23691,2022-02-19,18:00,2022,regular,,final,Boise State,Utah State,25,329,68,57,,Mountain West,Mountain West,,,ExtraMile Arena,Boise,ID,
23692,2022-02-19,18:30,2022,regular,,final,Arkansas-Pine Bluff,Prairie View A&M,14,232,84,92,,SWAC,SWAC,,,H.O. Clemmons Arena,Pine Bluff,AR,
23693,2022-02-19,18:30,2022,regular,,final,Southern,Grambling,274,103,57,61,,SWAC,SWAC,,,F.G. Clark Activity Center,Baton Rouge,LA,
23694,2022-02-19,18:30,2022,regular,,final,Idaho,Eastern Washington,117,80,83,80,,Big Sky,Big Sky,,,ICCU Arena,Moscow,ID,
23695,2022-02-19,19:00,2022,regular,,final,Florida International,Rice,89,241,80,78,,CUSA,CUSA,,,Ocean Bank Convocation Center,Miami,FL,
23696,2022-02-19,19:00,2022,regular,,final,Western Kentucky,Old Dominion,350,219,73,64,,CUSA,CUSA,,,E.A. Diddle Arena,Bowling Green,KY,
23697,2022-02-19,19:00,2022,regular,,final,Louisiana Tech,UTSA,149,328,95,71,,CUSA,CUSA,,,Thomas Assembly Center,Ruston,LA,
23698,2022-02-19,19:00,2022,regular,,final,Marshall,Charlotte,158,48,84,99,,CUSA,CUSA,,,Cam Henderson Center,Huntington,WV,
23699,2022-02-19,19:00,2022,regular,,final,Longwood,Hampton,147,106,76,72,,Big South,Big South,,,Willett Hall,Farmville,VA,
23700,2022-02-19,19:00,2022,regular,,final,Pittsburgh,Georgia Tech,229,101,62,68,,ACC,ACC,,,Petersen Events Center,Pittsburgh,PA,
23701,2022-02-19,19:00,2022,regular,,final,Yale,Princeton,360,234,75,81,,Ivy,Ivy,,,John J. Lee Amphitheater,New Haven,CT,
23702,2022-02-19,19:00,2022,regular,,final,Harvard,Cornell,107,60,77,72,,Ivy,Ivy,,,Lavietes Pavilion,Cambridge,MA,
23703,2022-02-19,19:00,2022,regular,,final,Dartmouth,Columbia,62,58,79,50,,Ivy,Ivy,,,Leede Arena,Hanover,NH,
23704,2022-02-19,19:00,2022,regular,,final,Liberty,Stetson,142,283,88,82,,ASUN,ASUN,,,Liberty Arena,Lynchburg,VA,
23705,2022-02-19,19:00,2022,regular,,final,Robert Morris,UIC,244,315,88,96,,Horizon,Horizon,,,UPMC Events Center,Moon Township,PA,
23706,2022-02-19,19:00,2022,regular,,final,UNC Wilmington,James Madison,321,129,78,77,,CAA,CAA,,,Trask Coliseum,Wilmington,NC,
23707,2022-02-19,19:00,2022,regular,,final,Toledo,Central Michigan,300,45,68,66,,MAC,MAC,,,Savage Arena,Toledo,OH,
23708,2022-02-19,19:15,2022,regular,,final,Central Arkansas,Eastern Kentucky,43,78,83,76,,ASUN,ASUN,,,Farris Center,Conway,AR,
23587,2022-02-19,20:00,2022,regular,,final,West Virginia,Kansas,347,131,58,71,,Big 12,Big 12,,,WVU Coliseum,Morgantown,WV,
23709,2022-02-19,20:00,2022,regular,,final,Arizona State,Oregon State,10,224,73,53,,Pac-12,Pac-12,,,Desert Financial Arena,Tempe,AZ,
23710,2022-02-19,20:00,2022,regular,,final,UC Riverside,Cal Poly,309,35,78,58,,Big West,Big West,,,SRC Arena,Riverside,CA,
23711,2022-02-19,20:00,2022,regular,,final,UC Davis,Cal State Bakersfield,307,36,81,79,,Big West,Big West,,,University Credit Union Center,Davis,CA,
23712,2022-02-19,20:00,2022,regular,,final,Seton Hall,DePaul,263,65,66,64,,Big East,Big East,,,Prudential Center,Newark,NJ,
23713,2022-02-19,20:00,2022,regular,,final,Weber State,Northern Colorado,345,207,79,83,,Big Sky,Big Sky,,,Dee Events Center,Ogden,UT,
23714,2022-02-19,20:00,2022,regular,,final,Idaho State,Sacramento State,116,249,75,80,,Big Sky,Big Sky,,,Reed Gym,Pocatello,ID,
23715,2022-02-19,20:00,2022,regular,,final,Grand Canyon,New Mexico State,104,192,66,82,,UAC,UAC,,,Global Credit Union Arena,Phoenix,AZ,
23716,2022-02-19,20:00,2022,regular,,final,UT Rio Grande Valley,Sam Houston,326,255,61,67,,UAC,UAC,,,UTRGV Fieldhouse,Edinburg,TX,
23717,2022-02-19,20:00,2022,regular,,final,Portland,Pepperdine,230,228,77,74,,WCC,WCC,,,Chiles Center,Portland,OR,
23718,2022-02-19,20:00,2022,regular,,final,Louisiana,UL Monroe,148,316,79,74,,Sun Belt,Sun Belt,,,Cajundome,Lafayette,LA,
23719,2022-02-19,20:00,2022,regular,,final,UNLV,Colorado State,322,57,72,51,,Mountain West,Mountain West,,,Thomas & Mack Center,Las Vegas,NV,
23583,2022-02-19,21:00,2022,regular,,final,Gonzaga,Santa Clara,102,261,81,69,,WCC,WCC,,,McCarthey Athletic Center,Spokane,WA,
23720,2022-02-19,21:00,2022,regular,,final,Utah Tech,Utah Valley,330,332,80,75,,UAC,UAC,,,Burns Arena,St. George,UT,
23585,2022-02-19,22:00,2022,regular,,final,Arizona,Oregon,11,223,84,81,,Pac-12,Pac-12,,,McKale Memorial Center,Tucson,AZ,
23593,2022-02-19,22:00,2022,regular,,final,UCLA,Washington,313,343,76,50,,Pac-12,Pac-12,,,Pauley Pavilion,Los Angeles,CA,
23721,2022-02-19,22:00,2022,regular,,final,Pacific,Loyola Marymount,225,153,69,68,,WCC,WCC,,,Alex G. Spanos Center,Stockton,CA,
23722,2022-02-19,22:00,2022,regular,,final,Stanford,Colorado,281,56,53,70,,Pac-12,Pac-12,,,Maples Pavilion,Stanford,CA,
23723,2022-02-19,22:00,2022,regular,,final,UC Santa Barbara,Long Beach State,311,145,84,71,,Big West,Big West,,,The Thunderdome,Santa Barbara,CA,
23724,2022-02-19,22:00,2022,regular,,final,Cal State Northridge,Cal State Fullerton,38,37,73,81,,Big West,Big West,,,Premier America Credit Union Arena,Northridge,CA,
23725,2022-02-19,22:00,2022,regular,,final,Saint Mary's,BYU,253,18,69,64,,WCC,WCC,,,University Credit Union Pavilion,Moraga,CA,
23726,2022-02-19,22:00,2022,regular,,final,Fresno State,San Diego State,92,257,44,61,,Mountain West,Mountain West,,,Save Mart Center,Fresno,CA,
23728,2022-02-20,13:00,2022,regular,,final,Butler,Providence,34,235,70,71,,Big East,Big East,,,Hinkle Fieldhouse,Indianapolis,IN,
23729,2022-02-20,13:00,2022,regular,,final,Wichita State,Houston,352,113,74,76,,American,American,,,Charles Koch Arena,Wichita,KS,
23730,2022-02-20,13:00,2022,regular,,final,Wisconsin,Michigan,355,170,77,63,,Big Ten,Big Ten,,,Kohl Center,Madison,WI,
23732,2022-02-20,13:00,2022,regular,,final,Maine,NJIT,154,186,65,61,,Am. East,Am. East,,,Cross Insurance Center,Bangor,ME,
23733,2022-02-20,13:00,2022,regular,,final,Detroit Mercy,Wright State,69,357,80,75,,Horizon,Horizon,,,Calihan Hall,Detroit,MI,
23734,2022-02-20,13:00,2022,regular,,final,Iona,Fairfield,123,83,76,58,,Metro,Metro,,,Hynes Athletics Center,New Rochelle,NY,
23735,2022-02-20,14:00,2022,regular,,final,Cincinnati,Temple,51,289,71,75,,American,American,,,Fifth Third Arena,Cincinnati,OH,
23736,2022-02-20,14:00,2022,regular,,final,UCF,East Carolina,312,74,69,66,,American,American,,,Addition Financial Arena,Orlando,FL,
23737,2022-02-20,14:00,2022,regular,,final,Milwaukee,Purdue Fort Wayne,172,237,71,81,,Horizon,Horizon,,,UW-Milwaukee Panther Arena,Milwaukee,WI,
23738,2022-02-20,14:00,2022,regular,,final,Northern Iowa,Missouri State,209,176,95,75,,MVC,MVC,,,McLeod Center,Cedar Falls,IA,
23739,2022-02-20,14:00,2022,regular,,final,Marist,Quinnipiac,156,238,67,66,,Metro,Metro,,,McCann Arena,Poughkeepsie,NY,
23740,2022-02-20,14:00,2022,regular,,final,Siena,Saint Peter's,264,254,84,70,,Metro,Metro,,,MVP Arena,Albany,NY,
23741,2022-02-20,14:00,2022,regular,,final,Manhattan,Rider,155,243,84,78,,Metro,Metro,,,Draddy Gymnasium,Riverdale,NY,
23742,2022-02-20,14:30,2022,regular,,final,Fordham,George Mason,91,95,50,47,,A-10,A-10,,,Rose Hill Gym,Bronx,NY,
23743,2022-02-20,15:00,2022,regular,,final,SMU,Memphis,248,163,73,57,,American,American,,,Moody Coliseum,Dallas,TX,
23744,2022-02-20,15:00,2022,regular,,final,Creighton,Marquette,61,157,83,82,,Big East,Big East,,,CHI Health Center Omaha,Omaha,NE,
23745,2022-02-20,15:00,2022,regular,,final,Oakland,Northern Kentucky,214,210,66,71,,Horizon,Horizon,,,OU Credit Union O'rena,Rochester,MI,
23746,2022-02-20,15:00,2022,regular,,final,Green Bay,Cleveland State,105,53,67,79,,Horizon,Horizon,,,Kress Center,Green Bay,WI,
23747,2022-02-20,16:00,2022,regular,,final,San José State,New Mexico,260,191,71,55,,Mountain West,Mountain West,,,Provident Credit Union Event Center,San Jose,CA,
23748,2022-02-20,17:00,2022,regular,,final,Hartford,Stony Brook,363,285,74,70,,Am. East,Am. East,,,Chase Arena,West Hartford,CT,
23749,2022-02-20,17:00,2022,regular,,final,Loyola Maryland,Lehigh,152,141,69,42,,Patriot,Patriot,,,Reitz Arena,Baltimore,MD,
23727,2022-02-20,17:30,2022,regular,,final,Purdue,Rutgers,236,245,84,72,,Big Ten,Big Ten,,,Mackey Arena,West Lafayette,IN,
23750,2022-02-20,19:00,2022,regular,,final,Bellarmine,Jacksonville State,21,128,67,82,,ASUN,ASUN,,,Freedom Hall (KY),Louisville,KY,
23731,2022-02-20,19:30,2022,regular,,final,USC,Washington State,323,344,62,60,,Pac-12,Pac-12,,,Galen Center,Los Angeles,CA,
23751,2022-02-20,20:00,2022,regular,,final,Missouri,Mississippi State,177,174,56,58,,SEC,SEC,,,Mizzou Arena,Columbia,MO,
23755,2022-02-21,18:30,2022,regular,,final,Colgate,American University,55,8,63,49,,Patriot,Patriot,,,Cotterell Court,Hamilton,NY,
23754,2022-02-21,19:00,2022,regular,,final,Ohio State,Indiana,216,121,80,69,,Big Ten,Big Ten,,,Schottenstein Center,Columbus,OH,
23756,2022-02-21,19:00,2022,regular,,final,Central Arkansas,Liberty,43,142,66,85,,ASUN,ASUN,,,Farris Center,Conway,AR,
23757,2022-02-21,19:00,2022,regular,,final,Lafayette,Holy Cross,138,111,84,61,,Patriot,Patriot,,,Kirby Sports Center,Easton,PA,
23758,2022-02-21,19:00,2022,regular,,final,Middle Tennessee,UTEP,171,327,77,59,,CUSA,CUSA,,,Murphy Center,Murfreesboro,TN,
23759,2022-02-21,19:00,2022,regular,,final,Syracuse,Georgia Tech,286,101,74,73,,ACC,ACC,,,JMA Wireless Dome,Syracuse,NY,
23760,2022-02-21,19:00,2022,regular,,final,Boston College,Florida State,26,90,71,55,,ACC,ACC,,,Conte Forum,Chestnut Hill,MA,
23761,2022-02-21,19:00,2022,regular,,final,Howard,Coppin State,114,59,82,86,,MEAC,MEAC,,,Burr Gymnasium,Washington,DC,
23762,2022-02-21,19:00,2022,regular,,final,North Carolina,Louisville,200,150,70,63,,ACC,ACC,,,Dean E. Smith Center,Chapel Hill,NC,
23763,2022-02-21,19:00,2022,regular,,final,Maryland,Penn State,160,226,67,61,,Big Ten,Big Ten,,,XFINITY Center,College Park,MD,
23764,2022-02-21,19:30,2022,regular,,final,Morgan State,Norfolk State,182,196,85,74,,MEAC,MEAC,,,Hill Field House,Baltimore,MD,
23765,2022-02-21,19:30,2022,regular,,final,Florida A&M,Alabama A&M,85,4,63,71,,SWAC,SWAC,,,Al Lawson Center,Tallahassee,FL,
23766,2022-02-21,19:30,2022,regular,,final,North Carolina Central,Maryland Eastern Shore,199,159,66,79,,MEAC,MEAC,,,McDougald-McLendon Arena,Durham,NC,
23767,2022-02-21,19:30,2022,regular,,final,South Carolina State,Delaware State,267,67,79,74,,MEAC,MEAC,,,Smith-Hammond-Middleton Memorial Center,Orangeburg,SC,
23768,2022-02-21,20:00,2022,regular,,final,TCU,West Virginia,287,347,77,67,,Big 12,Big 12,,,Schollmaier Arena,Fort Worth,TX,
23769,2022-02-21,20:00,2022,regular,,final,Southern Miss,Marshall,275,158,60,74,,CUSA,CUSA,,,Reed Green Coliseum,Hattiesburg,MS,
23770,2022-02-21,20:00,2022,regular,,final,Samford,The Citadel,256,299,76,74,,SoCon,SoCon,,,Pete Hanna Center,Homewood,AL,
23771,2022-02-21,20:00,2022,regular,,final,SIU Edwardsville,Eastern Illinois,247,77,66,52,,OVC,OVC,,,First Community Arena,Edwardsville,IL,Make-up from 2/3
23772,2022-02-21,20:00,2022,regular,,final,Northern Colorado,Idaho State,207,116,77,70,,Big Sky,Big Sky,,,Bank of Colorado Arena,Greeley,CO,
23773,2022-02-21,20:00,2022,regular,,final,Drake,Indiana State,70,122,74,58,,MVC,MVC,,,Knapp Center,Des Moines,IA,
23774,2022-02-21,20:00,2022,regular,,final,Illinois State,Loyola Chicago,119,151,50,59,,MVC,MVC,,,CEFCU Arena,Normal,IL,
23775,2022-02-21,20:00,2022,regular,,final,Northern Arizona,Southern Utah,206,276,48,79,,Big Sky,Big Sky,,,J. Lawrence Walkup Skydome,Flagstaff,AZ,
23776,2022-02-21,20:00,2022,regular,,final,Valparaiso,Evansville,335,82,74,69,,MVC,MVC,,,Athletics-Recreation Center,Valparaiso,IN,
23777,2022-02-21,20:30,2022,regular,,final,Arkansas-Pine Bluff,Texas Southern,14,296,68,70,,SWAC,SWAC,,,H.O. Clemmons Arena,Pine Bluff,AR,
23778,2022-02-21,20:30,2022,regular,,final,Mississippi Valley State,Prairie View A&M,175,232,64,69,,SWAC,SWAC,,,R.W. Harrison HPER Complex,Itta Bena,MS,
23752,2022-02-21,21:00,2022,regular,,final,Oklahoma State,Baylor,218,20,64,66,,Big 12,Big 12,,,Gallagher-Iba Arena,Stillwater,OK,
23753,2022-02-21,21:00,2022,regular,,final,UCLA,Arizona State,313,10,66,52,,Pac-12,Pac-12,,,Pauley Pavilion,Los Angeles,CA,
23779,2022-02-21,21:00,2022,regular,,final,Bethune-Cookman,Alabama State,23,6,78,89,,SWAC,SWAC,,,Moore Gymnasium (FL),Daytona Beach,FL,
23780,2022-02-21,21:00,2022,regular,,final,Pacific,San Francisco,225,259,71,104,,WCC,WCC,,,Alex G. Spanos Center,Stockton,CA,
23781,2022-02-21,22:00,2022,regular,,final,Seattle U,New Mexico State,262,192,55,68,,UAC,UAC,,,Redhawk Center,Seattle,WA,
23789,2022-02-22,13:00,2022,regular,,final,North Dakota,St. Thomas-Minnesota,201,280,74,84,,Summit,Summit,,,Betty Engelstad Sioux Center,Grand Forks,ND,
23790,2022-02-22,18:00,2022,regular,,final,Dartmouth,Yale,62,360,61,66,,Ivy,Ivy,,,Leede Arena,Hanover,NH,
23785,2022-02-22,19:00,2022,regular,,final,Missouri,Tennessee,177,292,61,80,,SEC,SEC,,,Mizzou Arena,Columbia,MO,
23786,2022-02-22,19:00,2022,regular,,final,Florida,Arkansas,87,12,74,82,,SEC,SEC,,,Stephen C. O'Connell Center,Gainesville,FL,
23788,2022-02-22,19:00,2022,regular,,final,Iowa,Michigan State,124,169,86,60,,Big Ten,Big Ten,,,Carver-Hawkeye Arena,Iowa City,IA,
23791,2022-02-22,19:00,2022,regular,,final,Northeastern,Charleston,205,46,72,83,,CAA,CAA,,,Matthews Arena,Boston,MA,
23792,2022-02-22,19:00,2022,regular,,final,Monmouth,Siena,178,264,71,59,,Metro,Metro,,,OceanFirst Bank Center,West Long Branch,NJ,
23793,2022-02-22,19:00,2022,regular,,final,St. Bonaventure,Rhode Island,277,240,73,55,,A-10,A-10,,,Reilly Center,Saint Bonaventure,NY,
23794,2022-02-22,19:00,2022,regular,,final,George Washington,Richmond,96,242,71,84,,A-10,A-10,,,Charles E. Smith Center,Washington,DC,
23795,2022-02-22,19:00,2022,regular,,final,Eastern Michigan,Northern Illinois,79,208,74,72,,MAC,MAC,,,Gervin GameAbove Center,Ypsilanti,MI,
23796,2022-02-22,19:00,2022,regular,,final,Kent State,Ball State,134,19,93,82,,MAC,MAC,,,M.A.C. Center,Kent,OH,
23797,2022-02-22,19:00,2022,regular,,final,Akron,Bowling Green,3,28,82,68,,MAC,MAC,,,James A. Rhodes Arena,Akron,OH,
23798,2022-02-22,19:00,2022,regular,,final,Miami (OH),Buffalo,167,33,84,86,,MAC,MAC,,,Millett Hall,Oxford,OH,
23799,2022-02-22,19:00,2022,regular,,final,Western Michigan,Toledo,351,300,50,92,,MAC,MAC,,,University Arena (MI),Kalamazoo,MI,
23800,2022-02-22,19:00,2022,regular,,final,Ohio,Central Michigan,215,45,76,50,,MAC,MAC,,,Convocation Center (OH),Athens,OH,
23801,2022-02-22,19:00,2022,regular,,final,Texas A&M,Georgia,293,98,91,77,,SEC,SEC,,,Reed Arena,College Station,TX,
23783,2022-02-22,20:00,2022,regular,,final,UConn,Villanova,314,338,71,69,,Big East,Big East,,,XL Center,Hartford,CT,
23784,2022-02-22,20:00,2022,regular,,final,Texas Tech,Oklahoma,298,217,66,42,,Big 12,Big 12,,,United Supermarkets Arena,Lubbock,TX,
23802,2022-02-22,20:00,2022,regular,,final,Pittsburgh,Miami,229,168,64,85,,ACC,ACC,,,Petersen Events Center,Pittsburgh,PA,
23803,2022-02-22,20:00,2022,regular,,final,Saint Louis,Saint Joseph's,252,251,72,61,,A-10,A-10,,,Chaifetz Arena,St. Louis,MO,
23804,2022-02-22,20:00,2022,regular,,final,Northwestern,Nebraska,212,188,77,65,,Big Ten,Big Ten,,,Welsh-Ryan Arena,Evanston,IL,
23782,2022-02-22,21:00,2022,regular,,final,Kansas,Kansas State,131,132,102,83,,Big 12,Big 12,,,Allen Fieldhouse,Lawrence,KS,
23787,2022-02-22,21:00,2022,regular,,final,Vanderbilt,Alabama,336,5,72,74,,SEC,SEC,,,Memorial Gymnasium (TN),Nashville,TN,
23805,2022-02-22,21:00,2022,regular,,final,Air Force,Fresno State,2,92,40,65,,Mountain West,Mountain West,,,Clune Arena,Colorado Springs,CO,
23806,2022-02-22,21:00,2022,regular,,final,Boise State,San Diego State,25,257,58,57,,Mountain West,Mountain West,,,ExtraMile Arena,Boise,ID,
23807,2022-02-22,22:00,2022,regular,,final,Cal Poly,Cal State Bakersfield,35,36,60,61,,Big West,Big West,,,Mott Athletics Center,San Luis Obispo,CA,
23808,2022-02-22,22:00,2022,regular,,final,Utah State,New Mexico,329,191,81,56,,Mountain West,Mountain West,,,Dee Glen Smith Spectrum,Logan,UT,
23809,2022-02-22,23:00,2022,regular,,final,Nevada,UNLV,189,322,54,62,,Mountain West,Mountain West,,,Lawlor Events Center,Reno,NV,
23817,2022-02-23,18:00,2022,regular,,final,Army,Bucknell,15,32,73,60,,Patriot,Patriot,,,Christl Arena,West Point,NY,
23818,2022-02-23,18:30,2022,regular,,final,St. John's,Creighton,279,61,78,81,,Big East,Big East,,,Carnesecca Arena,Queens,NY,
23819,2022-02-23,18:30,2022,regular,,final,South Carolina,Mississippi State,266,174,66,56,,SEC,SEC,,,Colonial Life Arena,Columbia,SC,
23812,2022-02-23,19:00,2022,regular,,final,Virginia,Duke,339,72,61,65,,ACC,ACC,,,John Paul Jones Arena,Charlottesville,VA,
23813,2022-02-23,19:00,2022,regular,,final,Providence,Xavier,235,359,99,92,,Big East,Big East,,,Amica Mutual Pavilion,Providence,RI,
23816,2022-02-23,19:00,2022,regular,,final,Texas,TCU,295,287,75,66,,Big 12,Big 12,,,Frank Erwin Center,Austin,TX,
23820,2022-02-23,19:00,2022,regular,,final,Towson,James Madison,301,129,84,65,,CAA,CAA,,,TU Arena,Towson,MD,
23821,2022-02-23,19:00,2022,regular,,final,VCU,George Mason,333,95,72,66,,A-10,A-10,,,Siegel Center,Richmond,VA,
23822,2022-02-23,19:00,2022,regular,,final,Georgia State,UL Monroe,100,316,82,70,,Sun Belt,Sun Belt,,,Georgia State Sports Arena,Atlanta,GA,
23823,2022-02-23,19:00,2022,regular,,final,Boston University,Lafayette,27,138,76,60,,Patriot,Patriot,,,Case Gym,Boston,MA,
23824,2022-02-23,19:00,2022,regular,,final,Holy Cross,Colgate,111,55,71,78,,Patriot,Patriot,,,Hart Center,Worcester,MA,
23825,2022-02-23,19:00,2022,regular,,final,East Carolina,South Florida,74,271,64,60,,American,American,,,Minges Coliseum,Greenville,NC,
23826,2022-02-23,19:00,2022,regular,,final,Lehigh,American University,141,8,78,61,,Patriot,Patriot,,,Stabler Arena,Bethlehem,PA,
23827,2022-02-23,19:00,2022,regular,,final,Navy,Loyola Maryland,187,152,52,50,,Patriot,Patriot,,,Alumni Hall (Navy),Annapolis,MD,
23828,2022-02-23,19:00,2022,regular,,final,Longwood,Radford,147,239,71,66,,Big South,Big South,,,Willett Hall,Farmville,VA,
23829,2022-02-23,19:00,2022,regular,,final,North Carolina A&T,High Point,198,109,58,78,,Big South,Big South,,,Corbett Sports Center,Greensboro,NC,
23830,2022-02-23,19:00,2022,regular,,final,Gardner-Webb,UNC Asheville,94,319,60,59,,Big South,Big South,,,Paul Porter Arena,Boiling Springs,NC,
23831,2022-02-23,19:00,2022,regular,,final,Presbyterian,Charleston Southern,233,47,68,48,,Big South,Big South,,,Templeton Center,Clinton,SC,
23832,2022-02-23,19:00,2022,regular,,final,Hampton,Campbell,106,41,68,66,,Big South,Big South,,,Convocation Center (VA),Hampton,VA,
23833,2022-02-23,19:00,2022,regular,,final,NC State,Boston College,185,26,61,69,,ACC,ACC,,,Lenovo Center,Raleigh,NC,
23834,2022-02-23,19:00,2022,regular,,final,Notre Dame,Syracuse,213,286,79,69,,ACC,ACC,,,Purcell Pavilion,South Bend,IN,
23835,2022-02-23,19:00,2022,regular,,final,Clemson,Wake Forest,52,342,80,69,,ACC,ACC,,,Littlejohn Coliseum,Clemson,SC,
23836,2022-02-23,19:00,2022,regular,,final,Binghamton,Vermont,24,337,49,66,,Am. East,Am. East,,,Events Center (Binghamton),Binghamton,NY,
23837,2022-02-23,19:00,2022,regular,,final,UMass Lowell,Stony Brook,318,285,67,50,,Am. East,Am. East,,,Costello Athletic Center,Lowell,MA,
23838,2022-02-23,19:00,2022,regular,,final,NJIT,New Hampshire,186,190,55,83,,Am. East,Am. East,,,Joel & Diane Bloom Wellness and Events Center,Newark,NJ,
23839,2022-02-23,19:00,2022,regular,,final,Hartford,UMBC,363,317,85,92,,Am. East,Am. East,,,Chase Arena,West Hartford,CT,
23840,2022-02-23,19:00,2022,regular,,final,Maine,UAlbany,154,306,68,72,,Am. East,Am. East,,,Cross Insurance Center,Bangor,ME,
23841,2022-02-23,19:00,2022,regular,,final,North Alabama,Central Arkansas,197,43,72,81,,ASUN,ASUN,,,Flowers Hall,Florence,AL,
23842,2022-02-23,19:00,2022,regular,,final,Liberty,Florida Gulf Coast,142,88,72,82,,ASUN,ASUN,,,Liberty Arena,Lynchburg,VA,
23843,2022-02-23,19:00,2022,regular,,final,Kennesaw State,Stetson,133,283,75,71,,ASUN,ASUN,,,KSU Convocation Center,Kennesaw,GA,
23844,2022-02-23,19:00,2022,regular,,final,Jacksonville State,Eastern Kentucky,128,78,81,68,,ASUN,ASUN,,,Pete Mathews Coliseum,Jacksonville,AL,
23845,2022-02-23,19:00,2022,regular,,final,Jacksonville,North Florida,127,203,71,39,,ASUN,ASUN,,,Swisher Gymnasium,Jacksonville,FL,
23846,2022-02-23,19:00,2022,regular,,final,Bellarmine,Lipscomb,21,143,76,73,,ASUN,ASUN,,,Freedom Hall (KY),Louisville,KY,
23847,2022-02-23,19:00,2022,regular,,final,Iowa State,West Virginia,125,347,84,81,,Big 12,Big 12,,,Hilton Coliseum,Ames,IA,
23848,2022-02-23,19:00,2022,regular,,final,Troy,UT Arlington,302,324,59,53,,Sun Belt,Sun Belt,,,Trojan Arena,Troy,AL,
23849,2022-02-23,19:00,2022,regular,,final,Georgia Southern,Louisiana,99,148,69,82,,Sun Belt,Sun Belt,,,Hanner Fieldhouse,Statesboro,GA,
23850,2022-02-23,19:00,2022,regular,,final,Valparaiso,Drake,335,70,65,71,,MVC,MVC,,,Athletics-Recreation Center,Valparaiso,IN,
23851,2022-02-23,19:00,2022,regular,,final,Indiana State,Northern Iowa,122,209,82,88,,MVC,MVC,,,Hulman Center,Terre Haute,IN,
23852,2022-02-23,19:00,2022,regular,,final,Fordham,La Salle,91,137,60,54,,A-10,A-10,,,Rose Hill Gym,Bronx,NY,
23853,2022-02-23,19:00,2022,regular,,final,Dayton,Massachusetts,64,161,82,61,,A-10,A-10,,,UD Arena,Dayton,OH,
23854,2022-02-23,19:00,2022,regular,,final,Duquesne,Davidson,73,63,50,74,,A-10,A-10,,,UPMC Cooper Fieldhouse,Pittsburgh,PA,
23855,2022-02-23,19:00,2022,regular,,final,VMI,Wofford,334,356,72,83,,SoCon,SoCon,,,Cameron Hall,Lexington,VA,
23856,2022-02-23,19:00,2022,regular,,final,UNC Greensboro,Western Carolina,320,348,73,64,,SoCon,SoCon,,,First Horizon Coliseum,Greensboro,NC,
23857,2022-02-23,19:00,2022,regular,,final,East Tennessee State,Chattanooga,75,49,77,83,,SoCon,SoCon,,,Freedom Hall (TN),Johnson City,TN,
23858,2022-02-23,19:00,2022,regular,,final,Mercer,The Citadel,164,299,67,71,,SoCon,SoCon,,,Hawkins Arena,Macon,GA,
23859,2022-02-23,19:00,2022,regular,,final,Michigan,Rutgers,170,245,71,62,,Big Ten,Big Ten,,,Crisler Center,Ann Arbor,MI,
23860,2022-02-23,19:30,2022,regular,,final,Little Rock,App State,144,9,66,78,,Sun Belt,Sun Belt,,,Jack Stephens Center,Little Rock,AR,
23815,2022-02-23,20:00,2022,regular,,final,Tulane,Houston,303,113,67,81,,American,American,,,Devlin Fieldhouse,New Orleans,LA,
23861,2022-02-23,20:00,2022,regular,,final,Southern Illinois,Illinois State,273,119,90,69,,MVC,MVC,,,Banterra Center,Carbondale,IL,
23862,2022-02-23,20:00,2022,regular,,final,SMU,Tulsa,248,304,75,61,,American,American,,,Moody Coliseum,Dallas,TX,
23863,2022-02-23,20:00,2022,regular,,final,Chicago State,Grand Canyon,50,104,64,85,,UAC,UAC,,,Jones Convocation Center,Chicago,IL,
23864,2022-02-23,20:00,2022,regular,,final,South Alabama,Texas State,265,297,52,55,,Sun Belt,Sun Belt,,,Mitchell Center,Mobile,AL,
23865,2022-02-23,20:00,2022,regular,,final,Arkansas State,Coastal Carolina,13,54,69,74,,Sun Belt,Sun Belt,,,First National Bank Arena,Jonesboro,AR,
23866,2022-02-23,20:00,2022,regular,,final,Missouri State,Bradley,176,29,83,67,,MVC,MVC,,,Great Southern Bank Arena,Springfield,MO,
23867,2022-02-23,20:00,2022,regular,,final,Loyola Chicago,Evansville,151,82,82,31,,MVC,MVC,,,Gentile Arena,Chicago,IL,
23868,2022-02-23,20:00,2022,regular,,final,Samford,Furman,256,93,83,75,,SoCon,SoCon,,,Pete Hanna Center,Homewood,AL,
23810,2022-02-23,20:30,2022,regular,,final,Auburn,Ole Miss,16,220,77,64,,SEC,SEC,,,Neville Arena,Auburn,AL,
23869,2022-02-23,20:30,2022,regular,,final,Seton Hall,Butler,263,34,66,60,,Big East,Big East,,,Prudential Center,Newark,NJ,
23811,2022-02-23,21:00,2022,regular,,final,Kentucky,LSU,135,136,71,66,,SEC,SEC,,,Rupp Arena,Lexington,KY,
23814,2022-02-23,21:00,2022,regular,,final,Minnesota,Wisconsin,173,355,67,68,,Big Ten,Big Ten,,,Williams Arena,Minneapolis,MN,
23870,2022-02-23,21:00,2022,regular,,final,UCF,Cincinnati,312,51,75,61,,American,American,,,Addition Financial Arena,Orlando,FL,
23871,2022-02-23,21:00,2022,regular,,final,Georgia Tech,Virginia Tech,101,340,58,62,,ACC,ACC,,,McCamish Pavilion,Atlanta,GA,
23872,2022-02-23,21:00,2022,regular,,final,Colorado State,Wyoming,57,358,61,55,,Mountain West,Mountain West,,,Moby Arena,Fort Collins,CO,
23873,2022-02-23,23:00,2022,regular,,final,Washington State,Washington,344,343,78,70,,Pac-12,Pac-12,,,Beasley Coliseum,Pullman,WA,
23881,2022-02-24,18:00,2022,regular,,final,Fairleigh Dickinson,Wagner,84,341,88,86,,NEC,NEC,,,Bogota Savings Bank Center,Hackensack,NJ,
23882,2022-02-24,18:30,2022,regular,,final,Northeastern,William & Mary,205,353,62,28,,CAA,CAA,,,Matthews Arena,Boston,MA,
23883,2022-02-24,19:00,2022,regular,,final,Miami (OH),Central Michigan,167,45,69,83,,MAC,MAC,,,Millett Hall,Oxford,OH,
23884,2022-02-24,19:00,2022,regular,,final,Memphis,Temple,163,289,78,64,,American,American,,,FedExForum,Memphis,TN,
23885,2022-02-24,19:00,2022,regular,,final,Middle Tennessee,Marshall,171,158,74,65,,CUSA,CUSA,,,Murphy Center,Murfreesboro,TN,
23886,2022-02-24,19:00,2022,regular,,final,Old Dominion,Florida Atlantic,219,86,70,51,,CUSA,CUSA,,,Chartway Arena,Norfolk,VA,
23887,2022-02-24,19:00,2022,regular,,final,Charlotte,Florida International,48,89,64,55,,CUSA,CUSA,,,Halton Arena,Charlotte,NC,
23888,2022-02-24,19:00,2022,regular,,final,St. Francis Brooklyn,Bryant,364,31,69,86,,NEC,NEC,,,Pope Physical Education Center,Brooklyn,NY,
23889,2022-02-24,19:00,2022,regular,,final,Sacred Heart,Mount St. Mary's,250,183,77,65,,NEC,NEC,,,William H. Pitt Center,Fairfield,CT,
23890,2022-02-24,19:00,2022,regular,,final,Long Island University,Merrimack,146,166,85,74,,NEC,NEC,,,Steinberg Wellness Center,Brooklyn,NY,
23891,2022-02-24,19:00,2022,regular,,final,Central Connecticut,St. Francis (PA),44,278,63,79,,NEC,NEC,,,Detrick Gymnasium,New Britain,CT,
23892,2022-02-24,19:00,2022,regular,,final,Winthrop,South Carolina Upstate,354,268,89,59,,Big South,Big South,,,Winthrop Coliseum,Rock Hill,SC,
23893,2022-02-24,19:00,2022,regular,,final,Wright State,Youngstown State,357,361,84,71,,Horizon,Horizon,,,Nutter Center,Dayton,OH,
23894,2022-02-24,19:00,2022,regular,,final,Northern Kentucky,Robert Morris,210,244,78,64,,Horizon,Horizon,,,Truist Arena,Highland Heights,KY,
23895,2022-02-24,19:00,2022,regular,,final,Oakland,Purdue Fort Wayne,214,237,70,81,,Horizon,Horizon,,,OU Credit Union O'rena,Rochester,MI,
23896,2022-02-24,19:00,2022,regular,,final,Detroit Mercy,Cleveland State,69,53,74,67,,Horizon,Horizon,,,Calihan Hall,Detroit,MI,
23897,2022-02-24,19:00,2022,regular,,final,Western Illinois,Omaha,349,221,88,76,,Summit,Summit,,,Western Hall,Macomb,IL,
23898,2022-02-24,19:00,2022,regular,,final,Hofstra,Elon,110,81,55,81,,CAA,CAA,,,David S. Mack Sports and Exhibition Complex,Hempstead,NY,
23899,2022-02-24,19:00,2022,regular,,final,Drexel,UNC Wilmington,71,321,63,69,,CAA,CAA,,,Daskalakis Athletic Center,Philadelphia,PA,
23900,2022-02-24,19:00,2022,regular,,final,Delaware,Charleston,66,46,96,99,,CAA,CAA,,,Bob Carpenter Center,Newark,DE,
23901,2022-02-24,19:00,2022,regular,,final,Quinnipiac,Siena,238,264,71,78,,Metro,Metro,,,M&T Bank Arena,Hamden,CT,
23902,2022-02-24,19:00,2022,regular,,final,Indiana,Maryland,121,160,74,64,,Big Ten,Big Ten,,,Simon Skjodt Assembly Hall,Bloomington,IN,
23903,2022-02-24,19:30,2022,regular,,final,Stephen F. Austin,Sam Houston,282,255,69,67,,UAC,UAC,,,William R. Johnson Coliseum,Nacogdoches,TX,
23904,2022-02-24,20:00,2022,regular,,final,Northern Illinois,Buffalo,208,33,68,79,,MAC,MAC,,,NIU Convocation Center,Dekalb,IL,
23905,2022-02-24,20:00,2022,regular,,final,Georgetown,DePaul,97,65,65,68,,Big East,Big East,,,Capital One Arena,Washington,DC,
23906,2022-02-24,20:00,2022,regular,,final,Southeast Missouri State,UT Martin,272,325,76,69,,OVC,OVC,,,Show Me Center,Cape Girardeau,MO,
23907,2022-02-24,20:00,2022,regular,,final,UTSA,UAB,328,305,56,68,,CUSA,CUSA,,,UTSA Convocation Center,San Antonio,TX,
23908,2022-02-24,20:00,2022,regular,,final,North Texas,Southern Miss,204,275,85,61,,CUSA,CUSA,,,The Super Pit,Denton,TX,
23909,2022-02-24,20:00,2022,regular,,final,Rice,Louisiana Tech,241,149,79,83,,CUSA,CUSA,,,Tudor Fieldhouse,Houston,TX,
23910,2022-02-24,20:00,2022,regular,,final,Northern Arizona,Idaho State,206,116,66,70,,Big Sky,Big Sky,,,J. Lawrence Walkup Skydome,Flagstaff,AZ,
23911,2022-02-24,20:00,2022,regular,,final,Northern Colorado,Eastern Washington,207,80,76,85,,Big Sky,Big Sky,,,Bank of Colorado Arena,Greeley,CO,
23912,2022-02-24,20:00,2022,regular,,final,Houston Christian,Incarnate Word,112,120,82,68,,Southland,Southland,,,Sharp Gymnasium,Houston,TX,
23913,2022-02-24,20:00,2022,regular,,final,Utah Valley,Seattle U,332,262,67,52,,UAC,UAC,,,UCCU Center,Orem,UT,
23914,2022-02-24,20:00,2022,regular,,final,Tarleton State,UT Rio Grande Valley,288,326,75,62,,UAC,UAC,,,Wisdom Gym,Stephenville,TX,
23915,2022-02-24,20:00,2022,regular,,final,Abilene Christian,Lamar,1,139,77,42,,UAC,UAC,,,Teague Center,Abilene,TX,
23916,2022-02-24,20:00,2022,regular,,final,IU Indianapolis,Milwaukee,115,172,54,66,,Horizon,Horizon,,,Corteva Coliseum,Indianapolis,IN,
23917,2022-02-24,20:00,2022,regular,,final,UIC,Green Bay,315,105,81,77,,Horizon,Horizon,,,Credit Union 1 Arena,Chicago,IL,
23918,2022-02-24,20:00,2022,regular,,final,Oral Roberts,South Dakota State,222,270,102,106,,Summit,Summit,,,Mabee Center,Tulsa,OK,
23919,2022-02-24,20:00,2022,regular,,final,Kansas City,South Dakota,130,269,72,63,,Summit,Summit,,,Swinney Center,Kansas City,MO,
23920,2022-02-24,20:00,2022,regular,,final,St. Thomas-Minnesota,Denver,280,68,80,91,,Summit,Summit,,,Schoenecker Arena,Saint Paul,MN,
23921,2022-02-24,20:30,2022,regular,,final,Eastern Illinois,Morehead State,77,181,46,82,,OVC,OVC,,,Groniger Arena,Charleston,IL,
23922,2022-02-24,20:30,2022,regular,,final,Northwestern State,Nicholls,211,195,62,80,,Southland,Southland,,,Prather Coliseum,Natchitoches,LA,
23923,2022-02-24,20:30,2022,regular,,final,McNeese,Texas A&M-Corpus Christi,162,294,53,65,,Southland,Southland,,,Legacy Center,Lake Charles,LA,
23874,2022-02-24,21:00,2022,regular,,final,San Francisco,Gonzaga,259,102,73,89,,WCC,WCC,,,The Sobrato Center,San Francisco,CA,
23877,2022-02-24,21:00,2022,regular,,final,Illinois,Ohio State,118,216,83,86,,Big Ten,Big Ten,,,State Farm Center,Champaign,IL,
23879,2022-02-24,21:00,2022,regular,,final,Murray State,Belmont,184,22,76,43,,OVC,OVC,,,CFSB Center,Murray,KY,
23924,2022-02-24,21:00,2022,regular,,final,Colorado,Arizona State,56,10,65,82,,Pac-12,Pac-12,,,CU Events Center,Boulder,CO,
23925,2022-02-24,21:00,2022,regular,,final,UC Davis,UC Santa Barbara,307,311,69,76,,Big West,Big West,,,University Credit Union Center,Davis,CA,
23926,2022-02-24,21:00,2022,regular,,final,Tennessee Tech,Tennessee State,291,290,56,92,,OVC,OVC,,,Hooper Eblen Center,Cookeville,TN,
23927,2022-02-24,21:00,2022,regular,,final,SIU Edwardsville,Austin Peay,247,17,64,68,,OVC,OVC,,,First Community Arena,Edwardsville,IL,
23928,2022-02-24,21:00,2022,regular,,final,Southern Utah,Montana,276,179,82,74,,Big Sky,Big Sky,,,America First Events Center,Cedar City,UT,
23929,2022-02-24,21:00,2022,regular,,final,SE Louisiana,New Orleans,246,193,84,79,,Southland,Southland,,,Pride Roofing University Center,Hammond,LA,
23930,2022-02-24,21:00,2022,regular,,final,Utah Tech,California Baptist,330,39,61,71,,UAC,UAC,,,Burns Arena,St. George,UT,
23876,2022-02-24,21:30,2022,regular,,final,Oregon,UCLA,223,313,68,63,,Pac-12,Pac-12,,,Matthew Knight Arena,Eugene,OR,
23880,2022-02-24,22:00,2022,regular,,final,San Diego,Saint Mary's,258,253,46,60,,WCC,WCC,,,Jenny Craig Pavilion,San Diego,CA,
23931,2022-02-24,22:00,2022,regular,,final,UC Riverside,Cal State Northridge,309,38,79,57,,Big West,Big West,,,SRC Arena,Riverside,CA,
23932,2022-02-24,22:00,2022,regular,,final,Long Beach State,UC San Diego,145,310,103,87,,Big West,Big West,,,Walter Pyramid,Long Beach,CA,
23933,2022-02-24,22:00,2022,regular,,final,Cal State Fullerton,UC Irvine,37,308,66,64,,Big West,Big West,,,Titan Gym,Fullerton,CA,
23934,2022-02-24,22:00,2022,regular,,final,Portland State,Weber State,231,345,81,75,,Big Sky,Big Sky,,,Viking Pavilion,Portland,OR,
23935,2022-02-24,22:00,2022,regular,,final,Sacramento State,Idaho,249,117,83,51,,Big Sky,Big Sky,,,The Nest,Sacramento,CA,
23936,2022-02-24,22:00,2022,regular,,final,BYU,Loyola Marymount,18,153,79,59,,WCC,WCC,,,Marriott Center,Provo,UT,
23937,2022-02-24,22:00,2022,regular,,final,Pacific,Portland,225,230,69,75,,WCC,WCC,,,Alex G. Spanos Center,Stockton,CA,
23938,2022-02-24,22:00,2022,regular,,final,Pepperdine,Santa Clara,228,261,73,89,,WCC,WCC,,,Firestone Fieldhouse,Malibu,CA,
23875,2022-02-24,23:00,2022,regular,,final,Utah,Arizona,331,11,77,97,,Pac-12,Pac-12,,,Jon M. Huntsman Center,Salt Lake City,UT,
23878,2022-02-24,23:00,2022,regular,,final,Oregon State,USC,224,323,91,94,,Pac-12,Pac-12,,,Gill Coliseum,Corvallis,OR,
23939,2022-02-24,23:59,2022,regular,,final,Hawai'i,Cal Poly,108,35,63,54,,Big West,Big West,,,Stan Sheriff Center,Honolulu,HI,
23941,2022-02-25,18:00,2022,regular,,final,Ohio,Akron,215,3,83,91,,MAC,MAC,,,Convocation Center (OH),Athens,OH,
23942,2022-02-25,19:00,2022,regular,,final,Princeton,Harvard,234,107,74,67,,Ivy,Ivy,,,Jadwin Gymnasium,Princeton,NJ,
23943,2022-02-25,19:00,2022,regular,,final,Georgia Southern,UL Monroe,99,316,81,75,,Sun Belt,Sun Belt,,,Hanner Fieldhouse,Statesboro,GA,
23944,2022-02-25,19:00,2022,regular,,final,Georgia State,Louisiana,100,148,65,58,,Sun Belt,Sun Belt,,,Georgia State Sports Arena,Atlanta,GA,
23945,2022-02-25,19:00,2022,regular,,final,Richmond,Saint Louis,242,252,68,66,,A-10,A-10,,,Robins Center,Richmond,VA,
23946,2022-02-25,19:00,2022,regular,,final,Rider,Niagara,243,194,70,68,,Metro,Metro,,,Alumni Gymnasium (Rider),Lawrenceville,NJ,
23947,2022-02-25,19:00,2022,regular,,final,Marist,Manhattan,156,155,74,56,,Metro,Metro,,,McCann Arena,Poughkeepsie,NY,
23948,2022-02-25,19:00,2022,regular,,final,Monmouth,Saint Peter's,178,254,65,70,,Metro,Metro,,,OceanFirst Bank Center,West Long Branch,NJ,
23949,2022-02-25,19:00,2022,regular,,final,Iona,Canisius,123,42,72,65,,Metro,Metro,,,Hynes Athletics Center,New Rochelle,NY,
23950,2022-02-25,19:00,2022,regular,,final,Penn State,Northwestern,226,212,67,60,,Big Ten,Big Ten,,,Bryce Jordan Center,University Park,PA,
23951,2022-02-25,19:30,2022,regular,,final,Little Rock,Coastal Carolina,144,54,55,68,,Sun Belt,Sun Belt,,,Jack Stephens Center,Little Rock,AR,
23952,2022-02-25,20:00,2022,regular,,final,South Alabama,UT Arlington,265,324,62,52,,Sun Belt,Sun Belt,,,Mitchell Center,Mobile,AL,
23953,2022-02-25,20:00,2022,regular,,final,Arkansas State,App State,13,9,62,60,,Sun Belt,Sun Belt,,,First National Bank Arena,Jonesboro,AR,
23940,2022-02-25,21:00,2022,regular,,final,Nebraska,Iowa,188,124,78,88,,Big Ten,Big Ten,,,Pinnacle Bank Arena,Lincoln,NE,
23954,2022-02-25,21:00,2022,regular,,final,Troy,Texas State,302,297,61,66,,Sun Belt,Sun Belt,,,Trojan Arena,Troy,AL,
23955,2022-02-25,23:00,2022,regular,,final,San Diego State,San José State,257,260,77,52,,Mountain West,Mountain West,,,Viejas Arena,San Diego,CA,
23959,2022-02-26,12:00,2022,regular,,final,Michigan State,Purdue,169,236,68,65,,Big Ten,Big Ten,,,Breslin Center,East Lansing,MI,
23971,2022-02-26,12:00,2022,regular,,final,New Hampshire,Binghamton,190,24,66,62,,Am. East,Am. East,,,Lundholm Gymnasium,Durham,NH,
23972,2022-02-26,12:00,2022,regular,,final,Oklahoma,Oklahoma State,217,218,66,62,,Big 12,Big 12,,,Lloyd Noble Center,Norman,OK,
23973,2022-02-26,12:00,2022,regular,,final,Northeastern,Elon,205,81,54,67,,CAA,CAA,,,Matthews Arena,Boston,MA,
23974,2022-02-26,12:00,2022,regular,,final,Toledo,Miami (OH),300,167,88,73,,MAC,MAC,,,Savage Arena,Toledo,OH,
23975,2022-02-26,12:00,2022,regular,,final,Georgia,Florida,98,87,72,84,,SEC,SEC,,,Stegeman Coliseum,Athens,GA,
23976,2022-02-26,12:30,2022,regular,,final,Rhode Island,Duquesne,240,73,70,54,,A-10,A-10,,,Thomas M. Ryan Center,Kingston,RI,
23977,2022-02-26,13:00,2022,regular,,final,Marquette,Butler,157,34,64,56,,Big East,Big East,,,Fiserv Forum,Milwaukee,WI,
23978,2022-02-26,13:00,2022,regular,,final,Central Connecticut,Mount St. Mary's,44,183,46,65,,NEC,NEC,,,Detrick Gymnasium,New Britain,CT,
23979,2022-02-26,13:00,2022,regular,,final,UMBC,Maine,317,154,93,79,,Am. East,Am. East,,,Chesapeake Employers Insurance Arena,Baltimore,MD,
23980,2022-02-26,13:00,2022,regular,,final,Stetson,North Florida,283,203,69,74,,ASUN,ASUN,,,Edmunds Center,DeLand,FL,
23981,2022-02-26,13:00,2022,regular,,final,Liberty,Kennesaw State,142,133,100,93,,ASUN,ASUN,,,Liberty Arena,Lynchburg,VA,
23982,2022-02-26,13:00,2022,regular,,final,Florida Gulf Coast,Jacksonville,88,127,76,69,,ASUN,ASUN,,,Alico Arena,Fort Myers,FL,
23983,2022-02-26,13:00,2022,regular,,final,Eastern Kentucky,Bellarmine,78,21,72,58,,ASUN,ASUN,,,Baptist Health Arena,Richmond,KY,
23984,2022-02-26,13:00,2022,regular,,final,Detroit Mercy,Purdue Fort Wayne,69,237,78,81,,Horizon,Horizon,,,Calihan Hall,Detroit,MI,
23985,2022-02-26,13:00,2022,regular,,final,The Citadel,Furman,299,93,59,94,,SoCon,SoCon,,,McAlister Field House,Charleston,SC,
23986,2022-02-26,13:00,2022,regular,,final,Mississippi State,Vanderbilt,174,336,74,69,,SEC,SEC,,,Humphrey Coliseum,Starkville,MS,
23961,2022-02-26,14:00,2022,regular,,final,Arkansas,Kentucky,12,135,75,73,,SEC,SEC,,,Bud Walton Arena,Fayetteville,AR,
23969,2022-02-26,14:00,2022,regular,,final,West Virginia,Texas,347,295,81,82,,Big 12,Big 12,,,WVU Coliseum,Morgantown,WV,
23987,2022-02-26,14:00,2022,regular,,final,Bucknell,Boston University,32,27,89,78,,Patriot,Patriot,,,Sojka Pavilion,Lewisburg,PA,
23988,2022-02-26,14:00,2022,regular,,final,Holy Cross,Army,111,15,58,66,,Patriot,Patriot,,,Hart Center,Worcester,MA,
23989,2022-02-26,14:00,2022,regular,,final,Lafayette,Lehigh,138,141,58,78,,Patriot,Patriot,,,Kirby Sports Center,Easton,PA,
23990,2022-02-26,14:00,2022,regular,,final,American University,Loyola Maryland,8,152,65,55,,Patriot,Patriot,,,Bender Arena,Washington,DC,
23991,2022-02-26,14:00,2022,regular,,final,Colgate,Navy,55,187,74,69,,Patriot,Patriot,,,Cotterell Court,Hamilton,NY,
23992,2022-02-26,14:00,2022,regular,,final,St. Francis Brooklyn,Merrimack,364,166,52,72,,NEC,NEC,,,Pope Physical Education Center,Brooklyn,NY,
23993,2022-02-26,14:00,2022,regular,,final,Sacred Heart,St. Francis (PA),250,278,80,68,,NEC,NEC,,,William H. Pitt Center,Fairfield,CT,
23994,2022-02-26,14:00,2022,regular,,final,Long Island University,Fairleigh Dickinson,146,84,84,77,,NEC,NEC,,,Steinberg Wellness Center,Brooklyn,NY,
23995,2022-02-26,14:00,2022,regular,,final,High Point,Hampton,109,106,88,77,,Big South,Big South,,,Qubein Center,High Point,NC,
23996,2022-02-26,14:00,2022,regular,,final,NC State,North Carolina,185,200,74,84,,ACC,ACC,,,Lenovo Center,Raleigh,NC,
23997,2022-02-26,14:00,2022,regular,,final,Cornell,Yale,60,360,71,65,,Ivy,Ivy,,,Newman Arena,Ithaca,NY,
23998,2022-02-26,14:00,2022,regular,,final,Dartmouth,Pennsylvania,62,227,84,70,,Ivy,Ivy,,,Leede Arena,Hanover,NH,
23999,2022-02-26,14:00,2022,regular,,final,Hartford,NJIT,363,186,83,62,,Am. East,Am. East,,,Chase Arena,West Hartford,CT,
24000,2022-02-26,14:00,2022,regular,,final,Lipscomb,Central Arkansas,143,43,81,66,,ASUN,ASUN,,,Allen Arena,Nashville,TN,
24001,2022-02-26,14:00,2022,regular,,final,Jacksonville State,North Alabama,128,197,69,52,,ASUN,ASUN,,,Pete Mathews Coliseum,Jacksonville,AL,
24002,2022-02-26,14:00,2022,regular,,final,Kansas State,Iowa State,132,125,73,74,,Big 12,Big 12,,,Bramlage Coliseum,Manhattan,KS,
24003,2022-02-26,14:00,2022,regular,,final,La Salle,Dayton,137,64,62,60,,A-10,A-10,,,Tom Gola Arena,Philadelphia,PA,
24004,2022-02-26,14:00,2022,regular,,final,North Dakota,North Dakota State,201,202,53,79,,Summit,Summit,,,Betty Engelstad Sioux Center,Grand Forks,ND,
24005,2022-02-26,14:00,2022,regular,,final,Hofstra,William & Mary,110,353,83,67,,CAA,CAA,,,David S. Mack Sports and Exhibition Complex,Hempstead,NY,
24006,2022-02-26,14:00,2022,regular,,final,Buffalo,Northern Illinois,33,208,70,60,,MAC,MAC,,,Alumni Arena,Buffalo,NY,
24007,2022-02-26,14:30,2022,regular,,final,Davidson,Fordham,63,91,66,45,,A-10,A-10,,,John M. Belk Arena,Davidson,NC,
24008,2022-02-26,15:00,2022,regular,,final,Chicago State,New Mexico State,50,192,61,59,,UAC,UAC,,,Jones Convocation Center,Chicago,IL,
24009,2022-02-26,15:00,2022,regular,,final,Miami,Virginia Tech,168,340,70,71,,ACC,ACC,,,Watsco Center,Coral Gables,FL,
24010,2022-02-26,15:00,2022,regular,,final,Boston College,Clemson,26,52,60,70,,ACC,ACC,,,Conte Forum,Chestnut Hill,MA,
24011,2022-02-26,15:00,2022,regular,,final,Oakland,Cleveland State,214,53,65,57,,Horizon,Horizon,,,OU Credit Union O'rena,Rochester,MI,
24012,2022-02-26,15:00,2022,regular,,final,Western Illinois,Denver,349,68,77,83,,Summit,Summit,,,Western Hall,Macomb,IL,
24013,2022-02-26,15:30,2022,regular,,final,Xavier,Seton Hall,359,263,66,82,,Big East,Big East,,,Cintas Center,Cincinnati,OH,
24014,2022-02-26,15:30,2022,regular,,final,Grambling,Florida A&M,103,85,73,79,,SWAC,SWAC,,,Fredrick C. Hobdy Assembly Center,Grambling,LA,
24015,2022-02-26,15:30,2022,regular,,final,Ball State,Eastern Michigan,19,79,75,64,,MAC,MAC,,,Worthen Arena,Muncie,IN,
24016,2022-02-26,15:30,2022,regular,,final,Ole Miss,Texas A&M,220,293,66,76,,SEC,SEC,,,The Sandy and John Black Pavilion at Ole Miss,Oxford,MS,
23958,2022-02-26,16:00,2022,regular,,final,Tennessee,Auburn,292,16,67,62,,SEC,SEC,,,Food City Center,Knoxville,TN,
23965,2022-02-26,16:00,2022,regular,,final,Oregon State,UCLA,224,313,55,94,,Pac-12,Pac-12,,,Gill Coliseum,Corvallis,OR,
24017,2022-02-26,16:00,2022,regular,,final,Howard,North Carolina Central,114,199,77,67,,MEAC,MEAC,,,Burr Gymnasium,Washington,DC,
24018,2022-02-26,16:00,2022,regular,,final,East Carolina,Tulsa,74,304,64,59,,American,American,,,Minges Coliseum,Greenville,NC,
24019,2022-02-26,16:00,2022,regular,,final,UC San Diego,Cal State Fullerton,310,37,81,76,,Big West,Big West,,,LionTree Arena,San Diego,CA,
24020,2022-02-26,16:00,2022,regular,,final,Maryland Eastern Shore,Coppin State,159,59,70,50,,MEAC,MEAC,,,Hytche Center,Princess Anne,MD,
24021,2022-02-26,16:00,2022,regular,,final,North Texas,Louisiana Tech,204,149,56,49,,CUSA,CUSA,,,The Super Pit,Denton,TX,
24022,2022-02-26,16:00,2022,regular,,final,Charlotte,Florida Atlantic,48,86,69,74,,CUSA,CUSA,,,Halton Arena,Charlotte,NC,
24023,2022-02-26,16:00,2022,regular,,final,Northern Arizona,Weber State,206,345,49,73,,Big Sky,Big Sky,,,J. Lawrence Walkup Skydome,Flagstaff,AZ,
24024,2022-02-26,16:00,2022,regular,,final,Northwestern State,New Orleans,211,193,87,77,,Southland,Southland,,,Prather Coliseum,Natchitoches,LA,
24025,2022-02-26,16:00,2022,regular,,final,Utah Valley,California Baptist,332,39,63,54,,UAC,UAC,,,UCCU Center,Orem,UT,
24026,2022-02-26,16:00,2022,regular,,final,Bryant,Wagner,31,341,78,70,,NEC,NEC,,,Chace Athletic Center,Smithfield,RI,
24027,2022-02-26,16:00,2022,regular,,final,South Carolina Upstate,Gardner-Webb,268,94,72,70,,Big South,Big South,,,G.B. Hodge Center,Spartanburg,SC,
24028,2022-02-26,16:00,2022,regular,,final,Winthrop,Charleston Southern,354,47,92,86,,Big South,Big South,,,Winthrop Coliseum,Rock Hill,SC,
24029,2022-02-26,16:00,2022,regular,,final,Virginia,Florida State,339,90,63,64,,ACC,ACC,,,John Paul Jones Arena,Charlottesville,VA,
24030,2022-02-26,16:00,2022,regular,,final,Vermont,UMass Lowell,337,318,62,61,,Am. East,Am. East,,,Patrick Gymnasium,Burlington,VT,
24031,2022-02-26,16:00,2022,regular,,final,Drake,Southern Illinois,70,273,62,60,,MVC,MVC,,,Knapp Center,Des Moines,IA,
24032,2022-02-26,16:00,2022,regular,,final,Illinois State,Indiana State,119,122,86,66,,MVC,MVC,,,CEFCU Arena,Normal,IL,
24033,2022-02-26,16:00,2022,regular,,final,Chattanooga,Samford,49,256,70,57,,SoCon,SoCon,,,McKenzie Arena,Chattanooga,TN,
24034,2022-02-26,16:00,2022,regular,,final,Delaware,UNC Wilmington,66,321,62,69,,CAA,CAA,,,Bob Carpenter Center,Newark,DE,
24035,2022-02-26,16:00,2022,regular,,final,Drexel,Charleston,71,46,80,79,,CAA,CAA,,,Daskalakis Athletic Center,Philadelphia,PA,
24036,2022-02-26,16:00,2022,regular,,final,James Madison,Towson,129,301,59,95,,CAA,CAA,,,Atlantic Union Bank Center,Harrisonburg,VA,
24037,2022-02-26,16:00,2022,regular,,final,New Mexico,Air Force,191,2,69,65,,Mountain West,Mountain West,,,The Pit,Albuquerque,NM,
24038,2022-02-26,16:30,2022,regular,,final,SIU Edwardsville,Morehead State,247,181,77,70,,OVC,OVC,,,First Community Arena,Edwardsville,IL,
24039,2022-02-26,16:30,2022,regular,,final,Eastern Illinois,Austin Peay,77,17,52,64,,OVC,OVC,,,Groniger Arena,Charleston,IL,
24040,2022-02-26,16:30,2022,regular,,final,Delaware State,Morgan State,67,182,69,76,,MEAC,MEAC,,,Memorial Hall (DE),Dover,DE,
24041,2022-02-26,16:30,2022,regular,,final,UNC Asheville,Presbyterian,319,233,98,96,,Big South,Big South,,,Kimmel Arena,Asheville,NC,
24042,2022-02-26,16:30,2022,regular,,final,Massachusetts,VCU,161,333,62,77,,A-10,A-10,,,Mullins Center,Amherst,MA,
24043,2022-02-26,16:45,2022,regular,,final,IU Indianapolis,Green Bay,115,105,41,67,,Horizon,Horizon,,,The Jungle,Indianapolis,IN,
23968,2022-02-26,17:00,2022,regular,,final,Southeast Missouri State,Murray State,272,184,68,70,,OVC,OVC,,,Show Me Center,Cape Girardeau,MO,
24044,2022-02-26,17:00,2022,regular,,final,Alabama A&M,Alabama State,4,6,80,65,,SWAC,SWAC,,,T.M. Elmore Gymnasium,Normal,AL,
24045,2022-02-26,17:00,2022,regular,,final,SE Louisiana,Nicholls,246,195,83,81,,Southland,Southland,,,Pride Roofing University Center,Hammond,LA,
24046,2022-02-26,17:00,2022,regular,,final,McNeese,Incarnate Word,162,120,67,69,,Southland,Southland,,,Legacy Center,Lake Charles,LA,
24047,2022-02-26,17:00,2022,regular,,final,Stephen F. Austin,Abilene Christian,282,1,73,71,,UAC,UAC,,,William R. Johnson Coliseum,Nacogdoches,TX,
24048,2022-02-26,17:00,2022,regular,,final,San Diego,San Francisco,258,259,62,78,,WCC,WCC,,,Jenny Craig Pavilion,San Diego,CA,
24049,2022-02-26,17:00,2022,regular,,final,Santa Clara,Portland,261,230,102,89,,WCC,WCC,,,Leavey Center,Santa Clara,CA,
24050,2022-02-26,17:00,2022,regular,,final,North Carolina A&T,Radford,198,239,53,62,,Big South,Big South,,,Corbett Sports Center,Greensboro,NC,
24051,2022-02-26,17:00,2022,regular,,final,Campbell,Longwood,41,147,55,60,,Big South,Big South,,,John W. Pope Jr. Convocation Center,Buies Creek,NC,
24052,2022-02-26,17:00,2022,regular,,final,Notre Dame,Georgia Tech,213,101,90,56,,ACC,ACC,,,Purcell Pavilion,South Bend,IN,
24053,2022-02-26,17:00,2022,regular,,final,Evansville,Missouri State,82,176,79,88,,MVC,MVC,,,Ford Center,Evansville,IN,
24054,2022-02-26,17:00,2022,regular,,final,Bowling Green,Western Michigan,28,351,67,78,,MAC,MAC,,,Stroh Center,Bowling Green,OH,
23962,2022-02-26,18:00,2022,regular,,final,Syracuse,Duke,286,72,72,97,,ACC,ACC,,,JMA Wireless Dome,Syracuse,NY,
23963,2022-02-26,18:00,2022,regular,,final,TCU,Texas Tech,287,298,69,66,,Big 12,Big 12,,,Schollmaier Arena,Fort Worth,TX,
23966,2022-02-26,18:00,2022,regular,,final,Rutgers,Wisconsin,245,355,61,66,,Big Ten,Big Ten,,,Jersey Mike’s Arena,Piscataway,NJ,
23970,2022-02-26,18:00,2022,regular,,final,Alabama,South Carolina,5,266,90,71,,SEC,SEC,,,Coleman Coliseum,Tuscaloosa,AL,
24055,2022-02-26,18:00,2022,regular,,final,Norfolk State,South Carolina State,196,267,63,59,,MEAC,MEAC,,,Joseph G. Echols Hall,Norfolk,VA,
24056,2022-02-26,18:00,2022,regular,,final,Washington,Washington State,343,344,78,70,,Pac-12,Pac-12,,,Alaska Airlines Arena,Seattle,WA,
24057,2022-02-26,18:00,2022,regular,,final,Brown,Columbia,30,58,81,74,,Ivy,Ivy,,,Pizzitola Sports Center,Providence,RI,
24058,2022-02-26,18:00,2022,regular,,final,Northern Iowa,Loyola Chicago,209,151,102,96,,MVC,MVC,,,McLeod Center,Cedar Falls,IA,
24059,2022-02-26,18:00,2022,regular,,final,Saint Joseph's,St. Bonaventure,251,277,52,54,,A-10,A-10,,,Michael J. Hagan '85 Arena,Philadelphia,PA,
24060,2022-02-26,18:25,2022,regular,,final,Belmont,Tennessee State,22,290,87,67,,OVC,OVC,,,Curb Event Center Arena,Nashville,TN,
24061,2022-02-26,18:30,2022,regular,,final,Southern,Bethune-Cookman,274,23,84,87,,SWAC,SWAC,,,F.G. Clark Activity Center,Baton Rouge,LA,
24062,2022-02-26,18:30,2022,regular,,final,Arkansas-Pine Bluff,Mississippi Valley State,14,175,93,79,,SWAC,SWAC,,,H.O. Clemmons Arena,Pine Bluff,AR,
24063,2022-02-26,18:30,2022,regular,,final,Prairie View A&M,Alcorn State,232,7,69,72,,SWAC,SWAC,,,William Nicks Building,Prairie View,TX,
24064,2022-02-26,18:31,2022,regular,,final,Stony Brook,UAlbany,285,306,66,50,,Am. East,Am. East,,,Island FCU Arena,Stony Brook,NY,
24065,2022-02-26,19:00,2022,regular,,final,Cincinnati,South Florida,51,271,54,56,,American,American,,,Fifth Third Arena,Cincinnati,OH,
24066,2022-02-26,19:00,2022,regular,,final,Rice,Southern Miss,241,275,77,72,,CUSA,CUSA,,,Tudor Fieldhouse,Houston,TX,
24067,2022-02-26,19:00,2022,regular,,final,Old Dominion,Florida International,219,89,83,63,,CUSA,CUSA,,,Chartway Arena,Norfolk,VA,
24068,2022-02-26,19:00,2022,regular,,final,Middle Tennessee,Western Kentucky,171,350,69,52,,CUSA,CUSA,,,Murphy Center,Murfreesboro,TN,
24069,2022-02-26,19:00,2022,regular,,final,Wake Forest,Louisville,342,150,99,77,,ACC,ACC,,,LJVM Coliseum,Winston-Salem,NC,
24070,2022-02-26,19:00,2022,regular,,final,Northern Kentucky,Youngstown State,210,361,75,61,,Horizon,Horizon,,,Truist Arena,Highland Heights,KY,
24071,2022-02-26,19:00,2022,regular,,final,Wright State,Robert Morris,357,244,71,61,,Horizon,Horizon,,,Nutter Center,Dayton,OH,
24072,2022-02-26,19:00,2022,regular,,final,Western Carolina,VMI,348,334,82,73,,SoCon,SoCon,,,Ramsey Center,Cullowhee,NC,
24073,2022-02-26,19:00,2022,regular,,final,Wofford,Mercer,356,164,74,67,,SoCon,SoCon,,,Jerry Richardson Indoor Stadium,Spartanburg,SC,
24074,2022-02-26,19:00,2022,regular,,final,Central Michigan,Kent State,45,134,71,73,,MAC,MAC,,,McGuirk Arena,Mount Pleasant,MI,
24075,2022-02-26,19:30,2022,regular,,final,Loyola Marymount,Pacific,153,225,90,77,,WCC,WCC,,,Gersten Pavilion,Los Angeles,CA,
23957,2022-02-26,20:00,2022,regular,,final,Colorado,Arizona,56,11,79,63,,Pac-12,Pac-12,,,CU Events Center,Boulder,CO,
23960,2022-02-26,20:00,2022,regular,,final,Baylor,Kansas,20,131,80,70,,Big 12,Big 12,,,Ferrell Center,Waco,TX,
24076,2022-02-26,20:00,2022,regular,,final,UC Riverside,UC Santa Barbara,309,311,90,97,,Big West,Big West,,,SRC Arena,Riverside,CA,
24077,2022-02-26,20:00,2022,regular,,final,UC Davis,Cal State Northridge,307,38,68,49,,Big West,Big West,,,University Credit Union Center,Davis,CA,
24078,2022-02-26,20:00,2022,regular,,final,Northern Colorado,Idaho,207,117,98,94,,Big Sky,Big Sky,,,Bank of Colorado Arena,Greeley,CO,
24079,2022-02-26,20:00,2022,regular,,final,Houston Christian,Texas A&M-Corpus Christi,112,294,70,75,,Southland,Southland,,,Sharp Gymnasium,Houston,TX,
24080,2022-02-26,20:00,2022,regular,,final,Grand Canyon,Sam Houston,104,255,67,41,,UAC,UAC,,,Global Credit Union Arena,Phoenix,AZ,
24081,2022-02-26,20:00,2022,regular,,final,Tarleton State,Lamar,288,139,57,49,,UAC,UAC,,,Wisdom Gym,Stephenville,TX,
24082,2022-02-26,20:00,2022,regular,,final,BYU,Pepperdine,18,228,75,59,,WCC,WCC,,,Marriott Center,Provo,UT,
24083,2022-02-26,20:00,2022,regular,,final,UIC,Milwaukee,315,172,71,58,,Horizon,Horizon,,,Credit Union 1 Arena,Chicago,IL,
24084,2022-02-26,20:00,2022,regular,,final,Bradley,Valparaiso,29,335,79,55,,MVC,MVC,,,Carver Arena,Peoria,IL,
24085,2022-02-26,20:00,2022,regular,,final,Oral Roberts,South Dakota,222,269,87,92,,Summit,Summit,,,Mabee Center,Tulsa,OK,
24086,2022-02-26,20:00,2022,regular,,final,Kansas City,South Dakota State,130,270,75,86,,Summit,Summit,,,Swinney Center,Kansas City,MO,
24087,2022-02-26,20:00,2022,regular,,final,St. Thomas-Minnesota,Omaha,280,221,95,74,,Summit,Summit,,,Schoenecker Arena,Saint Paul,MN,
24088,2022-02-26,20:00,2022,regular,,final,Wyoming,Nevada,358,189,74,61,,Mountain West,Mountain West,,,Arena-Auditorium,Laramie,WY,
23964,2022-02-26,20:30,2022,regular,,final,Providence,Creighton,235,61,72,51,,Big East,Big East,,,Amica Mutual Pavilion,Providence,RI,
24089,2022-02-26,20:30,2022,regular,,final,Texas Southern,Jackson State,296,126,81,66,,SWAC,SWAC,,,H&PE Arena,Houston,TX,
24090,2022-02-26,20:30,2022,regular,,final,California,Stanford,40,281,53,39,,Pac-12,Pac-12,,,Haas Pavilion,Berkeley,CA,
24091,2022-02-26,20:30,2022,regular,,final,Tennessee Tech,UT Martin,291,325,88,75,,OVC,OVC,,,Hooper Eblen Center,Cookeville,TN,
24092,2022-02-26,20:30,2022,regular,,final,LSU,Missouri,136,177,75,55,,SEC,SEC,,,Pete Maravich Assembly Center,Baton Rouge,LA,
24093,2022-02-26,21:00,2022,regular,,final,UTEP,UAB,327,305,66,69,,CUSA,CUSA,,,Don Haskins Center,El Paso,TX,
24094,2022-02-26,21:00,2022,regular,,final,Utah Tech,Seattle U,330,262,65,73,,UAC,UAC,,,Burns Arena,St. George,UT,
23956,2022-02-26,22:00,2022,regular,,final,Saint Mary's,Gonzaga,253,102,67,57,,WCC,WCC,,,University Credit Union Pavilion,Moraga,CA,
23967,2022-02-26,22:00,2022,regular,,final,Oregon,USC,223,323,69,70,,Pac-12,Pac-12,,,Matthew Knight Arena,Eugene,OR,
24095,2022-02-26,22:00,2022,regular,,final,Utah,Arizona State,331,10,61,63,,Pac-12,Pac-12,,,Jon M. Huntsman Center,Salt Lake City,UT,
24096,2022-02-26,22:00,2022,regular,,final,Portland State,Idaho State,231,116,73,69,,Big Sky,Big Sky,,,Viking Pavilion,Portland,OR,
24097,2022-02-26,22:00,2022,regular,,final,Sacramento State,Eastern Washington,249,80,81,75,,Big Sky,Big Sky,,,The Nest,Sacramento,CA,
24098,2022-02-26,22:00,2022,regular,,final,UNLV,Boise State,322,25,76,86,,Mountain West,Mountain West,,,Thomas & Mack Center,Las Vegas,NV,
24099,2022-02-26,22:30,2022,regular,,final,Utah State,Colorado State,329,57,55,66,,Mountain West,Mountain West,,,Dee Glen Smith Spectrum,Logan,UT,
24100,2022-02-26,23:59,2022,regular,,final,UC Irvine,Long Beach State,308,145,77,72,,Big West,Big West,,,Bren Events Center,Irvine,CA,
24101,2022-02-26,23:59,2022,regular,,final,Hawai'i,Cal State Bakersfield,108,36,62,50,,Big West,Big West,,,Stan Sheriff Center,Honolulu,HI,
24104,2022-02-27,12:00,2022,regular,,final,Georgetown,UConn,97,314,77,86,,Big East,Big East,,,Capital One Arena,Washington,DC,
24106,2022-02-27,12:00,2022,regular,,final,Harvard,Princeton,107,234,73,74,,Ivy,Ivy,,,Lavietes Pavilion,Cambridge,MA,
24102,2022-02-27,12:30,2022,regular,,final,Houston,SMU,113,248,75,61,,American,American,,,Fertitta Center,Houston,TX,
24107,2022-02-27,13:00,2022,regular,,final,Quinnipiac,Canisius,238,42,67,72,,Metro,Metro,,,M&T Bank Arena,Hamden,CT,
24103,2022-02-27,14:00,2022,regular,,final,Michigan,Illinois,170,118,85,93,,Big Ten,Big Ten,,,Crisler Center,Ann Arbor,MI,
24108,2022-02-27,14:00,2022,regular,,final,Manhattan,Fairfield,155,83,62,66,,Metro,Metro,,,Draddy Gymnasium,Riverdale,NY,
24109,2022-02-27,14:00,2022,regular,,final,Saint Peter's,Niagara,254,194,63,36,,Metro,Metro,,,Yanitelli Center,Jersey City,NJ,
24110,2022-02-27,14:00,2022,regular,,final,Siena,Monmouth,264,178,70,59,,Metro,Metro,,,MVP Arena,Albany,NY,
24111,2022-02-27,14:00,2022,regular,,final,Rider,Iona,243,123,61,67,,Metro,Metro,,,Alumni Gymnasium (Rider),Lawrenceville,NJ,
24112,2022-02-27,14:30,2022,regular,,final,Memphis,Wichita State,163,352,81,57,,American,American,,,FedExForum,Memphis,TN,
24113,2022-02-27,14:30,2022,regular,,final,George Mason,George Washington,95,96,69,62,,A-10,A-10,,,EagleBank Arena,Fairfax,VA,
24114,2022-02-27,15:00,2022,regular,,final,Temple,Tulane,289,303,75,70,,American,American,,,Liacouras Center,Philadelphia,PA,
24105,2022-02-27,16:00,2022,regular,,final,Maryland,Ohio State,160,216,75,60,,Big Ten,Big Ten,,,XFINITY Center,College Park,MD,
24115,2022-02-27,16:00,2022,regular,,final,UNC Greensboro,East Tennessee State,320,75,69,73,,SoCon,SoCon,,,First Horizon Coliseum,Greensboro,NC,
24116,2022-02-27,17:00,2022,regular,,final,DePaul,St. John's,65,279,99,94,,Big East,Big East,,,Wintrust Arena,Chicago,IL,
24117,2022-02-27,17:00,2022,regular,,final,Montana,Montana State,179,180,80,74,,Big Sky,Big Sky,,,Dahlberg Arena,Missoula,MT,
24118,2022-02-27,18:00,2022,regular,,final,Minnesota,Indiana,173,121,79,84,,Big Ten,Big Ten,,,Williams Arena,Minneapolis,MN,
24119,2022-02-27,19:00,2022,regular,,final,Penn State,Nebraska,226,188,70,93,,Big Ten,Big Ten,,,Bryce Jordan Center,University Park,PA,
24124,2022-02-28,18:00,2022,regular,,final,Towson,Delaware,301,66,69,57,,CAA,CAA,,,TU Arena,Towson,MD,Resumption of game from 1/27
24125,2022-02-28,19:00,2022,regular,,final,Hofstra,Charleston,110,46,89,84,,CAA,CAA,,,David S. Mack Sports and Exhibition Complex,Hempstead,NY,
24126,2022-02-28,19:00,2022,regular,,final,Fairleigh Dickinson,Central Connecticut,84,44,66,67,,NEC,NEC,,,Bogota Savings Bank Center,Hackensack,NJ,Northeast Conference Tournament - 1st Round
24127,2022-02-28,19:00,2022,regular,,final,Fordham,Massachusetts,91,161,85,73,,A-10,A-10,,,Rose Hill Gym,Bronx,NY,
24128,2022-02-28,19:00,2022,regular,,final,North Carolina,Syracuse,200,286,88,79,,ACC,ACC,,,Dean E. Smith Center,Chapel Hill,NC,
24129,2022-02-28,19:30,2022,regular,,final,Norfolk State,North Carolina Central,196,199,75,46,,MEAC,MEAC,,,Joseph G. Echols Hall,Norfolk,VA,
24130,2022-02-28,19:30,2022,regular,,final,Howard,South Carolina State,114,267,72,62,,MEAC,MEAC,,,Burr Gymnasium,Washington,DC,
24131,2022-02-28,19:30,2022,regular,,final,Coppin State,Delaware State,59,67,80,67,,MEAC,MEAC,,,Physical Education Complex,Baltimore,MD,
24123,2022-02-28,20:00,2022,regular,,final,Iowa,Northwestern,124,212,82,61,,Big Ten,Big Ten,,,Carver-Hawkeye Arena,Iowa City,IA,
24132,2022-02-28,20:00,2022,regular,,final,Morgan State,Maryland Eastern Shore,182,159,82,48,,MEAC,MEAC,,,Hill Field House,Baltimore,MD,
24133,2022-02-28,20:30,2022,regular,,final,Grambling,Bethune-Cookman,103,23,63,69,,SWAC,SWAC,,,Fredrick C. Hobdy Assembly Center,Grambling,LA,
24134,2022-02-28,20:30,2022,regular,,final,Texas Southern,Alcorn State,296,7,72,75,,SWAC,SWAC,,,H&PE Arena,Houston,TX,
24120,2022-02-28,21:00,2022,regular,,final,Texas,Baylor,295,20,61,68,,Big 12,Big 12,,,Frank Erwin Center,Austin,TX,
24121,2022-02-28,21:00,2022,regular,,final,Texas Tech,Kansas State,298,132,73,68,,Big 12,Big 12,,,United Supermarkets Arena,Lubbock,TX,
24135,2022-02-28,21:00,2022,regular,,final,Wyoming,San Diego State,358,257,66,73,,Mountain West,Mountain West,,,Arena-Auditorium,Laramie,WY,
24136,2022-02-28,21:00,2022,regular,,final,Prairie View A&M,Jackson State,232,126,53,59,,SWAC,SWAC,,,William Nicks Building,Prairie View,TX,
24137,2022-02-28,21:00,2022,regular,,final,Southern,Florida A&M,274,85,58,51,,SWAC,SWAC,,,F.G. Clark Activity Center,Baton Rouge,LA,
24138,2022-02-28,22:00,2022,regular,,final,Fresno State,New Mexico,92,191,71,68,,Mountain West,Mountain West,,,Save Mart Center,Fresno,CA,
24122,2022-02-28,23:00,2022,regular,,final,Washington,UCLA,343,313,66,77,,Pac-12,Pac-12,,,Alaska Airlines Arena,Seattle,WA,
24139,2022-02-28,23:00,2022,regular,,final,Oregon State,Washington State,224,344,97,103,,Pac-12,Pac-12,,,Gill Coliseum,Corvallis,OR,
24145,2022-03-01,18:30,2022,regular,,final,Villanova,Providence,338,235,76,74,,Big East,Big East,,,Finneran Pavilion,Villanova,PA,
24146,2022-03-01,18:30,2022,regular,,final,Georgia,Tennessee,98,292,68,75,,SEC,SEC,,,Stegeman Coliseum,Athens,GA,
24149,2022-03-01,18:30,2022,regular,,final,Richmond,Dayton,242,64,53,55,,A-10,A-10,,,Robins Center,Richmond,VA,
24143,2022-03-01,19:00,2022,regular,,final,Kentucky,Ole Miss,135,220,83,72,,SEC,SEC,,,Rupp Arena,Lexington,KY,
24148,2022-03-01,19:00,2022,regular,,final,Ohio State,Nebraska,216,188,70,78,,Big Ten,Big Ten,,,Schottenstein Center,Columbus,OH,
24150,2022-03-01,19:00,2022,regular,,final,Detroit Mercy,Green Bay,69,105,79,62,,Horizon,Horizon,,,Calihan Hall,Detroit,MI,KEEPS Horizon League Championship - 1st Round
24151,2022-03-01,19:00,2022,regular,,final,Youngstown State,Robert Morris,361,244,73,77,,Horizon,Horizon,,,Beeghly Center,Youngstown,OH,KEEPS Horizon League Championship - 1st Round
24152,2022-03-01,19:00,2022,regular,,final,Holy Cross,American University,111,8,63,69,,Patriot,Patriot,,,Hart Center,Worcester,MA,Patriot League Championship - 1st Round
24153,2022-03-01,19:00,2022,regular,,final,Lafayette,Bucknell,138,32,81,82,,Patriot,Patriot,,,Kirby Sports Center,Easton,PA,Patriot League Championship - 1st Round
24154,2022-03-01,19:00,2022,regular,,final,Central Arkansas,Stetson,43,283,74,73,,ASUN,ASUN,,,Farris Center,Conway,AR,ASUN Championship - 1st Round
24155,2022-03-01,19:00,2022,regular,,final,Kennesaw State,Eastern Kentucky,133,78,82,73,,ASUN,ASUN,,,KSU Convocation Center,Kennesaw,GA,ASUN Championship - 1st Round
24156,2022-03-01,19:00,2022,regular,,final,Florida Gulf Coast,North Alabama,88,197,81,72,,ASUN,ASUN,,,Alico Arena,Fort Myers,FL,ASUN Championship - 1st Round
24157,2022-03-01,19:00,2022,regular,,final,Manhattan,Saint Peter's,155,254,51,73,,Metro,Metro,,,Draddy Gymnasium,Riverdale,NY,
24158,2022-03-01,19:00,2022,regular,,final,Maine,Vermont,154,337,56,75,,Am. East,Am. East,,,Cross Insurance Center,Bangor,ME,
24159,2022-03-01,19:00,2022,regular,,final,Stony Brook,NJIT,285,186,87,68,,Am. East,Am. East,,,Island FCU Arena,Stony Brook,NY,
24160,2022-03-01,19:00,2022,regular,,final,UMass Lowell,New Hampshire,318,190,48,64,,Am. East,Am. East,,,Costello Athletic Center,Lowell,MA,
24161,2022-03-01,19:00,2022,regular,,final,UAlbany,Hartford,306,363,55,67,,Am. East,Am. East,,,Broadview Center,Albany,NY,
24162,2022-03-01,19:00,2022,regular,,final,UMBC,Binghamton,317,24,78,68,,Am. East,Am. East,,,Chesapeake Employers Insurance Arena,Baltimore,MD,
24163,2022-03-01,19:00,2022,regular,,final,Oklahoma,West Virginia,217,347,72,59,,Big 12,Big 12,,,Lloyd Noble Center,Norman,OK,
24164,2022-03-01,19:00,2022,regular,,final,Eastern Michigan,Western Michigan,79,351,60,71,,MAC,MAC,,,Gervin GameAbove Center,Ypsilanti,MI,
24165,2022-03-01,19:00,2022,regular,,final,Bowling Green,Ohio,28,215,80,77,,MAC,MAC,,,Stroh Center,Bowling Green,OH,
24166,2022-03-01,19:00,2022,regular,,final,Ball State,Akron,19,3,60,79,,MAC,MAC,,,Worthen Arena,Muncie,IN,
24167,2022-03-01,19:00,2022,regular,,final,Buffalo,Toledo,33,300,76,92,,MAC,MAC,,,Alumni Arena,Buffalo,NY,
24168,2022-03-01,19:00,2022,regular,,final,Central Michigan,Miami (OH),45,167,61,75,,MAC,MAC,,,McGuirk Arena,Mount Pleasant,MI,
24169,2022-03-01,19:00,2022,regular,,final,South Carolina,Missouri,266,177,73,69,,SEC,SEC,,,Colonial Life Arena,Columbia,SC,
24141,2022-03-01,20:00,2022,regular,,final,Pittsburgh,Duke,229,72,56,86,,ACC,ACC,,,Petersen Events Center,Pittsburgh,PA,
24142,2022-03-01,20:00,2022,regular,,final,TCU,Kansas,287,131,74,64,,Big 12,Big 12,,,Schollmaier Arena,Fort Worth,TX,
24170,2022-03-01,20:00,2022,regular,,final,Oakland,IU Indianapolis,214,115,70,58,,Horizon,Horizon,,,OU Credit Union O'rena,Rochester,MI,KEEPS Horizon League Championship - 1st Round
24171,2022-03-01,20:00,2022,regular,,final,Milwaukee,UIC,172,315,69,80,,Horizon,Horizon,,,UW-Milwaukee Panther Arena,Milwaukee,WI,KEEPS Horizon League Championship - 1st Round
24172,2022-03-01,20:00,2022,regular,,final,Lipscomb,North Florida,143,203,74,65,,ASUN,ASUN,,,Allen Arena,Nashville,TN,ASUN Championship - 1st Round
24173,2022-03-01,20:00,2022,regular,,final,Northern Illinois,Kent State,208,134,55,63,,MAC,MAC,,,NIU Convocation Center,Dekalb,IL,
24174,2022-03-01,20:30,2022,regular,,final,Michigan,Michigan State,170,169,87,70,,Big Ten,Big Ten,,,Crisler Center,Ann Arbor,MI,
24175,2022-03-01,20:30,2022,regular,,final,VCU,St. Bonaventure,333,277,74,51,,A-10,A-10,,,Siegel Center,Richmond,VA,
24176,2022-03-01,20:30,2022,regular,,final,Vanderbilt,Florida,336,87,78,82,,SEC,SEC,,,Memorial Gymnasium (TN),Nashville,TN,
24144,2022-03-01,21:00,2022,regular,,final,Wisconsin,Purdue,355,236,70,67,,Big Ten,Big Ten,,,Kohl Center,Madison,WI,
24147,2022-03-01,21:00,2022,regular,,final,Houston,Cincinnati,113,51,71,53,,American,American,,,Fertitta Center,Houston,TX,
24177,2022-03-01,21:00,2022,regular,,final,Montana State,Southern Utah,180,276,69,53,,Big Sky,Big Sky,,,Worthington Arena,Bozeman,MT,
24178,2022-03-01,21:00,2022,regular,,final,Virginia Tech,Louisville,340,150,75,43,,ACC,ACC,,,Cassell Coliseum,Blacksburg,VA,
24179,2022-03-01,21:00,2022,regular,,final,Boise State,Nevada,25,189,73,67,,Mountain West,Mountain West,,,ExtraMile Arena,Boise,ID,
24180,2022-03-01,21:00,2022,regular,,final,Air Force,San José State,2,260,58,54,,Mountain West,Mountain West,,,Clune Arena,Colorado Springs,CO,
24181,2022-03-01,22:00,2022,regular,,final,UC Santa Barbara,Cal State Northridge,311,38,70,61,,Big West,Big West,,,The Thunderdome,Santa Barbara,CA,
24140,2022-03-01,23:00,2022,regular,,final,USC,Arizona,323,11,71,91,,Pac-12,Pac-12,,,Galen Center,Los Angeles,CA,
24186,2022-03-02,11:30,2022,regular,,final,Radford,North Carolina A&T,239,198,71,78,1,Big South,Big South,,,Bojangles Coliseum,Charlotte,NC,Hercules Tires Big South Championship - 1st Round
24187,2022-03-02,14:25,2022,regular,,final,UNC Asheville,Charleston Southern,319,47,78,79,1,Big South,Big South,,,Bojangles Coliseum,Charlotte,NC,Hercules Tires Big South Championship - 1st Round
24188,2022-03-02,18:00,2022,regular,,final,High Point,Hampton,109,106,84,77,1,Big South,Big South,,,Bojangles Coliseum,Charlotte,NC,Hercules Tires Big South Championship - 1st Round
24189,2022-03-02,18:30,2022,regular,,final,St. John's,Xavier,279,359,81,66,,Big East,Big East,,,Carnesecca Arena,Queens,NY,
24185,2022-03-02,19:00,2022,regular,,final,Alabama,Texas A&M,5,293,71,87,,SEC,SEC,,,Coleman Coliseum,Tuscaloosa,AL,
24190,2022-03-02,19:00,2022,regular,,final,Bryant,Central Connecticut,31,44,73,59,,NEC,NEC,,,Chace Athletic Center,Smithfield,RI,Northeast Conference Tournament - Quarterfinal
24191,2022-03-02,19:00,2022,regular,,final,Wagner,St. Francis (PA),341,278,82,53,,NEC,NEC,,,Spiro Sports Center,Staten Island,NY,Northeast Conference Tournament - Quarterfinal
24192,2022-03-02,19:00,2022,regular,,final,Long Island University,Sacred Heart,146,250,82,75,,NEC,NEC,,,Steinberg Wellness Center,Brooklyn,NY,Northeast Conference Tournament - Quarterfinal
24193,2022-03-02,19:00,2022,regular,,final,Mount St. Mary's,St. Francis Brooklyn,183,364,78,48,,NEC,NEC,,,Knott Arena,Emmitsburg,MD,Northeast Conference Tournament - Quarterfinal
24194,2022-03-02,19:00,2022,regular,,final,Seton Hall,Georgetown,263,97,73,68,,Big East,Big East,,,Prudential Center,Newark,NJ,
24195,2022-03-02,19:00,2022,regular,,final,Marshall,Western Kentucky,158,350,72,86,,CUSA,CUSA,,,Cam Henderson Center,Huntington,WV,
24196,2022-03-02,19:00,2022,regular,,final,Louisiana Tech,Old Dominion,149,219,67,54,,CUSA,CUSA,,,Thomas Assembly Center,Ruston,LA,
24197,2022-03-02,19:00,2022,regular,,final,Charlotte,Middle Tennessee,48,171,60,56,,CUSA,CUSA,,,Halton Arena,Charlotte,NC,
24198,2022-03-02,19:00,2022,regular,,final,Clemson,Georgia Tech,52,101,68,65,,ACC,ACC,,,Littlejohn Coliseum,Clemson,SC,
24199,2022-03-02,19:00,2022,regular,,final,Florida State,Notre Dame,90,213,74,70,,ACC,ACC,,,Tucker Center,Tallahassee,FL,
24200,2022-03-02,19:00,2022,regular,,final,Iowa State,Oklahoma State,125,218,36,53,,Big 12,Big 12,,,Hilton Coliseum,Ames,IA,
24201,2022-03-02,19:00,2022,regular,,final,Rhode Island,Saint Louis,240,252,74,80,,A-10,A-10,,,Thomas M. Ryan Center,Kingston,RI,
24202,2022-03-02,19:00,2022,regular,,final,La Salle,Saint Joseph's,137,251,49,48,,A-10,A-10,,,Tom Gola Arena,Philadelphia,PA,
24203,2022-03-02,19:00,2022,regular,,final,Massachusetts,Fordham,161,91,81,73,,A-10,A-10,,,Mullins Center,Amherst,MA,
24204,2022-03-02,19:00,2022,regular,,final,George Washington,Duquesne,96,73,98,93,,A-10,A-10,,,Charles E. Smith Center,Washington,DC,
24205,2022-03-02,19:00,2022,regular,,final,Davidson,George Mason,63,95,73,62,,A-10,A-10,,,John M. Belk Arena,Davidson,NC,
24206,2022-03-02,19:00,2022,regular,,final,Indiana,Rutgers,121,245,63,66,,Big Ten,Big Ten,,,Simon Skjodt Assembly Hall,Bloomington,IN,
24207,2022-03-02,19:30,2022,regular,,final,Tennessee State,SIU Edwardsville,290,247,77,62,1,OVC,OVC,,,Ford Center,Evansville,IN,OVC Championship - 1st Round
24208,2022-03-02,20:00,2022,regular,,final,Southern Miss,UAB,275,305,68,81,,CUSA,CUSA,,,Reed Green Coliseum,Hattiesburg,MS,
24209,2022-03-02,20:00,2022,regular,,final,New Orleans,Houston Christian,193,112,75,74,,Southland,Southland,,,Lakefront Arena,New Orleans,LA,
24210,2022-03-02,20:00,2022,regular,,final,Lamar,UT Rio Grande Valley,139,326,63,67,,UAC,UAC,,,Montagne Center,Beaumont,TX,
24184,2022-03-02,20:30,2022,regular,,final,Creighton,UConn,61,314,64,62,,Big East,Big East,,,CHI Health Center Omaha,Omaha,NE,
24211,2022-03-02,20:30,2022,regular,,final,Texas A&M-Corpus Christi,Nicholls,294,195,75,86,,Southland,Southland,,,American Bank Center,Corpus Christi,TX,
24182,2022-03-02,21:00,2022,regular,,final,Mississippi State,Auburn,174,16,68,81,,SEC,SEC,,,Humphrey Coliseum,Starkville,MS,
24183,2022-03-02,21:00,2022,regular,,final,Arkansas,LSU,12,136,77,76,,SEC,SEC,,,Bud Walton Arena,Fayetteville,AR,
24212,2022-03-02,21:00,2022,regular,,final,Campbell,Presbyterian,41,233,75,72,1,Big South,Big South,,,Bojangles Coliseum,Charlotte,NC,Hercules Tires Big South Championship - 1st Round
24213,2022-03-02,21:00,2022,regular,,final,Tulsa,Wichita State,304,352,62,72,,American,American,,,Reynolds Center,Tulsa,OK,
24214,2022-03-02,21:00,2022,regular,,final,DePaul,Marquette,65,157,91,80,,Big East,Big East,,,Wintrust Arena,Chicago,IL,
24215,2022-03-02,21:00,2022,regular,,final,New Mexico State,Stephen F. Austin,192,282,71,73,,UAC,UAC,,,Pan American Center,Las Cruces,NM,
24216,2022-03-02,21:00,2022,regular,,final,Wake Forest,NC State,342,185,101,76,,ACC,ACC,,,LJVM Coliseum,Winston-Salem,NC,
24217,2022-03-02,21:00,2022,regular,,final,Boston College,Miami,26,168,70,81,,ACC,ACC,,,Conte Forum,Chestnut Hill,MA,
24218,2022-03-02,21:00,2022,regular,,final,Maryland,Minnesota,160,173,84,73,,Big Ten,Big Ten,,,XFINITY Center,College Park,MD,
24219,2022-03-02,22:00,2022,regular,,final,California Baptist,Chicago State,39,50,62,53,,UAC,UAC,,,Dale E. and Sarah Ann Fowler Events Center,Riverside,CA,
24220,2022-03-02,22:00,2022,regular,,final,Austin Peay,Tennessee Tech,17,291,51,78,1,OVC,OVC,,,Ford Center,Evansville,IN,OVC Championship - 1st Round
24221,2022-03-02,22:30,2022,regular,,final,UNLV,Wyoming,322,358,64,57,,Mountain West,Mountain West,,,Thomas & Mack Center,Las Vegas,NV,
24228,2022-03-03,12:30,2022,regular,,final,Louisiana,UT Arlington,148,324,67,64,1,Sun Belt,Sun Belt,,,Pensacola Bay Center,Pensacola,FL,Hercules Tires Sun Belt Championship - 1st Round
24229,2022-03-03,15:20,2022,regular,,final,South Alabama,Little Rock,265,144,71,75,1,Sun Belt,Sun Belt,,,Pensacola Bay Center,Pensacola,FL,Hercules Tires Sun Belt Championship - 1st Round
24230,2022-03-03,18:00,2022,regular,,final,Hartford,UMass Lowell,363,318,73,83,,Am. East,Am. East,,,Chase Arena,West Hartford,CT,
24231,2022-03-03,18:00,2022,regular,,final,Arkansas State,UL Monroe,13,316,81,77,1,Sun Belt,Sun Belt,,,Pensacola Bay Center,Pensacola,FL,Hercules Tires Sun Belt Championship - 1st Round
24224,2022-03-03,19:00,2022,regular,,final,Houston,Temple,113,289,84,46,,American,American,,,Fertitta Center,Houston,TX,
24225,2022-03-03,19:00,2022,regular,,final,Illinois,Penn State,118,226,60,55,,Big Ten,Big Ten,,,State Farm Center,Champaign,IL,
24226,2022-03-03,19:00,2022,regular,,final,Ohio State,Michigan State,216,169,80,69,,Big Ten,Big Ten,,,Schottenstein Center,Columbus,OH,
24232,2022-03-03,19:00,2022,regular,,final,Purdue Fort Wayne,UIC,237,315,78,72,,Horizon,Horizon,,,Memorial Coliseum (IN),Fort Wayne,IN,KEEPS Horizon League Championship - Quarterfinal
24233,2022-03-03,19:00,2022,regular,,final,Northern Kentucky,Detroit Mercy,210,69,77,59,,Horizon,Horizon,,,Truist Arena,Highland Heights,KY,KEEPS Horizon League Championship - Quarterfinal
24234,2022-03-03,19:00,2022,regular,,final,Wright State,Oakland,357,214,75,63,,Horizon,Horizon,,,Nutter Center,Dayton,OH,KEEPS Horizon League Championship - Quarterfinal
24235,2022-03-03,19:00,2022,regular,,final,Colgate,Bucknell,55,32,96,68,,Patriot,Patriot,,,Cotterell Court,Hamilton,NY,Patriot League Championship - Quarterfinal
24236,2022-03-03,19:00,2022,regular,,final,Navy,American University,187,8,71,64,,Patriot,Patriot,,,Alumni Hall (Navy),Annapolis,MD,Patriot League Championship - Quarterfinal
24237,2022-03-03,19:00,2022,regular,,final,Boston University,Loyola Maryland,27,152,76,64,,Patriot,Patriot,,,Case Gym,Boston,MA,Patriot League Championship - Quarterfinal
24238,2022-03-03,19:00,2022,regular,,final,Lehigh,Army,141,15,91,77,,Patriot,Patriot,,,Stabler Arena,Bethlehem,PA,Patriot League Championship - Quarterfinal
24239,2022-03-03,19:00,2022,regular,,final,Illinois State,Indiana State,119,122,58,53,1,MVC,MVC,,,Enterprise Center,St. Louis,MO,MVC Tournament - 1st Round
24240,2022-03-03,19:00,2022,regular,,final,Jacksonville,Central Arkansas,127,43,79,69,,ASUN,ASUN,,,Swisher Gymnasium,Jacksonville,FL,ASUN Championship - Quarterfinal
24241,2022-03-03,19:00,2022,regular,,final,Jacksonville State,Kennesaw State,128,133,78,67,,ASUN,ASUN,,,Pete Mathews Coliseum,Jacksonville,AL,ASUN Championship - Quarterfinal
24242,2022-03-03,19:00,2022,regular,,final,Bellarmine,Florida Gulf Coast,21,88,81,68,,ASUN,ASUN,,,Freedom Hall (KY),Louisville,KY,ASUN Championship - Quarterfinal
24243,2022-03-03,19:00,2022,regular,,final,Liberty,Lipscomb,142,143,52,47,,ASUN,ASUN,,,Liberty Arena,Lynchburg,VA,ASUN Championship - Quarterfinal
24244,2022-03-03,19:00,2022,regular,,final,SMU,Cincinnati,248,51,76,71,,American,American,,,Moody Coliseum,Dallas,TX,
24245,2022-03-03,19:00,2022,regular,,final,Florida International,Florida Atlantic,89,86,51,71,,CUSA,CUSA,,,Ocean Bank Convocation Center,Miami,FL,
24246,2022-03-03,19:00,2022,regular,,final,Monmouth,Quinnipiac,178,238,75,72,,Metro,Metro,,,OceanFirst Bank Center,West Long Branch,NJ,
24247,2022-03-03,19:00,2022,regular,,final,Manhattan,Iona,155,123,74,72,,Metro,Metro,,,Draddy Gymnasium,Riverdale,NY,
24248,2022-03-03,19:00,2022,regular,,final,Niagara,Siena,194,264,74,52,,Metro,Metro,,,Gallagher Center,Niagara Falls,NY,
24249,2022-03-03,19:00,2022,regular,,final,Canisius,Marist,42,156,78,67,,Metro,Metro,,,Koessler Athletic Center,Buffalo,NY,
24250,2022-03-03,19:30,2022,regular,,final,Southeast Missouri State,Tennessee State,272,290,79,55,1,OVC,OVC,,,Ford Center,Evansville,IN,OVC Championship - Quarterfinal
24251,2022-03-03,19:30,2022,regular,,final,North Carolina Central,South Carolina State,199,267,67,62,,MEAC,MEAC,,,McDougald-McLendon Arena,Durham,NC,
24252,2022-03-03,19:30,2022,regular,,final,Norfolk State,Howard,196,114,83,61,,MEAC,MEAC,,,Joseph G. Echols Hall,Norfolk,VA,
24253,2022-03-03,19:30,2022,regular,,final,Coppin State,Morgan State,59,182,59,63,,MEAC,MEAC,,,Physical Education Complex,Baltimore,MD,
24254,2022-03-03,19:30,2022,regular,,final,Maryland Eastern Shore,Delaware State,159,67,63,59,,MEAC,MEAC,,,Hytche Center,Princess Anne,MD,
24255,2022-03-03,19:30,2022,regular,,final,Sam Houston,Tarleton State,255,288,69,50,,UAC,UAC,,,Bernard G. Johnson Coliseum,Huntsville,TX,
24256,2022-03-03,19:30,2022,regular,,final,Fairfield,Rider,83,243,65,59,,Metro,Metro,,,Total Mortgage Arena,Bridgeport,CT,
24223,2022-03-03,20:00,2022,regular,,final,Kansas,TCU,131,287,72,68,,Big 12,Big 12,,,Allen Fieldhouse,Lawrence,KS,
24257,2022-03-03,20:00,2022,regular,,final,Cleveland State,Robert Morris,53,244,83,67,,Horizon,Horizon,,,Wolstein Center,Cleveland,OH,KEEPS Horizon League Championship - Quarterfinal
24258,2022-03-03,20:00,2022,regular,,final,Tulane,UCF,303,312,82,67,,American,American,,,Devlin Fieldhouse,New Orleans,LA,
24259,2022-03-03,20:00,2022,regular,,final,Arizona State,California,10,40,71,44,,Pac-12,Pac-12,,,Desert Financial Arena,Tempe,AZ,
24260,2022-03-03,20:00,2022,regular,,final,Alabama A&M,Grambling,4,103,71,63,,SWAC,SWAC,,,T.M. Elmore Gymnasium,Normal,AL,
24261,2022-03-03,20:00,2022,regular,,final,UTSA,North Texas,328,204,48,59,,CUSA,CUSA,,,UTSA Convocation Center,San Antonio,TX,
24262,2022-03-03,20:00,2022,regular,,final,Abilene Christian,Utah Tech,1,330,80,64,,UAC,UAC,,,Teague Center,Abilene,TX,
24263,2022-03-03,20:30,2022,regular,,final,Coastal Carolina,Georgia Southern,54,99,64,70,1,Sun Belt,Sun Belt,,,Pensacola Bay Center,Pensacola,FL,Hercules Tires Sun Belt Championship - 1st Round
24264,2022-03-03,20:30,2022,regular,,final,Jackson State,Arkansas-Pine Bluff,126,14,87,79,,SWAC,SWAC,,,Lee E. Williams Athletics and Assembly Center,Jackson,MS,
24265,2022-03-03,20:30,2022,regular,,final,Alcorn State,Mississippi Valley State,7,175,72,69,,SWAC,SWAC,,,Davey L. Whitney Complex,Lorman,MS,
24222,2022-03-03,21:00,2022,regular,,final,Arizona,Stanford,11,281,81,69,,Pac-12,Pac-12,,,McKale Memorial Center,Tucson,AZ,
24227,2022-03-03,21:00,2022,regular,,final,Michigan,Iowa,170,124,71,82,,Big Ten,Big Ten,,,Crisler Center,Ann Arbor,MI,
24266,2022-03-03,21:00,2022,regular,,final,Loyola Marymount,Pacific,153,225,86,66,1,WCC,WCC,,,Orleans Arena,Las Vegas,NV,West Coast Conference Tournament - 1st Round
24267,2022-03-03,21:00,2022,regular,,final,Alabama State,Southern,6,274,77,67,,SWAC,SWAC,,,Dunn-Oliver Acadome,Montgomery,AL,
24268,2022-03-03,21:00,2022,regular,,final,South Florida,Memphis,271,163,64,73,,American,American,,,Yuengling Center,Tampa,FL,
24269,2022-03-03,21:00,2022,regular,,final,UTEP,Rice,327,241,70,67,,CUSA,CUSA,,,Don Haskins Center,El Paso,TX,
24270,2022-03-03,21:00,2022,regular,,final,Montana State,Sacramento State,180,249,75,69,,Big Sky,Big Sky,,,Worthington Arena,Bozeman,MT,
24271,2022-03-03,21:00,2022,regular,,final,Montana,Northern Colorado,179,207,66,75,,Big Sky,Big Sky,,,Dahlberg Arena,Missoula,MT,
24272,2022-03-03,21:00,2022,regular,,final,Idaho State,Southern Utah,116,276,71,79,,Big Sky,Big Sky,,,Reed Gym,Pocatello,ID,
24273,2022-03-03,21:00,2022,regular,,final,Idaho,Portland State,117,231,68,79,,Big Sky,Big Sky,,,ICCU Arena,Moscow,ID,
24274,2022-03-03,21:00,2022,regular,,final,Eastern Washington,Northern Arizona,80,206,69,62,,Big Sky,Big Sky,,,Reese Court,Cheney,WA,
24275,2022-03-03,21:00,2022,regular,,final,Grand Canyon,Utah Valley,104,332,68,57,,UAC,UAC,,,Global Credit Union Arena,Phoenix,AZ,
24276,2022-03-03,21:30,2022,regular,,final,Valparaiso,Evansville,335,82,81,59,1,MVC,MVC,,,Enterprise Center,St. Louis,MO,MVC Tournament - 1st Round
24277,2022-03-03,22:00,2022,regular,,final,Morehead State,Tennessee Tech,181,291,73,56,1,OVC,OVC,,,Ford Center,Evansville,IN,OVC Championship - Quarterfinal
24278,2022-03-03,22:00,2022,regular,,final,Washington,Oregon,343,223,78,67,,Pac-12,Pac-12,,,Alaska Airlines Arena,Seattle,WA,
24279,2022-03-03,22:00,2022,regular,,final,Long Beach State,UC Davis,145,307,68,65,,Big West,Big West,,,Walter Pyramid,Long Beach,CA,
24280,2022-03-03,22:00,2022,regular,,final,UC Santa Barbara,Hawai'i,311,108,67,60,,Big West,Big West,,,The Thunderdome,Santa Barbara,CA,
24281,2022-03-03,22:00,2022,regular,,final,Cal State Bakersfield,UC San Diego,36,310,70,72,,Big West,Big West,,,Icardo Center,Bakersfield,CA,
24282,2022-03-03,22:00,2022,regular,,final,Cal Poly,UC Irvine,35,308,65,54,,Big West,Big West,,,Mott Athletics Center,San Luis Obispo,CA,
24283,2022-03-03,23:00,2022,regular,,final,San Diego State,Fresno State,257,92,65,64,,Mountain West,Mountain West,,,Viejas Arena,San Diego,CA,
24284,2022-03-03,23:00,2022,regular,,final,Washington State,Oregon State,344,224,71,67,,Pac-12,Pac-12,,,Beasley Coliseum,Pullman,WA,
24285,2022-03-03,23:00,2022,regular,,final,Cal State Fullerton,UC Riverside,37,309,72,75,,Big West,Big West,,,Titan Gym,Fullerton,CA,
24286,2022-03-03,23:30,2022,regular,,final,San Diego,Pepperdine,258,228,74,67,1,WCC,WCC,,,Orleans Arena,Las Vegas,NV,West Coast Conference Tournament - 1st Round
24287,2022-03-04,12:00,2022,regular,,final,Longwood,North Carolina A&T,147,198,79,65,1,Big South,Big South,,,Bojangles Coliseum,Charlotte,NC,Hercules Tires Big South Championship - Quarterfinal
24288,2022-03-04,13:00,2022,regular,,final,Northern Iowa,Illinois State,209,119,78,65,1,MVC,MVC,,,Enterprise Center,St. Louis,MO,MVC Tournament - Quarterfinal
24289,2022-03-04,14:51,2022,regular,,final,South Carolina Upstate,Charleston Southern,268,47,72,62,1,Big South,Big South,,,Bojangles Coliseum,Charlotte,NC,Hercules Tires Big South Championship - Quarterfinal
24290,2022-03-04,15:30,2022,regular,,final,Loyola Chicago,Bradley,151,29,66,50,1,MVC,MVC,,,Enterprise Center,St. Louis,MO,MVC Tournament - Quarterfinal
24291,2022-03-04,17:00,2022,regular,,final,East Tennessee State,The Citadel,75,299,76,84,1,SoCon,SoCon,,,Harrah's Cherokee Center,Asheville,NC,SoCon Championship - 1st Round
24292,2022-03-04,18:00,2022,regular,,final,Winthrop,High Point,354,109,68,51,1,Big South,Big South,,,Bojangles Coliseum,Charlotte,NC,Hercules Tires Big South Championship - Quarterfinal
24293,2022-03-04,18:00,2022,regular,,final,Western Michigan,Ball State,351,19,63,64,,MAC,MAC,,,University Arena (MI),Kalamazoo,MI,
24294,2022-03-04,18:00,2022,regular,,final,Kent State,Buffalo,134,33,70,65,,MAC,MAC,,,M.A.C. Center,Kent,OH,
24295,2022-03-04,18:30,2022,regular,,final,Toledo,Bowling Green,300,28,96,56,,MAC,MAC,,,Savage Arena,Toledo,OH,
24296,2022-03-04,19:00,2022,regular,,final,Missouri State,Valparaiso,176,335,67,58,1,MVC,MVC,,,Enterprise Center,St. Louis,MO,MVC Tournament - Quarterfinal
24297,2022-03-04,19:00,2022,regular,,final,St. Bonaventure,Richmond,277,242,72,65,,A-10,A-10,,,Reilly Center,Saint Bonaventure,NY,
24298,2022-03-04,19:00,2022,regular,,final,Miami (OH),Eastern Michigan,167,79,76,63,,MAC,MAC,,,Millett Hall,Oxford,OH,
24299,2022-03-04,19:00,2022,regular,,final,Akron,Central Michigan,3,45,57,56,,MAC,MAC,,,James A. Rhodes Arena,Akron,OH,
24300,2022-03-04,19:45,2022,regular,,final,Mercer,Western Carolina,164,348,81,53,1,SoCon,SoCon,,,Harrah's Cherokee Center,Asheville,NC,SoCon Championship - 1st Round
24301,2022-03-04,20:00,2022,regular,,final,Murray State,Southeast Missouri State,184,272,88,74,1,OVC,OVC,,,Ford Center,Evansville,IN,OVC Championship - Semifinal
24302,2022-03-04,20:00,2022,regular,,final,Northern Illinois,Ohio,208,215,58,57,,MAC,MAC,,,NIU Convocation Center,Dekalb,IL,
24303,2022-03-04,20:30,2022,regular,,final,Gardner-Webb,Campbell,94,41,54,53,1,Big South,Big South,,,Bojangles Coliseum,Charlotte,NC,Hercules Tires Big South Championship - Quarterfinal
24304,2022-03-04,21:00,2022,regular,,final,BYU,Loyola Marymount,18,153,85,60,1,WCC,WCC,,,Orleans Arena,Las Vegas,NV,West Coast Conference Tournament - 2nd Round
24305,2022-03-04,21:30,2022,regular,,final,Drake,Southern Illinois,70,273,65,52,1,MVC,MVC,,,Enterprise Center,St. Louis,MO,MVC Tournament - Quarterfinal
24306,2022-03-04,22:30,2022,regular,,final,Belmont,Morehead State,22,181,51,53,1,OVC,OVC,,,Ford Center,Evansville,IN,OVC Championship - Semifinal
24307,2022-03-04,23:00,2022,regular,,final,San José State,Utah State,260,329,52,75,,Mountain West,Mountain West,,,Provident Credit Union Event Center,San Jose,CA,
24308,2022-03-04,23:30,2022,regular,,final,Portland,San Diego,230,258,73,55,1,WCC,WCC,,,Orleans Arena,Las Vegas,NV,West Coast Conference Tournament - 2nd Round
24316,2022-03-05,12:00,2022,regular,,final,Butler,Villanova,34,338,59,78,,Big East,Big East,,,Hinkle Fieldhouse,Indianapolis,IN,
24318,2022-03-05,12:00,2022,regular,,final,Tennessee,Arkansas,292,12,78,74,,SEC,SEC,,,Food City Center,Knoxville,TN,
24321,2022-03-05,12:00,2022,regular,,final,LSU,Alabama,136,5,80,77,,SEC,SEC,,,Pete Maravich Assembly Center,Baton Rouge,LA,
24322,2022-03-05,12:00,2022,regular,,final,Longwood,South Carolina Upstate,147,268,79,70,1,Big South,Big South,,,Bojangles Coliseum,Charlotte,NC,Hercules Tires Big South Championship - Semifinal
24323,2022-03-05,12:00,2022,regular,,final,Chattanooga,The Citadel,49,299,71,66,1,SoCon,SoCon,,,Harrah's Cherokee Center,Asheville,NC,SoCon Championship - Quarterfinal
24324,2022-03-05,12:00,2022,regular,,final,Louisville,Virginia,150,339,61,71,,ACC,ACC,,,KFC Yum! Center,Louisville,KY,
24325,2022-03-05,12:00,2022,regular,,final,Georgia Tech,Boston College,101,26,82,78,,ACC,ACC,,,McCamish Pavilion,Atlanta,GA,
24326,2022-03-05,12:30,2022,regular,,final,Texas State,Louisiana,297,148,72,79,1,Sun Belt,Sun Belt,,,Pensacola Bay Center,Pensacola,FL,Hercules Tires Sun Belt Championship - Quarterfinal
24327,2022-03-05,12:30,2022,regular,,final,Dayton,Davidson,64,63,82,76,,A-10,A-10,,,UD Arena,Dayton,OH,
24312,2022-03-05,13:00,2022,regular,,final,Auburn,South Carolina,16,266,82,71,,SEC,SEC,,,Neville Arena,Auburn,AL,
24328,2022-03-05,13:00,2022,regular,,final,Syracuse,Miami,286,168,72,75,,ACC,ACC,,,JMA Wireless Dome,Syracuse,NY,
24329,2022-03-05,13:00,2022,regular,,final,Saint Peter's,Fairfield,254,83,57,41,,Metro,Metro,,,Yanitelli Center,Jersey City,NJ,
24330,2022-03-05,13:00,2022,regular,,final,Niagara,Marist,194,156,83,52,,Metro,Metro,,,Gallagher Center,Niagara Falls,NY,
24331,2022-03-05,13:00,2022,regular,,final,Iona,Quinnipiac,123,238,79,61,,Metro,Metro,,,Hynes Athletics Center,New Rochelle,NY,
24314,2022-03-05,14:00,2022,regular,,final,Florida,Kentucky,87,135,63,71,,SEC,SEC,,,Stephen C. O'Connell Center,Gainesville,FL,
24315,2022-03-05,14:00,2022,regular,,final,Purdue,Indiana,236,121,69,67,,Big Ten,Big Ten,,,Mackey Arena,West Lafayette,IN,
24332,2022-03-05,14:00,2022,regular,,final,Old Dominion,Middle Tennessee,219,171,68,64,,CUSA,CUSA,,,Chartway Arena,Norfolk,VA,
24333,2022-03-05,14:00,2022,regular,,final,Florida Atlantic,Florida International,86,89,84,76,,CUSA,CUSA,,,Eleanor R. Baldwin Arena,Boca Raton,FL,
24334,2022-03-05,14:00,2022,regular,,final,Clemson,Virginia Tech,52,340,63,59,,ACC,ACC,,,Littlejohn Coliseum,Clemson,SC,
24335,2022-03-05,14:00,2022,regular,,final,Florida State,NC State,90,185,89,76,,ACC,ACC,,,Tucker Center,Tallahassee,FL,
24336,2022-03-05,14:00,2022,regular,,final,Harvard,Dartmouth,107,62,54,76,,Ivy,Ivy,,,Lavietes Pavilion,Cambridge,MA,
24337,2022-03-05,14:00,2022,regular,,final,West Virginia,TCU,347,287,70,64,,Big 12,Big 12,,,WVU Coliseum,Morgantown,WV,
24338,2022-03-05,14:00,2022,regular,,final,Fordham,George Washington,91,96,70,66,,A-10,A-10,,,Rose Hill Gym,Bronx,NY,
24339,2022-03-05,14:00,2022,regular,,final,Duquesne,La Salle,73,137,76,85,,A-10,A-10,,,UPMC Cooper Fieldhouse,Pittsburgh,PA,
24340,2022-03-05,14:30,2022,regular,,final,Winthrop,Gardner-Webb,354,94,76,67,1,Big South,Big South,,,Bojangles Coliseum,Charlotte,NC,Hercules Tires Big South Championship - Semifinal
24341,2022-03-05,14:30,2022,regular,,final,Wofford,VMI,356,334,68,66,1,SoCon,SoCon,,,Harrah's Cherokee Center,Asheville,NC,SoCon Championship - Quarterfinal
24342,2022-03-05,14:30,2022,regular,,final,Creighton,Seton Hall,61,263,60,65,,Big East,Big East,,,CHI Health Center Omaha,Omaha,NE,
24343,2022-03-05,14:30,2022,regular,,final,Notre Dame,Pittsburgh,213,229,78,54,,ACC,ACC,,,Purcell Pavilion,South Bend,IN,
24344,2022-03-05,14:30,2022,regular,,final,Saint Joseph's,Rhode Island,251,240,70,60,,A-10,A-10,,,Michael J. Hagan '85 Arena,Philadelphia,PA,
24317,2022-03-05,15:00,2022,regular,,final,Oklahoma State,Texas Tech,218,298,52,51,,Big 12,Big 12,,,Gallagher-Iba Arena,Stillwater,OK,
24345,2022-03-05,15:00,2022,regular,,final,Troy,Little Rock,302,144,69,62,1,Sun Belt,Sun Belt,,,Pensacola Bay Center,Pensacola,FL,Hercules Tires Sun Belt Championship - Quarterfinal
24346,2022-03-05,15:00,2022,regular,,final,Wichita State,East Carolina,352,74,70,62,,American,American,,,Charles Koch Arena,Wichita,KS,
24347,2022-03-05,15:00,2022,regular,,final,Arizona State,Stanford,10,281,65,56,,Pac-12,Pac-12,,,Desert Financial Arena,Tempe,AZ,
24348,2022-03-05,15:00,2022,regular,,final,UTSA,Rice,328,241,82,71,,CUSA,CUSA,,,UTSA Convocation Center,San Antonio,TX,
24349,2022-03-05,15:00,2022,regular,,final,UTEP,North Texas,327,204,70,68,,CUSA,CUSA,,,Don Haskins Center,El Paso,TX,
24350,2022-03-05,15:00,2022,regular,,final,Western Kentucky,Marshall,350,158,78,69,,CUSA,CUSA,,,E.A. Diddle Arena,Bowling Green,KY,
24351,2022-03-05,15:00,2022,regular,,final,UAB,Louisiana Tech,305,149,87,74,,CUSA,CUSA,,,Bartow Arena,Birmingham,AL,
24352,2022-03-05,15:00,2022,regular,,final,Southern Miss,Charlotte,275,48,67,70,,CUSA,CUSA,,,Reed Green Coliseum,Hattiesburg,MS,
24353,2022-03-05,15:00,2022,regular,,final,Lamar,California Baptist,139,39,66,78,,UAC,UAC,,,Montagne Center,Beaumont,TX,
24354,2022-03-05,15:30,2022,regular,,final,Northern Iowa,Loyola Chicago,209,151,43,66,1,MVC,MVC,,,Enterprise Center,St. Louis,MO,MVC Tournament - Semifinal
24355,2022-03-05,15:30,2022,regular,,final,Missouri,Georgia,177,98,79,69,,SEC,SEC,,,Mizzou Arena,Columbia,MO,
24313,2022-03-05,16:00,2022,regular,,final,Kansas,Texas,131,295,70,63,,Big 12,Big 12,,,Allen Fieldhouse,Lawrence,KS,
24356,2022-03-05,16:00,2022,regular,,final,Washington State,Oregon,344,223,94,74,,Pac-12,Pac-12,,,Beasley Coliseum,Pullman,WA,
24357,2022-03-05,16:00,2022,regular,,final,Cal State Bakersfield,UC Irvine,36,308,61,66,,Big West,Big West,,,Icardo Center,Bakersfield,CA,
24358,2022-03-05,16:00,2022,regular,,final,Florida A&M,Bethune-Cookman,85,23,84,73,,SWAC,SWAC,,,Al Lawson Center,Tallahassee,FL,
24359,2022-03-05,16:00,2022,regular,,final,Northwestern State,SE Louisiana,211,246,80,85,,Southland,Southland,,,Prather Coliseum,Natchitoches,LA,
24360,2022-03-05,16:00,2022,regular,,final,Seattle U,Chicago State,262,50,74,66,,UAC,UAC,,,Redhawk Center,Seattle,WA,
24361,2022-03-05,16:00,2022,regular,,final,Columbia,Cornell,58,60,64,78,,Ivy,Ivy,,,Levien Gymnasium,New York,NY,
24362,2022-03-05,16:00,2022,regular,,final,Kansas State,Oklahoma,132,217,71,78,,Big 12,Big 12,,,Bramlage Coliseum,Manhattan,KS,
24363,2022-03-05,16:00,2022,regular,,final,Saint Louis,VCU,252,333,69,65,,A-10,A-10,,,Chaifetz Arena,St. Louis,MO,
24364,2022-03-05,16:00,2022,regular,,final,George Mason,Massachusetts,95,161,80,83,,A-10,A-10,,,EagleBank Arena,Fairfax,VA,
24365,2022-03-05,16:00,2022,regular,,final,Canisius,Siena,42,264,67,64,,Metro,Metro,,,Koessler Athletic Center,Buffalo,NY,
24366,2022-03-05,16:00,2022,regular,,final,Rider,Monmouth,243,178,74,65,,Metro,Metro,,,Alumni Gymnasium (Rider),Lawrenceville,NJ,
24367,2022-03-05,16:00,2022,regular,,final,Wyoming,Fresno State,358,92,68,64,,Mountain West,Mountain West,,,Arena-Auditorium,Laramie,WY,
24368,2022-03-05,16:30,2022,regular,,final,Nicholls,New Orleans,195,193,92,85,,Southland,Southland,,,David R. Stopher Gymnasium,Thibodaux,LA,
24309,2022-03-05,17:00,2022,regular,,final,Arizona,California,11,40,89,61,,Pac-12,Pac-12,,,McKale Memorial Center,Tucson,AZ,
24320,2022-03-05,17:00,2022,regular,,final,UConn,DePaul,314,65,75,68,,Big East,Big East,,,Gampel Pavilion,Storrs,CT,
24369,2022-03-05,17:00,2022,regular,,final,William & Mary,Northeastern,353,205,63,68,1,CAA,CAA,,,Entertainment & Sports Arena,Washington,DC,CAA Championship - 1st Round
24370,2022-03-05,17:00,2022,regular,,final,Alabama A&M,Southern,4,274,49,50,,SWAC,SWAC,,,T.M. Elmore Gymnasium,Normal,AL,
24371,2022-03-05,17:00,2022,regular,,final,Idaho,Northern Arizona,117,206,78,69,,Big Sky,Big Sky,,,ICCU Arena,Moscow,ID,
24372,2022-03-05,17:00,2022,regular,,final,Eastern Washington,Portland State,80,231,83,75,,Big Sky,Big Sky,,,Reese Court,Cheney,WA,
24373,2022-03-05,17:00,2022,regular,,final,Incarnate Word,Texas A&M-Corpus Christi,120,294,68,77,,Southland,Southland,,,McDermott Center,San Antonio,TX,
24374,2022-03-05,17:30,2022,regular,,final,Alabama State,Grambling,6,103,78,75,,SWAC,SWAC,,,Dunn-Oliver Acadome,Montgomery,AL,
24310,2022-03-05,18:00,2022,regular,,final,Baylor,Iowa State,20,125,75,68,,Big 12,Big 12,,,Ferrell Center,Waco,TX,
24311,2022-03-05,18:00,2022,regular,,final,Duke,North Carolina,72,200,81,94,,ACC,ACC,,,Cameron Indoor Stadium,Durham,NC,
24375,2022-03-05,18:00,2022,regular,,final,Bryant,Mount St. Mary's,31,183,70,69,,NEC,NEC,,,Chace Athletic Center,Smithfield,RI,Northeast Conference Tournament - Semifinal
24376,2022-03-05,18:00,2022,regular,,final,Georgia State,Arkansas State,100,13,65,62,1,Sun Belt,Sun Belt,,,Pensacola Bay Center,Pensacola,FL,Hercules Tires Sun Belt Championship - Quarterfinal
24377,2022-03-05,18:00,2022,regular,,final,Missouri State,Drake,176,70,78,79,1,MVC,MVC,,,Enterprise Center,St. Louis,MO,MVC Tournament - Semifinal
24378,2022-03-05,18:00,2022,regular,,final,Liberty,Bellarmine,142,21,50,53,,ASUN,ASUN,,,Liberty Arena,Lynchburg,VA,ASUN Championship - Semifinal
24379,2022-03-05,18:00,2022,regular,,final,Furman,Mercer,93,164,80,66,1,SoCon,SoCon,,,Harrah's Cherokee Center,Asheville,NC,SoCon Championship - Quarterfinal
24380,2022-03-05,18:00,2022,regular,,final,Alcorn State,Arkansas-Pine Bluff,7,14,100,77,,SWAC,SWAC,,,Davey L. Whitney Complex,Lorman,MS,
24381,2022-03-05,18:00,2022,regular,,final,Montana State,Northern Colorado,180,207,87,85,,Big Sky,Big Sky,,,Worthington Arena,Bozeman,MT,
24382,2022-03-05,18:00,2022,regular,,final,Pennsylvania,Princeton,227,234,70,93,,Ivy,Ivy,,,The Palestra,Philadelphia,PA,
24383,2022-03-05,18:00,2022,regular,,final,Ole Miss,Vanderbilt,220,336,61,63,,SEC,SEC,,,The Sandy and John Black Pavilion at Ole Miss,Oxford,MS,
24384,2022-03-05,18:30,2022,regular,,final,Jackson State,Mississippi Valley State,126,175,76,69,,SWAC,SWAC,,,Lee E. Williams Athletics and Assembly Center,Jackson,MS,
24385,2022-03-05,19:00,2022,regular,,final,South Dakota State,Omaha,270,221,87,79,1,Summit,Summit,,,Denny Sanford Premier Center,Sioux Falls,SD,Summit League Championship - Quarterfinal
24386,2022-03-05,19:00,2022,regular,,final,Jacksonville State,Jacksonville,128,127,51,54,,ASUN,ASUN,,,Pete Mathews Coliseum,Jacksonville,AL,ASUN Championship - Semifinal
24387,2022-03-05,19:00,2022,regular,,final,Long Beach State,UC Riverside,145,309,73,72,,Big West,Big West,,,Walter Pyramid,Long Beach,CA,
24388,2022-03-05,19:00,2022,regular,,final,Xavier,Georgetown,359,97,97,75,,Big East,Big East,,,Cintas Center,Cincinnati,OH,
24389,2022-03-05,19:00,2022,regular,,final,Abilene Christian,Tarleton State,1,288,61,56,,UAC,UAC,,,Teague Center,Abilene,TX,
24390,2022-03-05,19:00,2022,regular,,final,Yale,Brown,360,30,74,65,,Ivy,Ivy,,,John J. Lee Amphitheater,New Haven,CT,
24391,2022-03-05,19:30,2022,regular,,final,Washington,Oregon State,343,224,78,67,,Pac-12,Pac-12,,,Alaska Airlines Arena,Seattle,WA,
24392,2022-03-05,20:00,2022,regular,,final,Wagner,Long Island University,341,146,82,62,,NEC,NEC,,,Spiro Sports Center,Staten Island,NY,Northeast Conference Tournament - Semifinal
24393,2022-03-05,20:00,2022,regular,,final,Weber State,Southern Utah,345,276,70,80,,Big Sky,Big Sky,,,Dee Events Center,Ogden,UT,
24394,2022-03-05,20:00,2022,regular,,final,Houston Christian,McNeese,112,162,149,144,,Southland,Southland,,,Sharp Gymnasium,Houston,TX,
24395,2022-03-05,20:00,2022,regular,,final,Grand Canyon,Utah Tech,104,330,70,53,,UAC,UAC,,,Global Credit Union Arena,Phoenix,AZ,
24396,2022-03-05,20:00,2022,regular,,final,UT Rio Grande Valley,Stephen F. Austin,326,282,63,93,,UAC,UAC,,,UTRGV Fieldhouse,Edinburg,TX,
24397,2022-03-05,20:30,2022,regular,,final,Murray State,Morehead State,184,181,71,67,1,OVC,OVC,,,Ford Center,Evansville,IN,OVC Championship - Final
24398,2022-03-05,20:30,2022,regular,,final,App State,Georgia Southern,9,99,73,60,1,Sun Belt,Sun Belt,,,Pensacola Bay Center,Pensacola,FL,Hercules Tires Sun Belt Championship - Quarterfinal
24399,2022-03-05,20:30,2022,regular,,final,Samford,UNC Greensboro,256,320,66,64,1,SoCon,SoCon,,,Harrah's Cherokee Center,Asheville,NC,SoCon Championship - Quarterfinal
24400,2022-03-05,20:30,2022,regular,,final,Texas Southern,Prairie View A&M,296,232,78,77,,SWAC,SWAC,,,H&PE Arena,Houston,TX,
24401,2022-03-05,20:30,2022,regular,,final,Texas A&M,Mississippi State,293,174,67,64,,SEC,SEC,,,Reed Arena,College Station,TX,
24402,2022-03-05,20:30,2022,regular,,final,Colorado State,Boise State,57,25,71,68,,Mountain West,Mountain West,,,Moby Arena,Fort Collins,CO,
24403,2022-03-05,21:00,2022,regular,,final,Cal State Fullerton,UC Davis,37,307,62,59,,Big West,Big West,,,Titan Gym,Fullerton,CA,
24404,2022-03-05,21:00,2022,regular,,final,Marquette,St. John's,157,279,85,77,,Big East,Big East,,,Fiserv Forum,Milwaukee,WI,
24405,2022-03-05,21:00,2022,regular,,final,Montana,Sacramento State,179,249,71,72,,Big Sky,Big Sky,,,Dahlberg Arena,Missoula,MT,
24406,2022-03-05,21:00,2022,regular,,final,New Mexico State,Utah Valley,192,332,62,46,,UAC,UAC,,,Pan American Center,Las Cruces,NM,
24407,2022-03-05,21:30,2022,regular,,final,North Dakota State,Denver,202,68,82,62,1,Summit,Summit,,,Denny Sanford Premier Center,Sioux Falls,SD,Summit League Championship - Quarterfinal
24408,2022-03-05,21:30,2022,regular,,final,Utah,Colorado,331,56,71,84,,Pac-12,Pac-12,,,Jon M. Huntsman Center,Salt Lake City,UT,
24319,2022-03-05,22:00,2022,regular,,final,UCLA,USC,313,323,75,68,,Pac-12,Pac-12,,,Pauley Pavilion,Los Angeles,CA,
24409,2022-03-05,22:00,2022,regular,,final,Cal State Northridge,Hawai'i,38,108,62,84,,Big West,Big West,,,Premier America Credit Union Arena,Northridge,CA,
24410,2022-03-05,22:00,2022,regular,,final,Cal Poly,UC San Diego,35,310,80,76,,Big West,Big West,,,Mott Athletics Center,San Luis Obispo,CA,
24411,2022-03-05,22:30,2022,regular,,final,San Francisco,BYU,259,18,75,63,1,WCC,WCC,,,Orleans Arena,Las Vegas,NV,West Coast Conference Tournament - Quarterfinal
24412,2022-03-05,22:30,2022,regular,,final,Nevada,San Diego State,189,257,78,79,,Mountain West,Mountain West,,,Lawlor Events Center,Reno,NV,
24413,2022-03-05,23:00,2022,regular,,final,New Mexico,UNLV,191,322,76,67,,Mountain West,Mountain West,,,The Pit,Albuquerque,NM,
24414,2022-03-06,01:23,2022,regular,,final,Santa Clara,Portland,261,230,91,67,1,WCC,WCC,,,Orleans Arena,Las Vegas,NV,West Coast Conference Tournament - Quarterfinal
24416,2022-03-06,12:00,2022,regular,,final,Memphis,Houston,163,113,75,61,,American,American,,,FedExForum,Memphis,TN,
24419,2022-03-06,12:00,2022,regular,,final,Towson,Northeastern,301,205,68,61,1,CAA,CAA,,,Entertainment & Sports Arena,Washington,DC,CAA Championship - Quarterfinal
24420,2022-03-06,12:00,2022,regular,,final,Longwood,Winthrop,147,354,79,58,1,Big South,Big South,,,Bojangles Coliseum,Charlotte,NC,Hercules Tires Big South Championship - Final
24421,2022-03-06,12:00,2022,regular,,final,Rutgers,Penn State,245,226,59,58,,Big Ten,Big Ten,,,Jersey Mike’s Arena,Piscataway,NJ,
24418,2022-03-06,12:30,2022,regular,,final,Ohio State,Michigan,216,170,69,75,,Big Ten,Big Ten,,,Schottenstein Center,Columbus,OH,
24422,2022-03-06,13:00,2022,regular,,final,UMBC,UMass Lowell,317,318,93,85,,Am. East,Am. East,,,Chesapeake Employers Insurance Arena,Baltimore,MD,America East Playoffs - Quarterfinal
24423,2022-03-06,13:00,2022,regular,,final,New Hampshire,Binghamton,190,24,69,72,,Am. East,Am. East,,,Lundholm Gymnasium,Durham,NH,America East Playoffs - Quarterfinal
24415,2022-03-06,14:00,2022,regular,,final,Wisconsin,Nebraska,355,188,73,74,,Big Ten,Big Ten,,,Kohl Center,Madison,WI,
24424,2022-03-06,14:00,2022,regular,,final,Vermont,NJIT,337,186,98,59,,Am. East,Am. East,,,Patrick Gymnasium,Burlington,VT,America East Playoffs - Quarterfinal
24425,2022-03-06,14:00,2022,regular,,final,Hartford,UAlbany,363,306,61,49,,Am. East,Am. East,,,Chase Arena,West Hartford,CT,America East Playoffs - Quarterfinal
24426,2022-03-06,14:00,2022,regular,,final,Colgate,Lehigh,55,141,81,61,,Patriot,Patriot,,,Cotterell Court,Hamilton,NY,Patriot League Championship - Semifinal
24427,2022-03-06,14:00,2022,regular,,final,Tulsa,UCF,304,312,73,72,,American,American,,,Reynolds Center,Tulsa,OK,
24428,2022-03-06,14:00,2022,regular,,final,Temple,South Florida,289,271,75,47,,American,American,,,Liacouras Center,Philadelphia,PA,
24429,2022-03-06,14:15,2022,regular,,final,Drake,Loyola Chicago,70,151,58,64,1,MVC,MVC,,,Enterprise Center,St. Louis,MO,MVC Tournament - Final
24430,2022-03-06,14:45,2022,regular,,final,Drexel,Delaware,71,66,56,66,1,CAA,CAA,,,Entertainment & Sports Arena,Washington,DC,CAA Championship - Quarterfinal
24431,2022-03-06,15:00,2022,regular,,final,SMU,Tulane,248,303,74,68,,American,American,,,Moody Coliseum,Dallas,TX,
24432,2022-03-06,16:00,2022,regular,,final,Navy,Boston University,187,27,85,80,,Patriot,Patriot,,,Alumni Hall (Navy),Annapolis,MD,Patriot League Championship - Semifinal
24433,2022-03-06,16:00,2022,regular,,final,Chattanooga,Wofford,49,356,79,56,1,SoCon,SoCon,,,Harrah's Cherokee Center,Asheville,NC,SoCon Championship - Semifinal
24434,2022-03-06,16:35,2022,regular,,final,Michigan State,Maryland,169,160,77,67,,Big Ten,Big Ten,,,Breslin Center,East Lansing,MI,
24435,2022-03-06,18:00,2022,regular,,final,UNC Wilmington,Elon,321,81,75,58,1,CAA,CAA,,,Entertainment & Sports Arena,Washington,DC,CAA Championship - Quarterfinal
24436,2022-03-06,18:00,2022,regular,,final,Troy,Louisiana,302,148,57,66,1,Sun Belt,Sun Belt,,,Pensacola Bay Center,Pensacola,FL,Hercules Tires Sun Belt Championship - Semifinal
24437,2022-03-06,18:30,2022,regular,,final,Furman,Samford,93,256,71,68,1,SoCon,SoCon,,,Harrah's Cherokee Center,Asheville,NC,SoCon Championship - Semifinal
24438,2022-03-06,19:00,2022,regular,,final,Kansas City,South Dakota,130,269,61,74,1,Summit,Summit,,,Denny Sanford Premier Center,Sioux Falls,SD,Summit League Championship - Quarterfinal
24417,2022-03-06,19:30,2022,regular,,final,Illinois,Iowa,118,124,74,72,,Big Ten,Big Ten,,,State Farm Center,Champaign,IL,
24439,2022-03-06,19:30,2022,regular,,final,Northwestern,Minnesota,212,173,75,62,,Big Ten,Big Ten,,,Welsh-Ryan Arena,Evanston,IL,
24440,2022-03-06,20:30,2022,regular,,final,Hofstra,Charleston,110,46,76,92,1,CAA,CAA,,,Entertainment & Sports Arena,Washington,DC,CAA Championship - Quarterfinal
24441,2022-03-06,20:30,2022,regular,,final,App State,Georgia State,9,100,66,71,1,Sun Belt,Sun Belt,,,Pensacola Bay Center,Pensacola,FL,Hercules Tires Sun Belt Championship - Semifinal
24442,2022-03-06,21:30,2022,regular,,final,Oral Roberts,Western Illinois,222,349,80,68,1,Summit,Summit,,,Denny Sanford Premier Center,Sioux Falls,SD,Summit League Championship - Quarterfinal
24443,2022-03-07,18:00,2022,regular,,final,Towson,Delaware,301,66,56,69,1,CAA,CAA,,,Entertainment & Sports Arena,Washington,DC,CAA Championship - Semifinal
24444,2022-03-07,19:00,2022,regular,,final,South Dakota State,South Dakota,270,269,83,60,1,Summit,Summit,,,Denny Sanford Premier Center,Sioux Falls,SD,Summit League Championship - Semifinal
24445,2022-03-07,19:00,2022,regular,,final,Cleveland State,Wright State,53,357,67,82,1,Horizon,Horizon,,,Corteva Coliseum,Indianapolis,IN,KEEPS Horizon League Championship - Semifinal
24446,2022-03-07,19:00,2022,regular,,final,Georgia State,Louisiana,100,148,80,71,1,Sun Belt,Sun Belt,,,Pensacola Bay Center,Pensacola,FL,Hercules Tires Sun Belt Championship - Final
24447,2022-03-07,19:00,2022,regular,,final,Chattanooga,Furman,49,93,64,63,1,SoCon,SoCon,,,Harrah's Cherokee Center,Asheville,NC,SoCon Championship - Final
24448,2022-03-07,20:50,2022,regular,,final,UNC Wilmington,Charleston,321,46,60,57,1,CAA,CAA,,,Entertainment & Sports Arena,Washington,DC,CAA Championship - Semifinal
24449,2022-03-07,21:00,2022,regular,,final,Gonzaga,San Francisco,102,259,81,71,1,WCC,WCC,,,Orleans Arena,Las Vegas,NV,West Coast Conference Tournament - Semifinal
24450,2022-03-07,21:30,2022,regular,,final,North Dakota State,Oral Roberts,202,222,92,72,1,Summit,Summit,,,Denny Sanford Premier Center,Sioux Falls,SD,Summit League Championship - Semifinal
24451,2022-03-07,21:30,2022,regular,,final,Purdue Fort Wayne,Northern Kentucky,237,210,43,57,1,Horizon,Horizon,,,Corteva Coliseum,Indianapolis,IN,KEEPS Horizon League Championship - Semifinal
24452,2022-03-07,23:30,2022,regular,,final,Saint Mary's,Santa Clara,253,261,75,72,1,WCC,WCC,,,Orleans Arena,Las Vegas,NV,West Coast Conference Tournament - Semifinal
24453,2022-03-08,14:00,2022,regular,,final,Pittsburgh,Boston College,229,26,46,66,1,ACC,ACC,,,Barclays Center,Brooklyn,NY,New York Life ACC Tournament - 1st Round
24454,2022-03-08,16:30,2022,regular,,final,Clemson,NC State,52,185,70,64,1,ACC,ACC,,,Barclays Center,Brooklyn,NY,New York Life ACC Tournament - 1st Round
24455,2022-03-08,17:00,2022,regular,,final,Manhattan,Rider,155,243,67,79,1,Metro,Metro,,,Jim Whelan Boardwalk Hall,Atlantic City,NJ,MAAC Championship - 1st Round
24456,2022-03-08,17:00,2022,regular,,final,Bellarmine,Jacksonville,21,127,77,72,,ASUN,ASUN,,,Freedom Hall (KY),Louisville,KY,ASUN Championship - Final
24457,2022-03-08,19:00,2022,regular,,final,Bryant,Wagner,31,341,70,43,,NEC,NEC,,,Chace Athletic Center,Smithfield,RI,Northeast Conference Tournament - Final
24458,2022-03-08,19:00,2022,regular,,final,UNC Wilmington,Delaware,321,66,55,59,1,CAA,CAA,,,Entertainment & Sports Arena,Washington,DC,CAA Championship - Final
24459,2022-03-08,19:00,2022,regular,,final,Northern Kentucky,Wright State,210,357,71,72,1,Horizon,Horizon,,,Corteva Coliseum,Indianapolis,IN,KEEPS Horizon League Championship - Final
24460,2022-03-08,19:00,2022,regular,,final,Louisville,Georgia Tech,150,101,84,74,1,ACC,ACC,,,Barclays Center,Brooklyn,NY,New York Life ACC Tournament - 1st Round
24461,2022-03-08,19:00,2022,regular,,final,Fairfield,Canisius,83,42,72,50,1,Metro,Metro,,,Jim Whelan Boardwalk Hall,Atlantic City,NJ,MAAC Championship - 1st Round
24462,2022-03-08,19:30,2022,regular,,final,Florida International,Marshall,89,158,62,74,1,CUSA,CUSA,,,Ford Center At The Star,Frisco,TX,C-USA Championship - 1st Round
24463,2022-03-08,20:00,2022,regular,,final,UTSA,Southern Miss,328,275,64,67,1,CUSA,CUSA,,,Ford Center At The Star,Frisco,TX,C-USA Championship - 1st Round
24464,2022-03-08,21:00,2022,regular,,final,South Dakota State,North Dakota State,270,202,75,69,1,Summit,Summit,,,Denny Sanford Premier Center,Sioux Falls,SD,Summit League Championship - Final
24465,2022-03-08,21:00,2022,regular,,final,Gonzaga,Saint Mary's,102,253,82,69,1,WCC,WCC,,,Orleans Arena,Las Vegas,NV,West Coast Conference Tournament - Final
24466,2022-03-08,21:00,2022,regular,,final,Cal State Northridge,Cal State Bakersfield,38,36,45,58,1,Big West,Big West,,,Lee's Family Forum,Henderson,NV,Hercules Tires Big West Championship - 1st Round
24467,2022-03-08,21:00,2022,regular,,final,California Baptist,UT Rio Grande Valley,39,326,81,80,1,UAC,UAC,,,Michelob ULTRA Arena,Las Vegas,NV,WAC Tournament - 1st Round
24468,2022-03-08,21:50,2022,regular,,final,Marist,Quinnipiac,156,238,52,77,1,Metro,Metro,,,Jim Whelan Boardwalk Hall,Atlantic City,NJ,MAAC Championship - 1st Round
24469,2022-03-08,23:30,2022,regular,,final,UC Davis,Cal Poly,307,35,63,53,1,Big West,Big West,,,Lee's Family Forum,Henderson,NV,Hercules Tires Big West Championship - 1st Round
24470,2022-03-08,23:30,2022,regular,,final,Utah Valley,Chicago State,332,50,69,47,1,UAC,UAC,,,Michelob ULTRA Arena,Las Vegas,NV,WAC Tournament - 1st Round
24471,2022-03-09,11:30,2022,regular,,final,Sacramento State,Idaho,249,117,57,54,1,Big Sky,Big Sky,,,Idaho Central Arena,Boise,ID,Big Sky Championship - 1st Round
24472,2022-03-09,12:00,2022,regular,,final,Florida State,Syracuse,90,286,57,96,1,ACC,ACC,,,Barclays Center,Brooklyn,NY,New York Life ACC Tournament - 2nd Round
24473,2022-03-09,13:00,2022,regular,,final,La Salle,Saint Joseph's,137,251,63,56,1,A-10,A-10,,,Capital One Arena,Washington,DC,Atlantic 10 Championship - 1st Round
24474,2022-03-09,14:00,2022,regular,,final,Nevada,New Mexico,189,191,79,72,1,Mountain West,Mountain West,,,Thomas & Mack Center,Las Vegas,NV,Mountain West Championship - 1st Round
24475,2022-03-09,14:00,2022,regular,,final,Portland State,Idaho State,231,116,66,52,1,Big Sky,Big Sky,,,Idaho Central Arena,Boise,ID,Big Sky Championship - 1st Round
24476,2022-03-09,14:30,2022,regular,,final,Wake Forest,Boston College,342,26,77,82,1,ACC,ACC,,,Barclays Center,Brooklyn,NY,New York Life ACC Tournament - 2nd Round
24477,2022-03-09,15:00,2022,regular,,final,Arizona State,Stanford,10,281,70,71,1,Pac-12,Pac-12,,,T-Mobile Arena,Las Vegas,NV,Pac-12 Tournament - 1st Round
24478,2022-03-09,15:00,2022,regular,,final,Texas Southern,Jackson State,296,126,54,50,1,SWAC,SWAC,,,Bartow Arena,Birmingham,AL,SWAC Tournament - Quarterfinal
24479,2022-03-09,15:30,2022,regular,,final,Rhode Island,Duquesne,240,73,79,77,1,A-10,A-10,,,Capital One Arena,Washington,DC,Atlantic 10 Championship - 1st Round
24480,2022-03-09,16:30,2022,regular,,final,Utah State,Air Force,329,2,83,56,1,Mountain West,Mountain West,,,Thomas & Mack Center,Las Vegas,NV,Mountain West Championship - 1st Round
24481,2022-03-09,16:30,2022,regular,,final,Xavier,Butler,359,34,82,89,1,Big East,Big East,,,Madison Square Garden,New York,NY,Big East Tournament - 1st Round
24482,2022-03-09,16:30,2022,regular,,final,Eastern Washington,Northern Arizona,80,206,78,75,1,Big Sky,Big Sky,,,Idaho Central Arena,Boise,ID,Big Sky Championship - 1st Round
24483,2022-03-09,17:30,2022,regular,,final,Oregon,Oregon State,223,224,86,72,1,Pac-12,Pac-12,,,T-Mobile Arena,Las Vegas,NV,Pac-12 Tournament - 1st Round
24484,2022-03-09,18:00,2022,regular,,final,Missouri,Ole Miss,177,220,72,60,1,SEC,SEC,,,Amalie Arena,Tampa,FL,SEC Tournament - 1st Round
24485,2022-03-09,18:00,2022,regular,,final,Houston Christian,Incarnate Word,112,120,74,64,1,Southland,Southland,,,Leonard E. Merrell Center,Katy,TX,Southland Tournament - 1st Round
24486,2022-03-09,18:00,2022,regular,,final,Norfolk State,Delaware State,196,67,74,66,1,MEAC,MEAC,,,Norfolk Scope Arena,Norfolk,VA,MEAC Tournament - Quarterfinal
24487,2022-03-09,18:00,2022,regular,,final,Northwestern,Nebraska,212,188,71,69,1,Big Ten,Big Ten,,,Gainbridge Fieldhouse,Indianapolis,IN,Big Ten Tournament - 1st Round
24488,2022-03-09,18:30,2022,regular,,final,Charlotte,Rice,48,241,61,73,1,CUSA,CUSA,,,Ford Center At The Star,Frisco,TX,C-USA Championship - 2nd Round
24489,2022-03-09,19:00,2022,regular,,final,Louisiana Tech,Marshall,149,158,77,67,1,CUSA,CUSA,,,Ford Center At The Star,Frisco,TX,C-USA Championship - 2nd Round
24490,2022-03-09,19:00,2022,regular,,final,Fresno State,San José State,92,260,69,67,1,Mountain West,Mountain West,,,Thomas & Mack Center,Las Vegas,NV,Mountain West Championship - 1st Round
24491,2022-03-09,19:00,2022,regular,,final,Kansas State,West Virginia,132,347,67,73,1,Big 12,Big 12,,,T-Mobile Center,Kansas City,MO,Phillips 66 Big 12 Championship - 1st Round
24492,2022-03-09,19:00,2022,regular,,final,UMBC,Hartford,317,363,80,60,,Am. East,Am. East,,,Chesapeake Employers Insurance Arena,Baltimore,MD,America East Playoffs - Semifinal
24493,2022-03-09,19:00,2022,regular,,final,Vermont,Binghamton,337,24,74,42,,Am. East,Am. East,,,Patrick Gymnasium,Burlington,VT,America East Playoffs - Semifinal
24494,2022-03-09,19:00,2022,regular,,final,Virginia Tech,Clemson,340,52,76,75,1,ACC,ACC,,,Barclays Center,Brooklyn,NY,New York Life ACC Tournament - 2nd Round
24495,2022-03-09,19:00,2022,regular,,final,Iona,Rider,123,243,70,71,1,Metro,Metro,,,Jim Whelan Boardwalk Hall,Atlantic City,NJ,MAAC Championship - Quarterfinal
24496,2022-03-09,19:30,2022,regular,,final,Colgate,Navy,55,187,74,58,,Patriot,Patriot,,,Cotterell Court,Hamilton,NY,Patriot League Championship - Final
24497,2022-03-09,19:40,2022,regular,,final,St. John's,DePaul,279,65,92,73,,Big East,Big East,,,Madison Square Garden,New York,NY,Big East Tournament - 1st Round
24498,2022-03-09,20:25,2022,regular,,final,Vanderbilt,Georgia,336,98,86,51,1,SEC,SEC,,,Amalie Arena,Tampa,FL,SEC Tournament - 1st Round
24499,2022-03-09,20:30,2022,regular,,final,Northwestern State,McNeese,211,162,67,80,1,Southland,Southland,,,Leonard E. Merrell Center,Katy,TX,Southland Tournament - 1st Round
24500,2022-03-09,20:30,2022,regular,,final,Howard,Coppin State,114,59,57,59,1,MEAC,MEAC,,,Norfolk Scope Arena,Norfolk,VA,MEAC Tournament - Quarterfinal
24501,2022-03-09,20:50,2022,regular,,final,Penn State,Minnesota,226,173,60,51,1,Big Ten,Big Ten,,,Gainbridge Fieldhouse,Indianapolis,IN,Big Ten Tournament - 1st Round
24502,2022-03-09,21:00,2022,regular,,final,UTEP,Old Dominion,327,219,74,64,1,CUSA,CUSA,,,Ford Center At The Star,Frisco,TX,C-USA Championship - 2nd Round
24503,2022-03-09,21:00,2022,regular,,final,Washington State,California,344,40,66,59,1,Pac-12,Pac-12,,,T-Mobile Arena,Las Vegas,NV,Pac-12 Tournament - 1st Round
24504,2022-03-09,21:00,2022,regular,,final,Sam Houston,California Baptist,255,39,65,35,1,UAC,UAC,,,Orleans Arena,Las Vegas,NV,WAC Tournament - 2nd Round
24505,2022-03-09,21:30,2022,regular,,final,Florida Atlantic,Southern Miss,86,275,86,59,1,CUSA,CUSA,,,Ford Center At The Star,Frisco,TX,C-USA Championship - 2nd Round
24506,2022-03-09,21:30,2022,regular,,final,Alcorn State,Prairie View A&M,7,232,64,63,1,SWAC,SWAC,,,Bartow Arena,Birmingham,AL,SWAC Tournament - Quarterfinal
24507,2022-03-09,21:30,2022,regular,,final,Saint Peter's,Fairfield,254,83,77,63,1,Metro,Metro,,,Jim Whelan Boardwalk Hall,Atlantic City,NJ,MAAC Championship - Quarterfinal
24508,2022-03-09,21:50,2022,regular,,final,Virginia,Louisville,339,150,51,50,1,ACC,ACC,,,Barclays Center,Brooklyn,NY,New York Life ACC Tournament - 2nd Round
24509,2022-03-09,22:10,2022,regular,,final,Seton Hall,Georgetown,263,97,57,53,1,Big East,Big East,,,Madison Square Garden,New York,NY,Big East Tournament - 1st Round
24510,2022-03-09,23:30,2022,regular,,final,Washington,Utah,343,331,82,70,1,Pac-12,Pac-12,,,T-Mobile Arena,Las Vegas,NV,Pac-12 Tournament - 1st Round
24511,2022-03-09,23:30,2022,regular,,final,Abilene Christian,Utah Valley,1,332,82,74,1,UAC,UAC,,,Orleans Arena,Las Vegas,NV,WAC Tournament - 2nd Round
24512,2022-03-10,11:00,2022,regular,,final,Toledo,Central Michigan,300,45,72,71,1,MAC,MAC,,,Rocket Mortgage FieldHouse,Cleveland,OH,MAC Championship - Quarterfinal
24513,2022-03-10,11:30,2022,regular,,final,Michigan,Indiana,170,121,69,74,1,Big Ten,Big Ten,,,Gainbridge Fieldhouse,Indianapolis,IN,Big Ten Tournament - 2nd Round
24514,2022-03-10,12:00,2022,regular,,final,Texas A&M,Florida,293,87,83,80,1,SEC,SEC,,,Amalie Arena,Tampa,FL,SEC Tournament - 2nd Round
24515,2022-03-10,12:00,2022,regular,,final,Duke,Syracuse,72,286,88,79,1,ACC,ACC,,,Barclays Center,Brooklyn,NY,New York Life ACC Tournament - Quarterfinal
24516,2022-03-10,12:00,2022,regular,,final,Fordham,George Mason,91,95,54,49,1,A-10,A-10,,,Capital One Arena,Washington,DC,Atlantic 10 Championship - 2nd Round
24517,2022-03-10,12:00,2022,regular,,final,Providence,Butler,235,34,65,61,1,Big East,Big East,,,Madison Square Garden,New York,NY,Big East Tournament - Quarterfinal
24518,2022-03-10,12:30,2022,regular,,final,Texas,TCU,295,287,60,65,1,Big 12,Big 12,,,T-Mobile Center,Kansas City,MO,Phillips 66 Big 12 Championship - Quarterfinal
24519,2022-03-10,13:00,2022,regular,,final,Cincinnati,East Carolina,51,74,74,63,1,American,American,,,Dickies Arena,Fort Worth,TX,Air Force Reserve American Athletic Conference Championship - 1st Round
24520,2022-03-10,13:30,2022,regular,,final,Akron,Buffalo,3,33,70,68,1,MAC,MAC,,,Rocket Mortgage FieldHouse,Cleveland,OH,MAC Championship - Quarterfinal
24521,2022-03-10,14:00,2022,regular,,final,Iowa,Northwestern,124,212,112,76,1,Big Ten,Big Ten,,,Gainbridge Fieldhouse,Indianapolis,IN,Big Ten Tournament - 2nd Round
24522,2022-03-10,14:00,2022,regular,,final,Montana State,Sacramento State,180,249,83,61,1,Big Sky,Big Sky,,,Idaho Central Arena,Boise,ID,Big Sky Championship - Quarterfinal
24523,2022-03-10,14:30,2022,regular,,final,Saint Louis,La Salle,252,137,71,51,1,A-10,A-10,,,Capital One Arena,Washington,DC,Atlantic 10 Championship - 2nd Round
24524,2022-03-10,14:41,2022,regular,,final,Miami,Boston College,168,26,71,69,1,ACC,ACC,,,Barclays Center,Brooklyn,NY,New York Life ACC Tournament - Quarterfinal
24525,2022-03-10,14:50,2022,regular,,final,Creighton,Marquette,61,157,74,63,1,Big East,Big East,,,Madison Square Garden,New York,NY,Big East Tournament - Quarterfinal
24526,2022-03-10,15:00,2022,regular,,final,Arizona,Stanford,11,281,84,80,1,Pac-12,Pac-12,,,T-Mobile Arena,Las Vegas,NV,Pac-12 Tournament - Quarterfinal
24527,2022-03-10,15:00,2022,regular,,final,Boise State,Nevada,25,189,71,69,1,Mountain West,Mountain West,,,Thomas & Mack Center,Las Vegas,NV,Mountain West Championship - Quarterfinal
24528,2022-03-10,15:00,2022,regular,,final,Southern,Grambling,274,103,58,60,1,SWAC,SWAC,,,Bartow Arena,Birmingham,AL,SWAC Tournament - Quarterfinal
24529,2022-03-10,15:00,2022,regular,,final,Long Beach State,Cal State Bakersfield,145,36,72,61,1,Big West,Big West,,,Lee's Family Forum,Henderson,NV,Hercules Tires Big West Championship - Quarterfinal
24530,2022-03-10,15:17,2022,regular,,final,LSU,Missouri,136,177,76,68,1,SEC,SEC,,,Amalie Arena,Tampa,FL,SEC Tournament - 2nd Round
24531,2022-03-10,15:21,2022,regular,,final,Kansas,West Virginia,131,347,87,63,,Big 12,Big 12,,,T-Mobile Center,Kansas City,MO,Phillips 66 Big 12 Championship - Quarterfinal
24532,2022-03-10,15:39,2022,regular,,final,Wichita State,Tulsa,352,304,67,73,1,American,American,,,Dickies Arena,Fort Worth,TX,Air Force Reserve American Athletic Conference Championship - 1st Round
24533,2022-03-10,16:00,2022,regular,,final,Kent State,Miami (OH),134,167,85,75,1,MAC,MAC,,,Rocket Mortgage FieldHouse,Cleveland,OH,MAC Championship - Quarterfinal
24534,2022-03-10,16:30,2022,regular,,final,Weber State,Montana,345,179,68,56,1,Big Sky,Big Sky,,,Idaho Central Arena,Boise,ID,Big Sky Championship - Quarterfinal
24535,2022-03-10,17:30,2022,regular,,final,Colorado,Oregon,56,223,80,69,1,Pac-12,Pac-12,,,T-Mobile Arena,Las Vegas,NV,Pac-12 Tournament - Quarterfinal
24536,2022-03-10,17:30,2022,regular,,final,Wyoming,UNLV,358,322,59,56,1,Mountain West,Mountain West,,,Thomas & Mack Center,Las Vegas,NV,Mountain West Championship - Quarterfinal
24537,2022-03-10,17:30,2022,regular,,final,UC Irvine,UC Santa Barbara,308,311,69,78,1,Big West,Big West,,,Lee's Family Forum,Henderson,NV,Hercules Tires Big West Championship - Quarterfinal
24538,2022-03-10,18:00,2022,regular,,final,South Carolina,Mississippi State,266,174,51,73,1,SEC,SEC,,,Amalie Arena,Tampa,FL,SEC Tournament - 2nd Round
24539,2022-03-10,18:00,2022,regular,,final,Texas A&M-Corpus Christi,Houston Christian,294,112,75,60,1,Southland,Southland,,,Leonard E. Merrell Center,Katy,TX,Southland Tournament - Quarterfinal
24540,2022-03-10,18:00,2022,regular,,final,Morgan State,South Carolina State,182,267,80,77,1,MEAC,MEAC,,,Norfolk Scope Arena,Norfolk,VA,MEAC Tournament - Quarterfinal
24541,2022-03-10,18:00,2022,regular,,final,George Washington,Massachusetts,96,161,88,99,1,A-10,A-10,,,Capital One Arena,Washington,DC,Atlantic 10 Championship - 2nd Round
24542,2022-03-10,18:30,2022,regular,,final,North Texas,Rice,204,241,68,50,1,CUSA,CUSA,,,Ford Center At The Star,Frisco,TX,C-USA Championship - Quarterfinal
24543,2022-03-10,18:30,2022,regular,,final,Ohio,Ball State,215,19,77,67,1,MAC,MAC,,,Rocket Mortgage FieldHouse,Cleveland,OH,MAC Championship - Quarterfinal
24544,2022-03-10,18:30,2022,regular,,final,Michigan State,Maryland,169,160,76,72,1,Big Ten,Big Ten,,,Gainbridge Fieldhouse,Indianapolis,IN,Big Ten Tournament - 2nd Round
24545,2022-03-10,19:00,2022,regular,,final,Western Kentucky,Louisiana Tech,350,149,57,59,1,CUSA,CUSA,,,Ford Center At The Star,Frisco,TX,C-USA Championship - Quarterfinal
24546,2022-03-10,19:00,2022,regular,,final,UCF,South Florida,312,271,60,58,1,American,American,,,Dickies Arena,Fort Worth,TX,Air Force Reserve American Athletic Conference Championship - 1st Round
24547,2022-03-10,19:00,2022,regular,,final,Baylor,Oklahoma,20,217,67,72,1,Big 12,Big 12,,,T-Mobile Center,Kansas City,MO,Phillips 66 Big 12 Championship - Quarterfinal
24548,2022-03-10,19:00,2022,regular,,final,Notre Dame,Virginia Tech,213,340,80,87,1,ACC,ACC,,,Barclays Center,Brooklyn,NY,New York Life ACC Tournament - Quarterfinal
24549,2022-03-10,19:00,2022,regular,,final,Siena,Quinnipiac,264,238,71,77,1,Metro,Metro,,,Jim Whelan Boardwalk Hall,Atlantic City,NJ,MAAC Championship - Quarterfinal
24550,2022-03-10,19:00,2022,regular,,final,Villanova,St. John's,338,279,66,65,1,Big East,Big East,,,Madison Square Garden,New York,NY,Big East Tournament - Quarterfinal
24551,2022-03-10,19:30,2022,regular,,final,Southern Utah,Portland State,276,231,65,77,1,Big Sky,Big Sky,,,Idaho Central Arena,Boise,ID,Big Sky Championship - Quarterfinal
24552,2022-03-10,20:30,2022,regular,,final,New Orleans,McNeese,193,162,82,78,1,Southland,Southland,,,Leonard E. Merrell Center,Katy,TX,Southland Tournament - Quarterfinal
24553,2022-03-10,20:30,2022,regular,,final,Richmond,Rhode Island,242,240,64,59,1,A-10,A-10,,,Capital One Arena,Washington,DC,Atlantic 10 Championship - 2nd Round
24554,2022-03-10,20:45,2022,regular,,final,Alabama,Vanderbilt,5,336,76,82,1,SEC,SEC,,,Amalie Arena,Tampa,FL,SEC Tournament - 2nd Round
24555,2022-03-10,21:00,2022,regular,,final,Middle Tennessee,UTEP,171,327,66,59,1,CUSA,CUSA,,,Ford Center At The Star,Frisco,TX,C-USA Championship - Quarterfinal
24556,2022-03-10,21:00,2022,regular,,final,UCLA,Washington State,313,344,75,65,1,Pac-12,Pac-12,,,T-Mobile Arena,Las Vegas,NV,Pac-12 Tournament - Quarterfinal
24557,2022-03-10,21:00,2022,regular,,final,Colorado State,Utah State,57,329,53,51,1,Mountain West,Mountain West,,,Thomas & Mack Center,Las Vegas,NV,Mountain West Championship - Quarterfinal
24558,2022-03-10,21:00,2022,regular,,final,North Carolina Central,Maryland Eastern Shore,199,159,68,56,1,MEAC,MEAC,,,Norfolk Scope Arena,Norfolk,VA,MEAC Tournament - Quarterfinal
24559,2022-03-10,21:00,2022,regular,,final,Cal State Fullerton,UC Davis,37,307,73,55,1,Big West,Big West,,,Lee's Family Forum,Henderson,NV,Hercules Tires Big West Championship - Quarterfinal
24560,2022-03-10,21:00,2022,regular,,final,Grand Canyon,Sam Houston,104,255,71,66,1,UAC,UAC,,,Orleans Arena,Las Vegas,NV,WAC Tournament - Quarterfinal
24561,2022-03-10,21:14,2022,regular,,final,Ohio State,Penn State,216,226,68,71,1,Big Ten,Big Ten,,,Gainbridge Fieldhouse,Indianapolis,IN,Big Ten Tournament - 2nd Round
24562,2022-03-10,21:30,2022,regular,,final,UAB,Florida Atlantic,305,86,80,66,1,CUSA,CUSA,,,Ford Center At The Star,Frisco,TX,C-USA Championship - Quarterfinal
24563,2022-03-10,21:30,2022,regular,,final,Texas Tech,Iowa State,298,125,72,41,1,Big 12,Big 12,,,T-Mobile Center,Kansas City,MO,Phillips 66 Big 12 Championship - Quarterfinal
24564,2022-03-10,21:30,2022,regular,,final,Monmouth,Niagara,178,194,61,58,1,Metro,Metro,,,Jim Whelan Boardwalk Hall,Atlantic City,NJ,MAAC Championship - Quarterfinal
24565,2022-03-10,21:40,2022,regular,,final,Florida A&M,Alabama A&M,85,4,56,61,1,SWAC,SWAC,,,Bartow Arena,Birmingham,AL,SWAC Tournament - Quarterfinal
24566,2022-03-10,21:40,2022,regular,,final,North Carolina,Virginia,200,339,63,43,1,ACC,ACC,,,Barclays Center,Brooklyn,NY,New York Life ACC Tournament - Quarterfinal
24567,2022-03-10,21:47,2022,regular,,final,UConn,Seton Hall,314,263,62,52,1,Big East,Big East,,,Madison Square Garden,New York,NY,Big East Tournament - Quarterfinal
24568,2022-03-10,22:00,2022,regular,,final,Northern Colorado,Eastern Washington,207,80,68,67,1,Big Sky,Big Sky,,,Idaho Central Arena,Boise,ID,Big Sky Championship - Quarterfinal
24569,2022-03-10,23:30,2022,regular,,final,San Diego State,Fresno State,257,92,53,46,1,Mountain West,Mountain West,,,Thomas & Mack Center,Las Vegas,NV,Mountain West Championship - Quarterfinal
24570,2022-03-10,23:30,2022,regular,,final,Hawai'i,UC Riverside,108,309,68,67,1,Big West,Big West,,,Lee's Family Forum,Henderson,NV,Hercules Tires Big West Championship - Quarterfinal
24571,2022-03-10,23:30,2022,regular,,final,Stephen F. Austin,Abilene Christian,282,1,62,76,1,UAC,UAC,,,Orleans Arena,Las Vegas,NV,WAC Tournament - Quarterfinal
24572,2022-03-10,23:40,2022,regular,,final,USC,Washington,323,343,65,61,1,Pac-12,Pac-12,,,T-Mobile Arena,Las Vegas,NV,Pac-12 Tournament - Quarterfinal
24573,2022-03-11,11:30,2022,regular,,final,Illinois,Indiana,118,121,63,65,1,Big Ten,Big Ten,,,Gainbridge Fieldhouse,Indianapolis,IN,Big Ten Tournament - Quarterfinal
24574,2022-03-11,12:00,2022,regular,,final,Auburn,Texas A&M,16,293,62,67,1,SEC,SEC,,,Amalie Arena,Tampa,FL,SEC Tournament - Quarterfinal
24575,2022-03-11,12:00,2022,regular,,final,Davidson,Fordham,63,91,74,56,1,A-10,A-10,,,Capital One Arena,Washington,DC,Atlantic 10 Championship - Quarterfinal
24576,2022-03-11,12:30,2022,regular,,final,North Texas,Louisiana Tech,204,149,36,42,1,CUSA,CUSA,,,Ford Center At The Star,Frisco,TX,C-USA Championship - Semifinal
24577,2022-03-11,13:00,2022,regular,,final,Houston,Cincinnati,113,51,69,56,1,American,American,,,Dickies Arena,Fort Worth,TX,Air Force Reserve American Athletic Conference Championship - Quarterfinal
24578,2022-03-11,14:00,2022,regular,,final,Arkansas,LSU,12,136,79,67,1,SEC,SEC,,,Amalie Arena,Tampa,FL,SEC Tournament - Quarterfinal
24579,2022-03-11,14:00,2022,regular,,final,Rutgers,Iowa,245,124,74,84,1,Big Ten,Big Ten,,,Gainbridge Fieldhouse,Indianapolis,IN,Big Ten Tournament - Quarterfinal
24580,2022-03-11,14:30,2022,regular,,final,St. Bonaventure,Saint Louis,277,252,56,57,1,A-10,A-10,,,Capital One Arena,Washington,DC,Atlantic 10 Championship - Quarterfinal
24581,2022-03-11,15:00,2022,regular,,final,Middle Tennessee,UAB,171,305,98,102,1,CUSA,CUSA,,,Ford Center At The Star,Frisco,TX,C-USA Championship - Semifinal
24582,2022-03-11,15:00,2022,regular,,final,Temple,Tulane,289,303,60,69,1,American,American,,,Dickies Arena,Fort Worth,TX,Air Force Reserve American Athletic Conference Championship - Quarterfinal
24583,2022-03-11,15:00,2022,regular,,final,Texas Southern,Grambling,296,103,73,54,1,SWAC,SWAC,,,Bartow Arena,Birmingham,AL,SWAC Tournament - Semifinal
24584,2022-03-11,17:00,2022,regular,,final,Toledo,Akron,300,3,62,70,1,MAC,MAC,,,Rocket Mortgage FieldHouse,Cleveland,OH,MAC Championship - Semifinal
24585,2022-03-11,18:00,2022,regular,,final,Tennessee,Mississippi State,292,174,72,59,1,SEC,SEC,,,Amalie Arena,Tampa,FL,SEC Tournament - Quarterfinal
24586,2022-03-11,18:00,2022,regular,,final,Nicholls,Texas A&M-Corpus Christi,195,294,64,71,1,Southland,Southland,,,Leonard E. Merrell Center,Katy,TX,Southland Tournament - Semifinal
24587,2022-03-11,18:00,2022,regular,,final,Norfolk State,Morgan State,196,182,72,63,1,MEAC,MEAC,,,Norfolk Scope Arena,Norfolk,VA,MEAC Tournament - Semifinal
24588,2022-03-11,18:00,2022,regular,,final,Monmouth,Rider,178,243,72,68,1,Metro,Metro,,,Jim Whelan Boardwalk Hall,Atlantic City,NJ,MAAC Championship - Semifinal
24589,2022-03-11,18:00,2022,regular,,final,Dayton,Massachusetts,64,161,75,72,1,A-10,A-10,,,Capital One Arena,Washington,DC,Atlantic 10 Championship - Quarterfinal
24590,2022-03-11,18:30,2022,regular,,final,Wisconsin,Michigan State,355,169,63,69,1,Big Ten,Big Ten,,,Gainbridge Fieldhouse,Indianapolis,IN,Big Ten Tournament - Quarterfinal
24591,2022-03-11,18:30,2022,regular,,final,Providence,Creighton,235,61,58,85,1,Big East,Big East,,,Madison Square Garden,New York,NY,Big East Tournament - Semifinal
24592,2022-03-11,19:00,2022,regular,,final,SMU,Tulsa,248,304,83,58,1,American,American,,,Dickies Arena,Fort Worth,TX,Air Force Reserve American Athletic Conference Championship - Quarterfinal
24593,2022-03-11,19:00,2022,regular,,final,Kansas,TCU,131,287,75,62,,Big 12,Big 12,,,T-Mobile Center,Kansas City,MO,Phillips 66 Big 12 Championship - Semifinal
24594,2022-03-11,19:00,2022,regular,,final,Duke,Miami,72,168,80,76,1,ACC,ACC,,,Barclays Center,Brooklyn,NY,New York Life ACC Tournament - Semifinal
24595,2022-03-11,19:30,2022,regular,,final,Kent State,Ohio,134,215,67,61,1,MAC,MAC,,,Rocket Mortgage FieldHouse,Cleveland,OH,MAC Championship - Semifinal
24596,2022-03-11,19:30,2022,regular,,final,Montana State,Weber State,180,345,69,66,1,Big Sky,Big Sky,,,Idaho Central Arena,Boise,ID,Big Sky Championship - Semifinal
24597,2022-03-11,20:00,2022,regular,,final,North Carolina Central,Coppin State,199,59,73,79,1,MEAC,MEAC,,,Norfolk Scope Arena,Norfolk,VA,MEAC Tournament - Semifinal
24598,2022-03-11,20:22,2022,regular,,final,Kentucky,Vanderbilt,135,336,77,71,1,SEC,SEC,,,Amalie Arena,Tampa,FL,SEC Tournament - Quarterfinal
24599,2022-03-11,20:30,2022,regular,,final,SE Louisiana,New Orleans,246,193,74,65,1,Southland,Southland,,,Leonard E. Merrell Center,Katy,TX,Southland Tournament - Semifinal
24600,2022-03-11,20:30,2022,regular,,final,Saint Peter's,Quinnipiac,254,238,64,52,1,Metro,Metro,,,Jim Whelan Boardwalk Hall,Atlantic City,NJ,MAAC Championship - Semifinal
24601,2022-03-11,20:30,2022,regular,,final,VCU,Richmond,333,242,64,75,1,A-10,A-10,,,Capital One Arena,Washington,DC,Atlantic 10 Championship - Quarterfinal
24602,2022-03-11,21:00,2022,regular,,final,Arizona,Colorado,11,56,82,72,1,Pac-12,Pac-12,,,T-Mobile Arena,Las Vegas,NV,Pac-12 Tournament - Semifinal
24603,2022-03-11,21:00,2022,regular,,final,Memphis,UCF,163,312,85,69,1,American,American,,,Dickies Arena,Fort Worth,TX,Air Force Reserve American Athletic Conference Championship - Quarterfinal
24604,2022-03-11,21:00,2022,regular,,final,Long Beach State,UC Santa Barbara,145,311,67,64,1,Big West,Big West,,,Lee's Family Forum,Henderson,NV,Hercules Tires Big West Championship - Semifinal
24605,2022-03-11,21:00,2022,regular,,final,Purdue,Penn State,236,226,69,61,1,Big Ten,Big Ten,,,Gainbridge Fieldhouse,Indianapolis,IN,Big Ten Tournament - Quarterfinal
24606,2022-03-11,21:00,2022,regular,,final,Villanova,UConn,338,314,63,60,1,Big East,Big East,,,Madison Square Garden,New York,NY,Big East Tournament - Semifinal
24607,2022-03-11,21:00,2022,regular,,final,New Mexico State,Grand Canyon,192,104,75,70,1,UAC,UAC,,,Orleans Arena,Las Vegas,NV,WAC Tournament - Semifinal
24608,2022-03-11,21:30,2022,regular,,final,Boise State,Wyoming,25,358,68,61,1,Mountain West,Mountain West,,,Thomas & Mack Center,Las Vegas,NV,Mountain West Championship - Semifinal
24609,2022-03-11,21:30,2022,regular,,final,Alcorn State,Alabama A&M,7,4,69,64,1,SWAC,SWAC,,,Bartow Arena,Birmingham,AL,SWAC Tournament - Semifinal
24610,2022-03-11,21:30,2022,regular,,final,Texas Tech,Oklahoma,298,217,56,55,1,Big 12,Big 12,,,T-Mobile Center,Kansas City,MO,Phillips 66 Big 12 Championship - Semifinal
24611,2022-03-11,21:30,2022,regular,,final,North Carolina,Virginia Tech,200,340,59,72,1,ACC,ACC,,,Barclays Center,Brooklyn,NY,New York Life ACC Tournament - Semifinal
24612,2022-03-11,22:00,2022,regular,,final,Northern Colorado,Portland State,207,231,86,79,1,Big Sky,Big Sky,,,Idaho Central Arena,Boise,ID,Big Sky Championship - Semifinal
24613,2022-03-11,23:30,2022,regular,,final,UCLA,USC,313,323,69,59,1,Pac-12,Pac-12,,,T-Mobile Arena,Las Vegas,NV,Pac-12 Tournament - Semifinal
24614,2022-03-11,23:30,2022,regular,,final,Cal State Fullerton,Hawai'i,37,108,58,46,1,Big West,Big West,,,Lee's Family Forum,Henderson,NV,Hercules Tires Big West Championship - Semifinal
24615,2022-03-11,23:30,2022,regular,,final,Seattle U,Abilene Christian,262,1,76,78,1,UAC,UAC,,,Orleans Arena,Las Vegas,NV,WAC Tournament - Semifinal
24616,2022-03-11,23:59,2022,regular,,final,Colorado State,San Diego State,57,257,58,63,1,Mountain West,Mountain West,,,Thomas & Mack Center,Las Vegas,NV,Mountain West Championship - Semifinal
24617,2022-03-12,11:00,2022,regular,,final,Vermont,UMBC,337,317,82,43,,Am. East,Am. East,,,Patrick Gymnasium,Burlington,VT,America East Playoffs - Final
24618,2022-03-12,11:00,2022,regular,,final,Princeton,Cornell,234,60,77,73,1,Ivy,Ivy,,,Lavietes Pavilion,Cambridge,MA,Ivy League Tournament Presented by TIAA - Semifinal
24619,2022-03-12,13:00,2022,regular,,final,Arkansas,Texas A&M,12,293,64,82,1,SEC,SEC,,,Amalie Arena,Tampa,FL,SEC Tournament - Semifinal
24620,2022-03-12,13:00,2022,regular,,final,Norfolk State,Coppin State,196,59,72,57,1,MEAC,MEAC,,,Norfolk Scope Arena,Norfolk,VA,MEAC Tournament - Final
24621,2022-03-12,13:00,2022,regular,,final,Iowa,Indiana,124,121,80,77,1,Big Ten,Big Ten,,,Gainbridge Fieldhouse,Indianapolis,IN,Big Ten Tournament - Semifinal
24622,2022-03-12,13:00,2022,regular,,final,Davidson,Saint Louis,63,252,84,69,1,A-10,A-10,,,Capital One Arena,Washington,DC,Atlantic 10 Championship - Semifinal
24623,2022-03-12,14:00,2022,regular,,final,Yale,Pennsylvania,360,227,67,61,1,Ivy,Ivy,,,Lavietes Pavilion,Cambridge,MA,Ivy League Tournament Presented by TIAA - Semifinal
24624,2022-03-12,15:00,2022,regular,,final,Tennessee,Kentucky,292,135,69,62,1,SEC,SEC,,,Amalie Arena,Tampa,FL,SEC Tournament - Semifinal
24625,2022-03-12,15:00,2022,regular,,final,Houston,Tulane,113,303,86,66,1,American,American,,,Dickies Arena,Fort Worth,TX,Air Force Reserve American Athletic Conference Championship - Semifinal
24626,2022-03-12,15:30,2022,regular,,final,Dayton,Richmond,64,242,64,68,1,A-10,A-10,,,Capital One Arena,Washington,DC,Atlantic 10 Championship - Semifinal
24627,2022-03-12,15:37,2022,regular,,final,Purdue,Michigan State,236,169,75,70,1,Big Ten,Big Ten,,,Gainbridge Fieldhouse,Indianapolis,IN,Big Ten Tournament - Semifinal
24628,2022-03-12,16:00,2022,regular,,final,Saint Peter's,Monmouth,254,178,60,54,1,Metro,Metro,,,Jim Whelan Boardwalk Hall,Atlantic City,NJ,MAAC Championship - Final
24629,2022-03-12,17:36,2022,regular,,final,SMU,Memphis,248,163,63,70,1,American,American,,,Dickies Arena,Fort Worth,TX,Air Force Reserve American Athletic Conference Championship - Semifinal
24630,2022-03-12,18:00,2022,regular,,final,Boise State,San Diego State,25,257,53,52,1,Mountain West,Mountain West,,,Thomas & Mack Center,Las Vegas,NV,Mountain West Championship - Final
24631,2022-03-12,18:00,2022,regular,,final,Alcorn State,Texas Southern,7,296,62,87,1,SWAC,SWAC,,,Bartow Arena,Birmingham,AL,SWAC Tournament - Final
24632,2022-03-12,18:00,2022,regular,,final,Kansas,Texas Tech,131,298,74,65,,Big 12,Big 12,,,T-Mobile Center,Kansas City,MO,Phillips 66 Big 12 Championship - Final
24633,2022-03-12,18:30,2022,regular,,final,Villanova,Creighton,338,61,54,48,1,Big East,Big East,,,Madison Square Garden,New York,NY,Big East Tournament - Final
24634,2022-03-12,19:30,2022,regular,,final,Kent State,Akron,134,3,55,75,1,MAC,MAC,,,Rocket Mortgage FieldHouse,Cleveland,OH,MAC Championship - Final
24635,2022-03-12,20:00,2022,regular,,final,Montana State,Northern Colorado,180,207,87,66,1,Big Sky,Big Sky,,,Idaho Central Arena,Boise,ID,Big Sky Championship - Final
24636,2022-03-12,20:30,2022,regular,,final,UAB,Louisiana Tech,305,149,82,73,1,CUSA,CUSA,,,Ford Center At The Star,Frisco,TX,C-USA Championship - Final
24637,2022-03-12,20:30,2022,regular,,final,Duke,Virginia Tech,72,340,67,82,1,ACC,ACC,,,Barclays Center,Brooklyn,NY,New York Life ACC Tournament - Final
24638,2022-03-12,21:00,2022,regular,,final,Arizona,UCLA,11,313,84,76,1,Pac-12,Pac-12,,,T-Mobile Arena,Las Vegas,NV,Pac-12 Tournament - Final
24639,2022-03-12,21:30,2022,regular,,final,SE Louisiana,Texas A&M-Corpus Christi,246,294,65,73,1,Southland,Southland,,,Leonard E. Merrell Center,Katy,TX,Southland Tournament - Final
24640,2022-03-12,22:00,2022,regular,,final,New Mexico State,Abilene Christian,192,1,66,52,1,UAC,UAC,,,Orleans Arena,Las Vegas,NV,WAC Tournament - Final
24641,2022-03-12,23:30,2022,regular,,final,Long Beach State,Cal State Fullerton,145,37,71,72,1,Big West,Big West,,,Lee's Family Forum,Henderson,NV,Hercules Tires Big West Championship - Final
24642,2022-03-13,12:00,2022,regular,,final,Princeton,Yale,234,360,64,66,1,Ivy,Ivy,,,Lavietes Pavilion,Cambridge,MA,Ivy League Tournament Presented by TIAA - Final
24643,2022-03-13,13:00,2022,regular,,final,Tennessee,Texas A&M,292,293,65,50,1,SEC,SEC,,,Amalie Arena,Tampa,FL,SEC Tournament - Final
24644,2022-03-13,13:00,2022,regular,,final,Davidson,Richmond,63,242,62,64,1,A-10,A-10,,,Capital One Arena,Washington,DC,Atlantic 10 Championship - Final
24645,2022-03-13,15:15,2022,regular,,final,Houston,Memphis,113,163,71,53,1,American,American,,,Dickies Arena,Fort Worth,TX,Air Force Reserve American Athletic Conference Championship - Final
24646,2022-03-13,15:30,2022,regular,,final,Purdue,Iowa,236,124,66,75,1,Big Ten,Big Ten,,,Gainbridge Fieldhouse,Indianapolis,IN,Big Ten Tournament - Final
24647,2022-03-15,18:30,2022,postseason,TBC,final,App State,South Carolina Upstate,9,268,74,80,,Sun Belt,Big South,,,Holmes Convocation Center,Boone,NC,The Basketball Classic - 1st Round
24648,2022-03-15,18:40,2022,postseason,NCAA,final,Texas Southern,Texas A&M-Corpus Christi,296,294,76,67,1,SWAC,Southland,16,16,UD Arena,Dayton,OH,Men's Basketball Championship - Midwest Region - First Four
24650,2022-03-15,19:00,2022,postseason,NIT,final,VCU,Princeton,333,234,90,79,,A-10,Ivy,,,Siegel Center,Richmond,VA,NIT - 1st Round
24651,2022-03-15,19:00,2022,postseason,NIT,final,Vanderbilt,Belmont,336,22,82,71,,SEC,OVC,,,Memorial Gymnasium (TN),Nashville,TN,NIT - 1st Round
24652,2022-03-15,19:00,2022,postseason,NIT,final,Oklahoma,Missouri State,217,176,89,72,,Big 12,MVC,,,Lloyd Noble Center,Norman,OK,NIT - 1st Round
24653,2022-03-15,20:00,2022,postseason,NIT,final,North Texas,Texas State,204,297,67,63,,CUSA,Sun Belt,,,The Super Pit,Denton,TX,NIT - 1st Round
24654,2022-03-15,21:00,2022,postseason,NIT,final,Xavier,Cleveland State,359,53,72,68,,Big East,Horizon,,,Cintas Center,Cincinnati,OH,NIT - 1st Round
24655,2022-03-15,21:00,2022,postseason,NIT,final,Texas A&M,Alcorn State,293,7,74,62,,SEC,SWAC,,,Reed Arena,College Station,TX,NIT - 1st Round
24656,2022-03-15,21:00,2022,postseason,NIT,final,Utah State,Oregon,329,223,72,83,,Mountain West,Pac-12,,,Dee Glen Smith Spectrum,Logan,UT,NIT - 1st Round
24649,2022-03-15,21:25,2022,postseason,NCAA,final,Wyoming,Indiana,358,121,58,66,1,Mountain West,Big Ten,12,12,UD Arena,Dayton,OH,Men's Basketball Championship - East Region - First Four
24657,2022-03-15,23:00,2022,postseason,NIT,final,Washington State,Santa Clara,344,261,63,50,,Pac-12,WCC,,,Beasley Coliseum,Pullman,WA,NIT - 1st Round
24658,2022-03-15,23:00,2022,postseason,NIT,final,Colorado,St. Bonaventure,56,277,68,76,,Pac-12,A-10,,,CU Events Center,Boulder,CO,NIT - 1st Round
24665,2022-03-16,18:40,2022,postseason,NCAA,final,Wright State,Bryant,357,31,93,82,1,Horizon,NEC,16,16,UD Arena,Dayton,OH,Men's Basketball Championship - South Region - First Four
24659,2022-03-16,19:00,2022,postseason,TBC,final,Florida Gulf Coast,Detroit Mercy,88,69,95,79,,ASUN,Horizon,,,Alico Arena,Fort Myers,FL,The Basketball Classic - 1st Round
24660,2022-03-16,19:00,2022,postseason,TBC,final,Coastal Carolina,Maryland Eastern Shore,54,159,66,42,,Sun Belt,MEAC,,,The HTC Center,Conway,SC,The Basketball Classic - 1st Round
24667,2022-03-16,19:00,2022,postseason,NIT,final,Wake Forest,Towson,342,301,74,64,,ACC,CAA,,,LJVM Coliseum,Winston-Salem,NC,NIT - 1st Round
24668,2022-03-16,19:00,2022,postseason,NIT,final,Toledo,Dayton,300,64,55,74,,MAC,A-10,,,Savage Arena,Toledo,OH,NIT - 1st Round
24669,2022-03-16,19:00,2022,postseason,NIT,final,Virginia,Mississippi State,339,174,60,57,,ACC,SEC,,,John Paul Jones Arena,Charlottesville,VA,NIT - 1st Round
24661,2022-03-16,19:30,2022,postseason,TBC,scheduled,UMBC,Merrimack,317,166,0,1,,Am. East,NEC,,,Chesapeake Employers Insurance Arena,Baltimore,MD,The Basketball Classic - 1st Round Merrimack wins due to UMBC uncontested game
24662,2022-03-16,20:00,2022,postseason,TBC,final,South Alabama,SE Louisiana,265,246,70,68,,Sun Belt,Southland,,,Mitchell Center,Mobile,AL,The Basketball Classic - 1st Round
24663,2022-03-16,20:00,2022,postseason,TBC,final,Youngstown State,Morgan State,361,182,70,65,,Horizon,MEAC,,,Beeghly Center,Youngstown,OH,The Basketball Classic - 1st Round
24670,2022-03-16,20:00,2022,postseason,NIT,final,SMU,Nicholls,248,195,68,58,,American,Southland,,,Moody Coliseum,Dallas,TX,NIT - 1st Round
24671,2022-03-16,20:00,2022,postseason,NIT,final,Saint Louis,Northern Iowa,252,209,68,80,,A-10,MVC,,,Chaifetz Arena,St. Louis,MO,NIT - 1st Round
24664,2022-03-16,21:00,2022,postseason,TBC,final,Southern Utah,Kent State,276,134,83,79,,Big Sky,MAC,,,America First Events Center,Cedar City,UT,The Basketball Classic - 1st Round
24672,2022-03-16,21:00,2022,postseason,NIT,final,BYU,Long Beach State,18,145,93,72,,WCC,Big West,,,Marriott Center,Provo,UT,NIT - 1st Round
24673,2022-03-16,21:00,2022,postseason,NIT,final,Florida,Iona,87,123,79,74,,SEC,Metro,,,Stephen C. O'Connell Center,Gainesville,FL,NIT - 1st Round
24666,2022-03-16,21:36,2022,postseason,NCAA,final,Rutgers,Notre Dame,245,213,87,89,1,Big Ten,ACC,11,11,UD Arena,Dayton,OH,Men's Basketball Championship - West Region - First Four
24675,2022-03-17,12:15,2022,postseason,NCAA,final,Colorado State,Michigan,57,170,63,75,1,Mountain West,Big Ten,6,11,Gainbridge Fieldhouse,Indianapolis,IN,Men's Basketball Championship - South Region - 1st Round
24676,2022-03-17,12:40,2022,postseason,NCAA,final,Providence,South Dakota State,235,270,66,57,1,Big East,Summit,4,13,KeyBank Center,Buffalo,NY,Men's Basketball Championship - Midwest Region - 1st Round
24677,2022-03-17,13:45,2022,postseason,NCAA,final,Boise State,Memphis,25,163,53,64,1,Mountain West,American,8,9,Moda Center,Portland,OR,Men's Basketball Championship - West Region - 1st Round
24678,2022-03-17,14:00,2022,postseason,NCAA,final,Baylor,Norfolk State,20,196,85,49,1,Big 12,MEAC,1,16,Dickies Arena,Fort Worth,TX,Men's Basketball Championship - East Region - 1st Round
24679,2022-03-17,14:50,2022,postseason,NCAA,final,Tennessee,Longwood,292,147,88,56,1,SEC,Big South,3,14,Gainbridge Fieldhouse,Indianapolis,IN,Men's Basketball Championship - South Region - 1st Round
24680,2022-03-17,15:10,2022,postseason,NCAA,final,Iowa,Richmond,124,242,63,67,1,Big Ten,A-10,5,12,KeyBank Center,Buffalo,NY,Men's Basketball Championship - Midwest Region - 1st Round
24681,2022-03-17,16:27,2022,postseason,NCAA,final,Gonzaga,Georgia State,102,100,93,72,1,WCC,Sun Belt,1,16,Moda Center,Portland,OR,Men's Basketball Championship - West Region - 1st Round
24682,2022-03-17,16:41,2022,postseason,NCAA,final,North Carolina,Marquette,200,157,95,63,1,ACC,Big East,8,9,Dickies Arena,Fort Worth,TX,Men's Basketball Championship - East Region - 1st Round
24683,2022-03-17,19:00,2022,postseason,NCAA,final,UConn,New Mexico State,314,192,63,70,1,Big East,UAC,5,12,KeyBank Center,Buffalo,NY,Men's Basketball Championship - West Region - 1st Round
24684,2022-03-17,19:10,2022,postseason,NCAA,final,Kentucky,Saint Peter's,135,254,79,85,1,SEC,Metro,2,15,Gainbridge Fieldhouse,Indianapolis,IN,Men's Basketball Championship - East Region - 1st Round
24685,2022-03-17,19:20,2022,postseason,NCAA,final,Saint Mary's,Indiana,253,121,82,53,1,WCC,Big Ten,5,12,Moda Center,Portland,OR,Men's Basketball Championship - East Region - 1st Round
24686,2022-03-17,19:27,2022,postseason,NCAA,final,San Diego State,Creighton,257,61,69,72,1,Mountain West,Big East,8,9,Dickies Arena,Fort Worth,TX,Men's Basketball Championship - Midwest Region - 1st Round
24687,2022-03-17,21:40,2022,postseason,NCAA,final,Arkansas,Vermont,12,337,75,71,1,SEC,Am. East,4,13,KeyBank Center,Buffalo,NY,Men's Basketball Championship - West Region - 1st Round
24674,2022-03-17,22:00,2022,postseason,TBC,final,Fresno State,Eastern Washington,92,80,83,74,,Mountain West,Big Sky,,,Save Mart Center,Fresno,CA,The Basketball Classic - 1st Round
24688,2022-03-17,22:07,2022,postseason,NCAA,final,UCLA,Akron,313,3,57,53,1,Pac-12,MAC,4,13,Moda Center,Portland,OR,Men's Basketball Championship - East Region - 1st Round
24689,2022-03-17,22:14,2022,postseason,NCAA,final,Murray State,San Francisco,184,259,92,87,1,OVC,WCC,7,10,Gainbridge Fieldhouse,Indianapolis,IN,Men's Basketball Championship - East Region - 1st Round
24690,2022-03-17,22:43,2022,postseason,NCAA,final,Kansas,Texas Southern,131,296,83,56,1,Big 12,SWAC,1,16,Dickies Arena,Fort Worth,TX,Men's Basketball Championship - Midwest Region - 1st Round
24691,2022-03-18,12:15,2022,postseason,NCAA,final,Ohio State,Loyola Chicago,216,151,54,41,1,Big Ten,MVC,7,10,PPG Paints Arena,Pittsburgh,PA,Men's Basketball Championship - South Region - 1st Round
24692,2022-03-18,12:40,2022,postseason,NCAA,final,Auburn,Jacksonville State,16,128,80,61,1,SEC,ASUN,2,15,Bon Secours Wellness Arena,Greenville,SC,Men's Basketball Championship - Midwest Region - 1st Round
24693,2022-03-18,13:45,2022,postseason,NCAA,final,Texas Tech,Montana State,298,180,97,62,1,Big 12,Big Sky,3,14,Viejas Arena,San Diego,CA,Men's Basketball Championship - West Region - 1st Round
24694,2022-03-18,14:00,2022,postseason,NCAA,final,Purdue,Yale,236,360,78,56,1,Big Ten,Ivy,3,14,Fiserv Forum,Milwaukee,WI,Men's Basketball Championship - East Region - 1st Round
24695,2022-03-18,14:58,2022,postseason,NCAA,final,Villanova,Delaware,338,66,80,60,1,Big East,CAA,2,15,PPG Paints Arena,Pittsburgh,PA,Men's Basketball Championship - South Region - 1st Round
24696,2022-03-18,15:23,2022,postseason,NCAA,final,USC,Miami,323,168,66,68,1,Pac-12,ACC,7,10,Bon Secours Wellness Arena,Greenville,SC,Men's Basketball Championship - Midwest Region - 1st Round
24697,2022-03-18,16:25,2022,postseason,NCAA,final,Alabama,Notre Dame,5,213,64,78,1,SEC,ACC,6,11,Viejas Arena,San Diego,CA,Men's Basketball Championship - West Region - 1st Round
24698,2022-03-18,16:38,2022,postseason,NCAA,final,Texas,Virginia Tech,295,340,81,73,1,Big 12,ACC,6,11,Fiserv Forum,Milwaukee,WI,Men's Basketball Championship - East Region - 1st Round
24699,2022-03-18,18:50,2022,postseason,NCAA,final,Illinois,Chattanooga,118,49,54,53,1,Big Ten,SoCon,4,13,PPG Paints Arena,Pittsburgh,PA,Men's Basketball Championship - South Region - 1st Round
24700,2022-03-18,19:10,2022,postseason,NCAA,final,Duke,Cal State Fullerton,72,37,78,61,1,ACC,Big West,2,15,Bon Secours Wellness Arena,Greenville,SC,Men's Basketball Championship - West Region - 1st Round
24701,2022-03-18,19:27,2022,postseason,NCAA,final,Arizona,Wright State,11,357,87,70,1,Pac-12,Horizon,1,16,Viejas Arena,San Diego,CA,Men's Basketball Championship - South Region - 1st Round
24702,2022-03-18,19:57,2022,postseason,NCAA,final,LSU,Iowa State,136,125,54,59,1,SEC,Big 12,6,11,Fiserv Forum,Milwaukee,WI,Men's Basketball Championship - Midwest Region - 1st Round
24703,2022-03-18,21:37,2022,postseason,NCAA,final,Michigan State,Davidson,169,63,74,73,1,Big Ten,A-10,7,10,Bon Secours Wellness Arena,Greenville,SC,Men's Basketball Championship - West Region - 1st Round
24704,2022-03-18,21:40,2022,postseason,NCAA,final,Houston,UAB,113,305,82,68,1,American,CUSA,5,12,PPG Paints Arena,Pittsburgh,PA,Men's Basketball Championship - South Region - 1st Round
24705,2022-03-18,22:00,2022,postseason,NCAA,final,Seton Hall,TCU,263,287,42,69,1,Big East,Big 12,8,9,Viejas Arena,San Diego,CA,Men's Basketball Championship - South Region - 1st Round
24706,2022-03-18,22:45,2022,postseason,NCAA,final,Wisconsin,Colgate,355,55,67,60,1,Big Ten,Patriot,3,14,Fiserv Forum,Milwaukee,WI,Men's Basketball Championship - Midwest Region - 1st Round
24718,2022-03-19,12:00,2022,postseason,NIT,final,Texas A&M,Oregon,293,223,75,60,,SEC,Pac-12,,,Reed Arena,College Station,TX,NIT - 2nd Round
24721,2022-03-19,12:00,2022,postseason,CBI,final,Purdue Fort Wayne,Drake,237,70,65,87,1,Horizon,MVC,,,Ocean Center,Daytona Beach,FL,Roman CBI Tournament - 1st Round
24710,2022-03-19,12:10,2022,postseason,NCAA,final,Baylor,North Carolina,20,200,86,93,1,Big 12,ACC,1,8,Dickies Arena,Fort Worth,TX,Men's Basketball Championship - East Region - 2nd Round
24709,2022-03-19,14:00,2022,postseason,TBC,cancelled,Wofford,Youngstown State,356,361,0,0,,SoCon,Horizon,,,Jerry Richardson Indoor Stadium,Spartanburg,SC,The Basketball Classic - 2nd Round
24722,2022-03-19,14:30,2022,postseason,CBI,final,UNC Asheville,Stephen F. Austin,319,282,80,68,1,Big South,UAC,,,Ocean Center,Daytona Beach,FL,Roman CBI Tournament - 1st Round
24711,2022-03-19,14:40,2022,postseason,NCAA,final,Kansas,Creighton,131,61,79,72,1,Big 12,Big East,1,9,Dickies Arena,Fort Worth,TX,Men's Basketball Championship - Midwest Region - 2nd Round
24707,2022-03-19,15:00,2022,postseason,TBC,final,UTEP,Western Illinois,327,349,80,54,,CUSA,Summit,,,Don Haskins Center,El Paso,TX,The Basketball Classic - 1st Round
24719,2022-03-19,16:00,2022,postseason,NIT,final,Wake Forest,VCU,342,333,80,74,,ACC,A-10,,,LJVM Coliseum,Winston-Salem,NC,NIT - 2nd Round
24723,2022-03-19,17:00,2022,postseason,CBI,final,California Baptist,Middle Tennessee,39,171,58,64,1,UAC,CUSA,,,Ocean Center,Daytona Beach,FL,Roman CBI Tournament - 1st Round
24712,2022-03-19,17:50,2022,postseason,NCAA,final,Tennessee,Michigan,292,170,68,76,1,SEC,Big Ten,3,11,Gainbridge Fieldhouse,Indianapolis,IN,Men's Basketball Championship - South Region - 2nd Round
24713,2022-03-19,18:10,2022,postseason,NCAA,final,Providence,Richmond,235,242,79,51,1,Big East,A-10,4,12,KeyBank Center,Buffalo,NY,Men's Basketball Championship - Midwest Region - 2nd Round
24714,2022-03-19,19:10,2022,postseason,NCAA,final,UCLA,Saint Mary's,313,253,72,56,1,Pac-12,WCC,4,5,Moda Center,Portland,OR,Men's Basketball Championship - East Region - 2nd Round
24724,2022-03-19,19:30,2022,postseason,CBI,final,Rice,Ohio,241,215,64,65,1,CUSA,MAC,,,Ocean Center,Daytona Beach,FL,Roman CBI Tournament - 1st Round
24715,2022-03-19,20:28,2022,postseason,NCAA,final,Murray State,Saint Peter's,184,254,60,70,1,OVC,Metro,7,15,Gainbridge Fieldhouse,Indianapolis,IN,Men's Basketball Championship - East Region - 2nd Round
24716,2022-03-19,20:40,2022,postseason,NCAA,final,Arkansas,New Mexico State,12,192,53,48,1,SEC,UAC,4,12,KeyBank Center,Buffalo,NY,Men's Basketball Championship - West Region - 2nd Round
24720,2022-03-19,21:00,2022,postseason,NIT,final,BYU,Northern Iowa,18,209,90,71,,WCC,MVC,,,Marriott Center,Provo,UT,NIT - 2nd Round
24717,2022-03-19,21:40,2022,postseason,NCAA,final,Gonzaga,Memphis,102,163,82,78,1,WCC,American,1,9,Moda Center,Portland,OR,Men's Basketball Championship - West Region - 2nd Round
24708,2022-03-19,22:00,2022,postseason,TBC,final,Portland,New Orleans,230,193,94,73,,WCC,Southland,,,Chiles Center,Portland,OR,The Basketball Classic - 1st Round
24738,2022-03-20,12:00,2022,postseason,CBI,final,UNC Wilmington,VMI,321,334,93,78,1,CAA,SoCon,,,Ocean Center,Daytona Beach,FL,Roman CBI Tournament - 1st Round
24725,2022-03-20,12:10,2022,postseason,NCAA,final,Illinois,Houston,118,113,53,68,1,Big Ten,American,4,5,PPG Paints Arena,Pittsburgh,PA,Men's Basketball Championship - South Region - 2nd Round
24733,2022-03-20,13:00,2022,postseason,NIT,final,Xavier,Florida,359,87,72,56,,Big East,SEC,,,Cintas Center,Cincinnati,OH,NIT - 2nd Round
24739,2022-03-20,14:30,2022,postseason,CBI,final,Northern Colorado,Florida Atlantic,207,86,74,71,1,Big Sky,CUSA,,,Ocean Center,Daytona Beach,FL,Roman CBI Tournament - 1st Round
24726,2022-03-20,14:54,2022,postseason,NCAA,final,Villanova,Ohio State,338,216,71,61,1,Big East,Big Ten,2,7,PPG Paints Arena,Pittsburgh,PA,Men's Basketball Championship - South Region - 2nd Round
24734,2022-03-20,15:00,2022,postseason,NIT,final,SMU,Washington State,248,344,63,75,,American,Pac-12,,,Moody Coliseum,Dallas,TX,NIT - 2nd Round
24735,2022-03-20,15:00,2022,postseason,NIT,final,Vanderbilt,Dayton,336,64,70,68,,SEC,A-10,,,Memorial Gymnasium (TN),Nashville,TN,NIT - 2nd Round
24740,2022-03-20,17:00,2022,postseason,CBI,final,Boston University,UNC Greensboro,27,320,71,68,1,Patriot,SoCon,,,Ocean Center,Daytona Beach,FL,Roman CBI Tournament - 1st Round
24727,2022-03-20,17:20,2022,postseason,NCAA,final,Duke,Michigan State,72,169,85,76,1,ACC,Big Ten,2,7,Bon Secours Wellness Arena,Greenville,SC,Men's Basketball Championship - West Region - 2nd Round
24736,2022-03-20,18:00,2022,postseason,NIT,final,North Texas,Virginia,204,339,69,71,,CUSA,ACC,,,The Super Pit,Denton,TX,NIT - 2nd Round
24728,2022-03-20,18:10,2022,postseason,NCAA,final,Wisconsin,Iowa State,355,125,49,54,1,Big Ten,Big 12,3,11,Fiserv Forum,Milwaukee,WI,Men's Basketball Championship - Midwest Region - 2nd Round
24729,2022-03-20,19:10,2022,postseason,NCAA,final,Texas Tech,Notre Dame,298,213,59,53,1,Big 12,ACC,3,11,Viejas Arena,San Diego,CA,Men's Basketball Championship - West Region - 2nd Round
24741,2022-03-20,19:30,2022,postseason,CBI,final,Troy,Abilene Christian,302,1,70,82,1,Sun Belt,UAC,,,Ocean Center,Daytona Beach,FL,Roman CBI Tournament - 1st Round
24737,2022-03-20,20:00,2022,postseason,NIT,final,Oklahoma,St. Bonaventure,217,277,68,70,,Big 12,A-10,,,Lloyd Noble Center,Norman,OK,NIT - 2nd Round
24730,2022-03-20,20:08,2022,postseason,NCAA,final,Auburn,Miami,16,168,61,79,1,SEC,ACC,2,10,Bon Secours Wellness Arena,Greenville,SC,Men's Basketball Championship - Midwest Region - 2nd Round
24731,2022-03-20,21:06,2022,postseason,NCAA,final,Purdue,Texas,236,295,81,71,1,Big Ten,Big 12,3,6,Fiserv Forum,Milwaukee,WI,Men's Basketball Championship - East Region - 2nd Round
24732,2022-03-20,21:54,2022,postseason,NCAA,final,Arizona,TCU,11,287,85,80,1,Pac-12,Big 12,1,9,Viejas Arena,San Diego,CA,Men's Basketball Championship - South Region - 2nd Round
24744,2022-03-21,13:00,2022,postseason,CBI,final,UNC Wilmington,Drake,321,70,76,75,1,CAA,MVC,,,Ocean Center,Daytona Beach,FL,Roman CBI Tournament - Quarterfinal
24745,2022-03-21,15:30,2022,postseason,CBI,final,UNC Asheville,Northern Colorado,319,207,84,87,1,Big South,Big Sky,,,Ocean Center,Daytona Beach,FL,Roman CBI Tournament - Quarterfinal
24746,2022-03-21,18:00,2022,postseason,CBI,final,Boston University,Middle Tennessee,27,171,46,76,1,Patriot,CUSA,,,Ocean Center,Daytona Beach,FL,Roman CBI Tournament - Quarterfinal
24742,2022-03-21,19:00,2022,postseason,TBC,final,Coastal Carolina,Florida Gulf Coast,54,88,84,68,,Sun Belt,ASUN,,,The HTC Center,Conway,SC,The Basketball Classic - Quarterfinal
24743,2022-03-21,20:00,2022,postseason,TBC,final,South Alabama,South Carolina Upstate,265,268,83,79,,Sun Belt,Big South,,,Mitchell Center,Mobile,AL,The Basketball Classic - Quarterfinal
24747,2022-03-21,20:30,2022,postseason,CBI,final,Abilene Christian,Ohio,1,215,91,86,1,UAC,MAC,,,Ocean Center,Daytona Beach,FL,Roman CBI Tournament - Quarterfinal
24749,2022-03-22,19:00,2022,postseason,NIT,final,Virginia,St. Bonaventure,339,277,51,52,,ACC,A-10,,,John Paul Jones Arena,Charlottesville,VA,NIT - Quarterfinal
24751,2022-03-22,19:00,2022,postseason,CBI,final,Northern Colorado,UNC Wilmington,207,321,64,80,1,Big Sky,CAA,,,Ocean Center,Daytona Beach,FL,Roman CBI Tournament - Semifinal
24748,2022-03-22,21:00,2022,postseason,TBC,final,UTEP,Southern Utah,327,276,69,82,,CUSA,Big Sky,,,Don Haskins Center,El Paso,TX,The Basketball Classic - Quarterfinal
24750,2022-03-22,21:00,2022,postseason,NIT,final,Xavier,Vanderbilt,359,336,75,73,,Big East,SEC,,,Cintas Center,Cincinnati,OH,NIT - Quarterfinal
24752,2022-03-22,21:32,2022,postseason,CBI,final,Abilene Christian,Middle Tennessee,1,171,69,85,1,UAC,CUSA,,,Ocean Center,Daytona Beach,FL,Roman CBI Tournament - Semifinal
24756,2022-03-23,17:00,2022,postseason,CBI,final,UNC Wilmington,Middle Tennessee,321,171,96,90,1,CAA,CUSA,,,Ocean Center,Daytona Beach,FL,Roman CBI Championship
24754,2022-03-23,19:00,2022,postseason,NIT,final,Texas A&M,Wake Forest,293,342,67,52,,SEC,ACC,,,Reed Arena,College Station,TX,NIT - Quarterfinal
24755,2022-03-23,21:00,2022,postseason,NIT,final,BYU,Washington State,18,344,58,77,,WCC,Pac-12,,,Marriott Center,Provo,UT,NIT - Quarterfinal
24753,2022-03-23,22:00,2022,postseason,TBC,final,Fresno State,Youngstown State,92,361,80,71,,Mountain West,Horizon,,,Save Mart Center,Fresno,CA,The Basketball Classic - Quarterfinal
24757,2022-03-24,19:09,2022,postseason,NCAA,final,Gonzaga,Arkansas,102,12,68,74,1,WCC,SEC,1,4,Chase Center,San Francisco,CA,Men's Basketball Championship - West Region - Sweet 16
24758,2022-03-24,19:29,2022,postseason,NCAA,final,Villanova,Michigan,338,170,63,55,1,Big East,Big Ten,2,11,Frost Bank Center,San Antonio,TX,Men's Basketball Championship - South Region - Sweet 16
24759,2022-03-24,21:39,2022,postseason,NCAA,final,Duke,Texas Tech,72,298,78,73,1,ACC,Big 12,2,3,Chase Center,San Francisco,CA,Men's Basketball Championship - West Region - Sweet 16
24760,2022-03-24,21:59,2022,postseason,NCAA,final,Arizona,Houston,11,113,60,72,1,Pac-12,American,1,5,Frost Bank Center,San Antonio,TX,Men's Basketball Championship - South Region - Sweet 16
24761,2022-03-25,19:09,2022,postseason,NCAA,final,Purdue,Saint Peter's,236,254,64,67,1,Big Ten,Metro,3,15,Wells Fargo Center,Philadelphia,PA,Men's Basketball Championship - East Region - Sweet 16
24762,2022-03-25,19:29,2022,postseason,NCAA,final,Kansas,Providence,131,235,66,61,1,Big 12,Big East,1,4,United Center,Chicago,IL,Men's Basketball Championship - Midwest Region - Sweet 16
24763,2022-03-25,21:58,2022,postseason,NCAA,final,UCLA,North Carolina,313,200,66,73,1,Pac-12,ACC,4,8,Wells Fargo Center,Philadelphia,PA,Men's Basketball Championship - East Region - Sweet 16
24764,2022-03-25,22:20,2022,postseason,NCAA,final,Miami,Iowa State,168,125,70,56,1,ACC,Big 12,10,11,United Center,Chicago,IL,Men's Basketball Championship - Midwest Region - Sweet 16
24765,2022-03-26,18:00,2022,postseason,TBC,final,Southern Utah,Portland,276,230,77,66,,Big Sky,WCC,,,America First Events Center,Cedar City,UT,The Basketball Classic - Quarterfinal
24766,2022-03-26,18:09,2022,postseason,NCAA,final,Villanova,Houston,338,113,50,44,1,Big East,American,2,5,Frost Bank Center,San Antonio,TX,Men's Basketball Championship - South Region - Elite 8
24767,2022-03-26,20:54,2022,postseason,NCAA,final,Duke,Arkansas,72,12,78,69,1,ACC,SEC,2,4,Chase Center,San Francisco,CA,Men's Basketball Championship - West Region - Elite 8
24768,2022-03-27,14:20,2022,postseason,NCAA,final,Kansas,Miami,131,168,76,50,1,Big 12,ACC,1,10,United Center,Chicago,IL,Men's Basketball Championship - Midwest Region - Elite 8
24769,2022-03-27,17:05,2022,postseason,NCAA,final,North Carolina,Saint Peter's,200,254,69,49,1,ACC,Metro,8,15,Wells Fargo Center,Philadelphia,PA,Men's Basketball Championship - East Region - Elite 8
24770,2022-03-28,20:00,2022,postseason,TBC,final,South Alabama,Coastal Carolina,265,54,68,69,,Sun Belt,Sun Belt,,,Mitchell Center,Mobile,AL,The Basketball Classic - Semifinal
24771,2022-03-28,22:00,2022,postseason,TBC,final,Fresno State,Southern Utah,92,276,67,48,,Mountain West,Big Sky,,,Save Mart Center,Fresno,CA,The Basketball Classic - Semifinal
24772,2022-03-29,19:00,2022,postseason,NIT,final,Xavier,St. Bonaventure,359,277,84,77,1,Big East,A-10,,,Madison Square Garden,New York,NY,NIT - Semifinal
24773,2022-03-29,21:30,2022,postseason,NIT,final,Texas A&M,Washington State,293,344,72,56,1,SEC,Pac-12,,,Madison Square Garden,New York,NY,NIT - Semifinal
24774,2022-03-31,19:00,2022,postseason,NIT,final,Texas A&M,Xavier,293,359,72,73,1,SEC,Big East,,,Madison Square Garden,New York,NY,NIT - Championship
24775,2022-04-01,18:00,2022,postseason,TBC,final,Coastal Carolina,Fresno State,54,92,74,85,,Sun Belt,Mountain West,,,The HTC Center,Conway,SC,The Basketball Classic - Championship
24776,2022-04-02,18:09,2022,postseason,NCAA,final,Kansas,Villanova,131,338,81,65,1,Big 12,Big East,1,2,Caesars Superdome,New Orleans,LA,Men's Basketball Championship - Final Four
24777,2022-04-02,20:49,2022,postseason,NCAA,final,Duke,North Carolina,72,200,77,81,1,ACC,ACC,2,8,Caesars Superdome,New Orleans,LA,Men's Basketball Championship - Final Four
24778,2022-04-04,21:20,2022,postseason,NCAA,final,Kansas,North Carolina,131,200,72,69,1,Big 12,ACC,1,8,Caesars Superdome,New Orleans,LA,Men's Basketball Championship - National Championship
