id,date,start_et,season,season_type,tournament,status,home,away,home_id,away_id,home_points,away_points,neutral,home_conf,away_conf,home_seed,away_seed,venue,city,state,notes
233182132,2003-11-14,19:00,2004,regular,,final,Cincinnati,Liberty,2132,2335,73,62,,C-USA,Big South,,,,,,PRESEASON WNIT
233180164,2003-11-14,19:30,2004,regular,,final,Rutgers,Saint Peter's,164,2612,58,40,,Big East,MAAC,,,,,,PRESEASON WNIT
233180087,2003-11-14,20:00,2004,regular,,final,Auburn,Notre Dame,2,87,64,77,,SEC,Big East,,,,,,WBCA CLASSIC
233180098,2003-11-14,20:00,2004,regular,,final,Western Kentucky,Rhode Island,98,227,70,63,,Sun Belt,A 10,,,,,,PRESEASON WNIT
233180145,2003-11-14,20:00,2004,regular,,final,Ole Miss,Jackson State,145,2296,83,58,,SEC,SWAC,,,,,,PRESEASON WNIT
233182641,2003-11-14,20:00,2004,regular,,final,Texas Tech,UTSA,2641,2636,76,48,,Big 12,C-USA,,,,,,PRESEASON WNIT
233180254,2003-11-14,21:00,2004,regular,,final,Utah,Southeast Missouri State,254,2546,76,65,,Mountain West,,,,,,,PRESEASON WNIT
233180038,2003-11-14,22:15,2004,regular,,final,Colorado,Old Dominion,38,295,84,67,,Big 12,CAA,,,,,,WBCA CLASSIC
233190130,2003-11-15,14:00,2004,regular,,final,Michigan,Miami (OH),130,193,79,68,,Big Ten,MAC,,,,,,PRESEASON WNIT
233192540,2003-11-15,16:00,2004,regular,,final,UC Santa Barbara,San Diego,2540,301,82,44,,Big West,WCC,,,,,,PRESEASON WNIT
233190099,2003-11-15,19:00,2004,regular,,final,LSU,Villanova,99,222,63,56,,SEC,Big East,,,,,,SPORTS FOUNDATION TOURNAMENT
233190002,2003-11-15,20:00,2004,regular,,final,Auburn,Old Dominion,2,295,84,49,,SEC,CAA,,,,,,WBCA CLASSIC
233192483,2003-11-15,21:30,2004,regular,,final,Oregon,Valparaiso,2483,2674,60,47,,Pac-12,MVC,,,,,,SPORTS FOUNDATION TOURNAMENT
233190038,2003-11-15,22:15,2004,regular,,final,Colorado,Notre Dame,38,87,67,63,,Big 12,Big East,,,,,,WBCA CLASSIC
233200164,2003-11-16,14:00,2004,regular,,final,Rutgers,Ole Miss,164,145,65,50,,Big East,SEC,,,,,,PRESEASON WNIT
233200150,2003-11-16,14:30,2004,regular,,final,Duke,Texas,150,251,77,85,,ACC,Big 12,,,,,,STATE FARM CLASSIC
233202641,2003-11-16,15:00,2004,regular,,final,Texas Tech,Western Kentucky,2641,98,88,47,,Big 12,Sun Belt,,,,,,PRESEASON WNIT
233200222,2003-11-16,15:30,2004,regular,,final,Villanova,Valparaiso,222,2674,68,50,,Big East,MVC,,,,,,SPORTS FOUNDATION TOURNAMENT
233202509,2003-11-16,17:00,2004,regular,,final,Purdue,Kansas State,2509,2306,79,69,,Big Ten,Big 12,,,,,,STATE FARM CLASSIC
233202483,2003-11-16,18:00,2004,regular,,final,Oregon,LSU,2483,99,76,67,,Pac-12,SEC,,,,,,SPORTS FOUNDATION TOURNAMENT
233210130,2003-11-17,19:00,2004,regular,,final,Michigan,Cincinnati,130,2132,73,69,,Big Ten,C-USA,,,,,,PRESEASON WNIT
233212460,2003-11-17,20:05,2004,regular,,final,Northern Iowa,Wayne State (NE),2460,2844,88,40,,MVC,,,,,,,
233212540,2003-11-17,22:00,2004,regular,,final,UC Santa Barbara,Utah,2540,254,52,44,,Big West,Mountain West,,,,,,PRESEASON WNIT
233222630,2003-11-18,20:00,2004,regular,,final,UT Martin,Lambuth,2630,2321,88,63,,,,,,,,,
233230164,2003-11-19,19:30,2004,regular,,final,Rutgers,Michigan,164,130,65,50,,Big East,Big Ten,,,,,,PRESEASON WNIT
233242641,2003-11-20,20:00,2004,regular,,final,Texas Tech,UC Santa Barbara,2641,2540,68,41,,Big 12,Big West,,,,,,PRESEASON WNIT
233250077,2003-11-21,00:00,2004,regular,,final,Northwestern State,Ball State,2466,2050,41,59,,,MAC,,,,,,MORAN REALTY CLASSIC
233250096,2003-11-21,00:00,2004,regular,,final,Kentucky,Purdue Fort Wayne,96,2870,79,59,,SEC,,,,,,,
233250204,2003-11-21,00:00,2004,regular,,final,Oregon State,Utah Valley,204,3084,72,38,,Pac-12,WAC,,,,,,
233250339,2003-11-21,12:00,2004,regular,,final,Evansville,Austin Peay,339,2046,73,63,,MVC,ASUN,,,,,,
233250130,2003-11-21,14:00,2004,regular,,final,Michigan,Western Michigan,130,2711,66,53,,Big Ten,MAC,,,,,,
233252272,2003-11-21,15:00,2004,regular,,final,High Point,Murray State,2272,93,67,56,,Big South,MVC,,,,,,MARSHALL UNIVERSITY CLASSIC
233250294,2003-11-21,16:30,2004,regular,,final,Jacksonville,PR Mayaguez,294,2503,82,54,,ASUN,,,,,,,
233250232,2003-11-21,17:00,2004,regular,,final,Charleston,Charleston Southern,232,2127,81,83,,Southern,Big South,,,,,,AT NORTH CHARLESTON COLISEUM
233252670,2003-11-21,17:00,2004,regular,,final,VCU,North Carolina A&T,2670,2448,62,43,,CAA,MEAC,,,,,,
233250116,2003-11-21,17:30,2004,regular,,final,Mount St. Mary's,Radford,116,2515,62,69,,NEC,Big South,,,,,,
233250276,2003-11-21,17:30,2004,regular,,final,Marshall,Morgan State,276,2415,88,34,,MAC,MEAC,,,,,,MARSHALL UNIVERSITY CLASSIC
233250349,2003-11-21,17:30,2004,regular,,final,Army,Columbia,349,171,73,48,,Patriot,Ivy,,,,,,
233252329,2003-11-21,17:30,2004,regular,,final,Lehigh,Duquesne,2329,2184,52,61,,Patriot,A 10,,,,,,
233250002,2003-11-21,17:45,2004,regular,,final,Auburn,Stetson,2,56,92,37,,SEC,ASUN,,,,,,
233250061,2003-11-21,18:00,2004,regular,,final,Georgia,Georgia State,61,2247,87,48,,SEC,ASUN,,,,,,
233250238,2003-11-21,18:00,2004,regular,,final,Vanderbilt,South Alabama,238,6,64,62,,SEC,Sun Belt,,,,,,BANKNORTH CLASSIC
233250248,2003-11-21,18:00,2004,regular,,final,Houston,Gonzaga,248,2250,66,54,,C-USA,WCC,,,,,,HAWKEYE CHALLENGE
233252084,2003-11-21,18:00,2004,regular,,final,Buffalo,Canisius,2084,2099,57,79,,MAC,MAAC,,,,,,
233252382,2003-11-21,18:00,2004,regular,,final,Mercer,Central Connecticut,2382,2115,68,56,,ASUN,NEC,,,,,,EAGLE CLASSIC
233252550,2003-11-21,18:00,2004,regular,,final,Seton Hall,Rider,2550,2520,83,58,,Big East,MAAC,,,,,,SETON HALL BASKETBALL CLASSIC
233252561,2003-11-21,18:00,2004,regular,,final,Siena,Albany,2561,399,63,46,,MAAC,Am. East,,,,,,
233250139,2003-11-21,18:30,2004,regular,,final,Saint Louis,Bradley,139,71,62,55,,C-USA,MVC,,,,,,
233250152,2003-11-21,18:30,2004,regular,,final,NC State,Loyola Marymount,152,2351,84,50,,ACC,WCC,,,,,,AT RBC CENTER
233252400,2003-11-21,18:30,2004,regular,,final,Mississippi Valley State,Stillman,2400,2948,72,42,,SWAC,,,,,,,
233252572,2003-11-21,18:30,2004,regular,,final,Southern Miss,Troy,2572,2653,46,36,,C-USA,ASUN,,,,,,
233250044,2003-11-21,19:00,2004,regular,,final,American University,UNC Asheville,44,2427,52,48,,Patriot,Big South,,,,,,
233250045,2003-11-21,19:00,2004,regular,,final,George Washington,Georgetown,45,46,62,67,,A 10,Big East,,,,,,
233250047,2003-11-21,19:00,2004,regular,,final,Howard,Villanova,47,222,51,72,,MEAC,Big East,,,,,,
233250048,2003-11-21,19:00,2004,regular,,final,Delaware,Richmond,48,257,78,80,,CAA,A 10,,,,,,
233250087,2003-11-21,19:00,2004,regular,,final,Notre Dame,Valparaiso,87,2674,74,57,,Big East,MVC,,,,,,
233250097,2003-11-21,19:00,2004,regular,,final,Louisville,Xavier,97,2752,64,72,,C-USA,A 10,,,,,,
233250107,2003-11-21,19:00,2004,regular,,final,Holy Cross,St. John's,107,2599,76,87,,Patriot,Big East,,,,,,
233250120,2003-11-21,19:00,2004,regular,,final,Maryland,Coppin State,120,2154,79,64,,ACC,MEAC,,,,,,
233250147,2003-11-21,19:00,2004,regular,,final,Montana State,UC Riverside,147,27,91,66,,Big Sky,Big West,,,,,,
233250150,2003-11-21,19:00,2004,regular,,final,Duke,Elon,150,2210,108,26,,ACC,Southern,,,,,,
233250153,2003-11-21,19:00,2004,regular,,final,North Carolina,St. Francis (PA),153,2598,80,44,,ACC,NEC,,,,,,
233250194,2003-11-21,19:00,2004,regular,,final,Ohio State,Ohio,194,195,83,50,,Big Ten,MAC,,,,,,
233250213,2003-11-21,19:00,2004,regular,,final,Penn State,LSU,213,99,83,46,,Big Ten,SEC,,,,,,
233250225,2003-11-21,19:00,2004,regular,,final,Brown,Fairleigh Dickinson,225,161,69,52,,Ivy,NEC,,,,,,
233250236,2003-11-21,19:00,2004,regular,,final,Chattanooga,UAB,236,5,84,71,,Southern,C-USA,,,,,,
233250259,2003-11-21,19:00,2004,regular,,final,Virginia Tech,Miami (OH),259,193,77,60,,Big East,MAC,,,,,,
233250277,2003-11-21,19:00,2004,regular,,final,West Virginia,Bucknell,277,2083,77,57,,Big East,Patriot,,,,,,
233250324,2003-11-21,19:00,2004,regular,,final,Coastal Carolina,Anderson,324,380,76,48,,Big South,,,,,,,
233252029,2003-11-21,19:00,2004,regular,,final,Arkansas-Pine Bluff,Ark Baptist,2029,2027,70,67,,SWAC,,,,,,,
233252097,2003-11-21,19:00,2004,regular,,final,Campbell,Western Carolina,2097,2717,43,56,,ASUN,Southern,,,,,,
233252117,2003-11-21,19:00,2004,regular,,final,Central Michigan,Concordia (MI),2117,2985,111,36,,MAC,,,,,,,
233252132,2003-11-21,19:00,2004,regular,,final,Cincinnati,IUPUI,2132,85,74,47,,C-USA,Horizon,,,,,,
233252142,2003-11-21,19:00,2004,regular,,final,Colgate,LIU Brooklyn,2142,2341,83,68,,Patriot,NEC,,,,,,
233252197,2003-11-21,19:00,2004,regular,,final,Eastern Illinois,Indiana-Northwest,2197,3088,126,36,,,,,,,,,
233252226,2003-11-21,19:00,2004,regular,,final,Florida Atlantic,Georgia Tech,2226,59,62,73,,ASUN,ACC,,,,,,
233252261,2003-11-21,19:00,2004,regular,,final,Hampton,Jacksonville State,2261,55,72,83,,MEAC,ASUN,,,,,,
233252306,2003-11-21,19:00,2004,regular,,final,Kansas State,Western Illinois,2306,2710,76,48,,Big 12,,,,,,,
233252309,2003-11-21,19:00,2004,regular,,final,Kent State,Rice,2309,242,61,55,,MAC,WAC,,,,,,
233252352,2003-11-21,19:00,2004,regular,,final,Loyola Maryland,Wake Forest,2352,154,51,66,,MAAC,ACC,,,,,,
233252514,2003-11-21,19:00,2004,regular,,final,Quinnipiac,Yale,2514,43,67,63,,NEC,Ivy,,,,,,
233252529,2003-11-21,19:00,2004,regular,,final,Sacred Heart,UMass,2529,113,61,46,,NEC,A 10,,,,,,
233252542,2003-11-21,19:00,2004,regular,,final,Savannah State,Alabama State,2542,2011,44,50,,,SWAC,,,,,,
233252546,2003-11-21,19:00,2004,regular,,final,Southeast Missouri State,Southern Illinois,2546,79,73,64,,,MVC,,,,,,
233252681,2003-11-21,19:00,2004,regular,,final,Wagner,South Florida,2681,58,48,64,,NEC,C-USA,,,,,,TIP OFF CLASSIC
233252729,2003-11-21,19:00,2004,regular,,final,William & Mary,Old Dominion,2729,295,58,75,,CAA,CAA,,,,,,
233250258,2003-11-21,19:30,2004,regular,,final,Virginia,UNC Greensboro,258,2430,71,44,,ACC,Southern,,,,,,
233252433,2003-11-21,19:30,2004,regular,,final,UL Monroe,Tulane,2433,2655,70,67,,Sun Belt,C-USA,,,,,,
233252463,2003-11-21,19:30,2004,regular,,final,Cal State Northridge,San José State,2463,23,54,71,,Big West,WAC,,,,,,
233252523,2003-11-21,19:30,2004,regular,,final,Robert Morris,Navy,2523,2426,58,68,,NEC,Patriot,,,,,,
233250021,2003-11-21,20:00,2004,regular,,final,San Diego State,Saint Mary's,21,2608,47,52,,Mountain West,WCC,,,,,,
233250140,2003-11-21,20:00,2004,regular,,final,Kansas City,Kansas,140,2305,63,50,,,Big 12,,,,,,
233250235,2003-11-21,20:00,2004,regular,,final,Memphis,Maryland-Eastern Shore,235,2379,89,63,,C-USA,MEAC,,,,,,
233250239,2003-11-21,20:00,2004,regular,,final,Baylor,Mississippi State,239,344,88,45,,Big 12,SEC,,,,,,
233250261,2003-11-21,20:00,2004,regular,,final,Vermont,St. Francis Brooklyn,261,2597,72,51,,Am. East,NEC,,,,,,BANKNORTH CLASSIC
233250279,2003-11-21,20:00,2004,regular,,final,Pacific,Green Bay,279,2739,63,74,,Big West,Horizon,,,,,,
233250356,2003-11-21,20:00,2004,regular,,final,Illinois,Wayne State (NE),356,2844,85,50,,Big Ten,,,,,,,
233250357,2003-11-21,20:00,2004,regular,,final,Texas A&M-Corpus Christi,UTSA,357,2636,57,48,,,C-USA,,,,,,
233252031,2003-11-21,20:00,2004,regular,,final,Little Rock,UT Martin,2031,2630,68,56,,Sun Belt,,,,,,,
233252130,2003-11-21,20:00,2004,regular,,final,Chicago State,St. Xavier,2130,2615,90,64,,,,,,,,,
233252199,2003-11-21,20:00,2004,regular,,final,Eastern Michigan,Lamar,2199,2320,90,46,,MAC,,,,,,,EAGLE CLASSIC
233252393,2003-11-21,20:00,2004,regular,,final,Middle Tennessee,Tennessee Tech,2393,2635,65,52,,Sun Belt,,,,,,,
233252429,2003-11-21,20:00,2004,regular,,final,Charlotte,Dartmouth,2429,159,75,59,,C-USA,Ivy,,,,,,SETON HALL BASKETBALL CLASSIC
233252439,2003-11-21,20:00,2004,regular,,final,UNLV,Centenary,2439,2113,77,41,,Mountain West,,,,,,,
233252492,2003-11-21,20:00,2004,regular,,final,Pepperdine,Stanford,2492,24,61,69,,WCC,Pac-12,,,,,,
233252617,2003-11-21,20:00,2004,regular,,final,Stephen F. Austin,Louisiana Tech,2617,2348,60,109,,WAC,WAC,,,,,,
233252628,2003-11-21,20:00,2004,regular,,final,TCU,Texas State,2628,326,86,44,,C-USA,Sun Belt,,,,,,
233252724,2003-11-21,20:00,2004,regular,,final,Wichita State,Arkansas,2724,8,72,81,,MVC,SEC,,,,,,
233252755,2003-11-21,20:00,2004,regular,,final,Grambling,Tougaloo,2755,2650,74,45,,SWAC,,,,,,,
233250158,2003-11-21,20:05,2004,regular,,final,Nebraska,Wofford,158,2747,104,46,,Big 12,Southern,,,,,,
233252294,2003-11-21,20:05,2004,regular,,final,Iowa,Butler,2294,2086,83,60,,Big Ten,Horizon,,,,,,HAWKEYE CHALLENGE
233252459,2003-11-21,20:05,2004,regular,,final,Northern Illinois,Loyola Chicago,2459,2350,77,60,,MAC,Horizon,,,,,,
233250228,2003-11-21,20:30,2004,regular,,final,Clemson,South Carolina,228,2579,86,55,,ACC,SEC,,,,,,
233252539,2003-11-21,20:30,2004,regular,,final,San Francisco,South Carolina State,2539,2569,72,46,,WCC,MEAC,,,,,,
233252692,2003-11-21,20:30,2004,regular,,final,Weber State,BYU,2692,252,51,68,,Big Sky,Mountain West,,,,,,
233250036,2003-11-21,21:00,2004,regular,,final,Colorado State,Texas Southern,36,2640,85,51,,Mountain West,SWAC,,,,,,
233250167,2003-11-21,21:00,2004,regular,,final,New Mexico,USC,167,30,77,75,,Mountain West,Pac-12,,,,,,
233250305,2003-11-21,21:00,2004,regular,,final,DePaul,Milwaukee,305,270,94,62,,C-USA,Horizon,,,,,,MORAN REALTY CLASSIC
233250009,2003-11-21,21:30,2004,regular,,final,Arizona State,Akron,9,2006,80,48,,Pac-12,MAC,,,,,,
233250068,2003-11-21,21:30,2004,regular,,final,Boise State,Dayton,68,2168,71,73,,WAC,A 10,,,,,,RADISSON INN CLASSIC
233250149,2003-11-21,21:35,2004,regular,,final,Montana,Montana-Western,149,2701,85,41,,Big Sky,,,,,,,
233250013,2003-11-21,22:00,2004,regular,,final,Cal Poly,Sacramento State,13,16,77,64,,Big West,Big Sky,,,,,,
233250070,2003-11-21,22:00,2004,regular,,final,Idaho,Portland State,70,2502,79,66,,Big West,Big Sky,,,,,,AT MEMORIAL GYM
233250166,2003-11-21,22:00,2004,regular,,final,New Mexico State,Long Beach State,166,299,56,48,,Sun Belt,Big West,,,,,,
233250265,2003-11-21,22:00,2004,regular,,final,Washington State,Fresno State,265,278,69,51,,Pac-12,WAC,,,,,,
233250300,2003-11-21,22:00,2004,regular,,final,UC Irvine,Eastern Washington,300,331,67,81,,Big West,Big Sky,,,,,,
233250328,2003-11-21,22:00,2004,regular,,final,Utah State,Southern Utah,328,253,60,79,,Big West,WAC,,,,,,
233252239,2003-11-21,22:00,2004,regular,,final,Cal State Fullerton,Fordham,2239,2230,43,81,,Big West,A 10,,,,,,
233260093,2003-11-22,13:00,2004,regular,,final,Murray State,Morgan State,93,2415,66,42,,MVC,MEAC,,,,,,MARSHALL UNIVERSITY CLASSIC
233260159,2003-11-22,13:00,2004,regular,,final,Dartmouth,Rider,159,2520,86,72,,Ivy,MAAC,,,,,,SETON HALL BASKETBALL CLASSIC
233260201,2003-11-22,13:00,2004,regular,,final,Oklahoma,Oral Roberts,201,198,90,42,,Big 12,,,,,,,BERTHA TEAGUE CLASSIC
233260227,2003-11-22,13:00,2004,regular,,final,Rhode Island,Northeastern,227,111,68,43,,A 10,Am. East,,,,,,
233260245,2003-11-22,13:00,2004,regular,,final,Texas A&M,La Salle,245,2325,62,67,,Big 12,A 10,,,,,,BOSTON U INVT
233262066,2003-11-22,13:00,2004,regular,,final,Binghamton,Syracuse,2066,183,59,66,,Am. East,Big East,,,,,,
233260042,2003-11-22,14:00,2004,regular,,final,Hartford,Marist,42,2368,69,65,,Am. East,MAAC,,,,,,
233260103,2003-11-22,14:00,2004,regular,,final,Boston College,Oakland,103,2473,68,60,,Big East,Horizon,,,,,,
233260135,2003-11-22,14:00,2004,regular,,final,Minnesota,Southern,135,2582,93,41,,Big Ten,SWAC,,,,,,SUBWAY CLASSIC
233262363,2003-11-22,14:00,2004,regular,,final,Manhattan,UCF,2363,2116,68,47,,MAAC,ASUN,,,,,,
233262507,2003-11-22,14:00,2004,regular,,final,Providence,Furman,2507,231,58,48,,Big East,Southern,,,,,,
233262603,2003-11-22,14:00,2004,regular,,final,Saint Joseph's,Drexel,2603,2182,62,44,,A 10,CAA,,,,,,
233262619,2003-11-22,14:00,2004,regular,,final,Stony Brook,St. Bonaventure,2619,179,62,74,,Am. East,A 10,,,,,,
233260104,2003-11-22,15:00,2004,regular,,final,Boston University,Florida,104,57,56,66,,Am. East,SEC,,,,,,BOSTON U INVT
233260269,2003-11-22,15:00,2004,regular,,final,Marquette,Drake,269,2181,60,57,,C-USA,MVC,,,,,,
233260276,2003-11-22,15:00,2004,regular,,final,Marshall,High Point,276,2272,90,70,,MAC,Big South,,,,,,MARSHALL UNIVERSITY CLASSIC
233260325,2003-11-22,15:00,2004,regular,,final,Cleveland State,Iowa State,325,66,51,73,,Horizon,Big 12,,,,,,
233262057,2003-11-22,15:00,2004,regular,,final,Belmont,Arkansas State,2057,2032,70,79,,ASUN,Sun Belt,,,,,,
233262115,2003-11-22,15:00,2004,regular,,final,Central Connecticut,Lamar,2115,2320,73,61,,NEC,,,,,,,EAGLE CLASSIC
233262405,2003-11-22,15:00,2004,regular,,final,Monmouth,Norfolk State,2405,2450,60,51,,NEC,MEAC,,,,,,
233262535,2003-11-22,15:00,2004,regular,,final,Samford,Alcorn State,2535,2016,57,41,,Southern,SWAC,,,,,,
233262550,2003-11-22,15:00,2004,regular,,final,Seton Hall,Charlotte,2550,2429,77,67,,Big East,C-USA,,,,,,SETON HALL BASKETBALL CLASSIC
233260197,2003-11-22,15:30,2004,regular,,final,Oklahoma State,Tulsa,197,202,56,58,,Big 12,WAC,,,,,,BERTHA TEAGUE CLASSIC
233260012,2003-11-22,16:00,2004,regular,,final,Arizona,Northern Arizona,12,2464,89,67,,Pac-12,Big Sky,,,,,,
233260108,2003-11-22,16:00,2004,regular,,final,Harvard,Colorado,108,38,81,85,,Ivy,Big 12,,,,,,SUBWAY CLASSIC
233262413,2003-11-22,16:00,2004,regular,,final,Morehead State,Miami,2413,2390,54,93,,,Big East,,,,,,MOREHEAD STATE TIP-OFF CLASSIC
233262504,2003-11-22,16:00,2004,regular,,final,Prairie View A&M,Paul Quinn,2504,2491,84,63,,SWAC,,,,,,,
233262545,2003-11-22,16:00,2004,regular,,final,SE Louisiana,Loyola (LA),2545,100,71,57,,,,,,,,,
233260304,2003-11-22,16:05,2004,regular,,final,Idaho State,Lewis Clark State,304,2334,104,51,,Big Sky,,,,,,,
233260127,2003-11-22,16:30,2004,regular,,final,Michigan State,Davidson,127,2166,74,68,,Big Ten,Southern,,,,,,SPARTAN CLASSIC
233260068,2003-11-22,17:00,2004,regular,,final,Boise State,Air Force,68,2005,71,66,,WAC,Mountain West,,,,,,RADISSON INN CLASSIC
233260250,2003-11-22,17:00,2004,regular,,final,UT Arlington,Texas A&M-Commerce,250,2837,87,50,,WAC,,,,,,,
233260301,2003-11-22,17:00,2004,regular,,final,San Diego,Nevada,301,2440,96,74,,WCC,WAC,,,,,,
233262199,2003-11-22,17:00,2004,regular,,final,Eastern Michigan,Mercer,2199,2382,92,40,,MAC,ASUN,,,,,,EAGLE CLASSIC
233262630,2003-11-22,17:00,2004,regular,,final,UT Martin,KY Wesleyan,2630,2316,84,71,,,,,,,,,
233262750,2003-11-22,17:00,2004,regular,,final,Wright State,Tennessee State,2750,2634,79,37,,Horizon,,,,,,,
233260290,2003-11-22,17:15,2004,regular,,final,Georgia Southern,SC Aiken,290,2543,61,58,,Southern,,,,,,,
233260314,2003-11-22,17:30,2004,regular,,final,Iona,Delaware State,314,2169,56,66,,MAAC,MEAC,,,,,,RETRIEVER TIP-OFF TR
233262443,2003-11-22,17:30,2004,regular,,final,New Orleans,McNeese,2443,2377,79,53,,Sun Belt,,,,,,,
233260006,2003-11-22,18:00,2004,regular,,final,South Alabama,St. Francis Brooklyn,6,2597,61,54,,Sun Belt,NEC,,,,,,BANKNORTH CLASSIC
233260084,2003-11-22,18:00,2004,regular,,final,Indiana,Cornell,84,172,75,41,,Big Ten,Ivy,,,,,,INDIANA CLASSIC
233260264,2003-11-22,18:00,2004,regular,,final,Washington,Maine,264,311,82,70,,Pac-12,Am. East,,,,,,WAIKIKI BEACH MARRIOTT RESORT CL
233260270,2003-11-22,18:00,2004,regular,,final,Milwaukee,Ball State,270,2050,78,73,,Horizon,MAC,,,,,,MORAN REALTY CLASSIC
233262198,2003-11-22,18:00,2004,regular,,final,Gardner-Webb,Eastern Kentucky,2241,2198,59,69,,ASUN,ASUN,,,,,,MOREHEAD STATE TIP-OFF CLASSIC
233262250,2003-11-22,18:00,2004,regular,,final,Gonzaga,Butler,2250,2086,65,59,,WCC,Horizon,,,,,,HAWKEYE CHALLENGE
233260218,2003-11-22,19:00,2004,regular,,final,Temple,Florida International,218,2229,81,76,,A 10,Sun Belt,,,,,,SPARTAN CLASSIC
233260239,2003-11-22,19:00,2004,regular,,final,Baylor,Nicholls,239,2447,93,44,,Big 12,,,,,,,
233262172,2003-11-22,19:00,2004,regular,,final,Denver,Wyoming,2172,2751,62,39,,Sun Belt,Mountain West,,,,,,AT HAMILTON GYM
233262754,2003-11-22,19:00,2004,regular,,final,Youngstown State,Bowling Green,2754,189,79,67,,Horizon,MAC,,,,,,
233262168,2003-11-22,19:30,2004,regular,,final,Dayton,UT Rio Grande Valley,2168,292,57,63,,A 10,,,,,,,RADISSON INN CLASSIC
233262378,2003-11-22,19:30,2004,regular,,final,UMBC,Pennsylvania,2378,219,37,54,,Am. East,Ivy,,,,,,RETRIEVER TIP-OFF TR
233260062,2003-11-22,20:00,2004,regular,,final,Hawai'i,Lipscomb,62,288,63,69,,WAC,ASUN,,,,,,WAIKIKI BEACH MARRIOTT RESORT CL
233260261,2003-11-22,20:00,2004,regular,,final,Vermont,Vanderbilt,261,238,54,65,,Am. East,SEC,,,,,,BANKNORTH CLASSIC
233260282,2003-11-22,20:00,2004,regular,,final,Indiana State,North Texas,282,249,73,86,,MVC,Sun Belt,,,,,,INDIANA CLASSIC
233260305,2003-11-22,20:00,2004,regular,,final,DePaul,Northwestern State,305,2466,109,73,,C-USA,,,,,,,MORAN REALTY CLASSIC
233262294,2003-11-22,20:00,2004,regular,,final,Iowa,Houston,2294,248,64,70,,Big Ten,C-USA,,,,,,HAWKEYE CHALLENGE
233270152,2003-11-23,12:00,2004,regular,,final,NC State,Texas,152,251,56,69,,ACC,Big 12,,,,,,JIMMY V WOMEN'S CLASSIC
233272166,2003-11-23,12:30,2004,regular,,final,Davidson,Florida International,2166,2229,62,55,,Southern,Sun Belt,,,,,,SPARTAN CLASSIC
233270052,2003-11-23,13:00,2004,regular,,final,Florida State,Savannah State,52,2542,107,28,,ACC,,,,,,,
233270104,2003-11-23,13:00,2004,regular,,final,Boston University,Texas A&M,104,245,53,61,,Am. East,Big 12,,,,,,BOSTON U INVT
233270119,2003-11-23,13:00,2004,regular,,final,Towson,UNC Asheville,119,2427,71,52,,CAA,Big South,,,,,,
233270120,2003-11-23,13:00,2004,regular,,final,Maryland,Niagara,120,315,82,74,,ACC,MAAC,,,,,,
233270204,2003-11-23,13:00,2004,regular,,final,Oregon State,Texas A&M-Corpus Christi,204,357,68,53,,Pac-12,,,,,,,
233270258,2003-11-23,13:00,2004,regular,,final,Virginia,Virginia Tech,258,259,62,63,,ACC,Big East,,,,,,
233270322,2003-11-23,13:00,2004,regular,,final,Lafayette,Georgetown,322,46,58,72,,Patriot,Big East,,,,,,
233270349,2003-11-23,13:00,2004,regular,,final,Army,South Florida,349,58,63,59,,Patriot,C-USA,,,,,,
233272198,2003-11-23,13:00,2004,regular,,final,Eastern Kentucky,Miami,2198,2390,81,90,,ASUN,Big East,,,,,,MOREHEAD STATE TIP-OFF CLASSIC
233272641,2003-11-23,13:30,2004,regular,WNIT,final,Texas Tech,Rutgers,2641,164,73,45,,Big 12,Big East,,,,,,PRESEASON WNIT CHAMPIONSHIP
233270041,2003-11-23,14:00,2004,regular,,final,UConn,Western Michigan,41,2711,95,46,,Big East,MAC,,,,,,
233270096,2003-11-23,14:00,2004,regular,,final,Kentucky,Northwestern,96,77,67,60,,SEC,Big Ten,,,,,,
233270108,2003-11-23,14:00,2004,regular,,final,Harvard,Southern,108,2582,73,63,,Ivy,SWAC,,,,,,SUBWAY CLASSIC
233270153,2003-11-23,14:00,2004,regular,,final,North Carolina,Hofstra,153,2275,92,45,,ACC,CAA,,,,,,
233270194,2003-11-23,14:00,2004,regular,,final,Ohio State,Florida A&M,194,50,71,56,,Big Ten,MEAC,,,,,,
233270222,2003-11-23,14:00,2004,regular,,final,Villanova,Fairfield,222,2217,68,55,,Big East,MAAC,,,,,,
233270256,2003-11-23,14:00,2004,regular,,final,James Madison,Jacksonville State,256,55,68,64,,CAA,ASUN,,,,,,
233270277,2003-11-23,14:00,2004,regular,,final,West Virginia,East Carolina,277,151,82,61,,Big East,C-USA,,,,,,
233270282,2003-11-23,14:00,2004,regular,,final,Indiana State,Cornell,282,172,89,58,,MVC,Ivy,,,,,,INDIANA CLASSIC
233270294,2003-11-23,14:00,2004,regular,,final,Jacksonville,Birmingham-Southern,294,3,46,58,,ASUN,Big South,,,,,,
233270350,2003-11-23,14:00,2004,regular,,final,UNC Wilmington,Loyola Marymount,350,2351,56,77,,CAA,WCC,,,,,,
233270399,2003-11-23,14:00,2004,regular,,final,Albany,Navy,399,2426,77,55,,Am. East,Patriot,,,,,,
233272184,2003-11-23,14:00,2004,regular,,final,Duquesne,Robert Morris,2184,2523,66,63,,A 10,NEC,,,,,,
233272210,2003-11-23,14:00,2004,regular,,final,Elon,William & Mary,2210,2729,57,49,,Southern,CAA,,,,,,
233272378,2003-11-23,14:00,2004,regular,,final,UMBC,Iona,2378,314,43,64,,Am. East,MAAC,,,,,,RETRIVER TIP-OFF TR
233272430,2003-11-23,14:00,2004,regular,,final,UNC Greensboro,St. Francis (PA),2430,2598,55,80,,Southern,NEC,,,,,,
233272649,2003-11-23,14:00,2004,regular,,final,Toledo,Detroit Mercy,2649,2174,49,50,,MAC,Horizon,,,,,,
233272681,2003-11-23,14:00,2004,regular,,final,Wagner,Colgate,2681,2142,54,64,,NEC,Patriot,,,,,,
233272752,2003-11-23,14:00,2004,regular,,final,Xavier,IUPUI,2752,85,64,48,,A 10,Horizon,,,,,,
233270150,2003-11-23,14:30,2004,regular,,final,Duke,Purdue,150,2509,93,63,,ACC,Big Ten,,,,,,JIMMY V WOMEN'S CLASSIC
233270275,2003-11-23,14:30,2004,regular,,final,Wisconsin,Northern Illinois,275,2459,27,27,,Big Ten,MAC,,,,,,
233270127,2003-11-23,15:00,2004,regular,,final,Michigan State,Temple,127,218,78,40,,Big Ten,A 10,,,,,,SPARTAN CLASSIC
233272413,2003-11-23,15:00,2004,regular,,final,Morehead State,Gardner-Webb,2413,2241,77,65,,,ASUN,,,,,,MOREHEAD STATE TIP-OFF CLASSIC
233272633,2003-11-23,15:00,2004,regular,,final,Tennessee,Chattanooga,2633,236,83,52,,SEC,Southern,,,,,,
233270158,2003-11-23,15:05,2004,regular,,final,Nebraska,Princeton,158,163,75,61,,Big 12,Ivy,,,,,,
233272325,2003-11-23,15:30,2004,regular,,final,La Salle,Florida,2325,57,65,90,,A 10,SEC,,,,,,BOSTON U INVT
233270044,2003-11-23,16:00,2004,regular,,final,American University,Howard,44,47,81,56,,Patriot,MEAC,,,,,,
233270084,2003-11-23,16:00,2004,regular,,final,Indiana,North Texas,84,249,79,60,,Big Ten,Sun Belt,,,,,,INDIANA CLASSIC
233270113,2003-11-23,16:00,2004,regular,,final,UMass,Holy Cross,113,107,63,68,,A 10,Patriot,,,,,,
233270135,2003-11-23,16:00,2004,regular,,final,Minnesota,Colorado,135,38,95,61,,Big Ten,Big 12,,,,,,SUBWAY CLASSIC
233270166,2003-11-23,16:00,2004,regular,,final,New Mexico State,UTEP,166,2638,53,50,,Sun Belt,WAC,,,,,,
233270219,2003-11-23,16:00,2004,regular,,final,Pennsylvania,Delaware State,219,2169,68,74,,Ivy,MEAC,,,,,,RETRIVER TIP-OFF TR
233272029,2003-11-23,16:00,2004,regular,,final,Arkansas-Pine Bluff,Maryland-Eastern Shore,2029,2379,60,77,,SWAC,MEAC,,,,,,
233270097,2003-11-23,16:30,2004,regular,,final,Louisville,Purdue Fort Wayne,97,2870,81,70,,C-USA,,,,,,,
233270013,2003-11-23,17:00,2004,regular,,final,Cal Poly,Portland State,13,2502,75,63,,Big West,Big Sky,,,,,,
233270024,2003-11-23,17:00,2004,regular,,final,Stanford,Fordham,24,2230,79,53,,Pac-12,A 10,,,,,,
233270025,2003-11-23,17:00,2004,regular,,final,California,South Carolina State,25,2569,78,47,,Pac-12,MEAC,,,,,,
233270026,2003-11-23,17:00,2004,regular,,final,UCLA,UNLV,26,2439,61,51,,Pac-12,Mountain West,,,,,,
233270140,2003-11-23,17:00,2004,regular,,final,Kansas City,Creighton,140,156,61,74,,,MVC,,,,,,
233270299,2003-11-23,17:00,2004,regular,,final,Long Beach State,Eastern Washington,299,331,74,66,,Big West,Big Sky,,,,,,
233272541,2003-11-23,17:00,2004,regular,,final,Santa Clara,Green Bay,2541,2739,53,67,,WCC,Horizon,,,,,,
233272747,2003-11-23,17:00,2004,regular,,final,Wofford,Georgia State,2747,2247,47,61,,Southern,ASUN,,,,,,
233270071,2003-11-23,19:05,2004,regular,,final,Bradley,Missouri,71,142,58,77,,MVC,Big 12,,,,,,
233270062,2003-11-23,20:00,2004,regular,,final,Hawai'i,Maine,62,311,62,75,,WAC,Am. East,,,,,,WAIKIKI BEACH MARRIOTT RESORT CL
233272463,2003-11-23,20:00,2004,regular,,final,Cal State Northridge,Saint Mary's,2463,2608,45,51,,Big West,WCC,,,,,,
233272640,2003-11-23,20:00,2004,regular,,final,Texas Southern,UTSA,2640,2636,55,57,,SWAC,C-USA,,,,,,
233270009,2003-11-23,20:30,2004,regular,,final,Arizona State,Grambling,9,2755,89,51,,Pac-12,SWAC,,,,,,
233270264,2003-11-23,22:00,2004,regular,,final,Washington,Lipscomb,264,288,78,52,,Pac-12,ASUN,,,,,,WAIKIKI BEACH MARRIOTT RESORT CL
233272350,2003-11-24,00:00,2004,regular,,final,Loyola Chicago,Chicago State,2350,2130,58,67,,Horizon,,,,,,,
233282737,2003-11-24,17:30,2004,regular,,final,Winthrop,Southern Virginia,2737,2896,127,54,,Big South,,,,,,,
233280130,2003-11-24,18:00,2004,regular,,final,Michigan,Alabama,130,333,74,76,,Big Ten,SEC,,,,,,
233280193,2003-11-24,18:00,2004,regular,,final,Miami (OH),Saint Louis,193,139,92,72,,MAC,C-USA,,,,,,
233282113,2003-11-24,18:00,2004,regular,,final,Centenary,Le Tourneau,2113,2326,110,64,,,,,,,,,
233282046,2003-11-24,18:15,2004,regular,,final,Austin Peay,Cumberland (TN),2046,2161,80,54,,ASUN,,,,,,,
233282393,2003-11-24,18:30,2004,regular,,final,Middle Tennessee,Southern Illinois,2393,79,76,62,,Sun Belt,MVC,,,,,,
233282635,2003-11-24,18:30,2004,regular,,final,Tennessee Tech,Memphis,2635,235,50,71,,,C-USA,,,,,,
233280042,2003-11-24,19:00,2004,regular,,final,Hartford,Saint Peter's,42,2612,59,39,,Am. East,MAAC,,,,,,
233280154,2003-11-24,19:00,2004,regular,,final,Wake Forest,Hampton,154,2261,64,43,,ACC,MEAC,,,,,,
233282097,2003-11-24,19:00,2004,regular,,final,Campbell,Coastal Carolina,2097,324,43,66,,ASUN,Big South,,,,,,
233282368,2003-11-24,19:00,2004,regular,,final,Marist,Lehigh,2368,2329,66,53,,MAAC,Patriot,,,,,,
233282579,2003-11-24,19:00,2004,regular,,final,South Carolina,Appalachian State,2579,2026,82,66,,SEC,Southern,,,,,,
233280008,2003-11-24,20:00,2004,regular,,final,Arkansas,Rice,8,242,65,46,,SEC,WAC,,,,,,
233280082,2003-11-24,20:00,2004,regular,,final,UIC,Eastern Illinois,82,2197,65,50,,Horizon,,,,,,,
233280201,2003-11-24,20:00,2004,regular,,final,Oklahoma,Southeast Missouri State,201,2546,83,48,,Big 12,,,,,,,
233280356,2003-11-24,20:00,2004,regular,,final,Illinois,Louisiana Tech,356,2348,61,67,,Big Ten,WAC,,,,,,
233282504,2003-11-24,20:00,2004,regular,,final,Prairie View A&M,Huston-Tillotson,2504,2281,77,54,,SWAC,,,,,,,
233282567,2003-11-24,20:00,2004,regular,,final,SMU,TCU,2567,2628,64,74,,WAC,C-USA,,,,,,
233282617,2003-11-24,20:00,2004,regular,,final,Stephen F. Austin,Colorado State,2617,36,57,72,,WAC,Mountain West,,,,,,
233282460,2003-11-24,20:05,2004,regular,,final,Northern Iowa,Houston,2460,248,58,63,,MVC,C-USA,,,,,,
233282674,2003-11-24,20:05,2004,regular,,final,Valparaiso,St. Francis (IN),2674,2831,78,52,,MVC,,,,,,,
233282751,2003-11-24,21:00,2004,regular,,final,Wyoming,Washington State,2751,265,50,59,,Mountain West,Pac-12,,,,,,
233280147,2003-11-24,21:05,2004,regular,,final,Montana State,Utah State,147,328,65,41,,Big Sky,Big West,,,,,,
233280253,2003-11-24,21:05,2004,regular,,final,Southern Utah,Sacramento State,253,16,73,53,,WAC,Big Sky,,,,,,
233280021,2003-11-24,22:00,2004,regular,,final,San Diego State,Nevada,21,2440,67,52,,Mountain West,WAC,,,,,,
233280070,2003-11-24,22:00,2004,regular,,final,Idaho,Weber State,70,2692,78,74,,Big West,Big Sky,,,,,,
233280300,2003-11-24,22:00,2004,regular,,final,UC Irvine,Pepperdine,300,2492,47,71,,Big West,WCC,,,,,,
233282501,2003-11-24,22:00,2004,regular,,final,Portland,Texas A&M-Corpus Christi,2501,357,63,64,,WCC,,,,,,,
233290292,2003-11-25,00:00,2004,regular,,final,UT Rio Grande Valley,Texas A&M-International,292,3082,84,55,,,,,,,,,
233290189,2003-11-25,17:45,2004,regular,,final,Bowling Green,Detroit Mercy,189,2174,77,53,,MAC,Horizon,,,,,,
233292199,2003-11-25,18:00,2004,regular,,final,Eastern Michigan,Butler,2199,2086,79,47,,MAC,Horizon,,,,,,
233292535,2003-11-25,18:00,2004,regular,,final,Samford,Troy,2535,2653,51,41,,Southern,ASUN,,,,,,
233292561,2003-11-25,18:00,2004,regular,,final,Siena,Boston College,2561,103,49,65,,MAAC,Big East,,,,,,
233292870,2003-11-25,18:00,2004,regular,,final,Purdue Fort Wayne,Ball State,2870,2050,75,93,,,MAC,,,,,,AT MEMORIAL COLISEUM
233292572,2003-11-25,18:30,2004,regular,,final,Southern Miss,UL Monroe,2572,2433,68,59,,C-USA,Sun Belt,,,,,,
233292634,2003-11-25,18:45,2004,regular,,final,Tennessee State,Birmingham-Southern,2634,3,46,69,,,Big South,,,,,,
233290041,2003-11-25,19:00,2004,regular,,final,UConn,Florida State,41,52,81,53,,Big East,ACC,,,,,,AT HARTFORD CT
233290043,2003-11-25,19:00,2004,regular,,final,Yale,Vermont,43,261,65,78,,Ivy,Am. East,,,,,,
233290056,2003-11-25,19:00,2004,regular,,final,Stetson,Bethune-Cookman,56,2065,84,81,,ASUN,MEAC,,,,,,
233290058,2003-11-25,19:00,2004,regular,,final,South Florida,Miami,58,2390,55,62,,C-USA,Big East,,,,,,
233290096,2003-11-25,19:00,2004,regular,,final,Kentucky,North Carolina,96,153,59,75,,SEC,ACC,,,,,,AT RUPP ARENA
233290160,2003-11-25,19:00,2004,regular,,final,New Hampshire,St. Bonaventure,160,179,86,85,,Am. East,A 10,,,,,,
233290183,2003-11-25,19:00,2004,regular,,final,Syracuse,UMass,183,113,62,54,,Big East,A 10,,,,,,
233290194,2003-11-25,19:00,2004,regular,,final,Ohio State,UNC Wilmington,194,350,70,42,,Big Ten,CAA,,,,,,
233290195,2003-11-25,19:00,2004,regular,,final,Ohio,Wright State,195,2750,68,61,,MAC,Horizon,,,,,,
233290221,2003-11-25,19:00,2004,regular,,final,Pittsburgh,Coppin State,221,2154,61,75,,Big East,MEAC,,,,,,
233290236,2003-11-25,19:00,2004,regular,,final,Chattanooga,Louisville,236,97,68,65,,Southern,C-USA,,,,,,
233290257,2003-11-25,19:00,2004,regular,,final,Richmond,Florida,257,57,98,88,,A 10,SEC,,,,,,
233290276,2003-11-25,19:00,2004,regular,,final,Marshall,Radford,276,2515,80,50,,MAC,Big South,,,,,,
233290290,2003-11-25,19:00,2004,regular,,final,Georgia Southern,Georgia,290,61,53,84,,Southern,SEC,,,,,,
233290295,2003-11-25,19:00,2004,regular,,final,Old Dominion,Penn State,295,213,75,68,,CAA,Big Ten,,,,,,
233290325,2003-11-25,19:00,2004,regular,,final,Cleveland State,Western Illinois,325,2710,52,50,,Horizon,,,,,,,
233292083,2003-11-25,19:00,2004,regular,,final,Bucknell,Loyola Maryland,2083,2352,46,56,,Patriot,MAAC,,,,,,
233292132,2003-11-25,19:00,2004,regular,,final,Cincinnati,Charleston Southern,2132,2127,105,60,,C-USA,Big South,,,,,,
233292142,2003-11-25,19:00,2004,regular,,final,Colgate,Buffalo,2142,2084,69,65,,Patriot,MAC,,,,,,
233292210,2003-11-25,19:00,2004,regular,,final,Elon,Longwood,2210,2344,75,62,,Southern,Big South,,,,,,
233292272,2003-11-25,19:00,2004,regular,,final,High Point,Western Carolina,2272,2717,56,49,,Big South,Southern,,,,,,
233292275,2003-11-25,19:00,2004,regular,,final,Hofstra,Quinnipiac,2275,2514,65,62,,CAA,NEC,,,,,,
233292309,2003-11-25,19:00,2004,regular,,final,Kent State,Rhode Island,2309,227,69,64,,MAC,A 10,,,,,,
233292325,2003-11-25,19:00,2004,regular,,final,La Salle,Pennsylvania,2325,219,74,67,,A 10,Ivy,,,,,,
233292335,2003-11-25,19:00,2004,regular,,final,Liberty,VCU,2335,2670,62,43,,Big South,CAA,,,,,,
233292426,2003-11-25,19:00,2004,regular,,final,Navy,Morgan State,2426,2415,80,47,,Patriot,MEAC,,,,,,
233292427,2003-11-25,19:00,2004,regular,,final,UNC Asheville,Montreat College,2427,2410,83,46,,Big South,,,,,,,
233292429,2003-11-25,19:00,2004,regular,,final,Charlotte,Davidson,2429,2166,77,70,,C-USA,Southern,,,,,,
233292473,2003-11-25,19:00,2004,regular,,final,Oakland,Central Michigan,2473,2117,69,57,,Horizon,MAC,,,,,,
233292509,2003-11-25,19:00,2004,regular,,final,Purdue,Milwaukee,2509,270,88,60,,Big Ten,Horizon,,,,,,
233292520,2003-11-25,19:00,2004,regular,,final,Rider,Monmouth,2520,2405,60,68,,MAAC,NEC,,,,,,
233292529,2003-11-25,19:00,2004,regular,,final,Sacred Heart,Lafayette,2529,322,92,59,,NEC,Patriot,,,,,,
233292542,2003-11-25,19:00,2004,regular,,final,Savannah State,Jackson State,2542,2296,42,45,,,SWAC,,,,,,
233292597,2003-11-25,19:00,2004,regular,,final,St. Francis Brooklyn,Columbia,2597,171,56,64,,NEC,Ivy,,,,,,
233292598,2003-11-25,19:00,2004,regular,,final,St. Francis (PA),Cornell,2598,172,86,47,,NEC,Ivy,,,,,,
233292599,2003-11-25,19:00,2004,regular,,final,St. John's,Binghamton,2599,2066,81,84,,Big East,Am. East,,,,,,
233292619,2003-11-25,19:00,2004,regular,,final,Stony Brook,Delaware,2619,48,58,67,,Am. East,CAA,,,,,,
233292649,2003-11-25,19:00,2004,regular,,final,Toledo,Duquesne,2649,2184,81,57,,MAC,A 10,,,,,,
233292655,2003-11-25,19:00,2004,regular,,final,Tulane,Oregon State,2655,204,73,58,,C-USA,Pac-12,,,,,,
233292747,2003-11-25,19:00,2004,regular,,final,Wofford,New Orleans,2747,2443,76,79,,Southern,Sun Belt,,,,,,
233292507,2003-11-25,19:30,2004,regular,,final,Providence,Holy Cross,2507,107,59,65,,Big East,Patriot,,,,,,
233290002,2003-11-25,20:00,2004,regular,,final,Auburn,Youngstown State,2,2754,67,36,,SEC,Horizon,,,,,,
233290249,2003-11-25,20:00,2004,regular,,final,North Texas,Sam Houston,249,2534,63,55,,Sun Belt,WAC,,,,,,
233290251,2003-11-25,20:00,2004,regular,,final,Texas,UCLA,251,26,89,58,,Big 12,Pac-12,,,,,,
233290269,2003-11-25,20:00,2004,regular,,final,Marquette,Evansville,269,339,71,55,,C-USA,MVC,,,,,,
233292057,2003-11-25,20:00,2004,regular,,final,Belmont,Ole Miss,2057,145,62,78,,ASUN,SEC,,,,,,
233292181,2003-11-25,20:00,2004,regular,,final,Drake,Minnesota,2181,135,50,73,,MVC,Big Ten,,,,,,
233292377,2003-11-25,20:00,2004,regular,,final,McNeese,Centenary,2377,2113,80,69,,,,,,,,,
233292447,2003-11-25,20:00,2004,regular,,final,Nicholls,Louisiana College,2447,2347,76,56,,,,,,,,,
233292545,2003-11-25,20:00,2004,regular,,final,SE Louisiana,Louisiana,2545,309,43,57,,,Sun Belt,,,,,,
233292640,2003-11-25,20:00,2004,regular,,final,Texas Southern,Huston-Tillotson,2640,2281,101,53,,SWAC,,,,,,,
233292724,2003-11-25,20:00,2004,regular,,final,Wichita State,Oklahoma State,2724,197,54,49,,MVC,Big 12,,,,,,
233290198,2003-11-25,20:05,2004,regular,,final,Oral Roberts,UT Arlington,198,250,71,74,,,WAC,,,,,,
233292032,2003-11-25,20:05,2004,regular,,final,Arkansas State,Cal Poly,2032,13,89,60,,Sun Belt,Big West,,,,,,
233290167,2003-11-25,21:00,2004,regular,,final,New Mexico,Cal State Fullerton,167,2239,59,52,,Mountain West,Big West,,,,,,
233290304,2003-11-25,21:05,2004,regular,,final,Idaho State,Boise State,304,68,90,77,,Big Sky,WAC,,,,,,
233290001,2003-11-25,22:00,2004,regular,,final,Alaska Anchorage,Mount St. Mary's,1,116,61,59,,,NEC,,,,,,GREAT ALASKA SHOOTOUT
233290024,2003-11-25,22:00,2004,regular,,final,Stanford,San Francisco,24,2539,75,50,,Pac-12,WCC,,,,,,
233290025,2003-11-25,22:00,2004,regular,,final,California,San José State,25,23,90,67,,Pac-12,WAC,,,,,,
233290279,2003-11-25,22:00,2004,regular,,final,Pacific,Santa Clara,279,2541,59,60,,Big West,WCC,,,,,,
233292250,2003-11-25,22:00,2004,regular,,final,Gonzaga,Oregon,2250,2483,57,73,,WCC,Pac-12,,,,,,
233292540,2003-11-25,22:00,2004,regular,,final,UC Santa Barbara,Arizona,2540,12,75,65,,Big West,Pac-12,,,,,,
233302230,2003-11-26,13:00,2004,regular,,final,Fordham,Dartmouth,2230,159,55,72,,A 10,Ivy,,,,,,
233300142,2003-11-26,14:00,2004,regular,,final,Missouri,Southern,142,2582,79,43,,Big 12,SWAC,,,,,,
233300161,2003-11-26,17:00,2004,regular,,final,Fairleigh Dickinson,Towson,161,119,78,71,,NEC,CAA,,,,,,
233290228,2003-11-26,18:30,2004,regular,,final,BYU,Mount St. Mary's,252,116,62,56,,Mountain West,NEC,,,,,,GREAT ALASKA SHOOTOUT
233300111,2003-11-26,19:00,2004,regular,,final,Northeastern,Fairfield,111,2217,68,58,,Am. East,MAAC,,,,,,
233300127,2003-11-26,19:00,2004,regular,,final,Michigan State,Notre Dame,127,87,92,63,,Big Ten,Big East,,,,,,
233300151,2003-11-26,19:00,2004,regular,,final,East Carolina,North Carolina A&T,151,2448,72,54,,C-USA,MEAC,,,,,,
233300225,2003-11-26,19:00,2004,regular,,final,Brown,UIC,225,82,71,76,,Ivy,Horizon,,,,,,
233302168,2003-11-26,19:00,2004,regular,,final,Dayton,Northwestern,2168,77,47,49,,A 10,Big Ten,,,,,,
233302241,2003-11-26,19:00,2004,regular,,final,Gardner-Webb,Furman,2241,231,39,40,,ASUN,Southern,,,,,,
233302244,2003-11-26,19:00,2004,regular,,final,George Mason,Georgetown,2244,46,63,72,,CAA,Big East,,,,,,
233302579,2003-11-26,19:00,2004,regular,,final,South Carolina,Mercer,2579,2382,99,78,,SEC,ASUN,,,,,,
233302711,2003-11-26,19:00,2004,regular,,final,Western Michigan,Kansas City,2711,140,117,90,,MAC,,,,,,,
233300005,2003-11-26,20:00,2004,regular,,final,UAB,South Alabama,5,6,69,76,,C-USA,Sun Belt,,,,,,
233300055,2003-11-26,20:00,2004,regular,,final,Alabama A&M,Jacksonville State,2010,55,60,71,,SWAC,ASUN,,,,,,
233302350,2003-11-26,20:00,2004,regular,,final,Loyola Chicago,IUPUI,2350,85,69,68,,Horizon,Horizon,,,,,,
233302287,2003-11-26,20:05,2004,regular,,final,Illinois State,Air Force,2287,2005,85,49,,MVC,Mountain West,,,,,,
233300331,2003-11-26,20:30,2004,regular,,final,Eastern Washington,Washington State,331,265,58,59,,Big Sky,Pac-12,,,,,,
233300001,2003-11-26,21:00,2004,regular,,final,Alaska Anchorage,Clemson,1,228,61,58,,,ACC,,,,,,GREAT ALASKA SHOOTOUT
233312623,2003-11-27,15:45,2004,regular,,final,Missouri State,West Virginia,2623,277,82,64,,MVC,Big East,,,,,,PARADISE JAM
233310059,2003-11-27,18:00,2004,regular,,final,Georgia Tech,James Madison,59,256,60,53,,ACC,CAA,,,,,,PARADISE JAM
233322031,2003-11-28,00:00,2004,regular,,final,Purdue Fort Wayne,Little Rock,2870,2031,70,64,,,Sun Belt,,,,,,BILLIKEN CLASSIC
233320331,2003-11-28,13:00,2004,regular,,final,Eastern Washington,Ball State,331,2050,60,64,,Big Sky,MAC,,,,,,LADY PIRATE INVITATIONAL
233322379,2003-11-28,13:00,2004,regular,,final,Maryland-Eastern Shore,Louisiana,2379,309,60,57,,MEAC,Sun Belt,,,,,,TERRAPIN CLASSIC
233320277,2003-11-28,13:30,2004,regular,,final,West Virginia,Georgia Tech,277,59,75,61,,Big East,ACC,,,,,,PARADISE JAM
233320135,2003-11-28,14:00,2004,regular,,final,Minnesota,Texas A&M,135,245,88,72,,Big Ten,Big 12,,,,,,JUNKANOO JAM
233322341,2003-11-28,14:00,2004,regular,,final,LIU Brooklyn,Southern Illinois,2341,79,64,48,,NEC,MVC,,,,,,BLACKBIRD CLASSIC
233320107,2003-11-28,15:00,2004,regular,,final,Holy Cross,UIC,107,82,87,85,,Patriot,Horizon,,,,,,
233320151,2003-11-28,15:00,2004,regular,,final,East Carolina,Cleveland State,151,325,65,55,,C-USA,Horizon,,,,,,LADY PIRATE INVITATIONAL
233320238,2003-11-28,15:00,2004,regular,,final,Vanderbilt,Samford,238,2535,67,50,,SEC,Southern,,,,,,VANDERBILT TOURNAMENT
233322261,2003-11-28,15:00,2004,regular,,final,Wisconsin,Hampton,275,2261,49,38,,Big Ten,MEAC,,,,,,COCONUT GROVE THANKSGIVING CLASS
233320120,2003-11-28,15:30,2004,regular,,final,Maryland,Sacred Heart,120,2529,90,49,,ACC,NEC,,,,,,TERRAPIN CLASSIC
233320256,2003-11-28,15:45,2004,regular,,final,James Madison,Missouri State,256,2623,64,82,,CAA,MVC,,,,,,PARADISE JAM
233322751,2003-11-28,16:00,2004,regular,,final,Wyoming,Southern Utah,2751,253,69,70,,Mountain West,WAC,,,,,,
233320005,2003-11-28,16:05,2004,regular,,final,UAB,Arkansas State,5,2032,77,84,,C-USA,Sun Belt,,,,,,BLACKBIRD CLASSIC
233320030,2003-11-28,16:20,2004,regular,,final,USC,Seton Hall,30,2550,70,59,,Pac-12,Big East,,,,,,JUNKANOO JAM
233320221,2003-11-28,16:30,2004,regular,,final,Pittsburgh,Central Connecticut,221,2115,75,59,,Big East,NEC,,,,,,
233320154,2003-11-28,17:00,2004,regular,,final,Wake Forest,Nicholls,154,2447,79,47,,ACC,,,,,,,GOLDEN KNIGHTS CLASSIC
233320163,2003-11-28,17:00,2004,regular,,final,Princeton,Louisville,163,97,61,68,,Ivy,C-USA,,,,,,VANDERBILT TOURNAMENT
233322086,2003-11-28,17:00,2004,regular,,final,Butler,Chattanooga,2086,236,79,73,,Horizon,Southern,,,,,,COCONUT GROVE THANKSGIVING CLASS
233322229,2003-11-28,17:00,2004,regular,,final,Florida International,Appalachian State,2229,2026,72,53,,Sun Belt,Southern,,,,,,FIU THANKSGIVING CLASSIC
233322393,2003-11-28,17:00,2004,regular,,final,Middle Tennessee,Manhattan,2393,2363,65,70,,Sun Belt,MAAC,,,,,,FAU CLASSIC
233322426,2003-11-28,17:30,2004,regular,,final,Navy,Texas,2426,251,46,97,,Patriot,Big 12,,,,,,RAINBOW WAHINE CLASSIC
233322599,2003-11-28,17:30,2004,regular,,final,St. John's,Howard,2599,47,89,57,,Big East,MEAC,,,,,,RHODE ISLAND CLASSIC
233320142,2003-11-28,18:00,2004,regular,,final,Missouri,Austin Peay,142,2046,78,43,,Big 12,ASUN,,,,,,ONEIDA HOLIDAY CLASSIC
233320189,2003-11-28,18:00,2004,regular,,final,Bowling Green,Southeast Missouri State,189,2546,70,60,,MAC,,,,,,,ISLANDER CLASSIC
233320259,2003-11-28,18:00,2004,regular,,final,Virginia Tech,Iowa State,259,66,67,57,,Big East,Big 12,,,,,,PARADISE JAM
233322172,2003-11-28,18:00,2004,regular,,final,Denver,Western Carolina,2172,2717,65,64,,Sun Belt,Southern,,,,,,UTSA CLASSIC
233322542,2003-11-28,18:00,2004,regular,,final,Savannah State,Florida A&M,2542,50,52,62,,,MEAC,,,,,,
233322641,2003-11-28,18:00,2004,regular,,final,Texas Tech,Michigan,2641,130,74,61,,Big 12,Big Ten,,,,,,SMU HOOPS FOR THE CURE CLASSIC
233320213,2003-11-28,18:40,2004,regular,,final,Penn State,George Washington,213,45,77,51,,Big Ten,A 10,,,,,,JUNKANOO JAM
233320103,2003-11-28,19:00,2004,regular,,final,Boston College,Alabama,103,333,77,56,,Big East,SEC,,,,,,ROCKY MOUNTAIN INVITATIONAL
233320127,2003-11-28,19:00,2004,regular,,final,Michigan State,Eastern Michigan,127,2199,79,62,,Big Ten,MAC,,,,,,
233320139,2003-11-28,19:00,2004,regular,,final,Saint Louis,Stony Brook,139,2619,71,62,,C-USA,Am. East,,,,,,BILLIKEN CLASSIC
233320218,2003-11-28,19:00,2004,regular,,final,Temple,East Tennessee State,218,2193,68,46,,A 10,Southern,,,,,,AT MCGONIGLE HALL
233320235,2003-11-28,19:00,2004,regular,,final,Memphis,Eastern Kentucky,235,2198,78,65,,C-USA,ASUN,,,,,,LADY TIGER CLASSIC
233320282,2003-11-28,19:00,2004,regular,,final,Indiana State,Wright State,282,2750,102,52,,MVC,Horizon,,,,,,
233320324,2003-11-28,19:00,2004,regular,,final,Coastal Carolina,Wofford,324,2747,65,55,,Big South,Southern,,,,,,
233322116,2003-11-28,19:00,2004,regular,,final,UCF,Purdue,2116,2509,52,87,,ASUN,Big Ten,,,,,,GOLDEN KNIGHTS CLASSIC
233322226,2003-11-28,19:00,2004,regular,,final,Florida Atlantic,Norfolk State,2226,2450,88,71,,ASUN,MEAC,,,,,,FAU CLASSIC
233322429,2003-11-28,19:00,2004,regular,,final,Charlotte,Chicago State,2429,2130,90,71,,C-USA,,,,,,,
233322534,2003-11-28,19:00,2004,regular,,final,Sam Houston,Jackson State,2534,2296,36,47,,WAC,SWAC,,,,,,BOBCAT CLASSIC
233322603,2003-11-28,19:00,2004,regular,,final,Saint Joseph's,Iowa,2603,2294,58,62,,A 10,Big Ten,,,,,,FIU THANKSGIVING CLASSIC
233320227,2003-11-28,19:30,2004,regular,,final,Rhode Island,William & Mary,227,2729,68,59,,A 10,CAA,,,,,,RHODE ISLAND CLASSIC
233320012,2003-11-28,19:40,2004,regular,,final,Arizona,Virginia,12,258,65,70,,Pac-12,ACC,,,,,,RAINBOW WAHINE CLASSIC
233320043,2003-11-28,20:00,2004,regular,,final,Yale,Oklahoma State,43,197,51,74,,Ivy,Big 12,,,,,,SEATTLE TIMES CLASSIC
233320098,2003-11-28,20:00,2004,regular,,final,Western Kentucky,Utah,98,254,55,84,,Sun Belt,Mountain West,,,,,,FRESNO STATE CLASSIC
233320204,2003-11-28,20:00,2004,regular,,final,Oregon State,Arkansas,204,8,50,58,,Pac-12,SEC,,,,,,LMU THANKSGIVING CLASSIC
233320222,2003-11-28,20:00,2004,regular,,final,Villanova,Elon,222,2210,66,45,,Big East,Southern,,,,,,MOUNTAIN VIEW INVITATIONAL
233320248,2003-11-28,20:00,2004,regular,,final,Houston,New Mexico State,248,166,59,39,,C-USA,Sun Belt,,,,,,HOUSTON CLASSIC
233320357,2003-11-28,20:00,2004,regular,,final,Texas A&M-Corpus Christi,Prairie View A&M,357,2504,88,37,,,SWAC,,,,,,ISLANDER CLASSIC
233322329,2003-11-28,20:00,2004,regular,,final,Lehigh,California,2329,25,47,66,,Patriot,Pac-12,,,,,,COORS CLASSIC
233322390,2003-11-28,20:00,2004,regular,,final,Miami,Weber State,2390,2692,82,60,,Big East,Big Sky,,,,,,HILTON CONCORD THANKSGIVING CLAS
233322492,2003-11-28,20:00,2004,regular,,final,Pepperdine,UC Riverside,2492,27,60,45,,WCC,Big West,,,,,,TURKEY SHOOTOUT
233322567,2003-11-28,20:00,2004,regular,,final,SMU,UT Arlington,2567,250,74,71,,WAC,WAC,,,,,,SMU HOOPS FOR THE CURE CLASSIC
233322636,2003-11-28,20:00,2004,regular,,final,UTSA,UTEP,2636,2638,52,49,,C-USA,WAC,,,,,,UTSA CLASSIC
233320344,2003-11-28,20:15,2004,regular,,final,Mississippi State,Indiana,344,84,70,67,,SEC,Big Ten,,,,,,PARADISE JAM
233322739,2003-11-28,20:30,2004,regular,,final,Green Bay,Centenary,2739,2113,97,48,,Horizon,,,,,,,ONEIDA HOLIDAY CLASSIC
233322306,2003-11-28,20:50,2004,regular,,final,Kansas State,Arizona State,2306,9,59,50,,Big 12,Pac-12,,,,,,JUNKANOO JAM
233320016,2003-11-28,21:00,2004,regular,,final,Sacramento State,NC State,16,152,42,69,,Big Sky,ACC,,,,,,OREGON CLASSIC
233320036,2003-11-28,21:00,2004,regular,,final,Colorado State,Long Beach State,36,299,67,49,,Mountain West,Big West,,,,,,ROCKY MOUNTAIN INVITATIONAL
233320145,2003-11-28,21:00,2004,regular,,final,Ole Miss,Nebraska,145,158,69,66,,SEC,Big 12,,,,,,LADY TIGER CLASSIC
233320326,2003-11-28,21:00,2004,regular,,final,Texas State,Montana State,326,147,70,85,,Sun Belt,Big Sky,,,,,,BOBCAT CLASSIC
233322184,2003-11-28,21:00,2004,regular,,final,Duquesne,Kentucky,2184,96,83,90,,A 10,SEC,,,,,,ODWALLA CLASSIC
233320062,2003-11-28,21:50,2004,regular,,final,Hawai'i,Hartford,62,42,76,79,,WAC,Am. East,,,,,,RAINBOW WAHINE CLASSIC
233320024,2003-11-28,22:00,2004,regular,,final,Stanford,Boston University,24,104,67,51,,Pac-12,Am. East,,,,,,
233320167,2003-11-28,22:00,2004,regular,,final,New Mexico,Youngstown State,167,2754,54,36,,Mountain West,Horizon,,,,,,MOUNTAIN VIEW INVITATIONAL
233320264,2003-11-28,22:00,2004,regular,,final,Washington,Gonzaga,264,2250,70,56,,Pac-12,WCC,,,,,,SEATTLE TIMES CLASSIC
233320278,2003-11-28,22:00,2004,regular,,final,Fresno State,UL Monroe,278,2433,88,56,,WAC,Sun Belt,,,,,,FRESNO STATE CLASSIC
233322351,2003-11-28,22:00,2004,regular,,final,Loyola Marymount,Providence,2351,2507,56,45,,WCC,Big East,,,,,,LMU THANKSGIVING CLASSIC
233322502,2003-11-28,22:00,2004,regular,,final,Portland State,Army,2502,349,55,69,,Big Sky,Patriot,,,,,,NORTH STAR INVITATIONAL
233322540,2003-11-28,22:00,2004,regular,,final,UC Santa Barbara,Illinois,2540,356,70,59,,Big West,Big Ten,,,,,,
233322541,2003-11-28,22:00,2004,regular,,final,Santa Clara,Georgia,2541,61,65,77,,WCC,SEC,,,,,,
233322608,2003-11-28,22:05,2004,regular,,final,Saint Mary's,Bradley,2608,71,57,64,,WCC,MVC,,,,,,HILTON CONCORD THANKSGIVING CLAS
233320038,2003-11-28,22:15,2004,regular,,final,Colorado,Idaho State,38,304,95,65,,Big 12,Big Sky,,,,,,COORS CLASSIC
233322561,2003-11-28,22:15,2004,regular,,final,Siena,Oklahoma,2561,201,70,85,,MAAC,Big 12,,,,,,TURKEY SHOOTOUT
233322483,2003-11-28,23:00,2004,regular,,final,Oregon,Kansas,2483,2305,54,51,,Pac-12,Big 12,,,,,,OREGON CLASSIC
233322539,2003-11-28,23:00,2004,regular,,final,San Francisco,Davidson,2539,2166,58,41,,WCC,Southern,,,,,,ODWALLA CLASSIC
233320149,2003-11-29,00:00,2004,regular,,final,Montana,Syracuse,149,183,65,55,,Big Sky,Big East,,,,,,RAINBOW WAHINE CLASSIC
233320298,2003-11-29,00:00,2004,regular,,final,Alaska,Morgan State,298,2415,73,52,,,MEAC,,,,,,NORTH STAR INVITATIONAL
233330198,2003-11-29,00:00,2004,regular,,final,Oral Roberts,Bacone College,198,487,119,29,,,,,,,,,
233330325,2003-11-29,11:00,2004,regular,,final,Cleveland State,Eastern Washington,325,331,66,69,,Horizon,Big Sky,,,,,,LADY PIRATE INVITATIONAL
233332529,2003-11-29,12:30,2004,regular,,final,Sacred Heart,Louisiana,2529,309,75,60,,NEC,Sun Belt,,,,,,TERRAPIN CLASSIC
233330002,2003-11-29,13:00,2004,regular,,final,Auburn,Creighton,2,156,79,72,,SEC,MVC,,,,,,DUKE CLASSIC
233330005,2003-11-29,13:00,2004,regular,,final,UAB,Southern Illinois,5,79,85,72,,C-USA,MVC,,,,,,BLACKBIRD CLASSIC
233330160,2003-11-29,13:00,2004,regular,,final,New Hampshire,Georgetown,160,46,60,61,,Am. East,Big East,,,,,,
233330166,2003-11-29,13:00,2004,regular,,final,New Mexico State,Alcorn State,166,2016,68,59,,Sun Belt,SWAC,,,,,,HOUSTON CLASSIC
233332066,2003-11-29,13:00,2004,regular,,final,Binghamton,Hofstra,2066,2275,64,44,,Am. East,CAA,,,,,,TIME WARNER CLASSIC
233332443,2003-11-29,13:00,2004,regular,,final,New Orleans,Air Force,2443,2005,79,59,,Sun Belt,Mountain West,,,,,,
233332473,2003-11-29,13:00,2004,regular,,final,Oakland,Marquette,2473,269,49,73,,Horizon,C-USA,,,,,,DEAD RIVER CLASSIC
233330093,2003-11-29,13:30,2004,regular,,final,Murray State,Arkansas-Pine Bluff,93,2029,82,53,,MVC,SWAC,,,,,,
233330256,2003-11-29,13:30,2004,regular,,final,James Madison,West Virginia,256,277,63,89,,CAA,Big East,,,,,,PARADISE JAM
233330009,2003-11-29,14:00,2004,regular,,final,Arizona State,George Washington,9,45,45,58,,Pac-12,A 10,,,,,,JUNKANOO JAM
233330163,2003-11-29,14:00,2004,regular,,final,Princeton,Samford,163,2535,84,58,,Ivy,Southern,,,,,,VANDERBILT TOURNAMENT
233330232,2003-11-29,14:00,2004,regular,,final,Charleston,South Carolina State,232,2569,47,72,,Southern,MEAC,,,,,,
233332097,2003-11-29,14:00,2004,regular,,final,Campbell,North Carolina A&T,2097,2448,54,52,,ASUN,MEAC,,,,,,
233332127,2003-11-29,14:00,2004,regular,,final,Charleston Southern,Jacksonville,2127,294,80,61,,Big South,ASUN,,,,,,
233332168,2003-11-29,14:00,2004,regular,,final,Dayton,Drake,2168,2181,46,54,,A 10,MVC,,,,,,
233332520,2003-11-29,14:00,2004,regular,,final,Rider,Delaware State,2520,2169,56,53,,MAAC,MEAC,,,,,,
233330120,2003-11-29,15:00,2004,regular,,final,Maryland,Maryland-Eastern Shore,120,2379,97,65,,ACC,MEAC,,,,,,TERRAPIN CLASSIC
233330150,2003-11-29,15:00,2004,regular,,final,Duke,Stephen F. Austin,150,2617,119,53,,ACC,WAC,,,,,,DUKE CLASSIC
233330154,2003-11-29,15:00,2004,regular,,final,Wake Forest,Purdue,154,2509,57,76,,ACC,Big Ten,,,,,,GOLDEN KNIGHTS CLASSIC
233330195,2003-11-29,15:00,2004,regular,,final,Ohio,Detroit Mercy,195,2174,44,47,,MAC,Horizon,,,,,,
233330236,2003-11-29,15:00,2004,regular,,final,Chattanooga,Hampton,236,2261,88,57,,Southern,MEAC,,,,,,COCONUT GROVE THANKSGIVING CLASS
233330249,2003-11-29,15:00,2004,regular,,final,North Texas,Canisius,249,2099,81,79,,Sun Belt,MAAC,,,,,,TIME WARNER CLASSIC
233330311,2003-11-29,15:00,2004,regular,,final,Maine,Columbia,311,171,67,56,,Am. East,Ivy,,,,,,DEAD RIVER CLASSIC
233332217,2003-11-29,15:00,2004,regular,,final,Fairfield,UMass,2217,113,43,42,,MAAC,A 10,,,,,,COCA-COLA CLASSIC
233332724,2003-11-29,15:00,2004,regular,,final,Wichita State,Toledo,2724,2649,72,58,,MVC,MAC,,,,,,
233332197,2003-11-29,15:05,2004,regular,,final,Eastern Illinois,Loyola Chicago,2197,2350,61,73,,,Horizon,,,,,,
233332341,2003-11-29,15:05,2004,regular,,final,LIU Brooklyn,Arkansas State,2341,2032,64,65,,NEC,Sun Belt,,,,,,BLACKBIRD CLASSIC
233332459,2003-11-29,15:05,2004,regular,,final,Northern Illinois,Western Illinois,2459,2710,56,61,,MAC,,,,,,,
233330059,2003-11-29,15:45,2004,regular,,final,Georgia Tech,Missouri State,59,2623,78,71,,ACC,MVC,,,,,,PARADISE JAM
233330062,2003-11-29,16:00,2004,regular,,final,Hawai'i,Syracuse,62,183,72,63,,WAC,Big East,,,,,,RAINBOW WAHINE CLASSIC
233330238,2003-11-29,16:00,2004,regular,,final,Vanderbilt,Louisville,238,97,73,68,,SEC,C-USA,,,,,,VANDERBILT TOURNAMENT
233330252,2003-11-29,16:00,2004,regular,,final,BYU,TCU,252,2628,74,79,,Mountain West,C-USA,,,,,,
233332113,2003-11-29,16:00,2004,regular,,final,Centenary,Austin Peay,2113,2046,60,72,,,ASUN,,,,,,ONEIDA HOLIDAY CLASSIC
233330213,2003-11-29,16:20,2004,regular,,final,Penn State,Kansas State,213,2306,69,56,,Big Ten,Big 12,,,,,,JUNKANOO JAM
233330085,2003-11-29,16:30,2004,regular,,final,IUPUI,Marian,85,2366,71,51,,Horizon,,,,,,,
233330006,2003-11-29,17:00,2004,regular,,final,South Alabama,Belmont,6,2057,65,52,,Sun Belt,ASUN,,,,,,
233330147,2003-11-29,17:00,2004,regular,,final,Montana State,Sam Houston,147,2534,75,70,,Big Sky,WAC,,,,,,BOBCAT CLASSIC
233330153,2003-11-29,17:00,2004,regular,,final,North Carolina,UMBC,153,2378,76,34,,ACC,Am. East,,,,,,
233330225,2003-11-29,17:00,2004,regular,,final,Brown,Delaware,225,48,47,60,,Ivy,CAA,,,,,,COCA-COLA CLASSIC
233330257,2003-11-29,17:00,2004,regular,,final,Richmond,Georgia Southern,257,290,59,48,,A 10,Southern,,,,,,LADY REBEL SHOOTOUT
233330275,2003-11-29,17:00,2004,regular,,final,Wisconsin,Butler,275,2086,61,46,,Big Ten,Horizon,,,,,,COCONUT GROVE THANKSGIVING CLASS
233332116,2003-11-29,17:00,2004,regular,,final,UCF,Nicholls,2116,2447,85,49,,ASUN,,,,,,,GOLDEN KNIGHTS CLASSIC
233332393,2003-11-29,17:00,2004,regular,,final,Middle Tennessee,Norfolk State,2393,2450,80,58,,Sun Belt,MEAC,,,,,,FAU CLASSIC
233332466,2003-11-29,17:00,2004,regular,,final,Northwestern State,Texas A&M-Commerce,2466,2837,84,58,,,,,,,,,
233332603,2003-11-29,17:00,2004,regular,,final,Saint Joseph's,Appalachian State,2603,2026,77,65,,A 10,Southern,,,,,,FIU THANKSGIVING CLASSIC
233332717,2003-11-29,17:00,2004,regular,,final,Western Carolina,UTEP,2717,2638,66,74,,Southern,WAC,,,,,,UTSA CLASSIC
233332655,2003-11-29,17:30,2004,regular,,final,Tulane,George Mason,2655,2244,60,61,,C-USA,CAA,,,,,,
233332729,2003-11-29,17:30,2004,regular,,final,William & Mary,Howard,2729,47,88,79,,CAA,MEAC,,,,,,RHODE ISLAND CLASSIC
233330084,2003-11-29,18:00,2004,regular,,final,Indiana,Iowa State,84,66,59,75,,Big Ten,Big 12,,,,,,PARADISE JAM
233330130,2003-11-29,18:00,2004,regular,,final,Michigan,UT Arlington,130,250,68,51,,Big Ten,WAC,,,,,,SMU HOOPS FOR THE CURE CLASSIC
233330140,2003-11-29,18:00,2004,regular,,final,Kansas City,Monmouth,140,2405,76,52,,,NEC,,,,,,USF ROUNDBALL CLASSIC
233330151,2003-11-29,18:00,2004,regular,,final,East Carolina,Ball State,151,2050,78,81,,C-USA,MAC,,,,,,LADY PIRATE INVITATIONAL
233330158,2003-11-29,18:00,2004,regular,,final,Nebraska,Eastern Kentucky,158,2198,78,75,,Big 12,ASUN,,,,,,LADY TIGER CLASSIC
233330204,2003-11-29,18:00,2004,regular,,final,Oregon State,Providence,204,2507,60,50,,Pac-12,Big East,,,,,,LMU THANKSGIVING CLASSIC
233330292,2003-11-29,18:00,2004,regular,,final,UT Rio Grande Valley,St. Edwards,292,244,79,42,,,,,,,,,
233332335,2003-11-29,18:00,2004,regular,,final,Liberty,Harvard,2335,108,73,75,,Big South,Ivy,,,,,,SEMINOLE CLASSIC
233332546,2003-11-29,18:00,2004,regular,,final,Southeast Missouri State,Prairie View A&M,2546,2504,85,38,,,SWAC,,,,,,ISLANDER CLASSIC
233332579,2003-11-29,18:00,2004,regular,,final,South Carolina,Florida A&M,2579,50,96,66,,SEC,MEAC,,,,,,
233332739,2003-11-29,18:00,2004,regular,,final,Green Bay,Missouri,2739,142,74,66,,Horizon,Big 12,,,,,,ONEIDA HOLIDAY CLASSIC
233330012,2003-11-29,18:10,2004,regular,,final,Arizona,Navy,12,2426,67,61,,Pac-12,Patriot,,,,,,RAINBOW WAHINE CLASSIC
233330245,2003-11-29,18:40,2004,regular,,final,Texas A&M,Seton Hall,245,2550,54,52,,Big 12,Big East,,,,,,JUNKANOO JAM
233330299,2003-11-29,19:00,2004,regular,,final,Long Beach State,Alabama,299,333,66,84,,Big West,SEC,,,,,,ROCKY MOUNTAIN INVITATIONAL
233330326,2003-11-29,19:00,2004,regular,,final,Texas State,Jackson State,326,2296,50,65,,Sun Belt,SWAC,,,,,,BOBCAT CLASSIC
233332226,2003-11-29,19:00,2004,regular,,final,Florida Atlantic,Manhattan,2226,2363,70,75,,ASUN,MAAC,,,,,,FAU CLASSIC
233332229,2003-11-29,19:00,2004,regular,,final,Florida International,Iowa,2229,2294,86,93,,Sun Belt,Big Ten,,,,,,FIU THANKSGIVING CLASSIC
233332272,2003-11-29,19:00,2004,regular,,final,High Point,Tusculum,2272,2839,73,57,,Big South,,,,,,,
233332523,2003-11-29,19:00,2004,regular,,final,Robert Morris,Seton Hill College,2523,611,72,36,,NEC,,,,,,,
233332612,2003-11-29,19:00,2004,regular,,final,Saint Peter's,Lafayette,2612,322,73,50,,MAAC,Patriot,,,,,,
233332636,2003-11-29,19:00,2004,regular,,final,UTSA,Denver,2636,2172,55,58,,C-USA,Sun Belt,,,,,,UTSA CLASSIC
233332870,2003-11-29,19:00,2004,regular,,final,Purdue Fort Wayne,Stony Brook,2870,2619,66,83,,,Am. East,,,,,,BILLIKEN CLASSIC
233330227,2003-11-29,19:30,2004,regular,,final,Rhode Island,St. John's,227,2599,80,64,,A 10,Big East,,,,,,RHODE ISLAND CLASSIC
233330314,2003-11-29,19:30,2004,regular,,final,Iona,Wagner,314,2681,77,93,,MAAC,NEC,,,,,,
233332439,2003-11-29,19:30,2004,regular,,final,UNLV,San Diego,2439,301,78,64,,Mountain West,WCC,,,,,,LADY REBEL SHOOTOUT
233330027,2003-11-29,20:00,2004,regular,,final,UC Riverside,Siena,27,2561,58,85,,Big West,MAAC,,,,,,TURKEY SHOOTOUT
233330052,2003-11-29,20:00,2004,regular,,final,Florida State,Milwaukee,52,270,72,70,,ACC,Horizon,,,,,,SEMINOLE CLASSIC
233330058,2003-11-29,20:00,2004,regular,,final,South Florida,Akron,58,2006,81,43,,C-USA,MAC,,,,,,USF ROUNDBALL CLASSIC
233330098,2003-11-29,20:00,2004,regular,,final,Western Kentucky,UL Monroe,98,2433,62,45,,Sun Belt,Sun Belt,,,,,,FRESNO STATE CLASSIC
233330235,2003-11-29,20:00,2004,regular,,final,Memphis,Ole Miss,235,145,69,63,,C-USA,SEC,,,,,,LADY TIGER CLASSIC
233330242,2003-11-29,20:00,2004,regular,,final,Rice,LSU,242,99,51,73,,WAC,SEC,,,,,,
233330357,2003-11-29,20:00,2004,regular,,final,Texas A&M-Corpus Christi,Bowling Green,357,189,68,59,,,MAC,,,,,,ISLANDER CLASSIC
233332250,2003-11-29,20:00,2004,regular,,final,Gonzaga,Yale,2250,43,69,48,,WCC,Ivy,,,,,,SEATTLE TIMES CLASSIC
233332329,2003-11-29,20:00,2004,regular,,final,Lehigh,Idaho State,2329,304,52,95,,Patriot,Big Sky,,,,,,COORS CLASSIC
233332351,2003-11-29,20:00,2004,regular,,final,Loyola Marymount,Arkansas,2351,8,64,58,,WCC,SEC,,,,,,LMU THANKSGIVING CLASSIC
233332390,2003-11-29,20:00,2004,regular,,final,Miami,Bradley,2390,71,70,52,,Big East,MVC,,,,,,HILTON CONCORD THANKSGIVING CLAS
233332567,2003-11-29,20:00,2004,regular,,final,SMU,Texas Tech,2567,2641,37,77,,WAC,Big 12,,,,,,SMU HOOPS FOR THE CURE CLASSIC
233332572,2003-11-29,20:00,2004,regular,,final,Southern Miss,McNeese,2572,2377,68,43,,C-USA,,,,,,,
233332754,2003-11-29,20:00,2004,regular,,final,Youngstown State,Elon,2754,2210,58,63,,Horizon,Southern,,,,,,MOUNTAIN VIEW INVITATIONAL
233330344,2003-11-29,20:15,2004,regular,,final,Mississippi State,Virginia Tech,344,259,56,63,,SEC,Big East,,,,,,PARADISE JAM
233330149,2003-11-29,20:20,2004,regular,,final,Montana,Hartford,149,42,70,49,,Big Sky,Am. East,,,,,,RAINBOW WAHINE CLASSIC
233330135,2003-11-29,20:50,2004,regular,,final,Minnesota,USC,135,30,84,61,,Big Ten,Pac-12,,,,,,JUNKANOO JAM
233330016,2003-11-29,21:00,2004,regular,,final,Sacramento State,Kansas,16,2305,64,70,,Big Sky,Big 12,,,,,,OREGON CLASSIC
233330036,2003-11-29,21:00,2004,regular,,final,Colorado State,Boston College,36,103,61,75,,Mountain West,Big East,,,,,,ROCKY MOUNTAIN INVITATIONAL
233330139,2003-11-29,21:00,2004,regular,,final,Saint Louis,Little Rock,139,2031,72,67,,C-USA,Sun Belt,,,,,,BILLIKEN CLASSIC
233330239,2003-11-29,21:00,2004,regular,,final,Baylor,Washington State,239,265,76,39,,Big 12,Pac-12,,,,,,
233332166,2003-11-29,21:00,2004,regular,,final,Davidson,Duquesne,2166,2184,70,59,,Southern,A 10,,,,,,ODWALLA CLASSIC
233330167,2003-11-29,22:00,2004,regular,,final,New Mexico,Villanova,167,222,57,70,,Mountain West,Big East,,,,,,MOUNTAIN VIEW INVITATIONAL
233330264,2003-11-29,22:00,2004,regular,,final,Washington,Oklahoma State,264,197,89,65,,Pac-12,Big 12,,,,,,SEATTLE TIMES CLASSIC
233330278,2003-11-29,22:00,2004,regular,,final,Fresno State,Utah,278,254,53,66,,WAC,Mountain West,,,,,,FRESNO STATE CLASSIC
233332440,2003-11-29,22:00,2004,regular,,final,Nevada,Northern Arizona,2440,2464,44,60,,WAC,Big Sky,,,,,,
233332502,2003-11-29,22:00,2004,regular,,final,Portland State,Morgan State,2502,2415,74,55,,Big Sky,MEAC,,,,,,NORTH STAR INVITATIONAL
233332608,2003-11-29,22:00,2004,regular,,final,Saint Mary's,Weber State,2608,2692,55,44,,WCC,Big Sky,,,,,,HILTON CONCORD THANKSGIVING CLAS
233330038,2003-11-29,22:15,2004,regular,,final,Colorado,California,38,25,74,63,,Big 12,Pac-12,,,,,,COORS CLASSIC
233332492,2003-11-29,22:15,2004,regular,,final,Pepperdine,Oklahoma,2492,201,77,95,,WCC,Big 12,,,,,,TURKEY SHOOTOUT
233330258,2003-11-29,22:30,2004,regular,,final,Virginia,Texas,258,251,54,74,,ACC,Big 12,,,,,,RAINBOW WAHINE CLASSIC
233332539,2003-11-29,23:00,2004,regular,,final,San Francisco,Kentucky,2539,96,67,59,,WCC,SEC,,,,,,ODWALLA CLASSIC
233332483,2003-11-29,23:30,2004,regular,,final,Oregon,NC State,2483,152,83,78,,Pac-12,ACC,,,,,,OREGON CLASSIC
233330298,2003-11-30,00:00,2004,regular,,final,Alaska,Army,298,349,52,77,,,Patriot,,,,,,NORTH STAR INVITATIONAL
233340179,2003-11-30,12:00,2004,regular,,final,St. Bonaventure,St. Francis (PA),179,2598,77,84,,A 10,NEC,,,,,,
233342006,2003-11-30,12:00,2004,regular,,final,Akron,Monmouth,2006,2405,40,57,,MAC,NEC,,,,,,USF ROUNDBALL CLASSIC
233340111,2003-11-30,13:00,2004,regular,,final,Northeastern,Quinnipiac,111,2514,74,49,,Am. East,NEC,,,,,,
233340156,2003-11-30,13:00,2004,regular,,final,Creighton,Stephen F. Austin,156,2617,91,64,,MVC,WAC,,,,,,DUKE CLASSIC
233340225,2003-11-30,13:00,2004,regular,,final,Brown,UMass,225,113,52,55,,Ivy,A 10,,,,,,COCA-COLA CLASSIC
233340261,2003-11-30,13:00,2004,regular,,final,Vermont,Colgate,261,2142,85,75,,Am. East,Patriot,,,,,,
233340295,2003-11-30,13:00,2004,regular,,final,Old Dominion,Charlotte,295,2429,75,61,,CAA,C-USA,,,,,,
233340399,2003-11-30,13:00,2004,regular,,final,Albany,Fairleigh Dickinson,399,161,59,66,,Am. East,NEC,,,,,,
233342117,2003-11-30,13:00,2004,regular,,final,Central Michigan,Valparaiso,2117,2674,46,66,,MAC,MVC,,,,,,
233342182,2003-11-30,13:00,2004,regular,,final,Drexel,La Salle,2182,2325,69,70,,CAA,A 10,,,,,,
233342275,2003-11-30,13:00,2004,regular,,final,Hofstra,Canisius,2275,2099,74,78,,CAA,MAAC,,,,,,TIME WARNER CLASSIC
233342427,2003-11-30,13:00,2004,regular,,final,UNC Asheville,Tennessee State,2427,2634,59,47,,Big South,,,,,,,AT CIVIC CENTER
233342473,2003-11-30,13:00,2004,regular,,final,Oakland,Columbia,2473,171,64,59,,Horizon,Ivy,,,,,,DEAD RIVER CLASSIC
233342752,2003-11-30,13:30,2004,regular,,final,Xavier,Cincinnati,2752,2132,41,52,,A 10,C-USA,,,,,,
233340041,2003-11-30,14:00,2004,regular,,final,UConn,Holy Cross,41,107,76,42,,Big East,Patriot,,,,,,AT HARTFORD CT
233340058,2003-11-30,14:00,2004,regular,,final,South Florida,Kansas City,58,140,73,53,,C-USA,,,,,,,USF ROUNDBALL CLASSIC
233340228,2003-11-30,14:00,2004,regular,,final,Clemson,Rutgers,228,164,69,64,,ACC,Big East,,,,,,
233340270,2003-11-30,14:00,2004,regular,,final,Milwaukee,Liberty,270,2335,65,56,,Horizon,Big South,,,,,,SEMINOLE CLASSIC
233342083,2003-11-30,14:00,2004,regular,,final,Bucknell,Coppin State,2083,2154,69,64,,Patriot,MEAC,,,,,,
233342352,2003-11-30,14:00,2004,regular,,final,Loyola Maryland,American University,2352,44,64,59,,MAAC,Patriot,,,,,,
233342737,2003-11-30,14:00,2004,regular,,final,Winthrop,Chicago State,2737,2130,70,71,,Big South,,,,,,,
233340150,2003-11-30,15:00,2004,regular,,final,Duke,Auburn,150,2,66,57,,ACC,SEC,,,,,,DUKE CLASSIC
233340248,2003-11-30,15:00,2004,regular,,final,Houston,Alcorn State,248,2016,85,40,,C-USA,SWAC,,,,,,HOUSTON CLASSIC
233340311,2003-11-30,15:00,2004,regular,,final,Maine,Marquette,311,269,49,57,,Am. East,C-USA,,,,,,DEAD RIVER CLASSIC
233342066,2003-11-30,15:00,2004,regular,,final,Binghamton,North Texas,2066,249,59,57,,Am. East,Sun Belt,,,,,,TIME WARNER CLASSIC
233342217,2003-11-30,15:00,2004,regular,,final,Fairfield,Delaware,2217,48,51,61,,MAAC,CAA,,,,,,COCA-COLA CLASSIC
233342633,2003-11-30,15:00,2004,regular,,final,Tennessee,Notre Dame,2633,87,83,59,,SEC,Big East,,,,,,
233342635,2003-11-30,15:00,2004,regular,,final,Tennessee Tech,Evansville,2635,339,77,83,,,MVC,,,,,,
233342287,2003-11-30,15:05,2004,regular,,final,Illinois State,Western Michigan,2287,2711,57,79,,MVC,MAC,,,,,,
233340026,2003-11-30,16:00,2004,regular,,final,UCLA,Illinois,26,356,68,56,,Pac-12,Big Ten,,,,,,
233340052,2003-11-30,16:00,2004,regular,,final,Florida State,Harvard,52,108,96,82,,ACC,Ivy,,,,,,SEMINOLE CLASSIC
233340183,2003-11-30,16:00,2004,regular,,final,Syracuse,Navy,183,2426,60,46,,Big East,Patriot,,,,,,RAINBOW WAHINE CLASSIC
233340024,2003-11-30,17:00,2004,regular,,final,Stanford,Georgia,24,61,61,59,,Pac-12,SEC,,,,,,
233340070,2003-11-30,17:00,2004,regular,,final,Idaho,Portland,70,2501,75,65,,Big West,WCC,,,,,,AT KENNEWICK WA
233340290,2003-11-30,17:00,2004,regular,,final,Georgia Southern,San Diego,290,301,71,55,,Southern,WCC,,,,,,LADY REBEL SHOOTOUT
233340062,2003-11-30,18:10,2004,regular,,final,Hawai'i,Arizona,62,12,57,66,,WAC,Pac-12,,,,,,RAINBOW WAHINE CLASSIC
233342542,2003-11-30,19:00,2004,regular,,final,Savannah State,Birmingham-Southern,2542,3,53,61,,,Big South,,,,,,
233342439,2003-11-30,19:30,2004,regular,,final,UNLV,Richmond,2439,257,77,67,,Mountain West,A 10,,,,,,LADY REBEL SHOOTOUT
233340258,2003-11-30,20:20,2004,regular,,final,Virginia,Hartford,258,42,63,74,,ACC,Am. East,,,,,,RAINBOW WAHINE CLASSIC
233340251,2003-11-30,22:30,2004,regular,,final,Texas,Montana,251,149,85,46,,Big 12,Big Sky,,,,,,RAINBOW WAHINE CLASSIC
233350145,2003-12-01,12:00,2004,regular,,final,Ole Miss,McNeese,145,2377,85,72,,SEC,,,,,,,
233352247,2003-12-01,18:00,2004,regular,,final,Georgia State,Mercer,2247,2382,63,56,,ASUN,ASUN,,,,,,THE ARENA AT GWINNETT CENTER
233352400,2003-12-01,18:30,2004,regular,,final,Mississippi Valley State,Delta State,2400,2170,46,56,,SWAC,,,,,,,
233350116,2003-12-01,19:00,2004,regular,,final,Mount St. Mary's,Rider,116,2520,74,66,,NEC,MAAC,,,,,,
233350194,2003-12-01,19:00,2004,regular,,final,Ohio State,IUPUI,194,85,96,48,,Big Ten,Horizon,,,,,,
233350219,2003-12-01,19:00,2004,regular,,final,Pennsylvania,Marist,219,2368,86,78,,Ivy,MAAC,,,,,,
233350231,2003-12-01,19:00,2004,regular,,final,Furman,East Tennessee State,231,2193,83,58,,Southern,Southern,,,,,,
233352127,2003-12-01,19:00,2004,regular,,final,Charleston Southern,UNC Wilmington,2127,350,57,73,,Big South,CAA,,,,,,
233352750,2003-12-01,19:00,2004,regular,,final,Wright State,Eastern Kentucky,2750,2198,69,74,,Horizon,ASUN,,,,,,
233350077,2003-12-01,20:00,2004,regular,,final,Northwestern,DePaul,77,305,57,82,,Big Ten,C-USA,,,,,,
233350202,2003-12-01,20:00,2004,regular,,final,Tulsa,Oral Roberts,202,198,67,60,,WAC,,,,,,,
233350239,2003-12-01,20:00,2004,regular,,final,Baylor,Pacific,239,279,88,51,,Big 12,Big West,,,,,,
233350275,2003-12-01,20:00,2004,regular,,final,Wisconsin,Western Illinois,275,2710,58,64,,Big Ten,,,,,,,
233350326,2003-12-01,20:00,2004,regular,,final,Texas State,Rice,326,242,63,78,,Sun Belt,WAC,,,,,,
233350357,2003-12-01,20:00,2004,regular,,final,Texas A&M-Corpus Christi,Grambling,357,2755,88,48,,,SWAC,,,,,,
233352320,2003-12-01,20:00,2004,regular,,final,Lamar,St. Edwards,2320,244,56,53,,,,,,,,,
233352545,2003-12-01,20:00,2004,regular,,final,SE Louisiana,William Carey,2545,2730,73,65,,,,,,,,,
233352572,2003-12-01,20:00,2004,regular,,final,Southern Miss,Gardner-Webb,2572,2241,48,44,,C-USA,ASUN,,,,,,
233352641,2003-12-01,20:00,2004,regular,,final,Texas Tech,California,2641,25,76,69,,Big 12,Pac-12,,,,,,
233352032,2003-12-01,20:05,2004,regular,,final,Arkansas State,Murray State,2032,93,84,79,,Sun Belt,MVC,,,,,,
233352239,2003-12-01,22:00,2004,regular,,final,Cal State Fullerton,San Diego State,2239,21,50,73,,Big West,Mountain West,,,,,,
233350016,2003-12-01,22:05,2004,regular,,final,Sacramento State,Santa Clara,16,2541,69,79,,Big Sky,WCC,,,,,,
233362390,2003-12-02,17:00,2004,regular,,final,Miami,Florida International,2390,2229,78,58,,Big East,Sun Belt,,,,,,
233362515,2003-12-02,17:00,2004,regular,,final,Radford,Southern Virginia,2515,2896,93,49,,Big South,,,,,,,
233362523,2003-12-02,17:00,2004,regular,,final,Robert Morris,Towson,2523,119,53,73,,NEC,CAA,,,,,,
233362113,2003-12-02,18:00,2004,regular,,final,Centenary,Northwestern State,2113,2466,70,76,,,,,,,,,
233362197,2003-12-02,18:15,2004,regular,,final,Eastern Illinois,Robert Morris Col.,2197,599,84,70,,,,,,,,,
233360056,2003-12-02,19:00,2004,regular,,final,Stetson,South Carolina,56,2579,66,94,,ASUN,SEC,,,,,,
233360058,2003-12-02,19:00,2004,regular,,final,South Florida,Florida,58,57,55,70,,C-USA,SEC,,,,,,
233360059,2003-12-02,19:00,2004,regular,,final,Georgia Tech,Davidson,59,2166,60,54,,ACC,Southern,,,,,,
233360159,2003-12-02,19:00,2004,regular,,final,Dartmouth,Providence,159,2507,64,57,,Ivy,Big East,,,,,,
233360171,2003-12-02,19:00,2004,regular,,final,Columbia,LIU Brooklyn,171,2341,66,62,,Ivy,NEC,,,,,,
233360225,2003-12-02,19:00,2004,regular,,final,Brown,Rhode Island,225,227,59,64,,Ivy,A 10,,,,,,
233360276,2003-12-02,19:00,2004,regular,,final,Marshall,Wake Forest,276,154,60,49,,MAC,ACC,,,,,,
233360315,2003-12-02,19:00,2004,regular,,final,Niagara,Cleveland State,315,325,91,76,,MAAC,Horizon,,,,,,
233362050,2003-12-02,19:00,2004,regular,,final,Ball State,Illinois State,2050,2287,87,64,,MAC,MVC,,,,,,
233362116,2003-12-02,19:00,2004,regular,,final,UCF,Florida State,2116,52,59,72,,ASUN,ACC,,,,,,
233362413,2003-12-02,19:00,2004,regular,,final,Morehead State,Ohio,2413,195,69,74,,,MAC,,,,,,
233362542,2003-12-02,19:00,2004,regular,,final,Savannah State,Bethune-Cookman,2542,2065,69,60,,,MEAC,,,,,,
233362610,2003-12-02,19:00,2004,regular,,final,St. Mary's (TX),Grambling,2610,2755,68,59,,,SWAC,,,,,,
233360253,2003-12-02,19:15,2004,regular,,final,Southern Utah,Idaho State,253,304,65,98,,WAC,Big Sky,,,,,,
233360041,2003-12-02,19:30,2004,regular,,final,UConn,Siena,41,2561,69,45,,Big East,MAAC,,,,,,
233362006,2003-12-02,19:30,2004,regular,,final,Akron,Purdue Fort Wayne,2006,2870,54,55,,MAC,,,,,,,
233362612,2003-12-02,19:30,2004,regular,,final,Saint Peter's,Drexel,2612,2182,67,77,,MAAC,CAA,,,,,,
233360099,2003-12-02,20:00,2004,regular,,final,LSU,Rutgers,99,164,78,68,,SEC,Big East,,,,,,
233360197,2003-12-02,20:00,2004,regular,,final,Oklahoma State,Michigan State,197,127,62,60,,Big 12,Big Ten,,,,,,
233360270,2003-12-02,20:00,2004,regular,,final,Milwaukee,Northern Iowa,270,2460,67,40,,Horizon,MVC,,,,,,
233360333,2003-12-02,20:00,2004,regular,,final,Alabama,Jacksonville State,333,55,81,52,,SEC,ASUN,,,,,,
233362010,2003-12-02,20:00,2004,regular,,final,Alabama A&M,Belmont,2010,2057,60,57,,SWAC,ASUN,,,,,,
233362306,2003-12-02,20:00,2004,regular,,final,Kansas State,Northern Illinois,2306,2459,60,41,,Big 12,MAC,,,,,,
233362348,2003-12-02,20:00,2004,regular,,final,Louisiana Tech,Tulane,2348,2655,96,37,,WAC,C-USA,,,,,,
233362350,2003-12-02,20:00,2004,regular,,final,Loyola Chicago,Saint Louis,2350,139,63,68,,Horizon,C-USA,,,,,,
233362447,2003-12-02,20:00,2004,regular,,final,Nicholls,Samford,2447,2535,47,57,,,Southern,,,,,,
233362628,2003-12-02,20:00,2004,regular,,final,TCU,UT Arlington,2628,250,73,43,,C-USA,WAC,,,,,,
233362142,2003-12-02,20:15,2004,regular,,final,Colgate,Cornell,2142,172,77,63,,Patriot,Ivy,,,,,,
233360167,2003-12-02,21:00,2004,regular,,final,New Mexico,Texas Southern,167,2640,103,41,,Mountain West,SWAC,,,,,,
233360254,2003-12-02,21:00,2004,regular,,final,Utah,Saint Mary's,254,2608,69,40,,Mountain West,WCC,,,,,,
233360147,2003-12-02,21:05,2004,regular,,final,Montana State,Montana Tech,147,148,91,45,,Big Sky,,,,,,,
233360023,2003-12-02,22:00,2004,regular,,final,San José State,San Francisco,23,2539,66,53,,WAC,WCC,,,,,,
233360300,2003-12-02,22:00,2004,regular,,final,UC Irvine,San Diego State,300,21,40,51,,Big West,Mountain West,,,,,,
233362440,2003-12-02,22:00,2004,regular,,final,Nevada,BYU,2440,252,53,63,,WAC,Mountain West,,,,,,
233362501,2003-12-02,22:00,2004,regular,,final,Portland,Western Oregon,2501,2848,58,41,,WCC,,,,,,,
233360299,2003-12-02,22:30,2004,regular,,final,Long Beach State,Loyola Marymount,299,2351,53,66,,Big West,WCC,,,,,,
233372084,2003-12-03,11:00,2004,regular,,final,Buffalo,Youngstown State,2084,2754,68,58,,MAC,Horizon,,,,,,
233372168,2003-12-03,17:00,2004,regular,,final,Dayton,Toledo,2168,2649,65,73,,A 10,MAC,,,,,,
233372026,2003-12-03,17:15,2004,regular,,final,Appalachian State,High Point,2026,2272,86,63,,Southern,Big South,,,,,,
233372430,2003-12-03,17:15,2004,regular,,final,UNC Greensboro,Wofford,2430,2747,62,50,,Southern,Southern,,,,,,
233372427,2003-12-03,17:30,2004,regular,,final,UNC Asheville,East Tennessee State,2427,2193,55,49,,Big South,Southern,,,,,,
233370047,2003-12-03,18:00,2004,regular,,final,Howard,George Mason,47,2244,63,85,,MEAC,CAA,,,,,,
233372597,2003-12-03,18:00,2004,regular,,final,St. Francis Brooklyn,Maryland-Eastern Shore,2597,2379,56,48,,NEC,MEAC,,,,,,
233370048,2003-12-03,19:00,2004,regular,,final,Delaware,La Salle,48,2325,69,47,,CAA,A 10,,,,,,
233370061,2003-12-03,19:00,2004,regular,,final,Georgia,Houston,61,248,65,52,,SEC,C-USA,,,,,,
233370096,2003-12-03,19:00,2004,regular,,final,Kentucky,Louisville,96,97,84,80,,SEC,C-USA,,,,,,AT RUPP ARENA
233370103,2003-12-03,19:00,2004,regular,,final,Boston College,Holy Cross,103,107,90,43,,Big East,Patriot,,,,,,
233370104,2003-12-03,19:00,2004,regular,,final,Boston University,Fordham,104,2230,74,63,,Am. East,A 10,,,,,,
233370113,2003-12-03,19:00,2004,regular,,final,UMass,Vermont,113,261,54,49,,A 10,Am. East,,,,,,
233370116,2003-12-03,19:00,2004,regular,,final,Mount St. Mary's,American University,116,44,62,72,,NEC,Patriot,,,,,,
233370120,2003-12-03,19:00,2004,regular,,final,Maryland,Penn State,120,213,65,82,,ACC,Big Ten,,,,,,
233370130,2003-12-03,19:00,2004,regular,,final,Michigan,Charlotte,130,2429,72,65,,Big Ten,C-USA,,,,,,
233370152,2003-12-03,19:00,2004,regular,,final,NC State,East Carolina,152,151,88,51,,ACC,C-USA,,,,,,
233370153,2003-12-03,19:00,2004,regular,,final,North Carolina,UT Martin,153,2630,101,63,,ACC,,,,,,,
233370163,2003-12-03,19:00,2004,regular,,final,Princeton,Lehigh,163,2329,53,56,,Ivy,Patriot,,,,,,
233370221,2003-12-03,19:00,2004,regular,,final,Pittsburgh,Duquesne,221,2184,80,92,,Big East,A 10,,,,,,
233370259,2003-12-03,19:00,2004,regular,,final,Virginia Tech,Old Dominion,259,295,79,72,,Big East,CAA,,,,,,
233370349,2003-12-03,19:00,2004,regular,,final,Army,Albany,349,399,79,72,,Patriot,Am. East,,,,,,
233370350,2003-12-03,19:00,2004,regular,,final,UNC Wilmington,Charleston,350,232,62,53,,CAA,Southern,,,,,,
233372083,2003-12-03,19:00,2004,regular,,final,Bucknell,Bowling Green,2083,189,77,100,,Patriot,MAC,,,,,,
233372115,2003-12-03,19:00,2004,regular,,final,Central Connecticut,Harvard,2115,108,47,94,,NEC,Ivy,,,,,,
233372132,2003-12-03,19:00,2004,regular,,final,Cincinnati,Evansville,2132,339,81,43,,C-USA,MVC,,,,,,
233372261,2003-12-03,19:00,2004,regular,,final,Hampton,Arkansas State,2261,2032,54,77,,MEAC,Sun Belt,,,,,,
233372382,2003-12-03,19:00,2004,regular,,final,Mercer,Georgia Southern,2382,290,54,59,,ASUN,Southern,,,,,,
233372405,2003-12-03,19:00,2004,regular,,final,Monmouth,Iona,2405,314,63,53,,NEC,MAAC,,,,,,
233372426,2003-12-03,19:00,2004,regular,,final,Navy,UMBC,2426,2378,60,41,,Patriot,Am. East,,,,,,
233372448,2003-12-03,19:00,2004,regular,,final,North Carolina A&T,Elon,2448,2210,78,63,,MEAC,Southern,,,,,,
233372514,2003-12-03,19:00,2004,regular,,final,Quinnipiac,New Hampshire,2514,160,82,76,,NEC,Am. East,,,,,,
233372529,2003-12-03,19:00,2004,regular,,final,Sacred Heart,Yale,2529,43,79,68,,NEC,Ivy,,,,,,
233372681,2003-12-03,19:00,2004,regular,,final,Wagner,Lafayette,2681,322,71,60,,NEC,Patriot,,,,,,
233372729,2003-12-03,19:00,2004,regular,,final,William & Mary,Norfolk State,2729,2450,69,50,,CAA,MEAC,,,,,,
233372752,2003-12-03,19:00,2004,regular,,final,Xavier,Middle Tennessee,2752,2393,65,67,,A 10,Sun Belt,,,,,,
233370066,2003-12-03,20:00,2004,regular,,final,Iowa State,Iowa,66,2294,101,94,,Big 12,Big Ten,,,,,,
233370098,2003-12-03,20:00,2004,regular,,final,Western Kentucky,Arkansas,98,8,65,67,,Sun Belt,SEC,,,,,,
233370245,2003-12-03,20:00,2004,regular,,final,Texas A&M,Little Rock,245,2031,54,45,,Big 12,Sun Belt,,,,,,
233370251,2003-12-03,20:00,2004,regular,,final,Texas,Texas State,251,326,88,27,,Big 12,Sun Belt,,,,,,
233372046,2003-12-03,20:00,2004,regular,,final,Austin Peay,Memphis,2046,235,70,81,,ASUN,C-USA,,,,,,
233372130,2003-12-03,20:00,2004,regular,,final,Chicago State,St. Francis (IN),2130,2831,69,65,,,,,,,,,
233372296,2003-12-03,20:00,2004,regular,,final,Jackson State,Murray State,2296,93,69,56,,SWAC,MVC,,,,,,
233372377,2003-12-03,20:00,2004,regular,,final,McNeese,South Alabama,2377,6,51,54,,,Sun Belt,,,,,,
233372567,2003-12-03,20:00,2004,regular,,final,SMU,Oklahoma,2567,201,63,85,,WAC,Big 12,,,,,,
233372635,2003-12-03,20:00,2004,regular,,final,Tennessee Tech,Southern Illinois,2635,79,88,71,,,MVC,,,,,,
233372653,2003-12-03,20:00,2004,regular,,final,Troy,Birmingham-Southern,2653,3,53,63,,ASUN,Big South,,,,,,
233372739,2003-12-03,20:00,2004,regular,,final,Green Bay,Kent State,2739,2309,77,54,,Horizon,MAC,,,,,,
233370071,2003-12-03,20:05,2004,regular,,final,Bradley,Butler,71,2086,54,68,,MVC,Horizon,,,,,,
233372623,2003-12-03,20:05,2004,regular,,final,Missouri State,Arkansas-Pine Bluff,2623,2029,92,39,,MVC,SWAC,,,,,,
233372674,2003-12-03,20:05,2004,regular,,final,Valparaiso,Purdue,2674,2509,57,68,,MVC,Big Ten,,,,,,
233370036,2003-12-03,21:00,2004,regular,,final,Colorado State,Colorado,36,38,74,81,,Mountain West,Big 12,,,,,,
233370068,2003-12-03,21:00,2004,regular,,final,Boise State,Weber State,68,2692,67,63,,WAC,Big Sky,,,,,,
233372502,2003-12-03,22:00,2004,regular,,final,Portland State,Oregon State,2502,204,52,68,,Big Sky,Pac-12,,,,,,
233370331,2003-12-03,22:05,2004,regular,,final,Eastern Washington,Idaho,331,70,75,80,,Big Sky,Big West,,,,,,
233380045,2003-12-04,19:00,2004,regular,,final,George Washington,Syracuse,45,183,65,43,,A 10,Big East,,,,,,
233380087,2003-12-04,19:00,2004,regular,,final,Notre Dame,Wisconsin,87,275,82,64,,Big East,Big Ten,,,,,,
233380171,2003-12-04,19:00,2004,regular,,final,Columbia,Hofstra,171,2275,76,62,,Ivy,CAA,,,,,,
233382226,2003-12-04,19:00,2004,regular,,final,Florida Atlantic,UCF,2226,2116,61,72,,ASUN,ASUN,,,,,,
233382335,2003-12-04,19:00,2004,regular,,final,Liberty,South Carolina State,2335,2569,75,52,,Big South,MEAC,,,,,,
233382717,2003-12-04,19:00,2004,regular,,final,Western Carolina,Clemson,2717,228,71,80,,Southern,ACC,,,,,,
233382750,2003-12-04,19:00,2004,regular,,final,Wright State,West Virginia,2750,277,38,60,,Horizon,Big East,,,,,,
233380222,2003-12-04,19:30,2004,regular,,final,Villanova,Pennsylvania,222,219,57,40,,Big East,Ivy,,,,,,
233382217,2003-12-04,19:30,2004,regular,,final,Fairfield,Manhattan,2217,2363,80,63,,MAAC,MAAC,,,,,,
233380046,2003-12-04,20:00,2004,regular,,final,Georgetown,Richmond,46,257,60,62,,Big East,A 10,,,,,,
233380082,2003-12-04,20:00,2004,regular,,final,UIC,Northern Iowa,82,2460,70,61,,Horizon,MVC,,,,,,
233380135,2003-12-04,20:00,2004,regular,,final,Minnesota,Creighton,135,156,82,71,,Big Ten,MVC,,,,,,
233380238,2003-12-04,20:00,2004,regular,,final,Vanderbilt,New Orleans,238,2443,75,56,,SEC,Sun Belt,,,,,,
233380305,2003-12-04,20:00,2004,regular,,final,DePaul,Illinois,305,356,89,81,,C-USA,Big Ten,,,,,,
233380344,2003-12-04,20:00,2004,regular,,final,Mississippi State,Detroit Mercy,344,2174,63,48,,SEC,Horizon,,,,,,
233382433,2003-12-04,20:00,2004,regular,,final,UL Monroe,Centenary,2433,2113,92,63,,Sun Belt,,,,,,,
233382504,2003-12-04,20:00,2004,regular,,final,Prairie View A&M,Lamar,2504,2320,59,65,,SWAC,,,,,,,
233382582,2003-12-04,20:00,2004,regular,,final,Southern,Tougaloo,2582,2650,90,60,,SWAC,,,,,,,
233382501,2003-12-04,20:15,2004,regular,,final,Portland,Oregon,2501,2483,76,58,,WCC,Pac-12,,,,,,
233380254,2003-12-04,21:00,2004,regular,,final,Utah,Gonzaga,254,2250,88,64,,Mountain West,WCC,,,,,,
233382464,2003-12-04,21:05,2004,regular,,final,Northern Arizona,Pacific,2464,279,74,56,,Big Sky,Big West,,,,,,
233380149,2003-12-04,21:35,2004,regular,,final,Montana,Mont St Billings,149,2407,80,43,,Big Sky,,,,,,,
233380013,2003-12-04,22:00,2004,regular,,final,Cal Poly,Air Force,13,2005,76,55,,Big West,Mountain West,,,,,,
233380265,2003-12-04,22:00,2004,regular,,final,Washington State,Nebraska,265,158,56,64,,Pac-12,Big 12,,,,,,
233380301,2003-12-04,22:00,2004,regular,,final,San Diego,New Mexico State,301,166,75,79,,WCC,Sun Belt,,,,,,
233382541,2003-12-04,22:00,2004,regular,,final,Santa Clara,BYU,2541,252,63,75,,WCC,Mountain West,,,,,,
233390331,2003-12-05,00:00,2004,regular,,final,Eastern Washington,Utah Valley,331,3084,67,55,,Big Sky,WAC,,,,,,
233390139,2003-12-05,16:00,2004,regular,,final,Saint Louis,UT Rio Grande Valley,139,292,77,45,,C-USA,,,,,,,WILDCAT CLASSIC
233392737,2003-12-05,17:00,2004,regular,,final,Winthrop,James Madison,2737,256,49,80,,Big South,CAA,,,,,,CORNELL CLASSIC
233390050,2003-12-05,18:00,2004,regular,,final,Florida A&M,Savannah State,50,2542,89,46,,MEAC,,,,,,,LADY RATTLER INVITATIONAL
233390056,2003-12-05,18:00,2004,regular,,final,Stetson,Central Connecticut,56,2115,49,52,,ASUN,NEC,,,,,,HATTER CHRISTMAS CLASSIC
233390077,2003-12-05,18:00,2004,regular,,final,Northwestern,Drexel,77,2182,56,52,,Big Ten,CAA,,,,,,ROGER L. WHITE INVITATIONAL
233390202,2003-12-05,18:00,2004,regular,,final,Tulsa,UAB,202,5,80,70,,WAC,C-USA,,,,,,UNILEVER TIGER CLASSIC
233390278,2003-12-05,18:00,2004,regular,,final,Fresno State,Western Illinois,278,2710,64,52,,WAC,,,,,,,COWGIRL CLASSIC
233392198,2003-12-05,18:00,2004,regular,,final,Eastern Kentucky,Baylor,2198,239,75,96,,ASUN,Big 12,,,,,,GENE HACKERMAN RICE INVITATIONAL
233392306,2003-12-05,18:00,2004,regular,,final,Kansas State,Sacramento State,2306,16,94,31,,Big 12,Big Sky,,,,,,WILDCAT CLASSIC
233390048,2003-12-05,19:00,2004,regular,,final,Delaware,Navy,48,2426,69,57,,CAA,Patriot,,,,,,
233390119,2003-12-05,19:00,2004,regular,,final,Towson,Army,119,349,60,51,,CAA,Patriot,,,,,,
233390153,2003-12-05,19:00,2004,regular,,final,North Carolina,South Carolina State,153,2569,90,51,,ACC,MEAC,,,,,,
233390154,2003-12-05,19:00,2004,regular,,final,Wake Forest,Duke,154,150,55,88,,ACC,ACC,,,,,,
233390172,2003-12-05,19:00,2004,regular,,final,Cornell,Bucknell,172,2083,68,62,,Ivy,Patriot,,,,,,CORNELL CLASSIC
233390179,2003-12-05,19:00,2004,regular,,final,St. Bonaventure,Maryland,179,120,57,65,,A 10,ACC,,,,,,
233390269,2003-12-05,19:00,2004,regular,,final,Marquette,Iowa,269,2294,62,65,,C-USA,Big Ten,,,,,,
233390276,2003-12-05,19:00,2004,regular,,final,Marshall,Morehead State,276,2413,84,61,,MAC,,,,,,,
233392341,2003-12-05,19:00,2004,regular,,final,LIU Brooklyn,Virginia,2341,258,59,76,,NEC,ACC,,,,,,
233392352,2003-12-05,19:00,2004,regular,,final,Loyola Maryland,Iona,2352,314,66,69,,MAAC,MAAC,,,,,,
233392368,2003-12-05,19:00,2004,regular,,final,Marist,Canisius,2368,2099,78,57,,MAAC,MAAC,,,,,,
233392561,2003-12-05,19:00,2004,regular,,final,Siena,Niagara,2561,315,56,65,,MAAC,MAAC,,,,,,
233392572,2003-12-05,19:00,2004,regular,,final,Southern Miss,Mississippi Valley State,2572,2400,64,35,,C-USA,SWAC,,,,,,HATTIESBURG INN CLASSIC
233392670,2003-12-05,19:00,2004,regular,,final,VCU,Indiana,2670,84,54,68,,CAA,Big Ten,,,,,,
233392507,2003-12-05,19:30,2004,regular,,final,Providence,Rhode Island,2507,227,73,75,,Big East,A 10,,,,,,
233392612,2003-12-05,19:30,2004,regular,,final,Saint Peter's,Rider,2612,2520,76,52,,MAAC,MAAC,,,,,,
233390002,2003-12-05,20:00,2004,regular,,final,Auburn,North Carolina A&T,2,2448,89,54,,SEC,MEAC,,,,,,
233390009,2003-12-05,20:00,2004,regular,,final,Arizona State,Western Michigan,9,2711,75,66,,Pac-12,MAC,,,,,,WELLS FARGO HOLIDAY CLASSIC
233390142,2003-12-05,20:00,2004,regular,,final,Missouri,Alcorn State,142,2016,103,41,,Big 12,SWAC,,,,,,UNILEVER TIGER CLASSIC
233390197,2003-12-05,20:00,2004,regular,,final,Oklahoma State,Sam Houston,197,2534,76,52,,Big 12,WAC,,,,,,COWGIRL CLASSIC
233390242,2003-12-05,20:00,2004,regular,,final,Rice,Stephen F. Austin,242,2617,94,50,,WAC,WAC,,,,,,GENE HACKERMAN RICE INVITATIONAL
233390333,2003-12-05,20:00,2004,regular,,final,Alabama,UTSA,333,2636,76,63,,SEC,C-USA,,,,,,
233392169,2003-12-05,20:00,2004,regular,,final,Delaware State,Ohio,2169,195,44,62,,MEAC,MAC,,,,,,HATTER CHRISTMAS CLASSIC
233392181,2003-12-05,20:00,2004,regular,,final,Drake,Michigan,2181,130,70,55,,MVC,Big Ten,,,,,,
233392229,2003-12-05,20:00,2004,regular,,final,Florida International,Eastern Michigan,2229,2199,42,52,,Sun Belt,MAC,,,,,,ROGER L. WHITE INVITATIONAL
233392579,2003-12-05,20:00,2004,regular,,final,South Carolina,Southern Utah,2579,253,81,79,,SEC,WAC,,,,,,SOUTHWEST LOBO SHOOTOUT
233392739,2003-12-05,20:00,2004,regular,,final,Green Bay,Maine,2739,311,73,76,,Horizon,Am. East,,,,,,
233392515,2003-12-05,21:00,2004,regular,,final,Radford,Texas A&M-Corpus Christi,2515,357,64,70,,Big South,,,,,,,HATTIESBURG INN CLASSIC
233390304,2003-12-05,21:05,2004,regular,,final,Idaho State,Denver,304,2172,95,61,,Big Sky,Sun Belt,,,,,,
233390167,2003-12-05,22:00,2004,regular,,final,New Mexico,Tennessee State,167,2634,89,18,,Mountain West,,,,,,,SOUTHWEST LOBO SHOOTOUT
233392066,2003-12-05,22:00,2004,regular,,final,Montana State,Binghamton,147,2066,55,59,,Big Sky,Am. East,,,,,,WELLS FARGO HOLIDAY CLASSIC
233390027,2003-12-05,22:10,2004,regular,,final,UC Riverside,Loyola Marymount,27,2351,66,82,,Big West,WCC,,,,,,
233392492,2003-12-05,23:00,2004,regular,,final,Pepperdine,UConn,2492,41,53,84,,WCC,Big East,,,,,,
233400013,2003-12-06,00:00,2004,regular,,final,Cal Poly,UC Davis,13,302,78,51,,Big West,Big West,,,,,,
233400198,2003-12-06,00:00,2004,regular,,final,Oral Roberts,Newman,198,580,98,49,,,,,,,,,
233400265,2003-12-06,00:00,2004,regular,,final,Washington State,Utah Valley,265,3084,56,49,,Pac-12,WAC,,,,,,
233400225,2003-12-06,13:00,2004,regular,,final,Brown,New Hampshire,225,160,77,62,,Ivy,Am. East,,,,,,BROWN CLASSIC
233400399,2003-12-06,13:00,2004,regular,,final,Albany,Colgate,399,2142,67,85,,Am. East,Patriot,,,,,,
233402229,2003-12-06,13:00,2004,regular,,final,Florida International,Drexel,2229,2182,61,53,,Sun Belt,CAA,,,,,,ROGER L. WHITE INVITATIONAL
233402325,2003-12-06,13:00,2004,regular,,final,La Salle,Villanova,2325,222,48,51,,A 10,Big East,,,,,,
233402430,2003-12-06,13:00,2004,regular,,final,UNC Greensboro,Coastal Carolina,2430,324,65,66,,Southern,Big South,,,,,,US CELLULAR CLASSIC
233402752,2003-12-06,13:00,2004,regular,,final,Xavier,Central Michigan,2752,2117,72,35,,A 10,MAC,,,,,,PROVIDENT BANK XAVIER INVITATION
233400061,2003-12-06,13:30,2004,regular,,final,Georgia,NC State,61,152,72,58,,SEC,ACC,,,,,,
233402305,2003-12-06,13:30,2004,regular,,final,Kansas,Cal State Fullerton,2305,2239,90,46,,Big 12,Big West,,,,,,JAYHAWK CLASSIC
233400047,2003-12-06,14:00,2004,regular,,final,Howard,George Washington,47,45,55,80,,MEAC,A 10,,,,,,
233400097,2003-12-06,14:00,2004,regular,,final,Louisville,Western Kentucky,97,98,76,75,,C-USA,Sun Belt,,,,,,
233400292,2003-12-06,14:00,2004,regular,,final,UT Rio Grande Valley,Sacramento State,292,16,60,50,,,Big Sky,,,,,,WILDCAT CLASSIC
233402050,2003-12-06,14:00,2004,regular,,final,Indiana State,Ball State,282,2050,65,53,,MVC,MAC,,,,,,HOOSIER CLASSIC
233402168,2003-12-06,14:00,2004,regular,,final,Dayton,Cincinnati,2168,2132,40,62,,A 10,C-USA,,,,,,
233402247,2003-12-06,14:00,2004,regular,,final,Georgia State,Georgia Tech,2247,59,64,69,,ASUN,ACC,,,,,,
233402309,2003-12-06,14:00,2004,regular,,final,Kent State,Michigan State,2309,127,48,55,,MAC,Big Ten,,,,,,
233402350,2003-12-06,14:00,2004,regular,,final,Loyola Chicago,Bradley,2350,71,87,71,,Horizon,MVC,,,,,,
233402529,2003-12-06,14:00,2004,regular,,final,Sacred Heart,Princeton,2529,163,71,47,,NEC,Ivy,,,,,,
233402542,2003-12-06,14:00,2004,regular,,final,Savannah State,Jackson State,2542,2296,45,61,,,SWAC,,,,,,LADY RATTLER INVITATIONAL
233400204,2003-12-06,14:30,2004,regular,,final,Oregon State,Missouri State,204,2623,69,71,,Pac-12,MVC,,,,,,
233400003,2003-12-06,15:00,2004,regular,,final,Birmingham-Southern,Jacksonville State,3,55,65,55,,Big South,ASUN,,,,,,
233400077,2003-12-06,15:00,2004,regular,,final,Northwestern,Eastern Michigan,77,2199,61,70,,Big Ten,MAC,,,,,,ROGER L. WHITE INVITATIONAL
233400103,2003-12-06,15:00,2004,regular,,final,Boston College,Liberty,103,2335,74,70,,Big East,Big South,,,,,,BROWN CLASSIC
233400113,2003-12-06,15:00,2004,regular,,final,UMass,Utah State,113,328,61,50,,A 10,Big West,,,,,,FIESTA BOWL CLASSIC
233400151,2003-12-06,15:00,2004,regular,,final,East Carolina,Coppin State,151,2154,68,59,,C-USA,MEAC,,,,,,US CELLULAR CLASSIC
233400238,2003-12-06,15:00,2004,regular,,final,Vanderbilt,Duquesne,238,2184,92,60,,SEC,A 10,,,,,,
233400245,2003-12-06,15:00,2004,regular,,final,Texas A&M,North Texas,245,249,72,62,,Big 12,Sun Belt,,,,,,
233400339,2003-12-06,15:00,2004,regular,,final,Evansville,IUPUI,339,85,60,48,,MVC,Horizon,,,,,,
233402032,2003-12-06,15:00,2004,regular,,final,Arkansas State,Alabama A&M,2032,2010,77,50,,Sun Belt,SWAC,,,,,,
233402057,2003-12-06,15:00,2004,regular,,final,Belmont,Lipscomb,2057,288,65,66,,ASUN,ASUN,,,,,,
233402166,2003-12-06,15:00,2004,regular,,final,Davidson,Wofford,2166,2747,79,61,,Southern,Southern,,,,,,
233402193,2003-12-06,15:00,2004,regular,,final,East Tennessee State,High Point,2193,2272,51,53,,Southern,Big South,,,,,,PROVIDENT BANK XAVIER INVITATION
233402515,2003-12-06,15:00,2004,regular,,final,Radford,Mississippi Valley State,2515,2400,80,43,,Big South,SWAC,,,,,,HATTIESBURG INN CLASSIC
233402534,2003-12-06,15:00,2004,regular,,final,Sam Houston,Western Illinois,2534,2710,51,69,,WAC,,,,,,,COWGIRL CLASSIC
233402641,2003-12-06,15:00,2004,regular,,final,Texas Tech,Wyoming,2641,2751,77,26,,Big 12,Mountain West,,,,,,
233402755,2003-12-06,15:00,2004,regular,,final,Grambling,Ark Baptist,2755,2027,89,61,,SWAC,,,,,,,
233402459,2003-12-06,15:05,2004,regular,,final,Northern Illinois,Milwaukee,2459,270,55,53,,MAC,Horizon,,,,,,
233400189,2003-12-06,15:30,2004,regular,,final,Bowling Green,Purdue Fort Wayne,189,2870,91,68,,MAC,,,,,,,
233402638,2003-12-06,15:30,2004,regular,,final,UTEP,Alabama State,2638,2011,62,49,,WAC,SWAC,,,,,,JAYHAWK CLASSIC
233400277,2003-12-06,16:00,2004,regular,,final,West Virginia,Robert Morris,277,2523,77,43,,Big East,NEC,,,,,,
233402306,2003-12-06,16:00,2004,regular,,final,Kansas State,Saint Louis,2306,139,94,54,,Big 12,C-USA,,,,,,WILDCAT CLASSIC
233402717,2003-12-06,16:00,2004,regular,,final,Western Carolina,UNC Asheville,2717,2427,41,51,,Southern,Big South,,,,,,
233402724,2003-12-06,16:00,2004,regular,,final,Wichita State,Tulane,2724,2655,59,62,,MVC,C-USA,,,,,,OAKLAND TRIBUNE CLASSIC
233402674,2003-12-06,16:30,2004,regular,,final,Valparaiso,Butler,2674,2086,74,67,,MVC,Horizon,,,,,,HOOSIER CLASSIC
233400052,2003-12-06,17:00,2004,regular,,final,Florida State,Florida,52,57,60,74,,ACC,SEC,,,,,,
233400197,2003-12-06,17:00,2004,regular,,final,Oklahoma State,Fresno State,197,278,67,60,,Big 12,WAC,,,,,,COWGIRL CLASSIC
233400301,2003-12-06,17:00,2004,regular,,final,San Diego,Long Beach State,301,299,57,65,,WCC,Big West,,,,,,
233402463,2003-12-06,17:00,2004,regular,,final,Cal State Northridge,San Diego State,2463,21,71,52,,Big West,Mountain West,,,,,,
233402502,2003-12-06,17:00,2004,regular,,final,Portland State,Portland,2502,2501,72,77,,Big Sky,WCC,,,,,,
233402572,2003-12-06,17:00,2004,regular,,final,Southern Miss,Texas A&M-Corpus Christi,2572,357,64,58,,C-USA,,,,,,,HATTIESBURG INN CLASSIC
233402737,2003-12-06,17:00,2004,regular,,final,Winthrop,Bucknell,2737,2083,61,69,,Big South,Patriot,,,,,,CORNELL CLASSIC
233400012,2003-12-06,17:30,2004,regular,,final,Arizona,American University,12,44,75,63,,Pac-12,Patriot,,,,,,FIESTA BOWL CLASSIC
233402329,2003-12-06,17:30,2004,regular,,final,Lehigh,Saint Joseph's,2329,2603,42,68,,Patriot,A 10,,,,,,
233400025,2003-12-06,18:00,2004,regular,,final,California,Miami (OH),25,193,81,72,,Pac-12,MAC,,,,,,OAKLAND TRIBUNE CLASSIC
233400056,2003-12-06,18:00,2004,regular,,final,Stetson,Delaware State,56,2169,49,60,,ASUN,MEAC,,,,,,HATTER CHRISTMAS CLASSIC
233400221,2003-12-06,18:00,2004,regular,,final,Pittsburgh,Hartford,221,42,54,60,,Big East,Am. East,,,,,,
233400235,2003-12-06,18:00,2004,regular,,final,Memphis,UT Martin,235,2630,80,52,,C-USA,,,,,,,
233402016,2003-12-06,18:00,2004,regular,,final,Alcorn State,UAB,2016,5,49,59,,SWAC,C-USA,,,,,,UNILEVER TIGER CLASSIC
233402261,2003-12-06,18:00,2004,regular,,final,Hampton,Norfolk State,2261,2450,65,48,,MEAC,MEAC,,,,,,
233402617,2003-12-06,18:00,2004,regular,,final,Stephen F. Austin,Eastern Kentucky,2617,2198,73,84,,WAC,ASUN,,,,,,GENE HACKERMAN RICE INVITATIONAL
233402711,2003-12-06,18:00,2004,regular,,final,Western Michigan,Montana State,2711,147,84,62,,MAC,Big Sky,,,,,,WELLS FARGO HOLIDAY CLASSIC
233402483,2003-12-06,18:30,2004,regular,,final,Oregon,Colorado State,2483,36,62,50,,Pac-12,Mountain West,,,,,,AT PORTLAND OR
233402546,2003-12-06,18:30,2004,regular,,final,Southeast Missouri State,Southern Arkansas,2546,2568,84,57,,,,,,,,,
233400107,2003-12-06,19:00,2004,regular,,final,Holy Cross,DePaul,107,305,73,86,,Patriot,C-USA,,,,,,
233400172,2003-12-06,19:00,2004,regular,,final,Cornell,James Madison,172,256,66,55,,Ivy,CAA,,,,,,CORNELL CLASSIC
233400236,2003-12-06,19:00,2004,regular,,final,Chattanooga,Ole Miss,236,145,79,77,,Southern,SEC,,,,,,
233400290,2003-12-06,19:00,2004,regular,,final,Georgia Southern,Appalachian State,290,2026,68,53,,Southern,Southern,,,,,,
233402649,2003-12-06,19:00,2004,regular,,final,Toledo,Youngstown State,2649,2754,73,50,,MAC,Horizon,,,,,,
233400006,2003-12-06,20:00,2004,regular,,final,South Alabama,Mississippi State,6,344,67,53,,Sun Belt,SEC,,,,,,
233400093,2003-12-06,20:00,2004,regular,,final,Murray State,Little Rock,93,2031,76,53,,MVC,Sun Belt,,,,,,
233400142,2003-12-06,20:00,2004,regular,,final,Missouri,Tulsa,142,202,88,68,,Big 12,WAC,,,,,,UNILEVER TIGER CLASSIC
233400195,2003-12-06,20:00,2004,regular,,final,Ohio,Central Connecticut,195,2115,76,56,,MAC,NEC,,,,,,HATTER CHRISTMAS CLASSIC
233400242,2003-12-06,20:00,2004,regular,,final,Rice,Baylor,242,239,55,79,,WAC,Big 12,,,,,,GENE HACKERMAN RICE INVITATIONAL
233400356,2003-12-06,20:00,2004,regular,,final,Illinois,Illinois State,356,2287,85,51,,Big Ten,MVC,,,,,,AT CHICAGO IL
233402377,2003-12-06,20:00,2004,regular,,final,McNeese,Texas Southern,2377,2640,62,58,,,SWAC,,,,,,
233402628,2003-12-06,20:00,2004,regular,,final,TCU,Arkansas,2628,8,67,62,,C-USA,SEC,,,,,,
233402634,2003-12-06,20:00,2004,regular,,final,Tennessee State,Southern Utah,2634,253,40,83,,,WAC,,,,,,SOUTHWEST LOBO SHOOTOUT
233400158,2003-12-06,20:05,2004,regular,,final,Nebraska,UT Arlington,158,250,81,59,,Big 12,WAC,,,,,,
233400009,2003-12-06,20:30,2004,regular,,final,Arizona State,Binghamton,9,2066,73,44,,Pac-12,Am. East,,,,,,WELLS FARGO HOLIDAY CLASSIC
233402005,2003-12-06,21:00,2004,regular,,final,Air Force,UIC,2005,82,66,77,,Mountain West,Horizon,,,,,,
233402692,2003-12-06,21:05,2004,regular,,final,Weber State,Gonzaga,2692,2250,72,54,,Big Sky,WCC,,,,,,
233400149,2003-12-06,21:35,2004,regular,,final,Montana,San Francisco,149,2539,61,60,,Big Sky,WCC,,,,,,
233400023,2003-12-06,22:00,2004,regular,,final,San José State,New Mexico State,23,166,69,41,,WAC,Sun Belt,,,,,,
233400167,2003-12-06,22:00,2004,regular,,final,New Mexico,South Carolina,167,2579,52,69,,Mountain West,SEC,,,,,,SOUTHWEST LOBO SHOOTOUT
233402440,2003-12-06,22:00,2004,regular,,final,Nevada,UNLV,2440,2439,75,90,,WAC,Mountain West,,,,,,
233410179,2003-12-07,12:00,2004,regular,,final,St. Bonaventure,St. Francis Brooklyn,179,2597,88,40,,A 10,NEC,,,,,,
233412550,2003-12-07,12:00,2004,regular,,final,Seton Hall,Fordham,2550,2230,63,74,,Big East,A 10,,,,,,METRO CHALLENGE
233410002,2003-12-07,13:00,2004,regular,,final,Auburn,Buffalo,2,2084,82,32,,SEC,MAC,,,,,,
233410160,2003-12-07,13:00,2004,regular,,final,New Hampshire,Liberty,160,2335,64,87,,Am. East,Big South,,,,,,BROWN CLASSIC
233412117,2003-12-07,13:00,2004,regular,,final,Central Michigan,East Tennessee State,2117,2193,52,49,,MAC,Southern,,,,,,PROVIDENT BANK XAVIER INVITATION
233412239,2003-12-07,13:00,2004,regular,,final,Cal State Fullerton,Alabama State,2239,2011,63,65,,Big West,SWAC,,,,,,JAYHAWK CLASSIC
233412429,2003-12-07,13:00,2004,regular,,final,Charlotte,VCU,2429,2670,81,72,,C-USA,CAA,,,,,,
233412430,2003-12-07,13:00,2004,regular,,final,UNC Greensboro,Coppin State,2430,2154,49,54,,Southern,MEAC,,,,,,US CELLULAR CLASSIC
233410213,2003-12-07,14:00,2004,regular,,final,Penn State,Texas,213,251,79,59,,Big Ten,Big 12,,,,,,
233410231,2003-12-07,14:00,2004,regular,,final,Furman,Clemson,231,228,66,74,,Southern,ACC,,,,,,
233410248,2003-12-07,14:00,2004,regular,,final,Houston,Purdue,248,2509,63,66,,C-USA,Big Ten,,,,,,
233410269,2003-12-07,14:00,2004,regular,,final,Marquette,Wagner,269,2681,67,59,,C-USA,NEC,,,,,,
233410294,2003-12-07,14:00,2004,regular,,final,Jacksonville,Eastern Illinois,294,2197,66,56,,ASUN,,,,,,,
233410295,2003-12-07,14:00,2004,regular,,final,Old Dominion,North Carolina,295,153,73,68,,CAA,ACC,,,,,,
233410314,2003-12-07,14:00,2004,regular,,final,Iona,Rider,314,2520,77,58,,MAAC,MAAC,,,,,,
233412006,2003-12-07,14:00,2004,regular,,final,Akron,Cleveland State,2006,325,60,49,,MAC,Horizon,,,,,,
233412174,2003-12-07,14:00,2004,regular,,final,Detroit Mercy,Oakland,2174,2473,45,57,,Horizon,Horizon,,,,,,
233412181,2003-12-07,14:00,2004,regular,,final,Drake,Maine,2181,311,62,63,,MVC,Am. East,,,,,,
233412352,2003-12-07,14:00,2004,regular,,final,Loyola Maryland,Manhattan,2352,2363,61,50,,MAAC,MAAC,,,,,,
233412368,2003-12-07,14:00,2004,regular,,final,Marist,Niagara,2368,315,61,51,,MAAC,MAAC,,,,,,
233412561,2003-12-07,14:00,2004,regular,,final,Siena,Canisius,2561,2099,58,56,,MAAC,MAAC,,,,,,
233412599,2003-12-07,14:00,2004,regular,,final,St. John's,Fairfield,2599,2217,77,76,,Big East,MAAC,,,,,,METRO CHALLENGE
233410275,2003-12-07,14:30,2004,regular,,final,Wisconsin,Iowa State,275,66,76,73,,Big Ten,Big 12,,,,,,
233410046,2003-12-07,15:00,2004,regular,,final,Georgetown,Indiana,46,84,62,72,,Big East,Big Ten,,,,,,
233410140,2003-12-07,15:00,2004,regular,,final,Kansas City,Minnesota,140,135,53,79,,,Big Ten,,,,,,
233410151,2003-12-07,15:00,2004,regular,,final,East Carolina,Coastal Carolina,151,324,81,54,,C-USA,Big South,,,,,,US CELLULAR CLASSIC
233410201,2003-12-07,15:00,2004,regular,,final,Oklahoma,Utah,201,254,73,65,,Big 12,Mountain West,,,,,,
233410225,2003-12-07,15:00,2004,regular,,final,Brown,Boston College,225,103,45,73,,Ivy,Big East,,,,,,BROWN CLASSIC
233410328,2003-12-07,15:00,2004,regular,,final,Utah State,American University,328,44,41,60,,Big West,Patriot,,,,,,FIESTA BOWL CLASSIC
233410333,2003-12-07,15:00,2004,regular,,final,Alabama,Virginia Tech,333,259,51,68,,SEC,Big East,,,,,,
233412305,2003-12-07,15:00,2004,regular,,final,Kansas,UTEP,2305,2638,71,50,,Big 12,WAC,,,,,,JAYHAWK CLASSIC
233412633,2003-12-07,15:00,2004,regular,,final,Tennessee,Louisiana Tech,2633,2348,85,65,,SEC,WAC,,,,,,
233412752,2003-12-07,15:00,2004,regular,,final,Xavier,High Point,2752,2272,78,40,,A 10,Big South,,,,,,PROVIDENT BANK XAVIER INVITATION
233410050,2003-12-07,16:00,2004,regular,,final,Florida A&M,Jackson State,50,2296,65,48,,MEAC,SWAC,,,,,,LADY RATTLER INVITATIONAL
233410068,2003-12-07,16:00,2004,regular,,final,Boise State,Idaho,68,70,57,71,,WAC,Big West,,,,,,
233410193,2003-12-07,16:00,2004,regular,,final,Miami (OH),Wichita State,193,2724,82,78,,MAC,MVC,,,,,,OAKLAND TRIBUNE CLASSIC
233410264,2003-12-07,16:00,2004,regular,,final,Washington,Notre Dame,264,87,85,74,,Pac-12,Big East,,,,,,
233410156,2003-12-07,16:05,2004,regular,,final,Creighton,Michigan,156,130,82,66,,MVC,Big Ten,,,,,,
233410171,2003-12-07,16:30,2004,regular,,final,Columbia,Monmouth,171,2405,84,77,,Ivy,NEC,,,,,,
233410030,2003-12-07,17:00,2004,regular,,final,USC,UConn,30,41,69,72,,Pac-12,Big East,,,,,,
233412440,2003-12-07,17:00,2004,regular,,final,Nevada,Santa Clara,2440,2541,53,60,,WAC,WCC,,,,,,
233412729,2003-12-07,17:00,2004,regular,,final,William & Mary,Vermont,2729,261,72,75,,CAA,Am. East,,,,,,
233410012,2003-12-07,17:30,2004,regular,,final,Arizona,UMass,12,113,74,42,,Pac-12,A 10,,,,,,FIESTA BOWL CLASSIC
233410025,2003-12-07,18:00,2004,regular,,final,California,Tulane,25,2655,66,61,,Pac-12,C-USA,,,,,,OAKLAND TRIBUNE CLASSIC
233420232,2003-12-08,19:00,2004,regular,,final,Charleston,Appalachian State,232,2026,75,59,,Southern,Southern,,,,,,
233422329,2003-12-08,19:00,2004,regular,,final,Lehigh,Columbia,2329,171,60,67,,Patriot,Ivy,,,,,,
233422599,2003-12-08,19:00,2004,regular,,final,St. John's,Delaware,2599,48,44,59,,Big East,CAA,,,,,,
233422217,2003-12-08,19:30,2004,regular,,final,Fairfield,Seton Hall,2217,2550,57,73,,MAAC,Big East,,,,,,
233422507,2003-12-08,19:30,2004,regular,,final,Providence,Northeastern,2507,111,62,48,,Big East,Am. East,,,,,,
233422113,2003-12-08,20:00,2004,regular,,final,Centenary,Louisiana,2113,309,60,74,,,Sun Belt,,,,,,
233422641,2003-12-08,20:00,2004,regular,,final,Texas Tech,Pacific,2641,279,100,39,,Big 12,Big West,,,,,,
233422460,2003-12-08,20:05,2004,regular,,final,Northern Iowa,Iowa,2460,2294,67,76,,MVC,Big Ten,,,,,,
233432168,2003-12-09,12:00,2004,regular,,final,Dayton,Wright State,2168,2750,70,58,,A 10,Horizon,,,,,,
233432261,2003-12-09,18:00,2004,regular,,final,Hampton,Toledo,2261,2649,58,59,,MEAC,MAC,,,,,,
233430161,2003-12-09,19:00,2004,regular,,final,Fairleigh Dickinson,LIU Brooklyn,161,2341,62,47,,NEC,NEC,,,,,,
233430213,2003-12-09,19:00,2004,regular,,final,Penn State,Baylor,213,239,74,63,,Big Ten,Big 12,,,,,,
233430218,2003-12-09,19:00,2004,regular,,final,Temple,Pennsylvania,218,219,64,70,,A 10,Ivy,,,,,,
233430227,2003-12-09,19:00,2004,regular,,final,Rhode Island,Hofstra,227,2275,61,66,,A 10,CAA,,,,,,
233432050,2003-12-09,19:00,2004,regular,,final,Ball State,Louisville,2050,97,86,94,,MAC,C-USA,,,,,,
233432086,2003-12-09,19:00,2004,regular,,final,Butler,Evansville,2086,339,89,68,,Horizon,MVC,,,,,,
233432368,2003-12-09,19:00,2004,regular,,final,Marist,St. Bonaventure,2368,179,62,54,,MAAC,A 10,,,,,,
233432378,2003-12-09,19:00,2004,regular,,final,UMBC,Towson,2378,119,42,54,,Am. East,CAA,,,,,,
233432473,2003-12-09,19:00,2004,regular,,final,Oakland,Florida,2473,57,72,76,,Horizon,SEC,,,,,,
233432514,2003-12-09,19:00,2004,regular,,final,Quinnipiac,Hartford,2514,42,72,66,,NEC,Am. East,,,,,,
233432542,2003-12-09,19:00,2004,regular,,final,Savannah State,Eastern Illinois,2542,2197,65,72,,,,,,,,,
233430222,2003-12-09,19:30,2004,regular,,final,Villanova,Saint Joseph's,222,2603,72,68,,Big East,A 10,,,,,,
233432466,2003-12-09,19:30,2004,regular,,final,Northwestern State,Harding,2466,2264,84,48,,,,,,,,,
233430202,2003-12-09,20:00,2004,regular,,final,Tulsa,Arkansas,202,8,43,64,,WAC,SEC,,,,,,
233432320,2003-12-09,20:00,2004,regular,,final,Lamar,Texas A&M-Commerce,2320,2837,52,55,,,,,,,,,
233432348,2003-12-09,20:00,2004,regular,,final,Louisiana Tech,Little Rock,2348,2031,81,58,,WAC,Sun Belt,,,,,,
233430038,2003-12-09,21:00,2004,regular,,final,Colorado,Washington,38,264,78,54,,Big 12,Pac-12,,,,,,
233432239,2003-12-09,22:00,2004,regular,,final,Cal State Fullerton,BYU,2239,252,51,72,,Big West,Mountain West,,,,,,
233430016,2003-12-09,22:05,2004,regular,,final,Sacramento State,San José State,16,23,39,70,,Big Sky,WAC,,,,,,
233440045,2003-12-10,17:30,2004,regular,,final,George Washington,Boston College,45,103,76,75,,A 10,Big East,,,,,,
233442154,2003-12-10,17:30,2004,regular,,final,Coppin State,Morgan State,2154,2415,86,60,,MEAC,MEAC,,,,,,
233442870,2003-12-10,18:00,2004,regular,,final,Purdue Fort Wayne,Valparaiso,2870,2674,60,86,,,MVC,,,,,,AT MEMORIAL COLISEUM
233440096,2003-12-10,19:00,2004,regular,,final,Kentucky,Xavier,96,2752,60,75,,SEC,A 10,,,,,,
233440120,2003-12-10,19:00,2004,regular,,final,Maryland,Loyola Maryland,120,2352,76,61,,ACC,MAAC,,,,,,
233440349,2003-12-10,19:00,2004,regular,,final,Army,Binghamton,349,2066,74,62,,Patriot,Am. East,,,,,,
233442084,2003-12-10,19:00,2004,regular,,final,Buffalo,St. John's,2084,2599,47,57,,MAC,Big East,,,,,,
233442115,2003-12-10,19:00,2004,regular,,final,Central Connecticut,Boston University,2115,104,49,79,,NEC,Am. East,,,,,,
233442272,2003-12-10,19:00,2004,regular,,final,High Point,Chattanooga,2272,236,53,66,,Big South,Southern,,,,,,
233442363,2003-12-10,19:00,2004,regular,,final,Manhattan,DePaul,2363,305,57,98,,MAAC,C-USA,,,,,,
233442450,2003-12-10,19:00,2004,regular,,final,Norfolk State,Liberty,2450,2335,54,76,,MEAC,Big South,,,,,,
233442612,2003-12-10,19:30,2004,regular,,final,Saint Peter's,Monmouth,2612,2405,68,37,,MAAC,NEC,,,,,,
233440142,2003-12-10,20:00,2004,regular,,final,Missouri,Missouri State,142,2623,70,79,,Big 12,MVC,,,,,,
233440356,2003-12-10,20:00,2004,regular,,final,Illinois,Bradley,356,71,78,50,,Big Ten,MVC,,,,,,
233442181,2003-12-10,20:00,2004,regular,,final,Drake,Iowa State,2181,66,61,36,,MVC,Big 12,,,,,,
233442460,2003-12-10,20:05,2004,regular,,final,Northern Iowa,Wyoming,2460,2751,53,46,,MVC,Mountain West,,,,,,
233440009,2003-12-10,20:30,2004,regular,,final,Arizona State,Texas A&M-Corpus Christi,9,357,87,74,,Pac-12,,,,,,,
233442005,2003-12-10,21:00,2004,regular,,final,Air Force,NM Highlands,2005,2424,80,56,,Mountain West,,,,,,,
233440147,2003-12-10,21:05,2004,regular,,final,Montana State,Oklahoma,147,201,59,90,,Big Sky,Big 12,,,,,,
233440021,2003-12-10,22:00,2004,regular,,final,San Diego State,San Diego,21,301,60,65,,Mountain West,WCC,,,,,,
233442250,2003-12-10,22:00,2004,regular,,final,Gonzaga,Boise State,2250,68,75,54,,WCC,WAC,,,,,,
233440299,2003-12-10,22:30,2004,regular,,final,Long Beach State,Fresno State,299,278,65,70,,Big West,WAC,,,,,,
233452429,2003-12-11,17:30,2004,regular,,final,Charlotte,Wichita State,2429,2724,83,68,,C-USA,MVC,,,,,,
233450107,2003-12-11,19:00,2004,regular,,final,Holy Cross,Siena,107,2561,59,58,,Patriot,MAAC,,,,,,
233450111,2003-12-11,19:00,2004,regular,,final,Northeastern,Harvard,111,108,63,59,,Am. East,Ivy,,,,,,
233450160,2003-12-11,19:00,2004,regular,,final,New Hampshire,Milwaukee,160,270,59,46,,Am. East,Horizon,,,,,,
233452142,2003-12-11,19:00,2004,regular,,final,Colgate,Charleston Southern,2142,2127,83,60,,Patriot,Big South,,,,,,
233452170,2003-12-11,19:00,2004,regular,,final,Delta State,Mississippi Valley State,2170,2400,72,68,,,SWAC,,,,,,
233452550,2003-12-11,19:00,2004,regular,,final,Seton Hall,Iona,2550,314,72,54,,Big East,MAAC,,,,,,
233452619,2003-12-11,19:00,2004,regular,,final,Stony Brook,Providence,2619,2507,57,59,,Am. East,Big East,,,,,,
233452633,2003-12-11,19:00,2004,regular,,final,Tennessee,Rutgers,2633,164,59,49,,SEC,Big East,,,,,,
233450235,2003-12-11,20:00,2004,regular,,final,Memphis,Vanderbilt,235,238,49,73,,C-USA,SEC,,,,,,
233452031,2003-12-11,20:00,2004,regular,,final,Little Rock,Centenary,2031,2113,74,60,,Sun Belt,,,,,,,
233452348,2003-12-11,20:00,2004,regular,,final,Louisiana Tech,Southern,2348,2582,78,29,,WAC,SWAC,,,,,,
233452739,2003-12-11,20:00,2004,regular,,final,Green Bay,TCU,2739,2628,51,62,,Horizon,C-USA,,,,,,
233450282,2003-12-11,20:30,2004,regular,,final,Indiana State,Miami (OH),282,193,80,92,,MVC,MAC,,,,,,
233452172,2003-12-11,21:00,2004,regular,,final,Denver,Colorado State,2172,36,63,80,,Sun Belt,Mountain West,,,,,,
233452539,2003-12-11,22:00,2004,regular,,final,San Francisco,New Mexico,2539,167,43,37,,WCC,Mountain West,,,,,,
233463081,2003-12-12,18:30,2004,regular,,final,Utah Valley,LIU Brooklyn,3084,2341,46,62,,WAC,NEC,,,,,,CYCLONE CLASSIC
233460084,2003-12-12,19:00,2004,regular,,final,Indiana,Maine,84,311,67,58,,Big Ten,Am. East,,,,,,
233462390,2003-12-12,19:00,2004,regular,,final,Miami,Florida,2390,57,80,75,,Big East,SEC,,,,,,
233460082,2003-12-12,20:00,2004,regular,,final,UIC,DePaul,82,305,60,106,,Horizon,C-USA,,,,,,
233462447,2003-12-12,20:00,2004,regular,,final,Nicholls,Louisiana,2447,309,38,57,,,Sun Belt,,,,,,
233460158,2003-12-12,20:05,2004,regular,,final,Nebraska,Ohio State,158,194,60,55,,Big 12,Big Ten,,,,,,
233462294,2003-12-12,20:05,2004,regular,,final,Iowa,Kansas State,2294,2306,60,82,,Big Ten,Big 12,,,,,,
233462623,2003-12-12,20:05,2004,regular,,final,Missouri State,Oral Roberts,2623,198,90,37,,MVC,,,,,,,
233460012,2003-12-12,21:00,2004,regular,,final,Arizona,BYU,12,252,83,69,,Pac-12,Mountain West,,,,,,
233460066,2003-12-12,21:00,2004,regular,,final,Iowa State,Texas Southern,66,2640,83,52,,Big 12,SWAC,,,,,,CYCLONE CLASSIC
233462464,2003-12-12,21:05,2004,regular,,final,Northern Arizona,Texas A&M-Corpus Christi,2464,357,73,64,,Big Sky,,,,,,,
233460024,2003-12-12,22:00,2004,regular,,final,Stanford,Pacific,24,279,86,25,,Pac-12,Big West,,,,,,
233462483,2003-12-12,22:00,2004,regular,,final,Oregon,Montana,2483,149,53,52,,Pac-12,Big Sky,,,,,,
233462501,2003-12-12,22:00,2004,regular,,final,Portland,Montana State,2501,147,62,68,,WCC,Big Sky,,,,,,
233462502,2003-12-12,22:00,2004,regular,,final,Portland State,Gonzaga,2502,2250,61,69,,Big Sky,WCC,,,,,,
233470087,2003-12-13,13:00,2004,regular,,final,Notre Dame,Dayton,87,2168,78,41,,Big East,A 10,,,,,,
233470189,2003-12-13,13:00,2004,regular,,final,Bowling Green,Oakland,189,2473,63,70,,MAC,Horizon,,,,,,
233470236,2003-12-13,13:00,2004,regular,,final,Chattanooga,Elon,236,2210,84,58,,Southern,Southern,,,,,,
233470399,2003-12-13,13:00,2004,regular,,final,Albany,Charleston Southern,399,2127,86,63,,Am. East,Big South,,,,,,
233472750,2003-12-13,13:00,2004,regular,,final,Wright State,Central Michigan,2750,2117,62,61,,Horizon,MAC,,,,,,
233472275,2003-12-13,13:30,2004,regular,,final,Hofstra,Princeton,2275,163,55,49,,CAA,Ivy,,,,,,
233470042,2003-12-13,14:00,2004,regular,,final,Hartford,Dartmouth,42,159,45,42,,Am. East,Ivy,,,,,,
233470193,2003-12-13,14:00,2004,regular,,final,Miami (OH),Butler,193,2086,65,60,,MAC,Horizon,,,,,,
233470218,2003-12-13,14:00,2004,regular,,final,Temple,Kentucky,218,96,86,82,,A 10,SEC,,,,,,
233470259,2003-12-13,14:00,2004,regular,,final,Virginia Tech,Maryland,259,120,63,43,,Big East,ACC,,,,,,
233472115,2003-12-13,14:00,2004,regular,,final,Central Connecticut,Quinnipiac,2115,2514,61,82,,NEC,NEC,,,,,,
233472130,2003-12-13,14:00,2004,regular,,final,Chicago State,Eastern Illinois,2130,2197,77,69,,,,,,,,,
233472154,2003-12-13,14:00,2004,regular,,final,Coppin State,Drexel,2154,2182,66,44,,MEAC,CAA,,,,,,
233472247,2003-12-13,14:00,2004,regular,,final,Georgia State,Morgan State,2247,2415,80,44,,ASUN,MEAC,,,,,,HYATT REGENCY INVITATIONAL
233472550,2003-12-13,14:00,2004,regular,,final,Seton Hall,Michigan,2550,130,63,52,,Big East,Big Ten,,,,,,
233472597,2003-12-13,14:00,2004,regular,,final,St. Francis Brooklyn,Mount St. Mary's,2597,116,47,61,,NEC,NEC,,,,,,
233472739,2003-12-13,14:00,2004,regular,,final,Green Bay,Wisconsin,2739,275,48,56,,Horizon,Big Ten,,,,,,
233472754,2003-12-13,14:00,2004,regular,,final,Youngstown State,Kent State,2754,2309,53,66,,Horizon,MAC,,,,,,
233470003,2003-12-13,15:00,2004,regular,,final,Birmingham-Southern,Loyola (LA),3,100,51,57,,Big South,,,,,,,
233470195,2003-12-13,15:00,2004,regular,,final,Ohio,Austin Peay,195,2046,53,69,,MAC,ASUN,,,,,,
233470231,2003-12-13,15:00,2004,regular,,final,Furman,Lander,231,2322,83,60,,Southern,,,,,,,
233470238,2003-12-13,15:00,2004,regular,,final,Vanderbilt,Weber State,238,2692,73,47,,SEC,Big Sky,,,,,,
233470245,2003-12-13,15:00,2004,regular,,final,Texas A&M,McNeese,245,2377,74,48,,Big 12,,,,,,,
233470282,2003-12-13,15:00,2004,regular,,final,Indiana State,Cincinnati,282,2132,57,54,,MVC,C-USA,,,,,,
233472193,2003-12-13,15:00,2004,regular,,final,East Tennessee State,UNC Greensboro,2193,2430,83,72,,Southern,Southern,,,,,,
233472320,2003-12-13,15:00,2004,regular,,final,Lamar,South Alabama,2320,6,50,76,,,Sun Belt,,,,,,
233472617,2003-12-13,15:00,2004,regular,,final,Stephen F. Austin,Oklahoma,2617,201,52,79,,WAC,Big 12,,,,,,
233470068,2003-12-13,16:00,2004,regular,,final,Boise State,Eastern Washington,68,331,69,72,,WAC,Big Sky,,,,,,
233470294,2003-12-13,16:00,2004,regular,,final,Jacksonville,Samford,294,2535,56,64,,ASUN,Southern,,,,,,
233472011,2003-12-13,16:00,2004,regular,,final,Savannah State,Alabama State,2542,2011,53,71,,,SWAC,,,,,,HYATT REGENCY INVITATIONAL
233472509,2003-12-13,16:00,2004,regular,,final,Purdue,UCLA,2509,26,58,57,,Big Ten,Pac-12,,,,,,AT INDIANAPOLIS IN
233472681,2003-12-13,16:00,2004,regular,,final,Wagner,Sacred Heart,2681,2529,72,62,,NEC,NEC,,,,,,
233470315,2003-12-13,17:00,2004,regular,,final,Niagara,Buffalo,315,2084,87,75,,MAAC,MAC,,,,,,
233470328,2003-12-13,17:00,2004,regular,,final,Utah State,Northern Colorado,328,2458,70,73,,Big West,Big Sky,,,,,,
233472351,2003-12-13,17:00,2004,regular,,final,Loyola Marymount,Cal Poly,2351,13,67,66,,WCC,Big West,,,,,,
233472440,2003-12-13,17:00,2004,regular,,final,Nevada,Sacramento State,2440,16,65,55,,WAC,Big Sky,,,,,,
233472466,2003-12-13,17:00,2004,regular,,final,Northwestern State,Belhaven,2466,2056,88,43,,,,,,,,,
233472523,2003-12-13,17:00,2004,regular,,final,Robert Morris,St. Francis (PA),2523,2598,55,82,,NEC,NEC,,,,,,
233470278,2003-12-13,17:30,2004,regular,,final,Fresno State,Santa Clara,278,2541,71,61,,WAC,WCC,,,,,,
233470235,2003-12-13,18:00,2004,regular,,final,Memphis,Arkansas-Pine Bluff,235,2029,88,38,,C-USA,SWAC,,,,,,
233472241,2003-12-13,18:00,2004,regular,,final,Gardner-Webb,Campbell,2241,2097,57,58,,ASUN,ASUN,,,,,,
233472640,2003-12-13,18:30,2004,regular,,final,Texas Southern,Utah Valley,2640,3084,62,49,,SWAC,WAC,,,,,,CYCLONE CLASSIC
233470030,2003-12-13,19:00,2004,regular,,final,USC,San Diego,30,301,82,65,,Pac-12,WCC,,,,,,
233470061,2003-12-13,19:00,2004,regular,,final,Georgia,Middle Tennessee,61,2393,65,50,,SEC,Sun Belt,,,,,,
233470153,2003-12-13,19:00,2004,regular,,final,North Carolina,Wofford,153,2747,94,40,,ACC,Southern,,,,,,
233470228,2003-12-13,19:00,2004,regular,,final,Clemson,Western Kentucky,228,98,87,75,,ACC,Sun Belt,,,,,,
233470324,2003-12-13,19:00,2004,regular,,final,Coastal Carolina,South Carolina State,324,2569,52,62,,Big South,MEAC,,,,,,
233472230,2003-12-13,19:00,2004,regular,,final,Fordham,Stony Brook,2230,2619,54,47,,A 10,Am. East,,,,,,
233472649,2003-12-13,19:00,2004,regular,,final,Toledo,Michigan State,2649,127,49,72,,MAC,Big Ten,,,,,,
233472737,2003-12-13,19:00,2004,regular,,final,Winthrop,Wingate,2737,351,72,64,,Big South,,,,,,,
233472751,2003-12-13,19:30,2004,regular,,final,Wyoming,Mont St Billings,2751,2407,62,51,,Mountain West,,,,,,,AT CASPER WY
233470099,2003-12-13,20:00,2004,regular,,final,LSU,UL Monroe,99,2433,86,48,,SEC,Sun Belt,,,,,,
233470139,2003-12-13,20:00,2004,regular,,final,Saint Louis,Drake,139,2181,72,58,,C-USA,MVC,,,,,,
233470151,2003-12-13,20:00,2004,regular,,final,East Carolina,UNC Wilmington,151,350,70,60,,C-USA,CAA,,,,,,
233472239,2003-12-13,20:00,2004,regular,,final,Cal State Fullerton,UNLV,2239,2439,59,71,,Big West,Mountain West,,,,,,
233472305,2003-12-13,20:00,2004,regular,,final,Kansas,Ball State,2305,2050,70,55,,Big 12,MAC,,,,,,
233472572,2003-12-13,20:00,2004,regular,,final,Southern Miss,Sam Houston,2572,2534,74,51,,C-USA,WAC,,,,,,
233470055,2003-12-13,21:00,2004,regular,,final,Jacksonville State,UAB,55,5,73,66,,ASUN,C-USA,,,,,,
233470066,2003-12-13,21:00,2004,regular,,final,Iowa State,LIU Brooklyn,66,2341,79,53,,Big 12,NEC,,,,,,CYCLONE CLASSIC
233470254,2003-12-13,21:00,2004,regular,,final,Utah,Washington State,254,265,61,51,,Mountain West,Pac-12,,,,,,
233470253,2003-12-13,21:05,2004,regular,,final,Southern Utah,Montana Tech,253,148,76,52,,WAC,,,,,,,
233470304,2003-12-13,22:00,2004,regular,,final,Idaho,Idaho State,70,304,81,77,,Big West,Big Sky,,,,,,AT MEMORIAL GYM
233470300,2003-12-13,22:30,2004,regular,,final,UC Irvine,Montana State,300,147,72,83,,Big West,Big Sky,,,,,,
233480150,2003-12-14,13:00,2004,regular,,final,Duke,Tulsa,150,202,90,36,,ACC,WAC,,,,,,
233480164,2003-12-14,13:00,2004,regular,,final,Rutgers,TCU,164,2628,73,65,,Big East,C-USA,,,,,,
233482169,2003-12-14,13:00,2004,regular,,final,Delaware State,West Virginia,2169,277,59,56,,MEAC,Big East,,,,,,
233480052,2003-12-14,14:00,2004,regular,,final,Florida State,South Florida,52,58,65,58,,ACC,C-USA,,,,,,
233480059,2003-12-14,14:00,2004,regular,,final,Georgia Tech,UCF,59,2116,70,48,,ACC,ASUN,,,,,,
233480108,2003-12-14,14:00,2004,regular,,final,Harvard,Boston University,108,104,91,74,,Ivy,Am. East,,,,,,
233480111,2003-12-14,14:00,2004,regular,,final,Northeastern,UMass,111,113,69,56,,Am. East,A 10,,,,,,
233480152,2003-12-14,14:00,2004,regular,,final,NC State,Indiana,152,84,93,91,,ACC,Big Ten,,,,,,
233480213,2003-12-14,14:00,2004,regular,,final,Penn State,Pittsburgh,213,221,96,44,,Big Ten,Big East,,,,,,
233480251,2003-12-14,14:00,2004,regular,,final,Texas,North Texas,251,249,91,50,,Big 12,Sun Belt,,,,,,
233480257,2003-12-14,14:00,2004,regular,,final,Richmond,Liberty,257,2335,82,68,,A 10,Big South,,,,,,
233482352,2003-12-14,14:00,2004,regular,,final,Loyola Maryland,Delaware,2352,48,25,54,,MAAC,CAA,,,,,,
233482429,2003-12-14,14:00,2004,regular,,final,Charlotte,South Carolina,2429,2579,67,84,,C-USA,SEC,,,,,,
233482542,2003-12-14,14:00,2004,regular,,final,Savannah State,Morgan State,2542,2415,61,52,,,MEAC,,,,,,HYATT REGENCY INVITATIONAL
233482599,2003-12-14,14:00,2004,regular,,final,St. John's,Saint Peter's,2599,2612,61,63,,Big East,MAAC,,,,,,
233482710,2003-12-14,14:00,2004,regular,,final,Western Illinois,Rockford,2710,2524,93,36,,,,,,,,,
233480002,2003-12-14,15:00,2004,regular,,final,Auburn,Prairie View A&M,2,2504,100,48,,SEC,SWAC,,,,,,
233480012,2003-12-14,15:00,2004,regular,,final,Arizona,Texas State,12,326,94,56,,Pac-12,Sun Belt,,,,,,
233480024,2003-12-14,15:00,2004,regular,,final,Stanford,Tennessee,24,2633,66,70,,Pac-12,SEC,,,,,,
233480057,2003-12-14,15:00,2004,regular,,final,Florida,UC Santa Barbara,57,2540,75,49,,SEC,Big West,,,,,,
233480097,2003-12-14,15:00,2004,regular,,final,Louisville,Jackson State,97,2296,76,48,,C-USA,SWAC,,,,,,
233480154,2003-12-14,15:00,2004,regular,,final,Wake Forest,North Carolina A&T,154,2448,87,29,,ACC,MEAC,,,,,,
233480269,2003-12-14,15:00,2004,regular,,final,Marquette,VCU,269,2670,67,45,,C-USA,CAA,,,,,,AT WISCONSIN LUTHERAN FIELD HOUS
233480288,2003-12-14,15:00,2004,regular,,final,Lipscomb,Ole Miss,288,145,74,71,,ASUN,SEC,,,,,,
233480356,2003-12-14,15:00,2004,regular,,final,Illinois,Pepperdine,356,2492,84,41,,Big Ten,WCC,,,,,,
233482306,2003-12-14,15:00,2004,regular,,final,Kansas State,Creighton,2306,156,94,60,,Big 12,MVC,,,,,,
233482348,2003-12-14,15:00,2004,regular,,final,Louisiana Tech,Mississippi State,2348,344,94,65,,WAC,SEC,,,,,,
233482515,2003-12-14,15:00,2004,regular,,final,Radford,Norfolk State,2515,2450,58,71,,Big South,MEAC,,,,,,
233482653,2003-12-14,15:00,2004,regular,,final,Troy,Murray State,2653,93,68,60,,ASUN,MVC,,,,,,
233480158,2003-12-14,15:05,2004,regular,,final,Nebraska,Louisiana,158,309,61,59,,Big 12,Sun Belt,,,,,,
233482287,2003-12-14,15:05,2004,regular,,final,Illinois State,UIC,2287,82,74,64,,MVC,Horizon,,,,,,
233482674,2003-12-14,15:05,2004,regular,,final,Valparaiso,Loyola Chicago,2674,2350,61,45,,MVC,Horizon,,,,,,
233480167,2003-12-14,16:00,2004,regular,,final,New Mexico,New Mexico State,167,166,62,39,,Mountain West,Sun Belt,,,,,,
233482247,2003-12-14,16:00,2004,regular,,final,Georgia State,Alabama A&M,2247,2010,67,60,,ASUN,SWAC,,,,,,HYATT REGENCY INVITATIONAL
233482460,2003-12-14,16:05,2004,regular,,final,Northern Iowa,Kansas City,2460,140,79,52,,MVC,,,,,,,
233480021,2003-12-14,17:00,2004,regular,,final,San Diego State,SMU,21,2567,55,64,,Mountain West,WAC,,,,,,
233482250,2003-12-14,17:00,2004,regular,,final,Gonzaga,UC Riverside,2250,27,68,54,,WCC,Big West,,,,,,
233482501,2003-12-14,17:00,2004,regular,,final,Portland,Montana,2501,149,55,66,,WCC,Big Sky,,,,,,
233482539,2003-12-14,17:00,2004,regular,,final,San Francisco,Colorado State,2539,36,63,71,,WCC,Mountain West,,,,,,
233480305,2003-12-14,17:30,2004,regular,,final,DePaul,Southern Illinois,305,79,102,57,,C-USA,MVC,,,,,,AT ALLSTATE ARENA
233482630,2003-12-14,18:00,2004,regular,,final,UT Martin,Evansville,2630,339,62,66,,,MVC,,,,,,
233480292,2003-12-14,20:00,2004,regular,,final,UT Rio Grande Valley,Oral Roberts,292,198,57,67,,,,,,,,,
233480062,2003-12-14,22:00,2004,regular,,final,Hawai'i,Saint Mary's,62,2608,75,71,,WAC,WCC,,,,,,HAWAII INVITATIONAL
233490154,2003-12-15,11:30,2004,regular,,final,Wake Forest,Florida A&M,154,50,87,57,,ACC,MEAC,,,,,,
233490228,2003-12-15,17:00,2004,regular,,final,Clemson,East Tennessee State,228,2193,82,45,,ACC,Southern,,,,,,
233492065,2003-12-15,18:00,2004,regular,,final,Bethune-Cookman,Grambling,2065,2755,80,52,,MEAC,SWAC,,,,,,
233490232,2003-12-15,19:00,2004,regular,,final,Charleston,Chattanooga,232,236,43,71,,Southern,Southern,,,,,,
233490276,2003-12-15,19:00,2004,regular,,final,Marshall,Austin Peay,276,2046,50,53,,MAC,ASUN,,,,,,
233490295,2003-12-15,19:00,2004,regular,,final,Old Dominion,Florida International,295,2229,77,66,,CAA,Sun Belt,,,,,,
233490099,2003-12-15,20:00,2004,regular,,final,LSU,Sam Houston,99,2534,74,38,,SEC,WAC,,,,,,
233490239,2003-12-15,20:00,2004,regular,,final,Baylor,SE Louisiana,239,2545,79,46,,Big 12,,,,,,,
233490250,2003-12-15,20:00,2004,regular,,final,UT Arlington,Saint Mary's,250,2608,66,73,,WAC,WCC,,,,,,HAWAII INVITATIONAL
233490333,2003-12-15,20:00,2004,regular,,final,Alabama,Tennessee Tech,333,2635,83,61,,SEC,,,,,,,
233492433,2003-12-15,20:00,2004,regular,,final,UL Monroe,New Orleans,2433,2443,80,58,,Sun Belt,Sun Belt,,,,,,
233492634,2003-12-15,20:00,2004,regular,,final,Tennessee State,Middle Tennessee,2634,2393,63,82,,,Sun Belt,,,,,,
233492546,2003-12-15,20:30,2004,regular,,final,Southeast Missouri State,Northern Illinois,2546,2459,59,57,,,MAC,,,,,,
233492464,2003-12-15,21:05,2004,regular,,final,Northern Arizona,Cal State Northridge,2464,2463,68,55,,Big Sky,Big West,,,,,,
233492351,2003-12-15,22:00,2004,regular,,final,Loyola Marymount,UNLV,2351,2439,76,64,,WCC,Mountain West,,,,,,
233500077,2003-12-16,13:00,2004,regular,,final,Northwestern,West Virginia,77,277,60,57,,Big Ten,Big East,,,,,,
233502473,2003-12-16,17:15,2004,regular,,final,Oakland,Ohio,2473,195,79,55,,Horizon,MAC,,,,,,
233500344,2003-12-16,17:45,2004,regular,,final,Mississippi State,UT Martin,344,2630,94,61,,SEC,,,,,,,AT TUPELO MS
233502542,2003-12-16,18:00,2004,regular,,final,Savannah State,Louisiana,2542,309,49,45,,,Sun Belt,,,,,,
233500085,2003-12-16,19:00,2004,regular,,final,IUPUI,Illinois State,85,2287,67,81,,Horizon,MVC,,,,,,
233500179,2003-12-16,19:00,2004,regular,,final,St. Bonaventure,Niagara,179,315,73,69,,A 10,MAAC,,,,,,
233500350,2003-12-16,19:00,2004,regular,,final,UNC Wilmington,Coastal Carolina,350,324,47,33,,CAA,Big South,,,,,,
233502117,2003-12-16,19:00,2004,regular,,final,Central Michigan,Detroit Mercy,2117,2174,45,63,,MAC,Horizon,,,,,,
233502132,2003-12-16,19:00,2004,regular,,final,Cincinnati,UC Santa Barbara,2132,2540,70,71,,C-USA,Big West,,,,,,
233502390,2003-12-16,19:00,2004,regular,,final,Miami,Dartmouth,2390,159,74,53,,Big East,Ivy,,,,,,
233502598,2003-12-16,19:00,2004,regular,,final,St. Francis (PA),Canisius,2598,2099,79,84,,NEC,MAAC,,,,,,
233502750,2003-12-16,19:00,2004,regular,,final,Wright State,Akron,2750,2006,59,62,,Horizon,MAC,,,,,,
233502523,2003-12-16,19:30,2004,regular,,final,Robert Morris,Cleveland State,2523,325,55,74,,NEC,Horizon,,,,,,
233502692,2003-12-16,19:45,2004,regular,,final,Weber State,North Texas,2692,249,70,65,,Big Sky,Sun Belt,,,,,,
233500003,2003-12-16,20:00,2004,regular,,final,Birmingham-Southern,Ole Miss,3,145,56,89,,Big South,SEC,,,,,,
233500006,2003-12-16,20:00,2004,regular,,final,South Alabama,Alabama State,6,2011,62,57,,Sun Belt,SWAC,,,,,,
233502535,2003-12-16,20:00,2004,regular,,final,Samford,UNC Asheville,2535,2427,53,45,,Southern,Big South,,,,,,
233500079,2003-12-16,20:05,2004,regular,,final,Southern Illinois,Southern Miss,79,2572,55,59,,MVC,C-USA,,,,,,
233500198,2003-12-16,20:05,2004,regular,,final,Oral Roberts,Arkansas-Pine Bluff,198,2029,89,63,,,SWAC,,,,,,
233500253,2003-12-16,21:05,2004,regular,,final,Southern Utah,UTSA,253,2636,82,73,,WAC,C-USA,,,,,,
233502638,2003-12-16,21:05,2004,regular,,final,UTEP,Cal Poly,2638,13,80,62,,WAC,Big West,,,,,,
233500204,2003-12-16,22:00,2004,regular,,final,Oregon State,Utah,204,254,71,62,,Pac-12,Mountain West,,,,,,
233500264,2003-12-16,22:00,2004,regular,,final,Washington,Denver,264,2172,82,51,,Pac-12,Sun Belt,,,,,,
233502502,2003-12-16,22:00,2004,regular,,final,Portland State,UC Irvine,2502,300,61,60,,Big Sky,Big West,,,,,,
233502541,2003-12-16,22:00,2004,regular,,final,Santa Clara,Oregon,2541,2483,56,68,,WCC,Pac-12,,,,,,
233500331,2003-12-16,22:05,2004,regular,,final,Eastern Washington,UC Riverside,331,27,96,81,,Big Sky,Big West,,,,,,
233500062,2003-12-17,00:00,2004,regular,,final,Hawai'i,UT Arlington,62,250,51,59,,WAC,WAC,,,,,,HAWAII INVITATIONAL
233512032,2003-12-17,18:00,2004,regular,,final,Arkansas State,Richmond,2032,257,56,76,,Sun Belt,A 10,,,,,,WOMENS COLLEGEHOOPS.COM CLASSIC
233512447,2003-12-17,18:15,2004,regular,,final,Nicholls,Loyola (LA),2447,100,74,78,,,,,,,,,
233510152,2003-12-17,19:00,2004,regular,,final,NC State,Florida A&M,152,50,72,65,,ACC,MEAC,,,,,,
233510153,2003-12-17,19:00,2004,regular,,final,North Carolina,Western Michigan,153,2711,81,52,,ACC,MAC,,,,,,
233510163,2003-12-17,19:00,2004,regular,,final,Princeton,Wagner,163,2681,65,44,,Ivy,NEC,,,,,,
233510231,2003-12-17,19:00,2004,regular,,final,Furman,Georgia,231,61,51,86,,Southern,SEC,,,,,,
233510232,2003-12-17,19:00,2004,regular,,final,Charleston,Morehead State,232,2413,56,73,,Southern,,,,,,,
233510294,2003-12-17,19:00,2004,regular,,final,Jacksonville,Stetson,294,56,55,72,,ASUN,ASUN,,,,,,
233512057,2003-12-17,19:00,2004,regular,,final,Belmont,Wofford,2057,2747,86,71,,ASUN,Southern,,,,,,
233512198,2003-12-17,19:00,2004,regular,,final,Eastern Kentucky,Western Carolina,2198,2717,93,71,,ASUN,Southern,,,,,,
233512325,2003-12-17,19:00,2004,regular,,final,La Salle,Howard,2325,47,70,49,,A 10,MEAC,,,,,,
233512448,2003-12-17,19:00,2004,regular,,final,North Carolina A&T,South Carolina State,2448,2569,57,58,,MEAC,MEAC,,,,,,
233512450,2003-12-17,19:00,2004,regular,,final,Norfolk State,Pittsburgh,2450,221,44,64,,MEAC,Big East,,,,,,
233512520,2003-12-17,19:00,2004,regular,,final,Rider,St. Francis Brooklyn,2520,2597,90,54,,MAAC,NEC,,,,,,
233512670,2003-12-17,19:00,2004,regular,,final,VCU,Campbell,2670,2097,73,36,,CAA,ASUN,,,,,,
233510005,2003-12-17,20:00,2004,regular,,final,UAB,Tennessee Tech,5,2635,56,63,,C-USA,,,,,,,
233510099,2003-12-17,20:00,2004,regular,,final,LSU,Kent State,99,2309,73,49,,SEC,MAC,,,,,,WOMENS COLLEGEHOOPS.COM CLASSIC
233510245,2003-12-17,20:00,2004,regular,,final,Texas A&M,UL Monroe,245,2433,78,69,,Big 12,Sun Belt,,,,,,
233510251,2003-12-17,20:00,2004,regular,,final,Texas,UT Rio Grande Valley,251,292,90,25,,Big 12,,,,,,,
233510305,2003-12-17,20:00,2004,regular,,final,DePaul,Tennessee,305,2633,89,96,,C-USA,SEC,,,,,,
233512393,2003-12-17,20:00,2004,regular,,final,Middle Tennessee,Chicago State,2393,2130,78,55,,Sun Belt,,,,,,,
233510030,2003-12-17,22:00,2004,regular,,final,USC,SMU,30,2567,64,48,,Pac-12,WAC,,,,,,
233512463,2003-12-17,22:00,2004,regular,,final,Cal State Northridge,UCLA,2463,26,66,74,,Big West,Pac-12,,,,,,
233512492,2003-12-17,22:00,2004,regular,,final,Pepperdine,Michigan State,2492,127,55,71,,WCC,Big Ten,,,,,,
233520295,2003-12-18,13:00,2004,regular,,final,Old Dominion,Georgia Tech,295,59,57,56,,CAA,ACC,,,,,,
233522169,2003-12-18,18:00,2004,regular,,final,Delaware State,Drexel,2169,2182,54,46,,MEAC,CAA,,,,,,
233522309,2003-12-18,18:00,2004,regular,,final,Kent State,Arkansas State,2309,2032,63,67,,MAC,Sun Belt,,,,,,WOMENS COLLEGEHOOPS.COM CLASSIC
233522542,2003-12-18,18:00,2004,regular,,final,Savannah State,Grambling,2542,2755,59,53,,,SWAC,,,,,,
233520041,2003-12-18,19:00,2004,regular,,final,UConn,Arizona State,41,9,81,55,,Big East,Pac-12,,,,,,AT HARTFORD CT
233520045,2003-12-18,19:00,2004,regular,,final,George Washington,Oregon,45,2483,72,52,,A 10,Pac-12,,,,,,
233520085,2003-12-18,19:00,2004,regular,,final,IUPUI,Loyola Marymount,85,2351,63,66,,Horizon,WCC,,,,,,
233520179,2003-12-18,19:00,2004,regular,,final,St. Bonaventure,Marquette,179,269,69,65,,A 10,C-USA,,,,,,
233520194,2003-12-18,19:00,2004,regular,,final,Ohio State,Wright State,194,2750,88,45,,Big Ten,Horizon,,,,,,AT ST JOHN ARENA
233520236,2003-12-18,19:00,2004,regular,,final,Chattanooga,UNC Greensboro,236,2430,68,57,,Southern,Southern,,,,,,
233520325,2003-12-18,19:00,2004,regular,,final,Cleveland State,Louisville,325,97,79,68,,Horizon,C-USA,,,,,,
233522065,2003-12-18,19:00,2004,regular,,final,Bethune-Cookman,Alabama,2065,333,44,77,,MEAC,SEC,,,,,,UCF HOLIDAY CLASSIC
233522127,2003-12-18,19:00,2004,regular,,final,Charleston Southern,Morehead State,2127,2413,53,62,,Big South,,,,,,,
233522166,2003-12-18,19:00,2004,regular,,final,Davidson,Winthrop,2166,2737,72,57,,Southern,Big South,,,,,,
233522193,2003-12-18,19:00,2004,regular,,final,East Tennessee State,Elon,2193,2210,64,54,,Southern,Southern,,,,,,
233522229,2003-12-18,19:00,2004,regular,,final,Florida International,Dartmouth,2229,159,80,69,,Sun Belt,Ivy,,,,,,
233522296,2003-12-18,19:00,2004,regular,,final,Jackson State,Jacksonville State,2296,55,73,70,,SWAC,ASUN,,,,,,
233522341,2003-12-18,19:00,2004,regular,,final,LIU Brooklyn,Loyola Chicago,2341,2350,43,53,,NEC,Horizon,,,,,,
233522378,2003-12-18,19:00,2004,regular,,final,UMBC,American University,2378,44,41,57,,Am. East,Patriot,,,,,,
233522427,2003-12-18,19:00,2004,regular,,final,UNC Asheville,Appalachian State,2427,2026,70,61,,Big South,Southern,,,,,,
233522579,2003-12-18,19:00,2004,regular,,final,South Carolina,Louisiana,2579,309,72,59,,SEC,Sun Belt,,,,,,
233522603,2003-12-18,19:00,2004,regular,,final,Saint Joseph's,Virginia,2603,258,74,67,,A 10,ACC,,,,,,
233522752,2003-12-18,19:00,2004,regular,,final,Xavier,Lipscomb,2752,288,72,65,,A 10,ASUN,,,,,,
233520008,2003-12-18,20:00,2004,regular,,final,Arkansas,Northwestern State,8,2466,78,62,,SEC,,,,,,,AT HOT SPRINGS AR
233520082,2003-12-18,20:00,2004,regular,,final,UIC,Northwestern,82,77,77,78,,Horizon,Big Ten,,,,,,
233520098,2003-12-18,20:00,2004,regular,,final,Western Kentucky,Ole Miss,98,145,73,64,,Sun Belt,SEC,,,,,,
233520099,2003-12-18,20:00,2004,regular,,final,LSU,Richmond,99,257,76,53,,SEC,A 10,,,,,,WOMENS COLLEGEHOOPS.COM CLASSIC
233520242,2003-12-18,20:00,2004,regular,,final,Rice,Stanford,242,24,62,72,,WAC,Pac-12,,,,,,
233520326,2003-12-18,20:00,2004,regular,,final,Kansas City,Texas State,140,326,82,46,,,Sun Belt,,,,,,
233520344,2003-12-18,20:00,2004,regular,,final,Mississippi State,Southern,344,2582,69,46,,SEC,SWAC,,,,,,MISSISSIPPI STATE CLASSIC
233522534,2003-12-18,20:00,2004,regular,,final,Sam Houston,Houston Christian,2534,2277,44,56,,WAC,,,,,,,
233522545,2003-12-18,20:00,2004,regular,,final,SE Louisiana,Troy,2545,2653,71,61,,,ASUN,,,,,,
233522630,2003-12-18,20:00,2004,regular,,final,UT Martin,Little Rock,2630,2031,72,69,,,Sun Belt,,,,,,
233522634,2003-12-18,20:00,2004,regular,,final,Tennessee State,Alabama A&M,2634,2010,43,69,,,SWAC,,,,,,
233522655,2003-12-18,20:00,2004,regular,,final,Tulane,James Madison,2655,256,66,64,,C-USA,CAA,,,,,,
233522710,2003-12-18,20:00,2004,regular,,final,Western Illinois,Bradley,2710,71,70,58,,,MVC,,,,,,
233522287,2003-12-18,20:05,2004,regular,,final,Illinois State,Portland State,2287,2502,62,38,,MVC,Big Sky,,,,,,
233522459,2003-12-18,20:05,2004,regular,,final,Northern Illinois,Saint Louis,2459,139,67,61,,MAC,C-USA,,,,,,
233522005,2003-12-18,21:00,2004,regular,,final,Air Force,Northern Colorado,2005,2458,75,60,,Mountain West,Big Sky,,,,,,
233522541,2003-12-18,22:00,2004,regular,,final,Santa Clara,Oklahoma State,2541,197,87,91,,WCC,Big 12,,,,,,
233520299,2003-12-18,22:30,2004,regular,,final,Long Beach State,Northern Arizona,299,2464,62,47,,Big West,Big Sky,,,,,,BEACH CLASSIC
233532065,2003-12-19,15:30,2004,regular,,final,Bethune-Cookman,Florida,2065,57,50,86,,MEAC,SEC,,,,,,UCF HOLIDAY CLASSIC
233532657,2003-12-19,16:00,2004,regular,,final,Tuskegee,Grambling,2657,2755,73,69,,,SWAC,,,,,,
233532083,2003-12-19,17:00,2004,regular,,final,Bucknell,Akron,2083,2006,68,55,,Patriot,MAC,,,,,,
233532116,2003-12-19,17:30,2004,regular,,final,UCF,Alabama,2116,333,41,63,,ASUN,SEC,,,,,,UCF HOLIDAY CLASSIC
233530005,2003-12-19,19:00,2004,regular,,final,UAB,Florida Atlantic,5,2226,95,73,,C-USA,ASUN,,,,,,LADY BLAZER INVITATIONAL
233530163,2003-12-19,19:00,2004,regular,,final,Princeton,Wake Forest,163,154,41,58,,Ivy,ACC,,,,,,
233530315,2003-12-19,19:00,2004,regular,,final,Niagara,Oakland,315,2473,75,64,,MAAC,Horizon,,,,,,
233532132,2003-12-19,19:00,2004,regular,,final,Cincinnati,Oregon State,2132,204,55,61,,C-USA,Pac-12,,,,,,
233532509,2003-12-19,19:00,2004,regular,,final,Purdue,UC Santa Barbara,2509,2540,65,61,,Big Ten,Big West,,,,,,
233532711,2003-12-19,19:00,2004,regular,,final,Western Michigan,Utah State,2711,328,116,65,,MAC,Big West,,,,,,
233532754,2003-12-19,19:00,2004,regular,,final,Youngstown State,Clemson,2754,228,75,79,,Horizon,ACC,,,,,,
233532523,2003-12-19,19:30,2004,regular,,final,Robert Morris,Pittsburgh,2523,221,47,61,,NEC,Big East,,,,,,
233530218,2003-12-19,20:00,2004,regular,,final,Temple,Villanova,218,222,57,66,,A 10,Big East,,,,,,
233530249,2003-12-19,20:00,2004,regular,,final,North Texas,Houston,249,248,62,74,,Sun Belt,C-USA,,,,,,
233530292,2003-12-19,20:00,2004,regular,,final,UT Rio Grande Valley,Marshall,292,276,59,74,,,MAC,,,,,,
233530305,2003-12-19,20:00,2004,regular,,final,DePaul,Alabama State,305,2011,99,63,,C-USA,SWAC,,,,,,
233530357,2003-12-19,20:00,2004,regular,,final,Texas A&M-Corpus Christi,Central Michigan,357,2117,66,49,,,MAC,,,,,,
233532377,2003-12-19,20:00,2004,regular,,final,McNeese,Southern,2377,2582,61,77,,,SWAC,,,,,,MISSISSIPPI STATE CLASSIC
233532572,2003-12-19,20:00,2004,regular,,final,Southern Miss,Mercer,2572,2382,65,44,,C-USA,ASUN,,,,,,
233530003,2003-12-19,21:00,2004,regular,,final,Birmingham-Southern,Belmont,3,2057,55,65,,Big South,ASUN,,,,,,LADY BLAZER INVITATIONAL
233532751,2003-12-19,21:00,2004,regular,,final,Wyoming,Portland,2751,2501,43,59,,Mountain West,WCC,,,,,,
233530253,2003-12-19,21:05,2004,regular,,final,Southern Utah,Eastern Washington,253,331,70,58,,WAC,Big Sky,,,,,,
233530149,2003-12-19,21:35,2004,regular,,final,Montana,Saint Mary's,149,2608,74,49,,Big Sky,WCC,,,,,,
233530023,2003-12-19,22:00,2004,regular,,final,San José State,UC Irvine,23,300,68,48,,WAC,Big West,,,,,,
233530025,2003-12-19,22:00,2004,regular,,final,California,Nevada,25,2440,62,51,,Pac-12,WAC,,,,,,
233530026,2003-12-19,22:00,2004,regular,,final,UCLA,Michigan State,26,127,43,47,,Pac-12,Big Ten,,,,,,
233532239,2003-12-19,22:00,2004,regular,,final,Cal State Fullerton,Fresno State,2239,278,53,71,,Big West,WAC,,,,,,
233532539,2003-12-19,22:00,2004,regular,,final,San Francisco,Canisius,2539,2099,84,51,,WCC,MAAC,,,,,,
233530027,2003-12-19,22:10,2004,regular,,final,UC Riverside,South Florida,27,58,59,93,,Big West,C-USA,,,,,,
233530264,2003-12-19,22:30,2004,regular,,final,Washington,Texas Tech,264,2641,70,74,,Pac-12,Big 12,,,,,,
233532439,2003-12-19,22:30,2004,regular,,final,UNLV,UTSA,2439,2636,76,44,,Mountain West,C-USA,,,,,,
233532464,2003-12-19,22:30,2004,regular,,final,Northern Arizona,New Orleans,2464,2443,63,58,,Big Sky,Sun Belt,,,,,,BEACH CLASSIC
233540231,2003-12-20,12:00,2004,regular,,final,Furman,Chattanooga,231,236,65,70,,Southern,Southern,,,,,,
233542116,2003-12-20,12:00,2004,regular,,final,UCF,Florida,2116,57,48,79,,ASUN,SEC,,,,,,UCF HOLIDAY CLASSIC
233542193,2003-12-20,12:00,2004,regular,,final,East Tennessee State,Wofford,2193,2747,74,68,,Southern,Southern,,,,,,
233540099,2003-12-20,12:30,2004,regular,,final,LSU,SE Louisiana,99,2545,97,47,,SEC,,,,,,,
233540046,2003-12-20,13:00,2004,regular,,final,Georgetown,Loyola Maryland,46,2352,70,53,,Big East,MAAC,,,,,,
233540120,2003-12-20,13:00,2004,regular,,final,Maryland,UMBC,120,2378,72,38,,ACC,Am. East,,,,,,
233540258,2003-12-20,13:00,2004,regular,,final,Virginia,Wagner,258,2681,87,53,,ACC,NEC,,,,,,
233540261,2003-12-20,13:00,2004,regular,,final,Vermont,Central Connecticut,261,2115,65,44,,Am. East,NEC,,,,,,
233540324,2003-12-20,13:00,2004,regular,,final,Coastal Carolina,Louisiana,324,309,56,62,,Big South,Sun Belt,,,,,,BEACH BALL CLASSIC
233540349,2003-12-20,13:00,2004,regular,,final,Army,Auburn,349,2,37,54,,Patriot,SEC,,,,,,
233542066,2003-12-20,13:00,2004,regular,,final,Binghamton,Lehigh,2066,2329,62,55,,Am. East,Patriot,,,,,,
233542550,2003-12-20,13:00,2004,regular,,final,Seton Hall,Northeastern,2550,111,53,49,,Big East,Am. East,,,,,,NAVY CLASSIC
233540047,2003-12-20,14:00,2004,regular,,final,Howard,St. Francis (PA),47,2598,73,98,,MEAC,NEC,,,,,,
233540119,2003-12-20,14:00,2004,regular,,final,Towson,Maryland-Eastern Shore,119,2379,92,67,,CAA,MEAC,,,,,,
233540152,2003-12-20,14:00,2004,regular,,final,NC State,Eastern Michigan,152,2199,64,55,,ACC,MAC,,,,,,SAN JUAN SHOOTOUT
233540171,2003-12-20,14:00,2004,regular,,final,Columbia,Loyola Chicago,171,2350,72,61,,Ivy,Horizon,,,,,,
233540172,2003-12-20,14:00,2004,regular,,final,Cornell,Syracuse,172,183,82,62,,Ivy,Big East,,,,,,
233540193,2003-12-20,14:00,2004,regular,,final,Miami (OH),Kentucky,193,96,58,64,,MAC,SEC,,,,,,
233540194,2003-12-20,14:00,2004,regular,,final,Ohio State,St. John's,194,2599,67,53,,Big Ten,Big East,,,,,,BUCKEYE CLASSIC
233540232,2003-12-20,14:00,2004,regular,,final,Charleston,Davidson,232,2166,49,65,,Southern,Southern,,,,,,
233542026,2003-12-20,14:00,2004,regular,,final,Appalachian State,Elon,2026,2210,75,79,,Southern,Southern,,,,,,
233542154,2003-12-20,14:00,2004,regular,,final,Coppin State,Saint Peter's,2154,2612,59,56,,MEAC,MAAC,,,,,,
233542174,2003-12-20,14:00,2004,regular,,final,Detroit Mercy,Louisville,2174,97,40,64,,Horizon,C-USA,,,,,,
233542244,2003-12-20,14:00,2004,regular,,final,George Mason,Monmouth,2244,2405,78,63,,CAA,NEC,,,,,,
233542305,2003-12-20,14:00,2004,regular,,final,Kansas,UT Arlington,2305,250,71,52,,Big 12,WAC,,,,,,DENVER WELLS FARGO CLASSIC
233542448,2003-12-20,14:00,2004,regular,,final,North Carolina A&T,UNC Asheville,2448,2427,54,64,,MEAC,Big South,,,,,,
233542466,2003-12-20,14:00,2004,regular,,final,Northwestern State,Duke,2466,150,53,105,,,ACC,,,,,,
233542597,2003-12-20,14:00,2004,regular,,final,St. Francis Brooklyn,La Salle,2597,2325,53,67,,NEC,A 10,,,,,,
233542729,2003-12-20,14:00,2004,regular,,final,William & Mary,American University,2729,44,72,58,,CAA,Patriot,,,,,,
233540003,2003-12-20,15:00,2004,regular,,final,Birmingham-Southern,Florida Atlantic,3,2226,74,72,,Big South,ASUN,,,,,,LADY BLAZER INVITATIONAL
233540056,2003-12-20,15:00,2004,regular,,final,Stetson,Charleston Southern,56,2127,78,68,,ASUN,Big South,,,,,,
233540082,2003-12-20,15:00,2004,regular,,final,UIC,Portland State,82,2502,72,60,,Horizon,Big Sky,,,,,,
233540116,2003-12-20,15:00,2004,regular,,final,Mount St. Mary's,VCU,116,2670,50,63,,NEC,CAA,,,,,,
233540252,2003-12-20,15:00,2004,regular,,final,BYU,Idaho State,252,304,56,54,,Mountain West,Big Sky,,,,,,
233540325,2003-12-20,15:00,2004,regular,,final,Cleveland State,Ohio,325,195,59,68,,Horizon,MAC,,,,,,
233542046,2003-12-20,15:00,2004,regular,,final,Austin Peay,Middle Tennessee,2046,2393,46,61,,ASUN,Sun Belt,,,,,,
233542430,2003-12-20,15:00,2004,regular,,final,UNC Greensboro,Campbell,2430,2097,56,61,,Southern,ASUN,,,,,,
233542579,2003-12-20,15:00,2004,regular,,final,South Carolina,North Carolina,2579,153,53,77,,SEC,ACC,,,,,,BEACH BALL CLASSIC
233542710,2003-12-20,15:00,2004,regular,,final,Western Illinois,Indiana State,2710,282,75,67,,,MVC,,,,,,
233540079,2003-12-20,15:05,2004,regular,,final,Southern Illinois,Northwestern,79,77,41,56,,MVC,Big Ten,,,,,,
233542426,2003-12-20,15:15,2004,regular,,final,Navy,Eastern Illinois,2426,2197,88,62,,Patriot,,,,,,,NAVY CLASSIC
233540068,2003-12-20,16:00,2004,regular,,final,Boise State,Utah Valley,68,3084,90,53,,WAC,WAC,,,,,,
233540227,2003-12-20,16:00,2004,regular,,final,Rhode Island,Harvard,227,108,73,57,,A 10,Ivy,,,,,,
233542168,2003-12-20,16:00,2004,regular,,final,Dayton,Pennsylvania,2168,219,69,90,,A 10,Ivy,,,,,,BUCKEYE CLASSIC
233542172,2003-12-20,16:00,2004,regular,,final,Denver,Lafayette,2172,322,76,69,,Sun Belt,Patriot,,,,,,DENVER WELLS FARGO CLASSIC
233542296,2003-12-20,16:00,2004,regular,,final,Jackson State,Tennessee State,2296,2634,70,35,,SWAC,,,,,,,
233542503,2003-12-20,16:00,2004,regular,,final,PR Mayaguez,Baylor,2503,239,25,103,,,Big 12,,,,,,SAN JUAN SHOOTOUT
233542717,2003-12-20,16:00,2004,regular,,final,Western Carolina,Georgia Southern,2717,290,58,62,,Southern,Southern,,,,,,
233540005,2003-12-20,17:00,2004,regular,,final,UAB,Belmont,5,2057,74,68,,C-USA,ASUN,,,,,,LADY BLAZER INVITATIONAL
233540254,2003-12-20,17:00,2004,regular,,final,Utah,Weber State,254,2692,51,38,,Mountain West,Big Sky,,,,,,
233542230,2003-12-20,17:00,2004,regular,,final,Fordham,Jacksonville,2230,294,69,57,,A 10,ASUN,,,,,,
233540251,2003-12-20,17:30,2004,regular,,final,Texas,Georgia,251,61,71,58,,Big 12,SEC,,,,,,
233540235,2003-12-20,18:00,2004,regular,,final,Memphis,Little Rock,235,2031,61,48,,C-USA,Sun Belt,,,,,,AT THE PYRAMID
233542655,2003-12-20,18:00,2004,regular,,final,Tulane,Nicholls,2655,2447,77,55,,C-USA,,,,,,,
233542184,2003-12-20,18:35,2004,regular,,final,Duquesne,West Virginia,2184,277,68,86,,A 10,Big East,,,,,,
233540084,2003-12-20,19:00,2004,regular,,final,Indiana,Arkansas,84,8,70,78,,Big Ten,SEC,,,,,,
233540107,2003-12-20,19:00,2004,regular,,final,Holy Cross,Arizona State,107,9,56,81,,Patriot,Pac-12,,,,,,
233542649,2003-12-20,19:00,2004,regular,,final,Toledo,Marquette,2649,269,58,66,,MAC,C-USA,,,,,,
233540021,2003-12-20,19:30,2004,regular,,final,San Diego State,Oral Roberts,21,198,54,63,,Mountain West,,,,,,,
233540093,2003-12-20,20:00,2004,regular,,final,Murray State,Chicago State,93,2130,67,63,,MVC,,,,,,,
233540288,2003-12-20,20:00,2004,regular,,final,Lipscomb,Southeast Missouri State,288,2546,52,47,,ASUN,,,,,,,
233540299,2003-12-20,20:00,2004,regular,,final,Long Beach State,New Orleans,299,2443,70,68,,Big West,Sun Belt,,,,,,BEACH CLASSIC
233540344,2003-12-20,20:00,2004,regular,,final,Mississippi State,McNeese,344,2377,81,58,,SEC,,,,,,,MISSISSIPPI STATE CLASSIC
233542016,2003-12-20,20:00,2004,regular,,final,Alcorn State,Lamar,2016,2320,70,63,,SWAC,,,,,,,
233542492,2003-12-20,20:00,2004,regular,,final,Pepperdine,Fairleigh Dickinson,2492,161,77,54,,WCC,NEC,,,,,,MALIBU BEACH CLASSIC
233540030,2003-12-20,20:30,2004,regular,,final,USC,Colorado,30,38,67,69,,Pac-12,Big 12,,,,,,
233540016,2003-12-20,21:00,2004,regular,,final,Sacramento State,UC Irvine,16,300,41,55,,Big Sky,Big West,,,,,,
233540167,2003-12-20,21:00,2004,regular,,final,New Mexico,Arizona,167,12,49,50,,Mountain West,Pac-12,,,,,,
233540253,2003-12-20,21:05,2004,regular,,final,Southern Utah,Westminster (UT),253,224,89,61,,WAC,,,,,,,
233542638,2003-12-20,21:05,2004,regular,,final,UTEP,New Mexico State,2638,166,68,64,,WAC,Sun Belt,,,,,,
233540070,2003-12-20,22:00,2004,regular,,final,Idaho,Washington State,70,265,72,57,,Big West,Pac-12,,,,,,
233542500,2003-12-20,22:00,2004,regular,,final,Point Loma,UC Riverside,2500,27,72,45,,,Big West,,,,,,
233542628,2003-12-20,22:15,2004,regular,,final,TCU,Florida State,2628,52,81,68,,C-USA,ACC,,,,,,MALIBU BEACH CLASSIC
233552168,2003-12-21,12:00,2004,regular,,final,Dayton,St. John's,2168,2599,61,73,,A 10,Big East,,,,,,BUCKEYE CLASSIC
233552603,2003-12-21,12:00,2004,regular,,final,Saint Joseph's,UConn,2603,41,34,87,,A 10,Big East,,,,,,AT THE PALESTRA
233550111,2003-12-21,13:00,2004,regular,,final,Northeastern,Eastern Illinois,111,2197,68,58,,Am. East,,,,,,,NAVY CLASSIC
233550163,2003-12-21,13:00,2004,regular,,final,Princeton,Georgia Tech,163,59,66,67,,Ivy,ACC,,,,,,
233550221,2003-12-21,13:00,2004,regular,,final,Pittsburgh,Clemson,221,228,47,62,,Big East,ACC,,,,,,
233550311,2003-12-21,13:00,2004,regular,,final,Maine,Rider,311,2520,85,73,,Am. East,MAAC,,,,,,
233552084,2003-12-21,13:00,2004,regular,,final,Buffalo,Oakland,2084,2473,55,64,,MAC,Horizon,,,,,,
233552132,2003-12-21,13:00,2004,regular,,final,Cincinnati,Loyola Marymount,2132,2351,59,48,,C-USA,WCC,,,,,,
233552641,2003-12-21,13:00,2004,regular,,final,Texas Tech,Stanford,2641,24,55,46,,Big 12,Pac-12,,,,,,
233552750,2003-12-21,13:00,2004,regular,,final,Wright State,Morehead State,2750,2413,94,74,,Horizon,,,,,,,
233552870,2003-12-21,13:00,2004,regular,,final,Purdue Fort Wayne,Utah State,2870,328,83,74,,,Big West,,,,,,
233550042,2003-12-21,14:00,2004,regular,,final,Hartford,UMass,42,113,60,53,,Am. East,A 10,,,,,,
233550103,2003-12-21,14:00,2004,regular,,final,Boston College,Sacred Heart,103,2529,94,49,,Big East,NEC,,,,,,
233550130,2003-12-21,14:00,2004,regular,,final,Michigan,Xavier,130,2752,65,56,,Big Ten,A 10,,,,,,
233550135,2003-12-21,14:00,2004,regular,,final,Minnesota,Green Bay,135,2739,75,55,,Big Ten,Horizon,,,,,,
233550154,2003-12-21,14:00,2004,regular,,final,Wake Forest,East Carolina,154,151,64,68,,ACC,C-USA,,,,,,
233550194,2003-12-21,14:00,2004,regular,,final,Ohio State,Pennsylvania,194,219,95,54,,Big Ten,Ivy,,,,,,BUCKEYE CLASSIC
233550213,2003-12-21,14:00,2004,regular,,final,Penn State,Louisiana Tech,213,2348,84,87,,Big Ten,WAC,,,,,,
233550256,2003-12-21,14:00,2004,regular,,final,James Madison,Virginia Tech,256,259,53,60,,CAA,Big East,,,,,,
233550322,2003-12-21,14:00,2004,regular,,final,Lafayette,UT Arlington,322,250,59,81,,Patriot,WAC,,,,,,DENVER WELLS FARGO CLASSIC
233550339,2003-12-21,14:00,2004,regular,,final,Evansville,Missouri,339,142,72,78,,MVC,Big 12,,,,,,
233550357,2003-12-21,14:00,2004,regular,,final,Texas A&M-Corpus Christi,Texas State,357,326,78,49,,,Sun Belt,,,,,,
233552006,2003-12-21,14:00,2004,regular,,final,Akron,Youngstown State,2006,2754,67,62,,MAC,Horizon,,,,,,
233552083,2003-12-21,14:00,2004,regular,,final,Bucknell,Albany,2083,399,62,45,,Patriot,Am. East,,,,,,
233552086,2003-12-21,14:00,2004,regular,,final,Butler,Illinois State,2086,2287,69,83,,Horizon,MVC,,,,,,
233552142,2003-12-21,14:00,2004,regular,,final,Colgate,Quinnipiac,2142,2514,77,83,,Patriot,NEC,,,,,,
233552229,2003-12-21,14:00,2004,regular,,final,Florida International,Alabama,2229,333,61,55,,Sun Belt,SEC,,,,,,
233552309,2003-12-21,14:00,2004,regular,,final,Kent State,St. Bonaventure,2309,179,69,60,,MAC,A 10,,,,,,
233552368,2003-12-21,14:00,2004,regular,,final,Marist,Auburn,2368,2,47,63,,MAAC,SEC,,,,,,
233552390,2003-12-21,14:00,2004,regular,,final,Miami,Richmond,2390,257,80,73,,Big East,A 10,,,,,,
233552429,2003-12-21,14:00,2004,regular,,final,Charlotte,UNC Wilmington,2429,350,53,48,,C-USA,CAA,,,,,,
233552503,2003-12-21,14:00,2004,regular,,final,PR Mayaguez,NC State,2503,152,24,94,,,ACC,,,,,,SAN JUAN SHOOTOUT
233550071,2003-12-21,15:00,2004,regular,,final,Bradley,Northern Illinois,71,2459,53,48,,MVC,MAC,,,,,,
233550139,2003-12-21,15:00,2004,regular,,final,Saint Louis,Vanderbilt,139,238,56,71,,C-USA,SEC,,,,,,
233550201,2003-12-21,15:00,2004,regular,,final,Oklahoma,Tennessee,201,2633,55,71,,Big 12,SEC,,,,,,
233550202,2003-12-21,15:00,2004,regular,,final,Tulsa,Kansas City,202,140,86,80,,WAC,,,,,,,
233550249,2003-12-21,15:00,2004,regular,,final,North Texas,SMU,249,2567,66,70,,Sun Belt,WAC,,,,,,
233550292,2003-12-21,15:00,2004,regular,,final,UT Rio Grande Valley,Central Michigan,292,2117,40,56,,,MAC,,,,,,
233550305,2003-12-21,15:00,2004,regular,,final,DePaul,Valparaiso,305,2674,70,47,,C-USA,MVC,,,,,,
233550356,2003-12-21,15:00,2004,regular,,final,Illinois,Alabama State,356,2011,89,70,,Big Ten,SWAC,,,,,,
233552534,2003-12-21,15:00,2004,regular,,final,Sam Houston,Rice,2534,242,51,64,,WAC,WAC,,,,,,
233550158,2003-12-21,15:05,2004,regular,,final,Nebraska,Creighton,158,156,70,62,,Big 12,MVC,,,,,,
233552032,2003-12-21,15:05,2004,regular,,final,Arkansas State,Stephen F. Austin,2032,2617,91,73,,Sun Belt,WAC,,,,,,
233552294,2003-12-21,15:05,2004,regular,,final,Iowa,Drake,2294,2181,79,65,,Big Ten,MVC,,,,,,
233552426,2003-12-21,15:15,2004,regular,,final,Navy,Seton Hall,2426,2550,53,60,,Patriot,Big East,,,,,,NAVY CLASSIC
233550245,2003-12-21,15:30,2004,regular,,final,Texas A&M,Marshall,245,276,56,61,,Big 12,MAC,,,,,,
233550006,2003-12-21,16:00,2004,regular,,final,South Alabama,Southern,6,2582,65,52,,Sun Belt,SWAC,,,,,,
233550036,2003-12-21,16:00,2004,regular,,final,Colorado State,Saint Mary's,36,2608,72,54,,Mountain West,WCC,,,,,,
233550066,2003-12-21,16:00,2004,regular,,final,Iowa State,Washington,66,264,55,76,,Big 12,Pac-12,,,,,,
233550166,2003-12-21,16:00,2004,regular,,final,New Mexico State,Nevada,166,2440,54,53,,Sun Belt,WAC,,,,,,
233550239,2003-12-21,16:00,2004,regular,,final,Baylor,Eastern Michigan,239,2199,85,70,,Big 12,MAC,,,,,,SAN JUAN SHOOTOUT
233552005,2003-12-21,16:00,2004,regular,,final,Air Force,Portland,2005,2501,57,51,,Mountain West,WCC,,,,,,
233552113,2003-12-21,16:00,2004,regular,,final,Centenary,Southern Miss,2113,2572,54,74,,,C-USA,,,,,,
233552172,2003-12-21,16:00,2004,regular,,final,Denver,Kansas,2172,2305,69,63,,Sun Belt,Big 12,,,,,,DENVER WELLS FARGO CLASSIC
233552241,2003-12-21,16:00,2004,regular,,final,Gardner-Webb,Radford,2241,2515,63,89,,ASUN,Big South,,,,,,
233550025,2003-12-21,17:00,2004,regular,,final,California,Canisius,25,2099,65,45,,Pac-12,MAAC,,,,,,
233550026,2003-12-21,17:00,2004,regular,,final,UCLA,Fresno State,26,278,69,56,,Pac-12,WAC,,,,,,
233550301,2003-12-21,17:00,2004,regular,,final,San Diego,Pacific,301,279,70,66,,WCC,Big West,,,,,,
233552539,2003-12-21,17:00,2004,regular,,final,San Francisco,Cal Poly,2539,13,64,62,,WCC,Big West,,,,,,
233552541,2003-12-21,17:00,2004,regular,,final,Santa Clara,San José State,2541,23,62,75,,WCC,WAC,,,,,,
233552439,2003-12-21,18:00,2004,regular,,final,UNLV,South Florida,2439,58,74,61,,Mountain West,C-USA,,,,,,
233550052,2003-12-21,20:00,2004,regular,,final,Florida State,Fairleigh Dickinson,52,161,88,77,,ACC,NEC,,,,,,MALIBU BEACH CLASSIC
233552492,2003-12-21,22:15,2004,regular,,final,Pepperdine,TCU,2492,2628,69,86,,WCC,C-USA,,,,,,MALIBU BEACH CLASSIC
233562382,2003-12-22,12:00,2004,regular,,final,Mercer,Winthrop,2382,2737,64,58,,ASUN,Big South,,,,,,
233560046,2003-12-22,13:00,2004,regular,,final,Georgetown,St. Francis (PA),46,2598,71,63,,Big East,NEC,,,,,,
233560057,2003-12-22,13:00,2004,regular,,final,Florida,George Washington,57,45,80,63,,SEC,A 10,,,,,,
233560087,2003-12-22,13:00,2004,regular,,final,Notre Dame,USC,87,30,73,62,,Big East,Pac-12,,,,,,
233562430,2003-12-22,14:00,2004,regular,,final,UNC Greensboro,Appalachian State,2430,2026,79,66,,Southern,Southern,,,,,,
233562503,2003-12-22,14:00,2004,regular,,final,PR Mayaguez,Eastern Michigan,2503,2199,24,104,,,MAC,,,,,,SAN JUAN SHOOTOUT
233562638,2003-12-22,14:00,2004,regular,,final,UTEP,Montana State,2638,147,81,43,,WAC,Big Sky,,,,,,
233560239,2003-12-22,16:00,2004,regular,,final,Baylor,NC State,239,152,79,63,,Big 12,ACC,,,,,,SAN JUAN SHOOTOUT
233562174,2003-12-22,16:30,2004,regular,,final,Detroit Mercy,Western Michigan,2174,2711,62,65,,Horizon,MAC,,,,,,
233562230,2003-12-22,17:00,2004,regular,,final,Fordham,George Mason,2230,2244,66,60,,A 10,CAA,,,,,,
233562184,2003-12-22,18:00,2004,regular,,final,Duquesne,Siena,2184,2561,74,65,,A 10,MAAC,,,,,,
233562747,2003-12-22,18:00,2004,regular,,final,Wofford,Chattanooga,2747,236,49,77,,Southern,Southern,,,,,,
233560048,2003-12-22,19:00,2004,regular,,final,Delaware,Manhattan,48,2363,63,42,,CAA,MAAC,,,,,,
233560084,2003-12-22,19:00,2004,regular,,final,Indiana,Western Illinois,84,2710,81,74,,Big Ten,,,,,,,
233560085,2003-12-22,19:00,2004,regular,,final,IUPUI,Bowling Green,85,189,89,74,,Horizon,MAC,,,,,,
233560290,2003-12-22,19:00,2004,regular,,final,Georgia Southern,Charleston,290,232,66,57,,Southern,Southern,,,,,,
233562166,2003-12-22,19:00,2004,regular,,final,Davidson,Western Carolina,2166,2717,54,62,,Southern,Southern,,,,,,
233562415,2003-12-22,19:00,2004,regular,,final,Morgan State,Towson,2415,119,47,66,,MEAC,CAA,,,,,,
233562463,2003-12-22,19:30,2004,regular,,final,Cal State Northridge,New Orleans,2463,2443,63,65,,Big West,Sun Belt,,,,,,
233562507,2003-12-22,19:30,2004,regular,,final,Providence,Harvard,2507,108,59,73,,Big East,Ivy,,,,,,
233560055,2003-12-22,20:00,2004,regular,,final,Jacksonville State,Troy,55,2653,79,62,,ASUN,ASUN,,,,,,
233560098,2003-12-22,20:00,2004,regular,,final,Western Kentucky,Kentucky,98,96,63,76,,Sun Belt,SEC,,,,,,
233560099,2003-12-22,20:00,2004,regular,,final,LSU,Temple,99,218,68,52,,SEC,A 10,,,,,,
233560275,2003-12-22,20:00,2004,regular,,final,Wisconsin,Milwaukee,275,270,54,49,,Big Ten,Horizon,,,,,,
233560288,2003-12-22,20:00,2004,regular,,final,Lipscomb,Austin Peay,288,2046,60,65,,ASUN,ASUN,,,,,,
233562393,2003-12-22,20:00,2004,regular,,final,Middle Tennessee,South Carolina State,2393,2569,76,54,,Sun Belt,MEAC,,,,,,
233560265,2003-12-22,22:00,2004,regular,,final,Washington State,San Diego State,265,21,56,63,,Pac-12,Mountain West,,,,,,
233560301,2003-12-22,22:00,2004,regular,,final,San Diego,Oral Roberts,301,198,77,57,,WCC,,,,,,,
233562635,2003-12-22,22:00,2004,regular,,final,Tennessee Tech,Northern Iowa,2635,2460,73,76,,,MVC,,,,,,PARADISE CLASSIC
233570202,2003-12-23,16:00,2004,regular,,final,Tulsa,Texas A&M-Corpus Christi,202,357,74,63,,WAC,,,,,,,
233572350,2003-12-23,16:00,2004,regular,,final,Loyola Chicago,DePaul,2350,305,63,101,,Horizon,C-USA,,,,,,
233572870,2003-12-23,19:00,2004,regular,,final,Purdue Fort Wayne,Indiana State,2870,282,61,104,,,MVC,,,,,,
233572460,2003-12-23,20:00,2004,regular,,final,Northern Iowa,Fairfield,2460,2217,83,77,,MVC,MAAC,,,,,,PARADISE CLASSIC
233572623,2003-12-23,20:05,2004,regular,,final,Missouri State,Southeast Missouri State,2623,2546,87,59,,MVC,,,,,,,
233560062,2003-12-23,22:00,2004,regular,,final,Hawai'i,Tennessee Tech,62,2635,65,67,,WAC,,,,,,,PARADISE CLASSIC
233610052,2003-12-27,12:30,2004,regular,,final,Florida State,LSU,52,99,68,75,,ACC,SEC,,,,,,RUSSELL ACC/SEC SHOOTOUT
233612130,2003-12-27,14:00,2004,regular,,final,Chicago State,Ball State,2130,2050,74,83,,,MAC,,,,,,
233612655,2003-12-27,14:00,2004,regular,,final,Tulane,Marist,2655,2368,46,60,,C-USA,MAAC,,,,,,TULANE/DOUBLE TREE CLASSIC
233610025,2003-12-27,15:00,2004,regular,,final,California,Oregon,25,2483,61,57,,Pac-12,Pac-12,,,,,,
233610059,2003-12-27,15:00,2004,regular,,final,Georgia Tech,Georgia,59,61,62,78,,ACC,SEC,,,,,,RUSSELL ACC/SEC SHOOTOUT
233610012,2003-12-27,16:00,2004,regular,,final,Arizona,Washington,12,264,89,74,,Pac-12,Pac-12,,,,,,
233610043,2003-12-27,16:30,2004,regular,,final,Yale,San José State,43,23,53,71,,Ivy,WAC,,,,,,TULANE/DOUBLE TREE CLASSIC
233610024,2003-12-27,17:00,2004,regular,,final,Stanford,Oregon State,24,204,88,65,,Pac-12,Pac-12,,,,,,
233610045,2003-12-27,19:00,2004,regular,,final,George Washington,Quinnipiac,45,2514,76,54,,A 10,NEC,,,,,,
233610009,2003-12-27,20:30,2004,regular,,final,Arizona State,Washington State,9,265,68,61,,Pac-12,Pac-12,,,,,,
233620104,2003-12-28,13:00,2004,regular,,final,Boston University,Fairleigh Dickinson,104,161,78,64,,Am. East,NEC,,,,,,
233620154,2003-12-28,13:00,2004,regular,,final,Wake Forest,Holy Cross,154,107,85,56,,ACC,Patriot,,,,,,LADY LUCK CLASSIC
233620311,2003-12-28,13:00,2004,regular,,final,Maine,SMU,311,2567,43,44,,Am. East,WAC,,,,,,
233620315,2003-12-28,13:00,2004,regular,,final,Niagara,Youngstown State,315,2754,73,66,,MAAC,Horizon,,,,,,
233622229,2003-12-28,13:00,2004,regular,,final,Florida International,Albany,2229,399,57,61,,Sun Belt,Am. East,,,,,,SUN & FUN CLASSIC
233620058,2003-12-28,14:00,2004,regular,,final,South Florida,Canisius,58,2099,78,57,,C-USA,MAAC,,,,,,
233620097,2003-12-28,14:00,2004,regular,,final,Louisville,Florida Atlantic,97,2226,93,67,,C-USA,ASUN,,,,,,
233620103,2003-12-28,14:00,2004,regular,,final,Boston College,UNC Greensboro,103,2430,84,53,,Big East,Southern,,,,,,
233620193,2003-12-28,14:00,2004,regular,,final,Miami (OH),Portland,193,2501,84,63,,MAC,WCC,,,,,,
233620221,2003-12-28,14:00,2004,regular,,final,Pittsburgh,Xavier,221,2752,48,72,,Big East,A 10,,,,,,
233620257,2003-12-28,14:00,2004,regular,,final,Richmond,William & Mary,257,2729,87,58,,A 10,CAA,,,,,,
233620258,2003-12-28,14:00,2004,regular,,final,Virginia,Temple,258,218,72,71,,ACC,A 10,,,,,,CAVALIER CLASSIC
233622117,2003-12-28,14:00,2004,regular,,final,Central Michigan,Colgate,2117,2142,69,64,,MAC,Patriot,,,,,,
233622174,2003-12-28,14:00,2004,regular,,final,Detroit Mercy,Michigan,2174,130,48,64,,Horizon,Big Ten,,,,,,
233622363,2003-12-28,14:00,2004,regular,,final,Manhattan,Wagner,2363,2681,58,67,,MAAC,NEC,,,,,,
233622597,2003-12-28,14:00,2004,regular,,final,St. Francis Brooklyn,New Hampshire,2597,160,47,63,,NEC,Am. East,,,,,,
233622603,2003-12-28,14:00,2004,regular,,final,Saint Joseph's,Stony Brook,2603,2619,69,53,,A 10,Am. East,,,,,,HAWK CLASSIC
233622655,2003-12-28,14:00,2004,regular,,final,Tulane,Yale,2655,43,74,62,,C-USA,Ivy,,,,,,TULANE/DOUBLE TREE CLASSIC
233620164,2003-12-28,15:00,2004,regular,,final,Rutgers,Old Dominion,164,295,69,45,,Big East,CAA,,,,,,
233620201,2003-12-28,15:00,2004,regular,,final,Oklahoma,Illinois,201,356,70,53,,Big 12,Big Ten,,,,,,
233620202,2003-12-28,15:00,2004,regular,,final,Tulsa,UT Rio Grande Valley,202,292,71,41,,WAC,,,,,,,
233620259,2003-12-28,15:00,2004,regular,,final,Virginia Tech,Furman,259,231,83,70,,Big East,Southern,,,,,,LADY LUCK CLASSIC
233620349,2003-12-28,15:00,2004,regular,,final,Army,Robert Morris,349,2523,70,58,,Patriot,NEC,,,,,,
233622031,2003-12-28,15:00,2004,regular,,final,Little Rock,Arkansas-Pine Bluff,2031,2029,74,52,,Sun Belt,SWAC,,,,,,
233622275,2003-12-28,15:00,2004,regular,,final,Hofstra,Pepperdine,2275,2492,50,52,,CAA,WCC,,,,,,SUN & FUN CLASSIC
233622617,2003-12-28,15:00,2004,regular,,final,Stephen F. Austin,Arkansas,2617,8,61,79,,WAC,SEC,,,,,,
233622633,2003-12-28,15:00,2004,regular,,final,Tennessee,Texas,2633,251,60,70,,SEC,Big 12,,,,,,
233622294,2003-12-28,15:05,2004,regular,,final,Iowa,Creighton,2294,156,72,84,,Big Ten,MVC,,,,,,
233620023,2003-12-28,16:00,2004,regular,,final,San José State,Marist,23,2368,59,49,,WAC,MAAC,,,,,,TULANE/DOUBLE TREE CLASSIC
233620038,2003-12-28,16:00,2004,regular,,final,Colorado,Wyoming,38,2751,71,39,,Big 12,Mountain West,,,,,,
233620166,2003-12-28,16:00,2004,regular,,final,New Mexico State,Northern Illinois,166,2459,60,55,,Sun Belt,MAC,,,,,,
233622429,2003-12-28,16:00,2004,regular,,final,Charlotte,George Mason,2429,2244,52,70,,C-USA,CAA,,,,,,HAWK CLASSIC
233622464,2003-12-28,16:05,2004,regular,,final,Northern Arizona,Utah,2464,254,45,69,,Big Sky,Mountain West,,,,,,
233622608,2003-12-28,16:05,2004,regular,,final,Saint Mary's,Nevada,2608,2440,76,73,,WCC,WAC,,,,,,
233620135,2003-12-28,16:30,2004,regular,,final,Minnesota,Georgia State,135,2247,81,52,,Big Ten,ASUN,,,,,,CAVALIER CLASSIC
233620030,2003-12-28,17:00,2004,regular,,final,USC,UCLA,30,26,64,51,,Pac-12,Pac-12,,,,,,
233620238,2003-12-28,17:00,2004,regular,,final,Vanderbilt,Rhode Island,238,227,74,61,,SEC,A 10,,,,,,GATORADE HOLIDAY CLASSIC
233620279,2003-12-28,17:00,2004,regular,,final,Pacific,Iona,279,314,74,63,,Big West,MAAC,,,,,,
233622463,2003-12-28,17:00,2004,regular,,final,Cal State Northridge,Denver,2463,2172,75,87,,Big West,Sun Belt,,,,,,
233622540,2003-12-28,17:00,2004,regular,,final,UC Santa Barbara,Ohio State,2540,194,59,73,,Big West,Big Ten,,,,,,
233620235,2003-12-28,17:05,2004,regular,,final,Memphis,Idaho,235,70,73,64,,C-USA,Big West,,,,,,LADY GRIZ HOLIDAY CLASSIC
233622261,2003-12-28,18:00,2004,regular,,final,Hampton,Duke,2261,150,59,90,,MEAC,ACC,,,,,,MARINA DEL REY MARRIOTT BEACH CL
233622439,2003-12-28,18:00,2004,regular,,final,UNLV,Mississippi State,2439,344,62,51,,Mountain West,SEC,,,,,,
233622390,2003-12-28,19:00,2004,regular,,final,Miami,Toledo,2390,2649,68,57,,Big East,MAC,,,,,,GATORADE HOLIDAY CLASSIC
233620149,2003-12-28,19:05,2004,regular,,final,Montana,Princeton,149,163,68,54,,Big Sky,Ivy,,,,,,LADY GRIZ HOLIDAY CLASSIC
233622351,2003-12-28,20:00,2004,regular,,final,Loyola Marymount,Northwestern,2351,77,63,45,,WCC,Big Ten,,,,,,MARINA DEL REY MARRIOTT BEACH CL
233620301,2003-12-28,21:00,2004,regular,,final,San Diego,Georgetown,301,46,65,58,,WCC,Big East,,,,,,SURF & SLAM HOOP CLASSIC
233622641,2003-12-28,23:00,2004,regular,,final,Texas Tech,Maryland,2641,120,65,53,,Big 12,ACC,,,,,,SURF & SLAM HOOP CLASSIC
233630002,2003-12-29,14:00,2004,regular,,final,Auburn,Alabama A&M,2,2010,95,28,,SEC,SWAC,,,,,,AUBURN HOLIDAY CLASSIC
233632429,2003-12-29,14:00,2004,regular,,final,Charlotte,Stony Brook,2429,2619,88,77,,C-USA,Am. East,,,,,,HAWK CLASSIC
233630294,2003-12-29,16:00,2004,regular,,final,Jacksonville,UNC Asheville,294,2427,41,64,,ASUN,Big South,,,,,,
233632413,2003-12-29,16:00,2004,regular,,final,Morehead State,Georgia,2413,61,42,92,,,SEC,,,,,,EKU COMFORT SUITES CLASSIC
233632603,2003-12-29,16:00,2004,regular,,final,Saint Joseph's,George Mason,2603,2244,59,68,,A 10,CAA,,,,,,HAWK CLASSIC
233632309,2003-12-29,16:15,2004,regular,,final,Kent State,Northwestern State,2309,2466,74,78,,MAC,,,,,,,AUBURN HOLIDAY CLASSIC
233630218,2003-12-29,16:30,2004,regular,,final,Temple,Georgia State,218,2247,60,48,,A 10,ASUN,,,,,,CAVALIER CLASSIC
233630231,2003-12-29,17:00,2004,regular,,final,Furman,Holy Cross,231,107,68,57,,Southern,Patriot,,,,,,LADY LUCK CLASSIC
233630350,2003-12-29,17:00,2004,regular,,final,UNC Wilmington,Fairfield,350,2217,74,71,,CAA,MAAC,,,,,,BLUE SKY CLASSIC
233632229,2003-12-29,17:00,2004,regular,,final,Florida International,Hofstra,2229,2275,80,56,,Sun Belt,CAA,,,,,,SUN AND FUN CLASSIC
233632325,2003-12-29,17:00,2004,regular,,final,La Salle,Coppin State,2325,2154,71,57,,A 10,MEAC,,,,,,LA SALLE INVITATIONAL
233632541,2003-12-29,17:00,2004,regular,,final,Santa Clara,Alabama,2541,333,65,77,,WCC,SEC,,,,,,
233632649,2003-12-29,17:00,2004,regular,,final,Toledo,Rhode Island,2649,227,54,73,,MAC,A 10,,,,,,GATORADE HOLIDAY CLASSIC
233632352,2003-12-29,17:30,2004,regular,,final,Loyola Maryland,Liberty,2352,2335,62,70,,MAAC,Big South,,,,,,LAFAYETTE COLLEGE HOLIDAY TOURNA
233632433,2003-12-29,17:45,2004,regular,,final,UL Monroe,Samford,2433,2535,71,57,,Sun Belt,Southern,,,,,,COCA-COLA CLASSIC
233632198,2003-12-29,18:00,2004,regular,,final,Eastern Kentucky,Bowling Green,2198,189,57,70,,ASUN,MAC,,,,,,EKU COMFORT SUITES CLASSIC
233632628,2003-12-29,18:15,2004,regular,,final,TCU,Lamar,2628,2320,95,50,,C-USA,,,,,,,
233630005,2003-12-29,19:00,2004,regular,,final,UAB,Brown,5,225,57,50,,C-USA,Ivy,,,,,,LADY BLAZER INVITATIONAL
233630041,2003-12-29,19:00,2004,regular,,final,UConn,NC State,41,152,87,53,,Big East,ACC,,,,,,AT HARTFORD CT
233630042,2003-12-29,19:00,2004,regular,,final,Hartford,Central Connecticut,42,2115,55,43,,Am. East,NEC,,,,,,
233630052,2003-12-29,19:00,2004,regular,,final,Florida State,Troy,52,2653,80,42,,ACC,ASUN,,,,,,
233630127,2003-12-29,19:00,2004,regular,,final,Michigan State,Cincinnati,127,2132,55,43,,Big Ten,C-USA,,,,,,
233630159,2003-12-29,19:00,2004,regular,,final,Dartmouth,Kansas,159,2305,86,78,,Ivy,Big 12,,,,,,BLUE SKY CLASSIC
233630228,2003-12-29,19:00,2004,regular,,final,Clemson,Coastal Carolina,228,324,84,65,,ACC,Big South,,,,,,
233630258,2003-12-29,19:00,2004,regular,,final,Virginia,Minnesota,258,135,53,73,,ACC,Big Ten,,,,,,CAVALIER CLASSIC
233630259,2003-12-29,19:00,2004,regular,,final,Virginia Tech,Wake Forest,259,154,70,59,,Big East,ACC,,,,,,LADY LUCK CLASSIC
233632182,2003-12-29,19:00,2004,regular,,final,Drexel,Rider,2182,2520,92,62,,CAA,MAAC,,,,,,
233632272,2003-12-29,19:00,2004,regular,,final,High Point,North Carolina A&T,2272,2448,50,52,,Big South,MEAC,,,,,,
233632390,2003-12-29,19:00,2004,regular,,final,Miami,Vanderbilt,2390,238,79,57,,Big East,SEC,,,,,,GATORADE HOLIDAY CLASSIC
233632426,2003-12-29,19:00,2004,regular,,final,Navy,Air Force,2426,2005,73,60,,Patriot,Mountain West,,,,,,
233632492,2003-12-29,19:00,2004,regular,,final,Pepperdine,Albany,2492,399,70,49,,WCC,Am. East,,,,,,SUN AND FUN CLASSIC
233632507,2003-12-29,19:00,2004,regular,,final,Providence,Bucknell,2507,2083,66,79,,Big East,Patriot,,,,,,LA SALLE INVITATIONAL
233632515,2003-12-29,19:00,2004,regular,,final,Radford,UMBC,2515,2378,64,56,,Big South,Am. East,,,,,,
233632561,2003-12-29,19:00,2004,regular,,final,Siena,St. Bonaventure,2561,179,64,45,,MAAC,A 10,,,,,,
233630163,2003-12-29,19:05,2004,regular,,final,Princeton,Idaho,163,70,54,62,,Ivy,Big West,,,,,,LADY GRIZ HOLIDAY CLASSIC
233630322,2003-12-29,19:30,2004,regular,,final,Lafayette,Cornell,322,172,50,73,,Patriot,Ivy,,,,,,LAFAYETTE COLLEGE HOLIDAY TOURNA
233632612,2003-12-29,19:30,2004,regular,,final,Saint Peter's,Howard,2612,47,77,70,,MAAC,MEAC,,,,,,
233630006,2003-12-29,20:00,2004,regular,,final,South Alabama,Mississippi Valley State,6,2400,81,58,,Sun Belt,SWAC,,,,,,COCA-COLA CLASSIC
233630077,2003-12-29,20:00,2004,regular,,final,Northwestern,Hampton,77,2261,58,45,,Big Ten,MEAC,,,,,,MARINA DEL REY MARRIOTT BEACH CL
233630098,2003-12-29,20:00,2004,regular,,final,Western Kentucky,Western Illinois,98,2710,67,64,,Sun Belt,,,,,,,
233630139,2003-12-29,20:00,2004,regular,,final,Saint Louis,Southern Illinois,139,79,65,68,,C-USA,MVC,,,,,,
233630269,2003-12-29,20:00,2004,regular,,final,Marquette,Dayton,269,2168,73,61,,C-USA,A 10,,,,,,
233630326,2003-12-29,20:00,2004,regular,,final,Texas State,Oral Roberts,326,198,56,70,,Sun Belt,,,,,,,
233632130,2003-12-29,20:00,2004,regular,,final,Chicago State,Fordham,2130,2230,55,67,,,A 10,,,,,,
233630012,2003-12-29,21:00,2004,regular,,final,Arizona,Washington State,12,265,78,51,,Pac-12,Pac-12,,,,,,
233630036,2003-12-29,21:00,2004,regular,,final,Colorado State,Notre Dame,36,87,59,63,,Mountain West,Big East,,,,,,
233632630,2003-12-29,21:00,2004,regular,,final,UT Martin,San Diego State,2630,21,59,56,,,Mountain West,,,,,,LADY BLAZER INVITATIONAL
233630149,2003-12-29,21:05,2004,regular,,final,Montana,Memphis,149,235,74,56,,Big Sky,C-USA,,,,,,LADY GRIZ HOLIDAY CLASSIC
233630009,2003-12-29,21:30,2004,regular,,final,Arizona State,Washington,9,264,84,81,,Pac-12,Pac-12,,,,,,
233630024,2003-12-29,22:00,2004,regular,,final,Stanford,Oregon,24,2483,77,51,,Pac-12,Pac-12,,,,,,
233630025,2003-12-29,22:00,2004,regular,,final,California,Oregon State,25,204,67,70,,Pac-12,Pac-12,,,,,,
233630300,2003-12-29,22:00,2004,regular,,final,UC Irvine,Idaho State,300,304,66,75,,Big West,Big Sky,,,,,,
233632250,2003-12-29,22:00,2004,regular,,final,Gonzaga,Seattle U,2250,2547,76,40,,WCC,WAC,,,,,,
233632351,2003-12-29,22:00,2004,regular,,final,Loyola Marymount,Duke,2351,150,53,81,,WCC,ACC,,,,,,MARINA DEL REY MARRIOTT BEACH CL
233632502,2003-12-29,22:00,2004,regular,,final,Portland State,Boise State,2502,68,76,59,,Big Sky,WAC,,,,,,
233632539,2003-12-29,22:00,2004,regular,,final,San Francisco,Iona,2539,314,54,40,,WCC,MAAC,,,,,,
233630116,2003-12-30,00:00,2004,regular,,final,Mount St. Mary's,Ole Miss,116,145,64,81,,NEC,SEC,,,,,,
233640059,2003-12-30,13:00,2004,regular,,final,Georgia Tech,William & Mary,59,2729,67,57,,ACC,CAA,,,,,,ATLANTA MARRIOTT NORTHWEST CL
233640289,2003-12-30,13:00,2004,regular,,final,Mt. St. Mary's,Ole Miss,289,145,64,81,,,SEC,,,,,,CHRISTMAS CITY CLASSIC
233642737,2003-12-30,13:00,2004,regular,,final,Winthrop,Mercer,2737,2382,71,61,,Big South,ASUN,,,,,,
233640142,2003-12-30,14:00,2004,regular,,final,Missouri,Iowa,142,2294,75,65,,Big 12,Big Ten,,,,,,
233642309,2003-12-30,14:00,2004,regular,,final,Kent State,Alabama A&M,2309,2010,70,45,,MAC,SWAC,,,,,,AUBURN HOLIDAY CLASSIC
233642550,2003-12-30,14:00,2004,regular,,final,Seton Hall,South Carolina,2550,2579,57,46,,Big East,SEC,,,,,,
233640357,2003-12-30,14:30,2004,regular,,final,Texas A&M-Corpus Christi,Drake,357,2181,68,49,,,MVC,,,,,,
233640050,2003-12-30,15:00,2004,regular,,final,Florida A&M,Charleston Southern,50,2127,72,57,,MEAC,Big South,,,,,,ATLANTA MARRIOTT NORTHWEST CL
233640058,2003-12-30,15:00,2004,regular,,final,South Florida,Florida Atlantic,58,2226,82,56,,C-USA,ASUN,,,,,,
233642329,2003-12-30,15:30,2004,regular,,final,Lehigh,Marshall,2329,276,55,68,,Patriot,MAC,,,,,,CHRISTMAS CITY CLASSIC
233640021,2003-12-30,16:00,2004,regular,,final,San Diego State,Brown,21,225,47,57,,Mountain West,Ivy,,,,,,LADY BLAZER INVITATIONAL
233642413,2003-12-30,16:00,2004,regular,,final,Morehead State,Bowling Green,2413,189,51,65,,,MAC,,,,,,EKU COMFORT SUITES CLASSIC
233640002,2003-12-30,16:15,2004,regular,,final,Auburn,Northwestern State,2,2466,103,52,,SEC,,,,,,,AUBURN HOLIDAY CLASSIC
233642400,2003-12-30,16:45,2004,regular,,final,Mississippi Valley State,Samford,2400,2535,44,72,,SWAC,Southern,,,,,,COCA-COLA CLASSIC
233642305,2003-12-30,17:00,2004,regular,,final,Kansas,Fairfield,2305,2217,84,70,,Big 12,MAAC,,,,,,BLUE SKY CLASSIC
233642507,2003-12-30,17:00,2004,regular,,final,Providence,Coppin State,2507,2154,69,61,,Big East,MEAC,,,,,,LA SALLE INVITATIONAL
233640153,2003-12-30,17:30,2004,regular,,final,North Carolina,Penn State,153,213,73,60,,ACC,Big Ten,,,,,,
233640277,2003-12-30,17:30,2004,regular,,final,West Virginia,Kansas City,277,140,69,63,,Big East,,,,,,,
233640322,2003-12-30,17:30,2004,regular,,final,Lafayette,Loyola Maryland,322,2352,51,78,,Patriot,MAAC,,,,,,LAFAYETTE COLLEGE HOLIDAY TOURNA
233640005,2003-12-30,18:00,2004,regular,,final,UAB,UT Martin,5,2630,78,58,,C-USA,,,,,,,LADY BLAZER INVITATIONAL
233640057,2003-12-30,18:00,2004,regular,,final,Florida,Baylor,57,239,54,71,,SEC,Big 12,,,,,,
233640108,2003-12-30,18:00,2004,regular,,final,Harvard,Rutgers,108,164,70,77,,Ivy,Big East,,,,,,
233642198,2003-12-30,18:00,2004,regular,,final,Eastern Kentucky,Georgia,2198,61,60,92,,ASUN,SEC,,,,,,EKU COMFORT SUITES CLASSIC
233642306,2003-12-30,18:00,2004,regular,,final,Kansas State,Southeast Missouri State,2306,2546,78,42,,Big 12,,,,,,,UTSA CLASSIC
233642569,2003-12-30,18:00,2004,regular,,final,South Carolina State,East Carolina,2569,151,71,65,,MEAC,C-USA,,,,,,
233642031,2003-12-30,18:30,2004,regular,,final,Little Rock,Southern Miss,2031,2572,56,51,,Sun Belt,C-USA,,,,,,AT ALLTEL ARENA
233640006,2003-12-30,19:00,2004,regular,,final,South Alabama,UL Monroe,6,2433,59,56,,Sun Belt,Sun Belt,,,,,,COCA-COLA CLASSIC
233640044,2003-12-30,19:00,2004,regular,,final,American University,Elon,44,2210,53,72,,Patriot,Southern,,,,,,
233640045,2003-12-30,19:00,2004,regular,,final,George Washington,Tennessee,45,2633,51,65,,A 10,SEC,,,,,,
233640056,2003-12-30,19:00,2004,regular,,final,Stetson,Canisius,56,2099,59,70,,ASUN,MAAC,,,,,,
233640085,2003-12-30,19:00,2004,regular,,final,IUPUI,Central Michigan,85,2117,71,61,,Horizon,MAC,,,,,,
233640096,2003-12-30,19:00,2004,regular,,final,Kentucky,Austin Peay,96,2046,82,56,,SEC,ASUN,,,,,,
233640103,2003-12-30,19:00,2004,regular,,final,Boston College,Wisconsin,103,275,76,60,,Big East,Big Ten,,,,,,
233640113,2003-12-30,19:00,2004,regular,,final,UMass,UNC Greensboro,113,2430,63,49,,A 10,Southern,,,,,,
233640119,2003-12-30,19:00,2004,regular,,final,Towson,Norfolk State,119,2450,56,42,,CAA,MEAC,,,,,,
233640159,2003-12-30,19:00,2004,regular,,final,Dartmouth,UNC Wilmington,159,350,60,76,,Ivy,CAA,,,,,,BLUE SKY CLASSIC
233640160,2003-12-30,19:00,2004,regular,,final,New Hampshire,SMU,160,2567,63,62,,Am. East,WAC,,,,,,
233640193,2003-12-30,19:00,2004,regular,,final,Miami (OH),Valparaiso,193,2674,83,71,,MAC,MVC,,,,,,
233640256,2003-12-30,19:00,2004,regular,,final,James Madison,Duquesne,256,2184,73,58,,CAA,A 10,,,,,,
233640315,2003-12-30,19:00,2004,regular,,final,Niagara,Army,315,349,71,53,,MAAC,Patriot,,,,,,
233640325,2003-12-30,19:00,2004,regular,,final,Cleveland State,Youngstown State,325,2754,88,54,,Horizon,Horizon,,,,,,
233642086,2003-12-30,19:00,2004,regular,,final,Butler,Wright State,2086,2750,69,64,,Horizon,Horizon,,,,,,
233642193,2003-12-30,19:00,2004,regular,,final,East Tennessee State,Georgia Southern,2193,290,65,64,,Southern,Southern,,,,,,
233642199,2003-12-30,19:00,2004,regular,,final,Eastern Michigan,Colgate,2199,2142,56,55,,MAC,Patriot,,,,,,
233642325,2003-12-30,19:00,2004,regular,,final,La Salle,Bucknell,2325,2083,61,54,,A 10,Patriot,,,,,,LA SALLE INVITATIONAL
233642473,2003-12-30,19:00,2004,regular,,final,Oakland,Akron,2473,2006,51,47,,Horizon,MAC,,,,,,
233642681,2003-12-30,19:00,2004,regular,,final,Wagner,Boston University,2681,104,68,69,,NEC,Am. East,,,,,,
233642711,2003-12-30,19:00,2004,regular,,final,Western Michigan,Purdue,2711,2509,73,85,,MAC,Big Ten,,,,,,
233642717,2003-12-30,19:00,2004,regular,,final,Western Carolina,Wofford,2717,2747,79,63,,Southern,Southern,,,,,,
233640172,2003-12-30,19:30,2004,regular,,final,Cornell,Liberty,172,2335,63,65,,Ivy,Big South,,,,,,LAFAYETTE COLLEGE HOLIDAY TOURNA
233640222,2003-12-30,19:30,2004,regular,,final,Villanova,Columbia,222,171,70,40,,Big East,Ivy,,,,,,
233640008,2003-12-30,20:00,2004,regular,,final,Arkansas,McNeese,8,2377,72,52,,SEC,,,,,,,
233640066,2003-12-30,20:00,2004,regular,,final,Iowa State,Northern Iowa,66,2460,75,48,,Big 12,MVC,,,,,,
233640201,2003-12-30,20:00,2004,regular,,final,Oklahoma,Wichita State,201,2724,89,50,,Big 12,MVC,,,,,,
233640245,2003-12-30,20:00,2004,regular,,final,Texas A&M,Houston,245,248,40,46,,Big 12,C-USA,,,,,,
233640288,2003-12-30,20:00,2004,regular,,final,Lipscomb,Middle Tennessee,288,2393,47,68,,ASUN,Sun Belt,,,,,,
233640339,2003-12-30,20:00,2004,regular,,final,Evansville,Ohio,339,195,72,59,,MVC,MAC,,,,,,
233642113,2003-12-30,20:00,2004,regular,,final,Centenary,Birmingham-Southern,2113,3,72,69,,,Big South,,,,,,
233642350,2003-12-30,20:00,2004,regular,,final,Loyola Chicago,UIC,2350,82,65,62,,Horizon,Horizon,,,,,,
233642439,2003-12-30,20:00,2004,regular,,final,UNLV,Cal Poly,2439,13,83,57,,Mountain West,Big West,,,,,,
233642443,2003-12-30,20:00,2004,regular,,final,New Orleans,LIU Brooklyn,2443,2341,51,53,,Sun Belt,NEC,,,,,,
233642447,2003-12-30,20:00,2004,regular,,final,Nicholls,SE Louisiana,2447,2545,77,83,,,,,,,,,
233642534,2003-12-30,20:00,2004,regular,,final,Sam Houston,Texas Southern,2534,2640,63,68,,WAC,SWAC,,,,,,
233642636,2003-12-30,20:00,2004,regular,,final,UTSA,Alcorn State,2636,2016,74,50,,C-USA,SWAC,,,,,,UTSA CLASSIC
233642655,2003-12-30,20:00,2004,regular,,final,Tulane,LSU,2655,99,42,65,,C-USA,SEC,,,,,,AT NEW ORLEANS ARENA
233642197,2003-12-30,20:05,2004,regular,,final,Eastern Illinois,Indiana State,2197,282,70,81,,,MVC,,,,,,
233642287,2003-12-30,20:05,2004,regular,,final,Illinois State,Portland,2287,2501,74,50,,MVC,WCC,,,,,,
233640038,2003-12-30,21:00,2004,regular,,final,Colorado,Syracuse,38,183,80,45,,Big 12,Big East,,,,,,
233640046,2003-12-30,21:00,2004,regular,,final,Georgetown,Maryland,46,120,63,66,,Big East,ACC,,,,,,SURF & SLAM HOOP CLASSIC
233640242,2003-12-30,21:00,2004,regular,,final,Rice,Nebraska,242,158,56,59,,WAC,Big 12,,,,,,
233640252,2003-12-30,21:00,2004,regular,,final,BYU,Southern Utah,252,253,70,72,,Mountain West,WAC,,,,,,
233642692,2003-12-30,21:00,2004,regular,,final,Weber State,Utah State,2692,328,71,50,,Big Sky,Big West,,,,,,
233642751,2003-12-30,21:00,2004,regular,,final,Wyoming,Cal State Northridge,2751,2463,72,53,,Mountain West,Big West,,,,,,
233640166,2003-12-30,21:05,2004,regular,,final,New Mexico State,New Mexico,166,167,44,68,,Sun Belt,Mountain West,,,,,,
233642638,2003-12-30,21:05,2004,regular,,final,UTEP,Northern Illinois,2638,2459,59,63,,WAC,MAC,,,,,,
233640026,2003-12-30,22:00,2004,regular,,final,UCLA,Ohio State,26,194,71,56,,Pac-12,Big Ten,,,,,,
233640278,2003-12-30,22:00,2004,regular,,final,Fresno State,Denver,278,2172,53,50,,WAC,Sun Belt,,,,,,
233642540,2003-12-30,22:00,2004,regular,,final,UC Santa Barbara,Mississippi State,2540,344,69,62,,Big West,SEC,,,,,,
233642608,2003-12-30,22:05,2004,regular,,final,Saint Mary's,Pacific,2608,279,46,45,,WCC,Big West,,,,,,
233640027,2003-12-30,22:10,2004,regular,,final,UC Riverside,Sacramento State,27,16,58,50,,Big West,Big Sky,,,,,,
233640301,2003-12-30,23:00,2004,regular,,final,San Diego,Texas Tech,301,2641,47,95,,WCC,Big 12,,,,,,SURF & SLAM HOOP CLASSIC
233650221,2003-12-31,12:00,2004,regular,,final,Pittsburgh,Fordham,221,2230,62,48,,Big East,A 10,,,,,,
233650043,2003-12-31,13:00,2004,regular,,final,Yale,Fairleigh Dickinson,43,161,69,78,,Ivy,NEC,,,,,,
233652329,2003-12-31,13:00,2004,regular,,final,Lehigh,Mount St. Mary's,2329,116,86,83,,Patriot,NEC,,,,,,CHRISTMAS CITY CLASSIC
233652515,2003-12-31,13:00,2004,regular,,final,Radford,Campbell,2515,2097,66,56,,Big South,ASUN,,,,,,
233652729,2003-12-31,13:00,2004,regular,,final,William & Mary,Charleston Southern,2729,2127,77,52,,CAA,Big South,,,,,,ATLANTA MARRIOTT NORTHWEST CL
233652870,2003-12-31,13:00,2004,regular,,final,Purdue Fort Wayne,Murray State,2870,93,78,72,,,MVC,,,,,,
233650152,2003-12-31,14:00,2004,regular,,final,NC State,Appalachian State,152,2026,82,42,,ACC,Southern,,,,,,
233650257,2003-12-31,14:00,2004,regular,,final,Richmond,VCU,257,2670,75,58,,A 10,CAA,,,,,,
233652368,2003-12-31,14:00,2004,regular,,final,Marist,Delaware State,2368,2169,62,50,,MAAC,MEAC,,,,,,
233652752,2003-12-31,14:00,2004,regular,,final,Xavier,St. Francis (PA),2752,2598,70,64,,A 10,NEC,,,,,,
233650059,2003-12-31,15:00,2004,regular,,final,Georgia Tech,Florida A&M,59,50,84,45,,ACC,MEAC,,,,,,ATLANTA MARRIOTT NORTHWEST CL
233650197,2003-12-31,15:00,2004,regular,,final,Oklahoma State,UT Arlington,197,250,57,59,,Big 12,WAC,,,,,,
233650202,2003-12-31,15:00,2004,regular,,final,Tulsa,Stephen F. Austin,202,2617,73,56,,WAC,WAC,,,,,,
233652546,2003-12-31,15:00,2004,regular,,final,Southeast Missouri State,Alcorn State,2546,2016,73,63,,,SWAC,,,,,,UTSA CLASSIC
233652628,2003-12-31,15:00,2004,regular,,final,TCU,North Texas,2628,249,91,53,,C-USA,Sun Belt,,,,,,
233650145,2003-12-31,15:30,2004,regular,,final,Ole Miss,Marshall,145,276,54,53,,SEC,MAC,,,,,,CHRISTMAS CITY CLASSIC
233652426,2003-12-31,16:00,2004,regular,,final,Navy,St. Francis Brooklyn,2426,2597,79,53,,Patriot,NEC,,,,,,
233652239,2003-12-31,17:00,2004,regular,,final,Cal State Fullerton,Idaho State,2239,304,58,74,,Big West,Big Sky,,,,,,
233652250,2003-12-31,17:00,2004,regular,,final,Gonzaga,Eastern Washington,2250,331,69,72,,WCC,Big Sky,,,,,,AT SPOKANE ARENA
233652636,2003-12-31,17:00,2004,regular,,final,UTSA,Kansas State,2636,2306,45,75,,C-USA,Big 12,,,,,,UTSA CLASSIC
233650292,2003-12-31,18:00,2004,regular,,final,UT Rio Grande Valley,Prairie View A&M,292,2504,64,52,,,SWAC,,,,,,
233652050,2003-12-31,18:00,2004,regular,,final,Ball State,Indiana,2050,84,62,71,,MAC,Big Ten,,,,,,
240010087,2004-01-01,14:00,2004,regular,,final,Notre Dame,Marquette,87,269,72,64,,Big East,C-USA,,,,,,
240010151,2004-01-01,15:00,2004,regular,,final,East Carolina,Savannah State,151,2542,73,52,,C-USA,,,,,,,
240012031,2004-01-01,15:00,2004,regular,,final,Little Rock,McNeese,2031,2377,65,54,,Sun Belt,,,,,,,
240012623,2004-01-01,16:05,2004,regular,,final,Missouri State,Saint Louis,2623,139,72,33,,MVC,C-USA,,,,,,
240010135,2004-01-01,20:00,2004,regular,,final,Minnesota,Michigan,135,130,64,44,,Big Ten,Big Ten,,,,,,
240020194,2004-01-02,16:00,2004,regular,,final,Ohio State,Wisconsin,194,275,65,46,,Big Ten,Big Ten,,,,,,
240020225,2004-01-02,16:00,2004,regular,,final,Brown,American University,225,44,61,52,,Ivy,Patriot,,,,,,
240022751,2004-01-02,16:00,2004,regular,,final,Wyoming,Northern Arizona,2751,2464,49,38,,Mountain West,Big Sky,,,,,,
240020059,2004-01-02,19:00,2004,regular,,final,Georgia Tech,Florida State,59,52,66,59,,ACC,ACC,,,,,,
240020103,2004-01-02,19:00,2004,regular,,final,Boston College,Villanova,103,222,61,48,,Big East,Big East,,,,,,
240020116,2004-01-02,19:00,2004,regular,,final,Mount St. Mary's,Towson,116,119,65,68,,NEC,CAA,,,,,,
240020120,2004-01-02,19:00,2004,regular,,final,Maryland,NC State,120,152,68,56,,ACC,ACC,,,,,,
240020127,2004-01-02,19:00,2004,regular,,final,Michigan State,Indiana,127,84,59,41,,Big Ten,Big Ten,,,,,,
240020153,2004-01-02,19:00,2004,regular,,final,North Carolina,Wake Forest,153,154,90,79,,ACC,ACC,,,,,,
240020195,2004-01-02,19:00,2004,regular,,final,Ohio,Winthrop,195,2737,96,66,,MAC,Big South,,,,,,
240020218,2004-01-02,19:00,2004,regular,,final,Temple,Florida,218,57,49,62,,A 10,SEC,,,,,,
240020259,2004-01-02,19:00,2004,regular,,final,Virginia Tech,Liberty,259,2335,52,45,,Big East,Big South,,,,,,
240020282,2004-01-02,19:00,2004,regular,,final,Indiana State,Bradley,282,71,76,55,,MVC,MVC,,,,,,
240022005,2004-01-02,19:00,2004,regular,,final,Air Force,Army,2005,349,62,70,,Mountain West,Patriot,,,,,,
240022006,2004-01-02,19:00,2004,regular,,final,Akron,Robert Morris,2006,2523,55,54,,MAC,NEC,,,,,,
240022083,2004-01-02,19:00,2004,regular,,final,Bucknell,Manhattan,2083,2363,49,59,,Patriot,MAAC,,,,,,
240022132,2004-01-02,19:00,2004,regular,,final,Cincinnati,Kentucky,2132,96,60,52,,C-USA,SEC,,,,,,
240022229,2004-01-02,19:00,2004,regular,,final,Florida International,Radford,2229,2515,68,32,,Sun Belt,Big South,,,,,,
240022509,2004-01-02,19:00,2004,regular,,final,Purdue,Penn State,2509,213,42,47,,Big Ten,Big Ten,,,,,,
240022561,2004-01-02,19:00,2004,regular,,final,Siena,Dartmouth,2561,159,68,58,,MAAC,Ivy,,,,,,
240020258,2004-01-02,19:30,2004,regular,,final,Virginia,Clemson,258,228,55,58,,ACC,ACC,,,,,,
240020008,2004-01-02,20:00,2004,regular,,final,Arkansas,Memphis,8,235,79,75,,SEC,C-USA,,,,,,
240020055,2004-01-02,20:00,2004,regular,,final,Jacksonville State,Birmingham-Southern,55,3,65,56,,ASUN,Big South,,,,,,
240020093,2004-01-02,20:00,2004,regular,,final,Murray State,Western Kentucky,93,98,64,72,,MVC,Sun Belt,,,,,,
240020142,2004-01-02,20:00,2004,regular,,final,Missouri,Miami (OH),142,193,92,68,,Big 12,MAC,,,,,,
240020197,2004-01-02,20:00,2004,regular,,final,Oklahoma State,South Alabama,197,6,59,68,,Big 12,Sun Belt,,,,,,
240020238,2004-01-02,20:00,2004,regular,,final,Vanderbilt,Syracuse,238,183,61,52,,SEC,Big East,,,,,,
240020239,2004-01-02,20:00,2004,regular,,final,Baylor,Sam Houston,239,2534,100,47,,Big 12,WAC,,,,,,
240020249,2004-01-02,20:00,2004,regular,,final,North Texas,Texas A&M-Corpus Christi,249,357,59,43,,Sun Belt,,,,,,,
240020250,2004-01-02,20:00,2004,regular,,final,UT Arlington,UT Rio Grande Valley,250,292,85,46,,WAC,,,,,,,
240022447,2004-01-02,20:00,2004,regular,,final,Nicholls,West Florida,2447,2697,49,52,,,,,,,,,
240022628,2004-01-02,20:00,2004,regular,,final,TCU,Tennessee,2628,2633,66,74,,C-USA,SEC,,,,,,
240022724,2004-01-02,20:00,2004,regular,,final,Wichita State,Maine,2724,311,78,59,,MVC,Am. East,,,,,,
240022287,2004-01-02,20:05,2004,regular,,final,Illinois State,Northern Iowa,2287,2460,83,74,,MVC,MVC,,,,,,
240022294,2004-01-02,20:05,2004,regular,,final,Iowa,Illinois,2294,356,91,73,,Big Ten,Big Ten,,,,,,
240020012,2004-01-02,21:00,2004,regular,,final,Arizona,Arizona State,12,9,81,60,,Pac-12,Pac-12,,,,,,
240020068,2004-01-02,21:00,2004,regular,,final,Boise State,UTEP,68,2638,69,59,,WAC,WAC,,,,,,
240020254,2004-01-02,21:00,2004,regular,,final,Utah,San Francisco,254,2539,75,48,,Mountain West,WCC,,,,,,
240020149,2004-01-02,21:35,2004,regular,,final,Montana,Western Michigan,149,2711,67,51,,Big Sky,MAC,,,,,,
240020204,2004-01-02,22:00,2004,regular,,final,Oregon State,UCLA,204,26,82,68,,Pac-12,Pac-12,,,,,,
240020264,2004-01-02,22:00,2004,regular,,final,Washington,California,264,25,65,54,,Pac-12,Pac-12,,,,,,
240020265,2004-01-02,22:00,2004,regular,,final,Washington State,Stanford,265,24,69,90,,Pac-12,Pac-12,,,,,,
240022483,2004-01-02,22:00,2004,regular,,final,Oregon,USC,2483,30,55,69,,Pac-12,Pac-12,,,,,,
240022492,2004-01-02,22:00,2004,regular,,final,Pepperdine,Portland State,2492,2502,67,50,,WCC,Big Sky,,,,,,
240032325,2004-01-03,12:00,2004,regular,,final,La Salle,UMass,2325,113,64,60,,A 10,A 10,,,,,,
240030104,2004-01-03,13:00,2004,regular,,final,Boston University,Marist,104,2368,72,46,,Am. East,MAAC,,,,,,
240030111,2004-01-03,13:00,2004,regular,,final,Northeastern,Pennsylvania,111,219,78,69,,Am. East,Ivy,,,,,,
240030160,2004-01-03,13:00,2004,regular,,final,New Hampshire,Colgate,160,2142,64,74,,Am. East,Patriot,,,,,,
240030189,2004-01-03,13:00,2004,regular,,final,Bowling Green,Cleveland State,189,325,82,67,,MAC,Horizon,,,,,,
240030251,2004-01-03,13:30,2004,regular,,final,Texas,New Mexico,251,167,92,47,,Big 12,Mountain West,,,,,,
240030041,2004-01-03,14:00,2004,regular,,final,UConn,Duke,41,150,67,68,,Big East,ACC,,,,,,AT HARTFORD CT
240030066,2004-01-03,14:00,2004,regular,,final,Iowa State,Eastern Illinois,66,2197,72,55,,Big 12,,,,,,,
240030161,2004-01-03,14:00,2004,regular,,final,Fairleigh Dickinson,Lehigh,161,2329,58,65,,NEC,Patriot,,,,,,
240030232,2004-01-03,14:00,2004,regular,,final,Charleston,Western Carolina,232,2717,68,73,,Southern,Southern,,,,,,
240030294,2004-01-03,14:00,2004,regular,,final,Jacksonville,Florida Atlantic,294,2226,43,80,,ASUN,ASUN,,,,,,
240030339,2004-01-03,14:00,2004,regular,,final,Evansville,Creighton,339,156,63,64,,MVC,MVC,,,,,,AT VINCENNES IN
240032026,2004-01-03,14:00,2004,regular,,final,Appalachian State,Coastal Carolina,2026,324,80,83,,Southern,Big South,,,,,,
240032086,2004-01-03,14:00,2004,regular,,final,Butler,Green Bay,2086,2739,53,69,,Horizon,Horizon,,,,,,
240032168,2004-01-03,14:00,2004,regular,,final,Dayton,Richmond,2168,257,51,66,,A 10,A 10,,,,,,
240032247,2004-01-03,14:00,2004,regular,,final,Georgia State,Campbell,2247,2097,85,76,,ASUN,ASUN,,,,,,
240032261,2004-01-03,14:00,2004,regular,,final,Hampton,South Carolina State,2261,2569,57,63,,MEAC,MEAC,,,,,,
240032379,2004-01-03,14:00,2004,regular,,final,Maryland-Eastern Shore,Delaware State,2379,2169,50,52,,MEAC,MEAC,,,,,,
240032382,2004-01-03,14:00,2004,regular,,final,Mercer,Gardner-Webb,2382,2241,68,63,,ASUN,ASUN,,,,,,
240032415,2004-01-03,14:00,2004,regular,,final,Morgan State,Bethune-Cookman,2415,2065,46,75,,MEAC,MEAC,,,,,,
240032427,2004-01-03,14:00,2004,regular,,final,UNC Asheville,UT Martin,2427,2630,56,53,,Big South,,,,,,,
240032450,2004-01-03,14:00,2004,regular,,final,Norfolk State,North Carolina A&T,2450,2448,52,72,,MEAC,MEAC,,,,,,
240032599,2004-01-03,14:00,2004,regular,,final,St. John's,Miami,2599,2390,60,79,,Big East,Big East,,,,,,
240032619,2004-01-03,14:00,2004,regular,,final,Stony Brook,Harvard,2619,108,64,72,,Am. East,Ivy,,,,,,
240030036,2004-01-03,14:30,2004,regular,,final,Colorado State,Loyola Marymount,36,2351,54,42,,Mountain West,WCC,,,,,,AT DENVER CO
240030043,2004-01-03,15:00,2004,regular,,final,Yale,Hartford,43,42,51,64,,Ivy,Am. East,,,,,,
240030056,2004-01-03,15:00,2004,regular,,final,Stetson,UCF,56,2116,55,79,,ASUN,ASUN,,,,,,
240030140,2004-01-03,15:00,2004,regular,,final,Kansas City,Oral Roberts,140,198,60,56,,,,,,,,,
240030245,2004-01-03,15:00,2004,regular,,final,Texas A&M,Texas State,245,326,92,48,,Big 12,Sun Belt,,,,,,
240030270,2004-01-03,15:00,2004,regular,,final,Milwaukee,UIC,270,82,74,58,,Horizon,Horizon,,,,,,
240030333,2004-01-03,15:00,2004,regular,,final,Alabama,Houston,333,248,70,76,,SEC,C-USA,,,,,,
240032050,2004-01-03,15:00,2004,regular,,final,Ball State,Marshall,2050,276,71,63,,MAC,MAC,,,,,,
240032305,2004-01-03,15:00,2004,regular,,final,Kansas,San Diego,2305,301,64,45,,Big 12,WCC,,,,,,
240032320,2004-01-03,15:00,2004,regular,,final,Lamar,Spring Hill,2320,2590,64,58,,,,,,,,,
240032430,2004-01-03,15:00,2004,regular,,final,UNC Greensboro,Furman,2430,231,63,60,,Southern,Southern,,,,,,
240032466,2004-01-03,15:00,2004,regular,,final,Northwestern State,UL Monroe,2466,2433,79,63,,,Sun Belt,,,,,,
240032535,2004-01-03,15:00,2004,regular,,final,Samford,Southern Miss,2535,2572,47,63,,Southern,C-USA,,,,,,
240032653,2004-01-03,15:00,2004,regular,,final,Troy,Lipscomb,2653,288,55,68,,ASUN,ASUN,,,,,,
240030079,2004-01-03,15:05,2004,regular,,final,Southern Illinois,Drake,79,2181,42,69,,MVC,MVC,,,,,,
240030158,2004-01-03,15:05,2004,regular,,final,Nebraska,St. Bonaventure,158,179,69,62,,Big 12,A 10,,,,,,
240032166,2004-01-03,15:30,2004,regular,,final,Davidson,Georgia Southern,2166,290,62,49,,Southern,Southern,,,,,,
240032473,2004-01-03,15:30,2004,regular,,final,Oakland,Valparaiso,2473,2674,56,61,,Horizon,MVC,,,,,,
240030046,2004-01-03,16:00,2004,regular,,final,Georgetown,Seton Hall,46,2550,46,57,,Big East,Big East,,,,,,
240030135,2004-01-03,16:00,2004,regular,,final,Minnesota,South Carolina,135,2579,63,53,,Big Ten,SEC,,,,,,
240030277,2004-01-03,16:00,2004,regular,,final,West Virginia,Pittsburgh,277,221,65,58,,Big East,Big East,,,,,,
240030278,2004-01-03,16:00,2004,regular,,final,Fresno State,Hawai'i,278,62,46,48,,WAC,WAC,,,,,,
240032272,2004-01-03,16:00,2004,regular,,final,High Point,Longwood,2272,2344,66,71,,Big South,Big South,,,,,,
240032350,2004-01-03,16:00,2004,regular,,final,Loyola Chicago,Toledo,2350,2649,61,59,,Horizon,MAC,,,,,,
240032545,2004-01-03,16:00,2004,regular,,final,SE Louisiana,Belhaven,2545,2056,69,56,,,,,,,,,
240032598,2004-01-03,16:00,2004,regular,,final,St. Francis (PA),Niagara,2598,315,75,86,,NEC,MAAC,,,,,,
240032612,2004-01-03,16:00,2004,regular,,final,Saint Peter's,Holy Cross,2612,107,62,57,,MAAC,Patriot,,,,,,
240032754,2004-01-03,16:00,2004,regular,,final,Youngstown State,Detroit Mercy,2754,2174,42,62,,Horizon,Horizon,,,,,,
240030085,2004-01-03,16:30,2004,regular,,final,IUPUI,Western Illinois,85,2710,52,71,,Horizon,,,,,,,
240030097,2004-01-03,16:30,2004,regular,,final,Louisville,Morehead State,97,2413,61,39,,C-USA,,,,,,,
240032210,2004-01-03,16:30,2004,regular,,final,Elon,Wofford,2210,2747,81,68,,Southern,Southern,,,,,,
240030202,2004-01-03,17:00,2004,regular,,final,Tulsa,Louisiana Tech,202,2348,60,63,,WAC,WAC,,,,,,
240032440,2004-01-03,17:00,2004,regular,,final,Nevada,San José State,2440,23,63,70,,WAC,WAC,,,,,,
240032113,2004-01-03,17:30,2004,regular,,final,Centenary,Chicago State,2113,2130,70,63,,,,,,,,,AT BOSSIER CITY LA
240032154,2004-01-03,17:30,2004,regular,,final,Coppin State,Florida A&M,2154,50,79,73,,MEAC,MEAC,,,,,,
240032296,2004-01-03,18:30,2004,regular,,final,Jackson State,Alabama A&M,2296,2010,63,53,,SWAC,SWAC,,,,,,
240032400,2004-01-03,18:30,2004,regular,,final,Mississippi Valley State,Arkansas-Pine Bluff,2400,2029,59,50,,SWAC,SWAC,,,,,,
240032504,2004-01-03,18:30,2004,regular,,final,Prairie View A&M,Southern,2504,2582,48,61,,SWAC,SWAC,,,,,,
240032635,2004-01-03,18:30,2004,regular,,final,Tennessee Tech,Ole Miss,2635,145,56,68,,,SEC,,,,,,
240032640,2004-01-03,18:30,2004,regular,,final,Texas Southern,Alcorn State,2640,2016,56,48,,SWAC,SWAC,,,,,,
240032755,2004-01-03,18:30,2004,regular,,final,Grambling,Alabama State,2755,2011,60,46,,SWAC,SWAC,,,,,,
240030163,2004-01-03,19:00,2004,regular,,final,Princeton,Lafayette,163,322,66,60,,Ivy,Patriot,,,,,,
240030236,2004-01-03,19:00,2004,regular,,final,Chattanooga,East Tennessee State,236,2193,72,54,,Southern,Southern,,,,,,
240032378,2004-01-03,19:00,2004,regular,,final,UMBC,Loyola Maryland,2378,2352,50,72,,Am. East,MAAC,,,,,,
240032752,2004-01-03,19:30,2004,regular,,final,Xavier,George Washington,2752,45,49,65,,A 10,A 10,,,,,,
240030242,2004-01-03,20:00,2004,regular,,final,Rice,SMU,242,2567,78,60,,WAC,WAC,,,,,,
240032046,2004-01-03,20:00,2004,regular,,final,Austin Peay,UAB,2046,5,70,67,,ASUN,C-USA,,,,,,
240032032,2004-01-03,20:05,2004,regular,,final,Arkansas State,East Carolina,2032,151,52,62,,Sun Belt,C-USA,,,,,,
240032459,2004-01-03,20:05,2004,regular,,final,Northern Illinois,DePaul,2459,305,60,70,,MAC,C-USA,,,,,,
240030038,2004-01-03,21:00,2004,regular,,final,Colorado,Buffalo,38,2084,98,47,,Big 12,MAC,,,,,,
240030252,2004-01-03,21:00,2004,regular,,final,BYU,San Francisco,252,2539,59,54,,Mountain West,WCC,,,,,,
240030013,2004-01-03,22:00,2004,regular,,final,Cal Poly,UC Irvine,13,300,60,56,,Big West,Big West,,,,,,
240030070,2004-01-03,22:00,2004,regular,,final,Idaho,Utah State,70,328,62,51,,Big West,Big West,,,,,,
240030279,2004-01-03,22:00,2004,regular,,final,Pacific,UC Riverside,279,27,65,61,,Big West,Big West,,,,,,
240032463,2004-01-03,22:00,2004,regular,,final,Cal State Northridge,Cal State Fullerton,2463,2239,65,66,,Big West,Big West,,,,,,
240032501,2004-01-03,22:00,2004,regular,,final,Portland,Weber State,2501,2692,57,62,,WCC,Big Sky,,,,,,
240032540,2004-01-03,22:00,2004,regular,,final,UC Santa Barbara,Long Beach State,2540,299,78,67,,Big West,Big West,,,,,,
240032608,2004-01-03,22:05,2004,regular,,final,Saint Mary's,UNLV,2608,2439,57,89,,WCC,Mountain West,,,,,,
240040099,2004-01-04,13:00,2004,regular,,final,LSU,Arizona,99,12,76,66,,SEC,Pac-12,,,,,,
240040120,2004-01-04,13:00,2004,regular,,final,Maryland,Virginia,120,258,69,55,,ACC,ACC,,,,,,
240040213,2004-01-04,13:00,2004,regular,,final,Penn State,Michigan State,213,127,64,62,,Big Ten,Big Ten,,,,,,
240040344,2004-01-04,13:00,2004,regular,,final,Mississippi State,Illinois,344,356,72,75,,SEC,Big Ten,,,,,,
240042182,2004-01-04,13:00,2004,regular,,final,Drexel,James Madison,2182,256,61,59,,CAA,CAA,,,,,,
240040061,2004-01-04,14:00,2004,regular,,final,Georgia,South Florida,61,58,92,65,,SEC,C-USA,,,,,,
240040153,2004-01-04,14:00,2004,regular,,final,North Carolina,Clemson,153,228,72,47,,ACC,ACC,,,,,,
240040159,2004-01-04,14:00,2004,regular,,final,Dartmouth,Iona,159,314,82,68,,Ivy,MAAC,,,,,,
240040259,2004-01-04,14:00,2004,regular,,final,Virginia Tech,Providence,259,2507,64,34,,Big East,Big East,,,,,,
240040282,2004-01-04,14:00,2004,regular,,final,Indiana State,Northern Iowa,282,2460,72,61,,MVC,MVC,,,,,,
240040350,2004-01-04,14:00,2004,regular,,final,UNC Wilmington,Delaware,350,48,56,57,,CAA,CAA,,,,,,
240042006,2004-01-04,14:00,2004,regular,,final,Akron,Winthrop,2006,2737,74,65,,MAC,Big South,,,,,,
240042244,2004-01-04,14:00,2004,regular,,final,George Mason,Towson,2244,119,65,51,,CAA,CAA,,,,,,
240042275,2004-01-04,14:00,2004,regular,,final,Hofstra,VCU,2275,2670,75,70,,CAA,CAA,,,,,,
240042520,2004-01-04,14:00,2004,regular,,final,Rider,Vermont,2520,261,56,80,,MAAC,Am. East,,,,,,
240042603,2004-01-04,14:00,2004,regular,,final,Saint Joseph's,Duquesne,2603,2184,64,58,,A 10,A 10,,,,,,
240040002,2004-01-04,15:00,2004,regular,,final,Auburn,Monmouth,2,2405,59,38,,SEC,NEC,,,,,,
240040008,2004-01-04,15:00,2004,regular,,final,Arkansas,Oklahoma State,8,197,75,55,,SEC,Big 12,,,,,,
240040077,2004-01-04,15:00,2004,regular,,final,Northwestern,Michigan,77,130,43,62,,Big Ten,Big Ten,,,,,,
240040139,2004-01-04,15:00,2004,regular,,final,Saint Louis,Missouri,139,142,62,65,,C-USA,Big 12,,,,,,
240040204,2004-01-04,15:00,2004,regular,,final,Oregon State,USC,204,30,72,67,,Pac-12,Pac-12,,,,,,
240040269,2004-01-04,15:00,2004,regular,,final,Marquette,Columbia,269,171,76,42,,C-USA,Ivy,,,,,,
240042172,2004-01-04,15:00,2004,regular,,final,Denver,Northern Arizona,2172,2464,61,66,,Sun Belt,Big Sky,,,,,,
240042443,2004-01-04,15:00,2004,regular,,final,New Orleans,Nicholls,2443,2447,83,61,,Sun Belt,,,,,,,
240042509,2004-01-04,15:00,2004,regular,,final,Purdue,Notre Dame,2509,87,76,63,,Big Ten,Big East,,,,,,
240042633,2004-01-04,15:00,2004,regular,,final,Tennessee,Old Dominion,2633,295,66,42,,SEC,CAA,,,,,,
240042636,2004-01-04,15:00,2004,regular,,final,UTSA,Santa Clara,2636,2541,59,47,,C-USA,WCC,,,,,,
240042641,2004-01-04,15:00,2004,regular,,final,Texas Tech,Pepperdine,2641,2492,95,53,,Big 12,WCC,,,,,,
240042287,2004-01-04,15:05,2004,regular,,final,Illinois State,Bradley,2287,71,79,78,,MVC,MVC,,,,,,
240042623,2004-01-04,15:05,2004,regular,,final,Missouri State,Wichita State,2623,2724,76,63,,MVC,MVC,,,,,,
240040044,2004-01-04,16:00,2004,regular,,final,American University,Kent State,44,2309,52,57,,Patriot,MAC,,,,,,
240040265,2004-01-04,16:00,2004,regular,,final,Washington State,California,265,25,71,85,,Pac-12,Pac-12,,,,,,
240042031,2004-01-04,16:00,2004,regular,,final,Little Rock,Florida International,2031,2229,57,66,,Sun Belt,Sun Belt,,,,,,
240042250,2004-01-04,16:00,2004,regular,,final,Gonzaga,Montana,2250,149,60,52,,WCC,Big Sky,,,,,,
240042751,2004-01-04,16:00,2004,regular,,final,Wyoming,Navy,2751,2426,69,60,,Mountain West,Patriot,,,,,,
240040164,2004-01-04,17:00,2004,regular,,final,Rutgers,Ohio State,164,194,56,53,,Big East,Big Ten,,,,,,
240040225,2004-01-04,17:00,2004,regular,,final,Brown,Sacred Heart,225,2529,75,62,,Ivy,NEC,,,,,,
240042483,2004-01-04,17:00,2004,regular,,final,Oregon,UCLA,2483,26,57,63,,Pac-12,Pac-12,,,,,,
240040264,2004-01-04,19:00,2004,regular,,final,Washington,Stanford,264,24,69,77,,Pac-12,Pac-12,,,,,,
240052393,2004-01-05,15:00,2004,regular,,final,Middle Tennessee,Houston,2393,248,63,67,,Sun Belt,C-USA,,,,,,
240050236,2004-01-05,17:15,2004,regular,,final,Chattanooga,Georgia Southern,236,290,70,32,,Southern,Southern,,,,,,
240052154,2004-01-05,17:30,2004,regular,,final,Coppin State,Bethune-Cookman,2154,2065,51,69,,MEAC,MEAC,,,,,,
240052379,2004-01-05,17:30,2004,regular,,final,Maryland-Eastern Shore,Howard,2379,47,74,79,,MEAC,MEAC,,,,,,
240052415,2004-01-05,17:30,2004,regular,,final,Morgan State,Florida A&M,2415,50,31,53,,MEAC,MEAC,,,,,,
240050082,2004-01-05,18:00,2004,regular,,final,UIC,Cleveland State,82,325,62,77,,Horizon,Horizon,,,,,,
240052247,2004-01-05,18:00,2004,regular,,final,Georgia State,Gardner-Webb,2247,2241,79,49,,ASUN,ASUN,,,,,,
240052261,2004-01-05,18:00,2004,regular,,final,Hampton,North Carolina A&T,2261,2448,69,59,,MEAC,MEAC,,,,,,
240052450,2004-01-05,18:00,2004,regular,,final,Norfolk State,South Carolina State,2450,2569,66,72,,MEAC,MEAC,,,,,,
240052750,2004-01-05,18:00,2004,regular,,final,Wright State,Green Bay,2750,2739,76,62,,Horizon,Horizon,,,,,,
240052296,2004-01-05,18:30,2004,regular,,final,Jackson State,Alabama State,2296,2011,61,69,,SWAC,SWAC,,,,,,
240052504,2004-01-05,18:30,2004,regular,,final,Prairie View A&M,Alcorn State,2504,2016,59,64,,SWAC,SWAC,,,,,,
240052640,2004-01-05,18:30,2004,regular,,final,Texas Southern,Southern,2640,2582,52,53,,SWAC,SWAC,,,,,,
240052755,2004-01-05,18:30,2004,regular,,final,Grambling,Alabama A&M,2755,2010,56,58,,SWAC,SWAC,,,,,,
240050056,2004-01-05,19:00,2004,regular,,final,Stetson,Florida Atlantic,56,2226,76,72,,ASUN,ASUN,,,,,,
240050150,2004-01-05,19:00,2004,regular,,final,Duke,Florida State,150,52,79,66,,ACC,ACC,,,,,,
240050152,2004-01-05,19:00,2004,regular,,final,NC State,Wake Forest,152,154,66,70,,ACC,ACC,,,,,,
240050161,2004-01-05,19:00,2004,regular,,final,Fairleigh Dickinson,Bucknell,161,2083,65,67,,NEC,Patriot,,,,,,
240050183,2004-01-05,19:00,2004,regular,,final,Syracuse,Yale,183,43,54,70,,Big East,Ivy,,,,,,
240050288,2004-01-05,19:00,2004,regular,,final,Lipscomb,Memphis,288,235,58,68,,ASUN,C-USA,,,,,,
240050294,2004-01-05,19:00,2004,regular,,final,Jacksonville,UCF,294,2116,46,67,,ASUN,ASUN,,,,,,
240050322,2004-01-05,19:00,2004,regular,,final,Lafayette,Quinnipiac,322,2514,62,78,,Patriot,NEC,,,,,,
240052132,2004-01-05,19:00,2004,regular,,final,Cincinnati,Eastern Kentucky,2132,2198,83,51,,C-USA,ASUN,,,,,,
240052168,2004-01-05,19:00,2004,regular,,final,Dayton,George Washington,2168,45,51,71,,A 10,A 10,,,,,,
240052174,2004-01-05,19:00,2004,regular,,final,Detroit Mercy,Loyola Chicago,2174,2350,55,53,,Horizon,Horizon,,,,,,
240052193,2004-01-05,19:00,2004,regular,,final,East Tennessee State,Charleston,2193,232,81,51,,Southern,Southern,,,,,,
240052210,2004-01-05,19:00,2004,regular,,final,Elon,UNC Greensboro,2210,2430,77,66,,Southern,Southern,,,,,,
240052382,2004-01-05,19:00,2004,regular,,final,Mercer,Campbell,2382,2097,60,57,,ASUN,ASUN,,,,,,
240052710,2004-01-05,19:00,2004,regular,,final,Western Illinois,Oakland,2710,2473,83,67,,,Horizon,,,,,,
240052747,2004-01-05,19:00,2004,regular,,final,Wofford,Furman,2747,231,40,70,,Southern,Southern,,,,,,
240052752,2004-01-05,19:00,2004,regular,,final,Xavier,Richmond,2752,257,79,82,,A 10,A 10,,,,,,
240052870,2004-01-05,19:00,2004,regular,,final,Purdue Fort Wayne,Morehead State,2870,2413,102,82,,,,,,,,,
240050253,2004-01-05,19:15,2004,regular,,final,Southern Utah,Oral Roberts,253,198,65,75,,WAC,,,,,,,
240052217,2004-01-05,19:30,2004,regular,,final,Fairfield,Siena,2217,2561,63,68,,MAAC,MAAC,,,,,,
240050003,2004-01-05,20:00,2004,regular,,final,Birmingham-Southern,Tennessee State,3,2634,62,54,,Big South,,,,,,,
240050093,2004-01-05,20:00,2004,regular,,final,Murray State,East Carolina,93,151,63,71,,MVC,C-USA,,,,,,
240050098,2004-01-05,20:00,2004,regular,,final,Western Kentucky,Tennessee Tech,98,2635,76,81,,Sun Belt,,,,,,,
240050145,2004-01-05,20:00,2004,regular,,final,Ole Miss,Arkansas-Pine Bluff,145,2029,112,43,,SEC,SWAC,,,,,,
240050202,2004-01-05,20:00,2004,regular,,final,Tulsa,SMU,202,2567,64,72,,WAC,WAC,,,,,,
240050238,2004-01-05,20:00,2004,regular,,final,Vanderbilt,Savannah State,238,2542,91,40,,SEC,,,,,,,
240050242,2004-01-05,20:00,2004,regular,,final,Rice,Louisiana Tech,242,2348,87,84,,WAC,WAC,,,,,,
240050339,2004-01-05,20:00,2004,regular,,final,Evansville,Drake,339,2181,69,56,,MVC,MVC,,,,,,
240050357,2004-01-05,20:00,2004,regular,,final,Texas A&M-Corpus Christi,Tulane,357,2655,53,57,,,C-USA,,,,,,
240052545,2004-01-05,20:00,2004,regular,,final,SE Louisiana,LSU Shreveport,2545,2353,69,55,,,,,,,,,
240052653,2004-01-05,20:00,2004,regular,,final,Troy,Belmont,2653,2057,59,65,,ASUN,ASUN,,,,,,
240050079,2004-01-05,20:05,2004,regular,,final,Southern Illinois,Creighton,79,156,47,59,,MVC,MVC,,,,,,
240050304,2004-01-05,21:05,2004,regular,,final,Idaho State,Utah,304,254,78,86,,Big Sky,Mountain West,,,,,,
240050013,2004-01-05,22:00,2004,regular,,final,Cal Poly,Long Beach State,13,299,68,64,,Big West,Big West,,,,,,
240050278,2004-01-05,22:00,2004,regular,,final,Fresno State,San José State,278,23,81,39,,WAC,WAC,,,,,,
240050279,2004-01-05,22:00,2004,regular,,final,Pacific,Cal State Fullerton,279,2239,75,64,,Big West,Big West,,,,,,
240052440,2004-01-05,22:00,2004,regular,,final,Nevada,Hawai'i,2440,62,77,62,,WAC,WAC,,,,,,
240052463,2004-01-05,22:00,2004,regular,,final,Cal State Northridge,UC Riverside,2463,27,64,66,,Big West,Big West,,,,,,
240052540,2004-01-05,22:00,2004,regular,,final,UC Santa Barbara,UC Irvine,2540,300,70,44,,Big West,Big West,,,,,,
240050016,2004-01-05,22:05,2004,regular,,final,Sacramento State,Saint Mary's,16,2608,48,55,,Big Sky,WCC,,,,,,
240060218,2004-01-06,12:00,2004,regular,,final,Temple,Fordham,218,2230,61,43,,A 10,A 10,,,,,,
240062099,2004-01-06,12:00,2004,regular,,final,Canisius,Colgate,2099,2142,63,47,,MAAC,Patriot,,,,,,
240062603,2004-01-06,12:00,2004,regular,,final,Saint Joseph's,UMass,2603,113,67,40,,A 10,A 10,,,,,,
240062130,2004-01-06,15:00,2004,regular,,final,Chicago State,Kansas City,2130,140,45,60,,,,,,,,,
240060172,2004-01-06,17:00,2004,regular,,final,Cornell,Army,172,349,70,58,,Ivy,Patriot,,,,,,
240062535,2004-01-06,18:00,2004,regular,,final,Samford,Jacksonville State,2535,55,68,70,,Southern,ASUN,,,,,,
240060044,2004-01-06,19:00,2004,regular,,final,American University,Liberty,44,2335,72,76,,Patriot,Big South,,,,,,
240060058,2004-01-06,19:00,2004,regular,,final,South Florida,Niagara,58,315,73,58,,C-USA,MAAC,,,,,,
240060096,2004-01-06,19:00,2004,regular,,final,Kentucky,High Point,96,2272,83,45,,SEC,Big South,,,,,,
240060219,2004-01-06,19:00,2004,regular,,final,Pennsylvania,Lehigh,219,2329,73,43,,Ivy,Patriot,,,,,,
240060227,2004-01-06,19:00,2004,regular,,final,Rhode Island,St. Bonaventure,227,179,72,64,,A 10,A 10,,,,,,
240060256,2004-01-06,19:00,2004,regular,,final,James Madison,Charlotte,256,2429,71,64,,CAA,C-USA,,,,,,
240060270,2004-01-06,19:00,2004,regular,,final,Milwaukee,Marquette,270,269,55,58,,Horizon,C-USA,,,,,,
240062026,2004-01-06,19:00,2004,regular,,final,Appalachian State,Davidson,2026,2166,81,80,,Southern,Southern,,,,,,
240062325,2004-01-06,19:00,2004,regular,,final,La Salle,Duquesne,2325,2184,67,78,,A 10,A 10,,,,,,
240062520,2004-01-06,19:00,2004,regular,,final,Rider,Loyola Maryland,2520,2352,73,55,,MAAC,MAAC,,,,,,
240060314,2004-01-06,19:30,2004,regular,,final,Iona,Bucknell,314,2083,76,86,,MAAC,Patriot,,,,,,
240062612,2004-01-06,19:30,2004,regular,,final,Saint Peter's,Manhattan,2612,2363,47,48,,MAAC,MAAC,,,,,,
240062032,2004-01-06,20:00,2004,regular,,final,Arkansas State,Florida International,2032,2229,62,60,,Sun Belt,Sun Belt,,,,,,
240062320,2004-01-06,20:00,2004,regular,,final,Lamar,Louisiana,2320,309,44,68,,,Sun Belt,,,,,,
240062628,2004-01-06,20:00,2004,regular,,final,TCU,New Mexico State,2628,166,96,63,,C-USA,Sun Belt,,,,,,
240062674,2004-01-06,20:05,2004,regular,,final,Valparaiso,IUPUI,2674,85,67,49,,MVC,Horizon,,,,,,
240060036,2004-01-06,21:00,2004,regular,,final,Colorado State,Montana,36,149,60,45,,Mountain West,Big Sky,,,,,,
240060147,2004-01-06,21:05,2004,regular,,final,Montana State,BYU,147,252,55,67,,Big Sky,Mountain West,,,,,,
240060021,2004-01-06,22:00,2004,regular,,final,San Diego State,Santa Clara,21,2541,68,70,,Mountain West,WCC,,,,,,
240070248,2004-01-07,16:00,2004,regular,,final,Houston,Texas A&M-Corpus Christi,248,357,66,44,,C-USA,,,,,,,
240072084,2004-01-07,18:00,2004,regular,,final,Buffalo,Miami (OH),2084,193,64,94,,MAC,MAC,,,,,,
240072199,2004-01-07,18:00,2004,regular,,final,Eastern Michigan,Akron,2199,2006,93,37,,MAC,MAC,,,,,,
240070326,2004-01-07,18:30,2004,regular,,final,Texas State,McNeese,326,2377,49,51,,Sun Belt,,,,,,,
240070046,2004-01-07,19:00,2004,regular,,final,Georgetown,Notre Dame,46,87,76,73,,Big East,Big East,,,,,,
240070111,2004-01-07,19:00,2004,regular,,final,Northeastern,Vermont,111,261,62,58,,Am. East,Am. East,,,,,,
240070160,2004-01-07,19:00,2004,regular,,final,New Hampshire,Albany,160,399,65,54,,Am. East,Am. East,,,,,,
240070189,2004-01-07,19:00,2004,regular,,final,Bowling Green,Ball State,189,2050,70,72,,MAC,MAC,,,,,,
240070221,2004-01-07,19:00,2004,regular,,final,Pittsburgh,Syracuse,221,183,51,71,,Big East,Big East,,,,,,
240070231,2004-01-07,19:00,2004,regular,,final,Furman,Western Carolina,231,2717,69,57,,Southern,Southern,,,,,,
240070276,2004-01-07,19:00,2004,regular,,final,Marshall,Kent State,276,2309,56,51,,MAC,MAC,,,,,,
240070277,2004-01-07,19:00,2004,regular,,final,West Virginia,UConn,277,41,57,82,,Big East,Big East,,,,,,
240070311,2004-01-07,19:00,2004,regular,,final,Maine,Binghamton,311,2066,58,55,,Am. East,Am. East,,,,,,
240070322,2004-01-07,19:00,2004,regular,,final,Lafayette,Yale,322,43,67,83,,Patriot,Ivy,,,,,,
240070324,2004-01-07,19:00,2004,regular,,final,Coastal Carolina,Coker,324,229,75,58,,Big South,,,,,,,
240072029,2004-01-07,19:00,2004,regular,,final,Arkansas-Pine Bluff,Little Rock,2029,2031,43,56,,SWAC,Sun Belt,,,,,,
240072117,2004-01-07,19:00,2004,regular,,final,Central Michigan,Toledo,2117,2649,53,60,,MAC,MAC,,,,,,
240072378,2004-01-07,19:00,2004,regular,,final,UMBC,Stony Brook,2378,2619,49,53,,Am. East,Am. East,,,,,,
240072448,2004-01-07,19:00,2004,regular,,final,North Carolina A&T,Charleston Southern,2448,2127,82,44,,MEAC,Big South,,,,,,
240072711,2004-01-07,19:00,2004,regular,,final,Western Michigan,Northern Illinois,2711,2459,80,73,,MAC,MAC,,,,,,
240070164,2004-01-07,19:30,2004,regular,,final,Rutgers,Virginia Tech,164,259,56,43,,Big East,Big East,,,,,,
240070222,2004-01-07,19:30,2004,regular,,final,Villanova,Miami,222,2390,58,55,,Big East,Big East,,,,,,
240070258,2004-01-07,19:30,2004,regular,,final,Virginia,Radford,258,2515,70,35,,ACC,Big South,,,,,,
240072507,2004-01-07,19:30,2004,regular,,final,Providence,Boston College,2507,103,53,73,,Big East,Big East,,,,,,
240070197,2004-01-07,20:00,2004,regular,,final,Oklahoma State,Texas A&M,197,245,67,65,,Big 12,Big 12,,,,,,
240070201,2004-01-07,20:00,2004,regular,,final,Oklahoma,Nebraska,201,158,70,51,,Big 12,Big 12,,,,,,
240070239,2004-01-07,20:00,2004,regular,,final,Baylor,Colorado,239,38,59,69,,Big 12,Big 12,,,,,,
240070250,2004-01-07,20:00,2004,regular,,final,UT Arlington,UL Monroe,250,2433,66,70,,WAC,Sun Belt,,,,,,
240072305,2004-01-07,20:00,2004,regular,,final,Kansas,Texas,2305,251,54,73,,Big 12,Big 12,,,,,,
240072306,2004-01-07,20:00,2004,regular,,final,Kansas State,Missouri,2306,142,95,59,,Big 12,Big 12,,,,,,
240072572,2004-01-07,20:00,2004,regular,,final,Southern Miss,New Orleans,2572,2443,73,64,,C-USA,Sun Belt,,,,,,
240072005,2004-01-07,21:00,2004,regular,,final,Air Force,Purdue Fort Wayne,2005,2870,70,83,,Mountain West,,,,,,,
240072692,2004-01-07,21:05,2004,regular,,final,Weber State,Wyoming,2692,2751,61,49,,Big Sky,Mountain West,,,,,,
240070016,2004-01-07,22:05,2004,regular,,final,Sacramento State,UT Rio Grande Valley,16,292,47,49,,Big Sky,,,,,,,
240080325,2004-01-08,17:00,2004,regular,,final,Cleveland State,Wright State,325,2750,79,72,,Horizon,Horizon,,,,,,
240082198,2004-01-08,17:30,2004,regular,,final,Eastern Kentucky,UT Martin,2198,2630,63,56,,ASUN,,,,,,,
240082413,2004-01-08,17:30,2004,regular,,final,Morehead State,Murray State,2413,93,65,62,,,MVC,,,,,,
240080270,2004-01-08,18:00,2004,regular,,final,Milwaukee,Butler,270,2086,64,59,,Horizon,Horizon,,,,,,
240082335,2004-01-08,18:00,2004,regular,,final,Liberty,Western Kentucky,2335,98,77,71,,Big South,Sun Belt,,,,,,
240082546,2004-01-08,18:00,2004,regular,,final,Southeast Missouri State,Austin Peay,2546,2046,54,64,,,ASUN,,,,,,
240082197,2004-01-08,18:15,2004,regular,,final,Eastern Illinois,Tennessee Tech,2197,2635,63,71,,,,,,,,,
240082534,2004-01-08,18:15,2004,regular,,final,Sam Houston,Nicholls,2534,2447,65,35,,WAC,,,,,,,
240082393,2004-01-08,18:30,2004,regular,,final,Middle Tennessee,Alabama,2393,333,65,61,,Sun Belt,SEC,,,,,,
240082466,2004-01-08,18:45,2004,regular,,final,Northwestern State,Stephen F. Austin,2466,2617,84,54,,,WAC,,,,,,
240082634,2004-01-08,18:45,2004,regular,,final,Tennessee State,Jacksonville State,2634,55,67,89,,,ASUN,,,,,,
240080059,2004-01-08,19:00,2004,regular,,final,Georgia Tech,Duke,59,150,45,77,,ACC,ACC,,,,,,
240080061,2004-01-08,19:00,2004,regular,,final,Georgia,Mississippi State,61,344,88,70,,SEC,SEC,,,,,,
240080084,2004-01-08,19:00,2004,regular,,final,Indiana,Wisconsin,84,275,60,39,,Big Ten,Big Ten,,,,,,
240080104,2004-01-08,19:00,2004,regular,,final,Boston University,Hartford,104,42,60,69,,Am. East,Am. East,,,,,,
240080127,2004-01-08,19:00,2004,regular,,final,Michigan State,Purdue,127,2509,67,77,,Big Ten,Big Ten,,,,,,
240080152,2004-01-08,19:00,2004,regular,,final,NC State,North Carolina,152,153,57,58,,ACC,ACC,,,,,,
240080161,2004-01-08,19:00,2004,regular,,final,Fairleigh Dickinson,Wagner,161,2681,64,70,,NEC,NEC,,,,,,
240080213,2004-01-08,19:00,2004,regular,,final,Penn State,Iowa,213,2294,92,64,,Big Ten,Big Ten,,,,,,
240080228,2004-01-08,19:00,2004,regular,,final,Clemson,Florida State,228,52,61,68,,ACC,ACC,,,,,,
240082097,2004-01-08,19:00,2004,regular,,final,Campbell,Troy,2097,2653,43,50,,ASUN,ASUN,,,,,,
240082115,2004-01-08,19:00,2004,regular,,final,Central Connecticut,Mount St. Mary's,2115,116,51,66,,NEC,NEC,,,,,,
240082116,2004-01-08,19:00,2004,regular,,final,UCF,Georgia State,2116,2247,58,62,,ASUN,ASUN,,,,,,
240082226,2004-01-08,19:00,2004,regular,,final,Florida Atlantic,Mercer,2226,2382,62,66,,ASUN,ASUN,,,,,,
240082241,2004-01-08,19:00,2004,regular,,final,Gardner-Webb,High Point,2241,2272,56,68,,ASUN,Big South,,,,,,
240082426,2004-01-08,19:00,2004,regular,,final,Navy,Brown,2426,225,59,65,,Patriot,Ivy,,,,,,
240082427,2004-01-08,19:00,2004,regular,,final,UNC Asheville,South Carolina State,2427,2569,67,52,,Big South,MEAC,,,,,,
240082463,2004-01-08,19:00,2004,regular,,final,Cal State Northridge,UC Irvine,2463,300,56,50,,Big West,Big West,,,,,,
240082529,2004-01-08,19:00,2004,regular,,final,Sacred Heart,Monmouth,2529,2405,70,50,,NEC,NEC,,,,,,
240082598,2004-01-08,19:00,2004,regular,,final,St. Francis (PA),LIU Brooklyn,2598,2341,69,45,,NEC,NEC,,,,,,
240082599,2004-01-08,19:00,2004,regular,,final,St. John's,Cornell,2599,172,68,43,,Big East,Ivy,,,,,,
240082633,2004-01-08,19:00,2004,regular,,final,Tennessee,Arkansas,2633,8,83,44,,SEC,SEC,,,,,,
240082737,2004-01-08,19:00,2004,regular,,final,Winthrop,Charleston,2737,232,57,71,,Big South,Southern,,,,,,
240082754,2004-01-08,19:00,2004,regular,,final,Youngstown State,UIC,2754,82,57,64,,Horizon,Horizon,,,,,,
240082523,2004-01-08,19:30,2004,regular,,final,Robert Morris,St. Francis Brooklyn,2523,2597,67,77,,NEC,NEC,,,,,,
240080077,2004-01-08,20:00,2004,regular,,final,Northwestern,Minnesota,77,135,40,72,,Big Ten,Big Ten,,,,,,
240080238,2004-01-08,20:00,2004,regular,,final,Vanderbilt,Kentucky,238,96,65,57,,SEC,SEC,,,,,,
240080288,2004-01-08,20:00,2004,regular,,final,Lipscomb,Stetson,288,56,63,67,,ASUN,ASUN,,,,,,
240080356,2004-01-08,20:00,2004,regular,,final,Illinois,Ohio State,356,194,52,51,,Big Ten,Big Ten,,,,,,
240082057,2004-01-08,20:00,2004,regular,,final,Belmont,Jacksonville,2057,294,81,64,,ASUN,ASUN,,,,,,
240082348,2004-01-08,20:00,2004,regular,,final,Louisiana Tech,Nevada,2348,2440,110,47,,WAC,WAC,,,,,,
240082350,2004-01-08,20:00,2004,regular,,final,Loyola Chicago,Green Bay,2350,2739,68,71,,Horizon,Horizon,,,,,,
240082567,2004-01-08,20:00,2004,regular,,final,SMU,Fresno State,2567,278,67,62,,WAC,WAC,,,,,,
240082655,2004-01-08,20:00,2004,regular,,final,Tulane,Arkansas State,2655,2032,59,56,,C-USA,Sun Belt,,,,,,
240080071,2004-01-08,20:05,2004,regular,,final,Bradley,Wichita State,71,2724,67,51,,MVC,MVC,,,,,,
240080156,2004-01-08,20:05,2004,regular,,final,Creighton,Indiana State,156,282,87,69,,MVC,MVC,,,,,,
240082460,2004-01-08,20:05,2004,regular,,final,Northern Iowa,Missouri State,2460,2623,65,80,,MVC,MVC,,,,,,
240080068,2004-01-08,21:00,2004,regular,,final,Boise State,Rice,68,242,63,71,,WAC,WAC,,,,,,
240080145,2004-01-08,21:00,2004,regular,,final,Ole Miss,Florida,145,57,79,72,,SEC,SEC,,,,,,
240080328,2004-01-08,21:00,2004,regular,,final,Utah State,UC Santa Barbara,328,2540,51,86,,Big West,Big West,,,,,,
240082172,2004-01-08,21:00,2004,regular,,final,Denver,Eastern Washington,2172,331,62,52,,Sun Belt,Big Sky,,,,,,
240082464,2004-01-08,21:05,2004,regular,,final,Northern Arizona,BYU,2464,252,52,58,,Big Sky,Mountain West,,,,,,
240082638,2004-01-08,21:05,2004,regular,,final,UTEP,Tulsa,2638,202,62,66,,WAC,WAC,,,,,,
240083081,2004-01-08,21:05,2004,regular,,final,Utah Valley,Idaho State,3084,304,41,55,,WAC,Big Sky,,,,,,
240080023,2004-01-08,22:00,2004,regular,,final,San José State,Hawai'i,23,62,73,45,,WAC,WAC,,,,,,
240080024,2004-01-08,22:00,2004,regular,,final,Stanford,Arizona State,24,9,60,46,,Pac-12,Pac-12,,,,,,
240080025,2004-01-08,22:00,2004,regular,,final,California,Arizona,25,12,68,70,,Pac-12,Pac-12,,,,,,
240080070,2004-01-08,22:00,2004,regular,,final,Idaho,Cal Poly,70,13,84,53,,Big West,Big West,,,,,,
240082250,2004-01-08,22:00,2004,regular,,final,Gonzaga,Pepperdine,2250,2492,75,44,,WCC,WCC,,,,,,
240080299,2004-01-08,22:30,2004,regular,,final,Long Beach State,Pacific,299,279,62,71,,Big West,Big West,,,,,,
240090154,2004-01-09,11:00,2004,regular,,final,Wake Forest,Maryland,154,120,58,75,,ACC,ACC,,,,,,
240090315,2004-01-09,11:30,2004,regular,,final,Niagara,Saint Peter's,315,2612,56,63,,MAAC,MAAC,,,,,,
240090179,2004-01-09,12:00,2004,regular,,final,St. Bonaventure,Xavier,179,2752,61,63,,A 10,A 10,,,,,,
240090257,2004-01-09,12:00,2004,regular,,final,Richmond,Rhode Island,257,227,73,50,,A 10,A 10,,,,,,
240090113,2004-01-09,19:00,2004,regular,,final,UMass,Temple,113,218,40,52,,A 10,A 10,,,,,,
240090151,2004-01-09,19:00,2004,regular,,final,East Carolina,UAB,151,5,66,54,,C-USA,C-USA,,,,,,
240090219,2004-01-09,19:00,2004,regular,,final,Pennsylvania,Princeton,219,163,65,54,,Ivy,Ivy,,,,,,
240090256,2004-01-09,19:00,2004,regular,,final,James Madison,Old Dominion,256,295,73,75,,CAA,CAA,,,,,,
240092099,2004-01-09,19:00,2004,regular,,final,Canisius,Fairfield,2099,2217,82,90,,MAAC,MAAC,,,,,,
240092230,2004-01-09,19:00,2004,regular,,final,Fordham,La Salle,2230,2325,73,63,,A 10,A 10,,,,,,
240092244,2004-01-09,19:00,2004,regular,,final,George Mason,Drexel,2244,2182,68,54,,CAA,CAA,,,,,,
240092275,2004-01-09,19:00,2004,regular,,final,Hofstra,UNC Wilmington,2275,350,79,68,,CAA,CAA,,,,,,
240092363,2004-01-09,19:00,2004,regular,,final,Manhattan,Marist,2363,2368,56,42,,MAAC,MAAC,,,,,,
240092429,2004-01-09,19:00,2004,regular,,final,Charlotte,South Florida,2429,58,72,64,,C-USA,C-USA,,,,,,
240092561,2004-01-09,19:00,2004,regular,,final,Siena,Rider,2561,2520,67,57,,MAAC,MAAC,,,,,,
240092670,2004-01-09,19:00,2004,regular,,final,VCU,Towson,2670,119,76,40,,CAA,CAA,,,,,,
240092729,2004-01-09,19:00,2004,regular,,final,William & Mary,Delaware,2729,48,68,56,,CAA,CAA,,,,,,
240092184,2004-01-09,19:05,2004,regular,,final,Duquesne,Dayton,2184,2168,75,59,,A 10,A 10,,,,,,
240090139,2004-01-09,20:00,2004,regular,,final,Saint Louis,TCU,139,2628,66,69,,C-USA,C-USA,,,,,,
240090222,2004-01-09,20:00,2004,regular,,final,Villanova,Rutgers,222,164,53,49,,Big East,Big East,,,,,,
240090235,2004-01-09,20:00,2004,regular,,final,Memphis,Houston,235,248,55,58,,C-USA,C-USA,,,,,,
240090269,2004-01-09,20:00,2004,regular,,final,Marquette,Cincinnati,269,2132,62,54,,C-USA,C-USA,,,,,,
240090305,2004-01-09,20:00,2004,regular,,final,DePaul,Louisville,305,97,102,83,,C-USA,C-USA,,,,,,
240090036,2004-01-09,21:00,2004,regular,,final,Colorado State,Purdue Fort Wayne,36,2870,78,63,,Mountain West,,,,,,,
240090021,2004-01-09,22:00,2004,regular,,final,San Diego State,UT Rio Grande Valley,21,292,59,38,,Mountain West,,,,,,,
240090026,2004-01-09,22:00,2004,regular,,final,UCLA,Washington State,26,265,78,58,,Pac-12,Pac-12,,,,,,
240090030,2004-01-09,22:00,2004,regular,,final,USC,Washington,30,264,70,50,,Pac-12,Pac-12,,,,,,AT LYON CENTER
240100041,2004-01-10,12:00,2004,regular,,final,UConn,Georgetown,41,46,69,51,,Big East,Big East,,,,,,
240100042,2004-01-10,12:00,2004,regular,,final,Hartford,UMBC,42,2378,55,46,,Am. East,Am. East,,,,,,
240100087,2004-01-10,12:00,2004,regular,,final,Notre Dame,Virginia Tech,87,259,53,40,,Big East,Big East,,,,,,
240100261,2004-01-10,13:00,2004,regular,,final,Vermont,Maine,261,311,54,66,,Am. East,Am. East,,,,,,
240100322,2004-01-10,13:00,2004,regular,,final,Lafayette,Colgate,322,2142,74,80,,Patriot,Patriot,,,,,,
240100349,2004-01-10,13:00,2004,regular,,final,Army,Holy Cross,349,107,58,66,,Patriot,Patriot,,,,,,
240100399,2004-01-10,13:00,2004,regular,,final,Albany,Northeastern,399,111,52,73,,Am. East,Am. East,,,,,,
240102026,2004-01-10,13:00,2004,regular,,final,Appalachian State,Furman,2026,231,66,77,,Southern,Southern,,,,,,
240102050,2004-01-10,13:00,2004,regular,,final,Ball State,Toledo,2050,2649,64,78,,MAC,MAC,,,,,,
240102514,2004-01-10,13:00,2004,regular,,final,Quinnipiac,Mount St. Mary's,2514,116,75,65,,NEC,NEC,,,,,,
240100038,2004-01-10,13:30,2004,regular,,final,Colorado,Kansas State,38,2306,69,76,,Big 12,Big 12,,,,,,
240100103,2004-01-10,13:30,2004,regular,,final,Boston College,Miami,103,2390,66,70,,Big East,Big East,,,,,,
240102174,2004-01-10,13:30,2004,regular,,final,Detroit Mercy,Cleveland State,2174,325,68,55,,Horizon,Horizon,,,,,,
240100047,2004-01-10,14:00,2004,regular,,final,Howard,Morgan State,47,2415,86,45,,MEAC,MEAC,,,,,,
240100050,2004-01-10,14:00,2004,regular,,final,Florida A&M,Hampton,50,2261,56,54,,MEAC,MEAC,,,,,,
240100221,2004-01-10,14:00,2004,regular,,final,Pittsburgh,Providence,221,2507,64,51,,Big East,Big East,,,,,,
240100232,2004-01-10,14:00,2004,regular,,final,Charleston,Elon,232,2210,86,68,,Southern,Southern,,,,,,
240100251,2004-01-10,14:00,2004,regular,,final,Texas,Oklahoma,251,201,63,58,,Big 12,Big 12,,,,,,
240100288,2004-01-10,14:00,2004,regular,,final,Lipscomb,Jacksonville,288,294,76,63,,ASUN,ASUN,,,,,,
240102065,2004-01-10,14:00,2004,regular,,final,Bethune-Cookman,Norfolk State,2065,2450,58,53,,MEAC,MEAC,,,,,,
240102116,2004-01-10,14:00,2004,regular,,final,UCF,Mercer,2116,2382,60,66,,ASUN,ASUN,,,,,,
240102169,2004-01-10,14:00,2004,regular,,final,Delaware State,Coppin State,2169,2154,64,60,,MEAC,MEAC,,,,,,
240102529,2004-01-10,14:00,2004,regular,,final,Sacred Heart,Fairleigh Dickinson,2529,161,78,67,,NEC,NEC,,,,,,
240102550,2004-01-10,14:00,2004,regular,,final,Seton Hall,West Virginia,2550,277,57,50,,Big East,Big East,,,,,,
240102619,2004-01-10,14:00,2004,regular,,final,Stony Brook,New Hampshire,2619,160,56,63,,Am. East,Am. East,,,,,,
240102681,2004-01-10,14:00,2004,regular,,final,Wagner,Monmouth,2681,2405,60,77,,NEC,NEC,,,,,,
240102711,2004-01-10,14:00,2004,regular,,final,Western Michigan,Buffalo,2711,2084,78,53,,MAC,MAC,,,,,,
240100250,2004-01-10,14:30,2004,regular,,final,UT Arlington,UTSA,250,2636,55,47,,WAC,C-USA,,,,,,
240100003,2004-01-10,15:00,2004,regular,,final,Birmingham-Southern,Savannah State,3,2542,72,46,,Big South,,,,,,,
240100044,2004-01-10,15:00,2004,regular,,final,American University,Bucknell,44,2083,50,49,,Patriot,Patriot,,,,,,
240100140,2004-01-10,15:00,2004,regular,,final,Kansas City,Centenary,140,2113,70,46,,,,,,,,,
240100195,2004-01-10,15:00,2004,regular,,final,Ohio,Marshall,195,276,63,86,,MAC,MAC,,,,,,
240100270,2004-01-10,15:00,2004,regular,,final,Milwaukee,Loyola Chicago,270,2350,83,78,,Horizon,Horizon,,,,,,
240100309,2004-01-10,15:00,2004,regular,,final,Louisiana,Denver,309,2172,80,57,,Sun Belt,Sun Belt,,,,,,
240102057,2004-01-10,15:00,2004,regular,,final,Belmont,Stetson,2057,56,65,58,,ASUN,ASUN,,,,,,
240102166,2004-01-10,15:00,2004,regular,,final,Davidson,East Tennessee State,2166,2193,74,59,,Southern,Southern,,,,,,
240102197,2004-01-10,15:00,2004,regular,,final,Eastern Illinois,Austin Peay,2197,2046,47,54,,,ASUN,,,,,,
240102320,2004-01-10,15:00,2004,regular,,final,Lamar,Sam Houston,2320,2534,49,59,,,WAC,,,,,,
240102567,2004-01-10,15:00,2004,regular,,final,SMU,Nevada,2567,2440,70,62,,WAC,WAC,,,,,,
240102747,2004-01-10,15:00,2004,regular,,final,Wofford,UNC Asheville,2747,2427,59,78,,Southern,Big South,,,,,,
240100198,2004-01-10,15:05,2004,regular,,final,Oral Roberts,Valparaiso,198,2674,67,66,,,MVC,,,,,,
240102181,2004-01-10,15:05,2004,regular,,final,Drake,Indiana State,2181,282,75,52,,MVC,MVC,,,,,,
240102459,2004-01-10,15:05,2004,regular,,final,Northern Illinois,Bowling Green,2459,189,58,66,,MAC,MAC,,,,,,
240100245,2004-01-10,15:30,2004,regular,,final,Texas A&M,Baylor,245,239,57,60,,Big 12,Big 12,,,,,,
240102473,2004-01-10,15:30,2004,regular,,final,Oakland,IUPUI,2473,85,78,63,,Horizon,Horizon,,,,,,
240100045,2004-01-10,16:00,2004,regular,,final,George Washington,Saint Joseph's,45,2603,62,64,,A 10,A 10,,,,,,
240100068,2004-01-10,16:00,2004,regular,,final,Boise State,Tulsa,68,202,65,73,,WAC,WAC,,,,,,
240100130,2004-01-10,16:00,2004,regular,,final,Michigan,Indiana,130,84,65,59,,Big Ten,Big Ten,,,,,,
240102241,2004-01-10,16:00,2004,regular,,final,Gardner-Webb,Troy,2241,2653,50,60,,ASUN,ASUN,,,,,,
240102515,2004-01-10,16:00,2004,regular,,final,Radford,Longwood,2515,2344,75,38,,Big South,Big South,,,,,,
240102598,2004-01-10,16:00,2004,regular,,final,St. Francis (PA),St. Francis Brooklyn,2598,2597,104,59,,NEC,NEC,,,,,,
240102717,2004-01-10,16:00,2004,regular,,final,Western Carolina,Chattanooga,2717,236,53,76,,Southern,Southern,,,,,,
240102739,2004-01-10,16:00,2004,regular,,final,Green Bay,Butler,2739,2086,57,45,,Horizon,Horizon,,,,,,
240102751,2004-01-10,16:00,2004,regular,,final,Wyoming,Eastern Washington,2751,331,30,53,,Mountain West,Big Sky,,,,,,
240100156,2004-01-10,16:05,2004,regular,,final,Creighton,Illinois State,156,2287,77,72,,MVC,MVC,,,,,,
240102460,2004-01-10,16:05,2004,regular,,final,Northern Iowa,Wichita State,2460,2724,69,62,,MVC,MVC,,,,,,
240102754,2004-01-10,16:35,2004,regular,,final,Youngstown State,Wright State,2754,2750,58,61,,Horizon,Horizon,,,,,,
240100024,2004-01-10,17:00,2004,regular,,final,Stanford,Arizona,24,12,84,62,,Pac-12,Pac-12,,,,,,
240100025,2004-01-10,17:00,2004,regular,,final,California,Arizona State,25,9,52,56,,Pac-12,Pac-12,,,,,,
240100326,2004-01-10,17:00,2004,regular,,final,Texas State,Nicholls,326,2447,74,66,,Sun Belt,,,,,,,
240100328,2004-01-10,17:00,2004,regular,,final,Utah State,Cal Poly,328,13,76,73,,Big West,Big West,,,,,,
240102127,2004-01-10,17:00,2004,regular,,final,Charleston Southern,Coastal Carolina,2127,324,52,56,,Big South,Big South,,,,,,
240102502,2004-01-10,17:00,2004,regular,,final,Portland State,BYU,2502,252,60,82,,Big Sky,Mountain West,,,,,,
240102523,2004-01-10,17:00,2004,regular,,final,Robert Morris,LIU Brooklyn,2523,2341,46,51,,NEC,NEC,,,,,,
240100290,2004-01-10,17:15,2004,regular,,final,Georgia Southern,UNC Greensboro,290,2430,54,43,,Southern,Southern,,,,,,
240102198,2004-01-10,17:15,2004,regular,,final,Eastern Kentucky,Murray State,2198,93,75,74,,ASUN,MVC,,,,,,
240102329,2004-01-10,17:30,2004,regular,,final,Lehigh,Navy,2329,2426,71,61,,Patriot,Patriot,,,,,,
240102413,2004-01-10,17:30,2004,regular,,final,Morehead State,UT Martin,2413,2630,71,65,,,,,,,,,
240102448,2004-01-10,17:30,2004,regular,,final,North Carolina A&T,Maryland-Eastern Shore,2448,2379,68,61,,MEAC,MEAC,,,,,,
240100108,2004-01-10,18:00,2004,regular,,final,Harvard,Dartmouth,108,159,88,93,,Ivy,Ivy,,,,,,
240102546,2004-01-10,18:00,2004,regular,,final,Southeast Missouri State,Tennessee Tech,2546,2635,102,90,,,,,,,,,
240102634,2004-01-10,18:00,2004,regular,,final,Tennessee State,Samford,2634,2535,38,63,,,Southern,,,,,,
240100079,2004-01-10,18:05,2004,regular,,final,Southern Illinois,Evansville,79,339,65,62,,MVC,MVC,,,,,,
240102377,2004-01-10,18:15,2004,regular,,final,McNeese,Northwestern State,2377,2466,51,65,,,,,,,,,
240102010,2004-01-10,18:30,2004,regular,,final,Alabama A&M,Arkansas-Pine Bluff,2010,2029,77,55,,SWAC,SWAC,,,,,,
240102011,2004-01-10,18:30,2004,regular,,final,Alabama State,Mississippi Valley State,2011,2400,70,52,,SWAC,SWAC,,,,,,
240102016,2004-01-10,18:30,2004,regular,,final,Alcorn State,Jackson State,2016,2296,64,67,,SWAC,SWAC,,,,,,
240102433,2004-01-10,18:30,2004,regular,,final,UL Monroe,SE Louisiana,2433,2545,77,60,,Sun Belt,,,,,,,
240102582,2004-01-10,18:30,2004,regular,,final,Southern,Grambling,2582,2755,70,65,,SWAC,SWAC,,,,,,
240102640,2004-01-10,18:30,2004,regular,,final,Texas Southern,Prairie View A&M,2640,2504,82,68,,SWAC,SWAC,,,,,,AT TOYOTA CENTER
240100183,2004-01-10,19:00,2004,regular,,final,Syracuse,St. John's,183,2599,61,78,,Big East,Big East,,,,,,
240102006,2004-01-10,19:00,2004,regular,,final,Akron,Miami (OH),2006,193,57,88,,MAC,MAC,,,,,,
240102199,2004-01-10,19:00,2004,regular,,final,Eastern Michigan,Central Michigan,2199,2117,87,50,,MAC,MAC,,,,,,
240102226,2004-01-10,19:00,2004,regular,,final,Florida Atlantic,Georgia State,2226,2247,67,72,,ASUN,ASUN,,,,,,
240100253,2004-01-10,19:15,2004,regular,,final,Southern Utah,Chicago State,253,2130,80,57,,WAC,,,,,,,
240100142,2004-01-10,20:00,2004,regular,,final,Missouri,Kansas,142,2305,52,55,,Big 12,Big 12,,,,,,
240102348,2004-01-10,20:00,2004,regular,,final,Louisiana Tech,Fresno State,2348,278,81,59,,WAC,WAC,,,,,,
240102572,2004-01-10,20:00,2004,regular,,final,Southern Miss,Tulane,2572,2655,68,51,,C-USA,C-USA,,,,,,
240102641,2004-01-10,20:00,2004,regular,,final,Texas Tech,Oklahoma State,2641,197,106,43,,Big 12,Big 12,,,,,,
240100158,2004-01-10,20:05,2004,regular,,final,Nebraska,Iowa State,158,66,62,57,,Big 12,Big 12,,,,,,
240100071,2004-01-10,21:05,2004,regular,,final,Bradley,Missouri State,71,2623,60,93,,MVC,MVC,,,,,,
240100147,2004-01-10,21:05,2004,regular,,final,Montana State,Utah Valley,147,3084,63,58,,Big Sky,WAC,,,,,,
240100166,2004-01-10,21:05,2004,regular,,final,New Mexico State,North Texas,166,249,83,72,,Sun Belt,Sun Belt,,,,,,
240102638,2004-01-10,21:05,2004,regular,,final,UTEP,Rice,2638,242,73,57,,WAC,WAC,,,,,,
240102692,2004-01-10,21:05,2004,regular,,final,Weber State,Air Force,2692,2005,53,48,,Big Sky,Mountain West,,,,,,
240100149,2004-01-10,21:35,2004,regular,,final,Montana,Utah,149,254,61,58,,Big Sky,Mountain West,,,,,,
240100070,2004-01-10,22:00,2004,regular,,final,Idaho,UC Santa Barbara,70,2540,84,80,,Big West,Big West,,,,,,
240100300,2004-01-10,22:00,2004,regular,,final,UC Irvine,Pacific,300,279,57,62,,Big West,Big West,,,,,,
240102239,2004-01-10,22:00,2004,regular,,final,Cal State Fullerton,UC Riverside,2239,27,68,56,,Big West,Big West,,,,,,
240102250,2004-01-10,22:00,2004,regular,,final,Gonzaga,Loyola Marymount,2250,2351,70,54,,WCC,WCC,,,,,,
240102483,2004-01-10,22:00,2004,regular,,final,Oregon,Oregon State,2483,204,56,54,,Pac-12,Pac-12,,,,,,
240102501,2004-01-10,22:00,2004,regular,,final,Portland,Pepperdine,2501,2492,84,68,,WCC,WCC,,,,,,
240102539,2004-01-10,22:00,2004,regular,,final,San Francisco,Santa Clara,2539,2541,48,49,,WCC,WCC,,,,,,
240102608,2004-01-10,22:05,2004,regular,,final,Saint Mary's,San Diego,2608,301,56,47,,WCC,WCC,,,,,,
240100299,2004-01-10,22:30,2004,regular,,final,Long Beach State,Cal State Northridge,299,2463,52,66,,Big West,Big West,,,,,,
240110119,2004-01-11,13:00,2004,regular,,final,Towson,James Madison,119,256,61,72,,CAA,CAA,,,,,,
240112066,2004-01-11,13:00,2004,regular,,final,Binghamton,Boston University,2066,104,74,65,,Am. East,Am. East,,,,,,
240110096,2004-01-11,14:00,2004,regular,,final,Kentucky,Georgia,96,61,53,74,,SEC,SEC,,,,,,
240110113,2004-01-11,14:00,2004,regular,,final,UMass,Dayton,113,2168,78,66,,A 10,A 10,,,,,,
240110150,2004-01-11,14:00,2004,regular,,final,Duke,North Carolina,150,153,79,57,,ACC,ACC,,,,,,
240110151,2004-01-11,14:00,2004,regular,,final,East Carolina,South Florida,151,58,65,55,,C-USA,C-USA,,,,,,
240110179,2004-01-11,14:00,2004,regular,,final,St. Bonaventure,Temple,179,218,56,70,,A 10,A 10,,,,,,AT ELMIRA NY
240110228,2004-01-11,14:00,2004,regular,,final,Clemson,NC State,228,152,77,64,,ACC,ACC,,,,,,
240110269,2004-01-11,14:00,2004,regular,,final,Marquette,Louisville,269,97,72,58,,C-USA,C-USA,,,,,,
240110314,2004-01-11,14:00,2004,regular,,final,Iona,Manhattan,314,2363,57,61,,MAAC,MAAC,,,,,,
240112099,2004-01-11,14:00,2004,regular,,final,Canisius,Saint Peter's,2099,2612,70,61,,MAAC,MAAC,,,,,,
240112184,2004-01-11,14:00,2004,regular,,final,Duquesne,Xavier,2184,2752,83,69,,A 10,A 10,,,,,,
240112230,2004-01-11,14:00,2004,regular,,final,Fordham,Rhode Island,2230,227,81,69,,A 10,A 10,,,,,,
240112368,2004-01-11,14:00,2004,regular,,final,Marist,Rider,2368,2520,65,44,,MAAC,MAAC,,,,,,
240112429,2004-01-11,14:00,2004,regular,,final,Charlotte,UAB,2429,5,84,75,,C-USA,C-USA,,,,,,
240112561,2004-01-11,14:00,2004,regular,,final,Siena,Loyola Maryland,2561,2352,52,66,,MAAC,MAAC,,,,,,
240112670,2004-01-11,14:00,2004,regular,,final,VCU,George Mason,2670,2244,62,77,,CAA,CAA,,,,,,
240112729,2004-01-11,14:00,2004,regular,,final,William & Mary,Hofstra,2729,2275,67,76,,CAA,CAA,,,,,,
240110275,2004-01-11,14:30,2004,regular,,final,Wisconsin,Penn State,275,213,59,60,,Big Ten,Big Ten,,,,,,
240110008,2004-01-11,15:00,2004,regular,,final,Arkansas,Ole Miss,8,145,67,61,,SEC,SEC,,,,,,
240110026,2004-01-11,15:00,2004,regular,,final,UCLA,Washington,26,264,65,60,,Pac-12,Pac-12,,,,,,
240110057,2004-01-11,15:00,2004,regular,,final,Florida,Vanderbilt,57,238,67,61,,SEC,SEC,,,,,,
240110077,2004-01-11,15:00,2004,regular,,final,Northwestern,Ohio State,77,194,35,77,,Big Ten,Big Ten,,,,,,
240110099,2004-01-11,15:00,2004,regular,,final,LSU,Auburn,99,2,70,59,,SEC,SEC,,,,,,
240110135,2004-01-11,15:00,2004,regular,,final,Minnesota,Iowa,135,2294,75,61,,Big Ten,Big Ten,,,,,,
240110139,2004-01-11,15:00,2004,regular,,final,Saint Louis,Houston,139,248,55,70,,C-USA,C-USA,,,,,,
240110333,2004-01-11,15:00,2004,regular,,final,Alabama,South Carolina,333,2579,74,71,,SEC,SEC,,,,,,
240110344,2004-01-11,15:00,2004,regular,,final,Mississippi State,Tennessee,344,2633,53,61,,SEC,SEC,,,,,,
240110356,2004-01-11,15:00,2004,regular,,final,Illinois,Purdue,356,2509,49,58,,Big Ten,Big Ten,,,,,,
240112182,2004-01-11,15:00,2004,regular,,final,Drexel,UNC Wilmington,2182,350,75,58,,CAA,CAA,,,,,,
240110098,2004-01-11,15:30,2004,regular,,final,Western Kentucky,UIC,98,82,62,54,,Sun Belt,Horizon,,,,,,
240110235,2004-01-11,16:00,2004,regular,,final,Memphis,TCU,235,2628,75,78,,C-USA,C-USA,,,,,,
240110305,2004-01-11,16:00,2004,regular,,final,DePaul,Cincinnati,305,2132,88,61,,C-USA,C-USA,,,,,,
240110030,2004-01-11,17:00,2004,regular,,final,USC,Washington State,30,265,82,52,,Pac-12,Pac-12,,,,,,AT LYON CENTER
240110309,2004-01-11,17:00,2004,regular,,final,Louisiana,UT Rio Grande Valley,309,292,62,54,,Sun Belt,,,,,,,
240112439,2004-01-11,18:00,2004,regular,,final,UNLV,Northern Arizona,2439,2464,67,60,,Mountain West,Big Sky,,,,,,
240110048,2004-01-11,19:00,2004,regular,,final,Delaware,Old Dominion,48,295,56,67,,CAA,CAA,,,,,,
240110315,2004-01-11,19:00,2004,regular,,final,Niagara,Fairfield,315,2217,84,74,,MAAC,MAAC,,,,,,
240110167,2004-01-12,00:00,2004,regular,,final,New Mexico,NM Highlands,167,2424,78,35,,Mountain West,,,,,,,
240120127,2004-01-12,12:00,2004,regular,,final,Michigan State,Detroit Mercy,127,2174,64,41,,Big Ten,Horizon,,,,,,
240122443,2004-01-12,17:00,2004,regular,,final,New Orleans,South Alabama,2443,6,65,66,,Sun Belt,Sun Belt,,,,,,
240120290,2004-01-12,17:15,2004,regular,,final,Georgia Southern,Elon,290,2210,58,69,,Southern,Southern,,,,,,
240120050,2004-01-12,17:30,2004,regular,,final,Florida A&M,Norfolk State,50,2450,66,54,,MEAC,MEAC,,,,,,
240122169,2004-01-12,17:30,2004,regular,,final,Delaware State,Morgan State,2169,2415,64,33,,MEAC,MEAC,,,,,,
240122569,2004-01-12,17:30,2004,regular,,final,South Carolina State,Maryland-Eastern Shore,2569,2379,75,66,,MEAC,MEAC,,,,,,
240120043,2004-01-12,18:00,2004,regular,,final,Yale,George Washington,43,45,57,81,,Ivy,A 10,,,,,,
240120047,2004-01-12,18:00,2004,regular,,final,Howard,Coppin State,47,2154,59,57,,MEAC,MEAC,,,,,,
240122065,2004-01-12,18:00,2004,regular,,final,Bethune-Cookman,Hampton,2065,2261,54,69,,MEAC,MEAC,,,,,,
240122010,2004-01-12,18:30,2004,regular,,final,Alabama A&M,Mississippi Valley State,2010,2400,57,49,,SWAC,SWAC,,,,,,
240122016,2004-01-12,18:30,2004,regular,,final,Alcorn State,Grambling,2016,2755,72,74,,SWAC,SWAC,,,,,,
240122582,2004-01-12,18:30,2004,regular,,final,Southern,Jackson State,2582,2296,49,60,,SWAC,SWAC,,,,,,
240120052,2004-01-12,19:00,2004,regular,,final,Florida State,Maryland,52,120,82,77,,ACC,ACC,,,,,,
240120116,2004-01-12,19:00,2004,regular,,final,Mount St. Mary's,Fairleigh Dickinson,116,161,80,74,,NEC,NEC,,,,,,
240120172,2004-01-12,19:00,2004,regular,,final,Cornell,Buffalo,172,2084,60,64,,Ivy,MAC,,,,,,
240120232,2004-01-12,19:00,2004,regular,,final,Charleston,UNC Greensboro,232,2430,56,73,,Southern,Southern,,,,,,
240120257,2004-01-12,19:00,2004,regular,,final,Richmond,La Salle,257,2325,74,50,,A 10,A 10,,,,,,
240120258,2004-01-12,19:00,2004,regular,,final,Virginia,Georgia Tech,258,59,60,59,,ACC,ACC,,,,,,
240122011,2004-01-12,19:00,2004,regular,,final,Alabama State,Arkansas-Pine Bluff,2011,2029,94,70,,SWAC,SWAC,,,,,,
240122127,2004-01-12,19:00,2004,regular,,final,Charleston Southern,Southern Virginia,2127,2896,78,41,,Big South,,,,,,,
240122166,2004-01-12,19:00,2004,regular,,final,Davidson,Chattanooga,2166,236,68,79,,Southern,Southern,,,,,,
240122272,2004-01-12,19:00,2004,regular,,final,High Point,Campbell,2272,2097,60,44,,Big South,ASUN,,,,,,
240122717,2004-01-12,19:00,2004,regular,,final,Western Carolina,East Tennessee State,2717,2193,67,75,,Southern,Southern,,,,,,
240120140,2004-01-12,20:00,2004,regular,,final,Kansas City,Valparaiso,140,2674,70,54,,,MVC,,,,,,
240122130,2004-01-12,20:00,2004,regular,,final,Chicago State,Oakland,2130,2473,46,61,,,Horizon,,,,,,
240120198,2004-01-12,20:05,2004,regular,,final,Oral Roberts,Western Illinois,198,2710,45,54,,,,,,,,,
240122181,2004-01-12,20:05,2004,regular,,final,Drake,Illinois State,2181,2287,73,60,,MVC,MVC,,,,,,
240120253,2004-01-12,21:05,2004,regular,,final,Southern Utah,Centenary,253,2113,75,59,,WAC,,,,,,,
240122501,2004-01-12,22:00,2004,regular,,final,Portland,Loyola Marymount,2501,2351,50,58,,WCC,WCC,,,,,,
240132116,2004-01-13,17:00,2004,regular,,final,UCF,Florida Atlantic,2116,2226,83,69,,ASUN,ASUN,,,,,,
240132197,2004-01-13,18:15,2004,regular,,final,Eastern Illinois,Southeast Missouri State,2197,2546,66,79,,,,,,,,,
240130085,2004-01-13,19:00,2004,regular,,final,IUPUI,Butler,85,2086,48,63,,Horizon,Horizon,,,,,,
240130087,2004-01-13,19:00,2004,regular,,final,Notre Dame,UConn,87,41,66,51,,Big East,Big East,,,,,,
240130195,2004-01-13,19:00,2004,regular,,final,Ohio,Ball State,195,2050,70,73,,MAC,MAC,,,,,,
240130261,2004-01-13,19:00,2004,regular,,final,Vermont,Stony Brook,261,2619,92,76,,Am. East,Am. East,,,,,,
240130322,2004-01-13,19:00,2004,regular,,final,Lafayette,Army,322,349,56,59,,Patriot,Patriot,,,,,,
240132026,2004-01-13,19:00,2004,regular,,final,Appalachian State,Wofford,2026,2747,78,66,,Southern,Southern,,,,,,
240132142,2004-01-13,19:00,2004,regular,,final,Colgate,Holy Cross,2142,107,90,80,,Patriot,Patriot,,,,,,
240132182,2004-01-13,19:00,2004,regular,,final,Drexel,Pennsylvania,2182,219,78,70,,CAA,Ivy,,,,,,
240132426,2004-01-13,19:00,2004,regular,,final,Navy,American University,2426,44,42,51,,Patriot,Patriot,,,,,,
240132427,2004-01-13,19:00,2004,regular,,final,UNC Asheville,Birmingham-Southern,2427,3,51,43,,Big South,Big South,,,,,,
240132514,2004-01-13,19:00,2004,regular,,final,Quinnipiac,Harvard,2514,108,76,67,,NEC,Ivy,,,,,,
240132515,2004-01-13,19:00,2004,regular,,final,Radford,Liberty,2515,2335,45,63,,Big South,Big South,,,,,,
240132529,2004-01-13,19:00,2004,regular,,final,Sacred Heart,Wagner,2529,2681,70,56,,NEC,NEC,,,,,,
240132599,2004-01-13,19:00,2004,regular,,final,St. John's,West Virginia,2599,277,67,69,,Big East,Big East,,,,,,
240132649,2004-01-13,19:00,2004,regular,,final,Toledo,Eastern Michigan,2649,2199,63,55,,MAC,MAC,,,,,,
240130197,2004-01-13,20:00,2004,regular,,final,Oklahoma State,Kansas State,197,2306,44,76,,Big 12,Big 12,,,,,,
240130275,2004-01-13,20:00,2004,regular,,final,Wisconsin,Illinois,275,356,66,57,,Big Ten,Big Ten,,,,,,
240132305,2004-01-13,20:00,2004,regular,,final,Kansas,Colorado,2305,38,49,59,,Big 12,Big 12,,,,,,
240132545,2004-01-13,20:00,2004,regular,,final,SE Louisiana,UT Rio Grande Valley,2545,292,60,58,,,,,,,,,
240132640,2004-01-13,20:00,2004,regular,,final,Texas Southern,Texas A&M-Corpus Christi,2640,357,60,67,,SWAC,,,,,,,
240142329,2004-01-14,17:30,2004,regular,,final,Lehigh,Bucknell,2329,2083,69,58,,Patriot,Patriot,,,,,,
240140047,2004-01-14,18:00,2004,regular,,final,Howard,Delaware State,47,2169,74,79,,MEAC,MEAC,,,,,,
240142065,2004-01-14,18:00,2004,regular,,final,Bethune-Cookman,Savannah State,2065,2542,70,60,,MEAC,,,,,,,
240140042,2004-01-14,19:00,2004,regular,,final,Hartford,Northeastern,42,111,60,56,,Am. East,Am. East,,,,,,
240140159,2004-01-14,19:00,2004,regular,,final,Dartmouth,Manhattan,159,2363,79,65,,Ivy,MAAC,,,,,,
240140183,2004-01-14,19:00,2004,regular,,final,Syracuse,Rutgers,183,164,59,57,,Big East,Big East,,,,,,
240140189,2004-01-14,19:00,2004,regular,,final,Bowling Green,Akron,189,2006,85,48,,MAC,MAC,,,,,,
240140259,2004-01-14,19:00,2004,regular,,final,Virginia Tech,Villanova,259,222,63,50,,Big East,Big East,,,,,,
240140276,2004-01-14,19:00,2004,regular,,final,Marshall,Western Michigan,276,2711,72,96,,MAC,MAC,,,,,,
240140311,2004-01-14,19:00,2004,regular,,final,Maine,New Hampshire,311,160,67,45,,Am. East,Am. East,,,,,,
240140324,2004-01-14,19:00,2004,regular,,final,Coastal Carolina,Charleston,324,232,57,60,,Big South,Southern,,,,,,
240142066,2004-01-14,19:00,2004,regular,,final,Binghamton,Albany,2066,399,70,60,,Am. East,Am. East,,,,,,
240142117,2004-01-14,19:00,2004,regular,,final,Central Michigan,Northern Illinois,2117,2459,59,74,,MAC,MAC,,,,,,
240142166,2004-01-14,19:00,2004,regular,,final,Davidson,Furman,2166,231,57,46,,Southern,Southern,,,,,,
240142309,2004-01-14,19:00,2004,regular,,final,Kent State,Miami (OH),2309,193,82,77,,MAC,MAC,,,,,,
240142390,2004-01-14,19:00,2004,regular,,final,Miami,Georgetown,2390,46,57,55,,Big East,Big East,,,,,,
240142448,2004-01-14,19:00,2004,regular,,final,North Carolina A&T,Gardner-Webb,2448,2241,52,72,,MEAC,ASUN,,,,,,
240142550,2004-01-14,19:00,2004,regular,,final,Seton Hall,Pittsburgh,2550,221,56,61,,Big East,Big East,,,,,,
240140314,2004-01-14,19:30,2004,regular,,final,Iona,Siena,314,2561,49,66,,MAAC,MAAC,,,,,,
240140066,2004-01-14,20:00,2004,regular,,final,Iowa State,Texas Tech,66,2641,64,63,,Big 12,Big 12,,,,,,
240140142,2004-01-14,20:00,2004,regular,,final,Missouri,Nebraska,142,158,69,74,,Big 12,Big 12,,,,,,
240140239,2004-01-14,20:00,2004,regular,,final,Baylor,Texas,239,251,78,64,,Big 12,Big 12,,,,,,
240140245,2004-01-14,20:00,2004,regular,,final,Texas A&M,Oklahoma,245,201,56,65,,Big 12,Big 12,,,,,,
240142724,2004-01-14,20:00,2004,regular,,final,Wichita State,Houston,2724,248,61,75,,MVC,C-USA,,,,,,
240152198,2004-01-15,17:30,2004,regular,,final,Eastern Kentucky,Austin Peay,2198,2046,61,67,,ASUN,ASUN,,,,,,
240152413,2004-01-15,17:30,2004,regular,,final,Morehead State,Tennessee Tech,2413,2635,76,97,,,,,,,,,
240150309,2004-01-15,17:45,2004,regular,,final,Louisiana,South Alabama,309,6,54,57,,Sun Belt,Sun Belt,,,,,,
240150108,2004-01-15,18:00,2004,regular,,final,Harvard,Lafayette,108,322,73,52,,Ivy,Patriot,,,,,,
240152247,2004-01-15,18:00,2004,regular,,final,Georgia State,Lipscomb,2247,288,78,82,,ASUN,ASUN,,,,,,
240152546,2004-01-15,18:00,2004,regular,,final,Southeast Missouri State,Tennessee State,2546,2634,102,45,,,,,,,,,
240150093,2004-01-15,18:15,2004,regular,,final,Murray State,Samford,93,2535,71,61,,MVC,Southern,,,,,,
240150326,2004-01-15,18:30,2004,regular,,final,Texas State,UT Arlington,326,250,54,67,,Sun Belt,WAC,,,,,,
240152433,2004-01-15,18:30,2004,regular,,final,UL Monroe,Lamar,2433,2320,86,40,,Sun Belt,,,,,,,
240152545,2004-01-15,18:30,2004,regular,,final,SE Louisiana,UTSA,2545,2636,51,52,,,C-USA,,,,,,
240152630,2004-01-15,18:30,2004,regular,,final,UT Martin,Jacksonville State,2630,55,79,70,,,ASUN,,,,,,
240152466,2004-01-15,18:45,2004,regular,,final,Northwestern State,Nicholls,2466,2447,75,60,,,,,,,,,
240150048,2004-01-15,19:00,2004,regular,,final,Delaware,Hofstra,48,2275,78,47,,CAA,CAA,,,,,,
240150104,2004-01-15,19:00,2004,regular,,final,Boston University,UMBC,104,2378,72,53,,Am. East,Am. East,,,,,,
240150116,2004-01-15,19:00,2004,regular,,final,Mount St. Mary's,Wagner,116,2681,72,75,,NEC,NEC,,,,,,
240150120,2004-01-15,19:00,2004,regular,,final,Maryland,Georgia Tech,120,59,91,87,,ACC,ACC,,,,,,
240150130,2004-01-15,19:00,2004,regular,,final,Michigan,Penn State,130,213,56,68,,Big Ten,Big Ten,,,,,,
240150152,2004-01-15,19:00,2004,regular,,final,NC State,Virginia,152,258,62,66,,ACC,ACC,,,,,,
240150154,2004-01-15,19:00,2004,regular,,final,Wake Forest,Florida State,154,52,73,81,,ACC,ACC,,,,,,AT ANNEX
240150161,2004-01-15,19:00,2004,regular,,final,Fairleigh Dickinson,St. Francis (PA),161,2598,50,69,,NEC,NEC,,,,,,
240150171,2004-01-15,19:00,2004,regular,,final,Columbia,Cornell,171,172,50,61,,Ivy,Ivy,,,,,,
240150194,2004-01-15,19:00,2004,regular,,final,Ohio State,Michigan State,194,127,47,55,,Big Ten,Big Ten,,,,,,
240150256,2004-01-15,19:00,2004,regular,,final,James Madison,George Mason,256,2244,64,53,,CAA,CAA,,,,,,
240150295,2004-01-15,19:00,2004,regular,,final,Old Dominion,Towson,295,119,87,34,,CAA,CAA,,,,,,
240150325,2004-01-15,19:00,2004,regular,,final,Cleveland State,Milwaukee,325,270,59,57,,Horizon,Horizon,,,,,,
240150350,2004-01-15,19:00,2004,regular,,final,UNC Wilmington,William & Mary,350,2729,64,50,,CAA,CAA,,,,,,
240152272,2004-01-15,19:00,2004,regular,,final,High Point,Winthrop,2272,2737,74,40,,Big South,Big South,,,,,,
240152341,2004-01-15,19:00,2004,regular,,final,LIU Brooklyn,Quinnipiac,2341,2514,57,64,,NEC,NEC,,,,,,
240152382,2004-01-15,19:00,2004,regular,,final,Mercer,Belmont,2382,2057,59,72,,ASUN,ASUN,,,,,,
240152405,2004-01-15,19:00,2004,regular,,final,Monmouth,Robert Morris,2405,2523,59,49,,NEC,NEC,,,,,,
240152509,2004-01-15,19:00,2004,regular,,final,Purdue,Northwestern,2509,77,71,41,,Big Ten,Big Ten,,,,,,
240152579,2004-01-15,19:00,2004,regular,,final,South Carolina,Tennessee,2579,2633,58,86,,SEC,SEC,,,,,,
240152670,2004-01-15,19:00,2004,regular,,final,VCU,Drexel,2670,2182,63,53,,CAA,CAA,,,,,,
240152612,2004-01-15,19:30,2004,regular,,final,Saint Peter's,Fairfield,2612,2217,73,61,,MAAC,MAAC,,,,,,
240150002,2004-01-15,20:00,2004,regular,,final,Auburn,Georgia,2,61,72,54,,SEC,SEC,,,,,,
240150099,2004-01-15,20:00,2004,regular,,final,LSU,Florida,99,57,74,59,,SEC,SEC,,,,,,
240150135,2004-01-15,20:00,2004,regular,,final,Minnesota,Illinois,135,356,74,59,,Big Ten,Big Ten,,,,,,
240150333,2004-01-15,20:00,2004,regular,,final,Alabama,Ole Miss,333,145,67,62,,SEC,SEC,,,,,,
240150357,2004-01-15,20:00,2004,regular,,final,Texas A&M-Corpus Christi,Kansas City,357,140,76,60,,,,,,,,,
240152031,2004-01-15,20:00,2004,regular,,final,Little Rock,Western Kentucky,2031,98,57,61,,Sun Belt,Sun Belt,,,,,,
240152350,2004-01-15,20:00,2004,regular,,final,Loyola Chicago,Youngstown State,2350,2754,55,45,,Horizon,Horizon,,,,,,
240152443,2004-01-15,20:00,2004,regular,,final,New Orleans,New Mexico State,2443,166,76,54,,Sun Belt,Sun Belt,,,,,,
240152653,2004-01-15,20:00,2004,regular,,final,Troy,Jacksonville,2653,294,66,61,,ASUN,ASUN,,,,,,
240152032,2004-01-15,20:05,2004,regular,,final,Arkansas State,Middle Tennessee,2032,2393,69,62,,Sun Belt,Sun Belt,,,,,,
240152294,2004-01-15,20:05,2004,regular,,final,Iowa,Indiana,2294,84,72,65,,Big Ten,Big Ten,,,,,,
240150009,2004-01-15,20:30,2004,regular,,final,Arizona State,UCLA,9,26,73,58,,Pac-12,Pac-12,,,,,,
240150012,2004-01-15,21:00,2004,regular,,final,Arizona,USC,12,30,75,64,,Pac-12,Pac-12,,,,,,
240150036,2004-01-15,21:00,2004,regular,,final,Colorado State,BYU,36,252,54,52,,Mountain West,Mountain West,,,,,,
240152172,2004-01-15,21:00,2004,regular,,final,Denver,North Texas,2172,249,68,70,,Sun Belt,Sun Belt,,,,,,
240152751,2004-01-15,21:00,2004,regular,,final,Wyoming,Utah,2751,254,39,57,,Mountain West,Mountain West,,,,,,
240150304,2004-01-15,21:05,2004,regular,,final,Idaho State,Montana,304,149,66,76,,Big Sky,Big Sky,,,,,,
240152692,2004-01-15,21:05,2004,regular,,final,Weber State,Montana State,2692,147,78,58,,Big Sky,Big Sky,,,,,,
240152617,2004-01-15,21:15,2004,regular,,final,Stephen F. Austin,McNeese,2617,2377,59,62,,WAC,,,,,,,
240150023,2004-01-15,22:00,2004,regular,,final,San José State,Louisiana Tech,23,2348,71,84,,WAC,WAC,,,,,,
240150264,2004-01-15,22:00,2004,regular,,final,Washington,Oregon,264,2483,95,50,,Pac-12,Pac-12,,,,,,
240150265,2004-01-15,22:00,2004,regular,,final,Washington State,Oregon State,265,204,51,62,,Pac-12,Pac-12,,,,,,
240150278,2004-01-15,22:00,2004,regular,,final,Fresno State,Boise State,278,68,50,52,,WAC,WAC,,,,,,
240150279,2004-01-15,22:00,2004,regular,,final,Pacific,Utah State,279,328,67,58,,Big West,Big West,,,,,,
240152239,2004-01-15,22:00,2004,regular,,final,Cal State Fullerton,Long Beach State,2239,299,65,77,,Big West,Big West,,,,,,
240152351,2004-01-15,22:00,2004,regular,,final,Loyola Marymount,San Diego,2351,301,63,52,,WCC,WCC,,,,,,
240152440,2004-01-15,22:00,2004,regular,,final,Nevada,UTEP,2440,2638,54,85,,WAC,WAC,,,,,,
240152463,2004-01-15,22:00,2004,regular,,final,Cal State Northridge,Idaho,2463,70,57,71,,Big West,Big West,,,,,,
240152492,2004-01-15,22:00,2004,regular,,final,Pepperdine,Santa Clara,2492,2541,85,62,,WCC,WCC,,,,,,
240152502,2004-01-15,22:00,2004,regular,,final,Portland State,Sacramento State,2502,16,50,56,,Big Sky,Big Sky,,,,,,
240152539,2004-01-15,22:00,2004,regular,,final,San Francisco,Gonzaga,2539,2250,61,72,,WCC,WCC,,,,,,
240150331,2004-01-15,22:05,2004,regular,,final,Eastern Washington,Northern Arizona,331,2464,73,66,,Big Sky,Big Sky,,,,,,
240152608,2004-01-15,22:05,2004,regular,,final,Saint Mary's,Portland,2608,2501,63,58,,WCC,WCC,,,,,,
240150027,2004-01-15,22:10,2004,regular,,final,UC Riverside,UC Irvine,27,300,55,53,,Big West,Big West,,,,,,
240150062,2004-01-16,00:00,2004,regular,,final,Hawai'i,SMU,62,2567,67,50,,WAC,WAC,,,,,,
240160227,2004-01-16,12:00,2004,regular,,final,Rhode Island,UMass,227,113,63,57,,A 10,A 10,,,,,,
240162352,2004-01-16,18:30,2004,regular,,final,Loyola Maryland,Canisius,2352,2099,88,76,,MAAC,MAAC,,,,,,
240160045,2004-01-16,19:00,2004,regular,,final,George Washington,Richmond,45,257,86,60,,A 10,A 10,,,,,,
240160058,2004-01-16,19:00,2004,regular,,final,South Florida,Marquette,58,269,40,60,,C-USA,C-USA,,,,,,
240160097,2004-01-16,19:00,2004,regular,,final,Louisville,Saint Louis,97,139,72,51,,C-USA,C-USA,,,,,,
240160282,2004-01-16,19:00,2004,regular,,final,Indiana State,Southern Illinois,282,79,91,58,,MVC,MVC,,,,,,
240162132,2004-01-16,19:00,2004,regular,,final,Cincinnati,Memphis,2132,235,61,64,,C-USA,C-USA,,,,,,
240162168,2004-01-16,19:00,2004,regular,,final,Dayton,Fordham,2168,2230,70,67,,A 10,A 10,,,,,,
240162363,2004-01-16,19:00,2004,regular,,final,Manhattan,Siena,2363,2561,58,70,,MAAC,MAAC,,,,,,
240162520,2004-01-16,19:00,2004,regular,,final,Rider,Niagara,2520,315,66,75,,MAAC,MAAC,,,,,,
240162752,2004-01-16,19:00,2004,regular,,final,Xavier,Saint Joseph's,2752,2603,53,59,,A 10,A 10,,,,,,
240162184,2004-01-16,19:05,2004,regular,,final,Duquesne,St. Bonaventure,2184,179,74,60,,A 10,A 10,,,,,,
240160005,2004-01-16,20:00,2004,regular,,final,UAB,DePaul,5,305,71,88,,C-USA,C-USA,,,,,,
240160275,2004-01-16,20:00,2004,regular,,final,Wisconsin,Purdue Fort Wayne,275,2870,75,59,,Big Ten,,,,,,,
240162572,2004-01-16,20:00,2004,regular,,final,Southern Miss,Charlotte,2572,2429,57,59,,C-USA,C-USA,,,,,,
240162655,2004-01-16,20:00,2004,regular,,final,Tulane,East Carolina,2655,151,58,65,,C-USA,C-USA,,,,,,
240162287,2004-01-16,20:05,2004,regular,,final,Illinois State,Evansville,2287,339,91,64,,MVC,MVC,,,,,,
240160025,2004-01-16,22:00,2004,regular,,final,California,Stanford,25,24,53,63,,Pac-12,Pac-12,,,,,,
240170041,2004-01-17,12:00,2004,regular,,final,UConn,Boston College,41,103,69,61,,Big East,Big East,,,,,,AT HARTFORD CT
240170222,2004-01-17,12:00,2004,regular,,final,Villanova,Seton Hall,222,2550,62,51,,Big East,Big East,,,,,,
240170107,2004-01-17,13:00,2004,regular,,final,Holy Cross,Lafayette,107,322,71,65,,Patriot,Patriot,,,,,,
240170111,2004-01-17,13:00,2004,regular,,final,Northeastern,UMBC,111,2378,91,78,,Am. East,Am. East,,,,,,
240170160,2004-01-17,13:00,2004,regular,,final,New Hampshire,Binghamton,160,2066,56,63,,Am. East,Am. East,,,,,,
240170161,2004-01-17,13:00,2004,regular,,final,Fairleigh Dickinson,Robert Morris,161,2523,73,61,,NEC,NEC,,,,,,
240170189,2004-01-17,13:00,2004,regular,,final,Bowling Green,Central Michigan,189,2117,68,60,,MAC,MAC,,,,,,
240170349,2004-01-17,13:00,2004,regular,,final,Army,Colgate,349,2142,79,76,,Patriot,Patriot,,,,,,
240170399,2004-01-17,13:00,2004,regular,,final,Albany,Maine,399,311,53,73,,Am. East,Am. East,,,,,,
240172083,2004-01-17,13:00,2004,regular,,final,Bucknell,Navy,2083,2426,72,63,,Patriot,Patriot,,,,,,
240172097,2004-01-17,13:00,2004,regular,,final,Campbell,Florida Atlantic,2097,2226,78,80,,ASUN,ASUN,,,,,,
240172193,2004-01-17,13:00,2004,regular,,final,East Tennessee State,Appalachian State,2193,2026,65,64,,Southern,Southern,,,,,,
240172127,2004-01-17,13:30,2004,regular,,final,Charleston Southern,Radford,2127,2515,57,52,,Big South,Big South,,,,,,
240170036,2004-01-17,14:00,2004,regular,,final,Colorado State,Utah,36,254,51,55,,Mountain West,Mountain West,,,,,,
240170050,2004-01-17,14:00,2004,regular,,final,Florida A&M,Delaware State,50,2169,58,52,,MEAC,MEAC,,,,,,
240170164,2004-01-17,14:00,2004,regular,,final,Rutgers,St. John's,164,2599,72,47,,Big East,Big East,,,,,,
240172065,2004-01-17,14:00,2004,regular,,final,Bethune-Cookman,Howard,2065,47,70,75,,MEAC,MEAC,,,,,,
240172086,2004-01-17,14:00,2004,regular,,final,Butler,Detroit Mercy,2086,2174,60,66,,Horizon,Horizon,,,,,,
240172130,2004-01-17,14:00,2004,regular,,final,Chicago State,Oral Roberts,2130,198,54,63,,,,,,,,,
240172247,2004-01-17,14:00,2004,regular,,final,Georgia State,Belmont,2247,2057,56,53,,ASUN,ASUN,,,,,,
240172309,2004-01-17,14:00,2004,regular,,final,Kent State,Toledo,2309,2649,69,56,,MAC,MAC,,,,,,
240172341,2004-01-17,14:00,2004,regular,,final,LIU Brooklyn,Central Connecticut,2341,2115,61,43,,NEC,NEC,,,,,,
240172382,2004-01-17,14:00,2004,regular,,final,Mercer,Lipscomb,2382,288,67,48,,ASUN,ASUN,,,,,,
240172415,2004-01-17,14:00,2004,regular,,final,Morgan State,South Carolina State,2415,2569,84,83,,MEAC,MEAC,,,,,,
240172450,2004-01-17,14:00,2004,regular,,final,Norfolk State,Maryland-Eastern Shore,2450,2379,63,72,,MEAC,MEAC,,,,,,
240172507,2004-01-17,14:00,2004,regular,,final,Providence,Syracuse,2507,183,50,55,,Big East,Big East,,,,,,
240172619,2004-01-17,14:00,2004,regular,,final,Stony Brook,Hartford,2619,42,39,58,,Am. East,Am. East,,,,,,
240172623,2004-01-17,14:05,2004,regular,,final,Missouri State,Creighton,2623,156,86,80,,MVC,MVC,,,,,,
240170250,2004-01-17,14:30,2004,regular,,final,UT Arlington,McNeese,250,2377,47,30,,WAC,,,,,,,
240170003,2004-01-17,15:00,2004,regular,,final,Birmingham-Southern,High Point,3,2272,59,49,,Big South,Big South,,,,,,
240170044,2004-01-17,15:00,2004,regular,,final,American University,Lehigh,44,2329,55,69,,Patriot,Patriot,,,,,,
240170046,2004-01-17,15:00,2004,regular,,final,Georgetown,Virginia Tech,46,259,70,50,,Big East,Big East,,,,,,
240170116,2004-01-17,15:00,2004,regular,,final,Mount St. Mary's,Sacred Heart,116,2529,58,64,,NEC,NEC,,,,,,
240170242,2004-01-17,15:00,2004,regular,,final,Rice,Tulsa,242,202,76,69,,WAC,WAC,,,,,,
240172031,2004-01-17,15:00,2004,regular,,final,Little Rock,Middle Tennessee,2031,2393,68,54,,Sun Belt,Sun Belt,,,,,,
240172306,2004-01-17,15:00,2004,regular,,final,Kansas State,Kansas,2306,2305,79,50,,Big 12,Big 12,,,,,,
240172405,2004-01-17,15:00,2004,regular,,final,Monmouth,St. Francis (PA),2405,2598,45,58,,NEC,NEC,,,,,,
240172430,2004-01-17,15:00,2004,regular,,final,UNC Greensboro,Western Carolina,2430,2717,66,53,,Southern,Southern,,,,,,
240172447,2004-01-17,15:00,2004,regular,,final,Nicholls,UTSA,2447,2636,42,56,,,C-USA,,,,,,
240172466,2004-01-17,15:00,2004,regular,,final,Northwestern State,Lamar,2466,2320,83,49,,,,,,,,,
240172534,2004-01-17,15:00,2004,regular,,final,Sam Houston,UL Monroe,2534,2433,70,63,,WAC,Sun Belt,,,,,,
240172653,2004-01-17,15:00,2004,regular,,final,Troy,Stetson,2653,56,66,60,,ASUN,ASUN,,,,,,
240172724,2004-01-17,15:00,2004,regular,,final,Wichita State,Drake,2724,2181,79,66,,MVC,MVC,,,,,,
240172197,2004-01-17,15:05,2004,regular,,final,Eastern Illinois,Tennessee State,2197,2634,79,49,,,,,,,,,
240172459,2004-01-17,15:05,2004,regular,,final,Northern Illinois,Ohio,2459,195,78,71,,MAC,MAC,,,,,,
240172674,2004-01-17,15:05,2004,regular,,final,Valparaiso,Western Illinois,2674,2710,60,56,,MVC,,,,,,,
240170009,2004-01-17,16:00,2004,regular,,final,Arizona State,USC,9,30,65,68,,Pac-12,Pac-12,,,,,,
240170277,2004-01-17,16:00,2004,regular,,final,West Virginia,Notre Dame,277,87,64,51,,Big East,Big East,,,,,,
240170278,2004-01-17,16:00,2004,regular,,final,Fresno State,UTEP,278,2638,53,59,,WAC,WAC,,,,,,
240172005,2004-01-17,16:00,2004,regular,,final,Air Force,New Mexico,2005,167,43,65,,Mountain West,Mountain West,,,,,,
240172597,2004-01-17,16:00,2004,regular,,final,St. Francis Brooklyn,Quinnipiac,2597,2514,97,83,,NEC,NEC,,,,,,
240172737,2004-01-17,16:00,2004,regular,,final,Winthrop,UNC Asheville,2737,2427,47,64,,Big South,Big South,,,,,,
240172751,2004-01-17,16:00,2004,regular,,final,Wyoming,BYU,2751,252,57,50,,Mountain West,Mountain West,,,,,,
240170304,2004-01-17,16:05,2004,regular,,final,Idaho State,Montana State,304,147,82,69,,Big Sky,Big Sky,,,,,,
240172460,2004-01-17,16:05,2004,regular,,final,Northern Iowa,Bradley,2460,71,52,53,,MVC,MVC,,,,,,
240170085,2004-01-17,16:30,2004,regular,,final,IUPUI,Southern Utah,85,253,65,73,,Horizon,WAC,,,,,,
240172199,2004-01-17,16:30,2004,regular,,final,Eastern Michigan,Western Michigan,2199,2711,61,66,,MAC,MAC,,,,,,
240172210,2004-01-17,16:30,2004,regular,,final,Elon,Davidson,2210,2166,62,64,,Southern,Southern,,,,,,
240172413,2004-01-17,16:30,2004,regular,,final,Morehead State,Austin Peay,2413,2046,62,78,,,ASUN,,,,,,
240170265,2004-01-17,17:00,2004,regular,,final,Washington State,Oregon,265,2483,50,62,,Pac-12,Pac-12,,,,,,
240170324,2004-01-17,17:00,2004,regular,,final,Coastal Carolina,Liberty,324,2335,58,69,,Big South,Big South,,,,,,
240172351,2004-01-17,17:00,2004,regular,,final,Loyola Marymount,Santa Clara,2351,2541,69,59,,WCC,WCC,,,,,,
240172440,2004-01-17,17:00,2004,regular,,final,Nevada,Boise State,2440,68,66,89,,WAC,WAC,,,,,,
240172617,2004-01-17,17:00,2004,regular,,final,Stephen F. Austin,SE Louisiana,2617,2545,71,57,,WAC,,,,,,,
240172630,2004-01-17,17:00,2004,regular,,final,UT Martin,Samford,2630,2535,54,52,,,Southern,,,,,,
240172747,2004-01-17,17:00,2004,regular,,final,Wofford,Georgia Southern,2747,290,64,87,,Southern,Southern,,,,,,
240172113,2004-01-17,17:30,2004,regular,,final,Centenary,Oakland,2113,2473,53,68,,,Horizon,,,,,,
240172154,2004-01-17,17:30,2004,regular,,final,Coppin State,North Carolina A&T,2154,2448,60,52,,MEAC,MEAC,,,,,,
240172198,2004-01-17,17:30,2004,regular,,final,Eastern Kentucky,Tennessee Tech,2198,2635,75,69,,ASUN,,,,,,,
240170309,2004-01-17,17:45,2004,regular,,final,Louisiana,New Orleans,309,2443,68,49,,Sun Belt,Sun Belt,,,,,,
240170012,2004-01-17,18:00,2004,regular,,final,Arizona,UCLA,12,26,70,54,,Pac-12,Pac-12,,,,,,
240170231,2004-01-17,18:00,2004,regular,,final,Furman,Charleston,231,232,69,37,,Southern,Southern,,,,,,
240172241,2004-01-17,18:00,2004,regular,,final,Gardner-Webb,UCF,2241,2116,46,52,,ASUN,ASUN,,,,,,
240172641,2004-01-17,18:00,2004,regular,,final,Texas Tech,Baylor,2641,239,64,63,,Big 12,Big 12,,,,,,
240170093,2004-01-17,18:15,2004,regular,,final,Murray State,Jacksonville State,93,55,83,85,,MVC,ASUN,,,,,,
240170082,2004-01-17,18:30,2004,regular,,final,UIC,Wright State,82,2750,64,61,,Horizon,Horizon,,,,,,
240172029,2004-01-17,18:30,2004,regular,,final,Arkansas-Pine Bluff,Southern,2029,2582,76,97,,SWAC,SWAC,,,,,,
240172296,2004-01-17,18:30,2004,regular,,final,Jackson State,Prairie View A&M,2296,2504,71,46,,SWAC,SWAC,,,,,,
240172400,2004-01-17,18:30,2004,regular,,final,Mississippi Valley State,Alcorn State,2400,2016,55,61,,SWAC,SWAC,,,,,,
240172755,2004-01-17,18:30,2004,regular,,final,Grambling,Texas Southern,2755,2640,58,70,,SWAC,SWAC,,,,,,
240170043,2004-01-17,19:00,2004,regular,,final,Yale,Brown,43,225,72,75,,Ivy,Ivy,,,,,,
240170201,2004-01-17,19:00,2004,regular,,final,Oklahoma,Oklahoma State,201,197,87,37,,Big 12,Big 12,,,,,,
240172011,2004-01-17,19:00,2004,regular,,final,Alabama State,Alabama A&M,2011,2010,64,68,,SWAC,SWAC,,,,,,
240172050,2004-01-17,19:00,2004,regular,,final,Ball State,Akron,2050,2006,81,62,,MAC,MAC,,,,,,
240172084,2004-01-17,19:00,2004,regular,,final,Buffalo,Marshall,2084,276,79,60,,MAC,MAC,,,,,,
240172229,2004-01-17,19:00,2004,regular,,final,Florida International,Denver,2229,2172,59,54,,Sun Belt,Sun Belt,,,,,,
240172368,2004-01-17,19:00,2004,regular,,final,Marist,Iona,2368,314,62,57,,MAAC,MAAC,,,,,,
240172390,2004-01-17,19:00,2004,regular,,final,Miami,Pittsburgh,2390,221,77,68,,Big East,Big East,,,,,,
240170006,2004-01-17,20:00,2004,regular,,final,South Alabama,New Mexico State,6,166,69,35,,Sun Belt,Sun Belt,,,,,,
240170251,2004-01-17,20:00,2004,regular,,final,Texas,Iowa State,251,66,67,45,,Big 12,Big 12,,,,,,
240170264,2004-01-17,20:00,2004,regular,,final,Washington,Oregon State,264,204,87,74,,Pac-12,Pac-12,,,,,,
240172739,2004-01-17,20:00,2004,regular,,final,Green Bay,Youngstown State,2739,2754,65,47,,Horizon,Horizon,,,,,,
240170158,2004-01-17,20:05,2004,regular,,final,Nebraska,Texas A&M,158,245,65,48,,Big 12,Big 12,,,,,,
240172032,2004-01-17,20:05,2004,regular,,final,Arkansas State,Western Kentucky,2032,98,81,74,,Sun Belt,Sun Belt,,,,,,
240172692,2004-01-17,21:05,2004,regular,,final,Weber State,Montana,2692,149,60,63,,Big Sky,Big Sky,,,,,,
240170023,2004-01-17,22:00,2004,regular,,final,San José State,SMU,23,2567,64,59,,WAC,WAC,,,,,,
240170279,2004-01-17,22:00,2004,regular,,final,Pacific,Idaho,279,70,74,73,,Big West,Big West,,,,,,
240172239,2004-01-17,22:00,2004,regular,,final,Cal State Fullerton,UC Irvine,2239,300,57,69,,Big West,Big West,,,,,,
240172463,2004-01-17,22:00,2004,regular,,final,Cal State Northridge,Utah State,2463,328,63,69,,Big West,Big West,,,,,,
240172492,2004-01-17,22:00,2004,regular,,final,Pepperdine,San Diego,2492,301,90,49,,WCC,WCC,,,,,,
240172502,2004-01-17,22:00,2004,regular,,final,Portland State,Northern Arizona,2502,2464,69,75,,Big Sky,Big Sky,,,,,,
240172539,2004-01-17,22:00,2004,regular,,final,San Francisco,Portland,2539,2501,64,76,,WCC,WCC,,,,,,
240172540,2004-01-17,22:00,2004,regular,,final,UC Santa Barbara,Cal Poly,2540,13,69,45,,Big West,Big West,,,,,,
240170331,2004-01-17,22:05,2004,regular,,final,Eastern Washington,Sacramento State,331,16,67,49,,Big Sky,Big Sky,,,,,,
240172608,2004-01-17,22:05,2004,regular,,final,Saint Mary's,Gonzaga,2608,2250,60,48,,WCC,WCC,,,,,,
240170027,2004-01-17,22:10,2004,regular,,final,UC Riverside,Long Beach State,27,299,48,56,,Big West,Big West,,,,,,
240172439,2004-01-17,22:30,2004,regular,,final,UNLV,San Diego State,2439,21,76,58,,Mountain West,Mountain West,,,,,,
240170062,2004-01-18,00:00,2004,regular,,final,Hawai'i,Louisiana Tech,62,2348,50,67,,WAC,WAC,,,,,,
240180048,2004-01-18,13:00,2004,regular,,final,Delaware,VCU,48,2670,66,56,,CAA,CAA,,,,,,
240180059,2004-01-18,13:00,2004,regular,,final,Georgia Tech,Clemson,59,228,61,75,,ACC,ACC,,,,,,
240180104,2004-01-18,13:00,2004,regular,,final,Boston University,Vermont,104,261,91,65,,Am. East,Am. East,,,,,,
240180119,2004-01-18,13:00,2004,regular,,final,Towson,Drexel,119,2182,49,50,,CAA,CAA,,,,,,
240182325,2004-01-18,13:00,2004,regular,,final,La Salle,George Washington,2325,45,72,85,,A 10,A 10,,,,,,
240182363,2004-01-18,13:00,2004,regular,,final,Manhattan,Fairfield,2363,2217,61,50,,MAAC,MAAC,,,,,,
240182509,2004-01-18,13:00,2004,regular,,final,Purdue,Minnesota,2509,135,65,56,,Big Ten,Big Ten,,,,,,
240180058,2004-01-18,14:00,2004,regular,,final,South Florida,DePaul,58,305,74,84,,C-USA,C-USA,,,,,,
240180084,2004-01-18,14:00,2004,regular,,final,Indiana,Northwestern,84,77,58,55,,Big Ten,Big Ten,,,,,,
240180096,2004-01-18,14:00,2004,regular,,final,Kentucky,LSU,96,99,69,70,,SEC,SEC,,,,,,
240180097,2004-01-18,14:00,2004,regular,,final,Louisville,Memphis,97,235,66,65,,C-USA,C-USA,,,,,,
240180113,2004-01-18,14:00,2004,regular,,final,UMass,St. Bonaventure,113,179,58,70,,A 10,A 10,,,,,,
240180127,2004-01-18,14:00,2004,regular,,final,Michigan State,Michigan,127,130,67,33,,Big Ten,Big Ten,,,,,,
240180213,2004-01-18,14:00,2004,regular,,final,Penn State,Illinois,213,356,79,64,,Big Ten,Big Ten,,,,,,
240180218,2004-01-18,14:00,2004,regular,,final,Temple,Rhode Island,218,227,57,47,,A 10,A 10,,,,,,
240180257,2004-01-18,14:00,2004,regular,,final,Richmond,Duquesne,257,2184,82,61,,A 10,A 10,,,,,,
240180282,2004-01-18,14:00,2004,regular,,final,Indiana State,Evansville,282,339,82,51,,MVC,MVC,,,,,,
240182168,2004-01-18,14:00,2004,regular,,final,Dayton,Saint Joseph's,2168,2603,59,68,,A 10,A 10,,,,,,
240182244,2004-01-18,14:00,2004,regular,,final,George Mason,UNC Wilmington,2244,350,57,65,,CAA,CAA,,,,,,
240182275,2004-01-18,14:00,2004,regular,,final,Hofstra,Old Dominion,2275,295,74,72,,CAA,CAA,,,,,,
240182352,2004-01-18,14:00,2004,regular,,final,Loyola Maryland,Niagara,2352,315,60,49,,MAAC,MAAC,,,,,,
240182579,2004-01-18,14:00,2004,regular,,final,South Carolina,Arkansas,2579,8,52,66,,SEC,SEC,,,,,,
240182655,2004-01-18,14:00,2004,regular,,final,Tulane,Charlotte,2655,2429,61,72,,C-USA,C-USA,,,,,,
240182729,2004-01-18,14:00,2004,regular,,final,William & Mary,James Madison,2729,256,71,68,,CAA,CAA,,,,,,
240182752,2004-01-18,14:00,2004,regular,,final,Xavier,Fordham,2752,2230,81,69,,A 10,A 10,,,,,,
240180061,2004-01-18,14:30,2004,regular,,final,Georgia,Florida,61,57,73,83,,SEC,SEC,,,,,,
240180005,2004-01-18,15:00,2004,regular,,final,UAB,Marquette,5,269,65,63,,C-USA,C-USA,,,,,,
240180145,2004-01-18,15:00,2004,regular,,final,Ole Miss,Mississippi State,145,344,69,60,,SEC,SEC,,,,,,
240182132,2004-01-18,15:00,2004,regular,,final,Cincinnati,Saint Louis,2132,139,66,62,,C-USA,C-USA,,,,,,
240182520,2004-01-18,15:00,2004,regular,,final,Rider,Canisius,2520,2099,79,84,,MAAC,MAAC,,,,,,
240182628,2004-01-18,15:00,2004,regular,,final,TCU,Houston,2628,248,59,61,,C-USA,C-USA,,,,,,
240182633,2004-01-18,15:00,2004,regular,,final,Tennessee,Alabama,2633,333,72,51,,SEC,SEC,,,,,,
240182294,2004-01-18,15:05,2004,regular,,final,Iowa,Wisconsin,2294,275,66,46,,Big Ten,Big Ten,,,,,,
240182572,2004-01-18,15:30,2004,regular,,final,Southern Miss,East Carolina,2572,151,53,56,,C-USA,C-USA,,,,,,
240180038,2004-01-18,16:00,2004,regular,,final,Colorado,Missouri,38,142,71,54,,Big 12,Big 12,,,,,,
240182287,2004-01-18,17:05,2004,regular,,final,Illinois State,Southern Illinois,2287,79,86,56,,MVC,MVC,,,,,,
240180238,2004-01-18,17:30,2004,regular,,final,Vanderbilt,Auburn,238,2,67,63,,SEC,SEC,,,,,,
240180258,2004-01-18,18:30,2004,regular,,final,Virginia,Duke,258,150,52,63,,ACC,ACC,,,,,,
240192561,2004-01-19,13:00,2004,regular,,final,Siena,Marist,2561,2368,65,55,,MAAC,MAAC,,,,,,
240190041,2004-01-19,14:00,2004,regular,,final,UConn,Rutgers,41,164,72,47,,Big East,Big East,,,,,,AT HARTFORD CT
240192750,2004-01-19,14:00,2004,regular,,final,Wright State,Detroit Mercy,2750,2174,50,49,,Horizon,Horizon,,,,,,
240190052,2004-01-19,16:30,2004,regular,,final,Florida State,NC State,52,152,64,79,,ACC,ACC,,,,,,
240190324,2004-01-19,17:00,2004,regular,,final,Coastal Carolina,Radford,324,2515,73,59,,Big South,Big South,,,,,,
240192535,2004-01-19,17:00,2004,regular,,final,Samford,Alabama State,2535,2011,61,59,,Southern,SWAC,,,,,,
240192747,2004-01-19,17:00,2004,regular,,final,Wofford,Charleston,2747,232,64,70,,Southern,Southern,,,,,,
240190050,2004-01-19,17:30,2004,regular,,final,Florida A&M,Howard,50,47,78,80,,MEAC,MEAC,,,,,,
240192154,2004-01-19,17:30,2004,regular,,final,Coppin State,South Carolina State,2154,2569,77,67,,MEAC,MEAC,,,,,,
240192415,2004-01-19,17:30,2004,regular,,final,Morgan State,North Carolina A&T,2415,2448,47,49,,MEAC,MEAC,,,,,,
240192097,2004-01-19,17:45,2004,regular,,final,Campbell,UCF,2097,2116,46,50,,ASUN,ASUN,,,,,,
240192065,2004-01-19,18:00,2004,regular,,final,Bethune-Cookman,Delaware State,2065,2169,55,65,,MEAC,MEAC,,,,,,
240192210,2004-01-19,18:00,2004,regular,,final,Elon,Western Carolina,2210,2717,58,45,,Southern,Southern,,,,,,
240192241,2004-01-19,18:00,2004,regular,,final,Gardner-Webb,Florida Atlantic,2241,2226,86,79,,ASUN,ASUN,,,,,,
240192261,2004-01-19,18:00,2004,regular,,final,Hampton,Maryland-Eastern Shore,2261,2379,60,59,,MEAC,MEAC,,,,,,
240192029,2004-01-19,18:30,2004,regular,,final,Arkansas-Pine Bluff,Alcorn State,2029,2016,49,62,,SWAC,SWAC,,,,,,
240192296,2004-01-19,18:30,2004,regular,,final,Jackson State,Texas Southern,2296,2640,50,39,,SWAC,SWAC,,,,,,
240192400,2004-01-19,18:30,2004,regular,,final,Mississippi Valley State,Southern,2400,2582,66,68,,SWAC,SWAC,,,,,,
240192755,2004-01-19,18:30,2004,regular,,final,Grambling,Prairie View A&M,2755,2504,83,71,,SWAC,SWAC,,,,,,
240190085,2004-01-19,19:00,2004,regular,,final,IUPUI,Valparaiso,85,2674,52,75,,Horizon,MVC,,,,,,
240190120,2004-01-19,19:00,2004,regular,,final,Maryland,North Carolina,120,153,59,72,,ACC,ACC,,,,,,
240190231,2004-01-19,19:00,2004,regular,,final,Furman,Georgia Southern,231,290,57,40,,Southern,Southern,,,,,,
240192026,2004-01-19,19:00,2004,regular,,final,Appalachian State,Chattanooga,2026,236,60,67,,Southern,Southern,,,,,,
240192084,2004-01-19,19:00,2004,regular,,final,Buffalo,Holy Cross,2084,107,59,71,,MAC,Patriot,,,,,,
240192115,2004-01-19,19:00,2004,regular,,final,Central Connecticut,Wagner,2115,2681,67,63,,NEC,NEC,,,,,,
240192127,2004-01-19,19:00,2004,regular,,final,Charleston Southern,Liberty,2127,2335,44,82,,Big South,Big South,,,,,,
240192229,2004-01-19,19:00,2004,regular,,final,Florida International,North Texas,2229,249,53,55,,Sun Belt,Sun Belt,,,,,,
240192450,2004-01-19,19:00,2004,regular,,final,Norfolk State,James Madison,2450,256,51,53,,MEAC,CAA,,,,,,
240192473,2004-01-19,19:00,2004,regular,,final,Oakland,Southern Utah,2473,253,73,61,,Horizon,WAC,,,,,,
240192542,2004-01-19,19:00,2004,regular,,final,Savannah State,Alabama A&M,2542,2010,64,52,,,SWAC,,,,,,
240192870,2004-01-19,19:00,2004,regular,,final,Purdue Fort Wayne,Chicago State,2870,2130,84,64,,,,,,,,,
240190140,2004-01-19,20:00,2004,regular,,final,Kansas City,Western Illinois,140,2710,59,55,,,,,,,,,
240192634,2004-01-19,20:00,2004,regular,,final,Tennessee State,Fisk,2634,2225,88,38,,,,,,,,,
240192724,2004-01-19,20:00,2004,regular,,final,Wichita State,Creighton,2724,156,60,72,,MVC,MVC,,,,,,
240192739,2004-01-19,20:00,2004,regular,,final,Green Bay,UIC,2739,82,73,60,,Horizon,Horizon,,,,,,
240190198,2004-01-19,20:05,2004,regular,,final,Oral Roberts,Centenary,198,2113,68,67,,,,,,,,,
240192623,2004-01-19,20:05,2004,regular,,final,Missouri State,Drake,2623,2181,70,61,,MVC,MVC,,,,,,
240192501,2004-01-20,00:00,2004,regular,,final,Portland,Portland State,2501,2502,74,67,,WCC,Big Sky,,,,,,
240200093,2004-01-20,18:15,2004,regular,,final,Murray State,UT Martin,93,2630,70,67,,MVC,,,,,,,
240200219,2004-01-20,19:00,2004,regular,,final,Pennsylvania,Lafayette,219,322,84,63,,Ivy,Patriot,,,,,,
240200349,2004-01-20,19:00,2004,regular,,final,Army,Dartmouth,349,159,68,73,,Patriot,Ivy,,,,,,
240202329,2004-01-20,19:00,2004,regular,,final,Lehigh,Brown,2329,225,73,78,,Patriot,Ivy,,,,,,
240202363,2004-01-20,19:00,2004,regular,,final,Manhattan,Fordham,2363,2230,55,58,,MAAC,A 10,,,,,,
240202430,2004-01-20,19:00,2004,regular,,final,UNC Greensboro,Davidson,2430,2166,55,68,,Southern,Southern,,,,,,
240202529,2004-01-20,19:00,2004,regular,,final,Sacred Heart,Columbia,2529,171,76,57,,NEC,Ivy,,,,,,
240202184,2004-01-20,19:05,2004,regular,,final,Duquesne,Cornell,2184,172,77,62,,A 10,Ivy,,,,,,
240200314,2004-01-20,19:30,2004,regular,,final,Iona,Saint Peter's,314,2612,68,74,,MAAC,MAAC,,,,,,
240202507,2004-01-20,19:30,2004,regular,,final,Providence,Miami,2507,2390,67,86,,Big East,Big East,,,,,,
240200066,2004-01-20,20:00,2004,regular,,final,Iowa State,Oklahoma,66,201,69,51,,Big 12,Big 12,,,,,,
240200357,2004-01-20,20:00,2004,regular,,final,Texas A&M-Corpus Christi,Huston-Tillotson,357,2281,83,33,,,,,,,,,
240212754,2004-01-21,17:15,2004,regular,,final,Youngstown State,Butler,2754,2086,45,55,,Horizon,Horizon,,,,,,
240210277,2004-01-21,17:30,2004,regular,,final,Marshall,West Virginia,276,277,53,79,,MAC,Big East,,,,,,AT CHARLESTON WV
240212948,2004-01-21,18:30,2004,regular,,final,Stillman,Mississippi Valley State,2948,2400,65,71,,,SWAC,,,,,,
240210103,2004-01-21,19:00,2004,regular,,final,Boston College,Seton Hall,103,2550,50,41,,Big East,Big East,,,,,,
240210183,2004-01-21,19:00,2004,regular,,final,Syracuse,Notre Dame,183,87,35,64,,Big East,Big East,,,,,,
240210193,2004-01-21,19:00,2004,regular,,final,Miami (OH),Northern Illinois,193,2459,75,67,,MAC,MAC,,,,,,
240210221,2004-01-21,19:00,2004,regular,,final,Pittsburgh,Virginia Tech,221,259,57,67,,Big East,Big East,,,,,,
240210228,2004-01-21,19:00,2004,regular,,final,Clemson,Wake Forest,228,154,71,68,,ACC,ACC,,,,,,
240210261,2004-01-21,19:00,2004,regular,,final,Vermont,Hartford,261,42,70,76,,Am. East,Am. East,,,,,,
240210311,2004-01-21,19:00,2004,regular,,final,Maine,Boston University,311,104,73,65,,Am. East,Am. East,,,,,,
240210399,2004-01-21,19:00,2004,regular,,final,Albany,Stony Brook,399,2619,70,66,,Am. East,Am. East,,,,,,
240212006,2004-01-21,19:00,2004,regular,,final,Akron,Ohio,2006,195,63,75,,MAC,MAC,,,,,,
240212050,2004-01-21,19:00,2004,regular,,final,Ball State,Eastern Michigan,2050,2199,83,100,,MAC,MAC,,,,,,
240212066,2004-01-21,19:00,2004,regular,,final,Binghamton,Northeastern,2066,111,44,29,,Am. East,Am. East,,,,,,
240212084,2004-01-21,19:00,2004,regular,,final,Buffalo,Central Michigan,2084,2117,57,52,,MAC,MAC,,,,,,
240212341,2004-01-21,19:00,2004,regular,,final,LIU Brooklyn,Wagner,2341,2681,59,81,,NEC,NEC,,,,,,
240212378,2004-01-21,19:00,2004,regular,,final,UMBC,New Hampshire,2378,160,54,65,,Am. East,Am. East,,,,,,
240212427,2004-01-21,19:00,2004,regular,,final,UNC Asheville,High Point,2427,2272,68,66,,Big South,Big South,,,,,,
240212636,2004-01-21,19:00,2004,regular,,final,UTSA,Texas State,2636,326,43,44,,C-USA,Sun Belt,,,,,,
240212649,2004-01-21,19:00,2004,regular,,final,Toledo,Bowling Green,2649,189,54,57,,MAC,MAC,,,,,,
240212711,2004-01-21,19:00,2004,regular,,final,Western Michigan,Kent State,2711,2309,76,67,,MAC,MAC,,,,,,
240210164,2004-01-21,19:30,2004,regular,,final,Rutgers,Temple,164,218,64,45,,Big East,A 10,,,,,,
240210003,2004-01-21,20:00,2004,regular,,final,Birmingham-Southern,Winthrop,3,2737,58,45,,Big South,Big South,,,,,,
240210046,2004-01-21,20:00,2004,regular,,final,Georgetown,St. John's,46,2599,74,56,,Big East,Big East,,,,,,
240210239,2004-01-21,20:00,2004,regular,,final,Baylor,Kansas,239,2305,85,66,,Big 12,Big 12,,,,,,
240210251,2004-01-21,20:00,2004,regular,,final,Texas,Oklahoma State,251,197,67,45,,Big 12,Big 12,,,,,,
240212641,2004-01-21,20:00,2004,regular,,final,Texas Tech,Nebraska,2641,158,68,55,,Big 12,Big 12,,,,,,
240210038,2004-01-21,21:00,2004,regular,,final,Colorado,Texas A&M,38,245,70,58,,Big 12,Big 12,,,,,,
240220294,2004-01-22,16:30,2004,regular,,final,Jacksonville,Georgia State,294,2247,48,90,,ASUN,ASUN,,,,,,
240220325,2004-01-22,17:00,2004,regular,,final,Cleveland State,Loyola Chicago,325,2350,80,73,,Horizon,Horizon,,,,,,
240222523,2004-01-22,17:00,2004,regular,,final,Robert Morris,Mount St. Mary's,2523,116,48,64,,NEC,NEC,,,,,,
240220056,2004-01-22,17:15,2004,regular,,final,Stetson,Mercer,56,2382,80,62,,ASUN,ASUN,,,,,,
240220043,2004-01-22,18:00,2004,regular,,final,Yale,Morgan State,43,2415,73,62,,Ivy,MEAC,,,,,,
240220055,2004-01-22,18:00,2004,regular,,final,Jacksonville State,Eastern Kentucky,55,2198,75,53,,ASUN,ASUN,,,,,,
240222057,2004-01-22,18:00,2004,regular,,final,Belmont,Gardner-Webb,2057,2241,72,53,,ASUN,ASUN,,,,,,
240222535,2004-01-22,18:00,2004,regular,,final,Samford,Morehead State,2535,2413,54,67,,Southern,,,,,,,
240222046,2004-01-22,18:15,2004,regular,,final,Austin Peay,Eastern Illinois,2046,2197,71,72,,ASUN,,,,,,,
240222447,2004-01-22,18:15,2004,regular,,final,Nicholls,McNeese,2447,2377,47,53,,,,,,,,,
240222534,2004-01-22,18:15,2004,regular,,final,Sam Houston,Northwestern State,2534,2466,61,81,,WAC,,,,,,,
240222433,2004-01-22,18:30,2004,regular,,final,UL Monroe,Stephen F. Austin,2433,2617,70,51,,Sun Belt,WAC,,,,,,
240222635,2004-01-22,18:30,2004,regular,,final,Tennessee Tech,Southeast Missouri State,2635,2546,65,57,,,,,,,,,
240222634,2004-01-22,18:45,2004,regular,,final,Tennessee State,UT Martin,2634,2630,63,70,,,,,,,,,
240220057,2004-01-22,19:00,2004,regular,,final,Florida,South Carolina,57,2579,61,56,,SEC,SEC,,,,,,
240220119,2004-01-22,19:00,2004,regular,,final,Towson,Hofstra,119,2275,51,69,,CAA,CAA,,,,,,
240220150,2004-01-22,19:00,2004,regular,,final,Duke,Maryland,150,120,78,48,,ACC,ACC,,,,,,
240220153,2004-01-22,19:00,2004,regular,,final,North Carolina,Georgia Tech,153,59,63,56,,ACC,ACC,,,,,,
240220194,2004-01-22,19:00,2004,regular,,final,Ohio State,Purdue,194,2509,68,74,,Big Ten,Big Ten,,,,,,
240220213,2004-01-22,19:00,2004,regular,,final,Penn State,Minnesota,213,135,75,56,,Big Ten,Big Ten,,,,,,
240220288,2004-01-22,19:00,2004,regular,,final,Lipscomb,Campbell,288,2097,71,57,,ASUN,ASUN,,,,,,
240220350,2004-01-22,19:00,2004,regular,,final,UNC Wilmington,James Madison,350,256,61,51,,CAA,CAA,,,,,,
240222116,2004-01-22,19:00,2004,regular,,final,UCF,Troy,2116,2653,50,57,,ASUN,ASUN,,,,,,
240222174,2004-01-22,19:00,2004,regular,,final,Detroit Mercy,UIC,2174,82,66,49,,Horizon,Horizon,,,,,,
240222244,2004-01-22,19:00,2004,regular,,final,George Mason,Delaware,2244,48,71,64,,CAA,CAA,,,,,,
240222405,2004-01-22,19:00,2004,regular,,final,Monmouth,Central Connecticut,2405,2115,59,53,,NEC,NEC,,,,,,
240222514,2004-01-22,19:00,2004,regular,,final,Quinnipiac,Fairleigh Dickinson,2514,161,71,45,,NEC,NEC,,,,,,
240222542,2004-01-22,19:00,2004,regular,,final,Savannah State,Georgia Southern,2542,290,43,57,,,Southern,,,,,,
240222597,2004-01-22,19:00,2004,regular,,final,St. Francis Brooklyn,Sacred Heart,2597,2529,50,69,,NEC,NEC,,,,,,
240222633,2004-01-22,19:00,2004,regular,,final,Tennessee,Vanderbilt,2633,238,79,54,,SEC,SEC,,,,,,
240222670,2004-01-22,19:00,2004,regular,,final,VCU,Old Dominion,2670,295,64,80,,CAA,CAA,,,,,,
240222750,2004-01-22,19:00,2004,regular,,final,Wright State,Milwaukee,2750,270,61,69,,Horizon,Horizon,,,,,,
240222870,2004-01-22,19:00,2004,regular,,final,Purdue Fort Wayne,Green Bay,2870,2739,71,80,,,Horizon,,,,,,
240222217,2004-01-22,19:30,2004,regular,,final,Fairfield,Marist,2217,2368,45,59,,MAAC,MAAC,,,,,,
240220002,2004-01-22,20:00,2004,regular,,final,Auburn,Alabama,2,333,70,61,,SEC,SEC,,,,,,
240220008,2004-01-22,20:00,2004,regular,,final,Arkansas,LSU,8,99,65,73,,SEC,SEC,,,,,,
240220077,2004-01-22,20:00,2004,regular,,final,Northwestern,Michigan State,77,127,57,67,,Big Ten,Big Ten,,,,,,
240220098,2004-01-22,20:00,2004,regular,,final,Western Kentucky,New Orleans,98,2443,84,60,,Sun Belt,Sun Belt,,,,,,
240220145,2004-01-22,20:00,2004,regular,,final,Ole Miss,Georgia,145,61,90,79,,SEC,SEC,,,,,,
240220202,2004-01-22,20:00,2004,regular,,final,Tulsa,Nevada,202,2440,74,57,,WAC,WAC,,,,,,
240220242,2004-01-22,20:00,2004,regular,,final,Rice,Fresno State,242,278,97,55,,WAC,WAC,,,,,,
240220249,2004-01-22,20:00,2004,regular,,final,North Texas,Little Rock,249,2031,63,41,,Sun Belt,Sun Belt,,,,,,
240220275,2004-01-22,20:00,2004,regular,,final,Wisconsin,Michigan,275,130,60,63,,Big Ten,Big Ten,,,,,,
240220344,2004-01-22,20:00,2004,regular,,final,Mississippi State,Kentucky,344,96,80,67,,SEC,SEC,,,,,,
240220356,2004-01-22,20:00,2004,regular,,final,Illinois,Indiana,356,84,56,63,,Big Ten,Big Ten,,,,,,
240222320,2004-01-22,20:00,2004,regular,,final,Lamar,SE Louisiana,2320,2545,59,51,,,,,,,,,
240222393,2004-01-22,20:00,2004,regular,,final,Middle Tennessee,South Alabama,2393,6,56,55,,Sun Belt,Sun Belt,,,,,,
240220079,2004-01-22,20:05,2004,regular,,final,Southern Illinois,Wichita State,79,2724,67,75,,MVC,MVC,,,,,,
240220156,2004-01-22,20:05,2004,regular,,final,Creighton,Bradley,156,71,59,64,,MVC,MVC,,,,,,
240222181,2004-01-22,20:05,2004,regular,,final,Drake,Northern Iowa,2181,2460,65,58,,MVC,MVC,,,,,,
240222623,2004-01-22,20:05,2004,regular,,final,Missouri State,UT Rio Grande Valley,2623,292,69,34,,MVC,,,,,,,
240220068,2004-01-22,21:00,2004,regular,,final,Boise State,San José State,68,23,70,76,,WAC,WAC,,,,,,
240220252,2004-01-22,21:00,2004,regular,,final,BYU,New Mexico,252,167,52,58,,Mountain West,Mountain West,,,,,,
240220254,2004-01-22,21:00,2004,regular,,final,Utah,Air Force,254,2005,82,42,,Mountain West,Mountain West,,,,,,
240220328,2004-01-22,21:00,2004,regular,,final,Utah State,Cal State Fullerton,328,2239,68,69,,Big West,Big West,,,,,,
240222172,2004-01-22,21:00,2004,regular,,final,Denver,Arkansas State,2172,2032,66,63,,Sun Belt,Sun Belt,,,,,,
240220166,2004-01-22,21:05,2004,regular,,final,New Mexico State,Louisiana,166,309,59,44,,Sun Belt,Sun Belt,,,,,,
240222464,2004-01-22,21:05,2004,regular,,final,Northern Arizona,Weber State,2464,2692,56,58,,Big Sky,Big Sky,,,,,,
240222638,2004-01-22,21:05,2004,regular,,final,UTEP,Hawai'i,2638,62,44,39,,WAC,WAC,,,,,,
240220013,2004-01-22,22:00,2004,regular,,final,Cal Poly,Pacific,13,279,75,63,,Big West,Big West,,,,,,
240220021,2004-01-22,22:00,2004,regular,,final,San Diego State,Wyoming,21,2751,60,71,,Mountain West,Mountain West,,,,,,
240220070,2004-01-22,22:00,2004,regular,,final,Idaho,UC Riverside,70,27,75,59,,Big West,Big West,,,,,,
240220204,2004-01-22,22:00,2004,regular,,final,Oregon State,Arizona State,204,9,56,63,,Pac-12,Pac-12,,,,,,
240222463,2004-01-22,22:00,2004,regular,,final,Cal State Northridge,UC Santa Barbara,2463,2540,71,72,,Big West,Big West,,,,,,
240222483,2004-01-22,22:00,2004,regular,,final,Oregon,Arizona,2483,12,66,70,,Pac-12,Pac-12,,,,,,
240222541,2004-01-22,22:00,2004,regular,,final,Santa Clara,San Francisco,2541,2539,75,45,,WCC,WCC,,,,,,
240220016,2004-01-22,22:05,2004,regular,,final,Sacramento State,Idaho State,16,304,53,65,,Big Sky,Big Sky,,,,,,
240220301,2004-01-22,22:05,2004,regular,,final,San Diego,Saint Mary's,301,2608,53,45,,WCC,WCC,,,,,,
240222439,2004-01-22,22:30,2004,regular,,final,UNLV,Colorado State,2439,36,92,87,,Mountain West,Mountain West,,,,,,
240230322,2004-01-23,17:00,2004,regular,,final,Lafayette,Lehigh,322,2329,53,64,,Patriot,Patriot,,,,,,
240230107,2004-01-23,17:30,2004,regular,,final,Holy Cross,Navy,107,2426,64,71,,Patriot,Patriot,,,,,,
240230349,2004-01-23,17:30,2004,regular,,final,Army,Bucknell,349,2083,51,46,,Patriot,Patriot,,,,,,
240232142,2004-01-23,17:30,2004,regular,,final,Colgate,American University,2142,44,57,58,,Patriot,Patriot,,,,,,
240230052,2004-01-23,19:00,2004,regular,,final,Florida State,Virginia,52,258,80,82,,ACC,ACC,,,,,,
240230113,2004-01-23,19:00,2004,regular,,final,UMass,Xavier,113,2752,43,53,,A 10,A 10,,,,,,
240230179,2004-01-23,19:00,2004,regular,,final,St. Bonaventure,George Washington,179,45,61,73,,A 10,A 10,,,,,,
240230218,2004-01-23,19:00,2004,regular,,final,Temple,Richmond,218,257,72,70,,A 10,A 10,,,,,,
240230227,2004-01-23,19:00,2004,regular,,final,Rhode Island,Dayton,227,2168,48,43,,A 10,A 10,,,,,,
240232182,2004-01-23,19:00,2004,regular,,final,Drexel,William & Mary,2182,2729,92,61,,CAA,CAA,,,,,,
240232603,2004-01-23,19:00,2004,regular,,final,Saint Joseph's,La Salle,2603,2325,68,52,,A 10,A 10,,,,,,
240232612,2004-01-23,19:30,2004,regular,,final,Saint Peter's,Loyola Maryland,2612,2352,60,46,,MAAC,MAAC,,,,,,
240230139,2004-01-23,20:00,2004,regular,,final,Saint Louis,South Florida,139,58,51,68,,C-USA,C-USA,,,,,,
240230235,2004-01-23,20:00,2004,regular,,final,Memphis,UAB,235,5,93,64,,C-USA,C-USA,,,,,,
240230248,2004-01-23,20:00,2004,regular,,final,Houston,Cincinnati,248,2132,60,56,,C-USA,C-USA,,,,,,
240230269,2004-01-23,20:00,2004,regular,,final,Marquette,Tulane,269,2655,69,55,,C-USA,C-USA,,,,,,
240230305,2004-01-23,20:00,2004,regular,,final,DePaul,Southern Miss,305,2572,93,72,,C-USA,C-USA,,,,,,
240232628,2004-01-23,20:00,2004,regular,,final,TCU,Louisville,2628,97,67,42,,C-USA,C-USA,,,,,,
240230147,2004-01-23,21:05,2004,regular,,final,Montana State,Montana,147,149,44,60,,Big Sky,Big Sky,,,,,,
240230026,2004-01-23,22:00,2004,regular,,final,UCLA,Stanford,26,24,71,78,,Pac-12,Pac-12,,,,,,
240230030,2004-01-23,22:00,2004,regular,,final,USC,California,30,25,67,47,,Pac-12,Pac-12,,,,,,
240242681,2004-01-24,11:30,2004,regular,,final,Wagner,St. Francis Brooklyn,2681,2597,79,66,,NEC,NEC,,,,,,
240240087,2004-01-24,12:00,2004,regular,,final,Notre Dame,Villanova,87,222,38,36,,Big East,Big East,,,,,,
240240183,2004-01-24,12:00,2004,regular,,final,Syracuse,West Virginia,183,277,57,69,,Big East,Big East,,,,,,
240240111,2004-01-24,13:00,2004,regular,,final,Northeastern,Boston University,111,104,60,68,,Am. East,Am. East,,,,,,
240240160,2004-01-24,13:00,2004,regular,,final,New Hampshire,Vermont,160,261,63,52,,Am. East,Am. East,,,,,,
240242169,2004-01-24,13:00,2004,regular,,final,Delaware State,Hampton,2169,2261,66,47,,MEAC,MEAC,,,,,,
240242599,2004-01-24,13:00,2004,regular,,final,St. John's,Pittsburgh,2599,221,83,72,,Big East,Big East,,,,,,
240240042,2004-01-24,14:00,2004,regular,,final,Hartford,Albany,42,399,53,57,,Am. East,Am. East,,,,,,
240240047,2004-01-24,14:00,2004,regular,,final,Howard,Norfolk State,47,2450,63,71,,MEAC,MEAC,,,,,,
240240158,2004-01-24,14:00,2004,regular,,final,Nebraska,Kansas State,158,2306,81,63,,Big 12,Big 12,,,,,,
240240172,2004-01-24,14:00,2004,regular,,final,Cornell,Columbia,172,171,67,76,,Ivy,Ivy,,,,,,
240240225,2004-01-24,14:00,2004,regular,,final,Brown,Yale,225,43,75,58,,Ivy,Ivy,,,,,,
240240259,2004-01-24,14:00,2004,regular,,final,Virginia Tech,Boston College,259,103,80,64,,Big East,Big East,,,,,,
240240315,2004-01-24,14:00,2004,regular,,final,Niagara,Iona,315,314,68,67,,MAAC,MAAC,,,,,,
240242050,2004-01-24,14:00,2004,regular,,final,Ball State,Buffalo,2050,2084,73,49,,MAC,MAC,,,,,,
240242117,2004-01-24,14:00,2004,regular,,final,Central Michigan,Marshall,2117,276,56,73,,MAC,MAC,,,,,,
240242166,2004-01-24,14:00,2004,regular,,final,Davidson,Charleston,2166,232,65,51,,Southern,Southern,,,,,,
240242335,2004-01-24,14:00,2004,regular,,final,Liberty,Birmingham-Southern,2335,3,62,42,,Big South,Big South,,,,,,
240242350,2004-01-24,14:00,2004,regular,,final,Loyola Chicago,Wright State,2350,2750,79,61,,Horizon,Horizon,,,,,,
240242379,2004-01-24,14:00,2004,regular,,final,Maryland-Eastern Shore,Coppin State,2379,2154,55,63,,MEAC,MEAC,,,,,,
240242514,2004-01-24,14:00,2004,regular,,final,Quinnipiac,Monmouth,2514,2405,54,58,,NEC,NEC,,,,,,
240242515,2004-01-24,14:00,2004,regular,,final,Radford,UNC Asheville,2515,2427,39,45,,Big South,Big South,,,,,,
240242529,2004-01-24,14:00,2004,regular,,final,Sacred Heart,LIU Brooklyn,2529,2341,75,52,,NEC,NEC,,,,,,
240242619,2004-01-24,14:00,2004,regular,,final,Stony Brook,Binghamton,2619,2066,45,54,,Am. East,Am. East,,,,,,
240242754,2004-01-24,14:00,2004,regular,,final,Youngstown State,Purdue Fort Wayne,2754,2870,72,62,,Horizon,,,,,,,
240240195,2004-01-24,15:00,2004,regular,,final,Ohio,Toledo,195,2649,49,67,,MAC,MAC,,,,,,
240240197,2004-01-24,15:00,2004,regular,,final,Oklahoma State,Texas Tech,197,2641,88,87,,Big 12,Big 12,,,,,,
240240202,2004-01-24,15:00,2004,regular,,final,Tulsa,Fresno State,202,278,70,60,,WAC,WAC,,,,,,
240240325,2004-01-24,15:00,2004,regular,,final,Cleveland State,UIC,325,82,57,55,,Horizon,Horizon,,,,,,
240240339,2004-01-24,15:00,2004,regular,,final,Evansville,Wichita State,339,2724,76,61,,MVC,MVC,,,,,,
240242006,2004-01-24,15:00,2004,regular,,final,Akron,Western Michigan,2006,2711,61,76,,MAC,MAC,,,,,,
240242057,2004-01-24,15:00,2004,regular,,final,Belmont,Campbell,2057,2097,60,62,,ASUN,ASUN,,,,,,
240242230,2004-01-24,15:00,2004,regular,,final,Fordham,Duquesne,2230,2184,61,62,,A 10,A 10,,,,,,
240242447,2004-01-24,15:00,2004,regular,,final,Nicholls,UL Monroe,2447,2433,66,85,,,Sun Belt,,,,,,
240242483,2004-01-24,15:00,2004,regular,,final,Oregon,Arizona State,2483,9,67,69,,Pac-12,Pac-12,,,,,,
240242550,2004-01-24,15:00,2004,regular,,final,Seton Hall,UConn,2550,41,63,71,,Big East,Big East,,,,,,
240242636,2004-01-24,15:00,2004,regular,,final,UTSA,Northwestern State,2636,2466,64,71,,C-USA,,,,,,,
240242747,2004-01-24,15:00,2004,regular,,final,Wofford,East Tennessee State,2747,2193,65,80,,Southern,Southern,,,,,,
240240079,2004-01-24,15:05,2004,regular,,final,Southern Illinois,Missouri State,79,2623,53,84,,MVC,MVC,,,,,,
240242181,2004-01-24,15:05,2004,regular,,final,Drake,Bradley,2181,71,59,46,,MVC,MVC,,,,,,
240242287,2004-01-24,15:05,2004,regular,,final,Illinois State,Indiana State,2287,282,73,83,,MVC,MVC,,,,,,
240242459,2004-01-24,15:05,2004,regular,,final,Northern Illinois,Kent State,2459,2309,56,55,,MAC,MAC,,,,,,
240242473,2004-01-24,15:30,2004,regular,,final,Oakland,Kansas City,2473,140,72,78,,Horizon,,,,,,,
240240068,2004-01-24,16:00,2004,regular,,final,Boise State,Hawai'i,68,62,44,51,,WAC,WAC,,,,,,
240240236,2004-01-24,16:00,2004,regular,,final,Chattanooga,Furman,236,231,65,58,,Southern,Southern,,,,,,
240240294,2004-01-24,16:00,2004,regular,,final,Jacksonville,Mercer,294,2382,51,64,,ASUN,ASUN,,,,,,
240242086,2004-01-24,16:00,2004,regular,,final,Butler,Milwaukee,2086,270,67,61,,Horizon,Horizon,,,,,,
240242115,2004-01-24,16:00,2004,regular,,final,Central Connecticut,Fairleigh Dickinson,2115,161,43,65,,NEC,NEC,,,,,,
240242272,2004-01-24,16:00,2004,regular,,final,High Point,Charleston Southern,2272,2127,72,57,,Big South,Big South,,,,,,
240242305,2004-01-24,16:00,2004,regular,,final,Kansas,Missouri,2305,142,49,76,,Big 12,Big 12,,,,,,
240242545,2004-01-24,16:00,2004,regular,,final,SE Louisiana,Sam Houston,2545,2534,72,55,,,WAC,,,,,,
240242569,2004-01-24,16:00,2004,regular,,final,South Carolina State,Bethune-Cookman,2569,2065,68,81,,MEAC,MEAC,,,,,,
240242598,2004-01-24,16:00,2004,regular,,final,St. Francis (PA),Mount St. Mary's,2598,116,86,77,,NEC,NEC,,,,,,
240242737,2004-01-24,16:00,2004,regular,,final,Winthrop,Coastal Carolina,2737,324,66,60,,Big South,Big South,,,,,,
240240085,2004-01-24,16:30,2004,regular,,final,IUPUI,Oral Roberts,85,198,67,62,,Horizon,,,,,,,
240240201,2004-01-24,16:30,2004,regular,,final,Oklahoma,Baylor,201,239,67,74,,Big 12,Big 12,,,,,,
240242174,2004-01-24,16:30,2004,regular,,final,Detroit Mercy,Green Bay,2174,2739,56,50,,Horizon,Horizon,,,,,,
240242210,2004-01-24,16:30,2004,regular,,final,Elon,Appalachian State,2210,2026,75,68,,Southern,Southern,,,,,,
240240264,2004-01-24,17:00,2004,regular,,final,Washington,Washington State,264,265,72,54,,Pac-12,Pac-12,,,,,,
240240290,2004-01-24,17:00,2004,regular,,final,Georgia Southern,Western Carolina,290,2717,57,65,,Southern,Southern,,,,,,
240240326,2004-01-24,17:00,2004,regular,,final,Texas State,Lamar,326,2320,82,67,,Sun Belt,,,,,,,
240240328,2004-01-24,17:00,2004,regular,,final,Utah State,UC Riverside,328,27,62,89,,Big West,Big West,,,,,,
240242535,2004-01-24,17:00,2004,regular,,final,Samford,Eastern Kentucky,2535,2198,82,92,,Southern,ASUN,,,,,,
240242710,2004-01-24,17:00,2004,regular,,final,Western Illinois,Chicago State,2710,2130,68,51,,,,,,,,,
240240331,2004-01-24,17:05,2004,regular,,final,Eastern Washington,Portland State,331,2502,81,66,,Big Sky,Big Sky,,,,,,
240240056,2004-01-24,17:15,2004,regular,,final,Stetson,Georgia State,56,2247,55,62,,ASUN,ASUN,,,,,,
240242448,2004-01-24,17:30,2004,regular,,final,North Carolina A&T,Florida A&M,2448,50,54,74,,MEAC,MEAC,,,,,,
240240055,2004-01-24,18:00,2004,regular,,final,Jacksonville State,Morehead State,55,2413,94,78,,ASUN,,,,,,,
240240150,2004-01-24,18:00,2004,regular,,final,Duke,Tennessee,150,2633,69,72,,ACC,SEC,,,,,,
240240252,2004-01-24,18:00,2004,regular,,final,BYU,Air Force,252,2005,78,59,,Mountain West,Mountain West,,,,,,
240242172,2004-01-24,18:00,2004,regular,,final,Denver,Little Rock,2172,2031,61,57,,Sun Belt,Sun Belt,,,,,,AT HAMILTON GYM
240242634,2004-01-24,18:00,2004,regular,,final,Tennessee State,Murray State,2634,93,58,68,,,MVC,,,,,,
240242016,2004-01-24,18:30,2004,regular,,final,Alcorn State,Alabama State,2016,2011,74,71,,SWAC,SWAC,,,,,,
240242046,2004-01-24,18:30,2004,regular,,final,Austin Peay,Southeast Missouri State,2046,2546,68,65,,ASUN,,,,,,,
240242296,2004-01-24,18:30,2004,regular,,final,Jackson State,Grambling,2296,2755,71,55,,SWAC,SWAC,,,,,,
240242504,2004-01-24,18:30,2004,regular,,final,Prairie View A&M,Arkansas-Pine Bluff,2504,2029,59,64,,SWAC,SWAC,,,,,,
240242582,2004-01-24,18:30,2004,regular,,final,Southern,Alabama A&M,2582,2010,70,65,,SWAC,SWAC,,,,,,
240242635,2004-01-24,18:30,2004,regular,,final,Tennessee Tech,Eastern Illinois,2635,2197,78,64,,,,,,,,,
240242640,2004-01-24,18:30,2004,regular,,final,Texas Southern,Mississippi Valley State,2640,2400,56,64,,SWAC,SWAC,,,,,,
240240288,2004-01-24,19:00,2004,regular,,final,Lipscomb,Gardner-Webb,288,2241,75,48,,ASUN,ASUN,,,,,,
240242099,2004-01-24,19:00,2004,regular,,final,Canisius,Siena,2099,2561,60,56,,MAAC,MAAC,,,,,,
240242199,2004-01-24,19:00,2004,regular,,final,Eastern Michigan,Miami (OH),2199,193,63,71,,MAC,MAC,,,,,,
240242226,2004-01-24,19:00,2004,regular,,final,Florida Atlantic,Troy,2226,2653,69,63,,ASUN,ASUN,,,,,,
240242378,2004-01-24,19:00,2004,regular,,final,UMBC,Maine,2378,311,45,60,,Am. East,Am. East,,,,,,
240242617,2004-01-24,19:15,2004,regular,,final,Stephen F. Austin,UT Arlington,2617,250,58,54,,WAC,WAC,,,,,,
240240021,2004-01-24,20:00,2004,regular,,final,San Diego State,Colorado State,21,36,58,55,,Mountain West,Mountain West,,,,,,
240240098,2004-01-24,20:00,2004,regular,,final,Western Kentucky,South Alabama,98,6,66,52,,Sun Belt,Sun Belt,,,,,,
240240242,2004-01-24,20:00,2004,regular,,final,Rice,Nevada,242,2440,78,49,,WAC,WAC,,,,,,
240240249,2004-01-24,20:00,2004,regular,,final,North Texas,Arkansas State,249,2032,47,60,,Sun Belt,Sun Belt,,,,,,
240240292,2004-01-24,20:00,2004,regular,,final,UT Rio Grande Valley,Texas A&M-Corpus Christi,292,357,43,73,,,,,,,,,
240240309,2004-01-24,20:00,2004,regular,,final,Louisiana,Florida International,309,2229,58,48,,Sun Belt,Sun Belt,,,,,,
240242348,2004-01-24,20:00,2004,regular,,final,Louisiana Tech,SMU,2348,2567,88,52,,WAC,WAC,,,,,,
240242393,2004-01-24,20:00,2004,regular,,final,Middle Tennessee,New Orleans,2393,2443,67,47,,Sun Belt,Sun Belt,,,,,,
240242492,2004-01-24,20:00,2004,regular,,final,Pepperdine,Loyola Marymount,2492,2351,54,60,,WCC,WCC,,,,,,
240242674,2004-01-24,20:05,2004,regular,,final,Valparaiso,Southern Utah,2674,253,73,63,,MVC,WAC,,,,,,
240242464,2004-01-24,21:05,2004,regular,,final,Northern Arizona,Idaho State,2464,304,59,64,,Big Sky,Big Sky,,,,,,
240242638,2004-01-24,21:05,2004,regular,,final,UTEP,San José State,2638,23,75,65,,WAC,WAC,,,,,,
240240013,2004-01-24,22:00,2004,regular,,final,Cal Poly,Cal State Northridge,13,2463,74,64,,Big West,Big West,,,,,,
240240070,2004-01-24,22:00,2004,regular,,final,Idaho,Cal State Fullerton,70,2239,65,68,,Big West,Big West,,,,,,
240240204,2004-01-24,22:00,2004,regular,,final,Oregon State,Arizona,204,12,54,65,,Pac-12,Pac-12,,,,,,
240240300,2004-01-24,22:00,2004,regular,,final,UC Irvine,Long Beach State,300,299,51,57,,Big West,Big West,,,,,,
240240301,2004-01-24,22:00,2004,regular,,final,San Diego,San Francisco,301,2539,74,83,,WCC,WCC,,,,,,
240242250,2004-01-24,22:00,2004,regular,,final,Gonzaga,Portland,2250,2501,64,55,,WCC,WCC,,,,,,
240242540,2004-01-24,22:00,2004,regular,,final,UC Santa Barbara,Pacific,2540,279,73,48,,Big West,Big West,,,,,,
240240016,2004-01-24,22:05,2004,regular,,final,Sacramento State,Weber State,16,2692,43,47,,Big Sky,Big Sky,,,,,,
240242439,2004-01-24,22:30,2004,regular,,final,UNLV,Wyoming,2439,2751,67,47,,Mountain West,Mountain West,,,,,,
240250107,2004-01-25,12:00,2004,regular,,final,Holy Cross,American University,107,44,74,56,,Patriot,Patriot,,,,,,
240250164,2004-01-25,12:00,2004,regular,,final,Rutgers,Georgetown,164,46,67,64,,Big East,Big East,,,,,,
240250179,2004-01-25,12:00,2004,regular,,final,St. Bonaventure,Dayton,179,2168,74,63,,A 10,A 10,,,,,,
240252325,2004-01-25,12:00,2004,regular,,final,La Salle,Richmond,2325,257,70,67,,A 10,A 10,,,,,,
240250119,2004-01-25,13:00,2004,regular,,final,Towson,William & Mary,119,2729,60,71,,CAA,CAA,,,,,,
240250152,2004-01-25,13:00,2004,regular,,final,NC State,Maryland,152,120,61,45,,ACC,ACC,,,,,,
240250275,2004-01-25,13:00,2004,regular,,final,Wisconsin,Northwestern,275,77,69,53,,Big Ten,Big Ten,,,,,,
240250322,2004-01-25,13:00,2004,regular,,final,Lafayette,Bucknell,322,2083,48,57,,Patriot,Patriot,,,,,,
240250349,2004-01-25,13:00,2004,regular,,final,Army,Lehigh,349,2329,68,75,,Patriot,Patriot,,,,,,
240252142,2004-01-25,13:00,2004,regular,,final,Colgate,Navy,2142,2426,80,57,,Patriot,Patriot,,,,,,
240252182,2004-01-25,13:00,2004,regular,,final,Drexel,Delaware,2182,48,57,58,,CAA,CAA,,,,,,
240250066,2004-01-25,14:00,2004,regular,,final,Iowa State,Colorado,66,38,51,62,,Big 12,Big 12,,,,,,
240250084,2004-01-25,14:00,2004,regular,,final,Indiana,Purdue,84,2509,47,71,,Big Ten,Big Ten,,,,,,
240250151,2004-01-25,14:00,2004,regular,,final,East Carolina,Charlotte,151,2429,80,55,,C-USA,C-USA,,,,,,
240250194,2004-01-25,14:00,2004,regular,,final,Ohio State,Penn State,194,213,64,70,,Big Ten,Big Ten,,,,,,
240250227,2004-01-25,14:00,2004,regular,,final,Rhode Island,Xavier,227,2752,55,66,,A 10,A 10,,,,,,
240250228,2004-01-25,14:00,2004,regular,,final,Clemson,Virginia,228,258,60,56,,ACC,ACC,,,,,,
240250295,2004-01-25,14:00,2004,regular,,final,Old Dominion,George Mason,295,2244,77,54,,CAA,CAA,,,,,,
240252363,2004-01-25,14:00,2004,regular,,final,Manhattan,Rider,2363,2520,59,71,,MAAC,MAAC,,,,,,
240252368,2004-01-25,14:00,2004,regular,,final,Marist,Saint Peter's,2368,2612,77,74,,MAAC,MAAC,,,,,,
240252579,2004-01-25,14:00,2004,regular,,final,South Carolina,Kentucky,2579,96,61,75,,SEC,SEC,,,,,,
240252603,2004-01-25,14:00,2004,regular,,final,Saint Joseph's,Temple,2603,218,61,62,,A 10,A 10,,,,,,
240252670,2004-01-25,14:00,2004,regular,,final,VCU,UNC Wilmington,2670,350,69,80,,CAA,CAA,,,,,,
240250008,2004-01-25,15:00,2004,regular,,final,Arkansas,Auburn,8,2,44,71,,SEC,SEC,,,,,,
240250135,2004-01-25,15:00,2004,regular,,final,Minnesota,Michigan State,135,127,69,72,,Big Ten,Big Ten,,,,,,
240250139,2004-01-25,15:00,2004,regular,,final,Saint Louis,UAB,139,5,86,74,,C-USA,C-USA,,,,,,
240250238,2004-01-25,15:00,2004,regular,,final,Vanderbilt,Ole Miss,238,145,90,65,,SEC,SEC,,,,,,
240250248,2004-01-25,15:00,2004,regular,,final,Houston,Louisville,248,97,75,77,,C-USA,C-USA,,,,,,
240250254,2004-01-25,15:00,2004,regular,,final,Utah,New Mexico,254,167,52,43,,Mountain West,Mountain West,,,,,,
240250269,2004-01-25,15:00,2004,regular,,final,Marquette,Southern Miss,269,2572,76,54,,C-USA,C-USA,,,,,,
240250305,2004-01-25,15:00,2004,regular,,final,DePaul,Tulane,305,2655,99,60,,C-USA,C-USA,,,,,,
240250333,2004-01-25,15:00,2004,regular,,final,Alabama,Mississippi State,333,344,57,65,,SEC,SEC,,,,,,
240252628,2004-01-25,15:00,2004,regular,,final,TCU,Cincinnati,2628,2132,73,57,,C-USA,C-USA,,,,,,
240250156,2004-01-25,15:05,2004,regular,,final,Creighton,Northern Iowa,156,2460,81,64,,MVC,MVC,,,,,,
240252294,2004-01-25,15:05,2004,regular,,final,Iowa,Michigan,2294,130,69,58,,Big Ten,Big Ten,,,,,,
240250245,2004-01-25,15:30,2004,regular,,final,Texas A&M,Texas,245,251,62,64,,Big 12,Big 12,,,,,,
240252217,2004-01-25,15:30,2004,regular,,final,Fairfield,Loyola Maryland,2217,2352,66,58,,MAAC,MAAC,,,,,,
240250235,2004-01-25,16:00,2004,regular,,final,Memphis,South Florida,235,58,69,59,,C-USA,C-USA,,,,,,
240250256,2004-01-25,16:00,2004,regular,,final,James Madison,Hofstra,256,2275,37,48,,CAA,CAA,,,,,,
240252541,2004-01-25,16:00,2004,regular,,final,Santa Clara,Saint Mary's,2541,2608,51,59,,WCC,WCC,,,,,,
240250026,2004-01-25,17:00,2004,regular,,final,UCLA,California,26,25,67,66,,Pac-12,Pac-12,,,,,,
240250030,2004-01-25,17:00,2004,regular,,final,USC,Stanford,30,24,59,56,,Pac-12,Pac-12,,,,,,
240250052,2004-01-25,17:00,2004,regular,,final,Florida State,Georgia Tech,52,59,62,73,,ACC,ACC,,,,,,
240250061,2004-01-25,17:00,2004,regular,,final,Georgia,LSU,61,99,80,74,,SEC,SEC,,,,,,
240260047,2004-01-26,16:00,2004,regular,,final,Howard,Hampton,47,2261,59,74,,MEAC,MEAC,,,,,,
240262193,2004-01-26,16:30,2004,regular,,final,East Tennessee State,Furman,2193,231,68,80,,Southern,Southern,,,,,,
240262515,2004-01-26,17:00,2004,regular,,final,Radford,Birmingham-Southern,2515,3,66,55,,Big South,Big South,,,,,,
240262569,2004-01-26,17:00,2004,regular,,final,South Carolina State,Florida A&M,2569,50,67,69,,MEAC,MEAC,,,,,,
240262169,2004-01-26,17:30,2004,regular,,final,Delaware State,Norfolk State,2169,2450,65,51,,MEAC,MEAC,,,,,,
240260055,2004-01-26,18:00,2004,regular,,final,Jacksonville State,Savannah State,55,2542,83,44,,ASUN,,,,,,,
240262016,2004-01-26,18:30,2004,regular,,final,Alcorn State,Alabama A&M,2016,2010,63,60,,SWAC,SWAC,,,,,,
240262504,2004-01-26,18:30,2004,regular,,final,Prairie View A&M,Mississippi Valley State,2504,2400,64,61,,SWAC,SWAC,,,,,,
240262582,2004-01-26,18:30,2004,regular,,final,Southern,Alabama State,2582,2011,49,57,,SWAC,SWAC,,,,,,
240262640,2004-01-26,18:30,2004,regular,,final,Texas Southern,Arkansas-Pine Bluff,2640,2029,72,59,,SWAC,SWAC,,,,,,
240260154,2004-01-26,19:00,2004,regular,,final,Wake Forest,North Carolina,154,153,69,67,,ACC,ACC,,,,,,
240260232,2004-01-26,19:00,2004,regular,,final,Charleston,Georgia Southern,232,290,56,61,,Southern,Southern,,,,,,
240260315,2004-01-26,19:00,2004,regular,,final,Niagara,Siena,315,2561,53,48,,MAAC,MAAC,,,,,,
240260325,2004-01-26,19:00,2004,regular,,final,Cleveland State,Purdue Fort Wayne,325,2870,81,82,,Horizon,,,,,,,
240262099,2004-01-26,19:00,2004,regular,,final,Canisius,Iona,2099,314,94,62,,MAAC,MAAC,,,,,,
240262127,2004-01-26,19:00,2004,regular,,final,Charleston Southern,Winthrop,2127,2737,70,69,,Big South,Big South,,,,,,
240262229,2004-01-26,19:00,2004,regular,,final,Florida International,New Mexico State,2229,166,60,51,,Sun Belt,Sun Belt,,,,,,
240262272,2004-01-26,19:00,2004,regular,,final,High Point,Coastal Carolina,2272,324,67,59,,Big South,Big South,,,,,,
240262473,2004-01-26,19:00,2004,regular,,final,Oakland,Oral Roberts,2473,198,61,45,,Horizon,,,,,,,
240262598,2004-01-26,19:00,2004,regular,,final,St. Francis (PA),Robert Morris,2598,2523,76,60,,NEC,NEC,,,,,,
240262681,2004-01-26,19:00,2004,regular,,final,Wagner,Central Connecticut,2681,2115,45,43,,NEC,NEC,,,,,,
240262710,2004-01-26,19:00,2004,regular,,final,Western Illinois,Southern Utah,2710,253,75,58,,,WAC,,,,,,
240260140,2004-01-26,20:00,2004,regular,,final,Kansas City,IUPUI,140,85,69,45,,,Horizon,,,,,,
240260339,2004-01-26,20:00,2004,regular,,final,Evansville,Missouri State,339,2623,59,77,,MVC,MVC,,,,,,
240262739,2004-01-26,20:00,2004,regular,,final,Green Bay,Milwaukee,2739,270,72,52,,Horizon,Horizon,,,,,,
240262459,2004-01-26,20:05,2004,regular,,final,Northern Illinois,Buffalo,2459,2084,66,47,,MAC,MAC,,,,,,
240262674,2004-01-26,20:05,2004,regular,,final,Valparaiso,Centenary,2674,2113,66,49,,MVC,,,,,,,
240272379,2004-01-27,17:30,2004,regular,,final,Maryland-Eastern Shore,Morgan State,2379,2415,94,57,,MEAC,MEAC,,,,,,
240272448,2004-01-27,17:30,2004,regular,,final,North Carolina A&T,Bethune-Cookman,2448,2065,59,74,,MEAC,MEAC,,,,,,
240272635,2004-01-27,18:30,2004,regular,,final,Tennessee Tech,Austin Peay,2635,2046,69,79,,,ASUN,,,,,,
240270160,2004-01-27,19:00,2004,regular,,final,New Hampshire,Hartford,160,42,43,59,,Am. East,Am. East,,,,,,
240270259,2004-01-27,19:00,2004,regular,,final,Virginia Tech,UConn,259,41,50,68,,Big East,Big East,,,,,,
240270276,2004-01-27,19:00,2004,regular,,final,Marshall,Miami (OH),276,193,70,78,,MAC,MAC,,,,,,
240272142,2004-01-27,19:00,2004,regular,,final,Colgate,Princeton,2142,163,87,57,,Patriot,Ivy,,,,,,
240272199,2004-01-27,19:00,2004,regular,,final,Eastern Michigan,Bowling Green,2199,189,61,59,,MAC,MAC,,,,,,
240272341,2004-01-27,19:00,2004,regular,,final,LIU Brooklyn,St. Francis Brooklyn,2341,2597,57,52,,NEC,NEC,,,,,,
240272427,2004-01-27,19:00,2004,regular,,final,UNC Asheville,Liberty,2427,2335,46,65,,Big South,Big South,,,,,,
240272649,2004-01-27,19:00,2004,regular,,final,Toledo,Ball State,2649,2050,91,69,,MAC,MAC,,,,,,
240272717,2004-01-27,19:00,2004,regular,,final,Western Carolina,Davidson,2717,2166,75,70,,Southern,Southern,,,,,,
240270222,2004-01-27,19:30,2004,regular,,final,Villanova,Syracuse,222,183,64,42,,Big East,Big East,,,,,,
240270292,2004-01-27,20:00,2004,regular,,final,UT Rio Grande Valley,Incarnate Word,292,2916,63,46,,,,,,,,,
240272306,2004-01-27,20:00,2004,regular,,final,Kansas State,Baylor,2306,239,85,65,,Big 12,Big 12,,,,,,
240280103,2004-01-28,19:00,2004,regular,,final,Boston College,Providence,103,2507,76,42,,Big East,Big East,,,,,,
240280104,2004-01-28,19:00,2004,regular,,final,Boston University,Stony Brook,104,2619,67,66,,Am. East,Am. East,,,,,,
240280111,2004-01-28,19:00,2004,regular,,final,Northeastern,Maine,111,311,55,72,,Am. East,Am. East,,,,,,
240280232,2004-01-28,19:00,2004,regular,,final,Charleston,South Carolina,232,2579,61,84,,Southern,SEC,,,,,,
240280261,2004-01-28,19:00,2004,regular,,final,Vermont,Albany,261,399,51,44,,Am. East,Am. East,,,,,,
240280277,2004-01-28,19:00,2004,regular,,final,West Virginia,Georgetown,277,46,70,61,,Big East,Big East,,,,,,
240282066,2004-01-28,19:00,2004,regular,,final,Binghamton,UMBC,2066,2378,61,48,,Am. East,Am. East,,,,,,
240282117,2004-01-28,19:00,2004,regular,,final,Central Michigan,Western Michigan,2117,2711,59,72,,MAC,MAC,,,,,,
240282309,2004-01-28,19:00,2004,regular,,final,Kent State,Ohio,2309,195,72,49,,MAC,MAC,,,,,,
240282390,2004-01-28,19:00,2004,regular,,final,Miami,Notre Dame,2390,87,50,59,,Big East,Big East,,,,,,
240282405,2004-01-28,19:00,2004,regular,,final,Monmouth,Fairleigh Dickinson,2405,161,60,67,,NEC,NEC,,,,,,
240282520,2004-01-28,19:00,2004,regular,,final,Rider,Fairfield,2520,2217,55,72,,MAAC,MAAC,,,,,,
240282550,2004-01-28,19:00,2004,regular,,final,Seton Hall,St. John's,2550,2599,63,52,,Big East,Big East,,,,,,
240282737,2004-01-28,19:00,2004,regular,,final,Winthrop,Bethune-Cookman,2737,2065,46,59,,Big South,MEAC,,,,,,
240280142,2004-01-28,20:00,2004,regular,,final,Missouri,Oklahoma,142,201,77,65,,Big 12,Big 12,,,,,,
240280197,2004-01-28,20:00,2004,regular,,final,Oklahoma State,Iowa State,197,66,74,59,,Big 12,Big 12,,,,,,
240282617,2004-01-28,20:00,2004,regular,,final,Stephen F. Austin,Sam Houston,2617,2534,61,71,,WAC,WAC,,,,,,
240282641,2004-01-28,20:00,2004,regular,,final,Texas Tech,Texas A&M,2641,245,65,56,,Big 12,Big 12,,,,,,
240280158,2004-01-28,20:05,2004,regular,,final,Nebraska,Texas,158,251,59,82,,Big 12,Big 12,,,,,,
240292341,2004-01-29,17:00,2004,regular,,final,LIU Brooklyn,Robert Morris,2341,2523,46,43,,NEC,NEC,,,,,,
240292597,2004-01-29,17:00,2004,regular,,final,St. Francis Brooklyn,St. Francis (PA),2597,2598,51,73,,NEC,NEC,,,,,,
240290055,2004-01-29,18:00,2004,regular,,final,Jacksonville State,Southeast Missouri State,55,2546,95,83,,ASUN,,,,,,,
240292535,2004-01-29,18:00,2004,regular,,final,Samford,Eastern Illinois,2535,2197,51,70,,Southern,,,,,,,
240292542,2004-01-29,18:00,2004,regular,,final,Savannah State,Maryland-Eastern Shore,2542,2379,57,65,,,MEAC,,,,,,
240290093,2004-01-29,18:15,2004,regular,,final,Murray State,Eastern Kentucky,93,2198,81,56,,MVC,ASUN,,,,,,
240292433,2004-01-29,18:30,2004,regular,,final,UL Monroe,Texas State,2433,326,84,58,,Sun Belt,Sun Belt,,,,,,
240292630,2004-01-29,18:30,2004,regular,,final,UT Martin,Morehead State,2630,2413,86,90,,,,,,,,,
240290250,2004-01-29,18:45,2004,regular,,final,UT Arlington,Nicholls,250,2447,84,48,,WAC,,,,,,,
240292634,2004-01-29,18:45,2004,regular,,final,Tennessee State,Austin Peay,2634,2046,58,74,,,ASUN,,,,,,
240290045,2004-01-29,19:00,2004,regular,,final,George Washington,Duquesne,45,2184,88,71,,A 10,A 10,,,,,,
240290048,2004-01-29,19:00,2004,regular,,final,Delaware,Towson,48,119,65,52,,CAA,CAA,,,,,,
240290057,2004-01-29,19:00,2004,regular,,final,Florida,Alabama,57,333,76,69,,SEC,SEC,,,,,,
240290059,2004-01-29,19:00,2004,regular,,final,Georgia Tech,Wake Forest,59,154,55,57,,ACC,ACC,,,,,,
240290096,2004-01-29,19:00,2004,regular,,final,Kentucky,Tennessee,96,2633,72,81,,SEC,SEC,,,,,,
240290116,2004-01-29,19:00,2004,regular,,final,Mount St. Mary's,Central Connecticut,116,2115,72,64,,NEC,NEC,,,,,,
240290120,2004-01-29,19:00,2004,regular,,final,Maryland,Clemson,120,228,68,55,,ACC,ACC,,,,,,
240290130,2004-01-29,19:00,2004,regular,,final,Michigan,Ohio State,130,194,49,51,,Big Ten,Big Ten,,,,,,
240290218,2004-01-29,19:00,2004,regular,,final,Temple,UMass,218,113,63,52,,A 10,A 10,,,,,,
240290256,2004-01-29,19:00,2004,regular,,final,James Madison,VCU,256,2670,67,76,,CAA,CAA,,,,,,
240290295,2004-01-29,19:00,2004,regular,,final,Old Dominion,UNC Wilmington,295,350,67,55,,CAA,CAA,,,,,,
240292026,2004-01-29,19:00,2004,regular,,final,Appalachian State,UNC Greensboro,2026,2430,73,68,,Southern,Southern,,,,,,
240292097,2004-01-29,19:00,2004,regular,,final,Campbell,Jacksonville,2097,294,71,49,,ASUN,ASUN,,,,,,
240292116,2004-01-29,19:00,2004,regular,,final,UCF,Lipscomb,2116,288,56,75,,ASUN,ASUN,,,,,,
240292210,2004-01-29,19:00,2004,regular,,final,Elon,Furman,2210,231,38,48,,Southern,Southern,,,,,,
240292226,2004-01-29,19:00,2004,regular,,final,Florida Atlantic,Belmont,2226,2057,74,64,,ASUN,ASUN,,,,,,
240292241,2004-01-29,19:00,2004,regular,,final,Gardner-Webb,Stetson,2241,56,72,77,,ASUN,ASUN,,,,,,
240292275,2004-01-29,19:00,2004,regular,,final,Hofstra,Drexel,2275,2182,70,57,,CAA,CAA,,,,,,
240292325,2004-01-29,19:00,2004,regular,,final,La Salle,Rhode Island,2325,227,81,73,,A 10,A 10,,,,,,
240292368,2004-01-29,19:00,2004,regular,,final,Marist,Loyola Maryland,2368,2352,64,56,,MAAC,MAAC,,,,,,
240292509,2004-01-29,19:00,2004,regular,,final,Purdue,Wisconsin,2509,275,58,42,,Big Ten,Big Ten,,,,,,
240292514,2004-01-29,19:00,2004,regular,,final,Quinnipiac,Sacred Heart,2514,2529,65,75,,NEC,NEC,,,,,,
240292603,2004-01-29,19:00,2004,regular,,final,Saint Joseph's,Penn State,2603,213,44,80,,A 10,Big Ten,,,,,,
240292729,2004-01-29,19:00,2004,regular,,final,William & Mary,George Mason,2729,2244,54,64,,CAA,CAA,,,,,,
240290258,2004-01-29,19:30,2004,regular,,final,Virginia,North Carolina,258,153,70,75,,ACC,ACC,,,,,,
240290002,2004-01-29,20:00,2004,regular,,final,Auburn,Mississippi State,2,344,80,53,,SEC,SEC,,,,,,
240290006,2004-01-29,20:00,2004,regular,,final,South Alabama,Denver,6,2172,62,56,,Sun Belt,Sun Belt,,,,,,
240290008,2004-01-29,20:00,2004,regular,,final,Arkansas,Vanderbilt,8,238,69,74,,SEC,SEC,,,,,,
240290077,2004-01-29,20:00,2004,regular,,final,Northwestern,Iowa,77,2294,61,76,,Big Ten,Big Ten,,,,,,
240290082,2004-01-29,20:00,2004,regular,,final,UIC,Youngstown State,82,2754,56,51,,Horizon,Horizon,,,,,,
240290135,2004-01-29,20:00,2004,regular,,final,Minnesota,Indiana,135,84,78,46,,Big Ten,Big Ten,,,,,,
240290270,2004-01-29,20:00,2004,regular,,final,Milwaukee,Detroit Mercy,270,2174,49,47,,Horizon,Horizon,,,,,,
240290309,2004-01-29,20:00,2004,regular,,final,Louisiana,Western Kentucky,309,98,80,72,,Sun Belt,Sun Belt,,,,,,
240290356,2004-01-29,20:00,2004,regular,,final,Illinois,Michigan State,356,127,56,58,,Big Ten,Big Ten,,,,,,
240292031,2004-01-29,20:00,2004,regular,,final,Little Rock,Arkansas State,2031,2032,79,86,,Sun Belt,Sun Belt,,,,,,
240292320,2004-01-29,20:00,2004,regular,,final,Lamar,UTSA,2320,2636,46,61,,,C-USA,,,,,,
240292348,2004-01-29,20:00,2004,regular,,final,Louisiana Tech,Boise State,2348,68,95,57,,WAC,WAC,,,,,,
240292443,2004-01-29,20:00,2004,regular,,final,New Orleans,North Texas,2443,249,80,78,,Sun Belt,Sun Belt,,,,,,
240292501,2004-01-29,20:00,2004,regular,,final,Portland,San Diego,2501,301,75,63,,WCC,WCC,,,,,,
240292545,2004-01-29,20:00,2004,regular,,final,SE Louisiana,McNeese,2545,2377,73,58,,,,,,,,,
240292567,2004-01-29,20:00,2004,regular,,final,SMU,UTEP,2567,2638,54,39,,WAC,WAC,,,,,,
240292653,2004-01-29,20:00,2004,regular,,final,Troy,Georgia State,2653,2247,44,54,,ASUN,ASUN,,,,,,
240292724,2004-01-29,20:00,2004,regular,,final,Wichita State,Illinois State,2724,2287,76,81,,MVC,MVC,,,,,,
240292460,2004-01-29,20:05,2004,regular,,final,Northern Iowa,Southern Illinois,2460,79,90,55,,MVC,MVC,,,,,,
240292623,2004-01-29,20:05,2004,regular,,final,Missouri State,Indiana State,2623,282,73,47,,MVC,MVC,,,,,,
240290167,2004-01-29,21:00,2004,regular,,final,New Mexico,San Diego State,167,21,76,42,,Mountain West,Mountain West,,,,,,
240292005,2004-01-29,21:00,2004,regular,,final,Air Force,UNLV,2005,2439,57,91,,Mountain West,Mountain West,,,,,,
240290147,2004-01-29,21:05,2004,regular,,final,Montana State,Sacramento State,147,16,71,39,,Big Sky,Big Sky,,,,,,
240290166,2004-01-29,21:05,2004,regular,,final,New Mexico State,Middle Tennessee,166,2393,51,52,,Sun Belt,Sun Belt,,,,,,
240290304,2004-01-29,21:05,2004,regular,,final,Idaho State,Eastern Washington,304,331,92,61,,Big Sky,Big Sky,,,,,,
240292692,2004-01-29,21:05,2004,regular,,final,Weber State,Portland State,2692,2502,63,49,,Big Sky,Big Sky,,,,,,
240290149,2004-01-29,21:35,2004,regular,,final,Montana,Northern Arizona,149,2464,74,37,,Big Sky,Big Sky,,,,,,
240290023,2004-01-29,22:00,2004,regular,,final,San José State,Tulsa,23,202,66,82,,WAC,WAC,,,,,,
240290024,2004-01-29,22:00,2004,regular,,final,Stanford,Washington,24,264,85,59,,Pac-12,Pac-12,,,,,,
240290025,2004-01-29,22:00,2004,regular,,final,California,Washington State,25,265,59,64,,Pac-12,Pac-12,,,,,,
240290026,2004-01-29,22:00,2004,regular,,final,UCLA,Oregon,26,2483,55,61,,Pac-12,Pac-12,,,,,,
240290030,2004-01-29,22:00,2004,regular,,final,USC,Oregon State,30,204,66,73,,Pac-12,Pac-12,,,,,,
240290300,2004-01-29,22:00,2004,regular,,final,UC Irvine,Utah State,300,328,66,45,,Big West,Big West,,,,,,
240292239,2004-01-29,22:00,2004,regular,,final,Cal State Fullerton,Cal Poly,2239,13,83,81,,Big West,Big West,,,,,,
240292250,2004-01-29,22:00,2004,regular,,final,Gonzaga,Santa Clara,2250,2541,77,69,,WCC,WCC,,,,,,
240292539,2004-01-29,22:00,2004,regular,,final,San Francisco,Pepperdine,2539,2492,55,71,,WCC,WCC,,,,,,
240292608,2004-01-29,22:05,2004,regular,,final,Saint Mary's,Loyola Marymount,2608,2351,43,46,,WCC,WCC,,,,,,
240290027,2004-01-29,22:10,2004,regular,,final,UC Riverside,UC Santa Barbara,27,2540,67,88,,Big West,Big West,,,,,,
240290299,2004-01-29,22:30,2004,regular,,final,Long Beach State,Idaho,299,70,75,67,,Big West,Big West,,,,,,
240290062,2004-01-30,00:00,2004,regular,,final,Hawai'i,Rice,62,242,56,61,,WAC,WAC,,,,,,
240302426,2004-01-30,17:00,2004,regular,,final,Navy,Army,2426,349,75,73,,Patriot,Patriot,,,,,,
240300044,2004-01-30,17:30,2004,regular,,final,American University,Lafayette,44,322,72,54,,Patriot,Patriot,,,,,,
240302083,2004-01-30,17:30,2004,regular,,final,Bucknell,Colgate,2083,2142,66,78,,Patriot,Patriot,,,,,,
240302329,2004-01-30,17:30,2004,regular,,final,Lehigh,Holy Cross,2329,107,68,71,,Patriot,Patriot,,,,,,
240302363,2004-01-30,17:30,2004,regular,,final,Manhattan,Canisius,2363,2099,50,54,,MAAC,MAAC,,,,,,
240300150,2004-01-30,19:00,2004,regular,,final,Duke,NC State,150,152,75,56,,ACC,ACC,,,,,,
240300163,2004-01-30,19:00,2004,regular,,final,Princeton,Brown,163,225,66,53,,Ivy,Ivy,,,,,,
240300171,2004-01-30,19:00,2004,regular,,final,Columbia,Dartmouth,171,159,75,85,,Ivy,Ivy,,,,,,
240300172,2004-01-30,19:00,2004,regular,,final,Cornell,Harvard,172,108,66,64,,Ivy,Ivy,,,,,,
240300219,2004-01-30,19:00,2004,regular,,final,Pennsylvania,Yale,219,43,59,57,,Ivy,Ivy,,,,,,
240302168,2004-01-30,19:00,2004,regular,,final,Dayton,Xavier,2168,2752,67,71,,A 10,A 10,,,,,,
240302230,2004-01-30,19:00,2004,regular,,final,Fordham,St. Bonaventure,2230,179,50,47,,A 10,A 10,,,,,,
240302561,2004-01-30,19:00,2004,regular,,final,Siena,Fairfield,2561,2217,76,58,,MAAC,MAAC,,,,,,
240302612,2004-01-30,19:30,2004,regular,,final,Saint Peter's,Niagara,2612,315,65,43,,MAAC,MAAC,,,,,,
240302751,2004-01-30,21:00,2004,regular,,final,Wyoming,Colorado State,2751,36,58,53,,Mountain West,Mountain West,,,,,,
240310041,2004-01-31,12:00,2004,regular,,final,UConn,St. John's,41,2599,82,49,,Big East,Big East,,,,,,
240310087,2004-01-31,12:00,2004,regular,,final,Notre Dame,Boston College,87,103,52,50,,Big East,Big East,,,,,,
240310160,2004-01-31,12:00,2004,regular,,final,New Hampshire,Northeastern,160,111,58,52,,Am. East,Am. East,,,,,,
240310183,2004-01-31,12:00,2004,regular,,final,Syracuse,Virginia Tech,183,259,60,75,,Big East,Big East,,,,,,
240312341,2004-01-31,12:00,2004,regular,,final,LIU Brooklyn,St. Francis (PA),2341,2598,36,63,,NEC,NEC,,,,,,
240310046,2004-01-31,13:00,2004,regular,,final,Georgetown,Villanova,46,222,53,48,,Big East,Big East,,,,,,
240310151,2004-01-31,13:00,2004,regular,,final,East Carolina,Marquette,151,269,61,75,,C-USA,C-USA,,,,,,
240310189,2004-01-31,13:00,2004,regular,,final,Bowling Green,Buffalo,189,2084,64,63,,MAC,MAC,,,,,,
240310399,2004-01-31,13:00,2004,regular,,final,Albany,Boston University,399,104,60,77,,Am. East,Am. East,,,,,,
240312193,2004-01-31,13:00,2004,regular,,final,East Tennessee State,Chattanooga,2193,236,62,95,,Southern,Southern,,,,,,
240312520,2004-01-31,13:00,2004,regular,,final,Rider,Marist,2520,2368,65,74,,MAAC,MAAC,,,,,,
240312870,2004-01-31,13:00,2004,regular,,final,Purdue Fort Wayne,UT Rio Grande Valley,2870,292,72,75,,,,,,,,,
240310231,2004-01-31,13:30,2004,regular,,final,Furman,UNC Greensboro,231,2430,89,42,,Southern,Southern,,,,,,
240310042,2004-01-31,14:00,2004,regular,,final,Hartford,Binghamton,42,2066,55,45,,Am. East,Am. East,,,,,,
240310047,2004-01-31,14:00,2004,regular,,final,Howard,South Carolina State,47,2569,56,68,,MEAC,MEAC,,,,,,
240310050,2004-01-31,14:00,2004,regular,,final,Florida A&M,Maryland-Eastern Shore,50,2379,63,60,,MEAC,MEAC,,,,,,
240310142,2004-01-31,14:00,2004,regular,,final,Missouri,Colorado,142,38,66,68,,Big 12,Big 12,,,,,,
240310193,2004-01-31,14:00,2004,regular,,final,Miami (OH),Ohio,193,195,82,70,,MAC,MAC,,,,,,
240310221,2004-01-31,14:00,2004,regular,,final,Pittsburgh,West Virginia,221,277,36,56,,Big East,Big East,,,,,,
240310270,2004-01-31,14:00,2004,regular,,final,Milwaukee,Youngstown State,270,2754,62,56,,Horizon,Horizon,,,,,,
240310314,2004-01-31,14:00,2004,regular,,final,Iona,Loyola Maryland,314,2352,59,62,,MAAC,MAAC,,,,,,
240312050,2004-01-31,14:00,2004,regular,,final,Ball State,Central Michigan,2050,2117,72,65,,MAC,MAC,,,,,,
240312116,2004-01-31,14:00,2004,regular,,final,UCF,Belmont,2116,2057,67,55,,ASUN,ASUN,,,,,,
240312127,2004-01-31,14:00,2004,regular,,final,Charleston Southern,UNC Asheville,2127,2427,81,67,,Big South,Big South,,,,,,
240312169,2004-01-31,14:00,2004,regular,,final,Delaware State,North Carolina A&T,2169,2448,60,38,,MEAC,MEAC,,,,,,
240312261,2004-01-31,14:00,2004,regular,,final,Hampton,Coppin State,2261,2154,60,61,,MEAC,MEAC,,,,,,
240312382,2004-01-31,14:00,2004,regular,,final,Mercer,Troy,2382,2653,43,40,,ASUN,ASUN,,,,,,
240312390,2004-01-31,14:00,2004,regular,,final,Miami,Rutgers,2390,164,69,76,,Big East,Big East,,,,,,
240312443,2004-01-31,14:00,2004,regular,,final,New Orleans,Denver,2443,2172,51,58,,Sun Belt,Sun Belt,,,,,,
240312450,2004-01-31,14:00,2004,regular,,final,Norfolk State,Morgan State,2450,2415,75,49,,MEAC,MEAC,,,,,,
240312507,2004-01-31,14:00,2004,regular,,final,Providence,Seton Hall,2507,2550,49,66,,Big East,Big East,,,,,,
240312529,2004-01-31,14:00,2004,regular,,final,Sacred Heart,Central Connecticut,2529,2115,89,51,,NEC,NEC,,,,,,
240312572,2004-01-31,14:00,2004,regular,,final,Southern Miss,Saint Louis,2572,139,81,51,,C-USA,C-USA,,,,,,
240312597,2004-01-31,14:00,2004,regular,,final,St. Francis Brooklyn,Robert Morris,2597,2523,52,50,,NEC,NEC,,,,,,
240312710,2004-01-31,14:00,2004,regular,,final,Western Illinois,Centenary,2710,2113,62,38,,,,,,,,,
240312711,2004-01-31,14:00,2004,regular,,final,Western Michigan,Eastern Michigan,2711,2199,74,85,,MAC,MAC,,,,,,
240312750,2004-01-31,14:00,2004,regular,,final,Wright State,Butler,2750,2086,43,50,,Horizon,Horizon,,,,,,
240310003,2004-01-31,15:00,2004,regular,,final,Birmingham-Southern,Coastal Carolina,3,324,50,44,,Big South,Big South,,,,,,
240310005,2004-01-31,15:00,2004,regular,,final,UAB,TCU,5,2628,66,96,,C-USA,C-USA,,,,,,
240310058,2004-01-31,15:00,2004,regular,,final,South Florida,Houston,58,248,57,62,,C-USA,C-USA,,,,,,
240310290,2004-01-31,15:00,2004,regular,,final,Georgia Southern,Davidson,290,2166,47,57,,Southern,Southern,,,,,,
240310309,2004-01-31,15:00,2004,regular,,final,Louisiana,Middle Tennessee,309,2393,57,72,,Sun Belt,Sun Belt,,,,,,
240312011,2004-01-31,15:00,2004,regular,,final,Alabama State,Texas Southern,2011,2640,73,68,,SWAC,SWAC,,,,,,
240312306,2004-01-31,15:00,2004,regular,,final,Kansas State,Oklahoma,2306,201,74,65,,Big 12,Big 12,,,,,,
240312320,2004-01-31,15:00,2004,regular,,final,Lamar,UT Arlington,2320,250,47,66,,,WAC,,,,,,
240312466,2004-01-31,15:00,2004,regular,,final,Northwestern State,Texas State,2466,326,63,62,,,Sun Belt,,,,,,
240312567,2004-01-31,15:00,2004,regular,,final,SMU,Boise State,2567,68,66,41,,WAC,WAC,,,,,,
240312636,2004-01-31,15:00,2004,regular,,final,UTSA,Nicholls,2636,2447,79,60,,C-USA,,,,,,,
240312674,2004-01-31,15:05,2004,regular,,final,Valparaiso,Oakland,2674,2473,54,59,,MVC,Horizon,,,,,,
240310045,2004-01-31,16:00,2004,regular,,final,George Washington,La Salle,45,2325,81,64,,A 10,A 10,,,,,,
240310082,2004-01-31,16:00,2004,regular,,final,UIC,Detroit Mercy,82,2174,47,61,,Horizon,Horizon,,,,,,
240310357,2004-01-31,16:00,2004,regular,,final,Texas A&M-Corpus Christi,Northern Colorado,357,2458,62,38,,,Big Sky,,,,,,
240312005,2004-01-31,16:00,2004,regular,,final,Air Force,San Diego State,2005,21,46,51,,Mountain West,Mountain West,,,,,,
240312097,2004-01-31,16:00,2004,regular,,final,Campbell,Stetson,2097,56,76,64,,ASUN,ASUN,,,,,,
240312305,2004-01-31,16:00,2004,regular,,final,Kansas,Oklahoma State,2305,197,74,61,,Big 12,Big 12,,,,,,
240312545,2004-01-31,16:00,2004,regular,,final,SE Louisiana,Stephen F. Austin,2545,2617,64,69,,,WAC,,,,,,
240312681,2004-01-31,16:00,2004,regular,,final,Wagner,Quinnipiac,2681,2514,61,64,,NEC,NEC,,,,,,
240312717,2004-01-31,16:00,2004,regular,,final,Western Carolina,Charleston,2717,232,74,58,,Southern,Southern,,,,,,
240312739,2004-01-31,16:00,2004,regular,,final,Green Bay,Loyola Chicago,2739,2350,73,64,,Horizon,Horizon,,,,,,
240310156,2004-01-31,16:05,2004,regular,,final,Creighton,Drake,156,2181,68,48,,MVC,MVC,,,,,,
240310304,2004-01-31,16:05,2004,regular,,final,Idaho State,Portland State,304,2502,77,67,,Big Sky,Big Sky,,,,,,
240312460,2004-01-31,16:05,2004,regular,,final,Northern Iowa,Evansville,2460,339,68,52,,MVC,MVC,,,,,,
240310024,2004-01-31,17:00,2004,regular,,final,Stanford,Washington State,24,265,91,67,,Pac-12,Pac-12,,,,,,
240310025,2004-01-31,17:00,2004,regular,,final,California,Washington,25,264,67,72,,Pac-12,Pac-12,,,,,,
240310026,2004-01-31,17:00,2004,regular,,final,UCLA,Oregon State,26,204,91,58,,Pac-12,Pac-12,,,,,,
240312229,2004-01-31,17:00,2004,regular,,final,Florida International,Little Rock,2229,2031,70,56,,Sun Belt,Sun Belt,,,,,,
240312440,2004-01-31,17:00,2004,regular,,final,Nevada,Fresno State,2440,278,71,53,,WAC,WAC,,,,,,
240312535,2004-01-31,17:00,2004,regular,,final,Samford,Southeast Missouri State,2535,2546,43,71,,Southern,,,,,,,
240312630,2004-01-31,17:00,2004,regular,,final,UT Martin,Eastern Kentucky,2630,2198,66,55,,,ASUN,,,,,,
240312747,2004-01-31,17:00,2004,regular,,final,Wofford,Elon,2747,2210,67,82,,Southern,Southern,,,,,,
240310055,2004-01-31,18:00,2004,regular,,final,Jacksonville State,Eastern Illinois,55,2197,80,60,,ASUN,,,,,,,
240310252,2004-01-31,18:00,2004,regular,,final,BYU,Utah,252,254,62,66,,Mountain West,Mountain West,,,,,,
240312241,2004-01-31,18:00,2004,regular,,final,Gardner-Webb,Jacksonville,2241,294,70,57,,ASUN,ASUN,,,,,,
240312634,2004-01-31,18:00,2004,regular,,final,Tennessee State,Tennessee Tech,2634,2635,48,70,,,,,,,,,
240312655,2004-01-31,18:00,2004,regular,,final,Tulane,Memphis,2655,235,64,76,,C-USA,C-USA,,,,,,
240310093,2004-01-31,18:15,2004,regular,,final,Murray State,Morehead State,93,2413,58,61,,MVC,,,,,,,
240312010,2004-01-31,18:30,2004,regular,,final,Alabama A&M,Prairie View A&M,2010,2504,56,53,,SWAC,SWAC,,,,,,
240312029,2004-01-31,18:30,2004,regular,,final,Arkansas-Pine Bluff,Grambling,2029,2755,77,85,,SWAC,SWAC,,,,,,
240312400,2004-01-31,18:30,2004,regular,,final,Mississippi Valley State,Jackson State,2400,2296,50,57,,SWAC,SWAC,,,,,,
240312433,2004-01-31,18:30,2004,regular,,final,UL Monroe,Sam Houston,2433,2534,79,68,,Sun Belt,WAC,,,,,,
240312582,2004-01-31,18:30,2004,regular,,final,Southern,Alcorn State,2582,2016,76,68,,SWAC,SWAC,,,,,,
240310030,2004-01-31,19:00,2004,regular,,final,USC,Oregon,30,2483,71,56,,Pac-12,Pac-12,,,,,,
240310097,2004-01-31,19:00,2004,regular,,final,Louisville,Cincinnati,97,2132,65,54,,C-USA,C-USA,,,,,,
240310116,2004-01-31,19:00,2004,regular,,final,Mount St. Mary's,Monmouth,116,2405,100,104,,NEC,NEC,,,,,,
240310163,2004-01-31,19:00,2004,regular,,final,Princeton,Yale,163,43,66,58,,Ivy,Ivy,,,,,,
240310171,2004-01-31,19:00,2004,regular,,final,Columbia,Harvard,171,108,58,70,,Ivy,Ivy,,,,,,
240310172,2004-01-31,19:00,2004,regular,,final,Cornell,Dartmouth,172,159,76,81,,Ivy,Ivy,,,,,,
240310219,2004-01-31,19:00,2004,regular,,final,Pennsylvania,Brown,219,225,73,63,,Ivy,Ivy,,,,,,
240312226,2004-01-31,19:00,2004,regular,,final,Florida Atlantic,Lipscomb,2226,288,63,70,,ASUN,ASUN,,,,,,
240312309,2004-01-31,19:00,2004,regular,,final,Kent State,Akron,2309,2006,68,59,,MAC,MAC,,,,,,
240312378,2004-01-31,19:00,2004,regular,,final,UMBC,Vermont,2378,261,65,55,,Am. East,Am. East,,,,,,
240312429,2004-01-31,19:00,2004,regular,,final,Charlotte,DePaul,2429,305,74,70,,C-USA,C-USA,,,,,,
240312515,2004-01-31,19:00,2004,regular,,final,Radford,High Point,2515,2272,55,60,,Big South,Big South,,,,,,
240312649,2004-01-31,19:00,2004,regular,,final,Toledo,Northern Illinois,2649,2459,62,60,,MAC,MAC,,,,,,
240310006,2004-01-31,20:00,2004,regular,,final,South Alabama,North Texas,6,249,51,53,,Sun Belt,Sun Belt,,,,,,
240310085,2004-01-31,20:00,2004,regular,,final,IUPUI,Chicago State,85,2130,77,75,,Horizon,,,,,,,
240310239,2004-01-31,20:00,2004,regular,,final,Baylor,Nebraska,239,158,67,57,,Big 12,Big 12,,,,,,
240310245,2004-01-31,20:00,2004,regular,,final,Texas A&M,Iowa State,245,66,58,66,,Big 12,Big 12,,,,,,
240312348,2004-01-31,20:00,2004,regular,,final,Louisiana Tech,UTEP,2348,2638,75,58,,WAC,WAC,,,,,,
240312724,2004-01-31,20:00,2004,regular,,final,Wichita State,Indiana State,2724,282,81,79,,MVC,MVC,,,,,,
240312623,2004-01-31,20:05,2004,regular,,final,Missouri State,Illinois State,2623,2287,96,75,,MVC,MVC,,,,,,
240310009,2004-01-31,20:30,2004,regular,,final,Arizona State,Arizona,9,12,68,60,,Pac-12,Pac-12,,,,,,
240310167,2004-01-31,21:00,2004,regular,,final,New Mexico,UNLV,167,2439,70,66,,Mountain West,Mountain West,,,,,,
240310071,2004-01-31,21:05,2004,regular,,final,Bradley,Southern Illinois,71,79,75,78,,MVC,MVC,,,,,,
240310147,2004-01-31,21:05,2004,regular,,final,Montana State,Northern Arizona,147,2464,62,77,,Big Sky,Big Sky,,,,,,
240310166,2004-01-31,21:05,2004,regular,,final,New Mexico State,Western Kentucky,166,98,73,70,,Sun Belt,Sun Belt,,,,,,
240310253,2004-01-31,21:05,2004,regular,,final,Southern Utah,Kansas City,253,140,79,68,,WAC,,,,,,,
240312692,2004-01-31,21:05,2004,regular,,final,Weber State,Eastern Washington,2692,331,61,55,,Big Sky,Big Sky,,,,,,
240310149,2004-01-31,21:35,2004,regular,,final,Montana,Sacramento State,149,16,76,50,,Big Sky,Big Sky,,,,,,
240310023,2004-01-31,22:00,2004,regular,,final,San José State,Rice,23,242,60,74,,WAC,WAC,,,,,,
240310279,2004-01-31,22:00,2004,regular,,final,Pacific,Cal State Northridge,279,2463,82,73,,Big West,Big West,,,,,,
240310300,2004-01-31,22:00,2004,regular,,final,UC Irvine,Idaho,300,70,49,68,,Big West,Big West,,,,,,
240312239,2004-01-31,22:00,2004,regular,,final,Cal State Fullerton,UC Santa Barbara,2239,2540,48,67,,Big West,Big West,,,,,,
240312250,2004-01-31,22:00,2004,regular,,final,Gonzaga,San Diego,2250,301,61,58,,WCC,WCC,,,,,,
240312501,2004-01-31,22:00,2004,regular,,final,Portland,Santa Clara,2501,2541,69,61,,WCC,WCC,,,,,,
240312539,2004-01-31,22:00,2004,regular,,final,San Francisco,Loyola Marymount,2539,2351,58,74,,WCC,WCC,,,,,,
240312608,2004-01-31,22:05,2004,regular,,final,Saint Mary's,Pepperdine,2608,2492,56,58,,WCC,WCC,,,,,,
240310027,2004-01-31,22:10,2004,regular,,final,UC Riverside,Cal Poly,27,13,72,85,,Big West,Big West,,,,,,
240310299,2004-01-31,22:30,2004,regular,,final,Long Beach State,Utah State,299,328,60,63,,Big West,Big West,,,,,,
240310062,2004-02-01,00:00,2004,regular,,final,Hawai'i,Tulsa,62,202,55,63,,WAC,WAC,,,,,,
240320113,2004-02-01,12:00,2004,regular,,final,UMass,Fordham,113,2230,45,61,,A 10,A 10,,,,,,
240320227,2004-02-01,12:00,2004,regular,,final,Rhode Island,Temple,227,218,60,59,,A 10,A 10,,,,,,
240322329,2004-02-01,12:30,2004,regular,,final,Lehigh,Colgate,2329,2142,62,73,,Patriot,Patriot,,,,,,
240320295,2004-02-01,13:00,2004,regular,,final,Old Dominion,Drexel,295,2182,81,51,,CAA,CAA,,,,,,
240320311,2004-02-01,13:00,2004,regular,,final,Maine,Stony Brook,311,2619,63,53,,Am. East,Am. East,,,,,,
240322083,2004-02-01,13:00,2004,regular,,final,Bucknell,Holy Cross,2083,107,55,71,,Patriot,Patriot,,,,,,
240322363,2004-02-01,13:00,2004,regular,,final,Manhattan,Niagara,2363,315,41,71,,MAAC,MAAC,,,,,,
240322426,2004-02-01,13:00,2004,regular,,final,Navy,Lafayette,2426,322,71,53,,Patriot,Patriot,,,,,,
240320127,2004-02-01,14:00,2004,regular,,final,Michigan State,Iowa,127,2294,67,78,,Big Ten,Big Ten,,,,,,
240320152,2004-02-01,14:00,2004,regular,,final,NC State,Georgia Tech,152,59,75,71,,ACC,ACC,,,,,,
240320153,2004-02-01,14:00,2004,regular,,final,North Carolina,Florida State,153,52,66,60,,ACC,ACC,,,,,,
240320194,2004-02-01,14:00,2004,regular,,final,Ohio State,Indiana,194,84,71,65,,Big Ten,Big Ten,,,,,,
240320213,2004-02-01,14:00,2004,regular,,final,Penn State,Northwestern,213,77,64,51,,Big Ten,Big Ten,,,,,,
240320256,2004-02-01,14:00,2004,regular,,final,James Madison,Delaware,256,48,84,57,,CAA,CAA,,,,,,
240320350,2004-02-01,14:00,2004,regular,,final,UNC Wilmington,Towson,350,119,62,47,,CAA,CAA,,,,,,
240322244,2004-02-01,14:00,2004,regular,,final,George Mason,Hofstra,2244,2275,92,64,,CAA,CAA,,,,,,
240322603,2004-02-01,14:00,2004,regular,,final,Saint Joseph's,Richmond,2603,257,58,48,,A 10,A 10,,,,,,
240322612,2004-02-01,14:00,2004,regular,,final,Saint Peter's,Canisius,2612,2099,64,82,,MAAC,MAAC,,,,,,
240322729,2004-02-01,14:00,2004,regular,,final,William & Mary,VCU,2729,2670,74,83,,CAA,CAA,,,,,,
240322752,2004-02-01,14:00,2004,regular,,final,Xavier,Duquesne,2752,2184,62,45,,A 10,A 10,,,,,,
240320061,2004-02-01,14:30,2004,regular,,final,Georgia,Alabama,61,333,71,68,,SEC,SEC,,,,,,
240320044,2004-02-01,15:00,2004,regular,,final,American University,Army,44,349,74,52,,Patriot,Patriot,,,,,,
240320099,2004-02-01,15:00,2004,regular,,final,LSU,South Carolina,99,2579,82,62,,SEC,SEC,,,,,,
240320145,2004-02-01,15:00,2004,regular,,final,Ole Miss,Kentucky,145,96,90,88,,SEC,SEC,,,,,,
240320238,2004-02-01,15:00,2004,regular,,final,Vanderbilt,Florida,238,57,83,92,,SEC,SEC,,,,,,
240320344,2004-02-01,15:00,2004,regular,,final,Mississippi State,Arkansas,344,8,57,55,,SEC,SEC,,,,,,
240320356,2004-02-01,15:00,2004,regular,,final,Illinois,Michigan,356,130,94,78,,Big Ten,Big Ten,,,,,,
240322633,2004-02-01,15:00,2004,regular,,final,Tennessee,Auburn,2633,2,68,61,,SEC,SEC,,,,,,
240320154,2004-02-01,16:00,2004,regular,,final,Wake Forest,Virginia,154,258,61,62,,ACC,ACC,,,,,,
240320251,2004-02-01,16:00,2004,regular,,final,Texas,Texas Tech,251,2641,82,73,,Big 12,Big 12,,,,,,
240320275,2004-02-01,16:30,2004,regular,,final,Wisconsin,Minnesota,275,135,48,59,,Big Ten,Big Ten,,,,,,
240330232,2004-02-02,16:30,2004,regular,,final,Charleston,East Tennessee State,232,2193,59,77,,Southern,Southern,,,,,,
240332154,2004-02-02,17:30,2004,regular,,final,Coppin State,Norfolk State,2154,2450,64,48,,MEAC,MEAC,,,,,,
240332379,2004-02-02,17:30,2004,regular,,final,Maryland-Eastern Shore,Bethune-Cookman,2379,2065,61,70,,MEAC,MEAC,,,,,,
240332415,2004-02-02,17:30,2004,regular,,final,Morgan State,Hampton,2415,2261,47,65,,MEAC,MEAC,,,,,,
240332448,2004-02-02,17:30,2004,regular,,final,North Carolina A&T,Howard,2448,47,44,56,,MEAC,MEAC,,,,,,
240332569,2004-02-02,17:30,2004,regular,,final,South Carolina State,Delaware State,2569,2169,41,78,,MEAC,MEAC,,,,,,
240332010,2004-02-02,18:30,2004,regular,,final,Alabama A&M,Texas Southern,2010,2640,49,50,,SWAC,SWAC,,,,,,
240332029,2004-02-02,18:30,2004,regular,,final,Arkansas-Pine Bluff,Jackson State,2029,2296,54,68,,SWAC,SWAC,,,,,,
240332400,2004-02-02,18:30,2004,regular,,final,Mississippi Valley State,Grambling,2400,2755,61,71,,SWAC,SWAC,,,,,,
240330058,2004-02-02,19:00,2004,regular,,final,South Florida,TCU,58,2628,89,84,,C-USA,C-USA,,,,,,
240330151,2004-02-02,19:00,2004,regular,,final,East Carolina,DePaul,151,305,74,90,,C-USA,C-USA,,,,,,
240330228,2004-02-02,19:00,2004,regular,,final,Clemson,Duke,228,150,60,78,,ACC,ACC,,,,,,
240330290,2004-02-02,19:00,2004,regular,,final,Georgia Southern,Chattanooga,290,236,64,81,,Southern,Southern,,,,,,
240332011,2004-02-02,19:00,2004,regular,,final,Alabama State,Prairie View A&M,2011,2504,79,55,,SWAC,SWAC,,,,,,
240332229,2004-02-02,19:00,2004,regular,,final,Florida International,Arkansas State,2229,2032,67,57,,Sun Belt,Sun Belt,,,,,,
240332429,2004-02-02,19:00,2004,regular,,final,Charlotte,Marquette,2429,269,59,56,,C-USA,C-USA,,,,,,
240332473,2004-02-02,19:00,2004,regular,,final,Oakland,Chicago State,2473,2130,68,43,,Horizon,,,,,,,
240332529,2004-02-02,19:00,2004,regular,,final,Sacred Heart,St. Francis Brooklyn,2529,2597,82,69,,NEC,NEC,,,,,,
240332523,2004-02-02,19:30,2004,regular,,final,Robert Morris,Monmouth,2523,2405,57,66,,NEC,NEC,,,,,,
240330005,2004-02-02,20:00,2004,regular,,final,UAB,Houston,5,248,39,48,,C-USA,C-USA,,,,,,
240332113,2004-02-02,20:00,2004,regular,,final,Centenary,IUPUI,2113,85,60,66,,,Horizon,,,,,,
240332572,2004-02-02,20:00,2004,regular,,final,Southern Miss,Memphis,2572,235,61,73,,C-USA,C-USA,,,,,,
240332655,2004-02-02,20:00,2004,regular,,final,Tulane,Saint Louis,2655,139,78,64,,C-USA,C-USA,,,,,,
240332710,2004-02-02,20:00,2004,regular,,final,Western Illinois,Valparaiso,2710,2674,62,59,,,MVC,,,,,,
240332739,2004-02-02,20:00,2004,regular,,final,Green Bay,Cleveland State,2739,325,62,46,,Horizon,Horizon,,,,,,
240330071,2004-02-02,20:05,2004,regular,,final,Bradley,Evansville,71,339,65,81,,MVC,MVC,,,,,,
240330198,2004-02-02,20:05,2004,regular,,final,Oral Roberts,Kansas City,198,140,52,79,,,,,,,,,
240340193,2004-02-03,19:00,2004,regular,,final,Miami (OH),Bowling Green,193,189,92,81,,MAC,MAC,,,,,,
240340231,2004-02-03,19:00,2004,regular,,final,Furman,Wofford,231,2747,78,46,,Southern,Southern,,,,,,
240340259,2004-02-03,19:00,2004,regular,,final,Virginia Tech,Seton Hall,259,2550,64,40,,Big East,Big East,,,,,,
240342084,2004-02-03,19:00,2004,regular,,final,Buffalo,Toledo,2084,2649,65,61,,MAC,MAC,,,,,,
240342117,2004-02-03,19:00,2004,regular,,final,Central Michigan,Ohio,2117,195,48,53,,MAC,MAC,,,,,,
240342166,2004-02-03,19:00,2004,regular,,final,Davidson,Appalachian State,2166,2026,69,50,,Southern,Southern,,,,,,
240342335,2004-02-03,19:00,2004,regular,,final,Liberty,Winthrop,2335,2737,79,47,,Big South,Big South,,,,,,
240342430,2004-02-03,19:00,2004,regular,,final,UNC Greensboro,Elon,2430,2210,69,56,,Southern,Southern,,,,,,
240340164,2004-02-03,19:30,2004,regular,,final,Rutgers,Syracuse,164,183,61,45,,Big East,Big East,,,,,,
240340251,2004-02-03,20:00,2004,regular,,final,Texas,Missouri,251,142,89,55,,Big 12,Big 12,,,,,,
240340292,2004-02-03,20:00,2004,regular,,final,UT Rio Grande Valley,Northern Colorado,292,2458,56,57,,,Big Sky,,,,,,
240342443,2004-02-03,20:00,2004,regular,,final,New Orleans,Mississippi State,2443,344,54,73,,Sun Belt,SEC,,,,,,
240342459,2004-02-03,20:05,2004,regular,,final,Northern Illinois,Western Michigan,2459,2711,69,79,,MAC,MAC,,,,,,
240352515,2004-02-04,17:00,2004,regular,,final,Radford,Navy,2515,2426,68,74,,Big South,Patriot,,,,,,
240352378,2004-02-04,17:30,2004,regular,,final,UMBC,Albany,2378,399,58,75,,Am. East,Am. East,,,,,,
240350052,2004-02-04,19:00,2004,regular,,final,Florida State,Duke,52,150,80,74,,ACC,ACC,,,,,,
240350087,2004-02-04,19:00,2004,regular,,final,Notre Dame,Georgetown,87,46,66,52,,Big East,Big East,,,,,,
240350104,2004-02-04,19:00,2004,regular,,final,Boston University,New Hampshire,104,160,72,64,,Am. East,Am. East,,,,,,
240350261,2004-02-04,19:00,2004,regular,,final,Vermont,Binghamton,261,2066,66,45,,Am. East,Am. East,,,,,,
240350311,2004-02-04,19:00,2004,regular,,final,Maine,Hartford,311,42,54,52,,Am. East,Am. East,,,,,,
240352006,2004-02-04,19:00,2004,regular,,final,Akron,Marshall,2006,276,55,70,,MAC,MAC,,,,,,
240352097,2004-02-04,19:00,2004,regular,,final,Campbell,Gardner-Webb,2097,2241,59,50,,ASUN,ASUN,,,,,,
240352193,2004-02-04,19:00,2004,regular,,final,East Tennessee State,Tennessee Tech,2193,2635,71,73,,Southern,,,,,,,
240352199,2004-02-04,19:00,2004,regular,,final,Eastern Michigan,Kent State,2199,2309,63,58,,MAC,MAC,,,,,,
240352379,2004-02-04,19:00,2004,regular,,final,Maryland-Eastern Shore,American University,2379,44,80,73,,MEAC,Patriot,,,,,,
240352382,2004-02-04,19:00,2004,regular,,final,Mercer,Georgia State,2382,2247,41,59,,ASUN,ASUN,,,,,,
240352514,2004-02-04,19:00,2004,regular,,final,Quinnipiac,LIU Brooklyn,2514,2341,69,37,,NEC,NEC,,,,,,
240352561,2004-02-04,19:00,2004,regular,,final,Siena,Iona,2561,314,57,61,,MAAC,MAAC,,,,,,
240352599,2004-02-04,19:00,2004,regular,,final,St. John's,Villanova,2599,222,50,63,,Big East,Big East,,,,,,
240352619,2004-02-04,19:00,2004,regular,,final,Stony Brook,Northeastern,2619,111,79,70,,Am. East,Am. East,,,,,,
240352681,2004-02-04,19:00,2004,regular,,final,Wagner,Fairleigh Dickinson,2681,161,51,68,,NEC,NEC,,,,,,
240352870,2004-02-04,19:00,2004,regular,,final,Purdue Fort Wayne,Texas A&M-Corpus Christi,2870,357,68,76,,,,,,,,,
240352507,2004-02-04,19:30,2004,regular,,final,Providence,West Virginia,2507,277,53,88,,Big East,Big East,,,,,,
240350066,2004-02-04,20:00,2004,regular,,final,Iowa State,Kansas State,66,2306,47,61,,Big 12,Big 12,,,,,,
240350082,2004-02-04,20:00,2004,regular,,final,UIC,Loyola Chicago,82,2350,71,69,,Horizon,Horizon,,,,,,
240350245,2004-02-04,20:00,2004,regular,,final,Texas A&M,Oklahoma State,245,197,65,52,,Big 12,Big 12,,,,,,
240350288,2004-02-04,20:00,2004,regular,,final,Lipscomb,Belmont,288,2057,66,68,,ASUN,ASUN,,,,,,
240352016,2004-02-04,20:00,2004,regular,,final,Alcorn State,Houston Christian,2016,2277,70,60,,SWAC,,,,,,,
240352641,2004-02-04,20:00,2004,regular,,final,Texas Tech,Kansas,2641,2305,67,44,,Big 12,Big 12,,,,,,
240350038,2004-02-04,21:00,2004,regular,,final,Colorado,Nebraska,38,158,78,63,,Big 12,Big 12,,,,,,
240362174,2004-02-05,16:30,2004,regular,,final,Detroit Mercy,Butler,2174,2086,55,49,,Horizon,Horizon,,,,,,
240360056,2004-02-05,17:00,2004,regular,,final,Stetson,Jacksonville,56,294,62,57,,ASUN,ASUN,,,,,,
240360309,2004-02-05,17:45,2004,regular,,final,Louisiana,North Texas,309,249,53,50,,Sun Belt,Sun Belt,,,,,,
240362546,2004-02-05,18:00,2004,regular,,final,Southeast Missouri State,UT Martin,2546,2630,83,60,,,,,,,,,
240362046,2004-02-05,18:15,2004,regular,,final,Austin Peay,Jacksonville State,2046,55,76,67,,ASUN,ASUN,,,,,,
240362197,2004-02-05,18:15,2004,regular,,final,Eastern Illinois,Murray State,2197,93,62,70,,,MVC,,,,,,
240360326,2004-02-05,18:30,2004,regular,,final,Texas State,SE Louisiana,326,2545,74,64,,Sun Belt,,,,,,,
240362433,2004-02-05,18:30,2004,regular,,final,UL Monroe,UT Arlington,2433,250,57,49,,Sun Belt,WAC,,,,,,
240362635,2004-02-05,18:30,2004,regular,,final,Tennessee Tech,Samford,2635,2535,76,57,,,Southern,,,,,,
240362466,2004-02-05,18:45,2004,regular,,final,Northwestern State,McNeese,2466,2377,78,62,,,,,,,,,
240360096,2004-02-05,19:00,2004,regular,,final,Kentucky,Auburn,96,2,54,71,,SEC,SEC,,,,,,
240360103,2004-02-05,19:00,2004,regular,,final,Boston College,Pittsburgh,103,221,79,44,,Big East,Big East,,,,,,
240360119,2004-02-05,19:00,2004,regular,,final,Towson,Old Dominion,119,295,64,68,,CAA,CAA,,,,,,
240360127,2004-02-05,19:00,2004,regular,,final,Michigan State,Wisconsin,127,275,72,47,,Big Ten,Big Ten,,,,,,
240360130,2004-02-05,19:00,2004,regular,,final,Michigan,Purdue,130,2509,64,76,,Big Ten,Big Ten,,,,,,
240360154,2004-02-05,19:00,2004,regular,,final,Wake Forest,NC State,154,152,66,70,,ACC,ACC,,,,,,
240360228,2004-02-05,19:00,2004,regular,,final,Clemson,North Carolina,228,153,41,72,,ACC,ACC,,,,,,
240360236,2004-02-05,19:00,2004,regular,,final,Chattanooga,Western Carolina,236,2717,65,46,,Southern,Southern,,,,,,
240360238,2004-02-05,19:00,2004,regular,,final,Vanderbilt,Georgia,238,61,67,83,,SEC,SEC,,,,,,
240360256,2004-02-05,19:00,2004,regular,,final,James Madison,UNC Wilmington,256,350,54,58,,CAA,CAA,,,,,,
240360258,2004-02-05,19:00,2004,regular,,final,Virginia,Maryland,258,120,64,51,,ACC,ACC,,,,,,
240362182,2004-02-05,19:00,2004,regular,,final,Drexel,George Mason,2182,2244,80,74,,CAA,CAA,,,,,,
240362275,2004-02-05,19:00,2004,regular,,final,Hofstra,William & Mary,2275,2729,87,66,,CAA,CAA,,,,,,
240362352,2004-02-05,19:00,2004,regular,,final,Loyola Maryland,Rider,2352,2520,64,57,,MAAC,MAAC,,,,,,
240362413,2004-02-05,19:00,2004,regular,,final,Morehead State,Eastern Kentucky,2413,2198,63,74,,,ASUN,,,,,,
240362579,2004-02-05,19:00,2004,regular,,final,South Carolina,Ole Miss,2579,145,65,71,,SEC,SEC,,,,,,
240362633,2004-02-05,19:00,2004,regular,,final,Tennessee,UConn,2633,41,67,81,,SEC,Big East,,,,,,
240362670,2004-02-05,19:00,2004,regular,,final,VCU,Delaware,2670,48,81,70,,CAA,CAA,,,,,,
240362754,2004-02-05,19:00,2004,regular,,final,Youngstown State,Cleveland State,2754,325,51,56,,Horizon,Horizon,,,,,,
240362217,2004-02-05,19:30,2004,regular,,final,Fairfield,Saint Peter's,2217,2612,60,53,,MAAC,MAAC,,,,,,
240362617,2004-02-05,19:30,2004,regular,,final,Stephen F. Austin,UTSA,2617,2636,64,59,,WAC,C-USA,,,,,,
240360006,2004-02-05,20:00,2004,regular,,final,South Alabama,Little Rock,6,2031,57,56,,Sun Belt,Sun Belt,,,,,,
240360077,2004-02-05,20:00,2004,regular,,final,Northwestern,Illinois,77,356,52,76,,Big Ten,Big Ten,,,,,,
240360084,2004-02-05,20:00,2004,regular,,final,Indiana,Penn State,84,213,49,66,,Big Ten,Big Ten,,,,,,
240360202,2004-02-05,20:00,2004,regular,,final,Tulsa,Boise State,202,68,60,54,,WAC,WAC,,,,,,
240360242,2004-02-05,20:00,2004,regular,,final,Rice,UTEP,242,2638,44,40,,WAC,WAC,,,,,,
240360270,2004-02-05,20:00,2004,regular,,final,Milwaukee,Wright State,270,2750,61,47,,Horizon,Horizon,,,,,,
240360333,2004-02-05,20:00,2004,regular,,final,Alabama,LSU,333,99,68,103,,SEC,SEC,,,,,,
240362393,2004-02-05,20:00,2004,regular,,final,Middle Tennessee,Western Kentucky,2393,98,68,70,,Sun Belt,Sun Belt,,,,,,
240362443,2004-02-05,20:00,2004,regular,,final,New Orleans,Arkansas State,2443,2032,61,67,,Sun Belt,Sun Belt,,,,,,
240362724,2004-02-05,20:00,2004,regular,,final,Wichita State,Northern Iowa,2724,2460,65,67,,MVC,MVC,,,,,,
240362294,2004-02-05,20:05,2004,regular,,final,Iowa,Ohio State,2294,194,82,93,,Big Ten,Big Ten,,,,,,
240360009,2004-02-05,20:30,2004,regular,,final,Arizona State,California,9,25,62,43,,Pac-12,Pac-12,,,,,,
240362172,2004-02-05,20:30,2004,regular,,final,Denver,New Mexico State,2172,166,45,66,,Sun Belt,Sun Belt,,,,,,
240360012,2004-02-05,21:00,2004,regular,,final,Arizona,Stanford,12,24,88,83,,Pac-12,Pac-12,,,,,,
240360036,2004-02-05,21:00,2004,regular,,final,Colorado State,New Mexico,36,167,72,57,,Mountain West,Mountain West,,,,,,
240362751,2004-02-05,21:00,2004,regular,,final,Wyoming,Air Force,2751,2005,69,37,,Mountain West,Mountain West,,,,,,
240360013,2004-02-05,22:00,2004,regular,,final,Cal Poly,Utah State,13,328,69,44,,Big West,Big West,,,,,,
240360021,2004-02-05,22:00,2004,regular,,final,San Diego State,Utah,21,254,29,56,,Mountain West,Mountain West,,,,,,
240360264,2004-02-05,22:00,2004,regular,,final,Washington,UCLA,264,26,59,64,,Pac-12,Pac-12,,,,,,
240360265,2004-02-05,22:00,2004,regular,,final,Washington State,USC,265,30,47,83,,Pac-12,Pac-12,,,,,,
240360278,2004-02-05,22:00,2004,regular,,final,Fresno State,Louisiana Tech,278,2348,52,85,,WAC,WAC,,,,,,
240360279,2004-02-05,22:00,2004,regular,,final,Pacific,UC Irvine,279,300,72,66,,Big West,Big West,,,,,,
240360301,2004-02-05,22:00,2004,regular,,final,San Diego,Santa Clara,301,2541,52,60,,WCC,WCC,,,,,,
240362351,2004-02-05,22:00,2004,regular,,final,Loyola Marymount,Gonzaga,2351,2250,70,58,,WCC,WCC,,,,,,
240362440,2004-02-05,22:00,2004,regular,,final,Nevada,SMU,2440,2567,68,71,,WAC,WAC,,,,,,
240362463,2004-02-05,22:00,2004,regular,,final,Cal State Northridge,Long Beach State,2463,299,53,57,,Big West,Big West,,,,,,
240362492,2004-02-05,22:00,2004,regular,,final,Pepperdine,Portland,2492,2501,74,70,,WCC,WCC,,,,,,
240362502,2004-02-05,22:00,2004,regular,,final,Portland State,Montana,2502,149,62,90,,Big Sky,Big Sky,,,,,,
240362540,2004-02-05,22:00,2004,regular,,final,UC Santa Barbara,Idaho,2540,70,86,50,,Big West,Big West,,,,,,
240360331,2004-02-05,22:05,2004,regular,,final,Eastern Washington,Montana State,331,147,80,75,,Big Sky,Big Sky,,,,,,
240362439,2004-02-05,22:30,2004,regular,,final,UNLV,BYU,2439,252,77,64,,Mountain West,Mountain West,,,,,,
240370171,2004-02-06,17:00,2004,regular,,final,Columbia,Yale,171,43,57,44,,Ivy,Ivy,,,,,,
240370108,2004-02-06,18:00,2004,regular,,final,Harvard,Pennsylvania,108,219,72,73,,Ivy,Ivy,,,,,,
240370045,2004-02-06,19:00,2004,regular,,final,George Washington,Fordham,45,2230,73,45,,A 10,A 10,,,,,,
240370097,2004-02-06,19:00,2004,regular,,final,Louisville,UAB,97,5,83,70,,C-USA,C-USA,,,,,,
240370159,2004-02-06,19:00,2004,regular,,final,Dartmouth,Princeton,159,163,63,56,,Ivy,Ivy,,,,,,
240370172,2004-02-06,19:00,2004,regular,,final,Cornell,Brown,172,225,56,69,,Ivy,Ivy,,,,,,
240370179,2004-02-06,19:00,2004,regular,,final,St. Bonaventure,Saint Joseph's,179,2603,70,68,,A 10,A 10,,,,,,
240370282,2004-02-06,19:00,2004,regular,,final,Indiana State,Drake,282,2181,66,45,,MVC,MVC,,,,,,
240370315,2004-02-06,19:00,2004,regular,,final,Niagara,Marist,315,2368,65,54,,MAAC,MAAC,,,,,,
240372099,2004-02-06,19:00,2004,regular,,final,Canisius,Manhattan,2099,2363,65,61,,MAAC,MAAC,,,,,,
240372132,2004-02-06,19:00,2004,regular,,final,Cincinnati,South Florida,2132,58,64,66,,C-USA,C-USA,,,,,,
240372168,2004-02-06,19:00,2004,regular,,final,Dayton,Temple,2168,218,55,58,,A 10,A 10,,,,,,
240372752,2004-02-06,19:00,2004,regular,,final,Xavier,La Salle,2752,2325,63,50,,A 10,A 10,,,,,,
240372184,2004-02-06,19:05,2004,regular,,final,Duquesne,Rhode Island,2184,227,82,76,,A 10,A 10,,,,,,
240370139,2004-02-06,20:00,2004,regular,,final,Saint Louis,East Carolina,139,151,84,81,,C-USA,C-USA,,,,,,
240370235,2004-02-06,20:00,2004,regular,,final,Memphis,Charlotte,235,2429,74,67,,C-USA,C-USA,,,,,,
240370248,2004-02-06,20:00,2004,regular,,final,Houston,Southern Miss,248,2572,70,56,,C-USA,C-USA,,,,,,
240372628,2004-02-06,20:00,2004,regular,,final,TCU,Tulane,2628,2655,76,44,,C-USA,C-USA,,,,,,
240372287,2004-02-06,20:05,2004,regular,,final,Illinois State,Creighton,2287,156,72,75,,MVC,MVC,,,,,,
240370062,2004-02-07,00:00,2004,regular,,final,Hawai'i,San José State,62,23,50,62,,WAC,WAC,,,,,,
240380189,2004-02-07,13:00,2004,regular,,final,Bowling Green,Western Michigan,189,2711,69,67,,MAC,MAC,,,,,,
240380195,2004-02-07,13:00,2004,regular,,final,Ohio,Buffalo,195,2084,85,65,,MAC,MAC,,,,,,
240380201,2004-02-07,13:00,2004,regular,,final,Oklahoma,Texas A&M,201,245,56,46,,Big 12,Big 12,,,,,,
240380261,2004-02-07,13:00,2004,regular,,final,Vermont,Northeastern,261,111,53,61,,Am. East,Am. East,,,,,,
240380276,2004-02-07,13:00,2004,regular,,final,Marshall,Eastern Michigan,276,2199,49,66,,MAC,MAC,,,,,,
240382066,2004-02-07,13:00,2004,regular,,final,Binghamton,Maine,2066,311,43,64,,Am. East,Am. East,,,,,,
240382083,2004-02-07,13:00,2004,regular,,final,Bucknell,American University,2083,44,51,39,,Patriot,Patriot,,,,,,
240382142,2004-02-07,13:00,2004,regular,,final,Colgate,Lafayette,2142,322,65,41,,Patriot,Patriot,,,,,,
240382193,2004-02-07,13:00,2004,regular,,final,East Tennessee State,Davidson,2193,2166,83,54,,Southern,Southern,,,,,,
240382426,2004-02-07,13:00,2004,regular,,final,Navy,Lehigh,2426,2329,53,77,,Patriot,Patriot,,,,,,
240382174,2004-02-07,13:30,2004,regular,,final,Detroit Mercy,Milwaukee,2174,270,50,53,,Horizon,Horizon,,,,,,
240380042,2004-02-07,14:00,2004,regular,,final,Hartford,Boston University,42,104,62,71,,Am. East,Am. East,,,,,,
240380050,2004-02-07,14:00,2004,regular,,final,Florida A&M,Coppin State,50,2154,65,48,,MEAC,MEAC,,,,,,
240380150,2004-02-07,14:00,2004,regular,,final,Duke,Georgia Tech,150,59,81,41,,ACC,ACC,,,,,,
240380288,2004-02-07,14:00,2004,regular,,final,Lipscomb,UCF,288,2116,62,51,,ASUN,ASUN,,,,,,
240382130,2004-02-07,14:00,2004,regular,,final,Chicago State,Western Illinois,2130,2710,50,63,,,,,,,,,
240382169,2004-02-07,14:00,2004,regular,,final,Delaware State,Maryland-Eastern Shore,2169,2379,64,58,,MEAC,MEAC,,,,,,
240382247,2004-02-07,14:00,2004,regular,,final,Georgia State,Troy,2247,2653,57,60,,ASUN,ASUN,,,,,,
240382309,2004-02-07,14:00,2004,regular,,final,Kent State,Central Michigan,2309,2117,65,45,,MAC,MAC,,,,,,
240382335,2004-02-07,14:00,2004,regular,,final,Liberty,High Point,2335,2272,63,50,,Big South,Big South,,,,,,
240382520,2004-02-07,14:00,2004,regular,,final,Rider,Saint Peter's,2520,2612,61,71,,MAAC,MAAC,,,,,,
240382619,2004-02-07,14:00,2004,regular,,final,Stony Brook,UMBC,2619,2378,53,43,,Am. East,Am. East,,,,,,
240380250,2004-02-07,14:30,2004,regular,,final,UT Arlington,SE Louisiana,250,2545,85,41,,WAC,,,,,,,
240382623,2004-02-07,14:35,2004,regular,,final,Missouri State,Northern Iowa,2623,2460,68,54,,MVC,MVC,,,,,,
240380003,2004-02-07,15:00,2004,regular,,final,Birmingham-Southern,Charleston Southern,3,2127,52,59,,Big South,Big South,,,,,,
240380009,2004-02-07,15:00,2004,regular,,final,Arizona State,Stanford,9,24,73,53,,Pac-12,Pac-12,,,,,,
240380197,2004-02-07,15:00,2004,regular,,final,Oklahoma State,Texas,197,251,52,75,,Big 12,Big 12,,,,,,
240380202,2004-02-07,15:00,2004,regular,,final,Tulsa,UTEP,202,2638,63,66,,WAC,WAC,,,,,,
240380231,2004-02-07,15:00,2004,regular,,final,Furman,Appalachian State,231,2026,74,62,,Southern,Southern,,,,,,
240382057,2004-02-07,15:00,2004,regular,,final,Belmont,Florida Atlantic,2057,2226,79,82,,ASUN,ASUN,,,,,,
240382320,2004-02-07,15:00,2004,regular,,final,Lamar,Northwestern State,2320,2466,71,81,,,,,,,,,
240382393,2004-02-07,15:00,2004,regular,,final,Middle Tennessee,Florida International,2393,2229,73,47,,Sun Belt,Sun Belt,,,,,,
240382405,2004-02-07,15:00,2004,regular,,final,Monmouth,Quinnipiac,2405,2514,81,72,,NEC,NEC,,,,,,
240382447,2004-02-07,15:00,2004,regular,,final,Nicholls,Sam Houston,2447,2534,78,91,,,WAC,,,,,,
240382636,2004-02-07,15:00,2004,regular,,final,UTSA,McNeese,2636,2377,64,56,,C-USA,,,,,,,
240380198,2004-02-07,15:05,2004,regular,,final,Oral Roberts,IUPUI,198,85,89,65,,,Horizon,,,,,,
240382197,2004-02-07,15:05,2004,regular,,final,Eastern Illinois,UT Martin,2197,2630,57,70,,,,,,,,,
240380264,2004-02-07,16:00,2004,regular,,final,Washington,USC,264,30,72,70,,Pac-12,Pac-12,,,,,,
240380278,2004-02-07,16:00,2004,regular,,final,Fresno State,SMU,278,2567,49,35,,WAC,WAC,,,,,,
240380294,2004-02-07,16:00,2004,regular,,final,Jacksonville,Campbell,294,2097,63,64,,ASUN,ASUN,,,,,,
240380357,2004-02-07,16:00,2004,regular,,final,Texas A&M-Corpus Christi,Utah Valley,357,3084,67,42,,,WAC,,,,,,
240382569,2004-02-07,16:00,2004,regular,,final,South Carolina State,Hampton,2569,2261,39,76,,MEAC,MEAC,,,,,,
240382598,2004-02-07,16:00,2004,regular,,final,St. Francis (PA),Sacred Heart,2598,2529,87,55,,NEC,NEC,,,,,,
240382737,2004-02-07,16:00,2004,regular,,final,Winthrop,Radford,2737,2515,58,77,,Big South,Big South,,,,,,
240382739,2004-02-07,16:00,2004,regular,,final,Green Bay,Wright State,2739,2750,65,64,,Horizon,Horizon,,,,,,
240382751,2004-02-07,16:00,2004,regular,,final,Wyoming,New Mexico,2751,167,56,61,,Mountain West,Mountain West,,,,,,
240380161,2004-02-07,16:30,2004,regular,,final,Fairleigh Dickinson,Central Connecticut,161,2115,90,48,,NEC,NEC,,,,,,
240382210,2004-02-07,16:30,2004,regular,,final,Elon,Charleston,2210,232,97,72,,Southern,Southern,,,,,,
240380171,2004-02-07,17:00,2004,regular,,final,Columbia,Brown,171,225,68,66,,Ivy,Ivy,,,,,,
240380265,2004-02-07,17:00,2004,regular,,final,Washington State,UCLA,265,26,57,78,,Pac-12,Pac-12,,,,,,
240380399,2004-02-07,17:00,2004,regular,,final,Albany,New Hampshire,399,160,73,54,,Am. East,Am. East,,,,,,
240382172,2004-02-07,17:00,2004,regular,,final,Denver,Louisiana,2172,309,73,49,,Sun Belt,Sun Belt,,,,,,
240382351,2004-02-07,17:00,2004,regular,,final,Loyola Marymount,Portland,2351,2501,62,54,,WCC,WCC,,,,,,
240382430,2004-02-07,17:00,2004,regular,,final,UNC Greensboro,Georgia Southern,2430,290,78,43,,Southern,Southern,,,,,,
240382440,2004-02-07,17:00,2004,regular,,final,Nevada,Louisiana Tech,2440,2348,57,89,,WAC,WAC,,,,,,
240382523,2004-02-07,17:00,2004,regular,,final,Robert Morris,Wagner,2523,2681,51,56,,NEC,NEC,,,,,,
240380056,2004-02-07,17:15,2004,regular,,final,Stetson,Gardner-Webb,56,2241,68,54,,ASUN,ASUN,,,,,,
240382754,2004-02-07,17:15,2004,regular,,final,Youngstown State,Loyola Chicago,2754,2350,54,55,,Horizon,Horizon,,,,,,
240382413,2004-02-07,17:30,2004,regular,,final,Morehead State,Tennessee State,2413,2634,55,40,,,,,,,,,
240382448,2004-02-07,17:30,2004,regular,,final,North Carolina A&T,Norfolk State,2448,2450,55,65,,MEAC,MEAC,,,,,,
240380012,2004-02-07,18:00,2004,regular,,final,Arizona,California,12,25,77,59,,Pac-12,Pac-12,,,,,,
240380108,2004-02-07,18:00,2004,regular,,final,Harvard,Princeton,108,163,96,62,,Ivy,Ivy,,,,,,
240380339,2004-02-07,18:00,2004,regular,,final,Evansville,Southern Illinois,339,79,63,57,,MVC,MVC,,,,,,
240382065,2004-02-07,18:00,2004,regular,,final,Bethune-Cookman,Morgan State,2065,2415,70,30,,MEAC,MEAC,,,,,,AT OCEAN CENTER
240382546,2004-02-07,18:00,2004,regular,,final,Southeast Missouri State,Murray State,2546,93,74,60,,,MVC,,,,,,
240382029,2004-02-07,18:30,2004,regular,,final,Arkansas-Pine Bluff,Alabama A&M,2029,2010,48,57,,SWAC,SWAC,,,,,,
240382046,2004-02-07,18:30,2004,regular,,final,Austin Peay,Samford,2046,2535,54,43,,ASUN,Southern,,,,,,
240382296,2004-02-07,18:30,2004,regular,,final,Jackson State,Alcorn State,2296,2016,55,57,,SWAC,SWAC,,,,,,
240382400,2004-02-07,18:30,2004,regular,,final,Mississippi Valley State,Alabama State,2400,2011,70,75,,SWAC,SWAC,,,,,,
240382504,2004-02-07,18:30,2004,regular,,final,Prairie View A&M,Texas Southern,2504,2640,49,48,,SWAC,SWAC,,,,,,AT TOYOTA CENTER
240382635,2004-02-07,18:30,2004,regular,,final,Tennessee Tech,Jacksonville State,2635,55,71,68,,,ASUN,,,,,,
240382755,2004-02-07,18:30,2004,regular,,final,Grambling,Southern,2755,2582,86,75,,SWAC,SWAC,,,,,,
240380116,2004-02-07,19:00,2004,regular,,final,Mount St. Mary's,St. Francis Brooklyn,116,2597,64,57,,NEC,NEC,,,,,,
240380159,2004-02-07,19:00,2004,regular,,final,Dartmouth,Pennsylvania,159,219,58,71,,Ivy,Ivy,,,,,,
240380172,2004-02-07,19:00,2004,regular,,final,Cornell,Yale,172,43,70,63,,Ivy,Ivy,,,,,,
240380277,2004-02-07,19:00,2004,regular,,final,West Virginia,Syracuse,277,183,56,36,,Big East,Big East,,,,,,
240380324,2004-02-07,19:00,2004,regular,,final,Coastal Carolina,UNC Asheville,324,2427,68,54,,Big South,Big South,,,,,,
240380325,2004-02-07,19:00,2004,regular,,final,Cleveland State,Butler,325,2086,80,61,,Horizon,Horizon,,,,,,
240382050,2004-02-07,19:00,2004,regular,,final,Ball State,Northern Illinois,2050,2459,70,57,,MAC,MAC,,,,,,
240382492,2004-02-07,19:00,2004,regular,,final,Pepperdine,Gonzaga,2492,2250,73,62,,WCC,WCC,,,,,,
240380253,2004-02-07,19:15,2004,regular,,final,Southern Utah,Oakland,253,2473,74,66,,WAC,Horizon,,,,,,
240382617,2004-02-07,19:15,2004,regular,,final,Stephen F. Austin,UL Monroe,2617,2433,68,53,,WAC,Sun Belt,,,,,,
240380314,2004-02-07,19:30,2004,regular,,final,Iona,Fairfield,314,2217,75,61,,MAAC,MAAC,,,,,,
240380021,2004-02-07,20:00,2004,regular,,final,San Diego State,BYU,21,252,50,82,,Mountain West,Mountain West,,,,,,
240380066,2004-02-07,20:00,2004,regular,,final,Iowa State,Missouri,66,142,62,81,,Big 12,Big 12,,,,,,
240380242,2004-02-07,20:00,2004,regular,,final,Rice,Boise State,242,68,75,49,,WAC,WAC,,,,,,
240380249,2004-02-07,20:00,2004,regular,,final,North Texas,New Mexico State,249,166,54,52,,Sun Belt,Sun Belt,,,,,,
240382031,2004-02-07,20:00,2004,regular,,final,Little Rock,New Orleans,2031,2443,50,56,,Sun Belt,Sun Belt,,,,,,
240382870,2004-02-07,20:00,2004,regular,,final,Purdue Fort Wayne,UIC,2870,82,68,91,,,Horizon,,,,,,
240380158,2004-02-07,20:05,2004,regular,,final,Nebraska,Kansas,158,2305,59,48,,Big 12,Big 12,,,,,,
240380300,2004-02-07,20:15,2004,regular,,final,UC Irvine,Cal State Northridge,300,2463,63,48,,Big West,Big West,,,,,,
240382113,2004-02-07,20:30,2004,regular,,final,Centenary,Valparaiso,2113,2674,38,76,,,MVC,,,,,,
240380036,2004-02-07,21:00,2004,regular,,final,Colorado State,Air Force,36,2005,83,46,,Mountain West,Mountain West,,,,,,
240380304,2004-02-07,21:05,2004,regular,,final,Idaho State,Weber State,304,2692,57,48,,Big Sky,Big Sky,,,,,,
240380013,2004-02-07,22:00,2004,regular,,final,Cal Poly,Idaho,13,70,59,70,,Big West,Big West,,,,,,
240380204,2004-02-07,22:00,2004,regular,,final,Oregon State,Oregon,204,2483,75,61,,Pac-12,Pac-12,,,,,,
240380279,2004-02-07,22:00,2004,regular,,final,Pacific,Long Beach State,279,299,67,63,,Big West,Big West,,,,,,
240382502,2004-02-07,22:00,2004,regular,,final,Portland State,Montana State,2502,147,75,81,,Big Sky,Big Sky,,,,,,
240382540,2004-02-07,22:00,2004,regular,,final,UC Santa Barbara,Utah State,2540,328,88,54,,Big West,Big West,,,,,,
240380016,2004-02-07,22:05,2004,regular,,final,Sacramento State,Northern Arizona,16,2464,51,60,,Big Sky,Big Sky,,,,,,
240380331,2004-02-07,22:05,2004,regular,,final,Eastern Washington,Montana,331,149,61,67,,Big Sky,Big Sky,,,,,,
240382608,2004-02-07,22:05,2004,regular,,final,Saint Mary's,San Francisco,2608,2539,75,57,,WCC,WCC,,,,,,
240380027,2004-02-07,22:10,2004,regular,,final,UC Riverside,Cal State Fullerton,27,2239,67,63,,Big West,Big West,,,,,,
240390179,2004-02-08,12:00,2004,regular,,final,St. Bonaventure,Rhode Island,179,227,59,73,,A 10,A 10,,,,,,
240392230,2004-02-08,12:00,2004,regular,,final,Fordham,Saint Joseph's,2230,2603,40,63,,A 10,A 10,,,,,,
240390052,2004-02-08,13:00,2004,regular,,final,Florida State,Clemson,52,228,65,50,,ACC,ACC,,,,,,
240390130,2004-02-08,13:00,2004,regular,,final,Michigan,Wisconsin,130,275,75,55,,Big Ten,Big Ten,,,,,,
240390235,2004-02-08,13:00,2004,regular,,final,Memphis,East Carolina,235,151,79,60,,C-USA,C-USA,,,,,,
240390239,2004-02-08,13:00,2004,regular,,final,Baylor,Texas Tech,239,2641,59,62,,Big 12,Big 12,,,,,,
240390315,2004-02-08,13:00,2004,regular,,final,Niagara,Manhattan,315,2363,65,49,,MAAC,MAAC,,,,,,
240392182,2004-02-08,13:00,2004,regular,,final,Drexel,Old Dominion,2182,295,69,76,,CAA,CAA,,,,,,
240390041,2004-02-08,14:00,2004,regular,,final,UConn,Miami,41,2390,83,65,,Big East,Big East,,,,,,
240390084,2004-02-08,14:00,2004,regular,,final,Indiana,Illinois,84,356,52,64,,Big Ten,Big Ten,,,,,,
240390097,2004-02-08,14:00,2004,regular,,final,Louisville,South Florida,97,58,86,71,,C-USA,C-USA,,,,,,
240390103,2004-02-08,14:00,2004,regular,,final,Boston College,Rutgers,103,164,78,72,,Big East,Big East,,,,,,
240390107,2004-02-08,14:00,2004,regular,,final,Holy Cross,Army,107,349,58,67,,Patriot,Patriot,,,,,,
240390127,2004-02-08,14:00,2004,regular,,final,Michigan State,Northwestern,127,77,70,46,,Big Ten,Big Ten,,,,,,
240390222,2004-02-08,14:00,2004,regular,,final,Villanova,Pittsburgh,222,221,75,45,,Big East,Big East,,,,,,
240390257,2004-02-08,14:00,2004,regular,,final,Richmond,George Washington,257,45,48,69,,A 10,A 10,,,,,,
240390282,2004-02-08,14:00,2004,regular,,final,Indiana State,Creighton,282,156,46,47,,MVC,MVC,,,,,,
240390350,2004-02-08,14:00,2004,regular,,final,UNC Wilmington,George Mason,350,2244,63,54,,CAA,CAA,,,,,,
240392099,2004-02-08,14:00,2004,regular,,final,Canisius,Marist,2099,2368,64,51,,MAAC,MAAC,,,,,,
240392168,2004-02-08,14:00,2004,regular,,final,Dayton,La Salle,2168,2325,62,65,,A 10,A 10,,,,,,
240392184,2004-02-08,14:00,2004,regular,,final,Duquesne,UMass,2184,113,46,42,,A 10,A 10,,,,,,
240392275,2004-02-08,14:00,2004,regular,,final,Hofstra,Towson,2275,119,66,61,,CAA,CAA,,,,,,
240392352,2004-02-08,14:00,2004,regular,,final,Loyola Maryland,Siena,2352,2561,46,58,,MAAC,MAAC,,,,,,
240392509,2004-02-08,14:00,2004,regular,,final,Purdue,Ohio State,2509,194,57,54,,Big Ten,Big Ten,,,,,,
240392550,2004-02-08,14:00,2004,regular,,final,Seton Hall,Notre Dame,2550,87,51,45,,Big East,Big East,,,,,,
240392599,2004-02-08,14:00,2004,regular,,final,St. John's,Providence,2599,2507,83,75,,Big East,Big East,,,,,,
240392649,2004-02-08,14:00,2004,regular,,final,Toledo,Miami (OH),2649,193,65,67,,MAC,MAC,,,,,,
240392670,2004-02-08,14:00,2004,regular,,final,VCU,James Madison,2670,256,77,67,,CAA,CAA,,,,,,
240390002,2004-02-08,15:00,2004,regular,,final,Auburn,LSU,2,99,68,50,,SEC,SEC,,,,,,
240390046,2004-02-08,15:00,2004,regular,,final,Georgetown,Virginia,46,258,45,52,,Big East,ACC,,,,,,
240390048,2004-02-08,15:00,2004,regular,,final,Delaware,William & Mary,48,2729,48,55,,CAA,CAA,,,,,,
240390057,2004-02-08,15:00,2004,regular,,final,Florida,Kentucky,57,96,76,56,,SEC,SEC,,,,,,
240390139,2004-02-08,15:00,2004,regular,,final,Saint Louis,Charlotte,139,2429,74,77,,C-USA,C-USA,,,,,,
240390248,2004-02-08,15:00,2004,regular,,final,Houston,Tulane,248,2655,83,78,,C-USA,C-USA,,,,,,
240390333,2004-02-08,15:00,2004,regular,,final,Alabama,Vanderbilt,333,238,81,68,,SEC,SEC,,,,,,
240390344,2004-02-08,15:00,2004,regular,,final,Mississippi State,Ole Miss,344,145,62,78,,SEC,SEC,,,,,,
240392132,2004-02-08,15:00,2004,regular,,final,Cincinnati,UAB,2132,5,69,58,,C-USA,C-USA,,,,,,
240392439,2004-02-08,15:00,2004,regular,,final,UNLV,Utah,2439,254,55,72,,Mountain West,Mountain West,,,,,,
240392628,2004-02-08,15:00,2004,regular,,final,TCU,Southern Miss,2628,2572,76,45,,C-USA,C-USA,,,,,,
240392287,2004-02-08,15:05,2004,regular,,final,Illinois State,Drake,2287,2181,57,54,,MVC,MVC,,,,,,
240390008,2004-02-08,16:00,2004,regular,,final,Arkansas,Georgia,8,61,71,63,,SEC,SEC,,,,,,
240390305,2004-02-08,16:00,2004,regular,,final,DePaul,Marquette,305,269,61,59,,C-USA,C-USA,,,,,,
240392306,2004-02-08,16:00,2004,regular,,final,Kansas State,Colorado,2306,38,79,53,,Big 12,Big 12,,,,,,
240392752,2004-02-08,16:00,2004,regular,,final,Xavier,Temple,2752,218,50,61,,A 10,A 10,,,,,,
240392633,2004-02-08,16:30,2004,regular,,final,Tennessee,South Carolina,2633,2579,72,58,,SEC,SEC,,,,,,
240390153,2004-02-08,17:30,2004,regular,,final,North Carolina,NC State,153,152,54,62,,ACC,ACC,,,,,,
240390135,2004-02-08,19:00,2004,regular,,final,Minnesota,Penn State,135,213,74,56,,Big Ten,Big Ten,,,,,,
240392724,2004-02-08,19:30,2004,regular,,final,Wichita State,Bradley,2724,71,77,61,,MVC,MVC,,,,,,
240402747,2004-02-09,17:00,2004,regular,,final,Wofford,Appalachian State,2747,2026,48,65,,Southern,Southern,,,,,,
240400236,2004-02-09,17:15,2004,regular,,final,Chattanooga,Davidson,236,2166,77,50,,Southern,Southern,,,,,,
240400050,2004-02-09,17:30,2004,regular,,final,Florida A&M,Morgan State,50,2415,72,61,,MEAC,MEAC,,,,,,
240402198,2004-02-09,17:30,2004,regular,,final,Eastern Kentucky,Tennessee State,2198,2634,66,43,,ASUN,,,,,,,
240402448,2004-02-09,17:30,2004,regular,,final,North Carolina A&T,Hampton,2448,2261,60,72,,MEAC,MEAC,,,,,,
240402569,2004-02-09,17:30,2004,regular,,final,South Carolina State,Norfolk State,2569,2450,56,65,,MEAC,MEAC,,,,,,
240400047,2004-02-09,18:00,2004,regular,,final,Howard,Maryland-Eastern Shore,47,2379,88,74,,MEAC,MEAC,,,,,,
240402065,2004-02-09,18:00,2004,regular,,final,Bethune-Cookman,Coppin State,2065,2154,60,62,,MEAC,MEAC,,,,,,
240402210,2004-02-09,18:00,2004,regular,,final,Elon,Georgia Southern,2210,290,58,53,,Southern,Southern,,,,,,
240402029,2004-02-09,18:30,2004,regular,,final,Arkansas-Pine Bluff,Alabama State,2029,2011,45,49,,SWAC,SWAC,,,,,,
240402296,2004-02-09,18:30,2004,regular,,final,Jackson State,Southern,2296,2582,56,53,,SWAC,SWAC,,,,,,
240402400,2004-02-09,18:30,2004,regular,,final,Mississippi Valley State,Alabama A&M,2400,2010,54,47,,SWAC,SWAC,,,,,,
240402755,2004-02-09,18:30,2004,regular,,final,Grambling,Alcorn State,2755,2016,77,51,,SWAC,SWAC,,,,,,
240400056,2004-02-09,19:00,2004,regular,,final,Stetson,Campbell,56,2097,58,55,,ASUN,ASUN,,,,,,
240400116,2004-02-09,19:00,2004,regular,,final,Mount St. Mary's,LIU Brooklyn,116,2341,54,60,,NEC,NEC,,,,,,
240400120,2004-02-09,19:00,2004,regular,,final,Maryland,Wake Forest,120,154,73,56,,ACC,ACC,,,,,,
240400161,2004-02-09,19:00,2004,regular,,final,Fairleigh Dickinson,Quinnipiac,161,2514,75,83,,NEC,NEC,,,,,,
240400294,2004-02-09,19:00,2004,regular,,final,Jacksonville,Gardner-Webb,294,2241,60,75,,ASUN,ASUN,,,,,,
240402115,2004-02-09,19:00,2004,regular,,final,Central Connecticut,Monmouth,2115,2405,49,57,,NEC,NEC,,,,,,
240402193,2004-02-09,19:00,2004,regular,,final,East Tennessee State,Western Carolina,2193,2717,78,73,,Southern,Southern,,,,,,
240402430,2004-02-09,19:00,2004,regular,,final,UNC Greensboro,Charleston,2430,232,78,63,,Southern,Southern,,,,,,
240402542,2004-02-09,19:00,2004,regular,,final,Savannah State,Delaware State,2542,2169,62,59,,,MEAC,,,,,,
240402598,2004-02-09,19:00,2004,regular,,final,St. Francis (PA),Wagner,2598,2681,79,52,,NEC,NEC,,,,,,
240402523,2004-02-09,19:30,2004,regular,,final,Robert Morris,Sacred Heart,2523,2529,63,58,,NEC,NEC,,,,,,
240400098,2004-02-09,20:00,2004,regular,,final,Western Kentucky,Florida International,98,2229,73,69,,Sun Belt,Sun Belt,,,,,,
240400140,2004-02-09,20:00,2004,regular,,final,Kansas City,Oakland,140,2473,52,54,,,Horizon,,,,,,
240400288,2004-02-09,20:00,2004,regular,,final,Lipscomb,Florida Atlantic,288,2226,69,52,,ASUN,ASUN,,,,,,
240402057,2004-02-09,20:00,2004,regular,,final,Belmont,UCF,2057,2116,65,58,,ASUN,ASUN,,,,,,
240402113,2004-02-09,20:00,2004,regular,,final,Centenary,Western Illinois,2113,2710,52,74,,,,,,,,,
240402130,2004-02-09,20:00,2004,regular,,final,Chicago State,Valparaiso,2130,2674,58,63,,,MVC,,,,,,
240402504,2004-02-09,20:00,2004,regular,,final,Prairie View A&M,UT Rio Grande Valley,2504,292,63,70,,SWAC,,,,,,,
240402653,2004-02-09,20:00,2004,regular,,final,Troy,Mercer,2653,2382,75,45,,ASUN,ASUN,,,,,,
240402032,2004-02-09,20:05,2004,regular,,final,Arkansas State,South Alabama,2032,6,57,54,,Sun Belt,Sun Belt,,,,,,
240400253,2004-02-09,21:05,2004,regular,,final,Southern Utah,IUPUI,253,85,79,55,,WAC,Horizon,,,,,,
240412546,2004-02-10,18:00,2004,regular,,final,Southeast Missouri State,Eastern Illinois,2546,2197,77,76,,,,,,,,,
240410107,2004-02-10,19:00,2004,regular,,final,Holy Cross,Colgate,107,2142,75,63,,Patriot,Patriot,,,,,,
240410219,2004-02-10,19:00,2004,regular,,final,Pennsylvania,Saint Joseph's,219,2603,55,74,,Ivy,A 10,,,,,,
240410277,2004-02-10,19:00,2004,regular,,final,West Virginia,Virginia Tech,277,259,69,66,,Big East,Big East,,,,,,
240412006,2004-02-10,19:00,2004,regular,,final,Akron,Northern Illinois,2006,2459,43,42,,MAC,MAC,,,,,,
240412127,2004-02-10,19:00,2004,regular,,final,Charleston Southern,North Greenville,2127,2822,76,66,,Big South,,,,,,,
240412390,2004-02-10,19:00,2004,regular,,final,Miami,St. John's,2390,2599,85,74,,Big East,Big East,,,,,,
240412619,2004-02-10,19:00,2004,regular,,final,Stony Brook,Vermont,2619,261,87,71,,Am. East,Am. East,,,,,,
240412617,2004-02-10,20:00,2004,regular,,final,Stephen F. Austin,Texas A&M-Corpus Christi,2617,357,69,72,,WAC,,,,,,,
240412641,2004-02-10,20:00,2004,regular,,final,Texas Tech,Oklahoma,2641,201,62,68,,Big 12,Big 12,,,,,,
240412294,2004-02-10,20:05,2004,regular,,final,Iowa,Purdue,2294,2509,79,90,,Big Ten,Big Ten,,,,,,
240412623,2004-02-10,20:05,2004,regular,,final,Missouri State,Bradley,2623,71,65,45,,MVC,MVC,,,,,,
240422520,2004-02-11,17:15,2004,regular,,final,Rider,Iona,2520,314,49,64,,MAAC,MAAC,,,,,,
240420349,2004-02-11,17:30,2004,regular,,final,Army,Lafayette,349,322,62,55,,Patriot,Patriot,,,,,,
240420044,2004-02-11,19:00,2004,regular,,final,American University,Navy,44,2426,59,48,,Patriot,Patriot,,,,,,
240420046,2004-02-11,19:00,2004,regular,,final,Georgetown,Boston College,46,103,58,68,,Big East,Big East,,,,,,
240420111,2004-02-11,19:00,2004,regular,,final,Northeastern,Hartford,111,42,61,59,,Am. East,Am. East,,,,,,
240420160,2004-02-11,19:00,2004,regular,,final,New Hampshire,Maine,160,311,50,63,,Am. East,Am. East,,,,,,
240420183,2004-02-11,19:00,2004,regular,,final,Syracuse,UConn,183,41,38,82,,Big East,Big East,,,,,,
240420193,2004-02-11,19:00,2004,regular,,final,Miami (OH),Marshall,193,276,73,56,,MAC,MAC,,,,,,
240420195,2004-02-11,19:00,2004,regular,,final,Ohio,Bowling Green,195,189,55,76,,MAC,MAC,,,,,,
240420221,2004-02-11,19:00,2004,regular,,final,Pittsburgh,Rutgers,221,164,61,75,,Big East,Big East,,,,,,
240420236,2004-02-11,19:00,2004,regular,,final,Chattanooga,Wofford,236,2747,74,56,,Southern,Southern,,,,,,
240420399,2004-02-11,19:00,2004,regular,,final,Albany,Binghamton,399,2066,60,57,,Am. East,Am. East,,,,,,
240422026,2004-02-11,19:00,2004,regular,,final,Appalachian State,Western Carolina,2026,2717,65,80,,Southern,Southern,,,,,,
240422083,2004-02-11,19:00,2004,regular,,final,Bucknell,Lehigh,2083,2329,74,59,,Patriot,Patriot,,,,,,
240422084,2004-02-11,19:00,2004,regular,,final,Buffalo,Kent State,2084,2309,66,85,,MAC,MAC,,,,,,
240422099,2004-02-11,19:00,2004,regular,,final,Canisius,Niagara,2099,315,70,73,,MAAC,MAAC,,,,,,
240422199,2004-02-11,19:00,2004,regular,,final,Eastern Michigan,Toledo,2199,2649,76,61,,MAC,MAC,,,,,,
240422378,2004-02-11,19:00,2004,regular,,final,UMBC,Boston University,2378,104,40,59,,Am. East,Am. East,,,,,,
240422597,2004-02-11,19:00,2004,regular,,final,St. Francis Brooklyn,Monmouth,2597,2405,54,71,,NEC,NEC,,,,,,
240422711,2004-02-11,19:00,2004,regular,,final,Western Michigan,Ball State,2711,2050,87,71,,MAC,MAC,,,,,,
240422507,2004-02-11,19:30,2004,regular,,final,Providence,Villanova,2507,222,41,68,,Big East,Big East,,,,,,
240420142,2004-02-11,20:00,2004,regular,,final,Missouri,Baylor,142,239,59,83,,Big 12,Big 12,,,,,,
240420251,2004-02-11,20:00,2004,regular,,final,Texas,Texas A&M,251,245,66,55,,Big 12,Big 12,,,,,,
240422305,2004-02-11,20:00,2004,regular,,final,Kansas,Kansas State,2305,2306,51,81,,Big 12,Big 12,,,,,,
240422350,2004-02-11,20:00,2004,regular,,final,Loyola Chicago,Cleveland State,2350,325,54,64,,Horizon,Horizon,,,,,,
240420158,2004-02-11,20:05,2004,regular,,final,Nebraska,Oklahoma State,158,197,64,41,,Big 12,Big 12,,,,,,
240420038,2004-02-11,21:00,2004,regular,,final,Colorado,Iowa State,38,66,72,67,,Big 12,Big 12,,,,,,
240432198,2004-02-12,17:30,2004,regular,,final,Eastern Kentucky,Samford,2198,2535,64,48,,ASUN,Southern,,,,,,
240432379,2004-02-12,17:30,2004,regular,,final,Maryland-Eastern Shore,Savannah State,2379,2542,86,60,,MEAC,,,,,,,
240432413,2004-02-12,17:30,2004,regular,,final,Morehead State,Jacksonville State,2413,55,68,76,,,ASUN,,,,,,
240432514,2004-02-12,17:30,2004,regular,,final,Quinnipiac,Robert Morris,2514,2523,70,54,,NEC,NEC,,,,,,
240432097,2004-02-12,17:45,2004,regular,,final,Campbell,Belmont,2097,2057,74,59,,ASUN,ASUN,,,,,,
240430006,2004-02-12,18:00,2004,regular,,final,South Alabama,Louisiana,6,309,52,49,,Sun Belt,Sun Belt,,,,,,
240430270,2004-02-12,18:00,2004,regular,,final,Milwaukee,Purdue Fort Wayne,270,2870,87,67,,Horizon,,,,,,,
240432241,2004-02-12,18:00,2004,regular,,final,Gardner-Webb,Lipscomb,2241,288,71,60,,ASUN,ASUN,,,,,,
240432247,2004-02-12,18:00,2004,regular,,final,Georgia State,Stetson,2247,56,86,79,,ASUN,ASUN,,,,,,
240432046,2004-02-12,18:15,2004,regular,,final,Austin Peay,UT Martin,2046,2630,71,63,,ASUN,,,,,,,
240432377,2004-02-12,18:15,2004,regular,,final,McNeese,UT Arlington,2377,250,55,63,,,WAC,,,,,,
240432447,2004-02-12,18:15,2004,regular,,final,Nicholls,Northwestern State,2447,2466,47,83,,,,,,,,,
240432534,2004-02-12,18:15,2004,regular,,final,Sam Houston,SE Louisiana,2534,2545,61,66,,WAC,,,,,,,
240432635,2004-02-12,18:30,2004,regular,,final,Tennessee Tech,Murray State,2635,93,72,64,,,MVC,,,,,,
240432634,2004-02-12,18:45,2004,regular,,final,Tennessee State,Eastern Illinois,2634,2197,65,73,,,,,,,,,
240430048,2004-02-12,19:00,2004,regular,,final,Delaware,James Madison,48,256,61,62,,CAA,CAA,,,,,,
240430059,2004-02-12,19:00,2004,regular,,final,Georgia Tech,Virginia,59,258,65,55,,ACC,ACC,,,,,,
240430061,2004-02-12,19:00,2004,regular,,final,Georgia,Tennessee,61,2633,67,70,,SEC,SEC,,,,,,
240430082,2004-02-12,19:00,2004,regular,,final,UIC,Butler,82,2086,81,89,,Horizon,Horizon,,,,,,
240430119,2004-02-12,19:00,2004,regular,,final,Towson,UNC Wilmington,119,350,58,48,,CAA,CAA,,,,,,
240430120,2004-02-12,19:00,2004,regular,,final,Maryland,Florida State,120,52,76,67,,ACC,ACC,,,,,,
240430130,2004-02-12,19:00,2004,regular,,final,Michigan,Michigan State,130,127,54,59,,Big Ten,Big Ten,,,,,,
240430150,2004-02-12,19:00,2004,regular,,final,Duke,Wake Forest,150,154,80,55,,ACC,ACC,,,,,,
240430152,2004-02-12,19:00,2004,regular,,final,NC State,Clemson,152,228,76,55,,ACC,ACC,,,,,,
240430194,2004-02-12,19:00,2004,regular,,final,Ohio State,Minnesota,194,135,75,57,,Big Ten,Big Ten,,,,,,
240430218,2004-02-12,19:00,2004,regular,,final,Temple,Duquesne,218,2184,64,55,,A 10,A 10,,,,,,
240430295,2004-02-12,19:00,2004,regular,,final,Old Dominion,Hofstra,295,2275,105,62,,CAA,CAA,,,,,,
240432244,2004-02-12,19:00,2004,regular,,final,George Mason,VCU,2244,2670,80,60,,CAA,CAA,,,,,,
240432325,2004-02-12,19:00,2004,regular,,final,La Salle,St. Bonaventure,2325,179,76,65,,A 10,A 10,,,,,,
240432368,2004-02-12,19:00,2004,regular,,final,Marist,Manhattan,2368,2363,68,56,,MAAC,MAAC,,,,,,
240432382,2004-02-12,19:00,2004,regular,,final,Mercer,Jacksonville,2382,294,66,53,,ASUN,ASUN,,,,,,
240432579,2004-02-12,19:00,2004,regular,,final,South Carolina,Alabama,2579,333,77,51,,SEC,SEC,,,,,,
240432603,2004-02-12,19:00,2004,regular,,final,Saint Joseph's,Rhode Island,2603,227,51,61,,A 10,A 10,,,,,,
240432636,2004-02-12,19:00,2004,regular,,final,UTSA,UL Monroe,2636,2433,62,69,,C-USA,Sun Belt,,,,,,
240432750,2004-02-12,19:00,2004,regular,,final,Wright State,Youngstown State,2750,2754,42,54,,Horizon,Horizon,,,,,,
240432612,2004-02-12,19:30,2004,regular,,final,Saint Peter's,Siena,2612,2561,52,64,,MAAC,MAAC,,,,,,
240430077,2004-02-12,20:00,2004,regular,,final,Northwestern,Indiana,77,84,48,36,,Big Ten,Big Ten,,,,,,
240430098,2004-02-12,20:00,2004,regular,,final,Western Kentucky,Denver,98,2172,73,53,,Sun Belt,Sun Belt,,,,,,
240430099,2004-02-12,20:00,2004,regular,,final,LSU,Arkansas,99,8,92,65,,SEC,SEC,,,,,,
240430145,2004-02-12,20:00,2004,regular,,final,Ole Miss,Auburn,145,2,70,82,,SEC,SEC,,,,,,
240430275,2004-02-12,20:00,2004,regular,,final,Wisconsin,Iowa,275,2294,82,87,,Big Ten,Big Ten,,,,,,
240430339,2004-02-12,20:00,2004,regular,,final,Evansville,Illinois State,339,2287,80,84,,MVC,MVC,,,,,,
240430344,2004-02-12,20:00,2004,regular,,final,Mississippi State,Florida,344,57,88,76,,SEC,SEC,,,,,,
240432320,2004-02-12,20:00,2004,regular,,final,Lamar,Texas State,2320,326,52,54,,,Sun Belt,,,,,,
240432348,2004-02-12,20:00,2004,regular,,final,Louisiana Tech,Hawai'i,2348,62,83,45,,WAC,WAC,,,,,,
240432393,2004-02-12,20:00,2004,regular,,final,Middle Tennessee,North Texas,2393,249,64,55,,Sun Belt,Sun Belt,,,,,,
240432567,2004-02-12,20:00,2004,regular,,final,SMU,San José State,2567,23,88,61,,WAC,WAC,,,,,,
240432739,2004-02-12,20:00,2004,regular,,final,Green Bay,Detroit Mercy,2739,2174,64,54,,Horizon,Horizon,,,,,,
240430079,2004-02-12,20:05,2004,regular,,final,Southern Illinois,Indiana State,79,282,84,98,,MVC,MVC,,,,,,
240432032,2004-02-12,20:05,2004,regular,,final,Arkansas State,Little Rock,2032,2031,69,53,,Sun Belt,Sun Belt,,,,,,
240430068,2004-02-12,21:00,2004,regular,,final,Boise State,Nevada,68,2440,63,52,,WAC,WAC,,,,,,
240430252,2004-02-12,21:00,2004,regular,,final,BYU,Wyoming,252,2751,67,50,,Mountain West,Mountain West,,,,,,
240430254,2004-02-12,21:00,2004,regular,,final,Utah,Colorado State,254,36,71,57,,Mountain West,Mountain West,,,,,,
240430328,2004-02-12,21:00,2004,regular,,final,Utah State,Cal State Northridge,328,2463,76,71,,Big West,Big West,,,,,,
240430147,2004-02-12,21:05,2004,regular,,final,Montana State,Idaho State,147,304,70,79,,Big Sky,Big Sky,,,,,,
240430166,2004-02-12,21:05,2004,regular,,final,New Mexico State,New Orleans,166,2443,73,76,,Sun Belt,Sun Belt,,,,,,
240432464,2004-02-12,21:05,2004,regular,,final,Northern Arizona,Portland State,2464,2502,68,75,,Big Sky,Big Sky,,,,,,
240432638,2004-02-12,21:05,2004,regular,,final,UTEP,Fresno State,2638,278,45,38,,WAC,WAC,,,,,,
240430149,2004-02-12,21:35,2004,regular,,final,Montana,Weber State,149,2692,65,62,,Big Sky,Big Sky,,,,,,
240430026,2004-02-12,22:00,2004,regular,,final,UCLA,Arizona,26,12,87,68,,Pac-12,Pac-12,,,,,,
240430030,2004-02-12,22:00,2004,regular,,final,USC,Arizona State,30,9,65,50,,Pac-12,Pac-12,,,,,,
240430070,2004-02-12,22:00,2004,regular,,final,Idaho,Pacific,70,279,72,51,,Big West,Big West,,,,,,
240430204,2004-02-12,22:00,2004,regular,,final,Oregon State,Washington,204,264,62,59,,Pac-12,Pac-12,,,,,,
240430300,2004-02-12,22:00,2004,regular,,final,UC Irvine,Cal State Fullerton,300,2239,50,59,,Big West,Big West,,,,,,
240430301,2004-02-12,22:00,2004,regular,,final,San Diego,Pepperdine,301,2492,66,69,,WCC,WCC,,,,,,
240432250,2004-02-12,22:00,2004,regular,,final,Gonzaga,Saint Mary's,2250,2608,68,45,,WCC,WCC,,,,,,
240432483,2004-02-12,22:00,2004,regular,,final,Oregon,Washington State,2483,265,74,52,,Pac-12,Pac-12,,,,,,
240432501,2004-02-12,22:00,2004,regular,,final,Portland,San Francisco,2501,2539,67,63,,WCC,WCC,,,,,,
240432541,2004-02-12,22:00,2004,regular,,final,Santa Clara,Loyola Marymount,2541,2351,53,58,,WCC,WCC,,,,,,
240430016,2004-02-12,22:05,2004,regular,,final,Sacramento State,Eastern Washington,16,331,54,91,,Big Sky,Big Sky,,,,,,
240430299,2004-02-12,22:30,2004,regular,,final,Long Beach State,UC Riverside,299,27,60,77,,Big West,Big West,,,,,,
240440043,2004-02-13,19:00,2004,regular,,final,Yale,Dartmouth,43,159,53,59,,Ivy,Ivy,,,,,,
240440045,2004-02-13,19:00,2004,regular,,final,George Washington,Xavier,45,2752,66,64,,A 10,A 10,,,,,,
240440151,2004-02-13,19:00,2004,regular,,final,East Carolina,TCU,151,2628,119,125,,C-USA,C-USA,,,,,,
240440163,2004-02-13,19:00,2004,regular,,final,Princeton,Cornell,163,172,74,67,,Ivy,Ivy,,,,,,
240440219,2004-02-13,19:00,2004,regular,,final,Pennsylvania,Columbia,219,171,81,70,,Ivy,Ivy,,,,,,
240440225,2004-02-13,19:00,2004,regular,,final,Brown,Harvard,225,108,64,70,,Ivy,Ivy,,,,,,
240440257,2004-02-13,19:00,2004,regular,,final,Richmond,Dayton,257,2168,67,44,,A 10,A 10,,,,,,
240442230,2004-02-13,19:00,2004,regular,,final,Fordham,UMass,2230,113,64,66,,A 10,A 10,,,,,,
240442429,2004-02-13,19:00,2004,regular,,final,Charlotte,Houston,2429,248,58,62,,C-USA,C-USA,,,,,,
240442729,2004-02-13,19:00,2004,regular,,final,William & Mary,Drexel,2729,2182,49,63,,CAA,CAA,,,,,,
240440269,2004-02-13,20:00,2004,regular,,final,Marquette,Memphis,269,235,60,57,,C-USA,C-USA,,,,,,
240440305,2004-02-13,20:00,2004,regular,,final,DePaul,Saint Louis,305,139,73,65,,C-USA,C-USA,,,,,,
240442572,2004-02-13,20:00,2004,regular,,final,Southern Miss,Cincinnati,2572,2132,64,77,,C-USA,C-USA,,,,,,
240442655,2004-02-13,20:00,2004,regular,,final,Tulane,Louisville,2655,97,47,48,,C-USA,C-USA,,,,,,
240440156,2004-02-13,20:05,2004,regular,,final,Creighton,Wichita State,156,2724,64,61,,MVC,MVC,,,,,,
240442181,2004-02-13,20:05,2004,regular,,final,Drake,Missouri State,2181,2623,73,67,,MVC,MVC,,,,,,
240450232,2004-02-14,13:00,2004,regular,,final,Charleston,Furman,232,231,61,68,,Southern,Southern,,,,,,
240450322,2004-02-14,13:00,2004,regular,,final,Lafayette,Holy Cross,322,107,49,74,,Patriot,Patriot,,,,,,
240452026,2004-02-14,13:00,2004,regular,,final,Appalachian State,East Tennessee State,2026,2193,69,74,,Southern,Southern,,,,,,
240452066,2004-02-14,13:00,2004,regular,,final,Binghamton,New Hampshire,2066,160,55,53,,Am. East,Am. East,,,,,,
240452084,2004-02-14,13:00,2004,regular,,final,Buffalo,Akron,2084,2006,59,71,,MAC,MAC,,,,,,
240452142,2004-02-14,13:00,2004,regular,,final,Colgate,Army,2142,349,69,56,,Patriot,Patriot,,,,,,
240452329,2004-02-14,13:00,2004,regular,,final,Lehigh,American University,2329,44,48,55,,Patriot,Patriot,,,,,,
240452426,2004-02-14,13:00,2004,regular,,final,Navy,Bucknell,2426,2083,65,42,,Patriot,Patriot,,,,,,
240452514,2004-02-14,13:00,2004,regular,,final,Quinnipiac,St. Francis (PA),2514,2598,55,57,,NEC,NEC,,,,,,
240452217,2004-02-14,13:30,2004,regular,,final,Fairfield,Canisius,2217,2099,82,92,,MAAC,MAAC,,,,,,
240450042,2004-02-14,14:00,2004,regular,,final,Hartford,Stony Brook,42,2619,61,64,,Am. East,Am. East,,,,,,
240450221,2004-02-14,14:00,2004,regular,,final,Pittsburgh,Georgetown,221,46,61,72,,Big East,Big East,,,,,,
240450259,2004-02-14,14:00,2004,regular,,final,Virginia Tech,Miami,259,2390,56,65,,Big East,Big East,,,,,,
240450314,2004-02-14,14:00,2004,regular,,final,Iona,Niagara,314,315,60,67,,MAAC,MAAC,,,,,,
240452086,2004-02-14,14:00,2004,regular,,final,Butler,Youngstown State,2086,2754,79,45,,Horizon,Horizon,,,,,,
240452115,2004-02-14,14:00,2004,regular,,final,Central Connecticut,Robert Morris,2115,2523,60,53,,NEC,NEC,,,,,,
240452117,2004-02-14,14:00,2004,regular,,final,Central Michigan,Bowling Green,2117,189,51,69,,MAC,MAC,,,,,,
240452130,2004-02-14,14:00,2004,regular,,final,Chicago State,IUPUI,2130,85,80,64,,,Horizon,,,,,,
240452261,2004-02-14,14:00,2004,regular,,final,Hampton,Florida A&M,2261,50,71,46,,MEAC,MEAC,,,,,,
240452309,2004-02-14,14:00,2004,regular,,final,Kent State,Ball State,2309,2050,99,54,,MAC,MAC,,,,,,
240452341,2004-02-14,14:00,2004,regular,,final,LIU Brooklyn,Sacred Heart,2341,2529,62,57,,NEC,NEC,,,,,,
240452350,2004-02-14,14:00,2004,regular,,final,Loyola Chicago,Detroit Mercy,2350,2174,62,70,,Horizon,Horizon,,,,,,
240452379,2004-02-14,14:00,2004,regular,,final,Maryland-Eastern Shore,North Carolina A&T,2379,2448,83,49,,MEAC,MEAC,,,,,,
240452382,2004-02-14,14:00,2004,regular,,final,Mercer,Stetson,2382,56,72,76,,ASUN,ASUN,,,,,,
240452427,2004-02-14,14:00,2004,regular,,final,UNC Asheville,Winthrop,2427,2737,78,62,,Big South,Big South,,,,,,
240452450,2004-02-14,14:00,2004,regular,,final,Norfolk State,Bethune-Cookman,2450,2065,78,62,,MEAC,MEAC,,,,,,
240452520,2004-02-14,14:00,2004,regular,,final,Rider,Siena,2520,2561,47,78,,MAAC,MAAC,,,,,,
240452550,2004-02-14,14:00,2004,regular,,final,Seton Hall,Syracuse,2550,183,79,71,,Big East,Big East,,,,,,
240452597,2004-02-14,14:00,2004,regular,,final,St. Francis Brooklyn,Wagner,2597,2681,67,51,,NEC,NEC,,,,,,
240452710,2004-02-14,14:00,2004,regular,,final,Western Illinois,Oral Roberts,2710,198,71,46,,,,,,,,,
240452750,2004-02-14,14:00,2004,regular,,final,Wright State,UIC,2750,82,54,70,,Horizon,Horizon,,,,,,
240450202,2004-02-14,15:00,2004,regular,,final,Tulsa,Rice,202,242,61,64,,WAC,WAC,,,,,,
240450261,2004-02-14,15:00,2004,regular,,final,Vermont,Boston University,261,104,50,65,,Am. East,Am. East,,,,,,
240450270,2004-02-14,15:00,2004,regular,,final,Milwaukee,Cleveland State,270,325,52,51,,Horizon,Horizon,,,,,,
240450277,2004-02-14,15:00,2004,regular,,final,West Virginia,Boston College,277,103,64,70,,Big East,Big East,,,,,,
240450290,2004-02-14,15:00,2004,regular,,final,Georgia Southern,Wofford,290,2747,68,39,,Southern,Southern,,,,,,
240452306,2004-02-14,15:00,2004,regular,,final,Kansas State,Nebraska,2306,158,89,69,,Big 12,Big 12,,,,,,
240452534,2004-02-14,15:00,2004,regular,,final,Sam Houston,UTSA,2534,2636,38,54,,WAC,C-USA,,,,,,
240452567,2004-02-14,15:00,2004,regular,,final,SMU,Hawai'i,2567,62,74,65,,WAC,WAC,,,,,,
240452653,2004-02-14,15:00,2004,regular,,final,Troy,UCF,2653,2116,66,70,,ASUN,ASUN,,,,,,
240450079,2004-02-14,15:05,2004,regular,,final,Southern Illinois,Illinois State,79,2287,63,85,,MVC,MVC,,,,,,
240452674,2004-02-14,15:05,2004,regular,,final,Valparaiso,Kansas City,2674,140,50,48,,MVC,,,,,,,
240452166,2004-02-14,15:30,2004,regular,,final,Davidson,Elon,2166,2210,53,55,,Southern,Southern,,,,,,
240450068,2004-02-14,16:00,2004,regular,,final,Boise State,Fresno State,68,278,75,77,,WAC,WAC,,,,,,
240450167,2004-02-14,16:00,2004,regular,,final,New Mexico,Air Force,167,2005,79,31,,Mountain West,Mountain West,,,,,,
240452010,2004-02-14,16:00,2004,regular,,final,Alabama A&M,Alabama State,2010,2011,61,66,,SWAC,SWAC,,,,,,
240452097,2004-02-14,16:00,2004,regular,,final,Campbell,Lipscomb,2097,288,53,74,,ASUN,ASUN,,,,,,
240452545,2004-02-14,16:00,2004,regular,,final,SE Louisiana,Nicholls,2545,2447,80,64,,,,,,,,,
240452612,2004-02-14,16:00,2004,regular,,final,Saint Peter's,Marist,2612,2368,51,54,,MAAC,MAAC,,,,,,
240452717,2004-02-14,16:00,2004,regular,,final,Western Carolina,UNC Greensboro,2717,2430,66,44,,Southern,Southern,,,,,,
240452739,2004-02-14,16:00,2004,regular,,final,Green Bay,Purdue Fort Wayne,2739,2870,77,54,,Horizon,,,,,,,
240450161,2004-02-14,16:30,2004,regular,,final,Fairleigh Dickinson,Mount St. Mary's,161,116,79,61,,NEC,NEC,,,,,,
240450218,2004-02-14,16:30,2004,regular,,final,Temple,St. Bonaventure,218,179,68,36,,A 10,A 10,,,,,,
240452649,2004-02-14,16:30,2004,regular,,final,Toledo,Marshall,2649,276,56,61,,MAC,MAC,,,,,,
240450024,2004-02-14,17:00,2004,regular,,final,Stanford,California,24,25,61,53,,Pac-12,Pac-12,,,,,,
240450026,2004-02-14,17:00,2004,regular,,final,UCLA,Arizona State,26,9,73,64,,Pac-12,Pac-12,,,,,,
240450201,2004-02-14,17:00,2004,regular,,final,Oklahoma,Kansas,201,2305,83,59,,Big 12,Big 12,,,,,,
240450250,2004-02-14,17:00,2004,regular,,final,UT Arlington,Stephen F. Austin,250,2617,68,45,,WAC,WAC,,,,,,
240450254,2004-02-14,17:00,2004,regular,,final,Utah,Wyoming,254,2751,59,45,,Mountain West,Mountain West,,,,,,
240450326,2004-02-14,17:00,2004,regular,,final,Texas State,UL Monroe,326,2433,70,62,,Sun Belt,Sun Belt,,,,,,
240452016,2004-02-14,17:00,2004,regular,,final,Alcorn State,Mississippi Valley State,2016,2400,68,56,,SWAC,SWAC,,,,,,
240452483,2004-02-14,17:00,2004,regular,,final,Oregon,Washington,2483,264,56,67,,Pac-12,Pac-12,,,,,,
240452113,2004-02-14,17:30,2004,regular,,final,Centenary,Southern Utah,2113,253,75,62,,,WAC,,,,,,
240452154,2004-02-14,17:30,2004,regular,,final,Coppin State,Delaware State,2154,2169,50,47,,MEAC,MEAC,,,,,,
240452198,2004-02-14,17:30,2004,regular,,final,Eastern Kentucky,Jacksonville State,2198,55,85,80,,ASUN,ASUN,,,,,,
240452413,2004-02-14,17:30,2004,regular,,final,Morehead State,Samford,2413,2535,55,65,,,Southern,,,,,,
240452415,2004-02-14,17:30,2004,regular,,final,Morgan State,Howard,2415,47,52,42,,MEAC,MEAC,,,,,,
240452443,2004-02-14,17:30,2004,regular,,final,New Orleans,Louisiana,2443,309,51,61,,Sun Belt,Sun Belt,,,,,,
240450153,2004-02-14,18:00,2004,regular,,final,North Carolina,Duke,153,150,79,89,,ACC,ACC,,,,,,
240450252,2004-02-14,18:00,2004,regular,,final,BYU,Colorado State,252,36,64,72,,Mountain West,Mountain West,,,,,,
240452241,2004-02-14,18:00,2004,regular,,final,Gardner-Webb,Belmont,2241,2057,61,77,,ASUN,ASUN,,,,,,
240452335,2004-02-14,18:00,2004,regular,,final,Liberty,Coastal Carolina,2335,324,75,58,,Big South,Big South,,,,,,
240452634,2004-02-14,18:00,2004,regular,,final,Tennessee State,Southeast Missouri State,2634,2546,58,87,,,,,,,,,
240452377,2004-02-14,18:15,2004,regular,,final,McNeese,Lamar,2377,2320,63,52,,,,,,,,,
240452046,2004-02-14,18:30,2004,regular,,final,Austin Peay,Murray State,2046,93,80,70,,ASUN,MVC,,,,,,
240452504,2004-02-14,18:30,2004,regular,,final,Prairie View A&M,Jackson State,2504,2296,47,52,,SWAC,SWAC,,,,,,
240452582,2004-02-14,18:30,2004,regular,,final,Southern,Arkansas-Pine Bluff,2582,2029,80,64,,SWAC,SWAC,,,,,,
240452635,2004-02-14,18:30,2004,regular,,final,Tennessee Tech,UT Martin,2635,2630,70,60,,,,,,,,,
240452640,2004-02-14,18:30,2004,regular,,final,Texas Southern,Grambling,2640,2755,67,57,,SWAC,SWAC,,,,,,
240450043,2004-02-14,19:00,2004,regular,,final,Yale,Harvard,43,108,62,59,,Ivy,Ivy,,,,,,
240450087,2004-02-14,19:00,2004,regular,,final,Notre Dame,Providence,87,2507,81,51,,Big East,Big East,,,,,,
240450163,2004-02-14,19:00,2004,regular,,final,Princeton,Columbia,163,171,56,60,,Ivy,Ivy,,,,,,
240450164,2004-02-14,19:00,2004,regular,,final,Rutgers,UConn,164,41,43,66,,Big East,Big East,,,,,,
240450197,2004-02-14,19:00,2004,regular,,final,Oklahoma State,Missouri,197,142,46,71,,Big 12,Big 12,,,,,,
240450219,2004-02-14,19:00,2004,regular,,final,Pennsylvania,Cornell,219,172,72,62,,Ivy,Ivy,,,,,,
240450225,2004-02-14,19:00,2004,regular,,final,Brown,Dartmouth,225,159,78,68,,Ivy,Ivy,,,,,,
240450311,2004-02-14,19:00,2004,regular,,final,Maine,Albany,311,399,69,44,,Am. East,Am. East,,,,,,
240452272,2004-02-14,19:00,2004,regular,,final,High Point,Birmingham-Southern,2272,3,68,53,,Big South,Big South,,,,,,
240452378,2004-02-14,19:00,2004,regular,,final,UMBC,Northeastern,2378,111,61,51,,Am. East,Am. East,,,,,,
240452515,2004-02-14,19:00,2004,regular,,final,Radford,Charleston Southern,2515,2127,77,55,,Big South,Big South,,,,,,
240452348,2004-02-14,19:30,2004,regular,,final,Louisiana Tech,San José State,2348,23,82,51,,WAC,WAC,,,,,,
240450021,2004-02-14,20:00,2004,regular,,final,San Diego State,UNLV,21,2439,56,65,,Mountain West,Mountain West,,,,,,
240450245,2004-02-14,20:00,2004,regular,,final,Texas A&M,Texas Tech,245,2641,58,59,,Big 12,Big 12,,,,,,
240450249,2004-02-14,20:00,2004,regular,,final,North Texas,Western Kentucky,249,98,60,65,,Sun Belt,Sun Belt,,,,,,
240452247,2004-02-14,20:00,2004,regular,,final,Georgia State,Jacksonville,2247,294,75,55,,ASUN,ASUN,,,,,,
240450071,2004-02-14,20:05,2004,regular,,final,Bradley,Northern Iowa,71,2460,76,70,,MVC,MVC,,,,,,
240452459,2004-02-14,20:05,2004,regular,,final,Northern Illinois,Eastern Michigan,2459,2199,56,63,,MAC,MAC,,,,,,
240450038,2004-02-14,21:00,2004,regular,,final,Colorado,Texas,38,251,45,51,,Big 12,Big 12,,,,,,
240450066,2004-02-14,21:00,2004,regular,,final,Iowa State,Baylor,66,239,81,72,,Big 12,Big 12,,,,,,
240450328,2004-02-14,21:00,2004,regular,,final,Utah State,Pacific,328,279,52,67,,Big West,Big West,,,,,,
240450147,2004-02-14,21:05,2004,regular,,final,Montana State,Weber State,147,2692,56,70,,Big Sky,Big Sky,,,,,,
240450166,2004-02-14,21:05,2004,regular,,final,New Mexico State,South Alabama,166,6,47,55,,Sun Belt,Sun Belt,,,,,,
240452464,2004-02-14,21:05,2004,regular,,final,Northern Arizona,Eastern Washington,2464,331,73,60,,Big Sky,Big Sky,,,,,,
240452638,2004-02-14,21:05,2004,regular,,final,UTEP,Nevada,2638,2440,76,43,,WAC,WAC,,,,,,
240450149,2004-02-14,21:35,2004,regular,,final,Montana,Idaho State,149,304,76,57,,Big Sky,Big Sky,,,,,,
240450013,2004-02-14,22:00,2004,regular,,final,Cal Poly,UC Santa Barbara,13,2540,42,64,,Big West,Big West,,,,,,
240450070,2004-02-14,22:00,2004,regular,,final,Idaho,Cal State Northridge,70,2463,58,49,,Big West,Big West,,,,,,
240450204,2004-02-14,22:00,2004,regular,,final,Oregon State,Washington State,204,265,65,55,,Pac-12,Pac-12,,,,,,
240450300,2004-02-14,22:00,2004,regular,,final,UC Irvine,UC Riverside,300,27,56,55,,Big West,Big West,,,,,,
240450301,2004-02-14,22:00,2004,regular,,final,San Diego,Loyola Marymount,301,2351,48,52,,WCC,WCC,,,,,,
240452501,2004-02-14,22:00,2004,regular,,final,Portland,Saint Mary's,2501,2608,76,57,,WCC,WCC,,,,,,
240452541,2004-02-14,22:00,2004,regular,,final,Santa Clara,Pepperdine,2541,2492,53,73,,WCC,WCC,,,,,,
240450016,2004-02-14,22:05,2004,regular,,final,Sacramento State,Portland State,16,2502,51,66,,Big Sky,Big Sky,,,,,,
240450299,2004-02-14,22:30,2004,regular,,final,Long Beach State,Cal State Fullerton,299,2239,74,43,,Big West,Big West,,,,,,
240460045,2004-02-15,12:00,2004,regular,,final,George Washington,Dayton,45,2168,80,62,,A 10,A 10,,,,,,
240460127,2004-02-15,13:00,2004,regular,,final,Michigan State,Ohio State,127,194,53,72,,Big Ten,Big Ten,,,,,,
240460258,2004-02-15,13:00,2004,regular,,final,Virginia,NC State,258,152,67,72,,ACC,ACC,,,,,,
240462363,2004-02-15,13:00,2004,regular,,final,Manhattan,Loyola Maryland,2363,2352,59,60,,MAAC,MAAC,,,,,,
240460059,2004-02-15,14:00,2004,regular,,final,Georgia Tech,Maryland,59,120,58,57,,ACC,ACC,,,,,,
240460084,2004-02-15,14:00,2004,regular,,final,Indiana,Iowa,84,2294,69,78,,Big Ten,Big Ten,,,,,,
240460096,2004-02-15,14:00,2004,regular,,final,Kentucky,Mississippi State,96,344,41,54,,SEC,SEC,,,,,,
240460113,2004-02-15,14:00,2004,regular,,final,UMass,Saint Joseph's,113,2603,40,52,,A 10,A 10,,,,,,
240460151,2004-02-15,14:00,2004,regular,,final,East Carolina,Houston,151,248,65,73,,C-USA,C-USA,,,,,,
240460193,2004-02-15,14:00,2004,regular,,final,Miami (OH),Western Michigan,193,2711,68,65,,MAC,MAC,,,,,,
240460213,2004-02-15,14:00,2004,regular,,final,Penn State,Michigan,213,130,73,44,,Big Ten,Big Ten,,,,,,
240460256,2004-02-15,14:00,2004,regular,,final,James Madison,Drexel,256,2182,60,56,,CAA,CAA,,,,,,
240460257,2004-02-15,14:00,2004,regular,,final,Richmond,Xavier,257,2752,74,45,,A 10,A 10,,,,,,
240460350,2004-02-15,14:00,2004,regular,,final,UNC Wilmington,Old Dominion,350,295,59,68,,CAA,CAA,,,,,,
240462184,2004-02-15,14:00,2004,regular,,final,Duquesne,La Salle,2184,2325,74,69,,A 10,A 10,,,,,,
240462244,2004-02-15,14:00,2004,regular,,final,George Mason,William & Mary,2244,2729,70,43,,CAA,CAA,,,,,,
240462275,2004-02-15,14:00,2004,regular,,final,Hofstra,Delaware,2275,48,41,67,,CAA,CAA,,,,,,
240460061,2004-02-15,14:30,2004,regular,,final,Georgia,Ole Miss,61,145,79,62,,SEC,SEC,,,,,,
240460002,2004-02-15,15:00,2004,regular,,final,Auburn,South Carolina,2,2579,69,58,,SEC,SEC,,,,,,
240460030,2004-02-15,15:00,2004,regular,,final,USC,Arizona,30,12,68,66,,Pac-12,Pac-12,,,,,,
240460057,2004-02-15,15:00,2004,regular,,final,Florida,LSU,57,99,72,91,,SEC,SEC,,,,,,
240460058,2004-02-15,15:00,2004,regular,,final,South Florida,UAB,58,5,72,51,,C-USA,C-USA,,,,,,
240460077,2004-02-15,15:00,2004,regular,,final,Northwestern,Purdue,77,2509,45,80,,Big Ten,Big Ten,,,,,,
240460119,2004-02-15,15:00,2004,regular,,final,Towson,VCU,119,2670,61,72,,CAA,CAA,,,,,,
240460269,2004-02-15,15:00,2004,regular,,final,Marquette,Saint Louis,269,139,73,50,,C-USA,C-USA,,,,,,
240460305,2004-02-15,15:00,2004,regular,,final,DePaul,Memphis,305,235,87,78,,C-USA,C-USA,,,,,,
240460333,2004-02-15,15:00,2004,regular,,final,Alabama,Arkansas,333,8,68,65,,SEC,SEC,,,,,,
240460339,2004-02-15,15:00,2004,regular,,final,Evansville,Indiana State,339,282,81,89,,MVC,MVC,,,,,,
240460356,2004-02-15,15:00,2004,regular,,final,Illinois,Minnesota,356,135,54,63,,Big Ten,Big Ten,,,,,,
240462172,2004-02-15,15:00,2004,regular,,final,Denver,Middle Tennessee,2172,2393,56,68,,Sun Belt,Sun Belt,,,,,,
240462429,2004-02-15,15:00,2004,regular,,final,Charlotte,TCU,2429,2628,91,100,,C-USA,C-USA,,,,,,
240462655,2004-02-15,15:00,2004,regular,,final,Tulane,Cincinnati,2655,2132,61,50,,C-USA,C-USA,,,,,,
240462032,2004-02-15,15:05,2004,regular,,final,Arkansas State,Texas A&M-Corpus Christi,2032,357,81,68,,Sun Belt,,,,,,,
240462181,2004-02-15,15:05,2004,regular,,final,Drake,Wichita State,2181,2724,70,47,,MVC,MVC,,,,,,
240462572,2004-02-15,15:30,2004,regular,,final,Southern Miss,Louisville,2572,97,58,67,,C-USA,C-USA,,,,,,
240460238,2004-02-15,17:00,2004,regular,,final,Vanderbilt,Tennessee,238,2633,88,94,,SEC,SEC,,,,,,
240460156,2004-02-15,17:05,2004,regular,,final,Creighton,Missouri State,156,2623,65,71,,MVC,MVC,,,,,,
240462250,2004-02-15,21:00,2004,regular,,final,Gonzaga,San Francisco,2250,2539,53,59,,WCC,WCC,,,,,,
240470236,2004-02-16,17:15,2004,regular,,final,Chattanooga,Appalachian State,236,2026,71,64,,Southern,Southern,,,,,,
240472154,2004-02-16,17:30,2004,regular,,final,Coppin State,Howard,2154,47,57,61,,MEAC,MEAC,,,,,,
240472379,2004-02-16,17:30,2004,regular,,final,Maryland-Eastern Shore,South Carolina State,2379,2569,94,51,,MEAC,MEAC,,,,,,
240472415,2004-02-16,17:30,2004,regular,,final,Morgan State,Delaware State,2415,2169,37,55,,MEAC,MEAC,,,,,,
240470292,2004-02-16,18:00,2004,regular,,final,UT Rio Grande Valley,Louisiana,292,309,56,38,,,Sun Belt,,,,,,
240472261,2004-02-16,18:00,2004,regular,,final,Hampton,Bethune-Cookman,2261,2065,72,59,,MEAC,MEAC,,,,,,
240472450,2004-02-16,18:00,2004,regular,,final,Norfolk State,Florida A&M,2450,50,56,76,,MEAC,MEAC,,,,,,
240472217,2004-02-16,18:15,2004,regular,,final,Fairfield,Niagara,2217,315,80,68,,MAAC,MAAC,,,,,,
240472016,2004-02-16,18:30,2004,regular,,final,Alcorn State,Arkansas-Pine Bluff,2016,2029,77,58,,SWAC,SWAC,,,,,,
240472504,2004-02-16,18:30,2004,regular,,final,Prairie View A&M,Grambling,2504,2755,57,71,,SWAC,SWAC,,,,,,
240472582,2004-02-16,18:30,2004,regular,,final,Southern,Mississippi Valley State,2582,2400,60,58,,SWAC,SWAC,,,,,,
240472640,2004-02-16,18:30,2004,regular,,final,Texas Southern,Jackson State,2640,2296,56,63,,SWAC,SWAC,,,,,,
240470052,2004-02-16,19:00,2004,regular,,final,Florida State,Wake Forest,52,154,67,54,,ACC,ACC,,,,,,
240470195,2004-02-16,19:00,2004,regular,,final,Ohio,Akron,195,2006,69,54,,MAC,MAC,,,,,,
240470227,2004-02-16,19:00,2004,regular,,final,Rhode Island,Fordham,227,2230,50,48,,A 10,A 10,,,,,,
240470232,2004-02-16,19:00,2004,regular,,final,Charleston,Wofford,232,2747,58,51,,Southern,Southern,,,,,,
240470290,2004-02-16,19:00,2004,regular,,final,Georgia Southern,Furman,290,231,46,65,,Southern,Southern,,,,,,
240472011,2004-02-16,19:00,2004,regular,,final,Alabama State,Savannah State,2011,2542,67,51,,SWAC,,,,,,,
240472115,2004-02-16,19:00,2004,regular,,final,Central Connecticut,St. Francis (PA),2115,2598,56,71,,NEC,NEC,,,,,,
240472309,2004-02-16,19:00,2004,regular,,final,Kent State,Marshall,2309,276,64,50,,MAC,MAC,,,,,,
240472335,2004-02-16,19:00,2004,regular,,final,Liberty,Charleston Southern,2335,2127,70,42,,Big South,Big South,,,,,,
240472405,2004-02-16,19:00,2004,regular,,final,Monmouth,Mount St. Mary's,2405,116,54,81,,NEC,NEC,,,,,,
240472473,2004-02-16,19:00,2004,regular,,final,Oakland,Centenary,2473,2113,75,60,,Horizon,,,,,,,
240472515,2004-02-16,19:00,2004,regular,,final,Radford,Coastal Carolina,2515,324,72,55,,Big South,Big South,,,,,,
240472681,2004-02-16,19:00,2004,regular,,final,Wagner,LIU Brooklyn,2681,2341,66,69,,NEC,NEC,,,,,,
240472737,2004-02-16,19:00,2004,regular,,final,Winthrop,Birmingham-Southern,2737,3,62,61,,Big South,Big South,,,,,,
240470314,2004-02-16,19:30,2004,regular,,final,Iona,Canisius,314,2099,95,80,,MAAC,MAAC,,,,,,
240472130,2004-02-16,20:00,2004,regular,,final,Chicago State,Southern Utah,2130,253,68,65,,,WAC,,,,,,
240472653,2004-02-16,20:00,2004,regular,,final,Troy,Florida Atlantic,2653,2226,69,82,,ASUN,ASUN,,,,,,
240472710,2004-02-16,20:00,2004,regular,,final,Western Illinois,Kansas City,2710,140,79,58,,,,,,,,,
240472674,2004-02-16,20:05,2004,regular,,final,Valparaiso,Oral Roberts,2674,198,65,47,,MVC,,,,,,,
240482717,2004-02-17,13:00,2004,regular,,final,Western Carolina,Elon,2717,2210,45,57,,Southern,Southern,,,,,,
240482630,2004-02-17,18:30,2004,regular,,final,UT Martin,Murray State,2630,93,70,71,,,MVC,,,,,,
240480041,2004-02-17,19:00,2004,regular,,final,UConn,Pittsburgh,41,221,97,42,,Big East,Big East,,,,,,AT HARTFORD CT
240480042,2004-02-17,19:00,2004,regular,,final,Hartford,Vermont,42,261,50,43,,Am. East,Am. East,,,,,,
240482166,2004-02-17,19:00,2004,regular,,final,Davidson,UNC Greensboro,2166,2430,59,45,,Southern,Southern,,,,,,
240482352,2004-02-17,19:00,2004,regular,,final,Loyola Maryland,Marist,2352,2368,58,61,,MAAC,MAAC,,,,,,
240482363,2004-02-17,19:00,2004,regular,,final,Manhattan,Saint Peter's,2363,2612,58,46,,MAAC,MAAC,,,,,,
240482529,2004-02-17,19:00,2004,regular,,final,Sacred Heart,Robert Morris,2529,2523,66,55,,NEC,NEC,,,,,,
240482599,2004-02-17,19:00,2004,regular,,final,St. John's,Notre Dame,2599,87,59,69,,Big East,Big East,,,,,,
240480222,2004-02-17,19:30,2004,regular,,final,Villanova,West Virginia,222,277,74,67,,Big East,Big East,,,,,,
240480142,2004-02-17,20:00,2004,regular,,final,Missouri,Texas Tech,142,2641,68,73,,Big 12,Big 12,,,,,,
240482305,2004-02-17,20:00,2004,regular,,final,Kansas,Iowa State,2305,66,58,73,,Big 12,Big 12,,,,,,
240492377,2004-02-18,18:15,2004,regular,,final,McNeese,Stephen F. Austin,2377,2617,68,61,,,WAC,,,,,,
240492545,2004-02-18,18:30,2004,regular,,final,SE Louisiana,Northwestern State,2545,2466,66,70,,,,,,,,,
240490104,2004-02-18,19:00,2004,regular,,final,Boston University,Maine,104,311,64,67,,Am. East,Am. East,,,,,,
240490111,2004-02-18,19:00,2004,regular,,final,Northeastern,Binghamton,111,2066,60,62,,Am. East,Am. East,,,,,,
240490161,2004-02-18,19:00,2004,regular,,final,Fairleigh Dickinson,St. Francis Brooklyn,161,2597,71,55,,NEC,NEC,,,,,,
240490183,2004-02-18,19:00,2004,regular,,final,Syracuse,Miami,183,2390,65,85,,Big East,Big East,,,,,,
240490189,2004-02-18,19:00,2004,regular,,final,Bowling Green,Northern Illinois,189,2459,97,102,,MAC,MAC,,,,,,
240490195,2004-02-18,19:00,2004,regular,,final,Ohio,Miami (OH),195,193,74,82,,MAC,MAC,,,,,,
240492006,2004-02-18,19:00,2004,regular,,final,Akron,Central Michigan,2006,2117,65,70,,MAC,MAC,,,,,,
240492084,2004-02-18,19:00,2004,regular,,final,Buffalo,Eastern Michigan,2084,2199,62,80,,MAC,MAC,,,,,,
240492272,2004-02-18,19:00,2004,regular,,final,High Point,UNC Asheville,2272,2427,58,52,,Big South,Big South,,,,,,
240492550,2004-02-18,19:00,2004,regular,,final,Seton Hall,Virginia Tech,2550,259,42,48,,Big East,Big East,,,,,,
240492619,2004-02-18,19:00,2004,regular,,final,Stony Brook,Albany,2619,399,73,80,,Am. East,Am. East,,,,,,
240492636,2004-02-18,19:00,2004,regular,,final,UTSA,UT Arlington,2636,250,55,43,,C-USA,WAC,,,,,,
240492649,2004-02-18,19:00,2004,regular,,final,Toledo,Western Michigan,2649,2711,70,59,,MAC,MAC,,,,,,
240490164,2004-02-18,19:30,2004,regular,,final,Rutgers,Providence,164,2507,81,45,,Big East,Big East,,,,,,
240490201,2004-02-18,20:00,2004,regular,,final,Oklahoma,Colorado,201,38,78,58,,Big 12,Big 12,,,,,,
240490239,2004-02-18,20:00,2004,regular,,final,Baylor,Oklahoma State,239,197,76,61,,Big 12,Big 12,,,,,,
240490245,2004-02-18,20:00,2004,regular,,final,Texas A&M,Kansas State,245,2306,56,59,,Big 12,Big 12,,,,,,
240500294,2004-02-19,16:30,2004,regular,,final,Jacksonville,Troy,294,2653,56,52,,ASUN,ASUN,,,,,,
240502405,2004-02-19,17:30,2004,regular,,final,Monmouth,LIU Brooklyn,2405,2341,53,48,,NEC,NEC,,,,,,
240500055,2004-02-19,18:00,2004,regular,,final,Jacksonville State,Tennessee Tech,55,2635,55,79,,ASUN,,,,,,,
240500292,2004-02-19,18:00,2004,regular,,final,UT Rio Grande Valley,Purdue Fort Wayne,292,2870,80,55,,,,,,,,,
240502546,2004-02-19,18:00,2004,regular,,final,Southeast Missouri State,Eastern Kentucky,2546,2198,88,78,,,ASUN,,,,,,
240500093,2004-02-19,18:15,2004,regular,,final,Murray State,Tennessee State,93,2634,71,43,,MVC,,,,,,,
240502197,2004-02-19,18:15,2004,regular,,final,Eastern Illinois,Morehead State,2197,2413,76,80,,,,,,,,,
240502447,2004-02-19,18:15,2004,regular,,final,Nicholls,Lamar,2447,2320,87,70,,,,,,,,,
240502534,2004-02-19,18:15,2004,regular,,final,Sam Houston,Texas State,2534,326,53,60,,WAC,Sun Belt,,,,,,
240502057,2004-02-19,18:30,2004,regular,,final,Belmont,Mercer,2057,2382,72,57,,ASUN,ASUN,,,,,,
240500084,2004-02-19,19:00,2004,regular,,final,Indiana,Michigan,84,130,65,52,,Big Ten,Big Ten,,,,,,
240500150,2004-02-19,19:00,2004,regular,,final,Duke,Virginia,150,258,87,54,,ACC,ACC,,,,,,
240500152,2004-02-19,19:00,2004,regular,,final,NC State,Florida State,152,52,65,55,,ACC,ACC,,,,,,
240500153,2004-02-19,19:00,2004,regular,,final,North Carolina,Maryland,153,120,79,64,,ACC,ACC,,,,,,
240500160,2004-02-19,19:00,2004,regular,,final,New Hampshire,UMBC,160,2378,47,48,,Am. East,Am. East,,,,,,
240500179,2004-02-19,19:00,2004,regular,,final,St. Bonaventure,UMass,179,113,82,76,,A 10,A 10,,,,,,
240500194,2004-02-19,19:00,2004,regular,,final,Ohio State,Northwestern,194,77,57,46,,Big Ten,Big Ten,,,,,,AT ST JOHN ARENA
240500218,2004-02-19,19:00,2004,regular,,final,Temple,Saint Joseph's,218,2603,58,56,,A 10,A 10,,,,,,
240500228,2004-02-19,19:00,2004,regular,,final,Clemson,Georgia Tech,228,59,59,47,,ACC,ACC,,,,,,
240500325,2004-02-19,19:00,2004,regular,,final,Cleveland State,Green Bay,325,2739,56,66,,Horizon,Horizon,,,,,,
240502116,2004-02-19,19:00,2004,regular,,final,UCF,Campbell,2116,2097,68,63,,ASUN,ASUN,,,,,,
240502168,2004-02-19,19:00,2004,regular,,final,Dayton,Duquesne,2168,2184,58,74,,A 10,A 10,,,,,,
240502174,2004-02-19,19:00,2004,regular,,final,Detroit Mercy,Wright State,2174,2750,78,65,,Horizon,Horizon,,,,,,
240502226,2004-02-19,19:00,2004,regular,,final,Florida Atlantic,Gardner-Webb,2226,2241,72,53,,ASUN,ASUN,,,,,,
240502230,2004-02-19,19:00,2004,regular,,final,Fordham,Richmond,2230,257,39,66,,A 10,A 10,,,,,,
240502325,2004-02-19,19:00,2004,regular,,final,La Salle,Xavier,2325,2752,66,63,,A 10,A 10,,,,,,
240502509,2004-02-19,19:00,2004,regular,,final,Purdue,Illinois,2509,356,65,49,,Big Ten,Big Ten,,,,,,
240502514,2004-02-19,19:00,2004,regular,,final,Quinnipiac,Central Connecticut,2514,2115,70,62,,NEC,NEC,,,,,,
240502633,2004-02-19,19:00,2004,regular,,final,Tennessee,Florida,2633,57,88,79,,SEC,SEC,,,,,,
240500006,2004-02-19,20:00,2004,regular,,final,South Alabama,New Orleans,6,2443,60,54,,Sun Belt,Sun Belt,,,,,,
240500008,2004-02-19,20:00,2004,regular,,final,Arkansas,Kentucky,8,96,69,58,,SEC,SEC,,,,,,
240500082,2004-02-19,20:00,2004,regular,,final,UIC,Milwaukee,82,270,64,73,,Horizon,Horizon,,,,,,
240500098,2004-02-19,20:00,2004,regular,,final,Western Kentucky,Little Rock,98,2031,82,62,,Sun Belt,Sun Belt,,,,,,
240500099,2004-02-19,20:00,2004,regular,,final,LSU,Vanderbilt,99,238,55,61,,SEC,SEC,,,,,,
240500213,2004-02-19,20:00,2004,regular,,final,Penn State,Wisconsin,213,275,66,50,,Big Ten,Big Ten,,,,,,
240500249,2004-02-19,20:00,2004,regular,,final,North Texas,Denver,249,2172,58,67,,Sun Belt,Sun Belt,,,,,,
240500288,2004-02-19,20:00,2004,regular,,final,Lipscomb,Georgia State,288,2247,56,39,,ASUN,ASUN,,,,,,
240500309,2004-02-19,20:00,2004,regular,,final,Louisiana,New Mexico State,309,166,67,51,,Sun Belt,Sun Belt,,,,,,
240500344,2004-02-19,20:00,2004,regular,,final,Mississippi State,South Carolina,344,2579,72,62,,SEC,SEC,,,,,,
240502350,2004-02-19,20:00,2004,regular,,final,Loyola Chicago,Butler,2350,2086,88,85,,Horizon,Horizon,,,,,,
240502393,2004-02-19,20:00,2004,regular,,final,Middle Tennessee,Arkansas State,2393,2032,70,47,,Sun Belt,Sun Belt,,,,,,
240502535,2004-02-19,20:00,2004,regular,,final,Samford,Austin Peay,2535,2046,61,66,,Southern,ASUN,,,,,,
240502724,2004-02-19,20:00,2004,regular,,final,Wichita State,Southern Illinois,2724,79,70,57,,MVC,MVC,,,,,,
240502294,2004-02-19,20:05,2004,regular,,final,Iowa,Minnesota,2294,135,81,61,,Big Ten,Big Ten,,,,,,
240502623,2004-02-19,20:05,2004,regular,,final,Missouri State,Evansville,2623,339,84,47,,MVC,MVC,,,,,,
240500009,2004-02-19,20:30,2004,regular,,final,Arizona State,Oregon,9,2483,65,40,,Pac-12,Pac-12,,,,,,
240500012,2004-02-19,21:00,2004,regular,,final,Arizona,Oregon State,12,204,77,54,,Pac-12,Pac-12,,,,,,
240500036,2004-02-19,21:00,2004,regular,,final,Colorado State,San Diego State,36,21,65,56,,Mountain West,Mountain West,,,,,,
240500167,2004-02-19,21:00,2004,regular,,final,New Mexico,Utah,167,254,49,46,,Mountain West,Mountain West,,,,,,
240502005,2004-02-19,21:00,2004,regular,,final,Air Force,BYU,2005,252,60,75,,Mountain West,Mountain West,,,,,,
240502751,2004-02-19,21:00,2004,regular,,final,Wyoming,UNLV,2751,2439,55,66,,Mountain West,Mountain West,,,,,,
240500304,2004-02-19,21:05,2004,regular,,final,Idaho State,Northern Arizona,304,2464,68,64,,Big Sky,Big Sky,,,,,,
240502692,2004-02-19,21:05,2004,regular,,final,Weber State,Sacramento State,2692,16,78,47,,Big Sky,Big Sky,,,,,,
240500023,2004-02-19,22:00,2004,regular,,final,San José State,UTEP,23,2638,44,51,,WAC,WAC,,,,,,
240500024,2004-02-19,22:00,2004,regular,,final,Stanford,USC,24,30,75,57,,Pac-12,Pac-12,,,,,,
240500025,2004-02-19,22:00,2004,regular,,final,California,UCLA,25,26,69,97,,Pac-12,Pac-12,,,,,,
240500278,2004-02-19,22:00,2004,regular,,final,Fresno State,Tulsa,278,202,85,76,,WAC,WAC,,,,,,
240500279,2004-02-19,22:00,2004,regular,,final,Pacific,UC Santa Barbara,279,2540,41,65,,Big West,Big West,,,,,,
240502239,2004-02-19,22:00,2004,regular,,final,Cal State Fullerton,Idaho,2239,70,69,78,,Big West,Big West,,,,,,
240502440,2004-02-19,22:00,2004,regular,,final,Nevada,Rice,2440,242,54,61,,WAC,WAC,,,,,,
240502463,2004-02-19,22:00,2004,regular,,final,Cal State Northridge,Cal Poly,2463,13,67,46,,Big West,Big West,,,,,,
240502539,2004-02-19,22:00,2004,regular,,final,San Francisco,Saint Mary's,2539,2608,66,74,,WCC,WCC,,,,,,
240502541,2004-02-19,22:00,2004,regular,,final,Santa Clara,San Diego,2541,301,85,56,,WCC,WCC,,,,,,
240500027,2004-02-19,22:10,2004,regular,,final,UC Riverside,Utah State,27,328,66,56,,Big West,Big West,,,,,,
240500062,2004-02-20,00:00,2004,regular,,final,Hawai'i,Boise State,62,68,64,49,,WAC,WAC,,,,,,
240510044,2004-02-20,17:00,2004,regular,,final,American University,Holy Cross,44,107,81,65,,Patriot,Patriot,,,,,,
240512083,2004-02-20,17:30,2004,regular,,final,Bucknell,Lafayette,2083,322,81,63,,Patriot,Patriot,,,,,,
240512329,2004-02-20,17:30,2004,regular,,final,Lehigh,Army,2329,349,83,53,,Patriot,Patriot,,,,,,
240512426,2004-02-20,17:30,2004,regular,,final,Navy,Colgate,2426,2142,68,53,,Patriot,Patriot,,,,,,
240510108,2004-02-20,18:00,2004,regular,,final,Harvard,Columbia,108,171,85,44,,Ivy,Ivy,,,,,,
240510043,2004-02-20,19:00,2004,regular,,final,Yale,Princeton,43,163,59,56,,Ivy,Ivy,,,,,,
240510058,2004-02-20,19:00,2004,regular,,final,South Florida,Southern Miss,58,2572,70,38,,C-USA,C-USA,,,,,,
240510097,2004-02-20,19:00,2004,regular,,final,Louisville,Charlotte,97,2429,86,84,,C-USA,C-USA,,,,,,
240510159,2004-02-20,19:00,2004,regular,,final,Dartmouth,Cornell,159,172,70,51,,Ivy,Ivy,,,,,,
240510225,2004-02-20,19:00,2004,regular,,final,Brown,Pennsylvania,225,219,85,75,,Ivy,Ivy,,,,,,
240510227,2004-02-20,19:00,2004,regular,,final,Rhode Island,George Washington,227,45,56,60,,A 10,A 10,,,,,,
240510295,2004-02-20,19:00,2004,regular,,final,Old Dominion,Delaware,295,48,70,57,,CAA,CAA,,,,,,
240510315,2004-02-20,19:00,2004,regular,,final,Niagara,Loyola Maryland,315,2352,73,59,,MAAC,MAAC,,,,,,
240512099,2004-02-20,19:00,2004,regular,,final,Canisius,Rider,2099,2520,82,56,,MAAC,MAAC,,,,,,
240512132,2004-02-20,19:00,2004,regular,,final,Cincinnati,East Carolina,2132,151,78,72,,C-USA,C-USA,,,,,,
240512182,2004-02-20,19:00,2004,regular,,final,Drexel,Towson,2182,119,74,67,,CAA,CAA,,,,,,
240512244,2004-02-20,19:00,2004,regular,,final,George Mason,James Madison,2244,256,85,69,,CAA,CAA,,,,,,
240512368,2004-02-20,19:00,2004,regular,,final,Marist,Fairfield,2368,2217,79,66,,MAAC,MAAC,,,,,,
240512561,2004-02-20,19:00,2004,regular,,final,Siena,Manhattan,2561,2363,57,48,,MAAC,MAAC,,,,,,
240512670,2004-02-20,19:00,2004,regular,,final,VCU,Hofstra,2670,2275,83,73,,CAA,CAA,,,,,,
240512729,2004-02-20,19:00,2004,regular,,final,William & Mary,UNC Wilmington,2729,350,70,63,,CAA,CAA,,,,,,
240512612,2004-02-20,19:30,2004,regular,,final,Saint Peter's,Iona,2612,314,58,53,,MAAC,MAAC,,,,,,
240510005,2004-02-20,20:00,2004,regular,,final,UAB,Tulane,5,2655,80,74,,C-USA,C-USA,,,,,,
240510139,2004-02-20,20:00,2004,regular,,final,Saint Louis,Memphis,139,235,65,69,,C-USA,C-USA,,,,,,
240510248,2004-02-20,20:00,2004,regular,,final,Houston,DePaul,248,305,84,75,,C-USA,C-USA,,,,,,
240512628,2004-02-20,20:00,2004,regular,,final,TCU,Marquette,2628,269,56,47,,C-USA,C-USA,,,,,,
240510071,2004-02-20,20:05,2004,regular,,final,Bradley,Drake,71,2181,69,58,,MVC,MVC,,,,,,
240512460,2004-02-20,20:05,2004,regular,,final,Northern Iowa,Creighton,2460,156,56,69,,MVC,MVC,,,,,,
240510149,2004-02-20,21:35,2004,regular,,final,Montana,Montana State,149,147,88,52,,Big Sky,Big Sky,,,,,,
240520103,2004-02-21,12:00,2004,regular,,final,Boston College,UConn,103,41,60,81,,Big East,Big East,,,,,,
240522006,2004-02-21,12:00,2004,regular,,final,Akron,Buffalo,2006,2084,54,61,,MAC,MAC,,,,,,
240522711,2004-02-21,12:00,2004,regular,,final,Western Michigan,Ohio,2711,195,72,74,,MAC,MAC,,,,,,
240520104,2004-02-21,13:00,2004,regular,,final,Boston University,Northeastern,104,111,71,68,,Am. East,Am. East,,,,,,
240520189,2004-02-21,13:00,2004,regular,,final,Bowling Green,Kent State,189,2309,62,71,,MAC,MAC,,,,,,
240522026,2004-02-21,13:00,2004,regular,,final,Appalachian State,Charleston,2026,232,88,69,,Southern,Southern,,,,,,
240522066,2004-02-21,13:00,2004,regular,,final,Binghamton,Stony Brook,2066,2619,71,64,,Am. East,Am. East,,,,,,
240522117,2004-02-21,13:00,2004,regular,,final,Central Michigan,Miami (OH),2117,193,77,81,,MAC,MAC,,,,,,
240522514,2004-02-21,13:00,2004,regular,,final,Quinnipiac,Wagner,2514,2681,54,49,,NEC,NEC,,,,,,
240522754,2004-02-21,13:00,2004,regular,,final,Youngstown State,Green Bay,2754,2739,64,69,,Horizon,Horizon,,,,,,
240522127,2004-02-21,13:30,2004,regular,,final,Charleston Southern,High Point,2127,2272,68,79,,Big South,Big South,,,,,,
240520066,2004-02-21,14:00,2004,regular,,final,Iowa State,Nebraska,66,158,77,66,,Big 12,Big 12,,,,,,
240520221,2004-02-21,14:00,2004,regular,,final,Pittsburgh,Notre Dame,221,87,68,72,,Big East,Big East,,,,,,
240520222,2004-02-21,14:00,2004,regular,,final,Villanova,St. John's,222,2599,72,58,,Big East,Big East,,,,,,
240522115,2004-02-21,14:00,2004,regular,,final,Central Connecticut,Sacred Heart,2115,2529,50,65,,NEC,NEC,,,,,,
240522116,2004-02-21,14:00,2004,regular,,final,UCF,Gardner-Webb,2116,2241,74,48,,ASUN,ASUN,,,,,,
240522169,2004-02-21,14:00,2004,regular,,final,Delaware State,Florida A&M,2169,50,62,54,,MEAC,MEAC,,,,,,
240522341,2004-02-21,14:00,2004,regular,,final,LIU Brooklyn,Fairleigh Dickinson,2341,161,42,66,,NEC,NEC,,,,,,
240522350,2004-02-21,14:00,2004,regular,,final,Loyola Chicago,Milwaukee,2350,270,79,62,,Horizon,Horizon,,,,,,
240522379,2004-02-21,14:00,2004,regular,,final,Maryland-Eastern Shore,Norfolk State,2379,2450,87,72,,MEAC,MEAC,,,,,,
240522724,2004-02-21,14:00,2004,regular,,final,Wichita State,Evansville,2724,339,63,55,,MVC,MVC,,,,,,
240520250,2004-02-21,14:30,2004,regular,,final,UT Arlington,Texas State,250,326,79,64,,WAC,Sun Belt,,,,,,
240520003,2004-02-21,15:00,2004,regular,,final,Birmingham-Southern,Liberty,3,2335,39,59,,Big South,Big South,,,,,,
240520046,2004-02-21,15:00,2004,regular,,final,Georgetown,Rutgers,46,164,66,71,,Big East,Big East,,,,,,
240520140,2004-02-21,15:00,2004,regular,,final,Kansas City,Chicago State,140,2130,63,49,,,,,,,,,
240520325,2004-02-21,15:00,2004,regular,,final,Cleveland State,Detroit Mercy,325,2174,54,58,,Horizon,Horizon,,,,,,
240520357,2004-02-21,15:00,2004,regular,,final,Texas A&M-Corpus Christi,Purdue Fort Wayne,357,2870,82,79,,,,,,,,,
240522057,2004-02-21,15:00,2004,regular,,final,Belmont,Georgia State,2057,2247,79,66,,ASUN,ASUN,,,,,,
240522393,2004-02-21,15:00,2004,regular,,final,Middle Tennessee,Little Rock,2393,2031,71,54,,Sun Belt,Sun Belt,,,,,,
240522430,2004-02-21,15:00,2004,regular,,final,UNC Greensboro,East Tennessee State,2430,2193,60,65,,Southern,Southern,,,,,,
240522466,2004-02-21,15:00,2004,regular,,final,Northwestern State,Sam Houston,2466,2534,65,84,,,WAC,,,,,,
240522567,2004-02-21,15:00,2004,regular,,final,SMU,Louisiana Tech,2567,2348,79,89,,WAC,WAC,,,,,,
240522747,2004-02-21,15:00,2004,regular,,final,Wofford,Davidson,2747,2166,51,65,,Southern,Southern,,,,,,
240520198,2004-02-21,15:05,2004,regular,,final,Oral Roberts,Oakland,198,2473,70,63,,,Horizon,,,,,,
240522197,2004-02-21,15:05,2004,regular,,final,Eastern Illinois,Eastern Kentucky,2197,2198,66,64,,,ASUN,,,,,,
240520009,2004-02-21,16:00,2004,regular,,final,Arizona State,Oregon State,9,204,73,60,,Pac-12,Pac-12,,,,,,
240520012,2004-02-21,16:00,2004,regular,,final,Arizona,Oregon,12,2483,84,58,,Pac-12,Pac-12,,,,,,
240520038,2004-02-21,16:00,2004,regular,,final,Colorado,Oklahoma State,38,197,72,57,,Big 12,Big 12,,,,,,
240520047,2004-02-21,16:00,2004,regular,,final,Howard,Bethune-Cookman,47,2065,76,74,,MEAC,MEAC,,,,,,
240522005,2004-02-21,16:00,2004,regular,,final,Air Force,Utah,2005,254,65,73,,Mountain West,Mountain West,,,,,,
240522390,2004-02-21,16:00,2004,regular,,final,Miami,Seton Hall,2390,2550,81,43,,Big East,Big East,,,,,,
240522545,2004-02-21,16:00,2004,regular,,final,SE Louisiana,Lamar,2545,2320,68,56,,,,,,,,,
240522569,2004-02-21,16:00,2004,regular,,final,South Carolina State,Morgan State,2569,2415,74,59,,MEAC,MEAC,,,,,,
240522717,2004-02-21,16:00,2004,regular,,final,Western Carolina,Furman,2717,231,66,58,,Southern,Southern,,,,,,
240522751,2004-02-21,16:00,2004,regular,,final,Wyoming,San Diego State,2751,21,71,46,,Mountain West,Mountain West,,,,,,
240520304,2004-02-21,16:05,2004,regular,,final,Idaho State,Sacramento State,304,16,78,48,,Big Sky,Big Sky,,,,,,
240520085,2004-02-21,16:30,2004,regular,,final,IUPUI,Centenary,85,2113,73,51,,Horizon,,,,,,,
240522210,2004-02-21,16:30,2004,regular,,final,Elon,Chattanooga,2210,236,42,58,,Southern,Southern,,,,,,
240522427,2004-02-21,16:30,2004,regular,,final,UNC Asheville,Radford,2427,2515,66,48,,Big South,Big South,,,,,,
240520024,2004-02-21,17:00,2004,regular,,final,Stanford,UCLA,24,26,63,54,,Pac-12,Pac-12,,,,,,
240520278,2004-02-21,17:00,2004,regular,,final,Fresno State,Rice,278,242,58,71,,WAC,WAC,,,,,,
240520399,2004-02-21,17:00,2004,regular,,final,Albany,Hartford,399,42,61,48,,Am. East,Am. East,,,,,,
240522440,2004-02-21,17:00,2004,regular,,final,Nevada,Tulsa,2440,202,66,79,,WAC,WAC,,,,,,
240522502,2004-02-21,17:00,2004,regular,,final,Portland State,Eastern Washington,2502,331,72,59,,Big Sky,Big Sky,,,,,,
240522535,2004-02-21,17:00,2004,regular,,final,Samford,Tennessee Tech,2535,2635,39,57,,Southern,,,,,,,
240522617,2004-02-21,17:00,2004,regular,,final,Stephen F. Austin,Nicholls,2617,2447,93,71,,WAC,,,,,,,
240522630,2004-02-21,17:00,2004,regular,,final,UT Martin,Tennessee State,2630,2634,73,48,,,,,,,,,
240520056,2004-02-21,17:15,2004,regular,,final,Stetson,Troy,56,2653,48,61,,ASUN,ASUN,,,,,,
240520290,2004-02-21,17:15,2004,regular,,final,Georgia Southern,Savannah State,290,2542,75,59,,Southern,,,,,,,
240522443,2004-02-21,17:30,2004,regular,,final,New Orleans,Florida International,2443,2229,52,48,,Sun Belt,Sun Belt,,,,,,
240522448,2004-02-21,17:30,2004,regular,,final,North Carolina A&T,Coppin State,2448,2154,32,52,,MEAC,MEAC,,,,,,
240520025,2004-02-21,18:00,2004,regular,,final,California,USC,25,30,68,59,,Pac-12,Pac-12,,,,,,
240520055,2004-02-21,18:00,2004,regular,,final,Jacksonville State,Austin Peay,55,2046,66,64,,ASUN,ASUN,,,,,,
240520108,2004-02-21,18:00,2004,regular,,final,Harvard,Cornell,108,172,68,55,,Ivy,Ivy,,,,,,
240520265,2004-02-21,18:00,2004,regular,,final,Washington State,Washington,265,264,64,82,,Pac-12,Pac-12,,,,,,
240522546,2004-02-21,18:00,2004,regular,,final,Southeast Missouri State,Morehead State,2546,2413,88,62,,,,,,,,,
240520082,2004-02-21,18:30,2004,regular,,final,UIC,Butler,82,2086,50,67,,Horizon,Horizon,,,,,,
240522010,2004-02-21,18:30,2004,regular,,final,Alabama A&M,Southern,2010,2582,61,64,,SWAC,SWAC,,,,,,
240522029,2004-02-21,18:30,2004,regular,,final,Arkansas-Pine Bluff,Prairie View A&M,2029,2504,57,65,,SWAC,SWAC,,,,,,
240522400,2004-02-21,18:30,2004,regular,,final,Mississippi Valley State,Texas Southern,2400,2640,67,70,,SWAC,SWAC,,,,,,
240522433,2004-02-21,18:30,2004,regular,,final,UL Monroe,McNeese,2433,2377,81,73,,Sun Belt,,,,,,,
240522755,2004-02-21,18:30,2004,regular,,final,Grambling,Jackson State,2755,2296,56,65,,SWAC,SWAC,,,,,,
240520043,2004-02-21,19:00,2004,regular,,final,Yale,Pennsylvania,43,219,56,76,,Ivy,Ivy,,,,,,
240520116,2004-02-21,19:00,2004,regular,,final,Mount St. Mary's,St. Francis (PA),116,2598,66,89,,NEC,NEC,,,,,,
240520159,2004-02-21,19:00,2004,regular,,final,Dartmouth,Columbia,159,171,81,68,,Ivy,Ivy,,,,,,
240520225,2004-02-21,19:00,2004,regular,,final,Brown,Princeton,225,163,59,39,,Ivy,Ivy,,,,,,
240520324,2004-02-21,19:00,2004,regular,,final,Coastal Carolina,Winthrop,324,2737,78,60,,Big South,Big South,,,,,,
240522011,2004-02-21,19:00,2004,regular,,final,Alabama State,Alcorn State,2011,2016,70,60,,SWAC,SWAC,,,,,,
240522199,2004-02-21,19:00,2004,regular,,final,Eastern Michigan,Ball State,2199,2050,84,74,,MAC,MAC,,,,,,
240522226,2004-02-21,19:00,2004,regular,,final,Florida Atlantic,Campbell,2226,2097,64,61,,ASUN,ASUN,,,,,,
240522405,2004-02-21,19:00,2004,regular,,final,Monmouth,St. Francis Brooklyn,2405,2597,69,49,,NEC,NEC,,,,,,
240520253,2004-02-21,19:15,2004,regular,,final,Southern Utah,Valparaiso,253,2674,66,52,,WAC,MVC,,,,,,
240522507,2004-02-21,19:30,2004,regular,,final,Providence,Virginia Tech,2507,259,56,77,,Big East,Big East,,,,,,
240520098,2004-02-21,20:00,2004,regular,,final,Western Kentucky,Arkansas State,98,2032,60,70,,Sun Belt,Sun Belt,,,,,,
240520239,2004-02-21,20:00,2004,regular,,final,Baylor,Oklahoma,239,201,77,62,,Big 12,Big 12,,,,,,
240520249,2004-02-21,20:00,2004,regular,,final,North Texas,Louisiana,249,309,74,70,,Sun Belt,Sun Belt,,,,,,
240522305,2004-02-21,20:00,2004,regular,,final,Kansas,Texas A&M,2305,245,63,69,,Big 12,Big 12,,,,,,
240522351,2004-02-21,20:00,2004,regular,,final,Loyola Marymount,Pepperdine,2351,2492,58,39,,WCC,WCC,,,,,,
240522623,2004-02-21,20:05,2004,regular,,final,Missouri State,Southern Illinois,2623,79,89,35,,MVC,MVC,,,,,,
240520036,2004-02-21,21:00,2004,regular,,final,Colorado State,UNLV,36,2439,79,65,,Mountain West,Mountain West,,,,,,
240520167,2004-02-21,21:00,2004,regular,,final,New Mexico,BYU,167,252,60,59,,Mountain West,Mountain West,,,,,,
240520166,2004-02-21,21:05,2004,regular,,final,New Mexico State,Denver,166,2172,49,47,,Sun Belt,Sun Belt,,,,,,
240522692,2004-02-21,21:05,2004,regular,,final,Weber State,Northern Arizona,2692,2464,80,63,,Big Sky,Big Sky,,,,,,
240520023,2004-02-21,22:00,2004,regular,,final,San José State,Boise State,23,68,58,48,,WAC,WAC,,,,,,
240520279,2004-02-21,22:00,2004,regular,,final,Pacific,Cal Poly,279,13,78,69,,Big West,Big West,,,,,,
240522239,2004-02-21,22:00,2004,regular,,final,Cal State Fullerton,Utah State,2239,328,71,59,,Big West,Big West,,,,,,
240522501,2004-02-21,22:00,2004,regular,,final,Portland,Gonzaga,2501,2250,71,83,,WCC,WCC,,,,,,
240522539,2004-02-21,22:00,2004,regular,,final,San Francisco,San Diego,2539,301,63,61,,WCC,WCC,,,,,,
240522540,2004-02-21,22:00,2004,regular,,final,UC Santa Barbara,Cal State Northridge,2540,2463,64,48,,Big West,Big West,,,,,,
240522608,2004-02-21,22:05,2004,regular,,final,Saint Mary's,Santa Clara,2608,2541,74,60,,WCC,WCC,,,,,,
240520027,2004-02-21,22:10,2004,regular,,final,UC Riverside,Idaho,27,70,69,82,,Big West,Big West,,,,,,
240520299,2004-02-21,22:30,2004,regular,,final,Long Beach State,UC Irvine,299,300,50,60,,Big West,Big West,,,,,,
240520062,2004-02-22,00:00,2004,regular,,final,Hawai'i,UTEP,62,2638,57,49,,WAC,WAC,,,,,,
240530120,2004-02-22,12:00,2004,regular,,final,Maryland,Duke,120,150,59,72,,ACC,ACC,,,,,,
240530276,2004-02-22,12:00,2004,regular,,final,Marshall,Northern Illinois,276,2459,58,55,,MAC,MAC,,,,,,
240532603,2004-02-22,12:00,2004,regular,,final,Saint Joseph's,St. Bonaventure,2603,179,74,54,,A 10,A 10,,,,,,
240530048,2004-02-22,13:00,2004,regular,,final,Delaware,UNC Wilmington,48,350,66,59,,CAA,CAA,,,,,,
240530119,2004-02-22,13:00,2004,regular,,final,Towson,George Mason,119,2244,52,64,,CAA,CAA,,,,,,
240530154,2004-02-22,13:00,2004,regular,,final,Wake Forest,Clemson,154,228,55,72,,ACC,ACC,,,,,,
240530194,2004-02-22,13:00,2004,regular,,final,Ohio State,Illinois,194,356,76,57,,Big Ten,Big Ten,,,,,,
240530311,2004-02-22,13:00,2004,regular,,final,Maine,UMBC,311,2378,61,35,,Am. East,Am. East,,,,,,AT AUGUSTA ME
240530315,2004-02-22,13:00,2004,regular,,final,Niagara,Rider,315,2520,86,69,,MAAC,MAAC,,,,,,
240532083,2004-02-22,13:00,2004,regular,,final,Bucknell,Army,2083,349,73,68,,Patriot,Patriot,,,,,,
240532132,2004-02-22,13:00,2004,regular,,final,Cincinnati,Charlotte,2132,2429,80,56,,C-USA,C-USA,,,,,,
240532182,2004-02-22,13:00,2004,regular,,final,Drexel,Hofstra,2182,2275,56,61,,CAA,CAA,,,,,,
240532325,2004-02-22,13:00,2004,regular,,final,La Salle,Dayton,2325,2168,81,63,,A 10,A 10,,,,,,
240532329,2004-02-22,13:00,2004,regular,,final,Lehigh,Lafayette,2329,322,84,55,,Patriot,Patriot,,,,,,
240532426,2004-02-22,13:00,2004,regular,,final,Navy,Holy Cross,2426,107,60,79,,Patriot,Patriot,,,,,,
240530058,2004-02-22,14:00,2004,regular,,final,South Florida,Tulane,58,2655,77,60,,C-USA,C-USA,,,,,,
240530096,2004-02-22,14:00,2004,regular,,final,Kentucky,Alabama,96,333,62,59,,SEC,SEC,,,,,,
240530097,2004-02-22,14:00,2004,regular,,final,Louisville,East Carolina,97,151,79,75,,C-USA,C-USA,,,,,,
240530142,2004-02-22,14:00,2004,regular,,final,Missouri,Kansas State,142,2306,90,93,,Big 12,Big 12,,,,,,
240530256,2004-02-22,14:00,2004,regular,,final,James Madison,William & Mary,256,2729,71,58,,CAA,CAA,,,,,,
240530257,2004-02-22,14:00,2004,regular,,final,Richmond,UMass,257,113,77,49,,A 10,A 10,,,,,,
240530282,2004-02-22,14:00,2004,regular,,final,Indiana State,Illinois State,282,2287,76,80,,MVC,MVC,,,,,,
240530288,2004-02-22,14:00,2004,regular,,final,Lipscomb,Mercer,288,2382,85,60,,ASUN,ASUN,,,,,,
240530295,2004-02-22,14:00,2004,regular,,final,Old Dominion,VCU,295,2670,95,72,,CAA,CAA,,,,,,
240532099,2004-02-22,14:00,2004,regular,,final,Canisius,Loyola Maryland,2099,2352,73,54,,MAAC,MAAC,,,,,,
240532184,2004-02-22,14:00,2004,regular,,final,Duquesne,George Washington,2184,45,77,60,,A 10,A 10,,,,,,
240532230,2004-02-22,14:00,2004,regular,,final,Fordham,Temple,2230,218,56,67,,A 10,A 10,,,,,,
240532509,2004-02-22,14:00,2004,regular,,final,Purdue,Michigan State,2509,127,59,56,,Big Ten,Big Ten,,,,,,
240532641,2004-02-22,14:00,2004,regular,,final,Texas Tech,Texas,2641,251,62,49,,Big 12,Big 12,,,,,,
240530275,2004-02-22,14:30,2004,regular,,final,Wisconsin,Indiana,275,84,66,62,,Big Ten,Big Ten,,,,,,
240530002,2004-02-22,15:00,2004,regular,,final,Auburn,Vanderbilt,2,238,60,68,,SEC,SEC,,,,,,
240530005,2004-02-22,15:00,2004,regular,,final,UAB,Southern Miss,5,2572,71,70,,C-USA,C-USA,,,,,,
240530044,2004-02-22,15:00,2004,regular,,final,American University,Colgate,44,2142,61,79,,Patriot,Patriot,,,,,,
240530057,2004-02-22,15:00,2004,regular,,final,Florida,Arkansas,57,8,68,82,,SEC,SEC,,,,,,
240530099,2004-02-22,15:00,2004,regular,,final,LSU,Mississippi State,99,344,78,61,,SEC,SEC,,,,,,
240530135,2004-02-22,15:00,2004,regular,,final,Minnesota,Northwestern,135,77,73,46,,Big Ten,Big Ten,,,,,,
240530145,2004-02-22,15:00,2004,regular,,final,Ole Miss,Tennessee,145,2633,69,85,,SEC,SEC,,,,,,
240530248,2004-02-22,15:00,2004,regular,,final,Houston,Marquette,248,269,77,64,,C-USA,C-USA,,,,,,
240532579,2004-02-22,15:00,2004,regular,,final,South Carolina,Georgia,2579,61,50,73,,SEC,SEC,,,,,,
240532628,2004-02-22,15:00,2004,regular,,final,TCU,DePaul,2628,305,73,53,,C-USA,C-USA,,,,,,
240530071,2004-02-22,15:05,2004,regular,,final,Bradley,Creighton,71,156,64,68,,MVC,MVC,,,,,,
240532294,2004-02-22,15:05,2004,regular,,final,Iowa,Penn State,2294,213,58,70,,Big Ten,Big Ten,,,,,,
240532217,2004-02-22,15:30,2004,regular,,final,Fairfield,Iona,2217,314,75,63,,MAAC,MAAC,,,,,,
240530258,2004-02-22,16:00,2004,regular,,final,Virginia,Florida State,258,52,71,73,,ACC,ACC,,,,,,
240530261,2004-02-22,16:00,2004,regular,,final,Vermont,New Hampshire,261,160,84,51,,Am. East,Am. East,,,,,,
240532460,2004-02-22,16:05,2004,regular,,final,Northern Iowa,Drake,2460,2181,53,59,,MVC,MVC,,,,,,
240542747,2004-02-23,17:00,2004,regular,,final,Wofford,Western Carolina,2747,2717,58,79,,Southern,Southern,,,,,,
240542430,2004-02-23,17:15,2004,regular,,final,UNC Greensboro,Chattanooga,2430,236,54,70,,Southern,Southern,,,,,,
240542169,2004-02-23,17:30,2004,regular,,final,Delaware State,Bethune-Cookman,2169,2065,49,48,,MEAC,MEAC,,,,,,
240542379,2004-02-23,17:30,2004,regular,,final,Maryland-Eastern Shore,Hampton,2379,2261,62,82,,MEAC,MEAC,,,,,,
240542448,2004-02-23,17:30,2004,regular,,final,North Carolina A&T,Morgan State,2448,2415,63,73,,MEAC,MEAC,,,,,,
240542569,2004-02-23,17:30,2004,regular,,final,South Carolina State,Coppin State,2569,2154,42,58,,MEAC,MEAC,,,,,,
240540047,2004-02-23,18:00,2004,regular,,final,Howard,Florida A&M,47,50,84,69,,MEAC,MEAC,,,,,,
240542010,2004-02-23,18:30,2004,regular,,final,Alabama A&M,Alcorn State,2010,2016,68,60,,SWAC,SWAC,,,,,,
240542029,2004-02-23,18:30,2004,regular,,final,Arkansas-Pine Bluff,Texas Southern,2029,2640,64,54,,SWAC,SWAC,,,,,,
240542400,2004-02-23,18:30,2004,regular,,final,Mississippi Valley State,Prairie View A&M,2400,2504,68,46,,SWAC,SWAC,,,,,,
240540003,2004-02-23,19:00,2004,regular,,final,Birmingham-Southern,Radford,3,2515,56,57,,Big South,Big South,,,,,,
240540059,2004-02-23,19:00,2004,regular,,final,Georgia Tech,North Carolina,59,153,46,58,,ACC,ACC,,,,,,
240540085,2004-02-23,19:00,2004,regular,,final,IUPUI,Oakland,85,2473,58,70,,Horizon,Horizon,,,,,,
240540116,2004-02-23,19:00,2004,regular,,final,Mount St. Mary's,Robert Morris,116,2523,90,57,,NEC,NEC,,,,,,
240540324,2004-02-23,19:00,2004,regular,,final,Coastal Carolina,High Point,324,2272,72,65,,Big South,Big South,,,,,,
240542011,2004-02-23,19:00,2004,regular,,final,Alabama State,Southern,2011,2582,75,62,,SWAC,SWAC,,,,,,
240542210,2004-02-23,19:00,2004,regular,,final,Elon,East Tennessee State,2210,2193,77,65,,Southern,Southern,,,,,,
240542529,2004-02-23,19:00,2004,regular,,final,Sacred Heart,Quinnipiac,2529,2514,64,53,,NEC,NEC,,,,,,
240542598,2004-02-23,19:00,2004,regular,,final,St. Francis (PA),Fairleigh Dickinson,2598,161,81,60,,NEC,NEC,,,,,,
240542870,2004-02-23,19:00,2004,regular,,final,Purdue Fort Wayne,Wright State,2870,2750,82,69,,,Horizon,,,,,,
240540006,2004-02-23,20:00,2004,regular,,final,South Alabama,Florida International,6,2229,59,58,,Sun Belt,Sun Belt,,,,,,
240540270,2004-02-23,20:00,2004,regular,,final,Milwaukee,Green Bay,270,2739,71,69,,Horizon,Horizon,,,,,,
240542113,2004-02-23,20:00,2004,regular,,final,Centenary,Kansas City,2113,140,69,83,,,,,,,,,
240540198,2004-02-23,20:05,2004,regular,,final,Oral Roberts,Chicago State,198,2130,75,52,,,,,,,,,
240540253,2004-02-23,21:00,2004,regular,,final,Southern Utah,Western Illinois,253,2710,79,67,,WAC,,,,,,,
240550055,2004-02-24,18:00,2004,regular,,final,Jacksonville State,Samford,55,2535,69,61,,ASUN,Southern,,,,,,
240552046,2004-02-24,18:15,2004,regular,,final,Austin Peay,Tennessee Tech,2046,2635,94,72,,ASUN,,,,,,,
240550277,2004-02-24,19:00,2004,regular,,final,West Virginia,Rutgers,277,164,80,71,,Big East,Big East,,,,,,
240552198,2004-02-24,19:00,2004,regular,,final,Eastern Kentucky,Morehead State,2198,2413,71,80,,ASUN,,,,,,,
240552335,2004-02-24,19:00,2004,regular,,final,Liberty,UNC Asheville,2335,2427,67,50,,Big South,Big South,,,,,,
240552711,2004-02-24,19:00,2004,regular,,final,Western Michigan,Central Michigan,2711,2117,67,55,,MAC,MAC,,,,,,
240552737,2004-02-24,19:00,2004,regular,,final,Winthrop,Charleston Southern,2737,2127,56,73,,Big South,Big South,,,,,,
240550357,2004-02-24,20:00,2004,regular,,final,Texas A&M-Corpus Christi,UT Rio Grande Valley,357,292,62,36,,,,,,,,,
240550038,2004-02-24,21:00,2004,regular,,final,Colorado,Kansas,38,2305,75,56,,Big 12,Big 12,,,,,,
240560326,2004-02-25,18:30,2004,regular,,final,Texas State,UTSA,326,2636,46,71,,Sun Belt,C-USA,,,,,,
240562352,2004-02-25,18:30,2004,regular,,final,Loyola Maryland,Saint Peter's,2352,2612,60,49,,MAAC,MAAC,,,,,,
240560042,2004-02-25,19:00,2004,regular,,final,Hartford,New Hampshire,42,160,71,65,,Am. East,Am. East,,,,,,
240560193,2004-02-25,19:00,2004,regular,,final,Miami (OH),Ball State,193,2050,75,65,,MAC,MAC,,,,,,
240560195,2004-02-25,19:00,2004,regular,,final,Ohio,Eastern Michigan,195,2199,89,81,,MAC,MAC,,,,,,
240560276,2004-02-25,19:00,2004,regular,,final,Marshall,Bowling Green,276,189,67,77,,MAC,MAC,,,,,,
240560311,2004-02-25,19:00,2004,regular,,final,Maine,Northeastern,311,111,66,48,,Am. East,Am. East,,,,,,
240560399,2004-02-25,19:00,2004,regular,,final,Albany,Vermont,399,261,62,66,,Am. East,Am. East,,,,,,
240562026,2004-02-25,19:00,2004,regular,,final,Appalachian State,Georgia Southern,2026,290,62,64,,Southern,Southern,,,,,,
240562309,2004-02-25,19:00,2004,regular,,final,Kent State,Buffalo,2309,2084,80,53,,MAC,MAC,,,,,,
240562378,2004-02-25,19:00,2004,regular,,final,UMBC,Binghamton,2378,2066,55,60,,Am. East,Am. East,,,,,,
240562550,2004-02-25,19:00,2004,regular,,final,Seton Hall,Villanova,2550,222,58,63,,Big East,Big East,,,,,,
240562599,2004-02-25,19:00,2004,regular,,final,St. John's,Boston College,2599,103,68,87,,Big East,Big East,,,,,,
240562619,2004-02-25,19:00,2004,regular,,final,Stony Brook,Boston University,2619,104,72,70,,Am. East,Am. East,,,,,,
240562649,2004-02-25,19:00,2004,regular,,final,Toledo,Akron,2649,2006,81,59,,MAC,MAC,,,,,,
240560041,2004-02-25,19:30,2004,regular,,final,UConn,Providence,41,2507,79,38,,Big East,Big East,,,,,,
240560046,2004-02-25,20:00,2004,regular,,final,Georgetown,Syracuse,46,183,82,59,,Big East,Big East,,,,,,
240560087,2004-02-25,20:00,2004,regular,,final,Notre Dame,Miami,87,2390,93,58,,Big East,Big East,,,,,,
240560201,2004-02-25,20:00,2004,regular,,final,Oklahoma,Texas Tech,201,2641,64,53,,Big 12,Big 12,,,,,,
240560251,2004-02-25,20:00,2004,regular,,final,Texas,Baylor,251,239,73,72,,Big 12,Big 12,,,,,,
240562306,2004-02-25,20:00,2004,regular,,final,Kansas State,Iowa State,2306,66,68,33,,Big 12,Big 12,,,,,,
240560079,2004-02-25,20:05,2004,regular,,final,Southern Illinois,Bradley,79,71,51,86,,MVC,MVC,,,,,,
240560158,2004-02-25,20:05,2004,regular,,final,Nebraska,Missouri,158,142,76,78,,Big 12,Big 12,,,,,,
240562198,2004-02-26,00:00,2004,regular,,final,Eastern Kentucky,Morehead State,2198,2413,60,45,,ASUN,,,,,,,
240572542,2004-02-26,12:00,2004,regular,,final,Savannah State,Jacksonville State,2542,55,57,76,,,ASUN,,,,,,
240572174,2004-02-26,16:30,2004,regular,,final,Detroit Mercy,Youngstown State,2174,2754,75,40,,Horizon,Horizon,,,,,,
240572368,2004-02-26,17:00,2004,regular,,final,Marist,Siena,2368,2561,51,57,,MAAC,MAAC,,,,,,
240570322,2004-02-26,17:30,2004,regular,,final,Lafayette,Navy,322,2426,53,67,,Patriot,Patriot,,,,,,
240570349,2004-02-26,17:30,2004,regular,,final,Army,American University,349,44,41,49,,Patriot,Patriot,,,,,,
240572247,2004-02-26,18:00,2004,regular,,final,Georgia State,Florida Atlantic,2247,2226,58,61,,ASUN,ASUN,,,,,,
240572535,2004-02-26,18:00,2004,regular,,final,Samford,Tennessee State,2535,2634,60,45,,Southern,,,,,,,
240570093,2004-02-26,18:15,2004,regular,,final,Murray State,Southeast Missouri State,93,2546,64,59,,MVC,,,,,,,
240572377,2004-02-26,18:15,2004,regular,,final,McNeese,Sam Houston,2377,2534,69,53,,,WAC,,,,,,
240572545,2004-02-26,18:30,2004,regular,,final,SE Louisiana,UL Monroe,2545,2433,45,62,,,Sun Belt,,,,,,
240572630,2004-02-26,18:30,2004,regular,,final,UT Martin,Eastern Illinois,2630,2197,66,63,,,,,,,,,
240570048,2004-02-26,19:00,2004,regular,,final,Delaware,Drexel,48,2182,70,61,,CAA,CAA,,,,,,
240570052,2004-02-26,19:00,2004,regular,,final,Florida State,North Carolina,52,153,58,71,,ACC,ACC,,,,,,
240570056,2004-02-26,19:00,2004,regular,,final,Stetson,Belmont,56,2057,72,78,,ASUN,ASUN,,,,,,
240570057,2004-02-26,19:00,2004,regular,,final,Florida,Georgia,57,61,69,59,,SEC,SEC,,,,,,
240570059,2004-02-26,19:00,2004,regular,,final,Georgia Tech,NC State,59,152,76,61,,ACC,ACC,,,,,,
240570096,2004-02-26,19:00,2004,regular,,final,Kentucky,South Carolina,96,2579,71,54,,SEC,SEC,,,,,,
240570113,2004-02-26,19:00,2004,regular,,final,UMass,George Washington,113,45,51,70,,A 10,A 10,,,,,,
240570127,2004-02-26,19:00,2004,regular,,final,Michigan State,Penn State,127,213,51,63,,Big Ten,Big Ten,,,,,,
240570130,2004-02-26,19:00,2004,regular,,final,Michigan,Northwestern,130,77,73,55,,Big Ten,Big Ten,,,,,,
240570179,2004-02-26,19:00,2004,regular,,final,St. Bonaventure,Fordham,179,2230,72,59,,A 10,A 10,,,,,,
240570218,2004-02-26,19:00,2004,regular,,final,Temple,La Salle,218,2325,71,59,,A 10,A 10,,,,,,
240570227,2004-02-26,19:00,2004,regular,,final,Rhode Island,Saint Joseph's,227,2603,58,66,,A 10,A 10,,,,,,
240570231,2004-02-26,19:00,2004,regular,,final,Furman,Davidson,231,2166,87,88,,Southern,Southern,,,,,,
240570294,2004-02-26,19:00,2004,regular,,final,Jacksonville,Lipscomb,294,288,54,67,,ASUN,ASUN,,,,,,
240570295,2004-02-26,19:00,2004,regular,,final,Old Dominion,James Madison,295,256,80,58,,CAA,CAA,,,,,,
240570325,2004-02-26,19:00,2004,regular,,final,Butler,Cleveland State,2086,325,70,63,,Horizon,Horizon,,,,,,
240570350,2004-02-26,19:00,2004,regular,,final,UNC Wilmington,VCU,350,2670,58,48,,CAA,CAA,,,,,,
240572115,2004-02-26,19:00,2004,regular,,final,Central Connecticut,St. Francis Brooklyn,2115,2597,46,65,,NEC,NEC,,,,,,
240572275,2004-02-26,19:00,2004,regular,,final,Hofstra,George Mason,2275,2244,56,57,,CAA,CAA,,,,,,
240572382,2004-02-26,19:00,2004,regular,,final,Mercer,UCF,2382,2116,39,68,,ASUN,ASUN,,,,,,
240572405,2004-02-26,19:00,2004,regular,,final,Monmouth,Sacred Heart,2405,2529,94,99,,NEC,NEC,,,,,,
240572509,2004-02-26,19:00,2004,regular,,final,Purdue,Iowa,2509,2294,84,55,,Big Ten,Big Ten,,,,,,
240572681,2004-02-26,19:00,2004,regular,,final,Wagner,St. Francis (PA),2681,2598,61,64,,NEC,NEC,,,,,,
240572729,2004-02-26,19:00,2004,regular,,final,William & Mary,Towson,2729,119,53,50,,CAA,CAA,,,,,,
240572750,2004-02-26,19:00,2004,regular,,final,Wright State,Loyola Chicago,2750,2350,80,64,,Horizon,Horizon,,,,,,
240572184,2004-02-26,19:05,2004,regular,,final,Duquesne,Richmond,2184,257,60,79,,A 10,A 10,,,,,,
240572217,2004-02-26,19:30,2004,regular,,final,Fairfield,Rider,2217,2520,83,70,,MAAC,MAAC,,,,,,
240570008,2004-02-26,20:00,2004,regular,,final,Arkansas,Tennessee,8,2633,71,93,,SEC,SEC,,,,,,
240570098,2004-02-26,20:00,2004,regular,,final,Western Kentucky,Middle Tennessee,98,2393,79,71,,Sun Belt,Sun Belt,,,,,,
240570099,2004-02-26,20:00,2004,regular,,final,LSU,Ole Miss,99,145,85,68,,SEC,SEC,,,,,,
240570135,2004-02-26,20:00,2004,regular,,final,Minnesota,Ohio State,135,194,62,76,,Big Ten,Big Ten,,,,,,
240570202,2004-02-26,20:00,2004,regular,,final,Tulsa,Hawai'i,202,62,68,57,,WAC,WAC,,,,,,
240570238,2004-02-26,20:00,2004,regular,,final,Vanderbilt,Mississippi State,238,344,87,64,,SEC,SEC,,,,,,
240570242,2004-02-26,20:00,2004,regular,,final,Rice,San José State,242,23,64,44,,WAC,WAC,,,,,,
240570249,2004-02-26,20:00,2004,regular,,final,North Texas,New Orleans,249,2443,67,56,,Sun Belt,Sun Belt,,,,,,
240570333,2004-02-26,20:00,2004,regular,,final,Alabama,Auburn,333,2,40,72,,SEC,SEC,,,,,,
240570356,2004-02-26,20:00,2004,regular,,final,Illinois,Wisconsin,356,275,53,59,,Big Ten,Big Ten,,,,,,
240572031,2004-02-26,20:00,2004,regular,,final,Little Rock,New Mexico State,2031,166,64,60,,Sun Belt,Sun Belt,,,,,,
240572320,2004-02-26,20:00,2004,regular,,final,Lamar,Stephen F. Austin,2320,2617,57,72,,,WAC,,,,,,
240572653,2004-02-26,20:00,2004,regular,,final,Troy,Gardner-Webb,2653,2241,70,56,,ASUN,ASUN,,,,,,
240572032,2004-02-26,20:05,2004,regular,,final,Arkansas State,Louisiana,2032,309,57,48,,Sun Belt,Sun Belt,,,,,,
240572466,2004-02-26,20:30,2004,regular,,final,Northwestern State,UT Arlington,2466,250,77,69,,,WAC,,,,,,
240570068,2004-02-26,21:00,2004,regular,,final,Boise State,SMU,68,2567,76,57,,WAC,WAC,,,,,,
240570328,2004-02-26,21:00,2004,regular,,final,Utah State,Long Beach State,328,299,57,64,,Big West,Big West,,,,,,
240572172,2004-02-26,21:00,2004,regular,,final,Denver,South Alabama,2172,6,50,56,,Sun Belt,Sun Belt,,,,,,
240572287,2004-02-26,21:05,2004,regular,,final,Illinois State,Missouri State,2287,2623,47,64,,MVC,MVC,,,,,,
240572464,2004-02-26,21:05,2004,regular,,final,Northern Arizona,Montana State,2464,147,66,68,,Big Sky,Big Sky,,,,,,
240572638,2004-02-26,21:05,2004,regular,,final,UTEP,Louisiana Tech,2638,2348,60,83,,WAC,WAC,,,,,,
240570013,2004-02-26,22:00,2004,regular,,final,Cal Poly,UC Riverside,13,27,83,76,,Big West,Big West,,,,,,
240570021,2004-02-26,22:00,2004,regular,,final,San Diego State,Air Force,21,2005,52,50,,Mountain West,Mountain West,,,,,,AT PETERSON GYM
240570030,2004-02-26,22:00,2004,regular,,final,USC,UC Santa Barbara,30,2540,76,61,,Pac-12,Big West,,,,,,
240570204,2004-02-26,22:00,2004,regular,,final,Oregon State,California,204,25,57,66,,Pac-12,Pac-12,,,,,,
240570264,2004-02-26,22:00,2004,regular,,final,Washington,Arizona State,264,9,63,55,,Pac-12,Pac-12,,,,,,
240570265,2004-02-26,22:00,2004,regular,,final,Washington State,Arizona,265,12,72,77,,Pac-12,Pac-12,,,,,,
240570300,2004-02-26,22:00,2004,regular,,final,Idaho,UC Irvine,70,300,71,60,,Big West,Big West,,,,,,AT MEMORIAL GYM
240570301,2004-02-26,22:00,2004,regular,,final,San Diego,Portland,301,2501,56,78,,WCC,WCC,,,,,,
240572351,2004-02-26,22:00,2004,regular,,final,Loyola Marymount,San Francisco,2351,2539,64,46,,WCC,WCC,,,,,,
240572483,2004-02-26,22:00,2004,regular,,final,Oregon,Stanford,2483,24,67,66,,Pac-12,Pac-12,,,,,,
240572502,2004-02-26,22:00,2004,regular,,final,Portland State,Idaho State,2502,304,44,74,,Big Sky,Big Sky,,,,,,
240572541,2004-02-26,22:00,2004,regular,,final,Santa Clara,Gonzaga,2541,2250,67,80,,WCC,WCC,,,,,,
240570016,2004-02-26,22:05,2004,regular,,final,Sacramento State,Montana,16,149,46,68,,Big Sky,Big Sky,,,,,,
240570331,2004-02-26,22:05,2004,regular,,final,Eastern Washington,Weber State,331,2692,69,75,,Big Sky,Big Sky,,,,,,
240572439,2004-02-26,22:30,2004,regular,,final,UNLV,New Mexico,2439,167,54,59,,Mountain West,Mountain West,,,,,,
240572492,2004-02-26,23:00,2004,regular,,final,Pepperdine,Saint Mary's,2492,2608,57,56,,WCC,WCC,,,,,,
240580107,2004-02-27,17:00,2004,regular,,final,Holy Cross,Bucknell,107,2083,82,85,,Patriot,Patriot,,,,,,
240582142,2004-02-27,17:15,2004,regular,,final,Colgate,Lehigh,2142,2329,76,65,,Patriot,Patriot,,,,,,
240580108,2004-02-27,18:00,2004,regular,,final,Harvard,Yale,108,43,84,60,,Ivy,Ivy,,,,,,
240580150,2004-02-27,19:00,2004,regular,,final,Duke,Clemson,150,228,102,45,,ACC,ACC,,,,,,
240580159,2004-02-27,19:00,2004,regular,,final,Dartmouth,Brown,159,225,74,59,,Ivy,Ivy,,,,,,
240580171,2004-02-27,19:00,2004,regular,,final,Columbia,Princeton,171,163,48,45,,Ivy,Ivy,,,,,,
240580172,2004-02-27,19:00,2004,regular,,final,Cornell,Pennsylvania,172,219,66,69,,Ivy,Ivy,,,,,,
240580282,2004-02-27,19:00,2004,regular,,final,Indiana State,Wichita State,282,2724,73,71,,MVC,MVC,,,,,,
240582363,2004-02-27,19:00,2004,regular,,final,Manhattan,Iona,2363,314,52,49,,MAAC,MAAC,,,,,,
240582429,2004-02-27,19:00,2004,regular,,final,Charlotte,East Carolina,2429,151,78,48,,C-USA,C-USA,,,,,,
240582752,2004-02-27,19:00,2004,regular,,final,Xavier,Dayton,2752,2168,62,50,,A 10,A 10,,,,,,
240580005,2004-02-27,20:00,2004,regular,,final,UAB,South Florida,5,58,61,70,,C-USA,C-USA,,,,,,
240580235,2004-02-27,20:00,2004,regular,,final,Memphis,Saint Louis,235,139,69,60,,C-USA,C-USA,,,,,,
240580248,2004-02-27,20:00,2004,regular,,final,Houston,TCU,248,2628,76,71,,C-USA,C-USA,,,,,,
240580339,2004-02-27,20:00,2004,regular,,final,Evansville,Northern Iowa,339,2460,76,67,,MVC,MVC,,,,,,
240582655,2004-02-27,20:00,2004,regular,,final,Tulane,Southern Miss,2655,2572,65,51,,C-USA,C-USA,,,,,,
240580036,2004-02-27,21:00,2004,regular,,final,Colorado State,Wyoming,36,2751,60,49,,Mountain West,Mountain West,,,,,,
240590164,2004-02-28,12:00,2004,regular,,final,Rutgers,Notre Dame,164,87,69,55,,Big East,Big East,,,,,,
240590183,2004-02-28,12:00,2004,regular,,final,Syracuse,Boston College,183,103,52,59,,Big East,Big East,,,,,,
240592711,2004-02-28,12:00,2004,regular,,final,Western Michigan,Toledo,2711,2649,62,61,,MAC,MAC,,,,,,
240590104,2004-02-28,13:00,2004,regular,,final,Boston University,Binghamton,104,2066,65,68,,Am. East,Am. East,,,,,,
240590111,2004-02-28,13:00,2004,regular,,final,Northeastern,Albany,111,399,56,58,,Am. East,Am. East,,,,,,
240590160,2004-02-28,13:00,2004,regular,,final,New Hampshire,Stony Brook,160,2619,73,66,,Am. East,Am. East,,,,,,
240590197,2004-02-28,13:00,2004,regular,,final,Oklahoma State,Oklahoma,197,201,44,78,,Big 12,Big 12,,,,,,
240590276,2004-02-28,13:00,2004,regular,,final,Marshall,Ohio,276,195,56,52,,MAC,MAC,,,,,,
240590322,2004-02-28,13:00,2004,regular,,final,Lafayette,American University,322,44,64,61,,Patriot,Patriot,,,,,,
240592382,2004-02-28,13:00,2004,regular,,final,Mercer,Florida Atlantic,2382,2226,81,73,,ASUN,ASUN,,,,,,
240590050,2004-02-28,14:00,2004,regular,,final,Florida A&M,North Carolina A&T,50,2448,68,53,,MEAC,MEAC,,,,,,
240590193,2004-02-28,14:00,2004,regular,,final,Miami (OH),Buffalo,193,2084,98,71,,MAC,MAC,,,,,,
240590294,2004-02-28,14:00,2004,regular,,final,Jacksonville,Belmont,294,2057,74,78,,ASUN,ASUN,,,,,,
240592065,2004-02-28,14:00,2004,regular,,final,Bethune-Cookman,South Carolina State,2065,2569,55,49,,MEAC,MEAC,,,,,,
240592086,2004-02-28,14:00,2004,regular,,final,Butler,Loyola Chicago,2086,2350,76,65,,Horizon,Horizon,,,,,,
240592127,2004-02-28,14:00,2004,regular,,final,Charleston Southern,Birmingham-Southern,2127,3,66,63,,Big South,Big South,,,,,,
240592130,2004-02-28,14:00,2004,regular,,final,Chicago State,Centenary,2130,2113,74,72,,,,,,,,,
240592247,2004-02-28,14:00,2004,regular,,final,Georgia State,UCF,2247,2116,53,69,,ASUN,ASUN,,,,,,
240592261,2004-02-28,14:00,2004,regular,,final,Hampton,Howard,2261,47,81,56,,MEAC,MEAC,,,,,,
240592341,2004-02-28,14:00,2004,regular,,final,LIU Brooklyn,Monmouth,2341,2405,56,51,,NEC,NEC,,,,,,
240592427,2004-02-28,14:00,2004,regular,,final,UNC Asheville,Coastal Carolina,2427,324,68,41,,Big South,Big South,,,,,,
240592450,2004-02-28,14:00,2004,regular,,final,Norfolk State,Delaware State,2450,2169,56,43,,MEAC,MEAC,,,,,,
240592507,2004-02-28,14:00,2004,regular,,final,Providence,Georgetown,2507,46,59,76,,Big East,Big East,,,,,,
240592561,2004-02-28,14:00,2004,regular,,final,Siena,Saint Peter's,2561,2612,63,47,,MAAC,MAAC,,,,,,
240592597,2004-02-28,14:00,2004,regular,,final,St. Francis Brooklyn,Fairleigh Dickinson,2597,161,65,54,,NEC,NEC,,,,,,
240592747,2004-02-28,14:00,2004,regular,,final,Wofford,UNC Greensboro,2747,2430,53,59,,Southern,Southern,,,,,,
240590259,2004-02-28,14:30,2004,regular,,final,Virginia Tech,Pittsburgh,259,221,85,55,,Big East,Big East,,,,,,
240590056,2004-02-28,15:00,2004,regular,,final,Stetson,Lipscomb,56,288,65,50,,ASUN,ASUN,,,,,,
240590142,2004-02-28,15:00,2004,regular,,final,Missouri,Iowa State,142,66,63,58,,Big 12,Big 12,,,,,,
240590202,2004-02-28,15:00,2004,regular,,final,Tulsa,San José State,202,23,66,56,,WAC,WAC,,,,,,
240590328,2004-02-28,15:00,2004,regular,,final,Utah State,UC Irvine,328,300,61,46,,Big West,Big West,,,,,,
240592172,2004-02-28,15:00,2004,regular,,final,Denver,New Orleans,2172,2443,71,61,,Sun Belt,Sun Belt,,,,,,AT HAMILTON GYM
240592305,2004-02-28,15:00,2004,regular,,final,Kansas,Nebraska,2305,158,24,29,,Big 12,Big 12,,,,,,
240592320,2004-02-28,15:00,2004,regular,,final,Lamar,UL Monroe,2320,2433,48,74,,,Sun Belt,,,,,,
240592447,2004-02-28,15:00,2004,regular,,final,Nicholls,UT Arlington,2447,250,62,67,,,WAC,,,,,,
240592466,2004-02-28,15:00,2004,regular,,final,Northwestern State,UTSA,2466,2636,65,54,,,C-USA,,,,,,
240590198,2004-02-28,15:05,2004,regular,,final,Oral Roberts,Southern Utah,198,253,67,66,,,WAC,,,,,,
240592459,2004-02-28,15:05,2004,regular,,final,Northern Illinois,Central Michigan,2459,2117,60,51,,MAC,MAC,,,,,,
240592674,2004-02-28,15:05,2004,regular,,final,Valparaiso,Purdue Fort Wayne,2674,2870,80,65,,MVC,,,,,,,
240592473,2004-02-28,15:30,2004,regular,,final,Oakland,Western Illinois,2473,2710,69,73,,Horizon,,,,,,,
240590068,2004-02-28,16:00,2004,regular,,final,Boise State,Louisiana Tech,68,2348,48,80,,WAC,WAC,,,,,,
240590236,2004-02-28,16:00,2004,regular,,final,Chattanooga,Charleston,236,232,86,49,,Southern,Southern,,,,,,
240590264,2004-02-28,16:00,2004,regular,,final,Washington,Arizona,264,12,54,71,,Pac-12,Pac-12,,,,,,
240592272,2004-02-28,16:00,2004,regular,,final,High Point,Liberty,2272,2335,64,70,,Big South,Big South,,,,,,
240592483,2004-02-28,16:00,2004,regular,,final,Oregon,California,2483,25,77,62,,Pac-12,Pac-12,,,,,,
240592598,2004-02-28,16:00,2004,regular,,final,St. Francis (PA),Quinnipiac,2598,2514,96,89,,NEC,NEC,,,,,,
240592681,2004-02-28,16:00,2004,regular,,final,Wagner,Mount St. Mary's,2681,116,66,57,,NEC,NEC,,,,,,
240592717,2004-02-28,16:00,2004,regular,,final,Western Carolina,Appalachian State,2717,2026,64,72,,Southern,Southern,,,,,,
240592739,2004-02-28,16:00,2004,regular,,final,Green Bay,UIC,2739,82,73,56,,Horizon,Horizon,,,,,,
240590085,2004-02-28,16:30,2004,regular,,final,IUPUI,Kansas City,85,140,57,62,,Horizon,,,,,,,
240590265,2004-02-28,17:00,2004,regular,,final,Washington State,Arizona State,265,9,75,72,,Pac-12,Pac-12,,,,,,
240590349,2004-02-28,17:00,2004,regular,,final,Army,Navy,349,2426,65,60,,Patriot,Patriot,,,,,,
240592351,2004-02-28,17:00,2004,regular,,final,Loyola Marymount,Saint Mary's,2351,2608,57,55,,WCC,WCC,,,,,,
240592523,2004-02-28,17:00,2004,regular,,final,Robert Morris,Central Connecticut,2523,2115,73,54,,NEC,NEC,,,,,,
240592534,2004-02-28,17:00,2004,regular,,final,Sam Houston,Stephen F. Austin,2534,2617,54,70,,WAC,WAC,,,,,,
240592630,2004-02-28,17:00,2004,regular,,final,UT Martin,Southeast Missouri State,2630,2546,78,75,,,,,,,,,
240592754,2004-02-28,17:15,2004,regular,,final,Youngstown State,Milwaukee,2754,270,51,59,,Horizon,Horizon,,,,,,
240592154,2004-02-28,17:30,2004,regular,,final,Coppin State,Maryland-Eastern Shore,2154,2379,78,61,,MEAC,MEAC,,,,,,
240590055,2004-02-28,18:00,2004,regular,,final,Jacksonville State,Tennessee State,55,2634,85,54,,ASUN,,,,,,,
240590108,2004-02-28,18:00,2004,regular,,final,Harvard,Brown,108,225,70,95,,Ivy,Ivy,,,,,,
240590204,2004-02-28,18:00,2004,regular,,final,Oregon State,Stanford,204,24,35,38,,Pac-12,Pac-12,,,,,,
240590254,2004-02-28,18:00,2004,regular,,final,Utah,BYU,254,252,73,62,,Mountain West,Mountain West,,,,,,
240592132,2004-02-28,18:00,2004,regular,,final,Cincinnati,Louisville,2132,97,48,58,,C-USA,C-USA,,,,,,
240590093,2004-02-28,18:15,2004,regular,,final,Murray State,Eastern Illinois,93,2197,84,53,,MVC,,,,,,,
240592377,2004-02-28,18:15,2004,regular,,final,McNeese,Texas State,2377,326,71,46,,,Sun Belt,,,,,,
240592016,2004-02-28,18:30,2004,regular,,final,Alcorn State,Southern,2016,2582,57,52,,SWAC,SWAC,,,,,,
240592296,2004-02-28,18:30,2004,regular,,final,Jackson State,Mississippi Valley State,2296,2400,50,28,,SWAC,SWAC,,,,,,
240592504,2004-02-28,18:30,2004,regular,,final,Prairie View A&M,Alabama A&M,2504,2010,52,53,,SWAC,SWAC,,,,,,
240592635,2004-02-28,18:30,2004,regular,,final,Tennessee Tech,Morehead State,2635,2413,75,61,,,,,,,,,
240592640,2004-02-28,18:30,2004,regular,,final,Texas Southern,Alabama State,2640,2011,53,64,,SWAC,SWAC,,,,,,
240592653,2004-02-28,18:30,2004,regular,,final,Troy,Campbell,2653,2097,72,66,,ASUN,ASUN,,,,,,
240592755,2004-02-28,18:30,2004,regular,,final,Grambling,Arkansas-Pine Bluff,2755,2029,87,71,,SWAC,SWAC,,,,,,
240590159,2004-02-28,19:00,2004,regular,,final,Dartmouth,Yale,159,43,71,78,,Ivy,Ivy,,,,,,
240590171,2004-02-28,19:00,2004,regular,,final,Columbia,Pennsylvania,171,219,74,69,,Ivy,Ivy,,,,,,
240590172,2004-02-28,19:00,2004,regular,,final,Cornell,Princeton,172,163,71,61,,Ivy,Ivy,,,,,,
240590290,2004-02-28,19:00,2004,regular,,final,Georgia Southern,East Tennessee State,290,2193,70,55,,Southern,Southern,,,,,,
240590311,2004-02-28,19:00,2004,regular,,final,Maine,Vermont,311,261,66,76,,Am. East,Am. East,,,,,,
240592006,2004-02-28,19:00,2004,regular,,final,Akron,Kent State,2006,2309,58,73,,MAC,MAC,,,,,,
240592229,2004-02-28,19:00,2004,regular,,final,Florida International,Western Kentucky,2229,98,66,73,,Sun Belt,Sun Belt,,,,,,
240592378,2004-02-28,19:00,2004,regular,,final,UMBC,Hartford,2378,42,48,46,,Am. East,Am. East,,,,,,
240592390,2004-02-28,19:00,2004,regular,,final,Miami,West Virginia,2390,277,82,74,,Big East,Big East,,,,,,
240592515,2004-02-28,19:00,2004,regular,,final,Radford,Winthrop,2515,2737,65,40,,Big South,Big South,,,,,,
240592750,2004-02-28,19:00,2004,regular,,final,Wright State,Cleveland State,2750,325,68,56,,Horizon,Horizon,,,,,,
240592046,2004-02-28,19:30,2004,regular,,final,Austin Peay,Eastern Kentucky,2046,2198,73,61,,ASUN,ASUN,,,,,,
240590021,2004-02-28,20:00,2004,regular,,final,San Diego State,New Mexico,21,167,44,47,,Mountain West,Mountain West,,,,,,AT PETERSON GYM
240590222,2004-02-28,20:00,2004,regular,,final,Villanova,UConn,222,41,59,56,,Big East,Big East,,,,,,
240590239,2004-02-28,20:00,2004,regular,,final,Baylor,Texas A&M,239,245,80,55,,Big 12,Big 12,,,,,,
240590242,2004-02-28,20:00,2004,regular,,final,Rice,Hawai'i,242,62,58,56,,WAC,WAC,,,,,,
240590249,2004-02-28,20:00,2004,regular,,final,North Texas,South Alabama,249,6,50,61,,Sun Belt,Sun Belt,,,,,,
240590292,2004-02-28,20:00,2004,regular,,final,UT Rio Grande Valley,SE Louisiana,292,2545,54,53,,,,,,,,,
240592031,2004-02-28,20:00,2004,regular,,final,Little Rock,Louisiana,2031,309,62,46,,Sun Belt,Sun Belt,,,,,,
240592641,2004-02-28,20:00,2004,regular,,final,Texas Tech,Colorado,2641,38,60,51,,Big 12,Big 12,,,,,,
240592032,2004-02-28,20:05,2004,regular,,final,Arkansas State,New Mexico State,2032,166,61,67,,Sun Belt,Sun Belt,,,,,,
240592464,2004-02-28,21:05,2004,regular,,final,Northern Arizona,Montana,2464,149,48,56,,Big Sky,Big Sky,,,,,,
240592638,2004-02-28,21:05,2004,regular,,final,UTEP,SMU,2638,2567,45,52,,WAC,WAC,,,,,,
240590013,2004-02-28,22:00,2004,regular,,final,Cal Poly,Cal State Fullerton,13,2239,89,63,,Big West,Big West,,,,,,
240590070,2004-02-28,22:00,2004,regular,,final,Idaho,Long Beach State,70,299,66,68,,Big West,Big West,,,,,,AT MEMORIAL GYM
240590301,2004-02-28,22:00,2004,regular,,final,San Diego,Gonzaga,301,2250,53,55,,WCC,WCC,,,,,,
240592463,2004-02-28,22:00,2004,regular,,final,Cal State Northridge,Pacific,2463,279,64,61,,Big West,Big West,,,,,,
240592492,2004-02-28,22:00,2004,regular,,final,Pepperdine,San Francisco,2492,2539,75,48,,WCC,WCC,,,,,,
240592502,2004-02-28,22:00,2004,regular,,final,Portland State,Weber State,2502,2692,43,53,,Big Sky,Big Sky,,,,,,
240592540,2004-02-28,22:00,2004,regular,,final,UC Santa Barbara,UC Riverside,2540,27,78,52,,Big West,Big West,,,,,,
240592541,2004-02-28,22:00,2004,regular,,final,Santa Clara,Portland,2541,2501,73,83,,WCC,WCC,,,,,,
240590016,2004-02-28,22:05,2004,regular,,final,Sacramento State,Montana State,16,147,48,66,,Big Sky,Big Sky,,,,,,
240590331,2004-02-28,22:05,2004,regular,,final,Eastern Washington,Idaho State,331,304,67,83,,Big Sky,Big Sky,,,,,,
240592439,2004-02-28,22:30,2004,regular,,final,UNLV,Air Force,2439,2005,85,48,,Mountain West,Mountain West,,,,,,
240590278,2004-02-28,23:00,2004,regular,,final,Fresno State,Nevada,278,2440,63,44,,WAC,WAC,,,,,,
240600045,2004-02-29,12:00,2004,regular,,final,George Washington,Temple,45,218,61,52,,A 10,A 10,,,,,,
240602050,2004-02-29,12:00,2004,regular,,final,Ball State,Bowling Green,2050,189,79,84,,MAC,MAC,,,,,,
240600107,2004-02-29,13:00,2004,regular,,final,Holy Cross,Lehigh,107,2329,70,79,,Patriot,Patriot,,,,,,
240600119,2004-02-29,13:00,2004,regular,,final,Towson,Delaware,119,48,56,69,,CAA,CAA,,,,,,
240600153,2004-02-29,13:00,2004,regular,,final,North Carolina,Virginia,153,258,70,64,,ACC,ACC,,,,,,
240600282,2004-02-29,13:00,2004,regular,,final,Indiana State,Missouri State,282,2623,58,56,,MVC,MVC,,,,,,
240600356,2004-02-29,13:00,2004,regular,,final,Illinois,Iowa,356,2294,64,89,,Big Ten,Big Ten,,,,,,
240600213,2004-02-29,13:30,2004,regular,,final,Penn State,Purdue,213,2509,69,60,,Big Ten,Big Ten,,,,,,
240600084,2004-02-29,14:00,2004,regular,,final,Indiana,Michigan State,84,127,51,60,,Big Ten,Big Ten,,,,,,
240600113,2004-02-29,14:00,2004,regular,,final,UMass,Rhode Island,113,227,50,55,,A 10,A 10,,,,,,
240600154,2004-02-29,14:00,2004,regular,,final,Wake Forest,Georgia Tech,154,59,63,61,,ACC,ACC,,,,,,AT ANNEX
240600228,2004-02-29,14:00,2004,regular,,final,Clemson,Maryland,228,120,69,80,,ACC,ACC,,,,,,
240600257,2004-02-29,14:00,2004,regular,,final,Richmond,St. Bonaventure,257,179,80,52,,A 10,A 10,,,,,,
240600314,2004-02-29,14:00,2004,regular,,final,Iona,Marist,314,2368,61,66,,MAAC,MAAC,,,,,,
240600350,2004-02-29,14:00,2004,regular,,final,UNC Wilmington,Drexel,350,2182,53,40,,CAA,CAA,,,,,,
240602275,2004-02-29,14:00,2004,regular,,final,Hofstra,James Madison,2275,256,76,57,,CAA,CAA,,,,,,
240602352,2004-02-29,14:00,2004,regular,,final,Loyola Maryland,Fairfield,2352,2217,75,53,,MAAC,MAAC,,,,,,
240602520,2004-02-29,14:00,2004,regular,,final,Rider,Manhattan,2520,2363,63,60,,MAAC,MAAC,,,,,,
240602579,2004-02-29,14:00,2004,regular,,final,South Carolina,Vanderbilt,2579,238,41,62,,SEC,SEC,,,,,,
240602603,2004-02-29,14:00,2004,regular,,final,Saint Joseph's,Fordham,2603,2230,54,42,,A 10,A 10,,,,,,
240602670,2004-02-29,14:00,2004,regular,,final,VCU,William & Mary,2670,2729,82,61,,CAA,CAA,,,,,,
240600061,2004-02-29,14:30,2004,regular,,final,Georgia,Kentucky,61,96,73,62,,SEC,SEC,,,,,,
240602599,2004-02-29,14:30,2004,regular,,final,St. John's,Seton Hall,2599,2550,61,52,,Big East,Big East,,,,,,AT MADISON SQUARE GARDEN
240600002,2004-02-29,15:00,2004,regular,,final,Auburn,Florida,2,57,60,71,,SEC,SEC,,,,,,
240600145,2004-02-29,15:00,2004,regular,,final,Ole Miss,Arkansas,145,8,84,73,,SEC,SEC,,,,,,
240600231,2004-02-29,15:00,2004,regular,,final,Furman,Elon,231,2210,74,44,,Southern,Southern,,,,,,
240600251,2004-02-29,15:00,2004,regular,,final,Texas,Kansas State,251,2306,65,63,,Big 12,Big 12,,,,,,
240600269,2004-02-29,15:00,2004,regular,,final,Marquette,DePaul,269,305,62,61,,C-USA,C-USA,,,,,,
240600315,2004-02-29,15:00,2004,regular,,final,Niagara,Canisius,315,2099,68,79,,MAAC,MAAC,,,,,,
240600339,2004-02-29,15:00,2004,regular,,final,Evansville,Bradley,339,71,69,66,,MVC,MVC,,,,,,
240602244,2004-02-29,15:00,2004,regular,,final,George Mason,Old Dominion,2244,295,64,81,,CAA,CAA,,,,,,
240602633,2004-02-29,15:00,2004,regular,,final,Tennessee,LSU,2633,99,85,62,,SEC,SEC,,,,,,
240600079,2004-02-29,15:05,2004,regular,,final,Southern Illinois,Northern Iowa,79,2460,68,70,,MVC,MVC,,,,,,
240602181,2004-02-29,15:05,2004,regular,,final,Drake,Creighton,2181,156,55,51,,MVC,MVC,,,,,,
240602287,2004-02-29,15:05,2004,regular,,final,Illinois State,Wichita State,2287,2724,67,71,,MVC,MVC,,,,,,
240602142,2004-02-29,15:15,2004,regular,,final,Colgate,Bucknell,2142,2083,75,66,,Patriot,Patriot,,,,,,
240600130,2004-02-29,15:30,2004,regular,,final,Michigan,Minnesota,130,135,57,47,,Big Ten,Big Ten,,,,,,
240600344,2004-02-29,16:00,2004,regular,,final,Mississippi State,Alabama,344,333,81,78,,SEC,SEC,,,,,,
240600026,2004-02-29,17:00,2004,regular,,final,UCLA,USC,26,30,68,64,,Pac-12,Pac-12,,,,,,
240600275,2004-02-29,20:00,2004,regular,,final,Wisconsin,Ohio State,275,194,56,72,,Big Ten,Big Ten,,,,,,
240612415,2004-03-01,17:00,2004,regular,,final,Morgan State,Maryland-Eastern Shore,2415,2379,62,78,,MEAC,MEAC,,,,,,
240610050,2004-03-01,17:30,2004,regular,,final,Florida A&M,South Carolina State,50,2569,68,61,,MEAC,MEAC,,,,,,
240612065,2004-03-01,18:00,2004,regular,,final,Bethune-Cookman,North Carolina A&T,2065,2448,92,64,,MEAC,MEAC,,,,,,
240612261,2004-03-01,18:00,2004,regular,,final,Hampton,Delaware State,2261,2169,56,40,,MEAC,MEAC,,,,,,
240612450,2004-03-01,18:00,2004,regular,,final,Norfolk State,Howard,2450,47,56,76,,MEAC,MEAC,,,,,,
240612597,2004-03-01,18:00,2004,regular,,final,St. Francis Brooklyn,LIU Brooklyn,2597,2341,58,57,,NEC,NEC,,,,,,
240612447,2004-03-01,18:15,2004,regular,,final,Nicholls,Texas State,2447,326,82,86,,,Sun Belt,,,,,,
240612296,2004-03-01,18:30,2004,regular,,final,Jackson State,Arkansas-Pine Bluff,2296,2029,66,55,,SWAC,SWAC,,,,,,
240612504,2004-03-01,18:30,2004,regular,,final,Prairie View A&M,Alabama State,2504,2011,51,68,,SWAC,SWAC,,,,,,
240612640,2004-03-01,18:30,2004,regular,,final,Texas Southern,Alabama A&M,2640,2010,79,62,,SWAC,SWAC,,,,,,
240612755,2004-03-01,18:30,2004,regular,,final,Grambling,Mississippi Valley State,2755,2400,67,50,,SWAC,SWAC,,,,,,
240610152,2004-03-01,19:00,2004,regular,,final,NC State,Duke,152,150,57,90,,ACC,ACC,,,,,,
240610161,2004-03-01,19:00,2004,regular,,final,Fairleigh Dickinson,Monmouth,161,2405,69,66,,NEC,NEC,,,,,,
240610324,2004-03-01,19:00,2004,regular,,final,Coastal Carolina,Birmingham-Southern,324,3,67,43,,Big South,Big South,,,,,,
240612229,2004-03-01,19:00,2004,regular,,final,Florida International,Middle Tennessee,2229,2393,48,63,,Sun Belt,Sun Belt,,,,,,
240612427,2004-03-01,19:00,2004,regular,,final,UNC Asheville,Charleston Southern,2427,2127,67,44,,Big South,Big South,,,,,,
240612529,2004-03-01,19:00,2004,regular,,final,Sacred Heart,Mount St. Mary's,2529,116,81,71,,NEC,NEC,,,,,,
240612598,2004-03-01,19:00,2004,regular,,final,St. Francis (PA),Central Connecticut,2598,2115,64,60,,NEC,NEC,,,,,,
240612523,2004-03-01,19:30,2004,regular,,final,Robert Morris,Quinnipiac,2523,2514,48,62,,NEC,NEC,,,,,,
240610140,2004-03-01,20:00,2004,regular,,final,Kansas City,Southern Utah,140,253,53,54,,,WAC,,,,,,
240612113,2004-03-01,20:00,2004,regular,,final,Centenary,Oral Roberts,2113,198,50,81,,,,,,,,,
240612710,2004-03-01,20:00,2004,regular,,final,Western Illinois,IUPUI,2710,85,79,49,,,Horizon,,,,,,
240612674,2004-03-01,20:05,2004,regular,,final,Valparaiso,Chicago State,2674,2130,56,46,,MVC,,,,,,,
240612540,2004-03-01,22:00,2004,regular,,final,UC Santa Barbara,Cal State Fullerton,2540,2239,75,38,,Big West,Big West,,,,,,
240612617,2004-03-02,00:00,2004,regular,,final,Stephen F. Austin,Northwestern State,2617,2466,72,75,,WAC,,,,,,,
240622750,2004-03-02,17:00,2004,regular,,final,Wright State,Youngstown State,2750,2754,58,56,,Horizon,Horizon,,,,,,HORIZON LEAGUE TOURNAMENT
240622046,2004-03-02,18:30,2004,regular,,final,Austin Peay,Morehead State,2046,2413,73,61,,ASUN,,,,,,,OHIO VALLEY CONF TR
240620087,2004-03-02,19:00,2004,regular,,final,Notre Dame,Syracuse,87,183,54,33,,Big East,Big East,,,,,,
240620103,2004-03-02,19:00,2004,regular,,final,Boston College,Georgetown,103,46,71,60,,Big East,Big East,,,,,,
240620104,2004-03-02,19:00,2004,regular,,final,Boston University,Albany,104,399,73,46,,Am. East,Am. East,,,,,,
240620111,2004-03-02,19:00,2004,regular,,final,Northeastern,New Hampshire,111,160,74,61,,Am. East,Am. East,,,,,,
240620163,2004-03-02,19:00,2004,regular,,final,Princeton,Pennsylvania,163,219,62,73,,Ivy,Ivy,,,,,,
240620189,2004-03-02,19:00,2004,regular,,final,Bowling Green,Toledo,189,2649,71,62,,MAC,MAC,,,,,,
240620193,2004-03-02,19:00,2004,regular,,final,Miami (OH),Kent State,193,2309,73,79,,MAC,MAC,,,,,,
240620221,2004-03-02,19:00,2004,regular,,final,Pittsburgh,Villanova,221,222,45,56,,Big East,Big East,,,,,,
240620259,2004-03-02,19:00,2004,regular,,final,Virginia Tech,St. John's,259,2599,69,38,,Big East,Big East,,,,,,
240620276,2004-03-02,19:00,2004,regular,,final,Marshall,Akron,276,2006,67,52,,MAC,MAC,,,,,,
240622084,2004-03-02,19:00,2004,regular,,final,Buffalo,Ohio,2084,195,56,62,,MAC,MAC,,,,,,
240622117,2004-03-02,19:00,2004,regular,,final,Central Michigan,Eastern Michigan,2117,2199,68,89,,MAC,MAC,,,,,,
240622390,2004-03-02,19:00,2004,regular,,final,Miami,Providence,2390,2507,81,62,,Big East,Big East,,,,,,
240620041,2004-03-02,19:30,2004,regular,,final,UConn,West Virginia,41,277,100,72,,Big East,Big East,,,,,,
240620164,2004-03-02,19:30,2004,regular,,final,Rutgers,Seton Hall,164,2550,54,44,,Big East,Big East,,,,,,
240620055,2004-03-02,20:00,2004,regular,,final,Jacksonville State,Eastern Kentucky,55,2198,63,65,,ASUN,ASUN,,,,,,OHIO VALLEY CONF TR
240622546,2004-03-02,20:00,2004,regular,,final,Southeast Missouri State,Murray State,2546,93,76,51,,,MVC,,,,,,OHIO VALLEY CONF TR
240622635,2004-03-02,20:00,2004,regular,,final,Tennessee Tech,UT Martin,2635,2630,76,60,,,,,,,,,OHIO VALLEY CONF TR
240622459,2004-03-02,20:05,2004,regular,,final,Northern Illinois,Ball State,2459,2050,82,62,,MAC,MAC,,,,,,
240620201,2004-03-02,21:00,2004,regular,,final,Oklahoma,Texas,201,251,54,57,,Big 12,Big 12,,,,,,
240630290,2004-03-03,14:30,2004,regular,,final,Georgia Southern,Appalachian State,290,2026,65,58,,Southern,Southern,,,,,,SOUTHERN CONF TR
240632430,2004-03-03,17:00,2004,regular,,final,UNC Greensboro,Charleston,2430,232,50,59,,Southern,Southern,,,,,,SOUTHERN CONF TR
240632377,2004-03-03,18:15,2004,regular,,final,McNeese,SE Louisiana,2377,2545,71,61,,,,,,,,,
240630250,2004-03-03,18:45,2004,regular,,final,UT Arlington,Sam Houston,250,2534,72,48,,WAC,WAC,,,,,,
240630261,2004-03-03,19:00,2004,regular,,final,Vermont,UMBC,261,2378,70,48,,Am. East,Am. East,,,,,,
240632066,2004-03-03,19:00,2004,regular,,final,Binghamton,Hartford,2066,42,64,60,,Am. East,Am. East,,,,,,
240632272,2004-03-03,19:00,2004,regular,,final,High Point,Radford,2272,2515,52,55,,Big South,Big South,,,,,,
240632619,2004-03-03,19:00,2004,regular,,final,Stony Brook,Maine,2619,311,61,76,,Am. East,Am. East,,,,,,
240632636,2004-03-03,19:00,2004,regular,,final,UTSA,Lamar,2636,2320,67,44,,C-USA,,,,,,,
240632737,2004-03-03,19:00,2004,regular,,final,Winthrop,Liberty,2737,2335,44,79,,Big South,Big South,,,,,,
240632717,2004-03-03,19:30,2004,regular,,final,Western Carolina,Wofford,2717,2747,60,38,,Southern,Southern,,,,,,SOUTHERN CONF TR
240630197,2004-03-03,20:00,2004,regular,,final,Oklahoma State,Baylor,197,239,60,70,,Big 12,Big 12,,,,,,
240630245,2004-03-03,20:00,2004,regular,,final,Texas A&M,Missouri,245,142,60,61,,Big 12,Big 12,,,,,,
240632306,2004-03-03,20:00,2004,regular,,final,Kansas State,Texas Tech,2306,2641,85,73,,Big 12,Big 12,,,,,,
240630158,2004-03-03,20:05,2004,regular,,final,Nebraska,Colorado,158,38,60,63,,Big 12,Big 12,,,,,,
240632464,2004-03-03,21:05,2004,regular,,final,Northern Arizona,UT Rio Grande Valley,2464,292,64,49,,Big Sky,,,,,,,
240642193,2004-03-04,11:00,2004,regular,,final,East Tennessee State,Elon,2193,2210,68,84,,Southern,Southern,,,,,,SOUTHERN CONF TR
240642352,2004-03-04,12:00,2004,regular,,final,Loyola Maryland,Rider,2352,2520,79,65,,MAAC,MAAC,,,,,,MAAC TOURNAMENT
240640344,2004-03-04,13:00,2004,regular,,final,Mississippi State,Arkansas,344,8,79,74,,SEC,SEC,,,,,,SEC TOURNAMENT
240640236,2004-03-04,13:30,2004,regular,,final,Chattanooga,Georgia Southern,236,290,73,50,,Southern,Southern,,,,,,SOUTHERN CONF TR
240640058,2004-03-04,14:00,2004,regular,,final,South Florida,Cincinnati,58,2132,68,71,,C-USA,C-USA,,,,,,CONFERENCE USA TOURNAMENT
240642217,2004-03-04,14:15,2004,regular,,final,Fairfield,Manhattan,2217,2363,56,66,,MAAC,MAAC,,,,,,MAAC TOURNAMENT
240640275,2004-03-04,15:00,2004,regular,,final,Wisconsin,Indiana,275,84,39,57,,Big Ten,Big Ten,,,,,,BIG 10 TOURNAMENT
240642608,2004-03-04,15:00,2004,regular,,final,Saint Mary's,San Diego,2608,301,81,87,,WCC,WCC,,,,,,WEST COAST CONF TR
240640145,2004-03-04,15:30,2004,regular,,final,Ole Miss,Alabama,145,333,63,56,,SEC,SEC,,,,,,SEC TOURNAMENT
240640269,2004-03-04,16:00,2004,regular,,final,Marquette,Tulane,269,2655,61,44,,C-USA,C-USA,,,,,,CONFERENCE USA TOURNAMENT
240642612,2004-03-04,16:30,2004,regular,,final,Saint Peter's,Iona,2612,314,73,62,,MAAC,MAAC,,,,,,MAAC TOURNAMENT
240640231,2004-03-04,17:00,2004,regular,,final,Furman,Charleston,231,232,77,56,,Southern,Southern,,,,,,SOUTHERN CONF TR
240640130,2004-03-04,17:30,2004,regular,,final,Michigan,Illinois,130,356,62,58,,Big Ten,Big Ten,,,,,,BIG 10 TOURNAMENT
240642169,2004-03-04,17:30,2004,regular,,final,Delaware State,Howard,2169,47,61,47,,MEAC,MEAC,,,,,,
240642541,2004-03-04,17:30,2004,regular,,final,Santa Clara,San Francisco,2541,2539,71,66,,WCC,WCC,,,,,,WEST COAST CONF TR
240642116,2004-03-04,18:00,2004,regular,,final,UCF,Jacksonville,2116,294,79,58,,ASUN,ASUN,,,,,,
240642010,2004-03-04,18:30,2004,regular,,final,Alabama A&M,Jackson State,2010,2296,57,65,,SWAC,SWAC,,,,,,
240642016,2004-03-04,18:30,2004,regular,,final,Alcorn State,Texas Southern,2016,2640,67,63,,SWAC,SWAC,,,,,,
240642582,2004-03-04,18:30,2004,regular,,final,Southern,Prairie View A&M,2582,2504,69,56,,SWAC,SWAC,,,,,,
240640048,2004-03-04,19:00,2004,regular,,final,Delaware,George Mason,48,2244,67,58,,CAA,CAA,,,,,,
240640061,2004-03-04,19:00,2004,regular,,final,Georgia,South Carolina,61,2579,73,42,,SEC,SEC,,,,,,SEC TOURNAMENT
240640256,2004-03-04,19:00,2004,regular,,final,James Madison,Towson,256,119,75,65,,CAA,CAA,,,,,,
240640295,2004-03-04,19:00,2004,regular,,final,Old Dominion,William & Mary,295,2729,79,45,,CAA,CAA,,,,,,
240640325,2004-03-04,19:00,2004,regular,,final,Cleveland State,Butler,325,2086,59,69,,Horizon,Horizon,,,,,,HORIZON LEAGUE TOURNAMENT
240642011,2004-03-04,19:00,2004,regular,,final,Alabama State,Grambling,2011,2755,79,64,,SWAC,SWAC,,,,,,
240642097,2004-03-04,19:00,2004,regular,,final,Campbell,Mercer,2097,2382,57,58,,ASUN,ASUN,,,,,,
240642174,2004-03-04,19:00,2004,regular,,final,Detroit Mercy,Loyola Chicago,2174,2350,74,62,,Horizon,Horizon,,,,,,HORIZON LEAGUE TOURNAMENT
240642182,2004-03-04,19:00,2004,regular,,final,Drexel,VCU,2182,2670,61,64,,CAA,CAA,,,,,,
240642226,2004-03-04,19:00,2004,regular,,final,Florida Atlantic,Stetson,2226,56,72,66,,ASUN,ASUN,,,,,,
240642241,2004-03-04,19:00,2004,regular,,final,Gardner-Webb,Georgia State,2241,2247,60,67,,ASUN,ASUN,,,,,,
240642429,2004-03-04,19:00,2004,regular,,final,Charlotte,East Carolina,2429,151,74,61,,C-USA,C-USA,,,,,,CONFERENCE USA TOURNAMENT
240642166,2004-03-04,19:30,2004,regular,,final,Davidson,Western Carolina,2166,2717,58,66,,Southern,Southern,,,,,,SOUTHERN CONF TR
240640066,2004-03-04,20:00,2004,regular,,final,Iowa State,Kansas,66,2305,79,57,,Big 12,Big 12,,,,,,
240640135,2004-03-04,20:00,2004,regular,,final,Minnesota,Northwestern,135,77,68,47,,Big Ten,Big Ten,,,,,,BIG 10 TOURNAMENT
240640270,2004-03-04,20:00,2004,regular,,final,Milwaukee,UIC,270,82,72,59,,Horizon,Horizon,,,,,,HORIZON LEAGUE TOURNAMENT
240642348,2004-03-04,20:00,2004,regular,,final,Louisiana Tech,Rice,2348,242,82,70,,WAC,WAC,,,,,,
240642567,2004-03-04,20:00,2004,regular,,final,SMU,Tulsa,2567,202,67,73,,WAC,WAC,,,,,,
240642739,2004-03-04,20:00,2004,regular,,final,Green Bay,Wright State,2739,2750,61,57,,Horizon,Horizon,,,,,,HORIZON LEAGUE TOURNAMENT
240640071,2004-03-04,20:05,2004,regular,,final,Bradley,Illinois State,71,2287,87,71,,MVC,MVC,,,,,,
240640156,2004-03-04,20:05,2004,regular,,final,Creighton,Evansville,156,339,78,65,,MVC,MVC,,,,,,
240642181,2004-03-04,20:05,2004,regular,,final,Drake,Southern Illinois,2181,79,65,53,,MVC,MVC,,,,,,
240642460,2004-03-04,20:05,2004,regular,,final,Northern Iowa,Indiana State,2460,282,60,58,,MVC,MVC,,,,,,
240640167,2004-03-04,21:00,2004,regular,,final,New Mexico,Wyoming,167,2751,58,39,,Mountain West,Mountain West,,,,,,
240640235,2004-03-04,21:00,2004,regular,,final,Memphis,UAB,235,5,64,54,,C-USA,C-USA,,,,,,CONFERENCE USA TOURNAMENT
240640252,2004-03-04,21:00,2004,regular,,final,BYU,San Diego State,252,21,56,45,,Mountain West,Mountain West,,,,,,
240640254,2004-03-04,21:00,2004,regular,,final,Utah,UNLV,254,2439,60,68,,Mountain West,Mountain West,,,,,,
240640288,2004-03-04,21:00,2004,regular,,final,Lipscomb,Troy,288,2653,67,55,,ASUN,ASUN,,,,,,
240642005,2004-03-04,21:00,2004,regular,,final,Air Force,Colorado State,2005,36,58,75,,Mountain West,Mountain West,,,,,,
240640147,2004-03-04,21:05,2004,regular,,final,Montana State,Portland State,147,2502,84,68,,Big Sky,Big Sky,,,,,,
240642638,2004-03-04,21:05,2004,regular,,final,UTEP,Boise State,2638,68,75,61,,WAC,WAC,,,,,,
240640238,2004-03-04,21:30,2004,regular,,final,Vanderbilt,Kentucky,238,96,60,41,,SEC,SEC,,,,,,SEC TOURNAMENT
240640149,2004-03-04,21:35,2004,regular,,final,Montana,Eastern Washington,149,331,60,58,,Big Sky,Big Sky,,,,,,
240640023,2004-03-04,22:00,2004,regular,,final,San José State,Fresno State,23,278,60,72,,WAC,WAC,,,,,,
240640027,2004-03-04,22:00,2004,regular,,final,UC Riverside,Cal State Northridge,27,2463,66,75,,Big West,Big West,,,,,,
240640300,2004-03-04,22:00,2004,regular,,final,UC Irvine,UC Santa Barbara,300,2540,59,77,,Big West,Big West,,,,,,
240642239,2004-03-04,22:00,2004,regular,,final,Cal State Fullerton,Pacific,2239,279,70,80,,Big West,Big West,,,,,,
240640299,2004-03-04,22:30,2004,regular,,final,Long Beach State,Cal Poly,299,13,56,64,,Big West,Big West,,,,,,
240640062,2004-03-05,00:00,2004,regular,,final,Hawai'i,Nevada,62,2440,63,54,,WAC,WAC,,,,,,
240652099,2004-03-05,09:15,2004,regular,,final,Canisius,Loyola Maryland,2099,2352,72,70,,MAAC,MAAC,,,,,,MAAC TOURNAMENT
240650059,2004-03-05,11:00,2004,regular,,final,Georgia Tech,Wake Forest,59,154,59,61,,ACC,ACC,,,,,,ACC CONF TR
240652368,2004-03-05,11:30,2004,regular,,final,Marist,Manhattan,2368,2363,60,49,,MAAC,MAAC,,,,,,MAAC TOURNAMENT
240650179,2004-03-05,12:00,2004,regular,,final,St. Bonaventure,La Salle,179,2325,45,50,,A 10,A 10,,,,,,ATLANTIC 10 TOURNAMENT
240650213,2004-03-05,12:00,2004,regular,,final,Penn State,Indiana,213,84,79,66,,Big Ten,Big Ten,,,,,,BIG 10 TOURNAMENT
240650236,2004-03-05,12:00,2004,regular,,final,Chattanooga,Elon,236,2210,67,37,,Southern,Southern,,,,,,SOUTHERN CONF TR
240652142,2004-03-05,12:00,2004,regular,,final,Colgate,Lafayette,2142,322,73,57,,Patriot,Patriot,,,,,,PATRIOT LEAGUE TR
240652598,2004-03-05,12:00,2004,regular,,final,St. Francis (PA),Mount St. Mary's,2598,116,61,44,,NEC,NEC,,,,,,NORTHEAST CONF TR
240652046,2004-03-05,13:00,2004,regular,,final,Austin Peay,Southeast Missouri State,2046,2546,72,65,,ASUN,,,,,,,OHIO VALLEY CONF TR
240652633,2004-03-05,13:00,2004,regular,,final,Tennessee,Mississippi State,2633,344,67,57,,SEC,SEC,,,,,,SEC TOURNAMENT
240650315,2004-03-05,13:45,2004,regular,,final,Niagara,Saint Peter's,315,2612,51,53,,MAAC,MAAC,,,,,,MAAC TOURNAMENT
240650248,2004-03-05,14:00,2004,regular,,final,Houston,Cincinnati,248,2132,84,67,,C-USA,C-USA,,,,,,CONFERENCE USA TOURNAMENT
240652184,2004-03-05,14:00,2004,regular,,final,Duquesne,UMass,2184,113,73,44,,A 10,A 10,,,,,,ATLANTIC 10 TOURNAMENT
240650107,2004-03-05,14:30,2004,regular,,final,Holy Cross,Bucknell,107,2083,75,94,,Patriot,Patriot,,,,,,PATRIOT LEAGUE TR
240650231,2004-03-05,14:30,2004,regular,,final,Furman,Western Carolina,231,2717,66,74,,Southern,Southern,,,,,,SOUTHERN CONF TR
240652294,2004-03-05,14:30,2004,regular,,final,Iowa,Michigan State,2294,127,54,81,,Big Ten,Big Ten,,,,,,BIG 10 TOURNAMENT
240652514,2004-03-05,14:30,2004,regular,,final,Quinnipiac,Fairleigh Dickinson,2514,161,80,76,,NEC,NEC,,,,,,NORTHEAST CONF TR
240652501,2004-03-05,15:00,2004,regular,,final,Portland,San Diego,2501,301,76,64,,WCC,WCC,,,,,,WEST COAST CONF TR
240650099,2004-03-05,15:30,2004,regular,,final,LSU,Ole Miss,99,145,79,66,,SEC,SEC,,,,,,SEC TOURNAMENT
240652635,2004-03-05,15:30,2004,regular,,final,Tennessee Tech,Eastern Kentucky,2635,2198,74,85,,,ASUN,,,,,,OHIO VALLEY CONF TR
240650305,2004-03-05,16:00,2004,regular,,final,DePaul,Marquette,305,269,70,74,,C-USA,C-USA,,,,,,CONFERENCE USA TOURNAMENT
240652752,2004-03-05,16:00,2004,regular,,final,Xavier,Fordham,2752,2230,63,57,,A 10,A 10,,,,,,ATLANTIC 10 TOURNAMENT
240650044,2004-03-05,17:00,2004,regular,,final,American University,Navy,44,2426,85,73,,Patriot,Patriot,,,,,,PATRIOT LEAGUE TR
240652415,2004-03-05,17:30,2004,regular,,final,Morgan State,Coppin State,2415,2154,42,72,,MEAC,MEAC,,,,,,
240652492,2004-03-05,17:30,2004,regular,,final,Pepperdine,Santa Clara,2492,2541,82,77,,WCC,WCC,,,,,,WEST COAST CONF TR
240652529,2004-03-05,17:30,2004,regular,,final,Sacred Heart,LIU Brooklyn,2529,2341,51,48,,NEC,NEC,,,,,,NORTHEAST CONF TR
240650227,2004-03-05,18:00,2004,regular,,final,Rhode Island,Dayton,227,2168,69,49,,A 10,A 10,,,,,,ATLANTIC 10 TOURNAMENT
240652065,2004-03-05,18:00,2004,regular,,final,Bethune-Cookman,Florida A&M,2065,50,68,60,,MEAC,MEAC,,,,,,
240652509,2004-03-05,18:00,2004,regular,,final,Purdue,Michigan,2509,130,78,55,,Big Ten,Big Ten,,,,,,BIG 10 TOURNAMENT
240652377,2004-03-05,18:15,2004,regular,,final,McNeese,Nicholls,2377,2447,57,42,,,,,,,,,
240650326,2004-03-05,18:30,2004,regular,,final,Texas State,Stephen F. Austin,326,2617,68,91,,Sun Belt,WAC,,,,,,
240652433,2004-03-05,18:30,2004,regular,,final,UL Monroe,Northwestern State,2433,2466,74,63,,Sun Belt,,,,,,,
240650043,2004-03-05,19:00,2004,regular,,final,Yale,Cornell,43,172,83,60,,Ivy,Ivy,,,,,,
240650057,2004-03-05,19:00,2004,regular,,final,Florida,Georgia,57,61,72,76,,SEC,SEC,,,,,,SEC TOURNAMENT
240650160,2004-03-05,19:00,2004,regular,,final,New Hampshire,Boston University,160,104,57,68,,Am. East,Am. East,,,,,,
240650163,2004-03-05,19:00,2004,regular,,final,Princeton,Harvard,163,108,53,68,,Ivy,Ivy,,,,,,
240650219,2004-03-05,19:00,2004,regular,,final,Pennsylvania,Dartmouth,219,159,78,61,,Ivy,Ivy,,,,,,
240650225,2004-03-05,19:00,2004,regular,,final,Brown,Columbia,225,171,76,66,,Ivy,Ivy,,,,,,
240650350,2004-03-05,19:00,2004,regular,,final,UNC Wilmington,Hofstra,350,2275,65,61,,CAA,CAA,,,,,,
240652628,2004-03-05,19:00,2004,regular,,final,TCU,Charlotte,2628,2429,89,73,,C-USA,C-USA,,,,,,CONFERENCE USA TOURNAMENT
240652636,2004-03-05,19:00,2004,regular,,final,UTSA,SE Louisiana,2636,2545,60,41,,C-USA,,,,,,,
240652329,2004-03-05,19:30,2004,regular,,final,Lehigh,Army,2329,349,63,53,,Patriot,Patriot,,,,,,PATRIOT LEAGUE TR
240652405,2004-03-05,20:00,2004,regular,,final,Monmouth,Wagner,2405,2681,72,54,,NEC,NEC,,,,,,NORTHEAST CONF TR
240650194,2004-03-05,20:30,2004,regular,,final,Ohio State,Minnesota,194,135,58,50,,Big Ten,Big Ten,,,,,,BIG 10 TOURNAMENT
240650204,2004-03-05,21:00,2004,regular,,final,Oregon State,Washington State,204,265,67,43,,Pac-12,Pac-12,,,,,,PAC 10 TOURNAMENT
240650328,2004-03-05,21:00,2004,regular,,final,Utah State,Idaho,328,70,65,80,,Big West,Big West,,,,,,
240650002,2004-03-05,21:30,2004,regular,,final,Auburn,Vanderbilt,2,238,74,76,,SEC,SEC,,,,,,SEC TOURNAMENT
240650097,2004-03-05,21:30,2004,regular,,final,Louisville,Memphis,97,235,63,58,,C-USA,C-USA,,,,,,CONFERENCE USA TOURNAMENT
240652483,2004-03-05,23:15,2004,regular,,final,Oregon,California,2483,25,57,82,,Pac-12,Pac-12,,,,,,PAC 10 TOURNAMENT
240662561,2004-03-06,11:30,2004,regular,,final,Siena,Canisius,2561,2099,72,81,,MAAC,MAAC,,,,,,MAAC TOURNAMENT
240660006,2004-03-06,12:00,2004,regular,,final,South Alabama,Denver,6,2172,45,47,,Sun Belt,Sun Belt,,,,,,SUN BELT TOURNAMENT
240660045,2004-03-06,12:00,2004,regular,,final,George Washington,La Salle,45,2325,64,61,,A 10,A 10,,,,,,ATLANTIC 10 TOURNAMENT
240660103,2004-03-06,12:00,2004,regular,,final,Boston College,Syracuse,103,183,64,36,,Big East,Big East,,,,,,BIG EAST TOURNAMENT
240660150,2004-03-06,12:00,2004,regular,,final,Duke,Wake Forest,150,154,77,59,,ACC,ACC,,,,,,ACC CONF TR
240660111,2004-03-06,13:00,2004,regular,,final,Northeastern,Stony Brook,111,2619,92,68,,Am. East,Am. East,,,,,,
240660189,2004-03-06,13:00,2004,regular,,final,Bowling Green,Central Michigan,189,2117,66,54,,MAC,MAC,,,,,,MID AMERICAN TOURNAMENT
240660276,2004-03-06,13:00,2004,regular,,final,Marshall,Buffalo,276,2084,69,45,,MAC,MAC,,,,,,MID AMERICAN TOURNAMENT
240660399,2004-03-06,13:00,2004,regular,,final,Albany,UMBC,399,2378,64,44,,Am. East,Am. East,,,,,,
240662066,2004-03-06,13:00,2004,regular,,final,Binghamton,Vermont,2066,261,61,69,,Am. East,Am. East,,,,,,
240662097,2004-03-06,13:00,2004,regular,,final,Campbell,Georgia State,2097,2247,53,71,,ASUN,ASUN,,,,,,
240662459,2004-03-06,13:00,2004,regular,,final,Northern Illinois,Ball State,2459,2050,71,80,,MAC,MAC,,,,,,MID AMERICAN TOURNAMENT
240662710,2004-03-06,13:00,2004,regular,,final,Western Illinois,Chicago State,2710,2130,61,49,,,,,,,,,MID CONTINENT CONF TR
240660030,2004-03-06,14:00,2004,regular,,final,USC,Washington,30,264,50,67,,Pac-12,Pac-12,,,,,,PAC 10 CONF TR
240660042,2004-03-06,14:00,2004,regular,,final,Hartford,Maine,42,311,40,61,,Am. East,Am. East,,,,,,
240660248,2004-03-06,14:00,2004,regular,,final,Houston,Marquette,248,269,67,59,,C-USA,C-USA,,,,,,CONFERENCE USA TOURNAMENT
240660259,2004-03-06,14:00,2004,regular,,final,Virginia Tech,Georgetown,259,46,56,47,,Big East,Big East,,,,,,BIG EAST TOURNAMENT
240662116,2004-03-06,14:00,2004,regular,,final,UCF,Stetson,2116,56,59,39,,ASUN,ASUN,,,,,,
240662241,2004-03-06,14:00,2004,regular,,final,Gardner-Webb,Mercer,2241,2382,60,68,,ASUN,ASUN,,,,,,
240662368,2004-03-06,14:00,2004,regular,,final,Marist,Saint Peter's,2368,2612,62,54,,MAAC,MAAC,,,,,,MAAC TOURNAMENT
240662450,2004-03-06,14:00,2004,regular,,final,Norfolk State,Hampton,2450,2261,60,73,,MEAC,MEAC,,,,,,
240662603,2004-03-06,14:00,2004,regular,,final,Saint Joseph's,Duquesne,2603,2184,73,63,,A 10,A 10,,,,,,ATLANTIC 10 TOURNAMENT
240660153,2004-03-06,14:30,2004,regular,,final,North Carolina,Virginia,153,258,64,45,,ACC,ACC,,,,,,ACC CONF TR
240662032,2004-03-06,14:30,2004,regular,,final,Arkansas State,New Mexico State,2032,166,65,71,,Sun Belt,Sun Belt,,,,,,SUN BELT TOURNAMENT
240660003,2004-03-06,15:00,2004,regular,,final,Birmingham-Southern,UNC Asheville,3,2427,70,83,,Big South,Big South,,,,,,
240662046,2004-03-06,15:00,2004,regular,,final,Austin Peay,Eastern Kentucky,2046,2198,65,51,,ASUN,ASUN,,,,,,OHIO VALLEY CHAMPIONSHIP
240662351,2004-03-06,15:00,2004,regular,,final,Loyola Marymount,Portland,2351,2501,59,54,,WCC,WCC,,,,,,WEST COAST CONF TR
240662534,2004-03-06,15:00,2004,regular,,final,Sam Houston,Lamar,2534,2320,59,51,,WAC,,,,,,,
240662567,2004-03-06,15:00,2004,regular,,final,SMU,Rice,2567,242,60,70,,WAC,WAC,,,,,,
240662181,2004-03-06,15:05,2004,regular,,final,Drake,Evansville,2181,339,86,73,,MVC,MVC,,,,,,
240662473,2004-03-06,15:15,2004,regular,,final,Oakland,Oral Roberts,2473,198,49,57,,Horizon,,,,,,,MID CONTINENT CONF TR
240660167,2004-03-06,16:00,2004,regular,,final,New Mexico,Colorado State,167,36,59,54,,Mountain West,Mountain West,,,,,,
240660218,2004-03-06,16:00,2004,regular,,final,Temple,Xavier,218,2752,55,48,,A 10,A 10,,,,,,ATLANTIC 10 TOURNAMENT
240662005,2004-03-06,16:00,2004,regular,,final,Air Force,Wyoming,2005,2751,44,65,,Mountain West,Mountain West,,,,,,
240662569,2004-03-06,16:00,2004,regular,,final,South Carolina State,North Carolina A&T,2569,2448,60,64,,MEAC,MEAC,,,,,,
240660156,2004-03-06,16:05,2004,regular,,final,Creighton,Southern Illinois,156,79,77,60,,MVC,MVC,,,,,,
240662460,2004-03-06,16:05,2004,regular,,final,Northern Iowa,Illinois State,2460,2287,72,63,,MVC,MVC,,,,,,
240660012,2004-03-06,16:15,2004,regular,,final,Arizona,Oregon State,12,204,81,58,,Pac-12,Pac-12,,,,,,PAC 10 CONF TR
240662628,2004-03-06,16:30,2004,regular,,final,TCU,Louisville,2628,97,69,59,,C-USA,C-USA,,,,,,CONFERENCE USA TOURNAMENT
240662711,2004-03-06,16:30,2004,regular,,final,Western Michigan,Akron,2711,2006,89,67,,MAC,MAC,,,,,,MID AMERICAN TOURNAMENT
240660236,2004-03-06,17:00,2004,regular,,final,Chattanooga,Western Carolina,236,2717,86,68,,Southern,Southern,,,,,,SOUTHERN CONF CHAMP
240660254,2004-03-06,17:00,2004,regular,,final,Utah,San Diego State,254,21,63,51,,Mountain West,Mountain West,,,,,,
240662250,2004-03-06,17:30,2004,regular,,final,Gonzaga,Pepperdine,2250,2492,66,64,,WCC,WCC,,,,,,WEST COAST CONF TR
240660152,2004-03-06,18:00,2004,regular,,final,NC State,Clemson,152,228,45,43,,ACC,ACC,,,,,,ACC CONF TR
240660164,2004-03-06,18:00,2004,regular,,final,Rutgers,Seton Hall,164,2550,51,42,,Big East,Big East,,,,,,BIG EAST TOURNAMENT
240660252,2004-03-06,18:00,2004,regular,,final,BYU,UNLV,252,2439,59,67,,Mountain West,Mountain West,,,,,,
240660257,2004-03-06,18:00,2004,regular,,final,Richmond,Rhode Island,257,227,58,50,,A 10,A 10,,,,,,ATLANTIC 10 TOURNAMENT
240662674,2004-03-06,18:00,2004,regular,,final,Valparaiso,IUPUI,2674,85,53,52,,MVC,Horizon,,,,,,MID CONTINENT CONF TR
240662010,2004-03-06,18:30,2004,regular,,final,Alabama A&M,Grambling,2010,2755,65,50,,SWAC,SWAC,,,,,,
240662016,2004-03-06,18:30,2004,regular,,final,Alcorn State,Prairie View A&M,2016,2504,75,44,,SWAC,SWAC,,,,,,
240662029,2004-03-06,18:30,2004,regular,,final,Arkansas-Pine Bluff,Mississippi Valley State,2029,2400,59,49,,SWAC,SWAC,,,,,,
240662582,2004-03-06,18:30,2004,regular,,final,Southern,Texas Southern,2582,2640,60,55,,SWAC,SWAC,,,,,,
240660043,2004-03-06,19:00,2004,regular,,final,Yale,Columbia,43,171,56,50,,Ivy,Ivy,,,,,,
240660163,2004-03-06,19:00,2004,regular,,final,Princeton,Dartmouth,163,159,66,58,,Ivy,Ivy,,,,,,
240660225,2004-03-06,19:00,2004,regular,,final,Brown,Cornell,225,172,68,51,,Ivy,Ivy,,,,,,
240660324,2004-03-06,19:00,2004,regular,,final,Coastal Carolina,Charleston Southern,324,2127,69,77,,Big South,Big South,,,,,,
240662011,2004-03-06,19:00,2004,regular,,final,Alabama State,Jackson State,2011,2296,68,46,,SWAC,SWAC,,,,,,
240662226,2004-03-06,19:00,2004,regular,,final,Florida Atlantic,Jacksonville,2226,294,78,66,,ASUN,ASUN,,,,,,
240662335,2004-03-06,19:00,2004,regular,,final,Liberty,Radford,2335,2515,62,42,,Big South,Big South,,,,,,
240662633,2004-03-06,19:00,2004,regular,,final,Tennessee,Georgia,2633,61,66,68,,SEC,SEC,,,,,,SEC TOURNAMENT
240662649,2004-03-06,19:00,2004,regular,,final,Toledo,Ohio,2649,195,68,65,,MAC,MAC,,,,,,MID AMERICAN TOURNAMENT
240662737,2004-03-06,19:00,2004,regular,,final,Winthrop,High Point,2737,2272,57,82,,Big South,Big South,,,,,,
240660024,2004-03-06,20:00,2004,regular,,final,Stanford,California,24,25,80,65,,Pac-12,Pac-12,,,,,,PAC 10 CONF TR
240660219,2004-03-06,20:00,2004,regular,,final,Pennsylvania,Harvard,219,108,67,72,,Ivy,Ivy,,,,,,
240660277,2004-03-06,20:00,2004,regular,,final,West Virginia,St. John's,277,2599,84,59,,Big East,Big East,,,,,,BIG EAST TOURNAMENT
240662057,2004-03-06,20:00,2004,regular,,final,Belmont,Troy,2057,2653,62,54,,ASUN,ASUN,,,,,,
240662348,2004-03-06,20:00,2004,regular,,final,Louisiana Tech,Tulsa,2348,202,81,57,,WAC,WAC,,,,,,
240662724,2004-03-06,20:00,2004,regular,,final,Wichita State,Missouri State,2724,2623,71,81,,MVC,MVC,,,,,,
240660071,2004-03-06,20:05,2004,regular,,final,Bradley,Indiana State,71,282,97,83,,MVC,MVC,,,,,,
240660140,2004-03-06,20:15,2004,regular,,final,Kansas City,Southern Utah,140,253,71,65,,,WAC,,,,,,MID CONTINENT CONF TR
240660120,2004-03-06,20:30,2004,regular,,final,Maryland,Florida State,120,52,62,47,,ACC,ACC,,,,,,ACC CONF TR
240660147,2004-03-06,21:05,2004,regular,,final,Montana State,Eastern Washington,147,331,67,58,,Big Sky,Big Sky,,,,,,
240662464,2004-03-06,21:05,2004,regular,,final,Northern Arizona,Sacramento State,2464,16,78,61,,Big Sky,Big Sky,,,,,,
240662692,2004-03-06,21:05,2004,regular,,final,Weber State,Idaho State,2692,304,74,54,,Big Sky,Big Sky,,,,,,
240660099,2004-03-06,21:30,2004,regular,,final,LSU,Vanderbilt,99,238,66,78,,SEC,SEC,,,,,,SEC TOURNAMENT
240660149,2004-03-06,21:35,2004,regular,,final,Montana,Portland State,149,2502,85,50,,Big Sky,Big Sky,,,,,,
240660027,2004-03-06,22:00,2004,regular,,final,UC Riverside,Pacific,27,279,68,72,,Big West,Big West,,,,,,
240660300,2004-03-06,22:00,2004,regular,,final,UC Irvine,Cal Poly,300,13,71,78,,Big West,Big West,,,,,,
240662239,2004-03-06,22:00,2004,regular,,final,Cal State Fullerton,Cal State Northridge,2239,2463,73,65,,Big West,Big West,,,,,,
240660026,2004-03-06,22:15,2004,regular,,final,UCLA,Arizona State,26,9,70,50,,Pac-12,Pac-12,,,,,,PAC 10 CONF TR
240660299,2004-03-06,22:30,2004,regular,,final,Long Beach State,UC Santa Barbara,299,2540,49,66,,Big West,Big West,,,,,,
240660023,2004-03-06,23:00,2004,regular,,final,San José State,Nevada,23,2440,81,78,,WAC,WAC,,,,,,
240660062,2004-03-07,00:00,2004,regular,,final,Hawai'i,Fresno State,62,278,54,63,,WAC,WAC,,,,,,
240672142,2004-03-07,12:00,2004,regular,,final,Colgate,Bucknell,2142,2083,61,57,,Patriot,Patriot,,,,,,PATRIOT LEAGUE TR
240672368,2004-03-07,12:00,2004,regular,,final,Marist,Canisius,2368,2099,76,74,,MAAC,MAAC,,,,,,MAAC CHAMPIONSHIP
240672390,2004-03-07,12:00,2004,regular,,final,Miami,Boston College,2390,103,53,65,,Big East,Big East,,,,,,BIG EAST TOURNAMENT
240672393,2004-03-07,12:00,2004,regular,,final,Middle Tennessee,North Texas,2393,249,81,66,,Sun Belt,Sun Belt,,,,,,SUN BELT TOURNAMENT
240672598,2004-03-07,12:00,2004,regular,,final,St. Francis (PA),Quinnipiac,2598,2514,69,62,,NEC,NEC,,,,,,NORTHEAST CONF TR
240670150,2004-03-07,13:00,2004,regular,,final,Duke,Maryland,150,120,70,63,,ACC,ACC,,,,,,ACC TOURNAMENT
240670045,2004-03-07,14:00,2004,regular,,final,George Washington,Saint Joseph's,45,2603,57,70,,A 10,A 10,,,,,,ATLANTIC 10 TOURNAMENT
240670248,2004-03-07,14:00,2004,regular,,final,Houston,TCU,248,2628,86,75,,C-USA,C-USA,,,,,,CONF USA CHAMP
240670041,2004-03-07,14:30,2004,regular,,final,UConn,Virginia Tech,41,259,48,34,,Big East,Big East,,,,,,BIG EAST TOURNAMENT
240670044,2004-03-07,14:30,2004,regular,,final,American University,Lehigh,44,2329,71,58,,Patriot,Patriot,,,,,,PATRIOT LEAGUE TR
240670098,2004-03-07,14:30,2004,regular,,final,Western Kentucky,Louisiana,98,309,85,68,,Sun Belt,Sun Belt,,,,,,SUN BELT TOURNAMENT
240672529,2004-03-07,14:30,2004,regular,,final,Sacred Heart,Monmouth,2529,2405,60,64,,NEC,NEC,,,,,,NORTHEAST CONF TR
240672739,2004-03-07,15:00,2004,regular,,final,Green Bay,Butler,2739,2086,65,54,,Horizon,Horizon,,,,,,HORIZON LEAGUE TOURNAMENT
240670153,2004-03-07,15:30,2004,regular,,final,North Carolina,NC State,153,152,75,64,,ACC,ACC,,,,,,ACC TOURNAMENT
240670213,2004-03-07,15:30,2004,regular,,final,Penn State,Michigan State,213,127,58,54,,Big Ten,Big Ten,,,,,,BIG 10 TOURNAMENT
240670012,2004-03-07,15:38,2004,regular,,final,Arizona,Washington,12,264,77,55,,Pac-12,Pac-12,,,,,,PAC 10 CONF TR
240670061,2004-03-07,16:00,2004,regular,,final,Georgia,Vanderbilt,61,238,56,62,,SEC,SEC,,,,,,SEC CHAMPIONSHIP
240670218,2004-03-07,16:00,2004,regular,,final,Temple,Richmond,218,257,64,62,,A 10,A 10,,,,,,ATLANTIC 10 TOURNAMENT
240672351,2004-03-07,16:00,2004,regular,,final,Loyola Marymount,Gonzaga,2351,2250,61,58,,WCC,WCC,,,,,,WEST COAST CONF CHAM
240670270,2004-03-07,17:30,2004,regular,,final,Milwaukee,Detroit Mercy,270,2174,58,64,,Horizon,Horizon,,,,,,HORIZON LEAGUE TOURNAMENT
240670087,2004-03-07,18:00,2004,regular,,final,Notre Dame,Rutgers,87,164,45,51,,Big East,Big East,,,,,,BIG EAST TOURNAMENT
240672509,2004-03-07,18:00,2004,regular,,final,Purdue,Ohio State,2509,194,67,61,,Big Ten,Big Ten,,,,,,BIG 10 TOURNAMENT
240670024,2004-03-07,18:05,2004,regular,,final,Stanford,UCLA,24,26,70,66,,Pac-12,Pac-12,,,,,,PAC 10 CONF TR
240670222,2004-03-07,20:30,2004,regular,,final,Villanova,West Virginia,222,277,47,58,,Big East,Big East,,,,,,BIG EAST TOURNAMENT
240682065,2004-03-08,11:00,2004,regular,,final,Bethune-Cookman,Morgan State,2065,2415,81,52,,MEAC,MEAC,,,,,,MEAC TOURNAMENT
240682393,2004-03-08,12:00,2004,regular,,final,Middle Tennessee,Denver,2393,2172,64,61,,Sun Belt,Sun Belt,,,,,,SUN BELT TOURNAMENT
240682710,2004-03-08,13:00,2004,regular,,final,Western Illinois,Oral Roberts,2710,198,70,72,,,,,,,,,MID CONTINENT CONF TR
240682379,2004-03-08,13:30,2004,regular,,final,Maryland-Eastern Shore,North Carolina A&T,2379,2448,79,61,,MEAC,MEAC,,,,,,MEAC TOURNAMENT
240680098,2004-03-08,14:30,2004,regular,,final,Western Kentucky,New Mexico State,98,166,71,56,,Sun Belt,Sun Belt,,,,,,SUN BELT TOURNAMENT
240682674,2004-03-08,15:15,2004,regular,,final,Valparaiso,Kansas City,2674,140,66,54,,MVC,,,,,,,MID CONTINENT CONF TR
240680218,2004-03-08,17:00,2004,regular,,final,Temple,Saint Joseph's,218,2603,53,48,,A 10,A 10,,,,,,ATL 10 CHAMPIONSHIP
240680041,2004-03-08,18:00,2004,regular,,final,UConn,Boston College,41,103,70,73,,Big East,Big East,,,,,,BIG EAST TOURNAMENT
240680213,2004-03-08,19:00,2004,regular,,final,Penn State,Purdue,213,2509,58,59,,Big Ten,Big Ten,,,,,,BIG TEN CHAMPIONSHIP
240682739,2004-03-08,19:00,2004,regular,,final,Green Bay,Detroit Mercy,2739,2174,66,54,,Horizon,Horizon,,,,,,HORIZON LEAGUE CHAMPIONSHIP
240680150,2004-03-08,19:30,2004,regular,,final,Duke,North Carolina,150,153,63,47,,ACC,ACC,,,,,,ACC CHAMPIONSHIP
240680277,2004-03-08,20:00,2004,regular,,final,West Virginia,Rutgers,277,164,51,61,,Big East,Big East,,,,,,BIG EAST TOURNAMENT
240680024,2004-03-08,22:38,2004,regular,,final,Stanford,Arizona,24,12,51,46,,Pac-12,Pac-12,,,,,,PAC 10 CHAMPIONSHIP
240692569,2004-03-09,11:00,2004,regular,,final,South Carolina State,Norfolk State,2569,2450,56,60,,MEAC,MEAC,,,,,,MEAC TOURNAMENT
240690158,2004-03-09,13:00,2004,regular,,final,Nebraska,Iowa State,158,66,52,63,,Big 12,Big 12,,,,,,BIG 12 CONF TR
240690062,2004-03-09,15:00,2004,regular,,final,Hawai'i,Boise State,62,68,56,59,,WAC,WAC,,,,,,WAC TOURNAMENT
240690239,2004-03-09,15:30,2004,regular,,final,Baylor,Kansas,239,2305,86,71,,Big 12,Big 12,,,,,,BIG 12 CONF TR
240692674,2004-03-09,15:30,2004,regular,,final,Valparaiso,Oral Roberts,2674,198,64,63,,MVC,,,,,,,MID-CON CHAMPIONSHIP
240690098,2004-03-09,16:00,2004,regular,,final,Western Kentucky,Middle Tennessee,98,2393,57,79,,Sun Belt,Sun Belt,,,,,,SUN BELT CHAMPIONSHP
240690023,2004-03-09,17:30,2004,regular,,final,San José State,Nevada,23,2440,68,60,,WAC,WAC,,,,,,WAC TOURNAMENT
240690103,2004-03-09,19:00,2004,regular,,final,Boston College,Rutgers,103,164,75,57,,Big East,Big East,,,,,,BIG EAST CHAMPIONSHP
240690142,2004-03-09,19:00,2004,regular,,final,Missouri,Oklahoma State,142,197,75,52,,Big 12,Big 12,,,,,,BIG 12 CONF TR
240690159,2004-03-09,19:00,2004,regular,,final,Dartmouth,Harvard,159,108,59,82,,Ivy,Ivy,,,,,,
240692127,2004-03-09,19:00,2004,regular,,final,Charleston Southern,Radford,2127,2515,57,58,,Big South,Big South,,,,,,BIG SOUTH TOURNAMENT
240692272,2004-03-09,19:00,2004,regular,,final,High Point,Coastal Carolina,2272,324,62,68,,Big South,Big South,,,,,,BIG SOUTH TOURNAMENT
240692335,2004-03-09,19:00,2004,regular,,final,Liberty,Winthrop,2335,2737,81,47,,Big South,Big South,,,,,,BIG SOUTH TOURNAMENT
240692427,2004-03-09,19:00,2004,regular,,final,UNC Asheville,Birmingham-Southern,2427,3,49,56,,Big South,Big South,,,,,,BIG SOUTH TOURNAMENT
240690250,2004-03-09,20:00,2004,regular,,final,UT Arlington,Stephen F. Austin,250,2617,69,61,,WAC,WAC,,,,,,SOUTHLAND CONF TR
240692433,2004-03-09,20:00,2004,regular,,final,UL Monroe,Texas State,2433,326,72,59,,Sun Belt,Sun Belt,,,,,,SOUTHLAND CONF TR
240692466,2004-03-09,20:00,2004,regular,,final,Northwestern State,Sam Houston,2466,2534,69,61,,,WAC,,,,,,SOUTHLAND CONF TR
240692636,2004-03-09,20:00,2004,regular,,final,UTSA,McNeese,2636,2377,61,42,,C-USA,,,,,,,SOUTHLAND CONF TR
240690201,2004-03-09,21:30,2004,regular,,final,Oklahoma,Texas A&M,201,245,60,47,,Big 12,Big 12,,,,,,BIG 12 CONF TR
240702016,2004-03-10,11:00,2004,regular,,final,Alcorn State,Grambling,2016,2755,78,81,,SWAC,SWAC,,,,,,SWAC TOURNAMENT
240702169,2004-03-10,12:00,2004,regular,,final,Delaware State,Norfolk State,2169,2450,50,44,,MEAC,MEAC,,,,,,MEAC TOURNAMENT
240700193,2004-03-10,13:00,2004,regular,,final,Miami (OH),Ball State,193,2050,85,71,,MAC,MAC,,,,,,MID AMERICAN TOURNAMENT
240700251,2004-03-10,13:00,2004,regular,,final,Texas,Iowa State,251,66,64,54,,Big 12,Big 12,,,,,,BIG 12 CONF TR
240702582,2004-03-10,13:30,2004,regular,,final,Southern,Alabama A&M,2582,2010,84,76,,SWAC,SWAC,,,,,,SWAC TOURNAMENT
240700167,2004-03-10,14:00,2004,regular,,final,New Mexico,Air Force,167,2005,63,50,,Mountain West,Mountain West,,,,,,MOUNTAIN WEST TR
240702261,2004-03-10,14:30,2004,regular,,final,Hampton,Maryland-Eastern Shore,2261,2379,77,64,,MEAC,MEAC,,,,,,MEAC TOURNAMENT
240700299,2004-03-10,15:00,2004,regular,,final,Long Beach State,Utah State,299,328,55,48,,Big West,Big West,,,,,,BIG WEST TOURNAMENT
240702348,2004-03-10,15:00,2004,regular,,final,Louisiana Tech,Boise State,2348,68,100,56,,WAC,WAC,,,,,,WAC TOURNAMENT
240700189,2004-03-10,15:30,2004,regular,,final,Bowling Green,Western Michigan,189,2711,63,62,,MAC,MAC,,,,,,MID AMERICAN TOURNAMENT
240702641,2004-03-10,15:30,2004,regular,,final,Texas Tech,Baylor,2641,239,72,80,,Big 12,Big 12,,,,,,BIG 12 CONF TR
240700036,2004-03-10,16:30,2004,regular,,final,Colorado State,Wyoming,36,2751,61,67,,Mountain West,Mountain West,,,,,,MOUNTAIN WEST TR
240700256,2004-03-10,17:00,2004,regular,,final,James Madison,Towson,256,119,63,61,,CAA,CAA,,,,,,COLONIAL CONF TR
240702199,2004-03-10,17:30,2004,regular,,final,Eastern Michigan,Toledo,2199,2649,60,47,,MAC,MAC,,,,,,MID AMERICAN TOURNAMENT
240702239,2004-03-10,17:30,2004,regular,,final,Cal State Fullerton,UC Riverside,2239,27,71,56,,Big West,Big West,,,,,,BIG WEST TOURNAMENT
240702638,2004-03-10,17:30,2004,regular,,final,UTEP,SMU,2638,2567,80,73,,WAC,WAC,,,,,,WAC TOURNAMENT
240702296,2004-03-10,18:00,2004,regular,,final,Jackson State,Texas Southern,2296,2640,51,49,,SWAC,SWAC,,,,,,SWAC TOURNAMENT
240700111,2004-03-10,19:00,2004,regular,,final,Northeastern,UMBC,111,2378,55,30,,Am. East,Am. East,,,,,,AMERICA EAST CONF TR
240702142,2004-03-10,19:00,2004,regular,,final,Colgate,American University,2142,44,71,60,,Patriot,Patriot,,,,,,PATRIOT LEAGUE CHAMPIONSHIP
240702306,2004-03-10,19:00,2004,regular,,final,Kansas State,Missouri,2306,142,79,58,,Big 12,Big 12,,,,,,BIG 12 CONF TR
240702182,2004-03-10,19:30,2004,regular,,final,Drexel,William & Mary,2182,2729,70,80,,CAA,CAA,,,,,,COLONIAL CONF TR
240700254,2004-03-10,20:00,2004,regular,,final,Utah,San Diego State,254,21,68,51,,Mountain West,Mountain West,,,,,,MOUNTAIN WEST TR
240702309,2004-03-10,20:00,2004,regular,,final,Kent State,Marshall,2309,276,58,64,,MAC,MAC,,,,,,MID AMERICAN TOURNAMENT
240702011,2004-03-10,20:30,2004,regular,,final,Alabama State,Mississippi Valley State,2011,2400,52,57,,SWAC,SWAC,,,,,,SWAC TOURNAMENT
240700242,2004-03-10,21:00,2004,regular,,final,Rice,San José State,242,23,67,54,,WAC,WAC,,,,,,WAC TOURNAMENT
240700038,2004-03-10,21:30,2004,regular,,final,Colorado,Oklahoma,38,201,56,63,,Big 12,Big 12,,,,,,BIG 12 CONF TR
240700160,2004-03-10,21:30,2004,regular,,final,New Hampshire,Stony Brook,160,2619,74,65,,Am. East,Am. East,,,,,,AMERICA EAST CONF TR
240702439,2004-03-10,22:30,2004,regular,,final,UNLV,BYU,2439,252,60,57,,Mountain West,Mountain West,,,,,,MOUNTAIN WEST TR
240700202,2004-03-10,23:30,2004,regular,,final,Tulsa,Fresno State,202,278,79,55,,WAC,WAC,,,,,,WAC TOURNAMENT
240710050,2004-03-11,12:00,2004,regular,,final,Florida A&M,Howard,50,47,75,54,,MEAC,MEAC,,,,,,MEAC TOURNAMENT
240710104,2004-03-11,12:00,2004,regular,,final,Boston University,Vermont,104,261,67,57,,Am. East,Am. East,,,,,,AMERICA EAST CONF TR
240712244,2004-03-11,12:00,2004,regular,,final,George Mason,James Madison,2244,256,84,67,,CAA,CAA,,,,,,COLONIAL ATHLETIC ASSN TR
240710156,2004-03-11,13:00,2004,regular,,final,Creighton,Northern Iowa,156,2460,65,71,,MVC,MVC,,,,,,MISSOURI VALLEY CONF TR
240712057,2004-03-11,14:00,2004,regular,,final,Belmont,Stetson,2057,56,61,64,,ASUN,ASUN,,,,,,ATLANTIC SUN TR
240712066,2004-03-11,14:30,2004,regular,,final,Binghamton,Northeastern,2066,111,53,63,,Am. East,Am. East,,,,,,AMERICA EAST CONF TR
240712154,2004-03-11,14:30,2004,regular,,final,Coppin State,Bethune-Cookman,2154,2065,64,58,,MEAC,MEAC,,,,,,MEAC TOURNAMENT
240712275,2004-03-11,14:30,2004,regular,,final,Hofstra,VCU,2275,2670,61,72,,CAA,CAA,,,,,,COLONIAL ATHLETIC ASSN TR
240710279,2004-03-11,15:00,2004,regular,,final,Pacific,Cal State Fullerton,279,2239,78,59,,Big West,Big West,,,,,,BIG WEST TOURNAMENT
240712181,2004-03-11,15:30,2004,regular,,final,Drake,Bradley,2181,71,60,57,,MVC,MVC,,,,,,MISSOURI VALLEY CONF TR
240712116,2004-03-11,16:30,2004,regular,,final,UCF,Mercer,2116,2382,73,58,,ASUN,ASUN,,,,,,ATLANTIC SUN TR
240710048,2004-03-11,17:00,2004,regular,,final,Delaware,UNC Wilmington,48,350,65,59,,CAA,CAA,,,,,,COLONIAL ATHLETIC ASSN TR
240710013,2004-03-11,17:30,2004,regular,,final,Cal Poly,Long Beach State,13,299,55,58,,Big West,Big West,,,,,,BIG WEST TOURNAMENT
240710311,2004-03-11,18:00,2004,regular,,final,Maine,New Hampshire,311,160,66,40,,Am. East,Am. East,,,,,,AMERICA EAST CONF TR
240710251,2004-03-11,19:00,2004,regular,,final,Texas,Baylor,251,239,63,59,,Big 12,Big 12,,,,,,BIG 12 TOURNAMENT
240710288,2004-03-11,19:00,2004,regular,,final,Lipscomb,Troy,288,2653,73,63,,ASUN,ASUN,,,,,,ATLANTIC SUN TR
240710324,2004-03-11,19:00,2004,regular,,final,Coastal Carolina,Birmingham-Southern,324,3,49,55,,Big South,Big South,,,,,,BIG SOUTH CONF TR
240712335,2004-03-11,19:00,2004,regular,,final,Liberty,Radford,2335,2515,82,59,,Big South,Big South,,,,,,BIG SOUTH CONF TR
240712623,2004-03-11,19:00,2004,regular,,final,Missouri State,Wichita State,2623,2724,79,60,,MVC,MVC,,,,,,MISSOURI VALLEY CONF TR
240710295,2004-03-11,19:30,2004,regular,,final,Old Dominion,William & Mary,295,2729,82,56,,CAA,CAA,,,,,,COLONIAL ATHLETIC ASSN TR
240712692,2004-03-11,19:30,2004,regular,,final,Weber State,Eastern Washington,2692,331,57,58,,Big Sky,Big Sky,,,,,,BIG SKY TOURNAMENT
240712433,2004-03-11,20:00,2004,regular,,final,UL Monroe,UT Arlington,2433,250,53,56,,Sun Belt,WAC,,,,,,SOUTHLAND CONF TR
240712466,2004-03-11,20:00,2004,regular,,final,Northwestern State,UTSA,2466,2636,82,71,,,C-USA,,,,,,SOUTHLAND CONF TR
240710399,2004-03-11,20:30,2004,regular,,final,Albany,Hartford,399,42,52,50,,Am. East,Am. East,,,,,,AMERICA EAST CONF TR
240710282,2004-03-11,21:30,2004,regular,,final,Indiana State,Illinois State,282,2287,63,77,,MVC,MVC,,,,,,MISSOURI VALLEY CONF TR
240712247,2004-03-11,21:30,2004,regular,,final,Georgia State,Florida Atlantic,2247,2226,58,46,,ASUN,ASUN,,,,,,ATLANTIC SUN TR
240712306,2004-03-11,21:30,2004,regular,,final,Kansas State,Oklahoma,2306,201,66,78,,Big 12,Big 12,,,,,,BIG 12 TOURNAMENT
240710147,2004-03-11,22:00,2004,regular,,final,Montana State,Northern Arizona,147,2464,72,54,,Big Sky,Big Sky,,,,,,BIG SKY TOURNAMENT
240722296,2004-03-12,11:00,2004,regular,,final,Jackson State,Southern,2296,2582,47,48,,SWAC,SWAC,,,,,,SWAC TOURNAMENT
240720193,2004-03-12,12:00,2004,regular,,final,Miami (OH),Bowling Green,193,189,74,75,,MAC,MAC,,,,,,MID AMERICAN TOURNAMENT
240722169,2004-03-12,12:00,2004,regular,,final,Delaware State,Florida A&M,2169,50,74,62,,MEAC,MEAC,,,,,,MEAC TOURNAMENT
240722755,2004-03-12,13:30,2004,regular,,final,Grambling,Mississippi Valley State,2755,2400,75,76,,SWAC,SWAC,,,,,,SWAC TOURNAMENT
240720167,2004-03-12,14:00,2004,regular,,final,New Mexico,Wyoming,167,2751,51,44,,Mountain West,Mountain West,,,,,,MOUNTAIN WEST TR
240722199,2004-03-12,14:30,2004,regular,,final,Eastern Michigan,Marshall,2199,276,75,70,,MAC,MAC,,,,,,MID AMERICAN TOURNAMENT
240722348,2004-03-12,15:00,2004,regular,,final,Louisiana Tech,UTEP,2348,2638,74,47,,WAC,WAC,,,,,,WAC TOURNAMENT
240722540,2004-03-12,15:00,2004,regular,,final,UC Santa Barbara,Long Beach State,2540,299,74,56,,Big West,Big West,,,,,,BIG WEST TOURNAMENT
240720254,2004-03-12,16:30,2004,regular,,final,Utah,UNLV,254,2439,59,55,,Mountain West,Mountain West,,,,,,MOUNTAIN WEST TR
240722244,2004-03-12,17:00,2004,regular,,final,George Mason,VCU,2244,2670,73,59,,CAA,CAA,,,,,,COLONIAL ATHLETIC ASSN TR
240720070,2004-03-12,17:30,2004,regular,,final,Idaho,Pacific,70,279,71,68,,Big West,Big West,,,,,,BIG WEST TOURNAMENT
240720242,2004-03-12,17:30,2004,regular,,final,Rice,Tulsa,242,202,55,42,,WAC,WAC,,,,,,WAC TOURNAMENT
240720311,2004-03-12,18:00,2004,regular,,final,Maine,Albany,311,399,62,49,,Am. East,Am. East,,,,,,AMERICA EAST CONF TR
240722116,2004-03-12,19:00,2004,regular,,final,UCF,Stetson,2116,56,64,52,,ASUN,ASUN,,,,,,ATLANTIC SUN TR
240722181,2004-03-12,19:00,2004,regular,,final,Drake,Northern Iowa,2181,2460,66,54,,MVC,MVC,,,,,,MISSOURI VALLEY CONF TR
240720295,2004-03-12,19:30,2004,regular,,final,Old Dominion,Delaware,295,48,73,62,,CAA,CAA,,,,,,COLONIAL ATHLETIC ASSN TR
240720304,2004-03-12,19:30,2004,regular,,final,Idaho State,Montana State,304,147,63,56,,Big Sky,Big Sky,,,,,,BIG SKY TOURNAMENT
240720104,2004-03-12,20:30,2004,regular,,final,Boston University,Northeastern,104,111,71,53,,Am. East,Am. East,,,,,,AMERICA EAST CONF TR
240722261,2004-03-12,20:30,2004,regular,,final,Hampton,Coppin State,2261,2154,76,58,,MEAC,MEAC,,,,,,MEAC TOURNAMENT
240720288,2004-03-12,21:30,2004,regular,,final,Lipscomb,Georgia State,288,2247,71,64,,ASUN,ASUN,,,,,,ATLANTIC SUN TR
240722623,2004-03-12,21:30,2004,regular,,final,Missouri State,Illinois State,2623,2287,93,72,,MVC,MVC,,,,,,MISSOURI VALLEY CONF TR
240720149,2004-03-12,22:00,2004,regular,,final,Montana,Eastern Washington,149,331,81,54,,Big Sky,Big Sky,,,,,,BIG SKY TOURNAMENT
240730295,2004-03-13,12:00,2004,regular,,final,Old Dominion,George Mason,295,2244,85,81,,CAA,CAA,,,,,,COLONIAL CHAMPIONSHIP
240732199,2004-03-13,13:00,2004,regular,,final,Eastern Michigan,Bowling Green,2199,189,65,56,,MAC,MAC,,,,,,MID AMERICAN CHAMPIONSHIP
240732335,2004-03-13,14:00,2004,regular,,final,Liberty,Birmingham-Southern,2335,3,54,41,,Big South,Big South,,,,,,BIG SOUTH CONFERENCE CHAMPIONSHI
240732466,2004-03-13,14:00,2004,regular,,final,Northwestern State,UT Arlington,2466,250,78,71,,,WAC,,,,,,SOUTHLAND CONFERENCE CHAMPIONSHI
240732598,2004-03-13,14:00,2004,regular,,final,St. Francis (PA),Monmouth,2598,2405,70,55,,NEC,NEC,,,,,,NORTHEAST CONF CHAMPIONSHIP
240732348,2004-03-13,15:00,2004,regular,,final,Louisiana Tech,Rice,2348,242,76,52,,WAC,WAC,,,,,,WAC CHAMPIONSHIP
240730288,2004-03-13,16:00,2004,regular,,final,Lipscomb,UCF,288,2116,64,62,,ASUN,ASUN,,,,,,ATLANTIC SUN CHAMP
240730311,2004-03-13,16:00,2004,regular,,final,Maine,Boston University,311,104,68,43,,Am. East,Am. East,,,,,,AMERICA EAST CHAMP
240732169,2004-03-13,16:00,2004,regular,,final,Delaware State,Hampton,2169,2261,50,65,,MEAC,MEAC,,,,,,MEAC CHAMPIONSHIP
240732540,2004-03-13,16:00,2004,regular,,final,UC Santa Barbara,Idaho,2540,70,68,51,,Big West,Big West,,,,,,BIG WEST CHAMPIONSHIP
240732623,2004-03-13,16:00,2004,regular,,final,Missouri State,Drake,2623,2181,74,67,,MVC,MVC,,,,,,MVC CHAMP
240732582,2004-03-13,17:00,2004,regular,,final,Southern,Mississippi Valley State,2582,2400,68,61,,SWAC,SWAC,,,,,,SWAC CHAMPIONSHIP
240730167,2004-03-13,18:00,2004,regular,,final,New Mexico,Utah,167,254,71,50,,Mountain West,Mountain West,,,,,,MOUNTAIN WEST CHAMP
240730251,2004-03-13,19:00,2004,regular,,final,Texas,Oklahoma,251,201,47,66,,Big 12,Big 12,,,,,,BIG 12 CHAMPIONSHIP
240730149,2004-03-13,21:05,2004,regular,,final,Montana,Idaho State,149,304,66,62,,Big Sky,Big Sky,,,,,,BIG SKY CHAMP
240770066,2004-03-17,19:00,2004,regular,,final,Iowa State,Idaho State,66,304,72,59,,Big 12,Big Sky,,,,,,WNIT
240770228,2004-03-17,19:00,2004,regular,,final,Clemson,Charlotte,228,2429,71,78,,ACC,C-USA,,,,,,WNIT
240772752,2004-03-17,19:00,2004,regular,,final,Xavier,Miami (OH),2752,193,65,77,,A 10,MAC,,,,,,WNIT
240770006,2004-03-17,20:00,2004,regular,,final,South Alabama,Florida State,6,52,61,67,,Sun Belt,ACC,,,,,,WNIT
240780097,2004-03-18,19:00,2004,regular,,final,Louisville,Western Michigan,97,2711,61,63,,C-USA,MAC,,,,,,WNIT
240780257,2004-03-18,19:00,2004,regular,,final,Richmond,South Florida,257,58,63,55,,A 10,C-USA,,,,,,WNIT
240782550,2004-03-18,19:00,2004,regular,,final,Seton Hall,George Mason,2550,2244,61,56,,Big East,CAA,,,,,,WNIT
240780235,2004-03-18,20:00,2004,regular,,final,Memphis,Tulsa,235,202,66,64,,C-USA,WAC,,,,,,WNIT
240782032,2004-03-18,20:00,2004,regular,,final,Arkansas State,Rice,2032,242,52,59,,Sun Belt,WAC,,,,,,WNIT
240780158,2004-03-18,20:05,2004,regular,,final,Nebraska,Drake,158,2181,73,60,,Big 12,MVC,,,,,,WNIT
240782439,2004-03-18,22:30,2004,regular,,final,UNLV,Arizona State,2439,9,50,47,,Mountain West,Pac-12,,,,,,WNIT
240792603,2004-03-19,19:00,2004,regular,,final,Saint Joseph's,Kent State,2603,2309,61,51,,A 10,MAC,,,,,,WNIT
240790066,2004-03-19,20:00,2004,regular,,final,Iowa State,Miami (OH),66,193,71,57,,Big 12,MAC,,,,,,WNIT
240790098,2004-03-19,20:00,2004,regular,,final,Western Kentucky,Cincinnati,98,2132,80,78,,Sun Belt,C-USA,,,,,,WNIT
240790036,2004-03-19,21:00,2004,regular,,final,Colorado State,Creighton,36,156,68,79,,Mountain West,MVC,,,,,,WNIT
240790204,2004-03-19,22:00,2004,regular,,final,Oregon State,Gonzaga,204,2250,69,64,,Pac-12,WCC,,,,,,WNIT
240790264,2004-03-19,22:30,2004,regular,,final,Washington,Pepperdine,264,2492,71,59,,Pac-12,WCC,,,,,,WNIT
244000008,2004-03-20,11:00,2004,postseason,NCAA,final,Ohio State,West Virginia,194,277,73,67,,Big Ten,Big East,,,,,,MIDEAST REGION
244000016,2004-03-20,11:00,2004,postseason,NCAA,final,Tennessee,Colgate,2633,2142,77,54,,SEC,Patriot,,,Donald L. Tucker Center,Tallahassee,FL,MIDWEST REGION
244000026,2004-03-20,11:00,2004,postseason,NCAA,final,Rutgers,Chattanooga,164,236,69,74,,Big East,Southern,,,McKenzie Arena,Chattanooga,TN,MIDWEST REGION
244000040,2004-03-20,11:00,2004,postseason,NCAA,final,Georgia,Liberty,61,2335,78,53,,SEC,Big South,,,Liacouras Center,Philadelphia,PA,WEST REGION
244000009,2004-03-20,13:30,2004,postseason,NCAA,final,Boston College,Eastern Michigan,103,2199,58,56,,Big East,MAC,,,,,,MIDEAST REGION
244000017,2004-03-20,13:30,2004,postseason,NCAA,final,George Washington,DePaul,45,305,46,83,,A 10,C-USA,,,Donald L. Tucker Center,Tallahassee,FL,MIDWEST REGION
244000027,2004-03-20,13:30,2004,postseason,NCAA,final,Vanderbilt,Lipscomb,238,288,76,45,,SEC,ASUN,,,McKenzie Arena,Chattanooga,TN,MIDWEST REGION
244000039,2004-03-20,13:30,2004,postseason,NCAA,final,TCU,Temple,2628,218,70,57,,C-USA,A 10,,,Liacouras Center,Philadelphia,PA,WEST REGION
244000005,2004-03-20,21:00,2004,postseason,NCAA,final,Texas Tech,Maine,2641,311,60,50,,Big 12,Am. East,,,,,,MIDEAST REGION
244000019,2004-03-20,21:00,2004,postseason,NCAA,final,Florida,New Mexico,57,167,68,56,,SEC,Mountain West,,,The Pit,Albuquerque,NM,MIDWEST REGION
244000024,2004-03-20,21:00,2004,postseason,NCAA,final,Oklahoma,Marist,201,2368,58,45,,Big 12,MAAC,,,Desert Financial Arena,Tempe,AZ,MIDWEST REGION
244000055,2004-03-20,21:00,2004,postseason,NCAA,final,Houston,Green Bay,248,2739,62,47,,C-USA,Horizon,,,The Thunderdome,Santa Barbara,CA,EAST REGION
244000004,2004-03-20,23:30,2004,postseason,NCAA,final,Louisiana Tech,Montana,2348,149,81,77,,WAC,Big Sky,,,,,,MIDEAST REGION
244000020,2004-03-20,23:30,2004,postseason,NCAA,final,Baylor,Loyola Marymount,239,2351,71,60,,Big 12,WCC,,,The Pit,Albuquerque,NM,MIDWEST REGION
244000023,2004-03-20,23:30,2004,postseason,NCAA,final,Stanford,Missouri,24,142,68,44,,Pac-12,Big 12,,,Desert Financial Arena,Tempe,AZ,MIDWEST REGION
244000054,2004-03-20,23:30,2004,postseason,NCAA,final,Colorado,UC Santa Barbara,38,2540,49,76,,Big 12,Big West,,,The Thunderdome,Santa Barbara,CA,EAST REGION
244000002,2004-03-21,12:00,2004,postseason,NCAA,final,Old Dominion,Marquette,295,269,64,67,,CAA,C-USA,,,Cameron Indoor Stadium,Durham,NC,MIDEAST REGION
244000012,2004-03-21,12:00,2004,postseason,NCAA,final,Kansas State,Valparaiso,2306,2674,71,63,,Big 12,MVC,,,,,,MIDEAST REGION
244000048,2004-03-21,12:00,2004,postseason,NCAA,final,Virginia Tech,Iowa,259,2294,89,76,,Big East,Big Ten,,,Cassell Coliseum,Blacksburg,VA,EAST REGION
244000051,2004-03-21,12:00,2004,postseason,NCAA,final,North Carolina,Middle Tennessee,153,2393,62,67,,ACC,Sun Belt,,,Purcell Pavilion,South Bend,IN,EAST REGION
240810257,2004-03-21,14:00,2004,postseason,,final,Richmond,Florida State,257,52,84,77,,A 10,ACC,,,,,,WNIT
240812550,2004-03-21,14:00,2004,postseason,,final,Saint Joseph's,Seton Hall,2603,2550,68,61,,A 10,Big East,,,,,,WNIT
240810098,2004-03-21,14:30,2004,postseason,,final,Western Kentucky,Memphis,98,235,104,87,,Sun Belt,C-USA,,,,,,WNIT
244000001,2004-03-21,14:30,2004,postseason,NCAA,final,Duke,Northwestern State,150,2466,103,51,,ACC,,,,Cameron Indoor Stadium,Durham,NC,MIDEAST REGION
244000011,2004-03-21,14:30,2004,postseason,NCAA,final,Minnesota,UCLA,135,26,92,81,,Big Ten,Pac-12,,,,,,MIDEAST REGION
244000047,2004-03-21,14:30,2004,postseason,NCAA,final,Penn State,Hampton,213,2261,79,42,,Big Ten,MEAC,,,Cassell Coliseum,Blacksburg,VA,EAST REGION
244000050,2004-03-21,14:30,2004,postseason,NCAA,final,Notre Dame,Missouri State,87,2623,69,65,,Big East,MVC,,,Purcell Pavilion,South Bend,IN,EAST REGION
240812439,2004-03-21,17:00,2004,postseason,,final,UNLV,Rice,2439,242,68,66,,Mountain West,WAC,,,,,,WNIT
240810264,2004-03-21,18:00,2004,postseason,,final,Washington,Creighton,264,156,69,74,,Pac-12,MVC,,,,,,WNIT
240812711,2004-03-21,18:00,2004,postseason,,final,Western Michigan,Charlotte,2711,2429,85,83,,MAC,C-USA,,,,,,WNIT
244000032,2004-03-21,19:00,2004,postseason,NCAA,final,Texas,Southern,251,2582,92,57,,Big 12,SWAC,,,Frank Erwin Center,Austin,TX,WEST REGION
244000035,2004-03-21,19:00,2004,postseason,NCAA,final,Miami,Maryland,2390,120,85,86,,Big East,ACC,,,Pete Maravich Assembly Center,Baton Rouge,LA,WEST REGION
244000042,2004-03-21,19:00,2004,postseason,NCAA,final,Villanova,Ole Miss,222,145,66,63,,Big East,SEC,,,James H. Hilton Coliseum,Ames,IA,WEST REGION
244000057,2004-03-21,19:00,2004,postseason,NCAA,final,Auburn,NC State,2,152,79,59,,SEC,ACC,,,Total Mortgage Arena,Bridgeport,CT,EAST REGION
244000033,2004-03-21,21:30,2004,postseason,NCAA,final,Michigan State,Arizona,127,12,72,60,,Big Ten,Pac-12,,,Frank Erwin Center,Austin,TX,WEST REGION
244000036,2004-03-21,21:30,2004,postseason,NCAA,final,LSU,Austin Peay,99,2046,83,66,,SEC,ASUN,,,Pete Maravich Assembly Center,Baton Rouge,LA,WEST REGION
244000043,2004-03-21,21:30,2004,postseason,NCAA,final,Purdue,St. Francis (PA),2509,2598,78,59,,Big Ten,NEC,,,James H. Hilton Coliseum,Ames,IA,WEST REGION
244000058,2004-03-21,21:30,2004,postseason,NCAA,final,UConn,Pennsylvania,41,219,91,55,,Big East,Ivy,,,Total Mortgage Arena,Bridgeport,CT,EAST REGION
244000010,2004-03-22,19:00,2004,postseason,NCAA,final,Boston College,Ohio State,103,194,63,48,,Big East,Big Ten,,,,,,MIDEAST REGION AT COLUMBUS OH
244000028,2004-03-22,19:00,2004,postseason,NCAA,final,Vanderbilt,Chattanooga,238,236,60,44,,SEC,Southern,,,McKenzie Arena,Chattanooga,TN,MIDWEST REGION AT CHATTANOOGA TN
244000041,2004-03-22,19:00,2004,postseason,NCAA,final,Georgia,TCU,61,2628,85,71,,SEC,C-USA,,,Liacouras Center,Philadelphia,PA,WEST REGION AT PHILADELPHIA PA
240820158,2004-03-22,20:05,2004,postseason,,final,Nebraska,Oregon State,158,204,67,75,,Big 12,Pac-12,,,,,,WNIT
244000018,2004-03-22,21:00,2004,postseason,NCAA,final,Tennessee,DePaul,2633,305,79,59,,SEC,C-USA,,,Donald L. Tucker Center,Tallahassee,FL,MIDWEST REGION AT TALLAHASEE FL
244000021,2004-03-22,21:00,2004,postseason,NCAA,final,Baylor,Florida,239,57,91,76,,Big 12,SEC,,,The Pit,Albuquerque,NM,MIDWEST REGION AT ALBUQUERQUE NM
244000006,2004-03-22,23:00,2004,postseason,NCAA,final,Texas Tech,Louisiana Tech,2641,2348,64,81,,Big 12,WAC,,,,,,MIDEAST REGION AT MISSOULA MT
244000025,2004-03-22,23:00,2004,postseason,NCAA,final,Oklahoma,Stanford,201,24,43,68,,Big 12,Pac-12,,,Desert Financial Arena,Tempe,AZ,MIDWEST REGION AT TEMPE AZ
244000056,2004-03-22,23:00,2004,postseason,NCAA,final,Houston,UC Santa Barbara,248,2540,52,56,,C-USA,Big West,,,The Thunderdome,Santa Barbara,CA,EAST REGION AT SANTA BARBARA CA
244000003,2004-03-23,19:00,2004,postseason,NCAA,final,Duke,Marquette,150,269,76,67,,ACC,C-USA,,,Cameron Indoor Stadium,Durham,NC,MIDEAST REGION
244000044,2004-03-23,19:00,2004,postseason,NCAA,final,Purdue,Villanova,2509,222,60,42,,Big Ten,Big East,,,James H. Hilton Coliseum,Ames,IA,WEST REGION
244000049,2004-03-23,19:00,2004,postseason,NCAA,final,Penn State,Virginia Tech,213,259,61,48,,Big Ten,Big East,,,Cassell Coliseum,Blacksburg,VA,EAST REGION
244000052,2004-03-23,19:00,2004,postseason,NCAA,final,Notre Dame,Middle Tennessee,87,2393,59,46,,Big East,Sun Belt,,,Purcell Pavilion,South Bend,IN,EAST REGION
244000037,2004-03-23,21:00,2004,postseason,NCAA,final,LSU,Maryland,99,120,76,61,,SEC,ACC,,,Pete Maravich Assembly Center,Baton Rouge,LA,WEST REGION
244000059,2004-03-23,21:00,2004,postseason,NCAA,final,UConn,Auburn,41,2,79,53,,Big East,SEC,,,Total Mortgage Arena,Bridgeport,CT,EAST REGION
244000013,2004-03-23,21:30,2004,postseason,NCAA,final,Kansas State,Minnesota,2306,135,61,80,,Big 12,Big Ten,,,,,,MIDEAST REGION
244000034,2004-03-23,21:30,2004,postseason,NCAA,final,Texas,Michigan State,251,127,80,61,,Big 12,Big Ten,,,Frank Erwin Center,Austin,TX,WEST REGION
240842711,2004-03-24,19:00,2004,postseason,,final,Western Michigan,Richmond,2711,257,57,63,,MAC,A 10,,,,,,WNIT
240840156,2004-03-24,20:05,2004,postseason,,final,Creighton,Oregon State,156,204,74,64,,MVC,Pac-12,,,,,,WNIT
240842439,2004-03-24,22:30,2004,postseason,,final,UNLV,Western Kentucky,2439,98,78,75,,Mountain West,Sun Belt,,,,,,WNIT
240850066,2004-03-25,19:00,2004,postseason,,final,Iowa State,Saint Joseph's,66,2603,66,58,,Big 12,A 10,,,,,,WNIT
244000053,2004-03-27,12:00,2004,postseason,NCAA,final,Penn State,Notre Dame,213,87,55,49,,Big Ten,Big East,,,XL Center,Hartford,CT,EAST REGION AT HARTFORD CT
240870156,2004-03-27,14:05,2004,postseason,WNIT,final,Creighton,Richmond,156,257,81,72,,MVC,A 10,,,,,,WNIT SEMIFINALS
244000060,2004-03-27,14:30,2004,postseason,NCAA,final,UConn,UC Santa Barbara,41,2540,63,55,,Big East,Big West,,,XL Center,Hartford,CT,EAST REGION AT HARTFORD CT
244000038,2004-03-27,21:00,2004,postseason,NCAA,final,Texas,LSU,251,99,55,71,,Big 12,SEC,,,Alaska Airlines Arena,Seattle,WA,WEST REGION AT SEATTLE WA
244000045,2004-03-27,23:30,2004,postseason,NCAA,final,Purdue,Georgia,2509,61,64,66,,Big Ten,SEC,,,Alaska Airlines Arena,Seattle,WA,WEST REGION AT SEATTLE WA
244000007,2004-03-28,12:00,2004,postseason,NCAA,final,Duke,Louisiana Tech,150,2348,63,49,,ACC,WAC,,,Chartway Arena,Norfolk,VA,MIDEAST REGION
244000014,2004-03-28,14:30,2004,postseason,NCAA,final,Boston College,Minnesota,103,135,63,76,,Big East,Big Ten,,,Chartway Arena,Norfolk,VA,MIDEAST REGION
240880066,2004-03-28,15:00,2004,postseason,WNIT,final,Iowa State,UNLV,66,2439,59,65,,Big 12,Mountain West,,,,,,WNIT SEMIFINALS
244000029,2004-03-28,19:00,2004,postseason,NCAA,final,Vanderbilt,Stanford,238,24,55,57,,SEC,Pac-12,,,Lloyd Noble Center,Norman,OK,MIDWEST REGION
244000022,2004-03-28,21:30,2004,postseason,NCAA,final,Tennessee,Baylor,2633,239,71,69,,SEC,Big 12,,,Lloyd Noble Center,Norman,OK,MIDWEST REGION
244000061,2004-03-29,19:00,2004,postseason,NCAA,final,Penn State,UConn,213,41,49,66,,Big Ten,Big East,,,XL Center,Hartford,CT,EAST REGION
244000046,2004-03-29,21:00,2004,postseason,NCAA,final,Georgia,LSU,61,99,60,62,,SEC,SEC,,,Alaska Airlines Arena,Seattle,WA,WEST REGION
244000015,2004-03-30,19:00,2004,postseason,NCAA,final,Duke,Minnesota,150,135,75,82,,ACC,Big Ten,,,Chartway Arena,Norfolk,VA,MIDEAST REGION
240900156,2004-03-30,20:05,2004,postseason,WNIT,final,Creighton,UNLV,156,2439,73,52,,MVC,Mountain West,,,,,,WNIT CHAMPIONSHIP
244000030,2004-03-30,21:00,2004,postseason,NCAA,final,Tennessee,Stanford,2633,24,62,60,,SEC,Pac-12,,,Lloyd Noble Center,Norman,OK,MIDWEST REGION
244000062,2004-04-04,19:00,2004,postseason,NCAA,final,Tennessee,LSU,2633,99,52,50,,SEC,SEC,,,Smoothie King Center,New Orleans,LA,FINAL FOUR
244000031,2004-04-04,21:30,2004,postseason,NCAA,final,UConn,Minnesota,41,135,67,58,,Big East,Big Ten,,,Smoothie King Center,New Orleans,LA,FINAL FOUR
244000063,2004-04-06,20:30,2004,postseason,NCAA,final,Tennessee,UConn,2633,41,61,70,,SEC,Big East,,,Smoothie King Center,New Orleans,LA,CHAMPIONSHIP
