id,date,start_et,season,season_type,tournament,status,home,away,home_id,away_id,home_points,away_points,neutral,home_conf,away_conf,home_seed,away_seed,venue,city,state,notes
253130025,2005-11-09,22:00,2006,regular,,final,California,Eastern Washington,25,331,64,45,,Pac-12,Big Sky,,,,,,PRESEASON WNIT
253150103,2005-11-11,19:00,2006,regular,,final,Boston College,Drexel,103,2182,51,44,,ACC,CAA,,,,,,PRESEASON WNIT
253150257,2005-11-11,19:00,2006,regular,,final,Richmond,Hampton,257,2261,77,47,,A 10,MEAC,,,,,,PRESEASON WNIT
253150282,2005-11-11,19:00,2006,regular,,final,Indiana State,Chattanooga,282,236,74,53,,MVC,Southern,,,,,,PRESEASON WNIT
253150201,2005-11-11,20:00,2006,regular,,final,Oklahoma,Milwaukee,201,270,89,57,,Big 12,Horizon,,,,,,PRESEASON WNIT
253150218,2005-11-11,20:00,2006,regular,,final,Temple,Michigan,218,130,65,48,,A 10,Big Ten,,,,,,WOMENS SPORTS FOUNDATION TR AT EUGENE OR
253150228,2005-11-11,20:00,2006,regular,,final,Clemson,Missouri,228,142,54,78,,ACC,Big 12,,,,,,WBCA CLASSIC AT TEMPE AZ
253152567,2005-11-11,20:00,2006,regular,,final,SMU,Louisiana,2567,309,53,45,,C-USA,Sun Belt,,,,,,PRESEASON WNIT
253150167,2005-11-11,21:00,2006,regular,,final,New Mexico,Oral Roberts,167,198,69,52,,Mountain West,,,,,,,PRESEASON WNIT
253152483,2005-11-11,22:00,2006,regular,,final,Oregon,St. Francis (PA),2483,2598,80,30,,Pac-12,NEC,,,,,,WOMENS SPORTS FOUNDATION TR
253150009,2005-11-11,22:30,2006,regular,,final,Arizona State,Vanderbilt,9,238,69,60,,Pac-12,SEC,,,,,,WBCA CLASSIC
253160228,2005-11-12,18:00,2006,regular,,final,Clemson,Vanderbilt,228,238,49,86,,ACC,SEC,,,,,,WBCA CLASSIC AT TEMPE AZ
253160041,2005-11-12,19:00,2006,regular,,final,UConn,Marist,41,2368,71,45,,Big East,MAAC,,,,,,PRESEASON WNIT
253160130,2005-11-12,20:00,2006,regular,,final,Michigan,St. Francis (PA),130,2598,80,52,,Big Ten,NEC,,,,,,WOMENS SPORTS FOUNDATION TR AT EUGENE OR
253160142,2005-11-12,20:30,2006,regular,,final,Missouri,Arizona State,142,9,54,69,,Big 12,Pac-12,,,,,,WBCA CLASSIC AT TEMPE AZ
253162483,2005-11-12,22:30,2006,regular,,final,Oregon,Temple,2483,218,46,51,,Pac-12,A 10,,,,,,WOMENS SPORTS FOUNDATION TR
253170239,2005-11-13,13:00,2006,regular,,final,Baylor,Georgia,239,61,84,72,,Big 12,SEC,,,,,,STATE FARM WOMENS TIPOFF CLASSIC AT LUBBOCK TX
253170103,2005-11-13,14:00,2006,regular,,final,Boston College,Richmond,103,257,62,51,,ACC,A 10,,,,,,PRESEASON WNIT
253170201,2005-11-13,15:00,2006,regular,,final,Oklahoma,SMU,201,2567,80,43,,Big 12,C-USA,,,,,,PRESEASON WNIT
253172641,2005-11-13,15:30,2006,regular,,final,Texas Tech,LSU,2641,99,68,76,,Big 12,SEC,,,,,,STATE FARM WOMENS TIPOFF CLASSIC
253170167,2005-11-13,21:00,2006,regular,,final,New Mexico,California,167,25,55,46,,Mountain West,Pac-12,,,,,,PRESEASON WNIT
253180041,2005-11-14,19:30,2006,regular,,final,UConn,Indiana State,41,282,86,43,,Big East,MVC,,,,,,PRESEASON WNIT
253200167,2005-11-16,21:00,2006,regular,,final,New Mexico,Oklahoma,167,201,63,74,,Mountain West,Big 12,,,,,,PRESEASON WNIT
253210041,2005-11-17,19:30,2006,regular,,final,UConn,Boston College,41,103,60,46,,Big East,ACC,,,,,,PRESEASON WNIT
253220057,2005-11-18,,2006,regular,,final,Florida,St. Francis Brooklyn,57,2597,83,57,,SEC,NEC,,,,,,
253220071,2005-11-18,12:35,2006,regular,,final,Bradley,UIC,71,82,78,73,,MVC,Horizon,,,,,,
253222636,2005-11-18,15:30,2006,regular,,final,West Virginia,UTSA,277,2636,54,57,,Big East,C-USA,,,,,,GOLDEN KNIGHTS CLASSIC AT ORLANDO FL
253222352,2005-11-18,16:00,2006,regular,,final,Loyola Maryland,VCU,2352,2670,62,65,,MAAC,CAA,,,,,,
253220195,2005-11-18,17:00,2006,regular,,final,South Carolina State,Ohio,2569,195,80,68,,MEAC,MAC,,,,,,FIFTH THIRD MU CLASSIC AT HUNTINGTON WV
253220228,2005-11-18,17:00,2006,regular,,final,Clemson,Tennessee Tech,228,2635,62,71,,ACC,,,,,,,
253220231,2005-11-18,17:00,2006,regular,,final,Furman,Kennesaw State,231,338,98,95,,Southern,ASUN,,,,,,
253220232,2005-11-18,17:00,2006,regular,,final,Charleston,Charleston Southern,232,2127,69,56,,Southern,Big South,,,,,,
253222169,2005-11-18,17:00,2006,regular,,final,Delaware State,Monmouth,2169,2405,50,44,,MEAC,NEC,,,,,,FAU CLASSIC AT BOCA RATON FL
253220282,2005-11-18,17:30,2006,regular,,final,Indiana State,Green Bay,282,2739,98,59,,MVC,Horizon,,,,,,
253220349,2005-11-18,17:30,2006,regular,,final,Army,US Coast Guard,349,2557,103,51,,Patriot,,,,,,,
253222116,2005-11-18,17:30,2006,regular,,final,UCF,Florida A&M,2116,50,62,54,,C-USA,MEAC,,,,,,GOLDEN KNIGHTS CLASSIC
253222168,2005-11-18,17:30,2006,regular,,final,Dayton,Akron,2168,2006,61,54,,A 10,MAC,,,,,,
253222174,2005-11-18,17:30,2006,regular,,final,Detroit Mercy,Western Carolina,2174,2717,75,72,,Horizon,Southern,,,,,,
253222520,2005-11-18,17:30,2006,regular,,final,Rider,Maine,2520,311,35,70,,MAAC,Am. East,,,,,,
253222655,2005-11-18,17:30,2006,regular,,final,Tulane,Howard,2655,47,84,77,,C-USA,MEAC,,,,,,AT LUBBOCK TX
253220221,2005-11-18,18:00,2006,regular,,final,Pittsburgh,William & Mary,221,2729,76,49,,Big East,CAA,,,,,,TD BANKNORTH CLASSIC AT BURLINGTON VT
253220249,2005-11-18,18:00,2006,regular,,final,North Texas,Stephen F. Austin,249,2617,71,65,,Sun Belt,WAC,,,,,,
253220339,2005-11-18,18:00,2006,regular,,final,Evansville,Marquette,339,269,46,54,,MVC,Big East,,,,,,
253222084,2005-11-18,18:00,2006,regular,,final,Buffalo,Canisius,2084,2099,61,77,,MAC,MAAC,,,,,,
253222199,2005-11-18,18:00,2006,regular,,final,Eastern Michigan,Central Connecticut,2199,2115,58,49,,MAC,NEC,,,,,,
253222210,2005-11-18,18:00,2006,regular,,final,Elon,North Carolina A&T,2210,2448,75,70,,Southern,MEAC,,,,,,
253222241,2005-11-18,18:00,2006,regular,,final,Florida International,Gardner-Webb,2229,2241,65,57,,Sun Belt,ASUN,,,,,,LANCER INVITATIONAL AT FARMVILLE VA
253222377,2005-11-18,18:00,2006,regular,,final,McNeese,South Alabama,2377,6,52,66,,,Sun Belt,,,,,,
253222450,2005-11-18,18:00,2006,regular,,final,Campbell,Norfolk State,2097,2450,57,70,,ASUN,MEAC,,,,,,UNC ASHEVILLE TR AT ASHEVILLE NC
253222603,2005-11-18,18:00,2006,regular,,final,Saint Joseph's,Princeton,2603,163,58,46,,A 10,Ivy,,,,,,
253220333,2005-11-18,18:30,2006,regular,,final,Alabama,Washington,333,264,52,56,,SEC,Pac-12,,,,,,
253222011,2005-11-18,18:30,2006,regular,,final,UNLV,Alabama State,2439,2011,81,59,,Mountain West,SWAC,,,,,,DEPAUL INVITATIONAL AT CHICAGO IL
253222433,2005-11-18,18:30,2006,regular,,final,UL Monroe,Memphis,2433,235,80,60,,Sun Belt,C-USA,,,,,,
253220005,2005-11-18,19:00,2006,regular,,final,UAB,Georgia Tech,5,59,55,68,,C-USA,ACC,,,,,,
253220045,2005-11-18,19:00,2006,regular,,final,George Washington,Virginia,45,258,53,66,,A 10,ACC,,,,,,
253220048,2005-11-18,19:00,2006,regular,,final,Delaware,UMass,48,113,71,44,,CAA,A 10,,,,,,
253220052,2005-11-18,19:00,2006,regular,,final,Florida State,Georgia Southern,52,290,82,57,,ACC,Southern,,,,,,
253220061,2005-11-18,19:00,2006,regular,,final,Georgia,Santa Clara,61,2541,92,91,,SEC,WCC,,,,,,
253220096,2005-11-18,19:00,2006,regular,,final,Kentucky,IUPUI,96,85,81,52,,SEC,Horizon,,,,,,
253220111,2005-11-18,19:00,2006,regular,,final,Northeastern,Holy Cross,111,107,60,76,,CAA,Patriot,,,,,,
253220152,2005-11-18,19:00,2006,regular,,final,NC State,UNC Greensboro,152,2430,76,46,,ACC,Southern,,,,,,
253220153,2005-11-18,19:00,2006,regular,,final,North Carolina,Davidson,153,2166,86,48,,ACC,Southern,,,,,,
253220154,2005-11-18,19:00,2006,regular,,final,Wake Forest,Mercer,154,2382,85,56,,ACC,ASUN,,,,,,
253220159,2005-11-18,19:00,2006,regular,,final,Dartmouth,Quinnipiac,159,2514,90,42,,Ivy,NEC,,,,,,
253220189,2005-11-18,19:00,2006,regular,,final,Bowling Green,Purdue Fort Wayne,189,2870,78,50,,MAC,,,,,,,
253220219,2005-11-18,19:00,2006,regular,,final,Pennsylvania,Lehigh,219,2329,76,73,,Ivy,Patriot,,,,,,
253220227,2005-11-18,19:00,2006,regular,,final,Rhode Island,Hartford,227,42,22,28,,A 10,Am. East,,,,,,
253220236,2005-11-18,19:00,2006,regular,,final,Chattanooga,Middle Tennessee,236,2393,77,66,,Southern,Sun Belt,,,,,,
253220256,2005-11-18,19:00,2006,regular,,final,James Madison,Richmond,256,257,69,57,,CAA,A 10,,,,,,
253220276,2005-11-18,19:00,2006,regular,,final,Marshall,Tennessee State,276,2634,81,57,,C-USA,,,,,,,FIFTH THIRD MU CLASSIC
253222154,2005-11-18,19:00,2006,regular,,final,Coppin State,Xavier,2154,2752,46,86,,MEAC,A 10,,,,,,
253222226,2005-11-18,19:00,2006,regular,,final,Florida Atlantic,Navy,2226,2426,64,68,,ASUN,Patriot,,,,,,FAU CLASSIC
253222275,2005-11-18,19:00,2006,regular,,final,Hofstra,Fordham,2275,2230,53,63,,CAA,A 10,,,,,,
253222309,2005-11-18,19:00,2006,regular,,final,Kent State,Lipscomb,2309,288,69,34,,MAC,ASUN,,,,,,
253222335,2005-11-18,19:00,2006,regular,,final,Liberty,Virginia Union,2335,2676,74,49,,Big South,,,,,,,
253222363,2005-11-18,19:00,2006,regular,,final,Manhattan,Syracuse,2363,183,61,65,,MAAC,Big East,,,,,,
253222368,2005-11-18,19:00,2006,regular,,final,Marist,Villanova,2368,222,60,64,,MAAC,Big East,,,,,,
253222390,2005-11-18,19:00,2006,regular,,final,Miami,Samford,2390,2535,72,51,,ACC,Southern,,,,,,
253222507,2005-11-18,19:00,2006,regular,,final,Providence,Sacred Heart,2507,2529,49,65,,Big East,NEC,,,,,,
253222509,2005-11-18,19:00,2006,regular,,final,Purdue,Butler,2509,2086,85,59,,Big Ten,Horizon,,,,,,
253222542,2005-11-18,19:00,2006,regular,,final,Savannah State,Voorhees,2542,2679,65,55,,,,,,,,,
253222561,2005-11-18,19:00,2006,regular,,final,Siena,Maryland,2561,120,66,107,,MAAC,ACC,,,,,,
253222579,2005-11-18,19:00,2006,regular,,final,South Carolina,High Point,2579,2272,71,35,,SEC,Big South,,,,,,
253222599,2005-11-18,19:00,2006,regular,,final,St. John's,Boston University,2599,104,64,53,,Big East,Am. East,,,,,,
253222619,2005-11-18,19:00,2006,regular,,final,Stony Brook,Bucknell,2619,2083,81,72,,Am. East,Patriot,,,,,,
253222737,2005-11-18,19:00,2006,regular,,final,Winthrop,North Florida,2737,2454,48,73,,Big South,ASUN,,,,,,
253222747,2005-11-18,19:00,2006,regular,,final,Wofford,Montreat College,2747,2410,97,48,,Southern,,,,,,,
253220013,2005-11-18,19:30,2006,regular,,final,Cal Poly,Cal State-Los Angeles,13,2345,86,78,,Big West,,,,,,,
253220119,2005-11-18,19:30,2006,regular,,final,Towson,American International,119,2022,67,54,,CAA,,,,,,,
253222217,2005-11-18,19:30,2006,regular,,final,Fairfield,Brown,2217,225,62,72,,MAAC,Ivy,,,,,,
253222523,2005-11-18,19:30,2006,regular,,final,Robert Morris,Youngstown State,2523,2754,68,60,,NEC,Horizon,,,,,,
253220002,2005-11-18,20:00,2006,regular,,final,Auburn,UT Rio Grande Valley,2,292,85,32,,SEC,,,,,,,
253220038,2005-11-18,20:00,2006,regular,,final,Colorado,Cal State Fullerton,38,2239,100,71,,Big 12,Big West,,,,,,
253220127,2005-11-18,20:00,2006,regular,,final,Michigan State,UC Santa Barbara,127,2540,86,55,,Big Ten,Big West,,,,,,
253220145,2005-11-18,20:00,2006,regular,,final,Ole Miss,Rice,145,242,110,63,,SEC,C-USA,,,,,,
253220213,2005-11-18,20:00,2006,regular,,final,Penn State,Duke,213,150,67,93,,Big Ten,ACC,,,,,,
253220239,2005-11-18,20:00,2006,regular,,final,Baylor,UCLA,239,26,93,85,,Big 12,Pac-12,,,,,,
253220251,2005-11-18,20:00,2006,regular,,final,Texas,New Mexico,251,167,68,76,,Big 12,Mountain West,,,,,,
253220261,2005-11-18,20:00,2006,regular,,final,Vermont,Colgate,261,2142,71,59,,Am. East,Patriot,,,,,,TD BANKNORTH CLASSIC
253220265,2005-11-18,20:00,2006,regular,,final,Washington State,Pepperdine,265,2492,66,57,,Pac-12,WCC,,,,,,
253220270,2005-11-18,20:00,2006,regular,,final,Milwaukee,Oakland,270,2473,73,71,,Horizon,Horizon,,,,,,
253220275,2005-11-18,20:00,2006,regular,,final,Wisconsin,Houston,275,248,77,54,,Big Ten,C-USA,,,,,,
253220279,2005-11-18,20:00,2006,regular,,final,Pacific,Texas Southern,279,2640,72,61,,Big West,SWAC,,,,,,
253220344,2005-11-18,20:00,2006,regular,,final,Mississippi State,SE Louisiana,344,2545,71,55,,SEC,,,,,,,
253222031,2005-11-18,20:00,2006,regular,,final,Little Rock,Jackson State,2031,2296,54,44,,Sun Belt,SWAC,,,,,,
253222130,2005-11-18,20:00,2006,regular,,final,Chicago State,Illinois State,2130,2287,63,70,,,MVC,,,,,,
253222344,2005-11-18,20:00,2006,regular,,final,Longwood,Maryland-Eastern Shore,2344,2379,72,58,,,MEAC,,,,,,LANCER INVITATIONAL
253222350,2005-11-18,20:00,2006,regular,,final,Loyola Chicago,Illinois,2350,356,39,79,,Horizon,Big Ten,,,,,,
253222427,2005-11-18,20:00,2006,regular,,final,UNC Asheville,Jacksonville,2427,294,65,47,,Big South,ASUN,,,,,,UNC ASHEVILLE TR
253222567,2005-11-18,20:00,2006,regular,,final,SMU,Arkansas,2567,8,63,73,,C-USA,SEC,,,,,,
253222572,2005-11-18,20:00,2006,regular,,final,Southern Miss,Southern Utah,2572,253,49,62,,C-USA,WAC,,,,,,
253222628,2005-11-18,20:00,2006,regular,,final,TCU,Long Beach State,2628,299,71,68,,Mountain West,Big West,,,,,,
253222641,2005-11-18,20:00,2006,regular,,final,Texas Tech,Southeast Missouri State,2641,2546,85,56,,Big 12,,,,,,,
253222653,2005-11-18,20:00,2006,regular,,final,Troy,Austin Peay,2653,2046,68,61,,Sun Belt,ASUN,,,,,,
253222181,2005-11-18,20:05,2006,regular,,final,Drake,Kansas City,2181,140,74,54,,MVC,,,,,,,
253222459,2005-11-18,20:05,2006,regular,,final,Northern Illinois,North Dakota State,2459,2449,67,62,,MAC,,,,,,,
253222674,2005-11-18,20:05,2006,regular,,final,Valparaiso,Northern Iowa,2674,2460,62,48,,MVC,MVC,,,,,,
253220305,2005-11-18,20:30,2006,regular,,final,DePaul,Harvard,305,108,97,52,,Big East,Ivy,,,,,,DEPAUL INVITATIONAL
253220087,2005-11-18,21:00,2006,regular,,final,Notre Dame,Michigan,87,130,55,45,,Big East,Big Ten,,,,,,
253220328,2005-11-18,21:00,2006,regular,,final,Utah State,Montana,328,149,70,71,,WAC,Big Sky,,,,,,
253222005,2005-11-18,21:00,2006,regular,,final,Air Force,Northern Colorado,2005,2458,67,60,,Mountain West,Big Sky,,,,,,
253220147,2005-11-18,21:05,2006,regular,,final,Montana State,Oregon State,147,204,35,70,,Big Sky,Pac-12,,,,,,
253220166,2005-11-18,21:05,2006,regular,,final,New Mexico State,Northern Arizona,166,2464,46,61,,WAC,Big Sky,,,,,,
253220304,2005-11-18,21:05,2006,regular,,final,Idaho State,Boise State,304,68,89,91,,Big Sky,WAC,,,,,,
253223081,2005-11-18,21:05,2006,regular,,final,Utah Valley,Jacksonville State,3084,55,77,84,,,ASUN,,,,,,
253220023,2005-11-18,22:00,2006,regular,,final,San José State,Gonzaga,23,2250,69,61,,WAC,WCC,,,,,,
253220025,2005-11-18,22:00,2006,regular,,final,California,Radford,25,2515,73,50,,Pac-12,Big South,,,,,,
253220070,2005-11-18,22:00,2006,regular,,final,Idaho,Portland,70,2501,63,48,,WAC,WCC,,,,,,
253220300,2005-11-18,22:00,2006,regular,,final,UC Irvine,Fresno State,300,278,84,93,,Big West,WAC,,,,,,
253222502,2005-11-18,22:00,2006,regular,,final,Portland State,Nevada,2502,2440,65,61,,Big Sky,WAC,,,,,,
253220331,2005-11-18,22:05,2006,regular,,final,Eastern Washington,Saint Mary's,331,2608,63,53,,Big Sky,WCC,,,,,,
253220027,2005-11-18,22:10,2006,regular,,final,UC Riverside,San Diego,27,301,63,56,,Big West,WCC,,,,,,
253220012,2005-11-18,22:30,2006,regular,,final,Arizona,Loyola Marymount,12,2351,74,66,,Pac-12,WCC,,,,,,
253232710,2005-11-19,,2006,regular,,final,Western Illinois,Hannibal-LaGrange,2710,533,96,59,,,,,,,,,
253230195,2005-11-19,11:00,2006,regular,,final,Ohio,Tennessee State,195,2634,74,65,,MAC,,,,,,,FIFTH THIRD MU CLASSIC AT HUNTINGTON WV
253232325,2005-11-19,12:00,2006,regular,,final,La Salle,UT Martin,2325,2630,72,55,,A 10,,,,,,,IMAGE DEPOT SHOOTOUT AT TAMPA FL
253230077,2005-11-19,13:00,2006,regular,,final,Northwestern,Creighton,77,156,93,77,,Big Ten,MVC,,,,,,
253230158,2005-11-19,13:00,2006,regular,,final,Nebraska,South Dakota State,158,2571,49,68,,Big 12,,,,,,,
253230161,2005-11-19,13:00,2006,regular,,final,Fairleigh Dickinson,Columbia,161,171,84,70,,NEC,Ivy,,,,,,RETRIEVER TIP-OFF TR AT BALTIMORE MD
253230276,2005-11-19,13:00,2006,regular,,final,Marshall,South Carolina State,276,2569,69,47,,C-USA,MEAC,,,,,,FIFTH THIRD MU CLASSIC
253230024,2005-11-19,14:00,2006,regular,,final,Stanford,LIU Brooklyn,24,2341,69,28,,Pac-12,NEC,,,,,,SUBWAY CLASSIC AT MINNEAPOLIS MN
253230294,2005-11-19,14:00,2006,regular,,final,Jacksonville,Norfolk State,294,2450,68,79,,ASUN,MEAC,,,,,,UNC ASHEVILLE TR AT ASHEVILLE NC
253230357,2005-11-19,14:00,2006,regular,,final,Texas A&M-Corpus Christi,Vanderbilt,357,238,51,65,,,SEC,,,,,,
253232113,2005-11-19,14:00,2006,regular,,final,Centenary,New Orleans,2113,2443,70,77,,,Sun Belt,,,,,,
253232117,2005-11-19,14:00,2006,regular,,final,Central Michigan,Wilberforce University,2117,2726,86,39,,MAC,,,,,,,
253232241,2005-11-19,14:00,2006,regular,,final,Gardner-Webb,Maryland-Eastern Shore,2241,2379,67,77,,ASUN,MEAC,,,,,,LANCER INVITATIONAL AT FARMVILLE VA
253232724,2005-11-19,14:00,2006,regular,,final,Wichita State,San Diego State,2724,21,91,79,,MVC,Mountain West,,,,,,
253230197,2005-11-19,15:00,2006,regular,,final,Oklahoma State,Texas State,197,326,69,77,,Big 12,Sun Belt,,,,,,
253232132,2005-11-19,15:00,2006,regular,,final,Cincinnati,St. Francis (PA),2132,2598,74,39,,Big East,NEC,,,,,,
253232244,2005-11-19,15:00,2006,regular,,final,George Mason,Mt. St. Mary's,2244,289,75,64,,CAA,,,,,,,
253232378,2005-11-19,15:00,2006,regular,,final,UMBC,Morgan State,2378,2415,72,50,,Am. East,MEAC,,,,,,RETRIEVER TIP-OFF TR
253232463,2005-11-19,15:00,2006,regular,,final,Cal State Northridge,BYU,2463,252,59,76,,Big West,Mountain West,,,,,,
253232582,2005-11-19,15:00,2006,regular,,final,Southern,Northwestern State,2582,2466,67,56,,SWAC,,,,,,,SOUTHERN UNIVERSITY CL
253232751,2005-11-19,15:00,2006,regular,,final,Wyoming,Sacramento State,2751,16,47,35,,Mountain West,Big Sky,,,,,,
253230058,2005-11-19,16:00,2006,regular,,final,South Florida,UT Arlington,58,250,74,60,,Big East,WAC,,,,,,IMAGE DEPOT SHOOTOUT
253230135,2005-11-19,16:00,2006,regular,,final,Minnesota,San Francisco,135,2539,80,62,,Big Ten,WCC,,,,,,SUBWAY CLASSIC
253230399,2005-11-19,16:00,2006,regular,,final,Albany,Niagara,399,315,54,47,,Am. East,MAAC,,,,,,ST BONAVENTURE SHOOTOUT AT ST BONAVENTURE NY
253232344,2005-11-19,16:00,2006,regular,,final,Longwood,Florida International,2344,2229,55,72,,,Sun Belt,,,,,,LANCER INVITATIONAL
253232427,2005-11-19,16:00,2006,regular,,final,UNC Asheville,Campbell,2427,2097,64,60,,Big South,ASUN,,,,,,UNC ASHEVILLE TR
253232636,2005-11-19,16:00,2006,regular,,final,UTSA,Florida A&M,2636,50,71,61,,C-USA,MEAC,,,,,,GOLDEN KNIGHTS CLASSIC AT ORLANDO FL
253230254,2005-11-19,17:00,2006,regular,,final,Utah,Jacksonville State,254,55,83,46,,Mountain West,ASUN,,,,,,
253232426,2005-11-19,17:00,2006,regular,,final,Navy,Monmouth,2426,2405,79,88,,Patriot,NEC,,,,,,FAU CLASSIC AT BOCA RATON FL
253232550,2005-11-19,17:00,2006,regular,,final,Seton Hall,Florida,2550,57,48,52,,Big East,SEC,,,,,,SETON HALL BASKETBALL CLASSIC
253232755,2005-11-19,17:00,2006,regular,,final,Grambling,Nicholls,2755,2447,61,54,,SWAC,,,,,,,SOUTHERN UNIVERSITY CL
253230084,2005-11-19,18:00,2006,regular,,final,Indiana,Baylor,84,239,62,74,,Big Ten,Big 12,,,,,,
253230179,2005-11-19,18:00,2006,regular,,final,St. Bonaventure,Cornell,179,172,62,52,,A 10,Ivy,,,,,,ST BONAVENTURE SHOOTOUT
253232116,2005-11-19,18:00,2006,regular,,final,UCF,West Virginia,2116,277,63,77,,C-USA,Big East,,,,,,GOLDEN KNIGHTS CLASSIC
253232729,2005-11-19,18:00,2006,regular,,final,William & Mary,Colgate,2729,2142,64,62,,CAA,Patriot,,,,,,TD BANKNORTH CLASSIC AT BURLINGTON VT
253232011,2005-11-19,18:30,2006,regular,,final,Alabama State,Harvard,2011,108,56,69,,SWAC,Ivy,,,,,,DEPAUL INVITATIONAL AT CHICAGO
253230043,2005-11-19,19:00,2006,regular,,final,Yale,New Hampshire,43,160,59,75,,Ivy,Am. East,,,,,,
253230218,2005-11-19,19:00,2006,regular,,final,Temple,Drexel,218,2182,66,54,,A 10,CAA,,,,,,
253230322,2005-11-19,19:00,2006,regular,,final,Lafayette,Wagner,322,2681,63,46,,Patriot,NEC,,,,,,
253232226,2005-11-19,19:00,2006,regular,,final,Florida Atlantic,Delaware State,2226,2169,59,65,,ASUN,MEAC,,,,,,FAU CLASSIC
253232413,2005-11-19,19:00,2006,regular,,final,Morehead State,Pikeville,2413,95,101,53,,,,,,,,,
253232429,2005-11-19,19:00,2006,regular,,final,Charlotte,Appalachian State,2429,2026,84,58,,A 10,Southern,,,,,,
253232184,2005-11-19,19:05,2006,regular,,final,Duquesne,East Carolina,2184,151,62,60,,A 10,C-USA,,,,,,
253232198,2005-11-19,19:30,2006,regular,,final,Eastern Kentucky,Belmont,2198,2057,82,86,,ASUN,ASUN,,,,,,
253230098,2005-11-19,20:00,2006,regular,,final,Western Kentucky,Louisiana Tech,98,2348,80,59,,Sun Belt,WAC,,,,,,
253230261,2005-11-19,20:00,2006,regular,,final,Vermont,Pittsburgh,261,221,49,70,,Am. East,Big East,,,,,,TD BANKNORTH CLASSIC
253230079,2005-11-19,20:05,2006,regular,,final,Southern Illinois,Weber State,79,2692,55,48,,MVC,Big Sky,,,,,,
253232032,2005-11-19,20:05,2006,regular,,final,Arkansas State,Missouri,2032,142,70,67,,Sun Belt,Big 12,,,,,,
253230093,2005-11-19,20:30,2006,regular,,final,Murray State,Ball State,93,2050,72,90,,MVC,MAC,,,,,,
253230305,2005-11-19,20:30,2006,regular,,final,DePaul,UNLV,305,2439,88,72,,Big East,Mountain West,,,,,,DEPAUL INVITATIONAL
253242415,2005-11-20,,2006,regular,,final,Morgan State,Columbia,2415,171,78,85,,MEAC,Ivy,,,,,,
253230062,2005-11-20,00:00,2006,regular,,final,Hawai'i,USC,62,30,71,80,,WAC,Pac-12,,,,,,WAIKIKI BEACH MARRIOTT RESORT CL
253240097,2005-11-20,12:00,2006,regular,,final,Louisville,UC Santa Barbara,97,2540,76,56,,Big East,Big West,,,,,,
253240172,2005-11-20,12:00,2006,regular,,final,Cornell,Niagara,172,315,75,63,,Ivy,MAAC,,,,,,ST BONAVENTURE SHOOTOUT
253242325,2005-11-20,12:00,2006,regular,,final,La Salle,UT Arlington,2325,250,54,60,,A 10,WAC,,,,,,IMAGE DEPOT SHOOTOUT AT TAMPA FL
253240066,2005-11-20,13:00,2006,regular,,final,Iowa State,IUPUI,66,85,70,55,,Big 12,Horizon,,,,,,
253240275,2005-11-20,13:00,2006,regular,,final,Wisconsin,Cleveland State,275,325,84,59,,Big Ten,Horizon,,,,,,
253240349,2005-11-20,13:00,2006,regular,,final,Army,St. John's,349,2599,55,74,,Patriot,Big East,,,,,,
253242329,2005-11-20,13:00,2006,regular,,final,Lehigh,Brown,2329,225,77,69,,Patriot,Ivy,,,,,,
253242633,2005-11-20,13:30,2006,regular,,final,Tennessee,Stetson,2633,56,83,33,,SEC,ASUN,,,,,,
253242181,2005-11-20,13:35,2006,regular,,final,Drake,South Dakota State,2181,2571,54,52,,MVC,,,,,,,
253240041,2005-11-20,14:00,2006,regular,,final,UConn,Oklahoma,41,201,82,62,,Big East,Big 12,,,,,,PRESEASON WNIT
253240042,2005-11-20,14:00,2006,regular,,final,Hartford,Loyola Maryland,42,2352,59,52,,Am. East,MAAC,,,,,,
253240044,2005-11-20,14:00,2006,regular,,final,American University,Delaware,44,48,38,64,,Patriot,CAA,,,,,,
253240052,2005-11-20,14:00,2006,regular,,final,Florida State,Washington,52,264,69,71,,ACC,Pac-12,,,,,,
253240058,2005-11-20,14:00,2006,regular,,final,South Florida,UT Martin,58,2630,78,44,,Big East,,,,,,,IMAGE DEPOT SHOOTOUT
253240059,2005-11-20,14:00,2006,regular,,final,Georgia Tech,Arkansas-Pine Bluff,59,2029,74,36,,ACC,SWAC,,,,,,
253240113,2005-11-20,14:00,2006,regular,,final,UMass,Holy Cross,113,107,64,55,,A 10,Patriot,,,,,,
253240120,2005-11-20,14:00,2006,regular,,final,Maryland,Xavier,120,2752,93,68,,ACC,A 10,,,,,,
253240127,2005-11-20,14:00,2006,regular,,final,Michigan State,Western Carolina,127,2717,84,61,,Big Ten,Southern,,,,,,
253240130,2005-11-20,14:00,2006,regular,,final,Michigan,Miami (OH),130,193,75,58,,Big Ten,MAC,,,,,,
253240179,2005-11-20,14:00,2006,regular,,final,St. Bonaventure,Albany,179,399,59,49,,A 10,Am. East,,,,,,ST BONAVENTURE SHOOTOUT
253240213,2005-11-20,14:00,2006,regular,,final,Penn State,Villanova,213,222,59,62,,Big Ten,Big East,,,,,,
253240258,2005-11-20,14:00,2006,regular,,final,Virginia,Wright State,258,2750,74,56,,ACC,Horizon,,,,,,
253240259,2005-11-20,14:00,2006,regular,,final,Virginia Tech,James Madison,259,256,86,71,,ACC,CAA,,,,,,
253240295,2005-11-20,14:00,2006,regular,,final,Old Dominion,Duke,295,150,56,93,,CAA,ACC,,,,,,
253240314,2005-11-20,14:00,2006,regular,,final,Iona,Bucknell,314,2083,75,58,,MAAC,Patriot,,,,,,
253242084,2005-11-20,14:00,2006,regular,,final,Buffalo,Syracuse,2084,183,63,64,,MAC,Big East,,,,,,
253242210,2005-11-20,14:00,2006,regular,,final,Elon,Guilford,2210,2258,83,32,,Southern,,,,,,,
253242305,2005-11-20,14:00,2006,regular,,final,Kansas,Binghamton,2305,2066,77,53,,Big 12,Am. East,,,,,,
253242309,2005-11-20,14:00,2006,regular,,final,Kent State,Auburn,2309,2,68,64,,MAC,SEC,,,,,,
253242539,2005-11-20,14:00,2006,regular,,final,San Francisco,LIU Brooklyn,2539,2341,46,61,,WCC,NEC,,,,,,SUBWAY CLASSIC
253242542,2005-11-20,14:00,2006,regular,,final,Savannah State,Georgetown,2542,46,59,67,,,Big East,,,,,,
253242603,2005-11-20,14:00,2006,regular,,final,Saint Joseph's,NC State,2603,152,54,52,,A 10,ACC,,,,,,
253242649,2005-11-20,14:00,2006,regular,,final,Toledo,North Dakota State,2649,2449,69,66,,MAC,,,,,,,
253242711,2005-11-20,14:00,2006,regular,,final,Western Michigan,Notre Dame,2711,87,68,71,,MAC,Big East,,,,,,
253240202,2005-11-20,15:00,2006,regular,,final,Tulsa,Kansas City,202,140,59,46,,C-USA,,,,,,,
253240248,2005-11-20,15:00,2006,regular,,final,Houston,Long Beach State,248,299,66,57,,C-USA,Big West,,,,,,
253240269,2005-11-20,15:00,2006,regular,,final,Marquette,Oakland,269,2473,72,58,,Big East,Horizon,,,,,,
253240344,2005-11-20,15:00,2006,regular,,final,Mississippi State,East Tennessee State,344,2193,53,78,,SEC,ASUN,,,,,,
253242306,2005-11-20,15:00,2006,regular,,final,Kansas State,Detroit Mercy,2306,2174,91,55,,Big 12,Horizon,,,,,,
253242458,2005-11-20,15:00,2006,regular,,final,Northern Colorado,Cal State Fullerton,2458,2239,88,64,,Big Sky,Big West,,,,,,
253242287,2005-11-20,15:05,2006,regular,,final,Illinois State,Loyola Chicago,2287,2350,82,56,,MVC,Horizon,,,,,,
253242294,2005-11-20,15:05,2006,regular,,final,Iowa,Milwaukee,2294,270,82,42,,Big Ten,Horizon,,,,,,
253242459,2005-11-20,15:05,2006,regular,,final,Northern Illinois,Green Bay,2459,2739,67,73,,MAC,Horizon,,,,,,
253242579,2005-11-20,15:30,2006,regular,,final,South Carolina,Winthrop,2579,2737,73,42,,SEC,Big South,,,,,,
253240135,2005-11-20,16:00,2006,regular,,final,Minnesota,Stanford,135,24,84,77,,Big Ten,Pac-12,,,,,,SUBWAY CLASSIC
253240309,2005-11-20,16:00,2006,regular,,final,Louisiana,Hampton,309,2261,68,54,,Sun Belt,MEAC,,,,,,
253242483,2005-11-20,16:00,2006,regular,,final,Oregon,Nevada,2483,2440,61,50,,Pac-12,WAC,,,,,,
253242550,2005-11-20,16:00,2006,regular,,final,Seton Hall,St. Francis Brooklyn,2550,2597,68,50,,Big East,NEC,,,,,,SETON HALL BASKETBALL CLASSIC
253242582,2005-11-20,16:00,2006,regular,,final,Southern,Nicholls,2582,2447,85,67,,SWAC,,,,,,,
253242635,2005-11-20,16:00,2006,regular,,final,Tennessee Tech,Evansville,2635,339,73,65,,,MVC,,,,,,
253242638,2005-11-20,16:05,2006,regular,,final,UTEP,Northern Arizona,2638,2464,68,49,,C-USA,Big Sky,,,,,,
253240265,2005-11-20,17:00,2006,regular,,final,Washington State,Saint Mary's,265,2608,53,43,,Pac-12,WCC,,,,,,
253240279,2005-11-20,17:00,2006,regular,,final,Pacific,Oregon State,279,204,46,54,,Big West,Pac-12,,,,,,
253240301,2005-11-20,17:00,2006,regular,,final,San Diego,Arizona State,301,9,63,67,,WCC,Pac-12,,,,,,
253240302,2005-11-20,17:00,2006,regular,,final,UC Davis,Radford,302,2515,71,82,,Big West,Big South,,,,,,
253242250,2005-11-20,17:00,2006,regular,,final,Gonzaga,Eastern Washington,2250,331,54,51,,WCC,Big Sky,,,,,,
253242501,2005-11-20,17:00,2006,regular,,final,Portland,Portland State,2501,2502,56,66,,WCC,Big Sky,,,,,,
253240082,2005-11-20,18:00,2006,regular,,final,UIC,Alabama State,82,2011,84,37,,Horizon,SWAC,,,,,,
253240030,2005-11-20,22:00,2006,regular,,final,USC,Eastern Illinois,30,2197,68,53,,Pac-12,,,,,,,WAIKIKI BEACH MARRIOTT RESORT CL AT HONOLULU HI
253250228,2005-11-21,17:30,2006,regular,,final,Clemson,Ole Miss,228,145,66,70,,ACC,SEC,,,,,,
253252377,2005-11-21,18:00,2006,regular,,final,McNeese,Belhaven,2377,2056,93,68,,,,,,,,,
253250104,2005-11-21,19:00,2006,regular,,final,Boston University,Northeastern,104,111,73,46,,Am. East,CAA,,,,,,
253250139,2005-11-21,19:00,2006,regular,,final,Saint Louis,Weber State,139,2692,60,70,,A 10,Big Sky,,,,,,
253250153,2005-11-21,19:00,2006,regular,,final,North Carolina,Liberty,153,2335,87,36,,ACC,Big South,,,,,,
253250189,2005-11-21,19:00,2006,regular,,final,Bowling Green,St. Francis (PA),189,2598,77,55,,MAC,NEC,,,,,,
253250194,2005-11-21,19:00,2006,regular,,final,Ohio State,Eastern Kentucky,194,2198,85,38,,Big Ten,ASUN,,,,,,
253252127,2005-11-21,19:00,2006,regular,,final,Charleston Southern,Wofford,2127,2747,68,61,,Big South,Southern,,,,,,
253252244,2005-11-21,19:00,2006,regular,,final,George Mason,Howard,2244,47,71,49,,CAA,MEAC,,,,,,
253252382,2005-11-21,19:00,2006,regular,,final,Mercer,Cal Poly,2382,13,66,74,,ASUN,Big West,,,,,,
253252413,2005-11-21,19:00,2006,regular,,final,Morehead State,Charleston,2413,232,66,50,,,Southern,,,,,,
253252507,2005-11-21,19:00,2006,regular,,final,Providence,Yale,2507,43,74,53,,Big East,Ivy,,,,,,
253252514,2005-11-21,19:00,2006,regular,,final,Quinnipiac,Stony Brook,2514,2619,61,87,,NEC,Am. East,,,,,,
253252633,2005-11-21,19:00,2006,regular,,final,Tennessee,Chattanooga,2633,236,92,50,,SEC,Southern,,,,,,
253252466,2005-11-21,19:30,2006,regular,,final,Northwestern State,Texas A&M-Commerce,2466,2837,84,74,,,,,,,,,
253250003,2005-11-21,20:00,2006,regular,,final,Birmingham-Southern,Samford,3,2535,49,54,,Big South,Southern,,,,,,
253250006,2005-11-21,20:00,2006,regular,,final,South Alabama,Southern Miss,6,2572,84,72,,Sun Belt,C-USA,,,,,,
253250008,2005-11-21,20:00,2006,regular,,final,Arkansas,Memphis,8,235,99,53,,SEC,C-USA,,,,,,
253250038,2005-11-21,20:00,2006,regular,,final,Colorado,Wyoming,38,2751,50,66,,Big 12,Mountain West,,,,,,
253250068,2005-11-21,20:00,2006,regular,,final,Boise State,Sacramento State,68,16,80,52,,WAC,Big Sky,,,,,,
253250242,2005-11-21,20:00,2006,regular,,final,Rice,Texas Tech,242,2641,73,70,,C-USA,Big 12,,,,,,
253250245,2005-11-21,20:00,2006,regular,,final,Texas A&M,Saint Peter's,245,2612,77,36,,Big 12,MAAC,,,,,,
253250251,2005-11-21,20:00,2006,regular,,final,Texas,Sam Houston,251,2534,83,33,,Big 12,WAC,,,,,,
253250333,2005-11-21,20:00,2006,regular,,final,Alabama,Santa Clara,333,2541,77,71,,SEC,WCC,,,,,,
253252130,2005-11-21,20:00,2006,regular,,final,Chicago State,Dayton,2130,2168,79,65,,,A 10,,,,,,
253252617,2005-11-21,20:00,2006,regular,,final,Stephen F. Austin,Alcorn State,2617,2016,82,58,,WAC,SWAC,,,,,,
253252628,2005-11-21,20:00,2006,regular,,final,TCU,Georgia,2628,61,51,80,,Mountain West,SEC,,,,,,
253250071,2005-11-21,20:05,2006,regular,,final,Bradley,Valparaiso,71,2674,79,71,,MVC,MVC,,,,,,
253250158,2005-11-21,20:05,2006,regular,,final,Nebraska,Creighton,158,156,84,50,,Big 12,MVC,,,,,,
253250198,2005-11-21,20:05,2006,regular,,final,Oral Roberts,Jackson State,198,2296,96,70,,,SWAC,,,,,,
253250292,2005-11-21,20:30,2006,regular,,final,UT Rio Grande Valley,Prairie View A&M,292,2504,66,67,,,SWAC,,,,,,
253250253,2005-11-21,21:05,2006,regular,,final,Southern Utah,Western Colorado,253,2714,64,58,,WAC,,,,,,,
253250278,2005-11-21,22:00,2006,regular,,final,Fresno State,Texas Southern,278,2640,91,62,,WAC,SWAC,,,,,,
253250300,2005-11-21,22:00,2006,regular,,final,UC Irvine,Loyola Marymount,300,2351,73,93,,Big West,WCC,,,,,,
253252463,2005-11-21,22:00,2006,regular,,final,Cal State Northridge,San José State,2463,23,62,76,,Big West,WAC,,,,,,
253250062,2005-11-21,23:00,2006,regular,,final,Hawai'i,Eastern Illinois,62,2197,64,58,,WAC,,,,,,,WAIKIKI BEACH MARRIOTT RESORT CL
253262630,2005-11-22,16:30,2006,regular,,final,UT Martin,KY Wesleyan,2630,2316,75,63,,,,,,,,,
253262184,2005-11-22,17:00,2006,regular,,final,Duquesne,Penn State,2184,213,62,81,,A 10,Big Ten,,,,,,
253260098,2005-11-22,18:00,2006,regular,,final,Western Kentucky,Charlotte,98,2429,87,80,,Sun Belt,A 10,,,,,,
253260107,2005-11-22,18:00,2006,regular,,final,Holy Cross,Dartmouth,107,159,63,74,,Patriot,Ivy,,,,,,
253260093,2005-11-22,18:15,2006,regular,,final,Murray State,Southern Illinois,93,79,77,94,,MVC,MVC,,,,,,
253262057,2005-11-22,18:30,2006,regular,,final,Belmont,Tennessee State,2057,2634,75,54,,ASUN,,,,,,,
253262545,2005-11-22,18:30,2006,regular,,final,SE Louisiana,William Carey,2545,2730,69,61,,,,,,,,,
253260096,2005-11-22,19:00,2006,regular,,final,Kentucky,Stetson,96,56,84,38,,SEC,ASUN,,,,,,
253260150,2005-11-22,19:00,2006,regular,,final,Duke,Fairfield,150,2217,110,44,,ACC,MAAC,,,,,,
253260160,2005-11-22,19:00,2006,regular,,final,New Hampshire,Marist,160,2368,62,48,,Am. East,MAAC,,,,,,
253260163,2005-11-22,19:00,2006,regular,,final,Princeton,Lehigh,163,2329,68,57,,Ivy,Patriot,,,,,,
253260195,2005-11-22,19:00,2006,regular,,final,Ohio,Youngstown State,195,2754,59,69,,MAC,Horizon,,,,,,
253260219,2005-11-22,19:00,2006,regular,,final,Pennsylvania,Temple,219,218,53,72,,Ivy,A 10,,,,,,
253260221,2005-11-22,19:00,2006,regular,,final,Pittsburgh,Akron,221,2006,91,46,,Big East,MAC,,,,,,
253260227,2005-11-22,19:00,2006,regular,,final,Rhode Island,Harvard,227,108,48,77,,A 10,Ivy,,,,,,
253260238,2005-11-22,19:00,2006,regular,,final,Vanderbilt,Alabama A&M,238,2010,80,29,,SEC,SWAC,,,,,,
253262050,2005-11-22,19:00,2006,regular,,final,Ball State,Evansville,2050,339,76,69,,MAC,MVC,,,,,,
253262065,2005-11-22,19:00,2006,regular,,final,Bethune-Cookman,North Florida,2065,2454,55,53,,MEAC,ASUN,,,,,,
253262083,2005-11-22,19:00,2006,regular,,final,Bucknell,Coppin State,2083,2154,54,48,,Patriot,MEAC,,,,,,
253262084,2005-11-22,19:00,2006,regular,,final,Buffalo,Auburn,2084,2,41,70,,MAC,SEC,,,,,,
253262097,2005-11-22,19:00,2006,regular,,final,Campbell,Coastal Carolina,2097,324,42,57,,ASUN,Big South,,,,,,
253262199,2005-11-22,19:00,2006,regular,,final,Eastern Michigan,UMass,2199,113,63,45,,MAC,A 10,,,,,,
253262241,2005-11-22,19:00,2006,regular,,final,Gardner-Webb,UNC Asheville,2241,2427,46,58,,ASUN,Big South,,,,,,
253262272,2005-11-22,19:00,2006,regular,,final,High Point,Mars Hill,2272,2369,57,49,,Big South,,,,,,,
253262275,2005-11-22,19:00,2006,regular,,final,Hofstra,Sacred Heart,2275,2529,83,50,,CAA,NEC,,,,,,
253262344,2005-11-22,19:00,2006,regular,,final,Longwood,Wright State,2344,2750,77,80,,,Horizon,,,,,,
253262363,2005-11-22,19:00,2006,regular,,final,Manhattan,Wagner,2363,2681,65,56,,MAAC,NEC,,,,,,
253262670,2005-11-22,19:00,2006,regular,,final,VCU,Toledo,2670,2649,71,50,,CAA,MAC,,,,,,
253262755,2005-11-22,19:00,2006,regular,,final,Grambling,Hampton,2755,2261,91,80,,SWAC,MEAC,,,,,,
253260259,2005-11-22,19:30,2006,regular,,final,Virginia Tech,Old Dominion,259,295,76,69,,ACC,CAA,,,,,,
253262426,2005-11-22,19:30,2006,regular,,final,Navy,North Carolina A&T,2426,2448,80,69,,Patriot,MEAC,,,,,,
253260082,2005-11-22,20:00,2006,regular,,final,UIC,Central Michigan,82,2117,62,67,,Horizon,MAC,,,,,,
253260099,2005-11-22,20:00,2006,regular,,final,LSU,Southern,99,2582,107,39,,SEC,SWAC,,,,,,
253260142,2005-11-22,20:00,2006,regular,,final,Missouri,Northwestern,142,77,87,64,,Big 12,Big Ten,,,,,,
253260239,2005-11-22,20:00,2006,regular,,final,Baylor,Texas A&M-Corpus Christi,239,357,92,64,,Big 12,,,,,,,
253260249,2005-11-22,20:00,2006,regular,,final,North Texas,Southern Arkansas,249,2568,84,64,,Sun Belt,,,,,,,
253260326,2005-11-22,20:00,2006,regular,,final,Texas State,Texas Permian Basin,326,3081,84,40,,Sun Belt,,,,,,,
253262031,2005-11-22,20:00,2006,regular,,final,Little Rock,Centenary,2031,2113,73,48,,Sun Belt,,,,,,,
253262130,2005-11-22,20:00,2006,regular,,final,Chicago State,Robert Morris Col.,2130,599,76,48,,,,,,,,,
253262305,2005-11-22,20:00,2006,regular,,final,Kansas,Detroit Mercy,2305,2174,70,68,,Big 12,Horizon,,,,,,
253262348,2005-11-22,20:00,2006,regular,,final,Louisiana Tech,Iowa,2348,2294,95,91,,WAC,Big Ten,,,,,,
253262350,2005-11-22,20:00,2006,regular,,final,Loyola Chicago,Dayton,2350,2168,57,80,,Horizon,A 10,,,,,,
253262393,2005-11-22,20:00,2006,regular,,final,Middle Tennessee,Houston,2393,248,62,35,,Sun Belt,C-USA,,,,,,
253262433,2005-11-22,20:00,2006,regular,,final,UL Monroe,UAB,2433,5,70,68,,Sun Belt,C-USA,,,,,,
253262636,2005-11-22,20:00,2006,regular,,final,UTSA,Tulsa,2636,202,41,63,,C-USA,C-USA,,,,,,
253262653,2005-11-22,20:00,2006,regular,,final,Troy,Jacksonville State,2653,55,81,79,,Sun Belt,ASUN,,,,,,
253262710,2005-11-22,20:00,2006,regular,,final,Western Illinois,Northern Illinois,2710,2459,50,34,,,MAC,,,,,,
253262032,2005-11-22,20:05,2006,regular,,final,Arkansas State,Missouri State,2032,2623,68,62,,Sun Belt,MVC,,,,,,
253262546,2005-11-22,20:30,2006,regular,,final,Southeast Missouri State,Ark Monticello,2546,2028,83,48,,,,,,,,,
253260036,2005-11-22,21:00,2006,regular,,final,Colorado State,Concordia-St. Paul,36,3066,83,69,,Mountain West,,,,,,,
253260149,2005-11-22,21:05,2006,regular,,final,Montana,Rocky Mountain,149,2826,83,49,,Big Sky,,,,,,,
253262638,2005-11-22,21:05,2006,regular,,final,UTEP,New Mexico State,2638,166,70,58,,C-USA,WAC,,,,,,
253260001,2005-11-22,22:00,2006,regular,,final,Alaska Anchorage,Central Connecticut,1,2115,51,77,,,NEC,,,,,,GREAT ALASKA SHOOTOUT
253260021,2005-11-22,22:00,2006,regular,,final,San Diego State,San Diego,21,301,57,67,,Mountain West,WCC,,,,,,
253260025,2005-11-22,22:00,2006,regular,,final,California,UC Davis,25,302,67,58,,Pac-12,Big West,,,,,,
253260026,2005-11-22,22:00,2006,regular,,final,UCLA,BYU,26,252,67,71,,Pac-12,Mountain West,,,,,,
253262492,2005-11-22,22:00,2006,regular,,final,Pepperdine,UC Riverside,2492,27,51,44,,WCC,Big West,,,,,,
253262501,2005-11-22,22:00,2006,regular,,final,Portland,Oregon,2501,2483,36,63,,WCC,Pac-12,,,,,,
253260012,2005-11-23,00:00,2006,regular,,final,Arizona,Furman,12,231,96,63,,Pac-12,Southern,,,,,,GREAT ALASKA SHOOTOUT AT ANCHORAGE AK
253270103,2005-11-23,13:00,2006,regular,,final,Boston College,Vermont,103,261,79,38,,ACC,Am. East,,,,,,
253270161,2005-11-23,14:00,2006,regular,,final,Fairleigh Dickinson,Binghamton,161,2066,75,64,,NEC,Am. East,,,,,,
253272737,2005-11-23,14:00,2006,regular,,final,Winthrop,Appalachian State,2737,2026,47,64,,Big South,Southern,,,,,,
253272747,2005-11-23,15:00,2006,regular,,final,Wofford,Southern Virginia,2747,2896,86,45,,Southern,,,,,,,
253270198,2005-11-23,15:05,2006,regular,,final,Oral Roberts,Southwestern Oklahoma State,198,2927,72,61,,,,,,,,,
253270322,2005-11-23,17:00,2006,regular,,final,Lafayette,St. Francis Brooklyn,322,2597,56,51,,Patriot,NEC,,,,,,
253270050,2005-11-23,17:30,2006,regular,,final,Florida A&M,Savannah State,50,2542,68,59,,MEAC,,,,,,,
253272132,2005-11-23,18:00,2006,regular,,final,Cincinnati,East Tennessee State,2132,2193,82,58,,Big East,ASUN,,,,,,
253270001,2005-11-23,18:30,2006,regular,,final,Alaska Anchorage,Furman,1,231,54,74,,,Southern,,,,,,GREAT ALASKA SHOOTOUT
253270048,2005-11-23,19:00,2006,regular,,final,Delaware,La Salle,48,2325,70,60,,CAA,A 10,,,,,,
253270052,2005-11-23,19:00,2006,regular,,final,Florida State,Florida,52,57,82,76,,ACC,SEC,,,,,,
253270058,2005-11-23,19:00,2006,regular,,final,South Florida,Jacksonville,58,294,98,60,,Big East,ASUN,,,,,,
253270059,2005-11-23,19:00,2006,regular,,final,Georgia Tech,Charleston,59,232,66,50,,ACC,Southern,,,,,,
253270084,2005-11-23,19:00,2006,regular,,final,Indiana,Notre Dame,84,87,61,74,,Big Ten,Big East,,,,,,
253270111,2005-11-23,19:00,2006,regular,,final,Northeastern,Providence,111,2507,71,51,,CAA,Big East,,,,,,
253270171,2005-11-23,19:00,2006,regular,,final,Columbia,Delaware State,171,2169,61,62,,Ivy,MEAC,,,,,,
253270315,2005-11-23,19:00,2006,regular,,final,Niagara,Syracuse,315,183,61,45,,MAAC,Big East,,,,,,
253270325,2005-11-23,19:00,2006,regular,,final,Cleveland State,Hillsdale,325,2273,77,54,,Horizon,,,,,,,
253270399,2005-11-23,19:00,2006,regular,,final,Siena,Albany,2561,399,61,55,,MAAC,Am. East,,,,,,
253272099,2005-11-23,19:00,2006,regular,,final,Canisius,Cornell,2099,172,84,54,,MAAC,Ivy,,,,,,
253272405,2005-11-23,19:00,2006,regular,,final,Monmouth,St. John's,2405,2599,49,72,,NEC,Big East,,,,,,
253272729,2005-11-23,19:00,2006,regular,,final,William & Mary,Norfolk State,2729,2450,70,43,,CAA,MEAC,,,,,,
253270046,2005-11-23,19:30,2006,regular,,final,Georgetown,Mount St. Mary's,46,116,68,60,,Big East,NEC,,,,,,
253270145,2005-11-23,20:00,2006,regular,,final,Ole Miss,Texas Tech,145,2641,72,69,,SEC,Big 12,,,,,,
253270309,2005-11-23,20:00,2006,regular,,final,Louisiana,UT Rio Grande Valley,309,292,53,43,,Sun Belt,,,,,,,
253272320,2005-11-23,20:00,2006,regular,,final,Lamar,Denver,2320,2172,42,45,,,Sun Belt,,,,,,
253272724,2005-11-23,20:00,2006,regular,,final,Wichita State,Arkansas-Pine Bluff,2724,2029,78,45,,MVC,SWAC,,,,,,
253270012,2005-11-23,21:00,2006,regular,,final,Arizona,Central Connecticut,12,2115,65,69,,Pac-12,NEC,,,,,,GREAT ALASKA SHOOTOUT AT ANCHORAGE AK
253272458,2005-11-23,21:00,2006,regular,,final,Northern Colorado,Illinois,2458,356,65,55,,Big Sky,Big Ten,,,,,,
253273081,2005-11-23,21:05,2006,regular,,final,Utah Valley,Air Force,3084,2005,70,97,,,Mountain West,,,,,,
253270024,2005-11-23,22:00,2006,regular,,final,Stanford,Fresno State,24,278,89,67,,Pac-12,WAC,,,,,,
253270264,2005-11-23,22:00,2006,regular,,final,Washington,Utah,264,254,63,56,,Pac-12,Mountain West,,,,,,
253272540,2005-11-23,22:00,2006,regular,,final,UC Santa Barbara,Richmond,2540,257,55,61,,Big West,A 10,,,,,,
253270299,2005-11-23,22:30,2006,regular,,final,Long Beach State,USC,299,30,51,46,,Big West,Pac-12,,,,,,
253280120,2005-11-24,18:00,2006,regular,,final,Maryland,Gonzaga,120,2250,88,50,,ACC,WCC,,,,,,PARADISE JAM AT ST JOHN VIRGIN ISLANDS
253280025,2005-11-24,20:00,2006,regular,,final,Marshall,California,276,25,53,62,,C-USA,Pac-12,,,,,,CARIBBEAN CLASSIC AT PLAYA DEL CARMEN MEXICO
253282633,2005-11-24,20:30,2006,regular,,final,Tennessee,Michigan State,2633,127,83,55,,SEC,Big Ten,,,,,,PARADISE JAM AT ST JOHN VIRGIN ISLANDS
253290227,2005-11-25,12:00,2006,regular,,final,Rhode Island,Brown,227,225,75,71,,A 10,Ivy,,,,,,URI INVITATIONAL
253290045,2005-11-25,13:00,2006,regular,,final,George Washington,Purdue,45,2509,49,47,,A 10,Big Ten,,,,,,JUNKANOO JAM II AT FREEPORT BAHAMAS
253290119,2005-11-25,13:00,2006,regular,,final,Towson,Missouri,119,142,56,57,,CAA,Big 12,,,,,,PITT THANKSGIVING CLASSIC AT PITTSBURGH PA
253290158,2005-11-25,13:00,2006,regular,,final,Nebraska,LSU,158,99,55,74,,Big 12,SEC,,,,,,MIAMI THANKSGIVING CL AT MIAMI FL
253290258,2005-11-25,13:00,2006,regular,,final,Virginia,Alabama,258,333,69,48,,ACC,SEC,,,,,,PARADISE JAM AT ST THOMAS VIRGIN ISLANDS
253292430,2005-11-25,13:00,2006,regular,,final,UNC Greensboro,Longwood,2430,2344,66,69,,Southern,,,,,,,UNCG THANKSGIVING TR
253292752,2005-11-25,13:00,2006,regular,,final,Xavier,Elon,2752,2210,62,51,,A 10,Southern,,,,,,XAVIER INVITATIONAL
253290222,2005-11-25,14:00,2006,regular,,final,Villanova,Ole Miss,222,145,60,49,,Big East,SEC,,,,,,URI INVITATIONAL AT KINGSTON RI
253290304,2005-11-25,14:00,2006,regular,,final,Idaho State,Wisconsin,304,275,73,85,,Big Sky,Big Ten,,,,,,RAINBOW WAHINE CLASSIC AT HONOLULU HI
253292341,2005-11-25,14:00,2006,regular,,final,LIU Brooklyn,Lafayette,2341,322,48,63,,NEC,Patriot,,,,,,LIU TURKEY CLASSIC
253290153,2005-11-25,14:30,2006,regular,,final,North Carolina,Arizona State,153,9,79,72,,ACC,Pac-12,,,,,,CARIBBEAN CLASSIC AT PLAYA DEL CARMEN MEXICO
253290195,2005-11-25,15:00,2006,regular,,final,East Carolina,Ohio,151,195,71,68,,C-USA,MAC,,,,,,UNCG THANKSGIVING TR AT GREENSBORO NC
253290238,2005-11-25,15:00,2006,regular,,final,Vanderbilt,Charleston Southern,238,2127,83,39,,SEC,Big South,,,,,,VANDERBILT TOURNAMENT
253292309,2005-11-25,15:00,2006,regular,,final,Kent State,Valparaiso,2309,2674,62,66,,MAC,MVC,,,,,,XAVIER INVITATIONAL AT CINCINNATI OH
253290251,2005-11-25,15:30,2006,regular,,final,Texas,South Carolina,251,2579,59,55,,Big 12,SEC,,,,,,JUNKANOO JAM II AT FREEPORT BAHAMAS
253292440,2005-11-25,15:30,2006,regular,,final,Minnesota,Nevada,135,2440,83,75,,Big Ten,WAC,,,,,,PARADISE JAM AT ST THOMAS VIRGIN ISLANDS
253290013,2005-11-25,16:00,2006,regular,,final,Cal Poly,James Madison,13,256,63,74,,Big West,CAA,,,,,,LIU TURKEY CLASSIC AT BROOKLYN NY
253290282,2005-11-25,16:00,2006,regular,,final,Kentucky,Indiana State,96,282,68,58,,SEC,MVC,,,,,,PEPPERDINE THANKSGIVING CLASSIC AT MALIBU CA
253292006,2005-11-25,16:00,2006,regular,,final,Akron,Cleveland State,2006,325,59,62,,MAC,Horizon,,,,,,
253290062,2005-11-25,16:10,2006,regular,,final,Hawai'i,Washington State,62,265,68,63,,WAC,Pac-12,,,,,,RAINBOW WAHINE CLASSIC
253290189,2005-11-25,16:30,2006,regular,,final,Bowling Green,IUPUI,189,85,66,55,,MAC,Horizon,,,,,,HAMPTON INN CLASSIC AT BLOOMINGTON IN
253290236,2005-11-25,17:00,2006,regular,,final,Tennessee Tech,Chattanooga,2635,236,82,67,,,Southern,,,,,,LADY REBEL SHOOTOUT AT LAS VEGAS NV
253290344,2005-11-25,17:00,2006,regular,,final,Mississippi State,TCU,344,2628,52,72,,SEC,Mountain West,,,,,,CARIBBEAN CLASSIC AT PLAYA DEL CARMEN MEXICO
253292184,2005-11-25,17:00,2006,regular,,final,Duquesne,Oakland,2184,2473,54,65,,A 10,Horizon,,,,,,MIAMI THANKSGIVING TR AT CORAL GABLES FL
253292229,2005-11-25,17:00,2006,regular,,final,Florida International,Western Michigan,2229,2711,66,65,,Sun Belt,MAC,,,,,,FIU THANKSGIVING CLASSIC
253292377,2005-11-25,17:00,2006,regular,,final,McNeese,Colgate,2377,2142,78,82,,,Patriot,,,,,,VANDERBILT TOURNAMENT AT NASHVILLE TN
253290066,2005-11-25,18:00,2006,regular,,final,NC State,Iowa State,152,66,81,59,,ACC,Big 12,,,,,,JUNKANOO JAM AT GRAND BAHAMA ISLAND
253290097,2005-11-25,18:00,2006,regular,,final,Louisville,Eastern Kentucky,97,2198,75,45,,Big East,ASUN,,,,,,MIDDLE TENNESSEE STATE CLASSIC AT MURFREESBORO TN
253290120,2005-11-25,18:00,2006,regular,,final,Michigan State,Maryland,127,120,61,75,,Big Ten,ACC,,,,,,PARADISE JAM AT ST JOHN VIRGIN ISLANDS
253290166,2005-11-25,18:00,2006,regular,,final,New Mexico State,Kansas City,166,140,55,89,,WAC,,,,,,,UTSA CLASSIC AT SAN ANTONIO TX
253290193,2005-11-25,18:00,2006,regular,,final,Miami (OH),New Orleans,193,2443,90,63,,MAC,Sun Belt,,,,,,BILLIKEN CLASSIC AT ST LOUIS MO
253290259,2005-11-25,18:00,2006,regular,,final,Virginia Tech,Denver,259,2172,56,40,,ACC,Sun Belt,,,,,,SMU HOOPS FOR THE CURE CLASSIC AT DALLAS TX
253290261,2005-11-25,18:00,2006,regular,,final,Vermont,Mercer,261,2382,64,43,,Am. East,ASUN,,,,,,ONEIDA HOLIDAY CLASSIC AT GREEN BAY WI
253290292,2005-11-25,18:00,2006,regular,,final,Mississippi Valley State,UT Rio Grande Valley,2400,292,70,37,,SWAC,,,,,,,TEXAS STATE UNIVERSITY CLASSIC AT SAN MARCOS TX
253292247,2005-11-25,18:00,2006,regular,,final,Birmingham-Southern,Georgia State,3,2247,55,56,,Big South,CAA,,,,,,SAMFORD/BSC CLASSIC
253290245,2005-11-25,18:20,2006,regular,,final,Texas A&M,Cal State Northridge,245,2463,76,52,,Big 12,Big West,,,,,,RAINBOW WAHINE CLASSIC AT HONOLULU HI
253292363,2005-11-25,18:30,2006,regular,,final,Manhattan,Army,2363,349,72,65,,MAAC,Patriot,,,,,,LA QUINTA INN amp; SUITES THANKSGIVING TR AT FLAGS
253292492,2005-11-25,18:30,2006,regular,,final,Pepperdine,Hofstra,2492,2275,59,75,,WCC,CAA,,,,,,PEPPERDINE THANKSGIVING CLASSIC
253290084,2005-11-25,19:00,2006,regular,,final,Indiana,Youngstown State,84,2754,74,38,,Big Ten,Horizon,,,,,,HAMPTON INN CLASSIC
253290235,2005-11-25,19:00,2006,regular,,final,Memphis,Austin Peay,235,2046,49,74,,C-USA,ASUN,,,,,,LADY TIGER CLASSIC
253290311,2005-11-25,19:00,2006,regular,,final,Maine,Kennesaw State,311,338,88,56,,Am. East,ASUN,,,,,,DEAD RIVER CLASSIC
253290324,2005-11-25,19:00,2006,regular,,final,Coastal Carolina,Southern Virginia,324,2896,88,45,,Big South,,,,,,,
253292390,2005-11-25,19:00,2006,regular,,final,Miami,Bradley,2390,71,73,61,,ACC,MVC,,,,,,MIAMI THANKSGIVING TR
253292458,2005-11-25,19:00,2006,regular,,final,Northern Colorado,Marquette,2458,269,57,54,,Big Sky,Big East,,,,,,WINGATE CLASSIC AT BOZEMAN MT
253292550,2005-11-25,19:00,2006,regular,,final,Seton Hall,American University,2550,44,64,53,,Big East,Patriot,,,,,,FIU THANKSGIVING CLASSIC AT MIAMI FL
253292572,2005-11-25,19:00,2006,regular,,final,Southern Miss,Florida A&M,2572,50,90,56,,C-USA,MEAC,,,,,,LADY EAGLE CLASSIC
253292439,2005-11-25,19:30,2006,regular,,final,UNLV,Stephen F. Austin,2439,2617,72,66,,Mountain West,WAC,,,,,,LADY REBEL SHOOTOUT
253280201,2005-11-25,20:00,2006,regular,,final,Oklahoma,Iowa,201,2294,85,68,,Big 12,Big Ten,,,,,,ODWALLA CLASSIC AT SAN FRANCISCO CA
253290026,2005-11-25,20:00,2006,regular,,final,UCLA,Georgia,26,61,84,64,,Pac-12,SEC,,,,,,LMU/AYRES HOTEL THANKSGIVING TR AT LOS ANGELES CA
253290070,2005-11-25,20:00,2006,regular,,final,Idaho,Oklahoma State,70,197,68,69,,WAC,Big 12,,,,,,UNM THANKSGIVING TR AT ALBUQUERQUE NM
253290079,2005-11-25,20:00,2006,regular,,final,Southern Illinois,South Alabama,79,6,82,61,,MVC,Sun Belt,,,,,,
253290326,2005-11-25,20:00,2006,regular,,final,Texas State,Prairie View A&M,326,2504,78,46,,Sun Belt,SWAC,,,,,,TEXAS STATE UNIVERSITY CLASSIC
253292116,2005-11-25,20:00,2006,regular,,final,Butler,UCF,2086,2116,69,57,,Horizon,C-USA,,,,,,HILTON CONCORD THANKSGIVING CLASSIC AT MORAGA CA
253292393,2005-11-25,20:00,2006,regular,,final,Middle Tennessee,Georgia Southern,2393,290,80,58,,Sun Belt,Southern,,,,,,MIDDLE TENNESSEE STATE CLASSIC
253292483,2005-11-25,20:00,2006,regular,,final,Oregon,Arkansas,2483,8,70,59,,Pac-12,SEC,,,,,,
253292535,2005-11-25,20:00,2006,regular,,final,Samford,Florida Atlantic,2535,2226,82,55,,Southern,ASUN,,,,,,SAMFORD/BSC CLASSIC
253292546,2005-11-25,20:00,2006,regular,,final,Southeast Missouri State,Milwaukee,2546,270,87,90,,,Horizon,,,,,,SOUTHEAST HOSPITAL CLASSIC
253292567,2005-11-25,20:00,2006,regular,,final,SMU,UL Monroe,2567,2433,56,44,,C-USA,Sun Belt,,,,,,SMU HOOPS FOR THE CURE CLASSIC
253292636,2005-11-25,20:00,2006,regular,,final,UTSA,Little Rock,2636,2031,52,44,,C-USA,Sun Belt,,,,,,UTSA CLASSIC
253292655,2005-11-25,20:00,2006,regular,,final,UTEP,Tulane,2638,2655,63,68,,C-USA,C-USA,,,,,,
253292739,2005-11-25,20:00,2006,regular,,final,Green Bay,Pacific,2739,279,56,41,,Horizon,Big West,,,,,,ONEIDA HOLIDAY CLASSIC
253290139,2005-11-25,20:30,2006,regular,,final,Saint Louis,Yale,139,43,65,50,,A 10,Ivy,,,,,,BILLIKEN CLASSIC
253290356,2005-11-25,20:30,2006,regular,,final,Illinois,Utah State,356,328,62,43,,Big Ten,WAC,,,,,,COORS CLASSIC AT BOULDER CO
253292199,2005-11-25,20:30,2006,regular,,final,Eastern Michigan,DePaul,2199,305,49,64,,MAC,Big East,,,,,,RAINBOW WAHINE CLASSIC AT HONOLULU HI
253292250,2005-11-25,20:30,2006,regular,,final,Gonzaga,Tennessee,2250,2633,65,79,,WCC,SEC,,,,,,PARADISE JAM AT ST JOHN VIRGIN ISLANDS
253292454,2005-11-25,20:30,2006,regular,,final,Rutgers,North Florida,164,2454,66,36,,Big East,ASUN,,,,,,JUNKANOO JAM AT GRAND BAHAMA ISLAND
253290036,2005-11-25,21:00,2006,regular,,final,Colorado State,South Dakota State,36,2571,75,82,,Mountain West,,,,,,,
253292057,2005-11-25,21:00,2006,regular,,final,Clemson,Belmont,228,2057,62,85,,ACC,ASUN,,,,,,LADY TIGER CLASSIC AT MEMPHIS TN
253292466,2005-11-25,21:00,2006,regular,,final,Alcorn State,Northwestern State,2016,2466,64,72,,SWAC,,,,,,,LADY EAGLE CLASSIC AT HATTIESBURG MS
253292464,2005-11-25,21:05,2006,regular,,final,Northern Arizona,Cal State Fullerton,2464,2239,66,61,,Big Sky,Big West,,,,,,LA QUINTA INN amp; SUITES THANKSGIVING TR
253292692,2005-11-25,21:05,2006,regular,,final,Weber State,Air Force,2692,2005,65,78,,Big Sky,Mountain West,,,,,,
253290147,2005-11-25,21:30,2006,regular,,final,Montana State,Boise State,147,68,52,66,,Big Sky,WAC,,,,,,WINGATE CLASSIC
253290167,2005-11-25,22:00,2006,regular,,final,New Mexico,Marist,167,2368,61,54,,Mountain West,MAAC,,,,,,UNM THANKSGIVING TR
253292351,2005-11-25,22:00,2006,regular,,final,Loyola Marymount,Charlotte,2351,2429,74,82,,WCC,A 10,,,,,,LMU/AYRES HOTEL THANKSGIVING TR
253292539,2005-11-25,22:00,2006,regular,,final,San Francisco,Rider,2539,2520,80,44,,WCC,MAAC,,,,,,ODWALLA CLASSIC
253292608,2005-11-25,22:00,2006,regular,,final,Saint Mary's,Princeton,2608,163,75,70,,WCC,Ivy,,,,,,HILTON CONCORD THANKSGIVING CLASSIC
253292502,2005-11-25,22:05,2006,regular,,final,Portland State,UC Davis,2502,302,64,67,,Big Sky,Big West,,,,,,
253290038,2005-11-25,22:30,2006,regular,,final,Colorado,Northern Iowa,38,2460,65,74,,Big 12,MVC,,,,,,COORS CLASSIC
253300052,2005-11-26,12:00,2006,regular,,final,Florida State,Western Carolina,52,2717,75,67,,ACC,Southern,,,,,,SEMINOLE CLASSIC
253300113,2005-11-26,12:00,2006,regular,,final,UMass,Hartford,113,42,52,68,,A 10,Am. East,,,,,,
253300225,2005-11-26,12:00,2006,regular,,final,Brown,Ole Miss,225,145,47,56,,Ivy,SEC,,,,,,URI INVITATIONAL AT KINGSTON RI
253300357,2005-11-26,12:00,2006,regular,,final,Texas A&M-Corpus Christi,LSU,357,99,45,74,,,SEC,,,,,,MIAMI THANKSGIVING CL AT MIAMI FL
253302166,2005-11-26,12:00,2006,regular,,final,Davidson,Wake Forest,2166,154,84,87,,Southern,ACC,,,,,,
253300002,2005-11-26,13:00,2006,regular,,final,Auburn,George Mason,2,2244,77,36,,SEC,CAA,,,,,,DUKE CLASSIC AT DURHAM NC
253300160,2005-11-26,13:00,2006,regular,,final,New Hampshire,Cornell,160,172,75,72,,Am. East,Ivy,,,,,,NEW HAMPSHIRE TR
253300221,2005-11-26,13:00,2006,regular,,final,Pittsburgh,Towson,221,119,69,50,,Big East,CAA,,,,,,PITT THANKSGIVING CLASSIC
253302066,2005-11-26,13:00,2006,regular,,final,Binghamton,Canisius,2066,2099,93,86,,Am. East,MAAC,,,,,,
253302210,2005-11-26,13:00,2006,regular,,final,Elon,Kent State,2210,2309,54,57,,Southern,MAC,,,,,,XAVIER INVITATIONAL AT CINCINNATI OH
253302244,2005-11-26,13:00,2006,regular,,final,South Carolina,Purdue,2579,2509,48,56,,SEC,Big Ten,,,,,,JUNKANOO JAM II AT FREEPORT BAHAMAS
253302430,2005-11-26,13:00,2006,regular,,final,UNC Greensboro,Ohio,2430,195,69,52,,Southern,MAC,,,,,,UNCG THANKSGIVING TR
253302440,2005-11-26,13:00,2006,regular,,final,Nevada,Alabama,2440,333,46,76,,WAC,SEC,,,,,,PARADISE JAM AT ST THOMAS VIRGIN ISLANDS
253302449,2005-11-26,13:00,2006,regular,,final,North Dakota State,Georgetown,2449,46,64,51,,,Big East,,,,,,CREDIT UNION CLASSIC AT MUNCIE IN
253302710,2005-11-26,13:00,2006,regular,,final,Eastern Washington,Western Illinois,331,2710,54,57,,Big Sky,,,,,,,BUCKEYE CLASSIC AT COLUMBUS OH
253302747,2005-11-26,13:00,2006,regular,,final,Wofford,North Carolina A&T,2747,2448,94,50,,Southern,MEAC,,,,,,
253300047,2005-11-26,14:00,2006,regular,,final,Howard,VCU,47,2670,66,89,,MEAC,CAA,,,,,,
253300227,2005-11-26,14:00,2006,regular,,final,Rhode Island,Villanova,227,222,44,65,,A 10,Big East,,,,,,URI INVITATIONAL
253300314,2005-11-26,14:00,2006,regular,,final,Iona,Wichita State,314,2724,73,71,,MAAC,MVC,,,,,,
253300350,2005-11-26,14:00,2006,regular,,final,UNC Wilmington,South Carolina State,350,2569,60,50,,CAA,MEAC,,,,,,
253300399,2005-11-26,14:00,2006,regular,,final,Albany,Morgan State,399,2415,66,56,,Am. East,MEAC,,,,,,
253302113,2005-11-26,14:00,2006,regular,,final,Centenary,Sam Houston,2113,2534,68,63,,,WAC,,,,,,
253302117,2005-11-26,14:00,2006,regular,,final,Central Michigan,Purdue Fort Wayne,2117,2870,69,61,,MAC,,,,,,,
253302132,2005-11-26,14:00,2006,regular,,final,Cincinnati,Detroit Mercy,2132,2174,71,55,,Big East,Horizon,,,,,,
253302341,2005-11-26,14:00,2006,regular,,final,LIU Brooklyn,Cal Poly,2341,13,68,72,,NEC,Big West,,,,,,LIU TURKEY CLASSIC
253302523,2005-11-26,14:00,2006,regular,,final,Robert Morris,Loyola Chicago,2523,2350,66,57,,NEC,Horizon,,,,,,ROUNDBALL CLASSIC AT TAMPA FL
253302542,2005-11-26,14:00,2006,regular,,final,Savannah State,Jacksonville,2542,294,48,68,,,ASUN,,,,,,
253302612,2005-11-26,14:00,2006,regular,,final,Saint Peter's,Providence,2612,2507,54,46,,MAAC,Big East,,,,,,
253302711,2005-11-26,14:00,2006,regular,,final,Western Michigan,American University,2711,44,72,74,,MAC,Patriot,,,,,,FIU THANKSGIVING CLASSIC AT MIAMI FL
253302750,2005-11-26,14:00,2006,regular,,final,Wright State,Montana,2750,149,47,57,,Horizon,Big Sky,,,,,,SEMINOLE CLASSIC AT TALLAHASSEE FL
253300239,2005-11-26,14:30,2006,regular,,final,California,Baylor,25,239,58,75,,Pac-12,Big 12,,,,,,CARIBBEAN CLASSIC AT PLAYA DEL CARMEN MEXICO
253300103,2005-11-26,15:00,2006,regular,,final,Boston College,North Texas,103,249,62,46,,ACC,Sun Belt,,,,,,NEW HAMPSHIRE TR AT DURHAM NH
253300151,2005-11-26,15:00,2006,regular,,final,East Carolina,Longwood,151,2344,73,59,,C-USA,,,,,,,UNCG THANKSGIVING TR AT GREENSBORO NC
253300194,2005-11-26,15:00,2006,regular,,final,Ohio State,Nicholls,194,2447,94,35,,Big Ten,,,,,,,BUCKEYE CLASSIC
253302031,2005-11-26,15:00,2006,regular,,final,Little Rock,Kansas City,2031,140,58,45,,Sun Belt,,,,,,,UTSA CLASSIC AT SAN ANTONIO TX
253302050,2005-11-26,15:00,2006,regular,,final,Ball State,Lipscomb,2050,288,83,53,,MAC,ASUN,,,,,,CREDIT UNION CLASSIC
253302127,2005-11-26,15:00,2006,regular,,final,Charleston Southern,McNeese,2127,2377,71,79,,Big South,,,,,,,VANDERBILT TOURNAMENT AT NASHVILLE TN
253302130,2005-11-26,15:00,2006,regular,,final,Chicago State,St. Xavier,2130,2615,88,60,,,,,,,,,
253302752,2005-11-26,15:00,2006,regular,,final,Xavier,Valparaiso,2752,2674,58,44,,A 10,MVC,,,,,,XAVIER INVITATIONAL
253300198,2005-11-26,15:05,2006,regular,,final,Oral Roberts,Lamar,198,2320,111,84,,,,,,,,,
253300045,2005-11-26,15:30,2006,regular,,final,Texas,George Washington,251,45,59,54,,Big 12,A 10,,,,,,JUNKANOO JAM II AT FREEPORT BAHAMAS
253300135,2005-11-26,15:30,2006,regular,,final,Minnesota,Virginia,135,258,69,64,,Big Ten,ACC,,,,,,PARADISE JAM AT ST THOMAS VIRGIN ISLANDS
253300150,2005-11-26,15:30,2006,regular,,final,Duke,Arkansas State,150,2032,110,56,,ACC,Sun Belt,,,,,,DUKE CLASSIC
253300219,2005-11-26,15:30,2006,regular,,final,Rice,Pennsylvania,242,219,59,54,,C-USA,Ivy,,,,,,HUSKY CLASSIC AT SEATTLE WA
253300236,2005-11-26,15:30,2006,regular,,final,Chattanooga,Stephen F. Austin,236,2617,78,69,,Southern,WAC,,,,,,LADY REBEL SHOOTOUT AT LAS VEGAS NV
253300304,2005-11-26,15:30,2006,regular,,final,Idaho State,Washington State,304,265,51,74,,Big Sky,Pac-12,,,,,,RAINBOW WAHINE CLASSIC AT HONOLULU HI
253300058,2005-11-26,16:00,2006,regular,,final,South Florida,UMBC,58,2378,66,56,,Big East,Am. East,,,,,,ROUNDBALL CLASSIC
253300082,2005-11-26,16:00,2006,regular,,final,UIC,Northwestern,82,77,79,81,,Horizon,Big Ten,,,,,,
253300096,2005-11-26,16:00,2006,regular,,final,Kentucky,Hofstra,96,2275,67,54,,SEC,CAA,,,,,,PEPPERDINE THANKSGIVING CLASSIC AT MALIBU CA
253300097,2005-11-26,16:00,2006,regular,,final,Louisville,Georgia Southern,97,290,88,44,,Big East,Southern,,,,,,MIDDLE TENNESSEE STATE CLASSIC AT MURFREESBORO TN
253300299,2005-11-26,16:00,2006,regular,,final,Long Beach State,Richmond,299,257,59,51,,Big West,A 10,,,,,,
253300311,2005-11-26,16:00,2006,regular,,final,Maine,Dartmouth,311,159,63,70,,Am. East,Ivy,,,,,,DEAD RIVER CLASSIC
253300322,2005-11-26,16:00,2006,regular,,final,Lafayette,James Madison,322,256,50,70,,Patriot,CAA,,,,,,LIU TURKEY CLASSIC AT BROOKLYN NY
253302083,2005-11-26,16:00,2006,regular,,final,Bucknell,Siena,2083,2561,54,48,,Patriot,MAAC,,,,,,
253302229,2005-11-26,16:00,2006,regular,,final,Florida International,Seton Hall,2229,2550,61,39,,Sun Belt,Big East,,,,,,FIU THANKSGIVING CLASSIC
253302296,2005-11-26,16:00,2006,regular,,final,Jackson State,SE Louisiana,2296,2545,61,39,,SWAC,,,,,,,
253300027,2005-11-26,16:30,2006,regular,,final,UC Riverside,San Diego State,27,21,71,66,,Big West,Mountain West,,,,,,
253300085,2005-11-26,16:30,2006,regular,,final,IUPUI,Youngstown State,85,2754,53,50,,Horizon,Horizon,,,,,,HAMPTON INN CLASSIC AT BLOOMINGTON IN
253300204,2005-11-26,17:00,2006,regular,,final,Oregon State,Drake,204,2181,63,61,,Pac-12,MVC,,,,,,
253300238,2005-11-26,17:00,2006,regular,,final,Vanderbilt,Colgate,238,2142,72,33,,SEC,Patriot,,,,,,VANDERBILT TOURNAMENT
253302541,2005-11-26,17:00,2006,regular,,final,Santa Clara,Kansas State,2541,2306,71,100,,WCC,Big 12,,,,,,
253302628,2005-11-26,17:00,2006,regular,,final,TCU,North Carolina,2628,153,54,77,,Mountain West,ACC,,,,,,CARIBBEAN CLASSIC AT PLAYA DEL CARMEN MEXICO
253302636,2005-11-26,17:00,2006,regular,,final,UTSA,New Mexico State,2636,166,61,38,,C-USA,WAC,,,,,,UTSA CLASSIC
253300016,2005-11-26,17:05,2006,regular,,final,Sacramento State,Southern Utah,16,253,68,67,,Big Sky,WAC,,,,,,
253302287,2005-11-26,17:35,2006,regular,,final,Illinois State,Northern Illinois,2287,2459,60,50,,MVC,MAC,,,,,,
253302463,2005-11-26,17:40,2006,regular,,final,Cal State Northridge,Eastern Michigan,2463,2199,69,59,,Big West,MAC,,,,,,RAINBOW WAHINE CLASSIC AT HONOLULU HI
253300071,2005-11-26,18:00,2006,regular,,final,Bradley,Duquesne,71,2184,60,70,,MVC,A 10,,,,,,MIAMI THANKSGIVING TR AT CORAL GABLES FL
253300127,2005-11-26,18:00,2006,regular,,final,Michigan State,Gonzaga,127,2250,60,45,,Big Ten,WCC,,,,,,PARADISE JAM AT ST JOHN VIRGIN ISLANDS
253300235,2005-11-26,18:00,2006,regular,,final,Memphis,Clemson,235,228,88,97,,C-USA,ACC,,,,,,LADY TIGER CLASSIC
253300252,2005-11-26,18:00,2006,regular,,final,BYU,UC Santa Barbara,252,2540,72,39,,Mountain West,Big West,,,,,,
253300264,2005-11-26,18:00,2006,regular,,final,Washington,San Diego,264,301,77,61,,Pac-12,WCC,,,,,,HUSKY CLASSIC
253300279,2005-11-26,18:00,2006,regular,,final,Pacific,Mercer,279,2382,52,55,,Big West,ASUN,,,,,,ONEIDA HOLIDAY CLASSIC AT GREEN BAY WI
253300292,2005-11-26,18:00,2006,regular,,final,Prairie View A&M,UT Rio Grande Valley,2504,292,54,75,,SWAC,,,,,,,TEXAS STATE UNIVERSITY CLASSIC AT SAN MARCOS TX
253302172,2005-11-26,18:00,2006,regular,,final,Denver,UL Monroe,2172,2433,54,66,,Sun Belt,Sun Belt,,,,,,SMU HOOPS FOR THE CURE CLASSIC AT DALLAS TX
253302226,2005-11-26,18:00,2006,regular,,final,Florida Atlantic,Birmingham-Southern,2226,3,66,74,,ASUN,Big South,,,,,,SAMFORD/BSC CLASSIC
253302351,2005-11-26,18:00,2006,regular,,final,Loyola Marymount,Georgia,2351,61,58,89,,WCC,SEC,,,,,,LMU/AYRES HOTEL THANKSGIVING TR
253302393,2005-11-26,18:00,2006,regular,,final,Middle Tennessee,Eastern Kentucky,2393,2198,77,66,,Sun Belt,ASUN,,,,,,MIDDLE TENNESSEE STATE CLASSIC
253302439,2005-11-26,18:00,2006,regular,,final,UNLV,Tennessee Tech,2439,2635,65,55,,Mountain West,,,,,,,LADY REBEL SHOOTOUT
253302443,2005-11-26,18:00,2006,regular,,final,New Orleans,Yale,2443,43,54,50,,Sun Belt,Ivy,,,,,,BILLIKEN CLASSIC AT ST LOUIS MO
253302454,2005-11-26,18:00,2006,regular,,final,North Florida,Iowa State,2454,66,48,74,,ASUN,Big 12,,,,,,JUNKANOO JAM AT GRAND BAHAMA ISLAND
253302239,2005-11-26,18:30,2006,regular,,final,Cal State Fullerton,Army,2239,349,79,80,,Big West,Patriot,,,,,,LA QUINTA INN amp; SUITES THANKSGIVING TR AT FLAGS
253302492,2005-11-26,18:30,2006,regular,,final,Pepperdine,Indiana State,2492,282,73,91,,WCC,MVC,,,,,,PEPPERDINE THANKSGIVING CLASSIC
253300036,2005-11-26,19:00,2006,regular,,final,Colorado State,UC Irvine,36,300,85,65,,Mountain West,Big West,,,,,,COORS ROCKY MOUNTAIN INVITATIONAL
253300038,2005-11-26,19:00,2006,regular,,final,Colorado,Utah State,38,328,73,56,,Big 12,WAC,,,,,,COORS CLASSIC
253300050,2005-11-26,19:00,2006,regular,,final,Florida A&M,Alcorn State,50,2016,57,64,,MEAC,SWAC,,,,,,LADY EAGLE CLASSIC AT HATTIESBURG MS
253300084,2005-11-26,19:00,2006,regular,,final,Indiana,Bowling Green,84,189,50,68,,Big Ten,MAC,,,,,,HAMPTON INN CLASSIC
253300130,2005-11-26,19:00,2006,regular,,final,Michigan,Toledo,130,2649,54,61,,Big Ten,MAC,,,,,,
253300147,2005-11-26,19:00,2006,regular,,final,Montana State,Marquette,147,269,48,76,,Big Sky,Big East,,,,,,WINGATE CLASSIC
253300277,2005-11-26,19:00,2006,regular,,final,West Virginia,Fordham,277,2230,83,39,,Big East,A 10,,,,,,
253302241,2005-11-26,19:00,2006,regular,,final,Gardner-Webb,High Point,2241,2272,60,73,,ASUN,Big South,,,,,,
253302329,2005-11-26,19:00,2006,regular,,final,Lehigh,Drexel,2329,2182,57,58,,Patriot,CAA,,,,,,
253302335,2005-11-26,19:00,2006,regular,,final,Liberty,William & Mary,2335,2729,73,56,,Big South,CAA,,,,,,
253300245,2005-11-26,19:50,2006,regular,,final,Texas A&M,DePaul,245,305,71,84,,Big 12,Big East,,,,,,RAINBOW WAHINE CLASSIC AT HONOLULU HI
253300009,2005-11-26,20:00,2006,regular,,final,Arizona State,Mississippi State,9,344,70,48,,Pac-12,SEC,,,,,,CARIBBEAN CLASSIC AT PLAYA DEL CARMEN MEXICO
253300026,2005-11-26,20:00,2006,regular,,final,UCLA,Charlotte,26,2429,87,71,,Pac-12,A 10,,,,,,LMU/AYRES HOTEL THANKSGIVING TR
253300326,2005-11-26,20:00,2006,regular,,final,Texas State,Mississippi Valley State,326,2400,85,51,,Sun Belt,SWAC,,,,,,TEXAS STATE UNIVERSITY CLASSIC
253302057,2005-11-26,20:00,2006,regular,,final,Belmont,Austin Peay,2057,2046,64,60,,ASUN,ASUN,,,,,,LADY TIGER CLASSIC AT MEMPHIS TN
253302116,2005-11-26,20:00,2006,regular,,final,UCF,Princeton,2116,163,87,91,,C-USA,Ivy,,,,,,HILTON CONCORD THANKSGIVING CLASSIC AT MORAGA CA
253302294,2005-11-26,20:00,2006,regular,,final,Iowa,Rider,2294,2520,88,41,,Big Ten,MAAC,,,,,,ODWALLA CLASSIC AT SAN FRANCISCO CA
253302368,2005-11-26,20:00,2006,regular,,final,Marist,Idaho,2368,70,52,49,,MAAC,WAC,,,,,,UNM THANKSGIVING TR AT ALBUQUERQUE NM
253302390,2005-11-26,20:00,2006,regular,,final,Miami,Oakland,2390,2473,78,65,,ACC,Horizon,,,,,,MIAMI THANKSGIVING TR
253302535,2005-11-26,20:00,2006,regular,,final,Samford,Georgia State,2535,2247,62,59,,Southern,CAA,,,,,,SAMFORD/BSC CLASSIC
253302546,2005-11-26,20:00,2006,regular,,final,Southeast Missouri State,Henderson State,2546,2271,79,66,,,,,,,,,SOUTHEAST HOSPITAL CLASSIC
253302567,2005-11-26,20:00,2006,regular,,final,SMU,Virginia Tech,2567,259,61,87,,C-USA,ACC,,,,,,SMU HOOPS FOR THE CURE CLASSIC
253302739,2005-11-26,20:00,2006,regular,,final,Green Bay,Vermont,2739,261,62,52,,Horizon,Am. East,,,,,,ONEIDA HOLIDAY CLASSIC
253300093,2005-11-26,20:30,2006,regular,,final,Murray State,Western Kentucky,93,98,59,86,,MVC,Sun Belt,,,,,,
253300120,2005-11-26,20:30,2006,regular,,final,Tennessee,Maryland,2633,120,80,75,,SEC,ACC,,,,,,PARADISE JAM AT ST JOHN VIRGIN ISLANDS
253300139,2005-11-26,20:30,2006,regular,,final,Saint Louis,Miami (OH),139,193,55,62,,A 10,MAC,,,,,,BILLIKEN CLASSIC
253300164,2005-11-26,20:30,2006,regular,,final,Rutgers,NC State,164,152,66,56,,Big East,ACC,,,,,,JUNKANOO JAM AT GRAND BAHAMA ISLAND
253302460,2005-11-26,21:00,2006,regular,,final,Northern Iowa,Illinois,2460,356,71,47,,MVC,Big Ten,,,,,,COORS CLASSIC AT BOULDER CO
253302572,2005-11-26,21:00,2006,regular,,final,Southern Miss,Northwestern State,2572,2466,75,85,,C-USA,,,,,,,LADY EAGLE CLASSIC
253302464,2005-11-26,21:05,2006,regular,,final,Northern Arizona,Manhattan,2464,2363,65,51,,Big Sky,MAAC,,,,,,LA QUINTA INN amp; SUITES THANKSGIVING TR
253303081,2005-11-26,21:05,2006,regular,,final,Utah Valley,Fresno State,3084,278,72,64,,,WAC,,,,,,
253300012,2005-11-26,21:30,2006,regular,,final,Arizona,Utah,12,254,63,66,,Pac-12,Mountain West,,,,,,
253300068,2005-11-26,21:30,2006,regular,,final,Boise State,Northern Colorado,68,2458,73,59,,WAC,Big Sky,,,,,,WINGATE CLASSIC AT BOZEMAN MT
253300062,2005-11-26,22:00,2006,regular,,final,Hawai'i,Wisconsin,62,275,67,77,,WAC,Big Ten,,,,,,RAINBOW WAHINE CLASSIC
253300167,2005-11-26,22:00,2006,regular,,final,New Mexico,Oklahoma State,167,197,56,52,,Mountain West,Big 12,,,,,,UNM THANKSGIVING TR
253302502,2005-11-26,22:00,2006,regular,,final,Portland State,Arkansas,2502,8,67,65,,Big Sky,SEC,,,,,,
253302539,2005-11-26,22:00,2006,regular,,final,San Francisco,Oklahoma,2539,201,51,53,,WCC,Big 12,,,,,,ODWALLA CLASSIC
253302608,2005-11-26,22:00,2006,regular,,final,Saint Mary's,Butler,2608,2086,69,59,,WCC,Horizon,,,,,,HILTON CONCORD THANKSGIVING CLASSIC
253310221,2005-11-27,12:00,2006,regular,,final,Pittsburgh,Missouri,221,142,60,69,,Big East,Big 12,,,,,,PITT THANKSGIVING CLASSIC
253310288,2005-11-27,12:00,2006,regular,,final,Lipscomb,Georgetown,288,46,45,77,,ASUN,Big East,,,,,,CREDIT UNION CLASSIC AT MUNCIE IN
253310357,2005-11-27,12:00,2006,regular,,final,Texas A&M-Corpus Christi,Nebraska,357,158,64,76,,,Big 12,,,,,,MIAMI THANKSGIVING CL AT MIAMI FL
253312378,2005-11-27,12:00,2006,regular,,final,UMBC,Loyola Chicago,2378,2350,67,55,,Am. East,Horizon,,,,,,ROUNDBALL CLASSIC AT TAMPA FL
253310104,2005-11-27,13:00,2006,regular,,final,Boston University,Delaware,104,48,61,59,,Am. East,CAA,,,,,,
253310172,2005-11-27,13:00,2006,regular,,final,Cornell,North Texas,172,249,52,63,,Ivy,Sun Belt,,,,,,NEW HAMPSHIRE TR AT DURHAM NH
253310183,2005-11-27,13:00,2006,regular,,final,Syracuse,Sacred Heart,183,2529,57,84,,Big East,NEC,,,,,,
253310309,2005-11-27,13:00,2006,regular,,final,Louisiana,UTEP,309,2638,65,61,,Sun Belt,C-USA,,,,,,
253312032,2005-11-27,13:00,2006,regular,,final,Arkansas State,George Mason,2032,2244,74,66,,Sun Belt,CAA,,,,,,DUKE CLASSIC AT DURHAM NC
253312083,2005-11-27,13:00,2006,regular,,final,Bucknell,Saint Joseph's,2083,2603,55,59,,Patriot,A 10,,,,,,
253312325,2005-11-27,13:00,2006,regular,,final,La Salle,Wagner,2325,2681,77,53,,A 10,NEC,,,,,,
253312447,2005-11-27,13:00,2006,regular,,final,Nicholls,Eastern Washington,2447,331,54,84,,,Big Sky,,,,,,BUCKEYE CLASSIC AT COLUMBUS OH
253312750,2005-11-27,13:00,2006,regular,,final,Wright State,Western Carolina,2750,2717,65,63,,Horizon,Southern,,,,,,SEMINOLE CLASSIC AT TALLAHASSEE FL
253310057,2005-11-27,14:00,2006,regular,,final,Florida,Stetson,57,56,85,56,,SEC,ASUN,,,,,,
253310059,2005-11-27,14:00,2006,regular,,final,Georgia Tech,Appalachian State,59,2026,68,45,,ACC,Southern,,,,,,
253310087,2005-11-27,14:00,2006,regular,,final,Notre Dame,USC,87,30,73,62,,Big East,Pac-12,,,,,,
253312050,2005-11-27,14:00,2006,regular,,final,Ball State,North Dakota State,2050,2449,65,55,,MAC,,,,,,,CREDIT UNION CLASSIC
253312305,2005-11-27,14:00,2006,regular,,final,Kansas,Northeastern,2305,111,70,65,,Big 12,CAA,,,,,,
253312597,2005-11-27,14:00,2006,regular,,final,St. Francis Brooklyn,Navy,2597,2426,48,52,,NEC,Patriot,,,,,,
253312599,2005-11-27,14:00,2006,regular,,final,St. John's,Niagara,2599,315,67,43,,Big East,MAAC,,,,,,
253310239,2005-11-27,14:30,2006,regular,,final,Baylor,Marshall,239,276,74,47,,Big 12,C-USA,,,,,,CARIBBEAN CLASSIC AT PLAYA DEL CARMEN MEXICO
253310052,2005-11-27,15:00,2006,regular,,final,Florida State,Montana,52,149,69,56,,ACC,Big Sky,,,,,,SEMINOLE CLASSIC
253310160,2005-11-27,15:00,2006,regular,,final,New Hampshire,Boston College,160,103,58,85,,Am. East,ACC,,,,,,NEW HAMPSHIRE TR
253310194,2005-11-27,15:00,2006,regular,,final,Ohio State,Western Illinois,194,2710,75,36,,Big Ten,,,,,,,BUCKEYE CLASSIC
253312515,2005-11-27,15:00,2006,regular,,final,Radford,Evansville,2515,339,51,53,,Big South,MVC,,,,,,
253312623,2005-11-27,15:05,2006,regular,,final,Missouri State,Tulsa,2623,202,73,64,,MVC,C-USA,,,,,,
253310150,2005-11-27,15:30,2006,regular,,final,Duke,Auburn,150,2,69,37,,ACC,SEC,,,,,,DUKE CLASSIC
253310301,2005-11-27,15:30,2006,regular,,final,San Diego,Pennsylvania,301,219,70,59,,WCC,Ivy,,,,,,HUSKY CLASSIC AT SEATTLE WA
253310058,2005-11-27,16:00,2006,regular,,final,South Florida,Robert Morris,58,2523,83,58,,Big East,NEC,,,,,,ROUNDBALL CLASSIC
253310300,2005-11-27,16:00,2006,regular,,final,UC Irvine,South Dakota State,300,2571,56,81,,Big West,,,,,,,COORS ROCKY MOUNTAIN INVITATIONAL AT FORT COLLINS
253310304,2005-11-27,16:00,2006,regular,,final,Idaho State,Eastern Michigan,304,2199,78,61,,Big Sky,MAC,,,,,,RAINBOW WAHINE CLASSIC AT HONOLULU HI
253312598,2005-11-27,16:00,2006,regular,,final,St. Francis (PA),St. Bonaventure,2598,179,45,59,,NEC,A 10,,,,,,
253310108,2005-11-27,16:30,2006,regular,,final,Harvard,Fairfield,108,2217,58,71,,Ivy,MAAC,,,,,,
253312641,2005-11-27,16:30,2006,regular,,final,Texas Tech,Stanford,2641,24,63,66,,Big 12,Pac-12,,,,,,
253312501,2005-11-27,17:00,2006,regular,,final,Portland,UC Davis,2501,302,85,81,,WCC,Big West,,,,,,
253310325,2005-11-27,17:30,2006,regular,,final,Cleveland State,UConn,325,41,51,85,,Horizon,Big East,,,,,,
253310264,2005-11-27,18:00,2006,regular,,final,Washington,Rice,264,242,86,62,,Pac-12,C-USA,,,,,,HUSKY CLASSIC
253312261,2005-11-27,18:00,2006,regular,,final,Hampton,Temple,2261,218,38,81,,MEAC,A 10,,,,,,
253310265,2005-11-27,18:10,2006,regular,,final,Washington State,Cal State Northridge,265,2463,65,64,,Pac-12,Big West,,,,,,RAINBOW WAHINE CLASSIC AT HONOLULU HI
253310062,2005-11-27,20:20,2006,regular,,final,Hawai'i,Texas A&M,62,245,68,66,,WAC,Big 12,,,,,,RAINBOW WAHINE CLASSIC
253310305,2005-11-27,22:30,2006,regular,,final,DePaul,Wisconsin,305,275,76,57,,Big East,Big Ten,,,,,,RAINBOW WAHINE CLASSIC AT HONOLULU HI
253320107,2005-11-28,19:00,2006,regular,,final,Holy Cross,Saint Peter's,107,2612,65,56,,Patriot,MAAC,,,,,,
253322329,2005-11-28,19:00,2006,regular,,final,Lehigh,Monmouth,2329,2405,64,45,,Patriot,NEC,,,,,,
253322413,2005-11-28,19:00,2006,regular,,final,Morehead State,Kentucky Christian,2413,3077,103,46,,,,,,,,,
253320005,2005-11-28,20:00,2006,regular,,final,UAB,Jackson State,5,2296,73,62,,C-USA,SWAC,,,,,,
253320082,2005-11-28,20:00,2006,regular,,final,UIC,Eastern Illinois,82,2197,86,77,,Horizon,,,,,,,
253322010,2005-11-28,20:00,2006,regular,,final,Alabama A&M,Savannah State,2010,2542,76,49,,SWAC,,,,,,,
253322287,2005-11-28,20:05,2006,regular,,final,Illinois State,South Alabama,2287,6,57,50,,MVC,Sun Belt,,,,,,
253322692,2005-11-28,21:00,2006,regular,,final,Weber State,UC Santa Barbara,2692,2540,72,63,,Big Sky,Big West,,,,,,
253322751,2005-11-28,21:00,2006,regular,,final,Wyoming,Kansas State,2751,2306,55,65,,Mountain West,Big 12,,,,,,
253320279,2005-11-28,22:00,2006,regular,,final,Pacific,Southern Utah,279,253,64,65,,Big West,WAC,,,,,,
253322483,2005-11-28,22:00,2006,regular,,final,Oregon,Drake,2483,2181,70,40,,Pac-12,MVC,,,,,,
253322541,2005-11-28,22:00,2006,regular,,final,Santa Clara,UCF,2541,2116,80,63,,WCC,C-USA,,,,,,
253330153,2005-11-29,18:00,2006,regular,,final,North Carolina,UNC Asheville,153,2427,83,43,,ACC,Big South,,,,,,
253332127,2005-11-29,18:00,2006,regular,,final,Charleston Southern,IUPUI,2127,85,48,60,,Big South,Horizon,,,,,,
253332166,2005-11-29,18:00,2006,regular,,final,Davidson,Oglethorpe,2166,2476,95,39,,Southern,,,,,,,
253332534,2005-11-29,18:15,2006,regular,,final,Sam Houston,Jarvis Christian,2534,2299,86,39,,WAC,,,,,,,
253332113,2005-11-29,18:30,2006,regular,,final,Centenary,Northwestern State,2113,2466,56,78,,,,,,,,,
253330087,2005-11-29,19:00,2006,regular,,final,Notre Dame,Iona,87,314,74,55,,Big East,MAAC,,,,,,
253330113,2005-11-29,19:00,2006,regular,,final,UMass,Siena,113,2561,71,53,,A 10,MAAC,,,,,,
253330116,2005-11-29,19:00,2006,regular,,final,Mount St. Mary's,Navy,116,2426,80,72,,NEC,Patriot,,,,,,
253330183,2005-11-29,19:00,2006,regular,,final,Syracuse,Colgate,183,2142,92,56,,Big East,Patriot,,,,,,
253330259,2005-11-29,19:00,2006,regular,,final,Virginia Tech,Evansville,259,339,79,59,,ACC,MVC,,,,,,
253330295,2005-11-29,19:00,2006,regular,,final,Old Dominion,Penn State,295,213,93,61,,CAA,Big Ten,,,,,,
253330350,2005-11-29,19:00,2006,regular,,final,UNC Wilmington,Coastal Carolina,350,324,75,51,,CAA,Big South,,,,,,
253330356,2005-11-29,19:00,2006,regular,,final,Illinois,Northern Illinois,356,2459,57,43,,Big Ten,MAC,,,,,,
253332057,2005-11-29,19:00,2006,regular,,final,Belmont,Indiana,2057,84,51,68,,ASUN,Big Ten,,,,,,
253332097,2005-11-29,19:00,2006,regular,,final,Campbell,Winthrop,2097,2737,79,64,,ASUN,Big South,,,,,,
253332193,2005-11-29,19:00,2006,regular,,final,East Tennessee State,Eastern Kentucky,2193,2198,81,74,,ASUN,ASUN,,,,,,
253332272,2005-11-29,19:00,2006,regular,,final,High Point,UNC Greensboro,2272,2430,65,63,,Big South,Southern,,,,,,
253332341,2005-11-29,19:00,2006,regular,,final,LIU Brooklyn,Loyola Maryland,2341,2352,75,84,,NEC,MAAC,,,,,,
253332344,2005-11-29,19:00,2006,regular,,final,Longwood,William & Mary,2344,2729,58,82,,,CAA,,,,,,
253332379,2005-11-29,19:00,2006,regular,,final,Maryland-Eastern Shore,Temple,2379,218,53,60,,MEAC,A 10,,,,,,
253332448,2005-11-29,19:00,2006,regular,,final,North Carolina A&T,East Carolina,2448,151,71,74,,MEAC,C-USA,,,,,,
253332507,2005-11-29,19:00,2006,regular,,final,Providence,Quinnipiac,2507,2514,80,83,,Big East,NEC,,,,,,
253332509,2005-11-29,19:00,2006,regular,,final,Purdue,Arkansas State,2509,2032,95,58,,Big Ten,Sun Belt,,,,,,
253332520,2005-11-29,19:00,2006,regular,,final,Rider,Hartford,2520,42,41,70,,MAAC,Am. East,,,,,,
253332579,2005-11-29,19:00,2006,regular,,final,South Carolina,Georgia Southern,2579,290,66,73,,SEC,Southern,,,,,,
253332598,2005-11-29,19:00,2006,regular,,final,St. Francis (PA),Toledo,2598,2649,59,83,,NEC,MAC,,,,,,
253330119,2005-11-29,19:30,2006,regular,,final,Towson,Wake Forest,119,154,63,48,,CAA,ACC,,,,,,
253330164,2005-11-29,19:30,2006,regular,,final,Rutgers,Bethune-Cookman,164,2065,73,48,,Big East,MEAC,,,,,,
253330002,2005-11-29,20:00,2006,regular,,final,Auburn,Jacksonville State,2,55,91,70,,SEC,ASUN,,,,,,
253330008,2005-11-29,20:00,2006,regular,,final,Arkansas,Grambling,8,2755,88,69,,SEC,SWAC,,,,,,
253330098,2005-11-29,20:00,2006,regular,,final,Western Kentucky,Louisville,98,97,71,61,,Sun Belt,Big East,,,,,,
253330197,2005-11-29,20:00,2006,regular,,final,Oklahoma State,Little Rock,197,2031,54,64,,Big 12,Sun Belt,,,,,,
253330288,2005-11-29,20:00,2006,regular,,final,Lipscomb,Memphis,288,235,74,76,,ASUN,C-USA,,,,,,
253330309,2005-11-29,20:00,2006,regular,,final,Louisiana,Texas Southern,309,2640,78,57,,Sun Belt,SWAC,,,,,,
253330344,2005-11-29,20:00,2006,regular,,final,Mississippi State,Southern Miss,344,2572,57,64,,SEC,C-USA,,,,,,
253330357,2005-11-29,20:00,2006,regular,,final,Texas A&M-Corpus Christi,UTSA,357,2636,56,44,,,C-USA,,,,,,
253332350,2005-11-29,20:00,2006,regular,,final,Loyola Chicago,Chicago State,2350,2130,50,68,,Horizon,,,,,,,
253332653,2005-11-29,20:00,2006,regular,,final,Troy,Birmingham-Southern,2653,3,67,64,,Sun Belt,Big South,,,,,,
253332724,2005-11-29,20:00,2006,regular,,final,Wichita State,Kansas City,2724,140,71,60,,MVC,,,,,,,
253332546,2005-11-29,20:30,2006,regular,,final,Southeast Missouri State,Southern Illinois,2546,79,74,63,,,MVC,,,,,,
253330023,2005-11-29,21:00,2006,regular,,final,San José State,Portland State,23,2502,62,68,,WAC,Big Sky,,,,,,
253332539,2005-11-29,22:00,2006,regular,,final,San Francisco,Cal Poly,2539,13,69,66,,WCC,Big West,,,,,,
253340145,2005-11-30,12:00,2006,regular,,final,Ole Miss,Tennessee State,145,2634,90,50,,SEC,,,,,,,
253342754,2005-11-30,17:15,2006,regular,,final,Youngstown State,Saint Louis,2754,139,80,71,,Horizon,A 10,,,,,,
253342429,2005-11-30,17:30,2006,regular,,final,Charlotte,Florida,2429,57,80,93,,A 10,SEC,,,,,,
253342670,2005-11-30,17:30,2006,regular,,final,VCU,Richmond,2670,257,76,74,,CAA,A 10,,,,,,
253340059,2005-11-30,18:00,2006,regular,,final,Georgia State,Georgia Tech,2247,59,53,60,,CAA,ACC,,,,,,
253340193,2005-11-30,18:00,2006,regular,,final,Miami (OH),Wright State,193,2750,60,70,,MAC,Horizon,,,,,,
253342099,2005-11-30,18:00,2006,regular,,final,Canisius,Boston University,2099,104,68,73,,MAAC,Am. East,,,,,,
253342569,2005-11-30,18:00,2006,regular,,final,South Carolina State,Savannah State,2569,2542,68,56,,MEAC,,,,,,,
253342306,2005-11-30,18:30,2006,regular,,final,Kansas State,Delaware State,2306,2169,78,30,,Big 12,MEAC,,,,,,
253340048,2005-11-30,19:00,2006,regular,,final,Delaware,Pennsylvania,48,219,78,34,,CAA,Ivy,,,,,,
253340103,2005-11-30,19:00,2006,regular,,final,Boston College,Holy Cross,103,107,67,53,,ACC,Patriot,,,,,,
253340130,2005-11-30,19:00,2006,regular,,final,Michigan,Central Michigan,130,2117,57,79,,Big Ten,MAC,,,,,,
253340152,2005-11-30,19:00,2006,regular,,final,NC State,Vanderbilt,152,238,76,67,,ACC,SEC,,,,,,
253340159,2005-11-30,19:00,2006,regular,,final,Dartmouth,Central Connecticut,159,2115,83,57,,Ivy,NEC,,,,,,
253340171,2005-11-30,19:00,2006,regular,,final,Columbia,St. Francis Brooklyn,171,2597,61,55,,Ivy,NEC,,,,,,
253340194,2005-11-30,19:00,2006,regular,,final,Ohio State,Dayton,194,2168,73,31,,Big Ten,A 10,,,,,,
253340221,2005-11-30,19:00,2006,regular,,final,Pittsburgh,Duquesne,221,2184,82,69,,Big East,A 10,,,,,,
253340231,2005-11-30,19:00,2006,regular,,final,Furman,Clemson,231,228,55,82,,Southern,ACC,,,,,,
253340236,2005-11-30,19:00,2006,regular,,final,Chattanooga,UAB,236,5,84,58,,Southern,C-USA,,,,,,
253340277,2005-11-30,19:00,2006,regular,,final,West Virginia,Robert Morris,277,2523,80,54,,Big East,NEC,,,,,,
253340322,2005-11-30,19:00,2006,regular,,final,Lafayette,Buffalo,322,2084,56,66,,Patriot,MAC,,,,,,
253340349,2005-11-30,19:00,2006,regular,,final,Army,Albany,349,399,72,60,,Patriot,Am. East,,,,,,
253342050,2005-11-30,19:00,2006,regular,,final,Ball State,Illinois State,2050,2287,65,61,,MAC,MVC,,,,,,
253342066,2005-11-30,19:00,2006,regular,,final,Binghamton,La Salle,2066,2325,84,70,,Am. East,A 10,,,,,,
253342174,2005-11-30,19:00,2006,regular,,final,Detroit Mercy,Bowling Green,2174,189,67,78,,Horizon,MAC,,,,,,
253342230,2005-11-30,19:00,2006,regular,,final,Fordham,Georgetown,2230,46,68,62,,A 10,Big East,,,,,,
253342241,2005-11-30,19:00,2006,regular,,final,Gardner-Webb,Wofford,2241,2747,57,64,,ASUN,Southern,,,,,,
253342390,2005-11-30,19:00,2006,regular,,final,Miami,George Mason,2390,2244,61,68,,ACC,CAA,,,,,,
253342413,2005-11-30,19:00,2006,regular,,final,Morehead State,Marshall,2413,276,53,66,,,C-USA,,,,,,
253342599,2005-11-30,19:00,2006,regular,,final,St. John's,Fairleigh Dickinson,2599,161,84,65,,Big East,NEC,,,,,,
253342603,2005-11-30,19:00,2006,regular,,final,Saint Joseph's,Seton Hall,2603,2550,72,48,,A 10,Big East,,,,,,
253342619,2005-11-30,19:00,2006,regular,,final,Stony Brook,BYU,2619,252,54,77,,Am. East,Mountain West,,,,,,
253342752,2005-11-30,19:00,2006,regular,,final,Xavier,Cincinnati,2752,2132,87,60,,A 10,Big East,,,,,,
253340311,2005-11-30,19:30,2006,regular,,final,Maine,Rhode Island,311,227,48,65,,Am. East,A 10,,,,,,
253342294,2005-11-30,19:30,2006,regular,,final,Iowa,Green Bay,2294,2739,81,57,,Big Ten,Horizon,,,,,,
253340166,2005-11-30,20:00,2006,regular,,final,New Mexico State,UTEP,166,2638,47,66,,WAC,C-USA,,,,,,
253340201,2005-11-30,20:00,2006,regular,,final,Oklahoma,TCU,201,2628,77,63,,Big 12,Mountain West,,,,,,
253340270,2005-11-30,20:00,2006,regular,,final,Milwaukee,DePaul,270,305,79,91,,Horizon,Big East,,,,,,
253340326,2005-11-30,20:00,2006,regular,,final,Texas State,Huston-Tillotson,326,2281,95,61,,Sun Belt,,,,,,,
253342320,2005-11-30,20:00,2006,regular,,final,Lamar,Wiley,2320,2728,85,50,,,,,,,,,
253342393,2005-11-30,20:00,2006,regular,,final,Middle Tennessee,Georgia,2393,61,72,90,,Sun Belt,SEC,,,,,,
253342433,2005-11-30,20:00,2006,regular,,final,UL Monroe,North Texas,2433,249,62,68,,Sun Belt,Sun Belt,,,,,,
253342443,2005-11-30,20:00,2006,regular,,final,New Orleans,Nicholls,2443,2447,51,55,,Sun Belt,,,,,,,AT TYLER TX
253342567,2005-11-30,20:00,2006,regular,,final,SMU,UT Arlington,2567,250,67,58,,C-USA,WAC,,,,,,
253342710,2005-11-30,20:00,2006,regular,,final,Western Illinois,Bradley,2710,71,57,54,,,MVC,,,,,,
253340156,2005-11-30,20:05,2006,regular,,final,Creighton,Houston,156,248,76,59,,MVC,C-USA,,,,,,
253342460,2005-11-30,20:05,2006,regular,,final,Northern Iowa,Murray State,2460,93,82,62,,MVC,MVC,,,,,,
253342623,2005-11-30,20:05,2006,regular,,final,Missouri State,Arkansas-Pine Bluff,2623,2029,72,45,,MVC,SWAC,,,,,,
253342674,2005-11-30,20:05,2006,regular,,final,Valparaiso,Northwestern,2674,77,57,51,,MVC,Big Ten,,,,,,
253342197,2005-11-30,20:35,2006,regular,,final,Eastern Illinois,Butler,2197,2086,78,80,,,Horizon,,,,,,
253340036,2005-11-30,21:00,2006,regular,,final,Colorado State,Colorado,36,38,86,83,,Mountain West,Big 12,,,,,,
253340070,2005-11-30,21:00,2006,regular,,final,Gonzaga,Idaho,2250,70,62,69,,WCC,WAC,,,,,,
253340167,2005-11-30,21:00,2006,regular,,final,New Mexico,Minnesota,167,135,62,44,,Mountain West,Big Ten,,,,,,
253340304,2005-11-30,21:05,2006,regular,,final,Idaho State,St. Martins,304,2606,92,57,,Big Sky,,,,,,,
253340026,2005-11-30,22:00,2006,regular,,final,UCLA,UC Irvine,26,300,92,54,,Pac-12,Big West,,,,,,
253340331,2005-11-30,22:05,2006,regular,,final,Eastern Washington,Cal State Northridge,331,2463,69,61,,Big Sky,Big West,,,,,,
253352635,2005-12-01,16:30,2006,regular,,final,Tennessee Tech,Austin Peay,2635,2046,96,74,,,ASUN,,,,,,
253352193,2005-12-01,16:45,2006,regular,,final,East Tennessee State,Belmont,2193,2057,66,52,,ASUN,ASUN,,,,,,
253350338,2005-12-01,17:30,2006,regular,,final,Kennesaw State,Lipscomb,338,288,69,68,,ASUN,ASUN,,,,,,
253352198,2005-12-01,17:30,2006,regular,,final,Eastern Kentucky,UT Martin,2198,2630,60,58,,ASUN,,,,,,,
253352097,2005-12-01,17:45,2006,regular,,final,Campbell,Stetson,2097,56,68,50,,ASUN,ASUN,,,,,,
253350041,2005-12-01,19:00,2006,regular,,final,UConn,Hartford,41,42,72,47,,Big East,Am. East,,,,,,AT HARTFORD CT
253350044,2005-12-01,19:00,2006,regular,,final,American University,UMBC,44,2378,56,68,,Patriot,Am. East,,,,,,
253350096,2005-12-01,19:00,2006,regular,,final,Kentucky,Florida International,96,2229,71,56,,SEC,Sun Belt,,,,,,
253350113,2005-12-01,19:00,2006,regular,,final,UMass,Hofstra,113,2275,58,59,,A 10,CAA,,,,,,
253350120,2005-12-01,19:00,2006,regular,,final,Maryland,Appalachian State,120,2026,118,59,,ACC,Southern,,,,,,
253350153,2005-12-01,19:00,2006,regular,,final,North Carolina,Charleston Southern,153,2127,92,38,,ACC,Big South,,,,,,
253352006,2005-12-01,19:00,2006,regular,,final,Akron,Montana State,2006,147,73,60,,MAC,Big Sky,,,,,,
253352226,2005-12-01,19:00,2006,regular,,final,Florida Atlantic,North Florida,2226,2454,57,43,,ASUN,ASUN,,,,,,
253352261,2005-12-01,19:00,2006,regular,,final,Hampton,Norfolk State,2261,2450,80,64,,MEAC,MEAC,,,,,,
253352368,2005-12-01,19:00,2006,regular,,final,Marist,Saint Peter's,2368,2612,60,43,,MAAC,MAAC,,,,,,
253352405,2005-12-01,19:00,2006,regular,,final,Monmouth,Princeton,2405,163,56,64,,NEC,Ivy,,,,,,
253352504,2005-12-01,19:00,2006,regular,,final,Prairie View A&M,Louisiana,2504,309,42,60,,SWAC,Sun Belt,,,,,,
253352529,2005-12-01,19:00,2006,regular,,final,Sacred Heart,Yale,2529,43,74,51,,NEC,Ivy,,,,,,
253352633,2005-12-01,19:00,2006,regular,,final,Tennessee,Texas,2633,251,102,61,,SEC,Big 12,,,,,,
253352681,2005-12-01,19:00,2006,regular,,final,Wagner,New Hampshire,2681,160,52,74,,NEC,Am. East,,,,,,
253352711,2005-12-01,19:00,2006,regular,,final,Western Michigan,Purdue,2711,2509,65,98,,MAC,Big Ten,,,,,,
253350222,2005-12-01,19:30,2006,regular,,final,Villanova,George Washington,222,45,60,68,,Big East,A 10,,,,,,
253350008,2005-12-01,20:00,2006,regular,,final,Arkansas,Tulsa,8,202,64,66,,SEC,C-USA,,,,,,
253350140,2005-12-01,20:00,2006,regular,,final,Kansas City,NW Missouri State,140,138,76,73,,,,,,,,,
253350333,2005-12-01,20:00,2006,regular,,final,Alabama,Alabama A&M,333,2010,81,55,,SEC,SWAC,,,,,,
253352377,2005-12-01,20:00,2006,regular,,final,McNeese,Grambling,2377,2755,67,68,,,SWAC,,,,,,
253352640,2005-12-01,20:00,2006,regular,,final,Texas Southern,Texas College,2640,2637,87,72,,SWAC,,,,,,,
253352641,2005-12-01,20:00,2006,regular,,final,Texas Tech,Sacramento State,2641,16,63,53,,Big 12,Big Sky,,,,,,
253352181,2005-12-01,20:05,2006,regular,,final,Drake,Texas A&M-Corpus Christi,2181,357,56,65,,MVC,,,,,,,
253350068,2005-12-01,21:00,2006,regular,,final,Boise State,Utah Valley,68,3084,85,55,,WAC,,,,,,,
253350253,2005-12-01,21:00,2006,regular,,final,Southern Utah,Northern Arizona,253,2464,69,88,,WAC,Big Sky,,,,,,
253350254,2005-12-01,21:00,2006,regular,,final,Utah,Oregon State,254,204,62,53,,Mountain West,Pac-12,,,,,,
253352692,2005-12-01,21:00,2006,regular,,final,Weber State,Loyola Marymount,2692,2351,65,55,,Big Sky,WCC,,,,,,
253350027,2005-12-01,22:00,2006,regular,,final,UC Riverside,Saint Mary's,27,2608,71,61,,Big West,WCC,,,,,,
253350279,2005-12-01,22:00,2006,regular,,final,Pacific,Stanford,279,24,58,109,,Big West,Pac-12,,,,,,
253350302,2005-12-01,22:00,2006,regular,,final,UC Davis,San Francisco,302,2539,69,55,,Big West,WCC,,,,,,
253352239,2005-12-01,22:00,2006,regular,,final,Cal State Fullerton,San Diego,2239,301,46,64,,Big West,WCC,,,,,,
253352502,2005-12-01,22:05,2006,regular,,final,Portland State,Santa Clara,2502,2541,83,82,,Big Sky,WCC,,,,,,
253360077,2005-12-02,,2006,regular,,final,Northwestern,Miami (OH),77,193,79,73,,Big Ten,MAC,,,,,,ROGER L. WHITE INVITATIONAL
253362603,2005-12-02,16:00,2006,regular,,final,Saint Joseph's,Houston,2603,248,69,45,,A 10,C-USA,,,,,,WILDCAT CLASSIC AT MANHATTAN KS
253360052,2005-12-02,16:30,2006,regular,,final,Florida State,Mississippi State,52,344,75,59,,ACC,SEC,,,,,,
253360172,2005-12-02,17:00,2006,regular,,final,Cornell,Army,172,349,64,61,,Ivy,Patriot,,,,,,
253362507,2005-12-02,17:00,2006,regular,,final,Providence,Navy,2507,2426,61,67,,Big East,Patriot,,,,,,
253360142,2005-12-02,18:00,2006,regular,,final,Missouri,Arkansas-Pine Bluff,142,2029,79,51,,Big 12,SWAC,,,,,,TIGER CLASSIC
253362306,2005-12-02,18:00,2006,regular,,final,Kansas State,UT Rio Grande Valley,2306,292,82,56,,Big 12,,,,,,,WILDCAT CLASSIC
253362636,2005-12-02,18:00,2006,regular,,final,Louisiana Tech,UTSA,2348,2636,75,67,,WAC,C-USA,,,,,,GENE HACKERMAN RICE INVITATIONAL AT HOUSTON TX
253360154,2005-12-02,18:30,2006,regular,,final,Wake Forest,St. John's,154,2599,38,70,,ACC,Big East,,,,,,ROGER L. WHITE INVITATIONAL AT EVANSTON IL
253360047,2005-12-02,19:00,2006,regular,,final,Howard,Lafayette,47,322,89,85,,MEAC,Patriot,,,,,,
253360153,2005-12-02,19:00,2006,regular,,final,North Carolina,South Florida,153,58,71,47,,ACC,Big East,,,,,,
253360213,2005-12-02,19:00,2006,regular,,final,Penn State,Pittsburgh,213,221,69,60,,Big Ten,Big East,,,,,,
253360276,2005-12-02,19:00,2006,regular,,final,Marshall,Binghamton,276,2066,68,77,,C-USA,Am. East,,,,,,
253360350,2005-12-02,19:00,2006,regular,,final,UNC Wilmington,Charlotte,350,2429,54,74,,CAA,A 10,,,,,,
253362005,2005-12-02,19:00,2006,regular,,final,Air Force,Bucknell,2005,2083,58,41,,Mountain West,Patriot,,,,,,AIR FORCE TOURNAMENT
253362174,2005-12-02,19:00,2006,regular,,final,Detroit Mercy,Pepperdine,2174,2492,72,64,,Horizon,WCC,,,,,,
253362363,2005-12-02,19:00,2006,regular,,final,Manhattan,Fordham,2363,2230,69,55,,MAAC,A 10,,,,,,
253362390,2005-12-02,19:00,2006,regular,,final,Miami,Fairleigh Dickinson,2390,161,100,62,,ACC,NEC,,,,,,
253362729,2005-12-02,19:00,2006,regular,,final,William & Mary,Mount St. Mary's,2729,116,75,84,,CAA,NEC,,,,,,
253362870,2005-12-02,19:00,2006,regular,,final,Purdue Fort Wayne,Kalamazoo,2870,126,98,44,,,,,,,,,
253362305,2005-12-02,19:05,2006,regular,,final,Kansas,Birmingham-Southern,2305,3,72,50,,Big 12,Big South,,,,,,
253360002,2005-12-02,20:00,2006,regular,,final,Auburn,Xavier,2,2752,58,60,,SEC,A 10,,,,,,
253360009,2005-12-02,20:00,2006,regular,,final,Arizona State,Memphis,9,235,103,57,,Pac-12,C-USA,,,,,,WELLS FARGO HOLIDAY CLASSIC
253360239,2005-12-02,20:00,2006,regular,,final,Baylor,Washington,239,264,81,74,,Big 12,Pac-12,,,,,,
253360242,2005-12-02,20:00,2006,regular,,final,Rice,Davidson,242,2166,63,52,,C-USA,Southern,,,,,,GENE HACKERMAN RICE INVITATIONAL
253360270,2005-12-02,20:00,2006,regular,,final,Milwaukee,Southeast Missouri State,270,2546,73,70,,Horizon,,,,,,,
253360275,2005-12-02,20:00,2006,regular,,final,Wisconsin,Marquette,275,269,59,71,,Big Ten,Big East,,,,,,
253362016,2005-12-02,20:00,2006,regular,,final,Murray State,Alcorn State,93,2016,100,75,,MVC,SWAC,,,,,,TIGER CLASSIC AT COLUMBIA MO
253362320,2005-12-02,20:00,2006,regular,,final,Lamar,Ark Monticello,2320,2028,89,94,,,,,,,,,
253362350,2005-12-02,20:00,2006,regular,,final,Loyola Chicago,Bradley,2350,71,50,61,,Horizon,MVC,,,,,,
253362535,2005-12-02,20:00,2006,regular,,final,Samford,Troy,2535,2653,68,60,,Southern,Sun Belt,,,,,,
253362571,2005-12-02,20:00,2006,regular,,final,South Dakota State,Middle Tennessee,2571,2393,72,79,,,Sun Belt,,,,,,
253360079,2005-12-02,20:05,2006,regular,,final,Southern Illinois,Indiana,79,84,59,64,,MVC,Big Ten,,,,,,
253362459,2005-12-02,20:05,2006,regular,,final,Northern Illinois,UIC,2459,82,50,40,,MAC,Horizon,,,,,,
253362172,2005-12-02,21:00,2006,regular,,final,Denver,Portland,2172,2501,70,76,,Sun Belt,WCC,,,,,,
253362440,2005-12-02,21:00,2006,regular,,final,Nevada,Northern Colorado,2440,2458,79,59,,WAC,Big Sky,,,,,,NUGGET CLASSIC
253362751,2005-12-02,21:00,2006,regular,,final,Wyoming,Montana,2751,149,50,45,,Mountain West,Big Sky,,,,,,
253360304,2005-12-02,21:05,2006,regular,,final,Idaho State,Utah State,304,328,96,73,,Big Sky,WAC,,,,,,
253362617,2005-12-02,21:30,2006,regular,,final,Stephen F. Austin,High Point,2617,2272,82,81,,WAC,Big South,,,,,,AIR FORCE TOURNAMENT AT COLORADO SPRINGS CO
253360265,2005-12-02,22:00,2006,regular,,final,Washington State,Cal State Northridge,265,2463,68,55,,Pac-12,Big West,,,,,,
253360098,2005-12-02,22:30,2006,regular,,final,Western Kentucky,Holy Cross,98,107,72,41,,Sun Belt,Patriot,,,,,,WELLS FARGO HOLIDAY CLASSIC AT TEMPE AZ
253362466,2005-12-02,23:00,2006,regular,,final,Northwestern State,Gonzaga,2466,2250,68,92,,,WCC,,,,,,NUGGET CLASSIC AT RENO NV
253370077,2005-12-03,,2006,regular,,final,Northwestern,St. John's,77,2599,53,95,,Big Ten,Big East,,,,,,
253370154,2005-12-03,,2006,regular,,final,Wake Forest,Miami (OH),154,193,67,61,,ACC,MAC,,,,,,
253360356,2005-12-03,11:30,2006,regular,,final,Illinois,Saint Louis,356,139,75,40,,Big Ten,A 10,,,,,,AT CHICAGO IL
253370023,2005-12-03,13:00,2006,regular,,final,Rutgers,San José State,164,23,76,64,,Big East,WAC,,,,,,HAWKEYE CHALLENGE AT IOWA CITY IA
253370070,2005-12-03,13:00,2006,regular,,final,Idaho,Drexel,70,2182,44,64,,WAC,CAA,,,,,,CPWapos;S/ATAVOLA LADY PIRATE TOURNAMENT AT GREENV
253370104,2005-12-03,13:00,2006,regular,,final,Boston University,LIU Brooklyn,104,2341,72,45,,Am. East,NEC,,,,,,
253370152,2005-12-03,13:00,2006,regular,,final,NC State,Elon,152,2210,73,43,,ACC,Southern,,,,,,NC STATE TOURNAMENT
253370195,2005-12-03,13:00,2006,regular,,final,Ohio,Western Illinois,195,2710,59,69,,MAC,,,,,,,
253370225,2005-12-03,13:00,2006,regular,,final,Brown,Hampton,225,2261,86,71,,Ivy,MEAC,,,,,,BROWN CLASSIC
253372097,2005-12-03,13:00,2006,regular,,final,Campbell,Mercer,2097,2382,54,47,,ASUN,ASUN,,,,,,
253372193,2005-12-03,13:30,2006,regular,,final,East Tennessee State,Lipscomb,2193,288,74,50,,ASUN,ASUN,,,,,,
253370044,2005-12-03,14:00,2006,regular,,final,American University,Wagner,44,2681,71,58,,Patriot,NEC,,,,,,
253370103,2005-12-03,14:00,2006,regular,,final,Boston College,Ohio State,103,194,61,66,,ACC,Big Ten,,,,,,
253370198,2005-12-03,14:00,2006,regular,,final,Oklahoma,Oral Roberts,201,198,107,76,,Big 12,,,,,,,BERTHA TEAGUE CLASSIC AT STILLWATER OK
253370232,2005-12-03,14:00,2006,regular,,final,Charleston,Georgia Southern,232,290,79,66,,Southern,Southern,,,,,,
253370324,2005-12-03,14:00,2006,regular,,final,Coastal Carolina,Furman,324,231,71,67,,Big South,Southern,,,,,,
253370338,2005-12-03,14:00,2006,regular,,final,Kennesaw State,Belmont,338,2057,52,61,,ASUN,ASUN,,,,,,
253372065,2005-12-03,14:00,2006,regular,,final,Bethune-Cookman,Florida A&M,2065,50,53,46,,MEAC,MEAC,,,,,,
253372184,2005-12-03,14:00,2006,regular,,final,Duquesne,Akron,2184,2006,72,54,,A 10,MAC,,,,,,
253372305,2005-12-03,14:00,2006,regular,,final,Kansas,New Orleans,2305,2443,100,50,,Big 12,Sun Belt,,,,,,
253372309,2005-12-03,14:00,2006,regular,,final,Kent State,Montana State,2309,147,77,61,,MAC,Big Sky,,,,,,
253372430,2005-12-03,14:00,2006,regular,,final,UNC Greensboro,West Virginia,2430,277,72,70,,Southern,Big East,,,,,,
253372448,2005-12-03,14:00,2006,regular,,final,North Carolina A&T,South Carolina State,2448,2569,69,72,,MEAC,MEAC,,,,,,
253372550,2005-12-03,14:00,2006,regular,,final,Seton Hall,BYU,2550,252,50,54,,Big East,Mountain West,,,,,,
253372737,2005-12-03,14:00,2006,regular,,final,Winthrop,Livingstone,2737,2940,73,56,,Big South,,,,,,,
253370046,2005-12-03,15:00,2006,regular,,final,Georgetown,Appalachian State,46,2026,59,44,,Big East,Southern,,,,,,
253370130,2005-12-03,15:00,2006,regular,,final,Michigan,Maine,130,311,68,60,,Big Ten,Am. East,,,,,,
253370145,2005-12-03,15:00,2006,regular,,final,Ole Miss,UAB,145,5,71,52,,SEC,C-USA,,,,,,
253370151,2005-12-03,15:00,2006,regular,,final,East Carolina,Southern,151,2582,59,55,,C-USA,SWAC,,,,,,CPWapos;S/ATAVOLA LADY PIRATE TOURNAMENT
253372572,2005-12-03,15:00,2006,regular,,final,Southern Miss,Liberty,2572,2335,60,71,,C-USA,Big South,,,,,,NC STATE TOURNAMENT AT RALEIGH NC
253372619,2005-12-03,15:00,2006,regular,,final,Stony Brook,Arkansas State,2619,2032,79,74,,Am. East,Sun Belt,,,,,,BROWN CLASSIC AT PROVIDENCE RI
253372655,2005-12-03,15:00,2006,regular,,final,Tulane,Chicago State,2655,2130,64,65,,C-USA,,,,,,,FIESTA BOWL CLASSIC AT TEMPE AZ
253372294,2005-12-03,15:15,2006,regular,,final,Iowa,Vermont,2294,261,79,57,,Big Ten,Am. East,,,,,,HAWKEYE CHALLENGE
253372473,2005-12-03,15:30,2006,regular,,final,Oakland,Green Bay,2473,2739,72,74,,Horizon,Horizon,,,,,,
253370248,2005-12-03,16:00,2006,regular,,final,Houston,UT Rio Grande Valley,248,292,63,55,,C-USA,,,,,,,WILDCAT CLASSIC AT MANHATTAN KS
253370399,2005-12-03,16:00,2006,regular,,final,Albany,UNLV,399,2439,56,78,,Am. East,Mountain West,,,,,,CONTRA COSTA TIMES INVITATIONAL AT BERKELEY CA
253372272,2005-12-03,16:00,2006,regular,,final,High Point,Bucknell,2272,2083,60,71,,Big South,Patriot,,,,,,AIR FORCE TOURNAMENT AT COLORADO SPRINGS CO
253372352,2005-12-03,16:00,2006,regular,,final,Loyola Maryland,St. Francis (PA),2352,2598,69,57,,MAAC,NEC,,,,,,
253370156,2005-12-03,16:05,2006,regular,,final,Creighton,Colorado,156,38,77,72,,MVC,Big 12,,,,,,
253370043,2005-12-03,16:30,2006,regular,,final,Yale,Fairfield,43,2217,61,70,,Ivy,MAAC,,,,,,
253370179,2005-12-03,16:30,2006,regular,,final,St. Bonaventure,Cleveland State,179,325,58,49,,A 10,Horizon,,,,,,
253370197,2005-12-03,16:30,2006,regular,,final,Oklahoma State,Tulsa,197,202,68,75,,Big 12,C-USA,,,,,,BERTHA TEAGUE CLASSIC
253372717,2005-12-03,16:30,2006,regular,,final,Western Carolina,UNC Asheville,2717,2427,66,77,,Southern,Big South,,,,,,
253370254,2005-12-03,17:00,2006,regular,,final,Utah,Loyola Marymount,254,2351,63,47,,Mountain West,WCC,,,,,,
253370302,2005-12-03,17:00,2006,regular,,final,UC Davis,San Diego State,302,21,58,36,,Big West,Mountain West,,,,,,
253370315,2005-12-03,17:00,2006,regular,,final,Niagara,Buffalo,315,2084,45,68,,MAAC,MAC,,,,,,
253372241,2005-12-03,17:00,2006,regular,,final,Gardner-Webb,Stetson,2241,56,62,53,,ASUN,ASUN,,,,,,
253372390,2005-12-03,17:00,2006,regular,,final,Miami,Siena,2390,2561,76,47,,ACC,MAAC,,,,,,
253372640,2005-12-03,17:00,2006,regular,,final,Texas Southern,SE Louisiana,2640,2545,67,60,,SWAC,,,,,,,
253372413,2005-12-03,17:30,2006,regular,,final,Morehead State,Binghamton,2413,2066,66,61,,,Am. East,,,,,,
253372542,2005-12-03,17:30,2006,regular,,final,Savannah State,Alabama State,2542,2011,56,60,,,SWAC,,,,,,
253370006,2005-12-03,18:00,2006,regular,,final,South Alabama,McNeese,6,2377,63,55,,Sun Belt,,,,,,,
253370025,2005-12-03,18:00,2006,regular,,final,California,Columbia,25,171,71,36,,Pac-12,Ivy,,,,,,CONTRA COSTA TIMES INVITATIONAL
253370135,2005-12-03,18:00,2006,regular,,final,Minnesota,Nebraska,135,158,78,70,,Big Ten,Big 12,,,,,,
253370235,2005-12-03,18:00,2006,regular,,final,Memphis,Holy Cross,235,107,66,91,,C-USA,Patriot,,,,,,WELLS FARGO HOLIDAY CLASSIC AT TEMPE AZ
253370249,2005-12-03,18:00,2006,regular,,final,North Texas,SMU,249,2567,84,69,,Sun Belt,C-USA,,,,,,
253372016,2005-12-03,18:00,2006,regular,,final,Alcorn State,Arkansas-Pine Bluff,2016,2029,56,51,,SWAC,SWAC,,,,,,TIGER CLASSIC AT COLUMBIA MO
253372306,2005-12-03,18:00,2006,regular,,final,Kansas State,Saint Joseph's,2306,2603,68,78,,Big 12,A 10,,,,,,WILDCAT CLASSIC
253370012,2005-12-03,18:30,2006,regular,,final,Arizona,Lehigh,12,2329,78,58,,Pac-12,Patriot,,,,,,FIESTA BOWL CLASSIC
253372005,2005-12-03,18:30,2006,regular,,final,Air Force,Stephen F. Austin,2005,2617,63,67,,Mountain West,WAC,,,,,,AIR FORCE TOURNAMENT
253372010,2005-12-03,18:30,2006,regular,,final,Alabama A&M,Tuskegee,2010,2657,76,56,,SWAC,,,,,,,
253372400,2005-12-03,18:30,2006,regular,,final,Mississippi Valley State,Little Rock,2400,2031,44,46,,SWAC,Sun Belt,,,,,,
253372636,2005-12-03,18:30,2006,regular,,final,UTSA,Davidson,2636,2166,75,69,,C-USA,Southern,,,,,,GENE HACKERMAN RICE INVITATIONAL AT HOUSTON TX
253370163,2005-12-03,19:00,2006,regular,,final,Princeton,Colgate,163,2142,79,61,,Ivy,Patriot,,,,,,
253370218,2005-12-03,19:00,2006,regular,,final,Temple,Florida,218,57,55,58,,A 10,SEC,,,,,,
253370228,2005-12-03,19:00,2006,regular,,final,Clemson,UCLA,228,26,63,76,,ACC,Pac-12,,,,,,
253370258,2005-12-03,19:00,2006,regular,,final,Virginia,Harvard,258,108,54,48,,ACC,Ivy,,,,,,
253372226,2005-12-03,19:00,2006,regular,,final,Florida Atlantic,Jacksonville,2226,294,74,71,,ASUN,ASUN,,,,,,
253372378,2005-12-03,19:00,2006,regular,,final,UMBC,Longwood,2378,2344,71,51,,Am. East,,,,,,,
253372415,2005-12-03,19:00,2006,regular,,final,Morgan State,Coppin State,2415,2154,37,55,,MEAC,MEAC,,,,,,
253373081,2005-12-03,19:30,2006,regular,,final,Utah Valley,Oregon State,3084,204,56,63,,,Pac-12,,,,,,
253370013,2005-12-03,20:00,2006,regular,,final,Cal Poly,Portland State,13,2502,92,84,,Big West,Big Sky,,,,,,
253370142,2005-12-03,20:00,2006,regular,,final,Missouri,Murray State,142,93,100,55,,Big 12,MVC,,,,,,TIGER CLASSIC
253370166,2005-12-03,20:00,2006,regular,,final,New Mexico State,UT Arlington,166,250,50,62,,WAC,WAC,,,,,,
253370305,2005-12-03,20:00,2006,regular,,final,DePaul,Purdue,305,2509,65,54,,Big East,Big Ten,,,,,,
253372132,2005-12-03,20:00,2006,regular,,final,Cincinnati,Eastern Illinois,2132,2197,82,48,,Big East,,,,,,,
253372250,2005-12-03,20:00,2006,regular,,final,Gonzaga,Northern Colorado,2250,2458,69,48,,WCC,Big Sky,,,,,,NUGGET CLASSIC AT RENO NV
253372433,2005-12-03,20:00,2006,regular,,final,UL Monroe,Centenary,2433,2113,66,45,,Sun Belt,,,,,,,
253372534,2005-12-03,20:00,2006,regular,,final,Sam Houston,Louisiana,2534,309,40,62,,WAC,Sun Belt,,,,,,
253370009,2005-12-03,20:30,2006,regular,,final,Arizona State,Western Kentucky,9,98,78,64,,Pac-12,Sun Belt,,,,,,WELLS FARGO HOLIDAY CLASSIC
253370242,2005-12-03,20:30,2006,regular,,final,Rice,Louisiana Tech,242,2348,75,79,,C-USA,WAC,,,,,,GENE HACKERMAN RICE INVITATIONAL
253382325,2005-12-04,12:00,2006,regular,,final,La Salle,Rider,2325,2520,74,50,,A 10,MAAC,,,,,,
253380097,2005-12-04,13:00,2006,regular,,final,Louisville,Indiana,97,84,72,67,,Big East,Big Ten,,,,,,
253380160,2005-12-04,13:00,2006,regular,,final,New Hampshire,UMass,160,113,59,43,,Am. East,A 10,,,,,,
253380261,2005-12-04,13:00,2006,regular,,final,Vermont,San José State,261,23,55,52,,Am. East,WAC,,,,,,HAWKEYE CHALLENGE
253382032,2005-12-04,13:00,2006,regular,,final,Arkansas State,Hampton,2032,2261,97,72,,Sun Belt,MEAC,,,,,,BROWN CLASSIC AT PROVIDENCE RI
253382210,2005-12-04,13:00,2006,regular,,final,Elon,Southern Miss,2210,2572,59,57,,Southern,C-USA,,,,,,NC STATE TOURNAMENT AT RALEIGH NC
253382443,2005-12-04,13:00,2006,regular,,final,New Orleans,Birmingham-Southern,2443,3,45,67,,Sun Belt,Big South,,,,,,AT LAWRENCE KS
253382523,2005-12-04,13:00,2006,regular,,final,Robert Morris,Norfolk State,2523,2450,79,69,,NEC,MEAC,,,,,,
253382582,2005-12-04,13:00,2006,regular,,final,Southern,Idaho,2582,70,76,74,,SWAC,WAC,,,,,,CPWapos;S/ATAVOLA LADY PIRATE TOURNAMENT AT GREENV
253380251,2005-12-04,13:30,2006,regular,,final,Texas,Duke,251,150,70,84,,Big 12,ACC,,,,,,
253380042,2005-12-04,14:00,2006,regular,,final,Hartford,Manhattan,42,2363,79,53,,Am. East,MAAC,,,,,,
253380052,2005-12-04,14:00,2006,regular,,final,Florida State,UCF,52,2116,81,49,,ACC,C-USA,,,,,,
253380061,2005-12-04,14:00,2006,regular,,final,Georgia,Georgia Tech,61,59,72,66,,SEC,ACC,,,,,,
253380120,2005-12-04,14:00,2006,regular,,final,Maryland,Mount St. Mary's,120,116,102,53,,ACC,NEC,,,,,,
253380127,2005-12-04,14:00,2006,regular,,final,Michigan State,Pepperdine,127,2492,82,64,,Big Ten,WCC,,,,,,
253380256,2005-12-04,14:00,2006,regular,,final,James Madison,VCU,256,2670,69,54,,CAA,CAA,,,,,,
253380257,2005-12-04,14:00,2006,regular,,final,Richmond,Virginia Tech,257,259,47,54,,A 10,ACC,,,,,,
253380282,2005-12-04,14:00,2006,regular,,final,Indiana State,Butler,282,2086,85,72,,MVC,Horizon,,,,,,HOOSIER CLASSIC AT MUNCIE IN
253380295,2005-12-04,14:00,2006,regular,,final,Old Dominion,Vanderbilt,295,238,77,82,,CAA,SEC,,,,,,
253380339,2005-12-04,14:00,2006,regular,,final,Evansville,IUPUI,339,85,67,64,,MVC,Horizon,,,,,,
253382053,2005-12-04,14:00,2006,regular,,final,Barry,Fairleigh Dickinson,2053,161,56,67,,,NEC,,,,,,
253382115,2005-12-04,14:00,2006,regular,,final,Central Connecticut,Hofstra,2115,2275,48,77,,NEC,CAA,,,,,,
253382174,2005-12-04,14:00,2006,regular,,final,Detroit Mercy,Western Michigan,2174,2711,78,89,,Horizon,MAC,,,,,,
253382230,2005-12-04,14:00,2006,regular,,final,Fordham,Providence,2230,2507,64,60,,A 10,Big East,,,,,,
253382244,2005-12-04,14:00,2006,regular,,final,George Mason,Delaware,2244,48,63,74,,CAA,CAA,,,,,,
253382729,2005-12-04,14:00,2006,regular,,final,William & Mary,UNC Wilmington,2729,350,45,52,,CAA,CAA,,,,,,
253380275,2005-12-04,14:30,2006,regular,,final,Wisconsin,Notre Dame,275,87,72,77,,Big Ten,Big East,,,,,,
253380008,2005-12-04,15:00,2006,regular,,final,Arkansas,Kansas City,8,140,84,57,,SEC,,,,,,,
253380068,2005-12-04,15:00,2006,regular,,final,Boise State,Washington State,68,265,76,80,,WAC,Pac-12,,,,,,
253380151,2005-12-04,15:00,2006,regular,,final,East Carolina,Drexel,151,2182,66,54,,C-USA,CAA,,,,,,CPWapos;S/ATAVOLA LADY PIRATE TOURNAMENT
253380213,2005-12-04,15:00,2006,regular,,final,Penn State,Texas Tech,213,2641,78,72,,Big Ten,Big 12,,,,,,
253380222,2005-12-04,15:00,2006,regular,,final,Villanova,Pennsylvania,222,219,85,51,,Big East,Ivy,,,,,,
253380225,2005-12-04,15:00,2006,regular,,final,Brown,Stony Brook,225,2619,71,62,,Ivy,Am. East,,,,,,BROWN CLASSIC
253380269,2005-12-04,15:00,2006,regular,,final,Marquette,Rhode Island,269,227,64,49,,Big East,A 10,,,,,,
253382449,2005-12-04,15:00,2006,regular,,final,North Dakota State,Middle Tennessee,2449,2393,65,58,,,Sun Belt,,,,,,
253382515,2005-12-04,15:00,2006,regular,,final,Radford,Lafayette,2515,322,56,40,,Big South,Patriot,,,,,,
253382571,2005-12-04,15:00,2006,regular,,final,South Dakota State,Milwaukee,2571,270,70,55,,,Horizon,,,,,,
253382638,2005-12-04,15:00,2006,regular,,final,UTEP,UT Arlington,2638,250,53,58,,C-USA,WAC,,,,,,
253382655,2005-12-04,15:00,2006,regular,,final,Tulane,Lehigh,2655,2329,65,63,,C-USA,Patriot,,,,,,FIESTA BOWL CLASSIC AT TUCSON AZ
253382181,2005-12-04,15:05,2006,regular,,final,Drake,Iowa State,2181,66,57,69,,MVC,Big 12,,,,,,
253380152,2005-12-04,15:15,2006,regular,,final,NC State,Liberty,152,2335,83,69,,ACC,Big South,,,,,,NC STATE TOURNAMENT
253382294,2005-12-04,15:15,2006,regular,,final,Iowa,Rutgers,2294,164,51,57,,Big Ten,Big East,,,,,,HAWKEYE CHALLENGE
253380024,2005-12-04,15:30,2006,regular,,final,Stanford,Tennessee,24,2633,67,74,,Pac-12,SEC,,,,,,
253380245,2005-12-04,15:30,2006,regular,,final,Texas A&M,Washington,245,264,79,65,,Big 12,Pac-12,,,,,,
253380030,2005-12-04,16:00,2006,regular,,final,USC,TCU,30,2628,65,62,,Pac-12,Mountain West,,,,,,
253380036,2005-12-04,16:00,2006,regular,,final,Colorado State,Portland,36,2501,70,58,,Mountain West,WCC,,,,,,
253380171,2005-12-04,16:00,2006,regular,,final,Columbia,Albany,171,399,54,58,,Ivy,Am. East,,,,,,CONTRA COSTA TIMES INVITATIONAL AT BERKELEY CA
253380172,2005-12-04,16:00,2006,regular,,final,Cornell,Marist,172,2368,53,68,,Ivy,MAAC,,,,,,
253380236,2005-12-04,16:00,2006,regular,,final,Chattanooga,Auburn,236,2,72,59,,Southern,SEC,,,,,,
253382099,2005-12-04,16:00,2006,regular,,final,Canisius,Syracuse,2099,183,73,91,,MAAC,Big East,,,,,,
253382172,2005-12-04,16:00,2006,regular,,final,Denver,Wyoming,2172,2751,47,62,,Sun Belt,Mountain West,,,,,,
253382630,2005-12-04,16:00,2006,regular,,final,UT Martin,Purdue Fort Wayne,2630,2870,69,60,,,,,,,,,
253382464,2005-12-04,16:05,2006,regular,,final,Northern Arizona,UC Riverside,2464,27,71,62,,Big Sky,Big West,,,,,,
253382050,2005-12-04,16:30,2006,regular,,final,Ball State,Valparaiso,2050,2674,49,61,,MAC,MVC,,,,,,HOOSIER CLASSIC
253380299,2005-12-04,17:00,2006,regular,,final,Long Beach State,San Francisco,299,2539,58,52,,Big West,WCC,,,,,,
253382540,2005-12-04,17:00,2006,regular,,final,UC Santa Barbara,Saint Mary's,2540,2608,67,58,,Big West,WCC,,,,,,
253382541,2005-12-04,17:00,2006,regular,,final,Santa Clara,UC Irvine,2541,300,99,71,,WCC,Big West,,,,,,
253380012,2005-12-04,17:30,2006,regular,,final,Arizona,Chicago State,12,2130,61,51,,Pac-12,,,,,,,FIESTA BOWL CLASSIC
253380025,2005-12-04,18:20,2006,regular,,final,California,UNLV,25,2439,58,50,,Pac-12,Mountain West,,,,,,CONTRA COSTA TIMES INVITATIONAL
253390055,2005-12-05,17:00,2006,regular,,final,Jacksonville State,Kennesaw State,55,338,92,87,,ASUN,ASUN,,,,,,
253392241,2005-12-05,18:00,2006,regular,,final,Gardner-Webb,Mercer,2241,2382,74,49,,ASUN,ASUN,,,,,,
253390057,2005-12-05,19:00,2006,regular,,final,Florida,South Alabama,57,6,74,57,,SEC,Sun Belt,,,,,,
253390232,2005-12-05,19:00,2006,regular,,final,Charleston,Stetson,232,56,54,47,,Southern,ASUN,,,,,,
253392429,2005-12-05,19:00,2006,regular,,final,Charlotte,Winthrop,2429,2737,59,57,,A 10,Big South,,,,,,
253392754,2005-12-05,19:05,2006,regular,,final,Youngstown State,Oakland,2754,2473,54,61,,Horizon,Horizon,,,,,,
253390041,2005-12-05,19:30,2006,regular,,final,UConn,North Carolina,41,153,54,77,,Big East,ACC,,,,,,AT HARTFORD CT
253390071,2005-12-05,20:00,2006,regular,,final,Bradley,Illinois,71,356,64,80,,MVC,Big Ten,,,,,,
253390201,2005-12-05,20:00,2006,regular,,final,Oklahoma,UCLA,201,26,83,78,,Big 12,Pac-12,,,,,,
253390357,2005-12-05,20:00,2006,regular,,final,Texas A&M-Corpus Christi,Lamar,357,2320,80,61,,,,,,,,,
253392113,2005-12-05,20:00,2006,regular,,final,Centenary,Jackson State,2113,2296,61,73,,,SWAC,,,,,,
253392635,2005-12-05,20:00,2006,regular,,final,Tennessee Tech,Southern Illinois,2635,79,70,60,,,MVC,,,,,,
253390016,2005-12-05,20:05,2006,regular,,final,Sacramento State,Gonzaga,16,2250,73,54,,Big Sky,WCC,,,,,,
253390198,2005-12-05,20:05,2006,regular,,final,Oral Roberts,Wichita State,198,2724,81,49,,,MVC,,,,,,
253390301,2005-12-05,22:00,2006,regular,,final,San Diego,Fresno State,301,278,50,56,,WCC,WAC,,,,,,
253400098,2005-12-06,18:00,2006,regular,,final,Western Kentucky,Arkansas,98,8,87,73,,Sun Belt,SEC,,,,,,
253400061,2005-12-06,19:00,2006,regular,,final,Georgia,Iona,61,314,97,60,,SEC,MAAC,,,,,,
253400096,2005-12-06,19:00,2006,regular,,final,Kentucky,North Carolina A&T,96,2448,71,40,,SEC,MEAC,,,,,,
253400130,2005-12-06,19:00,2006,regular,,final,Michigan,Maryland-Eastern Shore,130,2379,77,59,,Big Ten,MEAC,,,,,,
253400179,2005-12-06,19:00,2006,regular,,final,St. Bonaventure,Niagara,179,315,70,64,,A 10,MAAC,,,,,,
253400189,2005-12-06,19:00,2006,regular,,final,Bowling Green,Duquesne,189,2184,76,51,,MAC,A 10,,,,,,
253400231,2005-12-06,19:00,2006,regular,,final,Furman,American University,231,44,61,48,,Southern,Patriot,,,,,,
253400325,2005-12-06,19:00,2006,regular,,final,Cleveland State,Central Michigan,325,2117,44,66,,Horizon,MAC,,,,,,
253402026,2005-12-06,19:00,2006,regular,,final,Appalachian State,Winston Salem,2026,2736,64,51,,Southern,,,,,,,
253402115,2005-12-06,19:00,2006,regular,,final,Central Connecticut,Army,2115,349,63,65,,NEC,Patriot,,,,,,
253402168,2005-12-06,19:00,2006,regular,,final,Dayton,Wright State,2168,2750,63,59,,A 10,Horizon,,,,,,
253402244,2005-12-06,19:00,2006,regular,,final,George Mason,Penn State,2244,213,62,68,,CAA,Big Ten,,,,,,
253402272,2005-12-06,19:00,2006,regular,,final,High Point,Elon,2272,2210,65,57,,Big South,Southern,,,,,,
253402352,2005-12-06,19:00,2006,regular,,final,Loyola Maryland,Howard,2352,47,83,65,,MAAC,MEAC,,,,,,
253402390,2005-12-06,19:00,2006,regular,,final,Miami,Florida International,2390,2229,75,63,,ACC,Sun Belt,,,,,,
253402426,2005-12-06,19:00,2006,regular,,final,Navy,Morgan State,2426,2415,79,50,,Patriot,MEAC,,,,,,
253402507,2005-12-06,19:00,2006,regular,,final,Providence,Rutgers,2507,164,45,58,,Big East,Big East,,,,,,
253402752,2005-12-06,19:00,2006,regular,,final,Xavier,Eastern Kentucky,2752,2198,82,49,,A 10,ASUN,,,,,,
253402217,2005-12-06,19:30,2006,regular,,final,Fairfield,Hartford,2217,42,48,71,,MAAC,Am. East,,,,,,
253402523,2005-12-06,19:30,2006,regular,,final,Robert Morris,Pittsburgh,2523,221,36,66,,NEC,Big East,,,,,,
253400005,2005-12-06,20:00,2006,regular,,final,UAB,Alabama,5,333,70,62,,C-USA,SEC,,,,,,
253400197,2005-12-06,20:00,2006,regular,,final,Oklahoma State,Texas A&M-Commerce,197,2837,67,43,,Big 12,,,,,,,
253400202,2005-12-06,20:00,2006,regular,,final,Tulsa,Florida State,202,52,80,71,,C-USA,ACC,,,,,,
253400269,2005-12-06,20:00,2006,regular,,final,Marquette,St. John's,269,2599,60,57,,Big East,Big East,,,,,,
253400326,2005-12-06,20:00,2006,regular,,final,Texas State,Schreiner,326,2544,102,43,,Sun Belt,,,,,,,
253402239,2005-12-06,20:00,2006,regular,,final,Cal State Fullerton,Nevada,2239,2440,53,49,,Big West,WAC,,,,,,
253402306,2005-12-06,20:00,2006,regular,,final,Kansas State,Louisiana Tech,2306,2348,77,66,,Big 12,WAC,,,,,,
253402617,2005-12-06,20:00,2006,regular,,final,Stephen F. Austin,Little Rock,2617,2031,80,45,,WAC,Sun Belt,,,,,,
253402628,2005-12-06,20:00,2006,regular,,final,TCU,Duke,2628,150,52,92,,Mountain West,ACC,,,,,,
253400009,2005-12-06,20:30,2006,regular,,final,Arizona State,New Mexico,9,167,73,61,,Pac-12,Mountain West,,,,,,
253400253,2005-12-06,21:05,2006,regular,,final,Southern Utah,Idaho State,253,304,80,75,,WAC,Big Sky,,,,,,
253402351,2005-12-06,22:00,2006,regular,,final,Loyola Marymount,USC,2351,30,53,59,,WCC,Pac-12,,,,,,
253410111,2005-12-07,17:00,2006,regular,,final,Northeastern,Harvard,111,108,72,60,,CAA,Ivy,,,,,,
253412182,2005-12-07,17:30,2006,regular,,final,Drexel,Towson,2182,119,51,58,,CAA,CAA,,,,,,
253410107,2005-12-07,18:00,2006,regular,,final,Holy Cross,Rhode Island,107,227,68,72,,Patriot,A 10,,,,,,
253412199,2005-12-07,18:00,2006,regular,,final,Eastern Michigan,Indiana,2199,84,64,70,,MAC,Big Ten,,,,,,
253412529,2005-12-07,18:00,2006,regular,,final,Sacred Heart,St. Francis Brooklyn,2529,2597,69,51,,NEC,NEC,,,,,,
253412400,2005-12-07,18:30,2006,regular,,final,Mississippi Valley State,Tougaloo,2400,2650,76,57,,SWAC,,,,,,,
253410045,2005-12-07,19:00,2006,regular,,final,George Washington,Tennessee,45,2633,43,59,,A 10,SEC,,,,,,
253410058,2005-12-07,19:00,2006,regular,,final,South Florida,DePaul,58,305,79,77,,Big East,Big East,,,,,,
253410127,2005-12-07,19:00,2006,regular,,final,Michigan State,Detroit Mercy,127,2174,77,52,,Big Ten,Horizon,,,,,,
253410151,2005-12-07,19:00,2006,regular,,final,East Carolina,VCU,151,2670,66,61,,C-USA,CAA,,,,,,
253410193,2005-12-07,19:00,2006,regular,,final,Miami (OH),Butler,193,2086,88,72,,MAC,Horizon,,,,,,
253410219,2005-12-07,19:00,2006,regular,,final,Pennsylvania,Saint Joseph's,219,2603,57,70,,Ivy,A 10,,,,,,
253410225,2005-12-07,19:00,2006,regular,,final,Brown,Boston University,225,104,59,73,,Ivy,Am. East,,,,,,
253410232,2005-12-07,19:00,2006,regular,,final,Charleston,East Tennessee State,232,2193,55,59,,Southern,ASUN,,,,,,
253410256,2005-12-07,19:00,2006,regular,,final,James Madison,Longwood,256,2344,76,60,,CAA,,,,,,,
253410282,2005-12-07,19:00,2006,regular,,final,Indiana State,Toledo,282,2649,74,56,,MVC,MAC,,,,,,
253412084,2005-12-07,19:00,2006,regular,,final,Buffalo,Youngstown State,2084,2754,53,40,,MAC,Horizon,,,,,,
253412142,2005-12-07,19:00,2006,regular,,final,Colgate,New Hampshire,2142,160,45,69,,Patriot,Am. East,,,,,,
253412230,2005-12-07,19:00,2006,regular,,final,Fordham,Delaware,2230,48,56,60,,A 10,CAA,,,,,,
253412405,2005-12-07,19:00,2006,regular,,final,Monmouth,Maryland,2405,120,55,88,,NEC,ACC,,,,,,
253412429,2005-12-07,19:00,2006,regular,,final,Charlotte,Davidson,2429,2166,79,60,,A 10,Southern,,,,,,
253412509,2005-12-07,19:00,2006,regular,,final,Purdue,Notre Dame,2509,87,65,54,,Big Ten,Big East,,,,,,
253412514,2005-12-07,19:00,2006,regular,,final,Quinnipiac,LIU Brooklyn,2514,2341,75,68,,NEC,NEC,,,,,,
253412515,2005-12-07,19:00,2006,regular,,final,Radford,Virginia Tech,2515,259,52,58,,Big South,ACC,,,,,,
253412550,2005-12-07,19:00,2006,regular,,final,Seton Hall,Virginia,2550,258,39,59,,Big East,ACC,,,,,,
253412619,2005-12-07,19:00,2006,regular,,final,Stony Brook,Temple,2619,218,58,56,,Am. East,A 10,,,,,,
253412466,2005-12-07,19:30,2006,regular,,final,Northwestern State,Southern Arkansas,2466,2568,72,70,,,,,,,,,
253410002,2005-12-07,20:00,2006,regular,,final,Auburn,Western Carolina,2,2717,78,49,,SEC,Southern,,,,,,
253410235,2005-12-07,20:00,2006,regular,,final,Memphis,UT Martin,235,2630,73,50,,C-USA,,,,,,,
253412305,2005-12-07,20:00,2006,regular,,final,Kansas,Kansas City,2305,140,73,51,,Big 12,,,,,,,
253410158,2005-12-07,20:05,2006,regular,,final,Nebraska,Texas Southern,158,2640,93,68,,Big 12,SWAC,,,,,,
253412623,2005-12-07,20:05,2006,regular,,final,Missouri State,Western Illinois,2623,2710,46,41,,MVC,,,,,,,
253410254,2005-12-07,21:00,2006,regular,,final,Utah,Weber State,254,2692,65,38,,Mountain West,Big Sky,,,,,,
253412172,2005-12-07,21:00,2006,regular,,final,Denver,Colorado State,2172,36,77,58,,Sun Belt,Mountain West,,,,,,
253410027,2005-12-07,22:00,2006,regular,,final,UC Riverside,BYU,27,252,53,67,,Big West,Mountain West,,,,,,
253420093,2005-12-08,16:30,2006,regular,,final,Murray State,Eastern Kentucky,93,2198,70,75,,MVC,ASUN,,,,,,
253422535,2005-12-08,18:00,2006,regular,,final,Samford,Jacksonville State,2535,55,78,61,,Southern,ASUN,,,,,,
253422546,2005-12-08,18:00,2006,regular,,final,Southeast Missouri State,Tennessee State,2546,2634,71,53,,,,,,,,,
253422046,2005-12-08,18:15,2006,regular,,final,Austin Peay,Morehead State,2046,2413,75,81,,ASUN,,,,,,,
253422197,2005-12-08,18:15,2006,regular,,final,Eastern Illinois,Tennessee Tech,2197,2635,54,62,,,,,,,,,
253420096,2005-12-08,19:00,2006,regular,,final,Kentucky,Georgetown,96,46,63,47,,SEC,Big East,,,,,,
253420103,2005-12-08,19:00,2006,regular,,final,Boston College,UMass,103,113,83,44,,ACC,A 10,,,,,,
253420153,2005-12-08,19:00,2006,regular,,final,North Carolina,Wofford,153,2747,87,50,,ACC,Southern,,,,,,
253420171,2005-12-08,19:00,2006,regular,,final,Columbia,Central Connecticut,171,2115,54,51,,Ivy,NEC,,,,,,
253420221,2005-12-08,19:00,2006,regular,,final,Pittsburgh,Syracuse,221,183,67,55,,Big East,Big East,,,,,,
253422066,2005-12-08,19:00,2006,regular,,final,Binghamton,Lehigh,2066,2329,72,48,,Am. East,Patriot,,,,,,
253422870,2005-12-08,19:00,2006,regular,,final,Purdue Fort Wayne,IUPUI,2870,85,50,59,,,Horizon,,,,,,
253420349,2005-12-08,19:30,2006,regular,,final,Army,Princeton,349,163,52,73,,Patriot,Ivy,,,,,,
253420066,2005-12-08,20:00,2006,regular,,final,Iowa State,Iowa,66,2294,77,61,,Big 12,Big Ten,,,,,,HY VEE CY HAWK SERIES
253420222,2005-12-08,20:00,2006,regular,,final,Villanova,UConn,222,41,56,72,,Big East,Big East,,,,,,
253420238,2005-12-08,20:00,2006,regular,,final,Vanderbilt,Northern Arizona,238,2464,57,41,,SEC,Big Sky,,,,,,
253420249,2005-12-08,20:00,2006,regular,,final,North Texas,UT Rio Grande Valley,249,292,73,55,,Sun Belt,,,,,,,
253420251,2005-12-08,20:00,2006,regular,,final,Texas,Stephen F. Austin,251,2617,77,56,,Big 12,WAC,,,,,,
253420275,2005-12-08,20:00,2006,regular,,final,Wisconsin,South Dakota State,275,2571,65,68,,Big Ten,,,,,,,
253422393,2005-12-08,20:00,2006,regular,,final,Middle Tennessee,Georgia State,2393,2247,69,51,,Sun Belt,CAA,,,,,,
253422928,2005-12-08,20:00,2006,regular,,final,TX Woman's Univ,Sam Houston,2928,2534,57,59,,,WAC,,,,,,
253422181,2005-12-08,20:05,2006,regular,,final,Drake,Akron,2181,2006,73,48,,MVC,MAC,,,,,,
253422287,2005-12-08,20:05,2006,regular,,final,Illinois State,Green Bay,2287,2739,60,76,,MVC,Horizon,,,,,,
253420038,2005-12-08,21:00,2006,regular,,final,Colorado,Pacific,38,279,84,57,,Big 12,Big West,,,,,,
253420147,2005-12-08,21:00,2006,regular,,final,Montana State,Long Beach State,147,299,66,83,,Big Sky,Big West,,,,,,
253420328,2005-12-08,21:00,2006,regular,,final,Utah State,Air Force,328,2005,56,60,,WAC,Mountain West,,,,,,
253422751,2005-12-08,21:00,2006,regular,,final,Wyoming,Boise State,2751,68,68,54,,Mountain West,WAC,,,,,,
253420023,2005-12-08,22:00,2006,regular,,final,San José State,California,23,25,57,78,,WAC,Pac-12,,,,,,
253420026,2005-12-08,22:00,2006,regular,,final,UCLA,Pepperdine,26,2492,95,56,,Pac-12,WCC,,,,,,
253420302,2005-12-08,22:00,2006,regular,,final,UC Davis,Southern Utah,302,253,73,46,,Big West,WAC,,,,,,
253422539,2005-12-08,22:00,2006,regular,,final,San Francisco,Hawai'i,2539,62,63,71,,WCC,WAC,,,,,,
253423081,2005-12-08,22:05,2006,regular,,final,Utah Valley,Idaho,3084,70,70,99,,,WAC,,,,,,
253430057,2005-12-09,18:00,2006,regular,,final,Florida,Illinois,57,356,69,64,,SEC,Big Ten,,,,,,
253432217,2005-12-09,18:30,2006,regular,,final,Fairfield,Niagara,2217,315,74,47,,MAAC,MAAC,,,,,,
253430059,2005-12-09,19:00,2006,regular,,final,Georgia Tech,San Diego,59,301,56,51,,ACC,WCC,,,,,,
253430213,2005-12-09,19:00,2006,regular,,final,Penn State,Marquette,213,269,63,73,,Big Ten,Big East,,,,,,
253432117,2005-12-09,19:00,2006,regular,,final,Central Michigan,Valparaiso,2117,2674,55,49,,MAC,MVC,,,,,,
253432168,2005-12-09,19:00,2006,regular,,final,Dayton,Cleveland State,2168,325,67,59,,A 10,Horizon,,,,,,
253432520,2005-12-09,19:00,2006,regular,,final,Rider,Canisius,2520,2099,66,76,,MAAC,MAAC,,,,,,
253432550,2005-12-09,19:00,2006,regular,,final,Seton Hall,Saint Peter's,2550,2612,59,75,,Big East,MAAC,,,,,,
253432561,2005-12-09,19:00,2006,regular,,final,Siena,Manhattan,2561,2363,55,40,,MAAC,MAAC,,,,,,
253432717,2005-12-09,19:00,2006,regular,,final,Western Carolina,Radford,2717,2515,74,76,,Southern,Big South,,,,,,
253430164,2005-12-09,19:30,2006,regular,,final,Rutgers,Old Dominion,164,295,77,41,,Big East,CAA,,,,,,
253430314,2005-12-09,19:30,2006,regular,,final,Iona,Loyola Maryland,314,2352,63,65,,MAAC,MAAC,,,,,,
253432426,2005-12-09,19:30,2006,regular,,final,Navy,Delaware State,2426,2169,48,53,,Patriot,MEAC,,,,,,
253430082,2005-12-09,20:00,2006,regular,,final,UIC,Northern Iowa,82,2460,53,63,,Horizon,MVC,,,,,,
253430156,2005-12-09,20:00,2006,regular,,final,Creighton,North Dakota State,156,2449,63,68,,MVC,,,,,,,LOBO SHOOTOUT AT ALBUQUERQUE NM
253432031,2005-12-09,20:00,2006,regular,,final,Little Rock,Arkansas-Pine Bluff,2031,2029,67,50,,Sun Belt,SWAC,,,,,,
253432572,2005-12-09,20:00,2006,regular,,final,Southern Miss,Jackson State,2572,2296,76,67,,C-USA,SWAC,,,,,,
253430030,2005-12-09,22:00,2006,regular,,final,USC,Cal State Northridge,30,2463,97,69,,Pac-12,Big West,,,,,,
253430167,2005-12-09,22:00,2006,regular,,final,New Mexico,UL Monroe,167,2433,70,57,,Mountain West,Sun Belt,,,,,,LOBO SHOOTOUT
253430264,2005-12-09,22:00,2006,regular,,final,Washington,Michigan,264,130,82,60,,Pac-12,Big Ten,,,,,,
253430278,2005-12-09,22:00,2006,regular,,final,Fresno State,Cal State Fullerton,278,2239,68,50,,WAC,Big West,,,,,,
253442182,2005-12-10,12:00,2006,regular,,final,Drexel,La Salle,2182,2325,53,48,,CAA,A 10,,,,,,
253440045,2005-12-10,13:00,2006,regular,,final,George Washington,Stony Brook,45,2619,77,55,,A 10,Am. East,,,,,,
253440183,2005-12-10,13:00,2006,regular,,final,Syracuse,UMass,183,113,81,76,,Big East,A 10,,,,,,
253442514,2005-12-10,13:00,2006,regular,,final,Quinnipiac,Boston College,2514,103,44,74,,NEC,ACC,,,,,,
253442598,2005-12-10,13:00,2006,regular,,final,St. Francis (PA),Sacred Heart,2598,2529,52,89,,NEC,NEC,,,,,,
253440225,2005-12-10,14:00,2006,regular,,final,Brown,George Mason,225,2244,59,64,,Ivy,CAA,,,,,,
253440227,2005-12-10,14:00,2006,regular,,final,Rhode Island,Providence,227,2507,66,69,,A 10,Big East,,,,,,
253440238,2005-12-10,14:00,2006,regular,,final,Vanderbilt,Miami (OH),238,193,82,50,,SEC,MAC,,,,,,
253442086,2005-12-10,14:00,2006,regular,,final,Butler,Ball State,2086,2050,66,74,,Horizon,MAC,,,,,,
253442113,2005-12-10,14:00,2006,regular,,final,Centenary,Georgia Southern,2113,290,79,85,,,Southern,,,,,,
253442166,2005-12-10,14:00,2006,regular,,final,Davidson,Greensboro College,2166,2256,79,38,,Southern,,,,,,,
253442174,2005-12-10,14:00,2006,regular,,final,Detroit Mercy,Kentucky,2174,96,65,74,,Horizon,SEC,,,,,,
253442341,2005-12-10,14:00,2006,regular,,final,LIU Brooklyn,Columbia,2341,171,77,57,,NEC,Ivy,,,,,,
253442350,2005-12-10,14:00,2006,regular,,final,Loyola Chicago,Indiana State,2350,282,80,93,,Horizon,MVC,,,,,,
253442427,2005-12-10,14:00,2006,regular,,final,UNC Asheville,Furman,2427,231,66,62,,Big South,Southern,,,,,,
253442430,2005-12-10,14:00,2006,regular,,final,UNC Greensboro,Campbell,2430,2097,78,55,,Southern,ASUN,,,,,,
253442597,2005-12-10,14:00,2006,regular,,final,St. Francis Brooklyn,Monmouth,2597,2405,67,63,,NEC,NEC,,,,,,
253442623,2005-12-10,14:35,2006,regular,,final,Missouri State,Oklahoma,2623,201,57,68,,MVC,Big 12,,,,,,
253440066,2005-12-10,15:00,2006,regular,,final,Iowa State,Akron,66,2006,76,43,,Big 12,MAC,,,,,,
253440077,2005-12-10,15:00,2006,regular,,final,Northwestern,Nebraska,77,158,50,80,,Big Ten,Big 12,,,,,,
253440139,2005-12-10,15:00,2006,regular,,final,Saint Louis,Western Illinois,139,2710,44,57,,A 10,,,,,,,
253440197,2005-12-10,15:00,2006,regular,,final,Oklahoma State,UNC Wilmington,197,350,66,49,,Big 12,CAA,,,,,,
253440333,2005-12-10,15:00,2006,regular,,final,Alabama,SE Louisiana,333,2545,54,49,,SEC,,,,,,,
253442154,2005-12-10,15:00,2006,regular,,final,Coppin State,James Madison,2154,256,39,63,,MEAC,CAA,,,,,,
253440079,2005-12-10,15:05,2006,regular,,final,Southern Illinois,South Dakota State,79,2571,75,59,,MVC,,,,,,,
253442473,2005-12-10,15:30,2006,regular,,final,Oakland,Illinois State,2473,2287,73,71,,Horizon,MVC,,,,,,
253440044,2005-12-10,16:00,2006,regular,,final,American University,Pennsylvania,44,219,70,68,,Patriot,Ivy,,,,,,
253440047,2005-12-10,16:00,2006,regular,,final,Howard,Maryland-Eastern Shore,47,2379,93,90,,MEAC,MEAC,,,,,,
253440202,2005-12-10,16:00,2006,regular,,final,Tulsa,Oral Roberts,202,198,88,73,,C-USA,,,,,,,
253440252,2005-12-10,16:00,2006,regular,,final,BYU,Northern Arizona,252,2464,82,48,,Mountain West,Big Sky,,,,,,
253442172,2005-12-10,16:00,2006,regular,,final,Denver,Boise State,2172,68,55,51,,Sun Belt,WAC,,,,,,
253442199,2005-12-10,16:00,2006,regular,,final,Eastern Michigan,Youngstown State,2199,2754,69,48,,MAC,Horizon,,,,,,
253442751,2005-12-10,16:00,2006,regular,,final,Wyoming,Northern Colorado,2751,2458,71,47,,Mountain West,Big Sky,,,,,,
253440147,2005-12-10,16:05,2006,regular,,final,Montana State,Air Force,147,2005,61,81,,Big Sky,Mountain West,,,,,,
253440304,2005-12-10,16:05,2006,regular,,final,Idaho State,Idaho,304,70,99,89,,Big Sky,WAC,,,,,,
253440179,2005-12-10,16:30,2006,regular,,final,St. Bonaventure,Kent State,179,2309,59,80,,A 10,MAC,,,,,,
253442390,2005-12-10,16:30,2006,regular,,final,Miami,Hartford,2390,42,82,62,,ACC,Am. East,,,,,,
253442649,2005-12-10,16:30,2006,regular,,final,Toledo,Wright State,2649,2750,69,66,,MAC,Horizon,,,,,,
253440023,2005-12-10,17:00,2006,regular,,final,San José State,Colorado State,23,36,78,66,,WAC,Mountain West,,,,,,
253440025,2005-12-10,17:00,2006,regular,,final,California,South Carolina State,25,2569,94,48,,Pac-12,MEAC,,,,,,
253440236,2005-12-10,17:00,2006,regular,,final,Chattanooga,Wofford,236,2747,104,58,,Southern,Southern,,,,,,
253440254,2005-12-10,17:00,2006,regular,,final,Utah,Gonzaga,254,2250,81,54,,Mountain West,WCC,,,,,,
253440326,2005-12-10,17:00,2006,regular,,final,Texas State,UT Rio Grande Valley,326,292,67,65,,Sun Belt,,,,,,,
253440328,2005-12-10,17:00,2006,regular,,final,Utah State,Utah Valley,328,3084,74,51,,WAC,,,,,,,
253442378,2005-12-10,17:00,2006,regular,,final,UMBC,Lafayette,2378,322,60,46,,Am. East,Patriot,,,,,,
253442501,2005-12-10,17:00,2006,regular,,final,Portland,Eastern Washington,2501,331,57,63,,WCC,Big Sky,,,,,,
253442541,2005-12-10,17:00,2006,regular,,final,Santa Clara,Hawai'i,2541,62,69,73,,WCC,WAC,,,,,,
253442630,2005-12-10,17:00,2006,regular,,final,UT Martin,Jacksonville State,2630,55,74,66,,,ASUN,,,,,,
253440016,2005-12-10,17:05,2006,regular,,final,Sacramento State,UC Davis,16,302,78,65,,Big Sky,Big West,,,,,,
253442483,2005-12-10,17:30,2006,regular,,final,Oregon,Prairie View A&M,2483,2504,102,36,,Pac-12,SWAC,,,,,,
253440058,2005-12-10,18:00,2006,regular,,final,South Florida,Michigan State,58,127,66,81,,Big East,Big Ten,,,,,,
253440097,2005-12-10,18:00,2006,regular,,final,Louisville,Xavier,97,2752,78,64,,Big East,A 10,,,,,,
253442546,2005-12-10,18:00,2006,regular,,final,Southeast Missouri State,Tennessee Tech,2546,2635,77,81,,,,,,,,,
253440093,2005-12-10,18:15,2006,regular,,final,Murray State,Morehead State,93,2413,85,74,,MVC,,,,,,,
253442046,2005-12-10,18:15,2006,regular,,final,Austin Peay,Eastern Kentucky,2046,2198,61,64,,ASUN,ASUN,,,,,,
253440248,2005-12-10,18:30,2006,regular,,final,Houston,West Virginia,248,277,54,79,,C-USA,Big East,,,,,,
253440061,2005-12-10,19:00,2006,regular,,final,Georgia,Savannah State,61,2542,106,34,,SEC,,,,,,,
253440084,2005-12-10,19:00,2006,regular,,final,Indiana,Boston University,84,104,62,54,,Big Ten,Am. East,,,,,,
253440116,2005-12-10,19:00,2006,regular,,final,Mount St. Mary's,Fairleigh Dickinson,116,161,67,64,,NEC,NEC,,,,,,
253440259,2005-12-10,19:00,2006,regular,,final,Virginia Tech,Liberty,259,2335,70,60,,ACC,Big South,,,,,,
253442229,2005-12-10,19:00,2006,regular,,final,Florida International,Bowling Green,2229,189,56,67,,Sun Belt,MAC,,,,,,
253442272,2005-12-10,19:00,2006,regular,,final,High Point,Longwood,2272,2344,76,68,,Big South,,,,,,,
253442692,2005-12-10,19:00,2006,regular,,final,Weber State,Pacific,2692,279,80,62,,Big Sky,Big West,,,,,,
253442197,2005-12-10,19:05,2006,regular,,final,Eastern Illinois,Tennessee State,2197,2634,106,68,,,,,,,,,
253442523,2005-12-10,19:30,2006,regular,,final,Robert Morris,Wagner,2523,2681,75,61,,NEC,NEC,,,,,,
253440135,2005-12-10,20:00,2006,regular,,final,Minnesota,Washington State,135,265,83,57,,Big Ten,Pac-12,,,,,,
253440245,2005-12-10,20:00,2006,regular,,final,Texas A&M,Sam Houston,245,2534,94,52,,Big 12,WAC,,,,,,
253440305,2005-12-10,20:00,2006,regular,,final,DePaul,Green Bay,305,2739,86,62,,Big East,Horizon,,,,,,
253442296,2005-12-10,20:00,2006,regular,,final,Jackson State,McNeese,2296,2377,52,53,,SWAC,,,,,,,
253442348,2005-12-10,20:00,2006,regular,,final,Louisiana Tech,Grambling,2348,2755,84,55,,WAC,SWAC,,,,,,
253442433,2005-12-10,20:00,2006,regular,,final,UL Monroe,Creighton,2433,156,61,60,,Sun Belt,MVC,,,,,,LOBO SHOOTOUT
253442492,2005-12-10,20:00,2006,regular,,final,Pepperdine,San Diego State,2492,21,70,56,,WCC,Mountain West,,,,,,
253442032,2005-12-10,20:05,2006,regular,,final,Arkansas State,Alabama A&M,2032,2010,61,38,,Sun Belt,SWAC,,,,,,
253440149,2005-12-10,21:00,2006,regular,,final,Montana,Long Beach State,149,299,58,57,,Big Sky,Big West,,,,,,
253440278,2005-12-10,22:00,2006,regular,,final,Fresno State,UC Riverside,278,27,67,50,,WAC,Big West,,,,,,
253442439,2005-12-10,22:00,2006,regular,,final,Nevada,UNLV,2440,2439,41,55,,WAC,Mountain West,,,,,,
253442608,2005-12-10,22:00,2006,regular,,final,Saint Mary's,Southern Utah,2608,253,51,58,,WCC,WAC,,,,,,
253440167,2005-12-10,22:15,2006,regular,,final,New Mexico,North Dakota State,167,2449,75,59,,Mountain West,,,,,,,LOBO SHOOTOUT
253452352,2005-12-11,12:00,2006,regular,,final,Loyola Maryland,Fairfield,2352,2217,71,76,,MAAC,MAAC,,,,,,
253450111,2005-12-11,13:00,2006,regular,,final,Northeastern,New Hampshire,111,160,52,47,,CAA,Am. East,,,,,,
253450120,2005-12-11,13:00,2006,regular,,final,Maryland,Arizona,120,12,92,67,,ACC,Pac-12,,,,,,
253450222,2005-12-11,13:00,2006,regular,,final,Villanova,St. Joseph (VT),222,2604,64,55,,Big East,,,,,,,
253452275,2005-12-11,13:00,2006,regular,,final,Hofstra,St. John's,2275,2599,65,71,,CAA,Big East,,,,,,
253452870,2005-12-11,13:00,2006,regular,,final,Purdue Fort Wayne,Northern Iowa,2870,2460,52,62,,,MVC,,,,,,HOOPLA AT MEMORIAL COLISEUM
253450152,2005-12-11,14:00,2006,regular,,final,NC State,Delaware State,152,2169,76,58,,ACC,MEAC,,,,,,
253450163,2005-12-11,14:00,2006,regular,,final,Princeton,Rutgers,163,164,56,65,,Ivy,Big East,,,,,,
253450228,2005-12-11,14:00,2006,regular,,final,Clemson,San Diego,228,301,72,68,,ACC,WCC,,,,,,
253450257,2005-12-11,14:00,2006,regular,,final,Richmond,Harvard,257,108,63,47,,A 10,Ivy,,,,,,
253450339,2005-12-11,14:00,2006,regular,,final,Evansville,UIC,339,82,73,43,,MVC,Horizon,,,,,,
253452132,2005-12-11,14:00,2006,regular,,final,Cincinnati,Fordham,2132,2230,71,61,,Big East,A 10,,,,,,
253452305,2005-12-11,14:00,2006,regular,,final,Kansas,Wisconsin,2305,275,90,87,,Big 12,Big Ten,,,,,,
253452329,2005-12-11,14:00,2006,regular,,final,Lehigh,VCU,2329,2670,75,59,,Patriot,CAA,,,,,,
253452363,2005-12-11,14:00,2006,regular,,final,Manhattan,Niagara,2363,315,70,63,,MAAC,MAAC,,,,,,
253452368,2005-12-11,14:00,2006,regular,,final,Marist,Iona,2368,314,68,66,,MAAC,MAAC,,,,,,
253452612,2005-12-11,14:00,2006,regular,,final,Saint Peter's,Canisius,2612,2099,57,65,,MAAC,MAAC,,,,,,
253452737,2005-12-11,14:00,2006,regular,,final,Winthrop,Norfolk State,2737,2450,66,42,,Big South,MEAC,,,,,,
253450003,2005-12-11,15:00,2006,regular,,final,Birmingham-Southern,Millsaps,3,2398,74,40,,Big South,,,,,,,
253450142,2005-12-11,15:00,2006,regular,,final,Missouri,Nicholls,142,2447,88,34,,Big 12,,,,,,,
253450197,2005-12-11,15:00,2006,regular,,final,Oklahoma State,Arkansas-Pine Bluff,197,2029,77,53,,Big 12,SWAC,,,,,,
253450249,2005-12-11,15:00,2006,regular,,final,North Texas,UTEP,249,2638,60,58,,Sun Belt,C-USA,,,,,,
253450270,2005-12-11,15:00,2006,regular,,final,Milwaukee,Northern Michigan,270,128,77,65,,Horizon,,,,,,,
253450325,2005-12-11,15:00,2006,regular,,final,Cleveland State,Western Carolina,325,2717,77,92,,Horizon,Southern,,,,,,
253450344,2005-12-11,15:00,2006,regular,,final,Mississippi State,Maine,344,311,80,55,,SEC,Am. East,,,,,,
253452031,2005-12-11,15:00,2006,regular,,final,Little Rock,Mississippi Valley State,2031,2400,70,50,,Sun Belt,SWAC,,,,,,
253452306,2005-12-11,15:00,2006,regular,,final,Kansas State,Kansas City,2306,140,75,42,,Big 12,,,,,,,
253452561,2005-12-11,15:00,2006,regular,,final,Siena,Rider,2561,2520,63,38,,MAAC,MAAC,,,,,,
253452674,2005-12-11,15:00,2006,regular,,final,Valparaiso,Purdue,2674,2509,55,70,,MVC,Big Ten,,,,,,HOOPLA AT MEMORIAL COLISEUM
253450098,2005-12-11,15:30,2006,regular,,final,Western Kentucky,East Tennessee State,98,2193,86,56,,Sun Belt,ASUN,,,,,,
253452351,2005-12-11,17:00,2006,regular,,final,Loyola Marymount,UC Santa Barbara,2351,2540,79,52,,WCC,Big West,,,,,,
253452539,2005-12-11,17:00,2006,regular,,final,San Francisco,Cal State Fullerton,2539,2239,70,63,,WCC,Big West,,,,,,
253450030,2005-12-11,17:30,2006,regular,,final,USC,Ohio State,30,194,57,68,,Pac-12,Big Ten,,,,,,
253460047,2005-12-12,19:00,2006,regular,,final,Howard,American University,47,44,74,65,,MEAC,Patriot,,,,,,
253460195,2005-12-12,19:00,2006,regular,,final,Ohio,Chicago State,195,2130,65,57,,MAC,,,,,,,
253460294,2005-12-12,19:00,2006,regular,,final,Jacksonville,Savannah State,294,2542,70,55,,ASUN,,,,,,,
253460099,2005-12-12,20:00,2006,regular,,final,LSU,New Orleans,99,2443,72,41,,SEC,Sun Belt,,,,,,
253460309,2005-12-12,20:00,2006,regular,,final,Louisiana,LSU Shreveport,309,2353,91,50,,Sun Belt,,,,,,,
253462011,2005-12-12,20:00,2006,regular,,final,Alabama State,Stillman,2011,2948,75,37,,SWAC,,,,,,,
253462320,2005-12-12,20:00,2006,regular,,final,Lamar,William Carey,2320,2730,78,42,,,,,,,,,
253460305,2005-12-12,21:00,2006,regular,,final,DePaul,Northern Illinois,305,2459,89,46,,Big East,MAC,,,,,,
253460264,2005-12-12,22:00,2006,regular,,final,Washington,Eastern Washington,264,331,68,57,,Pac-12,Big Sky,,,,,,
253462608,2005-12-12,22:05,2006,regular,,final,Saint Mary's,Oregon,2608,2483,67,68,,WCC,Pac-12,,,,,,
253472199,2005-12-13,11:00,2006,regular,,final,Eastern Michigan,Saint Louis,2199,139,67,59,,MAC,A 10,,,,,,
253470045,2005-12-13,18:00,2006,regular,,final,George Washington,SMU,45,2567,76,58,,A 10,C-USA,,,,,,
253472247,2005-12-13,18:00,2006,regular,,final,Georgia State,Norfolk State,2247,2450,85,53,,CAA,MEAC,,,,,,
253470108,2005-12-13,19:00,2006,regular,,final,Harvard,Boston University,108,104,59,70,,Ivy,Am. East,,,,,,
253470120,2005-12-13,19:00,2006,regular,,final,Maryland,Coppin State,120,2154,69,38,,ACC,MEAC,,,,,,
253470130,2005-12-13,19:00,2006,regular,,final,Michigan,Fordham,130,2230,98,55,,Big Ten,A 10,,,,,,
253470171,2005-12-13,19:00,2006,regular,,final,Columbia,Monmouth,171,2405,54,56,,Ivy,NEC,,,,,,
253472065,2005-12-13,19:00,2006,regular,,final,Bethune-Cookman,Florida Atlantic,2065,2226,46,80,,MEAC,ASUN,,,,,,
253472348,2005-12-13,19:00,2006,regular,,final,Louisiana Tech,Mississippi State,2348,344,52,41,,WAC,SEC,,,,,,
253472579,2005-12-13,19:00,2006,regular,,final,South Carolina,Minnesota,2579,135,79,61,,SEC,Big Ten,,,,,,
253472619,2005-12-13,19:00,2006,regular,,final,Stony Brook,Dartmouth,2619,159,71,64,,Am. East,Ivy,,,,,,
253472750,2005-12-13,19:00,2006,regular,,final,Wright State,Marshall,2750,276,66,72,,Horizon,C-USA,,,,,,
253472005,2005-12-13,19:30,2006,regular,,final,Air Force,Denver,2005,2172,59,65,,Mountain West,Sun Belt,,,,,,
253470239,2005-12-13,20:00,2006,regular,,final,Baylor,McNeese,239,2377,72,36,,Big 12,,,,,,,
253472010,2005-12-13,20:00,2006,regular,,final,Alabama A&M,South Carolina State,2010,2569,67,62,,SWAC,MEAC,,,,,,
253470149,2005-12-13,21:05,2006,regular,,final,Montana,Santa Clara,149,2541,82,77,,Big Sky,WCC,,,,,,
253470204,2005-12-13,22:00,2006,regular,,final,Oregon State,Portland State,204,2502,87,58,,Pac-12,Big Sky,,,,,,
253472458,2005-12-13,22:00,2006,regular,,final,Northern Colorado,UTEP,2458,2638,57,85,,Big Sky,C-USA,,,,,,
253482132,2005-12-14,16:00,2006,regular,,final,Cincinnati,UT Arlington,2132,250,73,61,,Big East,WAC,,,,,,
253482466,2005-12-14,18:45,2006,regular,,final,Northwestern State,LSU Shreveport,2466,2353,91,57,,,,,,,,,
253480154,2005-12-14,19:00,2006,regular,,final,Wake Forest,UNC Greensboro,154,2430,64,70,,ACC,Southern,,,,,,
253480350,2005-12-14,19:00,2006,regular,,final,UNC Wilmington,Jacksonville State,350,55,62,40,,CAA,ASUN,,,,,,
253482427,2005-12-14,19:00,2006,regular,,final,UNC Asheville,Chattanooga,2427,236,59,84,,Big South,Southern,,,,,,
253482504,2005-12-14,19:00,2006,regular,,final,Prairie View A&M,Lamar,2504,2320,51,68,,SWAC,,,,,,,
253482520,2005-12-14,19:00,2006,regular,,final,Rider,Princeton,2520,163,63,67,,MAAC,Ivy,,,,,,
253482711,2005-12-14,19:00,2006,regular,,final,Western Michigan,Northwestern,2711,77,90,72,,MAC,Big Ten,,,,,,
253480006,2005-12-14,20:00,2006,regular,,final,South Alabama,North Florida,6,2454,62,29,,Sun Belt,ASUN,,,,,,
253480082,2005-12-14,20:00,2006,regular,,final,UIC,Chicago State,82,2130,80,62,,Horizon,,,,,,,
253480145,2005-12-14,20:00,2006,regular,,final,Ole Miss,Rutgers,145,164,67,57,,SEC,Big East,,,,,,
253480270,2005-12-14,21:00,2006,regular,,final,Milwaukee,Wisconsin,270,275,57,72,,Horizon,Big Ten,,,,,,
253480300,2005-12-14,22:00,2006,regular,,final,UC Irvine,New Mexico State,300,166,64,88,,Big West,WAC,,,,,,
253492572,2005-12-15,18:00,2006,regular,,final,Southern Miss,Mercer,2572,2382,49,51,,C-USA,ASUN,,,,,,
253490097,2005-12-15,19:00,2006,regular,,final,Louisville,Northern Colorado,97,2458,66,57,,Big East,Big Sky,,,,,,
253492026,2005-12-15,19:00,2006,regular,,final,Appalachian State,Charleston,2026,232,76,62,,Southern,Southern,,,,,,
253492127,2005-12-15,19:00,2006,regular,,final,Charleston Southern,Southern Wesleyan,2127,2576,93,70,,Big South,,,,,,,
253492542,2005-12-15,19:00,2006,regular,,final,Savannah State,Louisiana,2542,309,40,68,,,Sun Belt,,,,,,
253492579,2005-12-15,19:00,2006,regular,,final,South Carolina,Ohio,2579,195,77,49,,SEC,MAC,,,,,,
253492633,2005-12-15,19:00,2006,regular,,final,Tennessee,Louisiana Tech,2633,2348,83,59,,SEC,WAC,,,,,,
253490194,2005-12-15,19:30,2006,regular,,final,Ohio State,LSU,194,99,48,64,,Big Ten,SEC,,,,,,
253492377,2005-12-15,20:00,2006,regular,,final,McNeese,Mobile,2377,2920,72,61,,,,,,,,,
253492443,2005-12-15,20:00,2006,regular,,final,New Orleans,Mississippi State,2443,344,59,79,,Sun Belt,SEC,,,,,,AT TYLER TX
253492447,2005-12-15,20:00,2006,regular,,final,Nicholls,Arkansas,2447,8,40,75,,,SEC,,,,,,
253492641,2005-12-15,20:00,2006,regular,,final,Texas Tech,Oral Roberts,2641,198,99,58,,Big 12,,,,,,,
253490071,2005-12-15,20:05,2006,regular,,final,Bradley,Saint Mary's,71,2608,55,60,,MVC,WCC,,,,,,
253490304,2005-12-15,21:05,2006,regular,,final,Idaho State,Oregon,304,2483,69,89,,Big Sky,Pac-12,,,,,,
253490278,2005-12-15,22:00,2006,regular,,final,Fresno State,Arizona State,278,9,52,68,,WAC,Pac-12,,,,,,
253490331,2005-12-15,22:05,2006,regular,,final,Eastern Washington,Santa Clara,331,2541,54,85,,Big Sky,WCC,,,,,,
253502210,2005-12-16,14:00,2006,regular,,final,Elon,Chattanooga,2210,236,36,49,,Southern,Southern,,,,,,
253502653,2005-12-16,15:00,2006,regular,,final,Troy,UT Arlington,2653,250,54,65,,Sun Belt,WAC,,,,,,UCF HOLIDAY CLASSIC AT ORLANDO FL
253502116,2005-12-16,17:00,2006,regular,,final,UCF,Central Michigan,2116,2117,57,48,,C-USA,MAC,,,,,,UCF HOLIDAY CLASSIC
253500276,2005-12-16,18:00,2006,regular,,final,Marshall,East Carolina,276,151,57,54,,C-USA,C-USA,,,,,,
253502335,2005-12-16,18:00,2006,regular,,final,Liberty,SMU,2335,2567,71,61,,Big South,C-USA,,,,,,
253502449,2005-12-16,19:00,2006,regular,,final,North Dakota State,Minnesota Duluth,2449,134,62,70,,,,,,,,,
253502454,2005-12-16,19:00,2006,regular,,final,North Florida,Bethune-Cookman,2454,2065,47,45,,ASUN,MEAC,,,,,,
253500030,2005-12-16,20:00,2006,regular,,final,USC,Cal State Fullerton,30,2239,94,54,,Pac-12,Big West,,,,,,
253500235,2005-12-16,20:00,2006,regular,,final,Memphis,Ole Miss,235,145,81,87,,C-USA,SEC,,,,,,
253502571,2005-12-16,20:00,2006,regular,,final,South Dakota State,Texas State,2571,326,67,51,,,Sun Belt,,,,,,
253500149,2005-12-16,21:05,2006,regular,,final,Montana,Miami,149,2390,83,74,,Big Sky,ACC,,,,,,
253500253,2005-12-16,21:05,2006,regular,,final,Southern Utah,Eastern Oregon,253,2202,76,55,,WAC,,,,,,,
253500021,2005-12-16,22:00,2006,regular,,final,San Diego State,Portland State,21,2502,75,71,,Mountain West,Big Sky,,,,,,
253502492,2005-12-16,22:00,2006,regular,,final,Pepperdine,Southern,2492,2582,64,53,,WCC,SWAC,,,,,,
253502539,2005-12-16,22:00,2006,regular,,final,San Francisco,Denver,2539,2172,64,59,,WCC,Sun Belt,,,,,,
253510045,2005-12-17,12:00,2006,regular,,final,George Washington,Maine,45,311,57,47,,A 10,Am. East,,,,,,
253512182,2005-12-17,13:00,2006,regular,,final,Drexel,UMBC,2182,2378,65,58,,CAA,Am. East,,,,,,
253512750,2005-12-17,13:00,2006,regular,,final,Wright State,Ball State,2750,2050,77,74,,Horizon,MAC,,,,,,
253512754,2005-12-17,13:05,2006,regular,,final,Youngstown State,Indiana State,2754,282,57,96,,Horizon,MVC,,,,,,
253510050,2005-12-17,14:00,2006,regular,,final,Florida A&M,Stetson,50,56,58,49,,MEAC,ASUN,,,,,,
253510119,2005-12-17,14:00,2006,regular,,final,Towson,St. Francis Brooklyn,119,2597,48,45,,CAA,NEC,,,,,,
253510153,2005-12-17,14:00,2006,regular,,final,North Carolina,Coastal Carolina,153,324,98,41,,ACC,Big South,,,,,,
253510179,2005-12-17,14:00,2006,regular,,final,St. Bonaventure,Canisius,179,2099,67,77,,A 10,MAAC,,,,,,
253512113,2005-12-17,14:00,2006,regular,,final,Centenary,Stephen F. Austin,2113,2617,86,95,,,WAC,,,,,,
253512132,2005-12-17,14:00,2006,regular,,final,Cincinnati,Indiana,2132,84,73,59,,Big East,Big Ten,,,,,,
253512341,2005-12-17,14:00,2006,regular,,final,LIU Brooklyn,Dayton,2341,2168,46,61,,NEC,A 10,,,,,,
253512427,2005-12-17,14:00,2006,regular,,final,UNC Asheville,Sewanee,2427,2553,79,35,,Big South,,,,,,,
253512599,2005-12-17,14:00,2006,regular,,final,St. John's,Stony Brook,2599,2619,79,59,,Big East,Am. East,,,,,,
253512752,2005-12-17,14:00,2006,regular,,final,Xavier,Purdue Fort Wayne,2752,2870,77,49,,A 10,,,,,,,
253510077,2005-12-17,15:00,2006,regular,,final,Northwestern,Saint Mary's,77,2608,77,60,,Big Ten,WCC,,,,,,
253510152,2005-12-17,15:00,2006,regular,,final,NC State,Utah,152,254,62,73,,ACC,Mountain West,,,,,,DUEL IN THE DESERT AT LAS VEGAS NV
253510231,2005-12-17,15:00,2006,regular,,final,Furman,Davidson,231,2166,65,61,,Southern,Southern,,,,,,
253510349,2005-12-17,15:00,2006,regular,,final,Army,Baylor,349,239,68,85,,Patriot,Big 12,,,,,,
253512751,2005-12-17,15:00,2006,regular,,final,Wyoming,Chadron State,2751,2123,75,39,,Mountain West,,,,,,,
253512739,2005-12-17,15:30,2006,regular,,final,Green Bay,Lewis,2739,2332,103,53,,Horizon,,,,,,,
253510002,2005-12-17,16:00,2006,regular,,final,Auburn,Louisiana,2,309,65,55,,SEC,Sun Belt,,,,,,
253512142,2005-12-17,16:00,2006,regular,,final,Colgate,Cornell,2142,172,69,76,,Patriot,Ivy,,,,,,
253512261,2005-12-17,16:00,2006,regular,,final,Hampton,William & Mary,2261,2729,57,66,,MEAC,CAA,,,,,,
253512320,2005-12-17,16:00,2006,regular,,final,Lamar,Huston-Tillotson,2320,2281,87,64,,,,,,,,,
253512344,2005-12-17,16:00,2006,regular,,final,Longwood,Morgan State,2344,2415,91,78,,,MEAC,,,,,,
253512542,2005-12-17,16:00,2006,regular,,final,Savannah State,Georgia State,2542,2247,52,76,,,CAA,,,,,,
253510085,2005-12-17,16:30,2006,regular,,final,IUPUI,Eastern Illinois,85,2197,63,70,,Horizon,,,,,,,
253510013,2005-12-17,17:00,2006,regular,,final,Cal Poly,New Mexico State,13,166,63,65,,Big West,WAC,,,,,,
253510066,2005-12-17,17:00,2006,regular,,final,Iowa State,Northern Iowa,66,2460,61,54,,Big 12,MVC,,,,,,
253510140,2005-12-17,17:00,2006,regular,,final,Kansas City,Wichita State,140,2724,62,74,,,MVC,,,,,,
253510278,2005-12-17,17:00,2006,regular,,final,Fresno State,Arizona,278,12,81,70,,WAC,Pac-12,,,,,,
253510299,2005-12-17,17:00,2006,regular,,final,Long Beach State,Loyola Marymount,299,2351,72,81,,Big West,WCC,,,,,,
253512117,2005-12-17,17:00,2006,regular,,final,Central Michigan,Troy,2117,2653,75,63,,MAC,Sun Belt,,,,,,UCF HOLIDAY CLASSIC AT ORLANDO FL
253512501,2005-12-17,17:00,2006,regular,,final,Portland,Montana State,2501,147,88,69,,WCC,Big Sky,,,,,,
253512540,2005-12-17,17:00,2006,regular,,final,UC Santa Barbara,UCLA,2540,26,90,81,,Big West,Pac-12,,,,,,
253512579,2005-12-17,17:00,2006,regular,,final,South Carolina,South Carolina State,2579,2569,75,40,,SEC,MEAC,,,,,,
253512649,2005-12-17,17:00,2006,regular,,final,Toledo,Oakland,2649,2473,74,47,,MAC,Horizon,,,,,,
253512032,2005-12-17,17:30,2006,regular,,final,Notre Dame,Arkansas State,87,2032,77,54,,Big East,Sun Belt,,,,,,DUEL IN THE DESERT AT LAS VEGAS NV
253510252,2005-12-17,18:00,2006,regular,,final,BYU,Utah Valley,252,3084,61,54,,Mountain West,,,,,,,
253512379,2005-12-17,18:00,2006,regular,,final,Maryland-Eastern Shore,Bucknell,2379,2083,92,93,,MEAC,Patriot,,,,,,
253512046,2005-12-17,18:15,2006,regular,,final,Austin Peay,Western Kentucky,2046,98,47,70,,ASUN,Sun Belt,,,,,,
253510154,2005-12-17,18:30,2006,regular,,final,Wake Forest,Coppin State,154,2154,80,51,,ACC,MEAC,,,,,,
253510024,2005-12-17,19:00,2006,regular,,final,Stanford,Rice,24,242,83,53,,Pac-12,C-USA,,,,,,
253510127,2005-12-17,19:00,2006,regular,,final,Michigan State,Houston,127,248,76,53,,Big Ten,C-USA,,,,,,
253510130,2005-12-17,19:00,2006,regular,,final,Michigan,Nebraska,130,158,49,69,,Big Ten,Big 12,,,,,,
253510183,2005-12-17,19:00,2006,regular,,final,Syracuse,Binghamton,183,2066,52,74,,Big East,Am. East,,,,,,
253512029,2005-12-17,19:00,2006,regular,,final,Arkansas-Pine Bluff,Tennessee State,2029,2634,69,65,,SWAC,,,,,,,
253512116,2005-12-17,19:00,2006,regular,,final,UCF,UT Arlington,2116,250,22,65,,C-USA,WAC,,,,,,UCF HOLIDAY CLASSIC
253512226,2005-12-17,19:00,2006,regular,,final,Florida Atlantic,Florida State,2226,52,63,76,,ASUN,ACC,,,,,,
253512309,2005-12-17,19:00,2006,regular,,final,Alcorn State,Kent State,2016,2309,59,82,,SWAC,MAC,,,,,,FLINT HILLS RESOURCES ISLANDER CLASSIC AT CORPUS C
253512368,2005-12-17,19:00,2006,regular,,final,Marist,Harvard,2368,108,44,39,,MAAC,Ivy,,,,,,
253512184,2005-12-17,19:05,2006,regular,,final,Duquesne,West Virginia,2184,277,61,77,,A 10,Big East,,,,,,
253510314,2005-12-17,19:30,2006,regular,,final,Iona,Sacred Heart,314,2529,78,79,,MAAC,NEC,,,,,,
253512217,2005-12-17,19:30,2006,regular,,final,Fairfield,Vermont,2217,261,83,80,,MAAC,Am. East,,,,,,
253510305,2005-12-17,20:00,2006,regular,,final,DePaul,St. Francis (PA),305,2598,99,61,,Big East,NEC,,,,,,
253512439,2005-12-17,20:00,2006,regular,,final,UNLV,Jackson State,2439,2296,73,39,,Mountain West,SWAC,,,,,,DUEL IN THE DESERT
253512440,2005-12-17,20:05,2006,regular,,final,Nevada,Sacramento State,2440,16,63,52,,WAC,Big Sky,,,,,,
253512692,2005-12-17,21:00,2006,regular,,final,Weber State,Utah State,2692,328,77,69,,Big Sky,WAC,,,,,,
253500062,2005-12-17,21:30,2006,regular,,final,Hawai'i,Campbell,62,2097,80,64,,WAC,ASUN,,,,,,
253510357,2005-12-17,21:30,2006,regular,,final,Texas A&M-Corpus Christi,Birmingham-Southern,357,3,68,58,,,Big South,,,,,,FLINT HILLS RESOURCES ISLANDER CLASSIC
253510204,2005-12-17,22:00,2006,regular,,final,Oregon State,South Alabama,204,6,66,29,,Pac-12,Sun Belt,,,,,,
253510300,2005-12-17,22:00,2006,regular,,final,UC Irvine,SE Louisiana,300,2545,82,75,,Big West,,,,,,,
253510245,2005-12-17,22:30,2006,regular,,final,Texas A&M,Detroit Mercy,245,2174,69,52,,Big 12,Horizon,,,,,,DUEL IN THE DESERT AT LAS VEGAS NV
253512541,2005-12-17,22:30,2006,regular,,final,Santa Clara,San José State,2541,23,81,70,,WCC,WAC,,,,,,
253522710,2005-12-18,,2006,regular,,final,Western Illinois,Illinois-Springfield,2710,542,109,38,,,,,,,,,
253520103,2005-12-18,12:00,2006,regular,,final,Boston College,Boston University,103,104,66,49,,ACC,Am. East,,,,,,
253522514,2005-12-18,12:00,2006,regular,,final,Quinnipiac,Manhattan,2514,2363,66,58,,NEC,MAAC,,,,,,
253520096,2005-12-18,13:00,2006,regular,,final,Kentucky,LSU,96,99,36,66,,SEC,SEC,,,,,,
253520356,2005-12-18,13:00,2006,regular,,final,Illinois,Oklahoma,356,201,86,75,,Big Ten,Big 12,,,,,,
253522429,2005-12-18,13:00,2006,regular,,final,Charlotte,Old Dominion,2429,295,69,79,,A 10,CAA,,,,,,
253520055,2005-12-18,14:00,2006,regular,,final,Jacksonville State,Murray State,55,93,77,78,,ASUN,MVC,,,,,,
253520151,2005-12-18,14:00,2006,regular,,final,East Carolina,James Madison,151,256,51,74,,C-USA,CAA,,,,,,
253520193,2005-12-18,14:00,2006,regular,,final,Miami (OH),Seton Hall,193,2550,55,46,,MAC,Big East,,,,,,
253520257,2005-12-18,14:00,2006,regular,,final,Richmond,Virginia,257,258,45,66,,A 10,ACC,,,,,,
253520350,2005-12-18,14:00,2006,regular,,final,UNC Wilmington,Ohio,350,195,60,55,,CAA,MAC,,,,,,
253522084,2005-12-18,14:00,2006,regular,,final,Buffalo,Northeastern,2084,111,87,59,,MAC,CAA,,,,,,
253522305,2005-12-18,14:00,2006,regular,,final,Kansas,Florida International,2305,2229,73,65,,Big 12,Sun Belt,,,,,,
253520008,2005-12-18,15:00,2006,regular,,final,Arkansas,UT Rio Grande Valley,8,292,74,44,,SEC,,,,,,,
253520145,2005-12-18,15:00,2006,regular,,final,Ole Miss,Nicholls,145,2447,90,45,,SEC,,,,,,,
253520228,2005-12-18,15:00,2006,regular,,final,Clemson,Wagner,228,2681,94,66,,ACC,NEC,,,,,,
253520251,2005-12-18,15:00,2006,regular,,final,Texas,North Texas,251,249,69,49,,Big 12,Sun Belt,,,,,,
253520269,2005-12-18,15:00,2006,regular,,final,Marquette,Milwaukee,269,270,70,62,,Big East,Horizon,,,,,,
253522031,2005-12-18,15:00,2006,regular,,final,Little Rock,UL Monroe,2031,2433,53,56,,Sun Belt,Sun Belt,,,,,,
253522032,2005-12-18,15:00,2006,regular,,final,Arkansas State,NC State,2032,152,59,80,,Sun Belt,ACC,,,,,,DUEL IN THE DESERT
253522571,2005-12-18,15:00,2006,regular,,final,South Dakota State,Alabama,2571,333,78,69,,,SEC,,,,,,
253522655,2005-12-18,15:00,2006,regular,,final,Tulane,Central Connecticut,2655,2115,72,60,,C-USA,NEC,,,,,,
253520071,2005-12-18,15:05,2006,regular,,final,Bradley,Saint Louis,71,139,77,65,,MVC,A 10,,,,,,
253522294,2005-12-18,15:05,2006,regular,,final,Iowa,Drake,2294,2181,92,72,,Big Ten,MVC,,,,,,
253522638,2005-12-18,15:05,2006,regular,,final,UTEP,Illinois State,2638,2287,71,83,,C-USA,MVC,,,,,,
253522674,2005-12-18,15:05,2006,regular,,final,Valparaiso,Loyola Chicago,2674,2350,83,50,,MVC,Horizon,,,,,,
253520036,2005-12-18,16:00,2006,regular,,final,Colorado State,Northern Colorado,36,2458,81,66,,Mountain West,Big Sky,,,,,,
253520059,2005-12-18,16:00,2006,regular,,final,Georgia Tech,Tulsa,59,202,54,38,,ACC,C-USA,,,,,,
253522535,2005-12-18,16:00,2006,regular,,final,Samford,Southeast Missouri State,2535,2546,91,76,,Southern,,,,,,,
253520003,2005-12-18,17:00,2006,regular,,final,Birmingham-Southern,Alcorn State,3,2016,75,73,,Big South,SWAC,,,,,,FLINT HILLS RESOURCES ISLANDER C
253520279,2005-12-18,17:00,2006,regular,,final,Pacific,Wofford,279,2747,70,56,,Big West,Southern,,,,,,
253520301,2005-12-18,17:00,2006,regular,,final,San Diego,Boise State,301,68,51,68,,WCC,WAC,,,,,,
253522250,2005-12-18,17:00,2006,regular,,final,Gonzaga,Montana,2250,149,60,72,,WCC,Big Sky,,,,,,
253522460,2005-12-18,17:05,2006,regular,,final,Northern Iowa,Chicago State,2460,2130,60,53,,MVC,,,,,,,
253520087,2005-12-18,17:30,2006,regular,,final,Notre Dame,Utah,87,254,68,55,,Big East,Mountain West,,,,,,DUEL IN THE DESERT
253520142,2005-12-18,19:00,2006,regular,,final,Missouri,Southern Illinois,142,79,96,69,,Big 12,MVC,,,,,,
253522393,2005-12-18,19:00,2006,regular,,final,Middle Tennessee,Penn State,2393,213,79,65,,Sun Belt,Big Ten,,,,,,BLAZER INVITATIONAL AT BIRMINGHAM AL
253520357,2005-12-18,19:30,2006,regular,,final,Texas A&M-Corpus Christi,Kent State,357,2309,68,48,,,MAC,,,,,,FLINT HILLS RESOURCES ISLANDER C
253522174,2005-12-18,20:00,2006,regular,,final,Detroit Mercy,Jackson State,2174,2296,78,64,,Horizon,SWAC,,,,,,DUEL IN THE DESERT
253522534,2005-12-18,20:00,2006,regular,,final,Sam Houston,Prairie View A&M,2534,2504,74,57,,WAC,SWAC,,,,,,
253520005,2005-12-18,21:00,2006,regular,,final,UAB,Alabama A&M,5,2010,82,77,,C-USA,SWAC,,,,,,BLAZER INVITATIONAL
253522439,2005-12-18,22:30,2006,regular,,final,UNLV,Texas A&M,2439,245,48,73,,Mountain West,Big 12,,,,,,DUEL IN THE DESERT
253530154,2005-12-19,11:00,2006,regular,,final,Wake Forest,Lipscomb,154,288,101,38,,ACC,ASUN,,,,,,
253532443,2005-12-19,12:00,2006,regular,,final,Mercer,New Orleans,2382,2443,62,70,,ASUN,Sun Belt,,,,,,AT TYLER TX
253530259,2005-12-19,13:00,2006,regular,,final,Western Michigan,Virginia Tech,2711,259,65,69,,MAC,ACC,,,,,,CARIBBEAN CLASSIC II AT PLAYA DEL CARMEN MEXICO
253532430,2005-12-19,14:00,2006,regular,,final,UNC Greensboro,Davidson,2430,2166,57,69,,Southern,Southern,,,,,,
253532641,2005-12-19,15:30,2006,regular,,final,Texas Tech,Louisville,2641,97,68,57,,Big 12,Big East,,,,,,CARIBBEAN CLASSIC II AT PLAYA DEL CARMEN MEXICO
253532010,2005-12-19,17:00,2006,regular,,final,Alabama A&M,Penn State,2010,213,58,80,,SWAC,Big Ten,,,,,,BLAZER INVITATIONAL AT BIRMINGHAM AL
253532426,2005-12-19,17:00,2006,regular,,final,Navy,St. Bonaventure,2426,179,48,57,,Patriot,A 10,,,,,,
253532086,2005-12-19,17:30,2006,regular,,final,Butler,Evansville,2086,339,83,78,,Horizon,MVC,,,,,,
253532509,2005-12-19,17:30,2006,regular,,final,Purdue,Centenary,2509,2113,70,48,,Big Ten,,,,,,,MISSISSIPPI STATE CLASSIC AT STARKVILLE MS
253530058,2005-12-19,18:00,2006,regular,,final,South Florida,PR Mayaguez,58,2503,121,41,,Big East,,,,,,,SAN JUAN SHOOTOUT AT SAN JUAN PR
253532247,2005-12-19,18:00,2006,regular,,final,Georgia State,Hampton,2247,2261,64,59,,CAA,MEAC,,,,,,
253530116,2005-12-19,18:30,2006,regular,,final,Mount St. Mary's,Oral Roberts,116,198,78,94,,NEC,,,,,,,FUN IN THE SUN SHOOTOUT AT RIVIERA MAYA MEXICO
253530005,2005-12-19,19:00,2006,regular,,final,UAB,Middle Tennessee,5,2393,71,69,,C-USA,Sun Belt,,,,,,BLAZER INVITATIONAL
253530041,2005-12-19,19:00,2006,regular,,final,UConn,Holy Cross,41,107,81,54,,Big East,Patriot,,,,,,AT HARTFORD CT
253530056,2005-12-19,19:00,2006,regular,,final,Stetson,Bethune-Cookman,56,2065,68,51,,ASUN,MEAC,,,,,,
253530057,2005-12-19,19:00,2006,regular,,final,Florida,UT Arlington,57,250,59,49,,SEC,WAC,,,,,,
253530150,2005-12-19,19:00,2006,regular,,final,Duke,Ball State,150,2050,110,24,,ACC,MAC,,,,,,
253530218,2005-12-19,19:00,2006,regular,,final,Temple,Georgia,218,61,69,66,,A 10,SEC,,,,,,
253530277,2005-12-19,19:00,2006,regular,,final,West Virginia,Cleveland State,277,325,82,39,,Big East,Horizon,,,,,,
253530294,2005-12-19,19:00,2006,regular,,final,Jacksonville,Central Michigan,294,2117,54,66,,ASUN,MAC,,,,,,
253530349,2005-12-19,19:00,2006,regular,,final,Army,Gardner-Webb,349,2241,67,54,,Patriot,ASUN,,,,,,
253532006,2005-12-19,19:00,2006,regular,,final,Akron,Youngstown State,2006,2754,50,58,,MAC,Horizon,,,,,,
253532026,2005-12-19,19:00,2006,regular,,final,Appalachian State,Elon,2026,2210,66,63,,Southern,Southern,,,,,,
253532066,2005-12-19,19:00,2006,regular,,final,Binghamton,Colgate,2066,2142,82,61,,Am. East,Patriot,,,,,,
253532169,2005-12-19,19:00,2006,regular,,final,Delaware State,Yale,2169,43,58,48,,MEAC,Ivy,,,,,,
253532272,2005-12-19,19:00,2006,regular,,final,High Point,Western Carolina,2272,2717,89,87,,Big South,Southern,,,,,,
253532450,2005-12-19,19:00,2006,regular,,final,Norfolk State,Liberty,2450,2335,50,75,,MEAC,Big South,,,,,,
253532515,2005-12-19,19:00,2006,regular,,final,Radford,Belmont,2515,2057,71,67,,Big South,ASUN,,,,,,
253532579,2005-12-19,19:00,2006,regular,,final,South Carolina,Savannah State,2579,2542,94,37,,SEC,,,,,,,
253530119,2005-12-19,19:30,2006,regular,,final,Towson,Kennesaw State,119,338,67,52,,CAA,ASUN,,,,,,
253530038,2005-12-19,20:00,2006,regular,,final,Colorado,Northern Arizona,38,2464,83,84,,Big 12,Big Sky,,,,,,SAN JUAN SHOOTOUT AT SAN JUAN PR
253530066,2005-12-19,20:00,2006,regular,,final,Iowa State,UC Riverside,66,27,65,40,,Big 12,Big West,,,,,,
253530098,2005-12-19,20:00,2006,regular,,final,Western Kentucky,Tennessee Tech,98,2635,81,69,,Sun Belt,,,,,,,
253530197,2005-12-19,20:00,2006,regular,,final,Oklahoma State,Memphis,197,235,91,42,,Big 12,C-USA,,,,,,
253530248,2005-12-19,20:00,2006,regular,,final,Houston,Dartmouth,248,159,69,76,,C-USA,Ivy,,,,,,
253530344,2005-12-19,20:00,2006,regular,,final,Mississippi State,Morehead State,344,2413,78,65,,SEC,,,,,,,MISSISSIPPI STATE CLASSIC
253532463,2005-12-19,20:00,2006,regular,,final,Cal State Northridge,SE Louisiana,2463,2545,73,52,,Big West,,,,,,,
253532724,2005-12-19,20:00,2006,regular,,final,Wichita State,Northern Illinois,2724,2459,76,69,,MVC,MAC,,,,,,
253530156,2005-12-19,20:05,2006,regular,,final,Creighton,Kansas State,156,2306,59,69,,MVC,Big 12,,,,,,
253530009,2005-12-19,20:30,2006,regular,,final,Arizona State,UTSA,9,2636,78,64,,Pac-12,C-USA,,,,,,
253530082,2005-12-19,21:00,2006,regular,,final,UIC,Missouri State,82,2623,60,64,,Horizon,MVC,,,,,,FUN IN THE SUN SHOOTOUT AT RIVIERA MAYA MEXICO
253530328,2005-12-19,21:00,2006,regular,,final,Utah State,Wyoming,328,2751,59,73,,WAC,Mountain West,,,,,,
253530013,2005-12-19,22:00,2006,regular,,final,Cal Poly,Portland,13,2501,81,68,,Big West,WCC,,,,,,
253532239,2005-12-19,22:00,2006,regular,,final,Cal State Fullerton,Montana State,2239,147,85,84,,Big West,Big Sky,,,,,,
253532351,2005-12-19,22:00,2006,regular,,final,Loyola Marymount,Rice,2351,242,65,80,,WCC,C-USA,,,,,,
253532492,2005-12-19,22:00,2006,regular,,final,Pepperdine,Pittsburgh,2492,221,64,79,,WCC,Big East,,,,,,
253532502,2005-12-19,22:00,2006,regular,,final,Portland State,South Alabama,2502,6,68,56,,Big Sky,Sun Belt,,,,,,
253532540,2005-12-19,22:00,2006,regular,,final,UC Santa Barbara,Arizona,2540,12,86,63,,Big West,Pac-12,,,,,,
253530299,2005-12-19,22:30,2006,regular,,final,Long Beach State,Southern,299,2582,76,38,,Big West,SWAC,,,,,,
253542641,2005-12-20,13:00,2006,regular,,final,Virginia Tech,Texas Tech,259,2641,69,62,,ACC,Big 12,,,,,,CARIBBEAN CLASSIC II AT PLAYA DEL CARMEN MEXICO
253542711,2005-12-20,15:30,2006,regular,,final,Louisville,Western Michigan,97,2711,73,50,,Big East,MAC,,,,,,CARIBBEAN CLASSIC II AT PLAYA DEL CARMEN MEXICO
253540030,2005-12-20,16:00,2006,regular,,final,USC,Oregon State,30,204,72,62,,Pac-12,Pac-12,,,,,,
253540324,2005-12-20,17:00,2006,regular,,final,Coastal Carolina,Charleston,324,232,58,51,,Big South,Southern,,,,,,AT MYRTLE BEACH SC
253540399,2005-12-20,17:00,2006,regular,,final,Albany,Syracuse,399,183,52,70,,Am. East,Big East,,,,,,
253542325,2005-12-20,17:00,2006,regular,,final,La Salle,Villanova,2325,222,57,58,,A 10,Big East,,,,,,
253542113,2005-12-20,17:30,2006,regular,,final,Centenary,Morehead State,2113,2413,51,67,,,,,,,,,MISSISSIPPI STATE CLASSIC AT STARKVILLE MS
253542198,2005-12-20,17:30,2006,regular,,final,Eastern Kentucky,Indiana State,2198,282,81,96,,ASUN,MVC,,,,,,
253540172,2005-12-20,18:00,2006,regular,,final,Cornell,Bucknell,172,2083,57,62,,Ivy,Patriot,,,,,,
253542099,2005-12-20,18:00,2006,regular,,final,Canisius,Northeastern,2099,111,77,80,,MAAC,CAA,,,,,,
253542464,2005-12-20,18:00,2006,regular,,final,Northern Arizona,South Florida,2464,58,55,60,,Big Sky,Big East,,,,,,SAN JUAN SHOOTOUT AT SAN JUAN PR
253540082,2005-12-20,18:30,2006,regular,,final,UIC,Mount St. Mary's,82,116,83,67,,Horizon,NEC,,,,,,FUN IN THE SUN SHOOTOUT AT RIVIERA MAYA MEXICO
253540045,2005-12-20,19:00,2006,regular,,final,George Washington,Yale,45,43,88,37,,A 10,Ivy,,,,,,
253540048,2005-12-20,19:00,2006,regular,,final,Delaware,Georgetown,48,46,65,43,,CAA,Big East,,,,,,
253540055,2005-12-20,19:00,2006,regular,,final,Jacksonville State,Southeast Missouri State,55,2546,76,83,,ASUN,,,,,,,
253540059,2005-12-20,19:00,2006,regular,,final,Georgia Tech,Longwood,59,2344,81,41,,ACC,,,,,,,
253540084,2005-12-20,19:00,2006,regular,,final,Indiana,North Florida,84,2454,68,46,,Big Ten,ASUN,,,,,,
253540153,2005-12-20,19:00,2006,regular,,final,North Carolina,Vanderbilt,153,238,87,67,,ACC,SEC,,,,,,
253540194,2005-12-20,19:00,2006,regular,,final,Ohio State,Sacred Heart,194,2529,84,40,,Big Ten,NEC,,,,,,
253540228,2005-12-20,19:00,2006,regular,,final,Clemson,Winthrop,228,2737,52,51,,ACC,Big South,,,,,,
253540231,2005-12-20,19:00,2006,regular,,final,Furman,Auburn,231,2,42,86,,Southern,SEC,,,,,,
253540256,2005-12-20,19:00,2006,regular,,final,James Madison,Charleston Southern,256,2127,86,31,,CAA,Big South,,,,,,
253540258,2005-12-20,19:00,2006,regular,,final,Virginia,Marshall,258,276,67,35,,ACC,C-USA,,,,,,
253542116,2005-12-20,19:00,2006,regular,,final,UCF,Miami,2116,2390,72,82,,C-USA,ACC,,,,,,
253542132,2005-12-20,19:00,2006,regular,,final,Cincinnati,Toledo,2132,2649,70,60,,Big East,MAC,,,,,,
253542168,2005-12-20,19:00,2006,regular,,final,Dayton,UT Martin,2168,2630,76,62,,A 10,,,,,,,
253542272,2005-12-20,19:00,2006,regular,,final,High Point,Presbyterian,2272,2506,65,60,,Big South,Big South,,,,,,
253542427,2005-12-20,19:00,2006,regular,,final,UNC Asheville,North Carolina A&T,2427,2448,80,62,,Big South,MEAC,,,,,,
253542473,2005-12-20,19:00,2006,regular,,final,Oakland,Buffalo,2473,2084,82,80,,Horizon,MAC,,,,,,
253542534,2005-12-20,19:00,2006,regular,,final,Sam Houston,Texas-Tyler,2534,3086,83,46,,WAC,,,,,,,
253542633,2005-12-20,19:00,2006,regular,,final,Tennessee,Princeton,2633,163,107,39,,SEC,Ivy,,,,,,
253542681,2005-12-20,19:00,2006,regular,,final,Wagner,Iona,2681,314,58,67,,NEC,MAAC,,,,,,
253542750,2005-12-20,19:00,2006,regular,,final,Wright State,Seton Hall,2750,2550,48,64,,Horizon,Big East,,,,,,
253542870,2005-12-20,19:00,2006,regular,,final,Purdue Fort Wayne,UMBC,2870,2378,53,75,,,Am. East,,,,,,
253542466,2005-12-20,19:30,2006,regular,,final,Northwestern State,Eastern Washington,2466,331,72,61,,,Big Sky,,,,,,
253540099,2005-12-20,20:00,2006,regular,,final,LSU,Tulane,99,2655,89,60,,SEC,C-USA,,,,,,
253540142,2005-12-20,20:00,2006,regular,,final,Missouri,Alabama State,142,2011,68,62,,Big 12,SWAC,,,,,,
253540248,2005-12-20,20:00,2006,regular,,final,Houston,Prairie View A&M,248,2504,78,67,,C-USA,SWAC,,,,,,
253540249,2005-12-20,20:00,2006,regular,,final,North Texas,UC Irvine,249,300,90,59,,Sun Belt,Big West,,,,,,
253540292,2005-12-20,20:00,2006,regular,,final,UT Rio Grande Valley,Schreiner,292,2544,92,49,,,,,,,,,
253540344,2005-12-20,20:00,2006,regular,,final,Mississippi State,Purdue,344,2509,42,61,,SEC,Big Ten,,,,,,MISSISSIPPI STATE CLASSIC
253542046,2005-12-20,20:00,2006,regular,,final,Austin Peay,Chattanooga,2046,236,51,60,,ASUN,Southern,,,,,,
253542348,2005-12-20,20:00,2006,regular,,final,Louisiana Tech,Ole Miss,2348,145,84,71,,WAC,SEC,,,,,,
253542350,2005-12-20,20:00,2006,regular,,final,Loyola Chicago,DePaul,2350,305,48,96,,Horizon,Big East,,,,,,
253542377,2005-12-20,20:00,2006,regular,,final,McNeese,Louisiana College,2377,2347,80,45,,,,,,,,,
253542449,2005-12-20,20:00,2006,regular,,final,North Dakota State,Alabama,2449,333,68,56,,,SEC,,,,,,
253542503,2005-12-20,20:00,2006,regular,,final,Colorado,PR Mayaguez,38,2503,90,42,,Big 12,,,,,,,SAN JUAN SHOOTOUT AT SAN JUAN PR
253542535,2005-12-20,20:00,2006,regular,,final,Samford,Murray State,2535,93,83,67,,Southern,MVC,,,,,,
253542567,2005-12-20,20:00,2006,regular,,final,SMU,TCU,2567,2628,68,79,,C-USA,Mountain West,,,,,,
253542653,2005-12-20,20:00,2006,regular,,final,Troy,Georgia Southern,2653,290,74,71,,Sun Belt,Southern,,,,,,
253540016,2005-12-20,20:05,2006,regular,,final,Sacramento State,Wofford,16,2747,71,57,,Big Sky,Southern,,,,,,
253540158,2005-12-20,20:05,2006,regular,,final,Nebraska,Texas State,158,326,96,47,,Big 12,Sun Belt,,,,,,
253540253,2005-12-20,20:05,2006,regular,,final,Southern Utah,Utah Valley,253,3084,80,74,,WAC,,,,,,,
253540021,2005-12-20,20:30,2006,regular,,final,San Diego State,Boise State,21,68,54,51,,Mountain West,WAC,,,,,,
253540198,2005-12-20,21:00,2006,regular,,final,Oral Roberts,Missouri State,198,2623,85,90,,,MVC,,,,,,FUN IN THE SUN SHOOTOUT AT RIVIERA MAYA MEXICO
253542458,2005-12-20,21:00,2006,regular,,final,Northern Colorado,Kansas City,2458,140,86,69,,Big Sky,,,,,,,
253540149,2005-12-20,21:05,2006,regular,,final,Montana,Idaho,149,70,58,50,,Big Sky,WAC,,,,,,
253540304,2005-12-20,21:05,2006,regular,,final,Idaho State,Mont St Billings,304,2407,90,70,,Big Sky,,,,,,,
253540026,2005-12-20,22:00,2006,regular,,final,UCLA,Oregon,26,2483,82,63,,Pac-12,Pac-12,,,,,,
253540264,2005-12-20,22:00,2006,regular,,final,Washington,California,264,25,62,55,,Pac-12,Pac-12,,,,,,
253540265,2005-12-20,22:00,2006,regular,,final,Washington State,Stanford,265,24,56,76,,Pac-12,Pac-12,,,,,,
253542539,2005-12-20,22:00,2006,regular,,final,San Francisco,Fresno State,2539,278,53,73,,WCC,WAC,,,,,,
253542608,2005-12-20,22:05,2006,regular,,final,Saint Mary's,UC Davis,2608,302,75,69,,WCC,Big West,,,,,,
253550057,2005-12-21,13:00,2006,regular,,final,Florida,Florida A&M,57,50,73,58,,SEC,MEAC,,,,,,
253550350,2005-12-21,14:00,2006,regular,,final,UNC Wilmington,UNC Greensboro,350,2430,65,54,,CAA,Southern,,,,,,
253552229,2005-12-21,14:00,2006,regular,,final,Florida International,Old Dominion,2229,295,80,76,,Sun Belt,CAA,,,,,,
253552463,2005-12-21,15:00,2006,regular,,final,Cal State Northridge,Portland,2463,2501,86,79,,Big West,WCC,,,,,,
253550042,2005-12-21,17:00,2006,regular,,final,Hartford,Saint Joseph's,42,2603,65,59,,Am. East,A 10,,,,,,
253550119,2005-12-21,17:00,2006,regular,,final,Towson,Loyola Maryland,119,2352,62,70,,CAA,MAAC,,,,,,
253552026,2005-12-21,17:00,2006,regular,,final,Appalachian State,East Tennessee State,2026,2193,85,73,,Southern,ASUN,,,,,,
253552754,2005-12-21,17:15,2006,regular,,final,Youngstown State,Coppin State,2754,2154,69,62,,Horizon,MEAC,,,,,,
253552464,2005-12-21,18:00,2006,regular,,final,Northern Arizona,PR Mayaguez,2464,2503,79,44,,Big Sky,,,,,,,SAN JUAN SHOOTOUT AT SAN JUAN PR
253550047,2005-12-21,19:00,2006,regular,,final,Howard,Richmond,47,257,70,78,,MEAC,A 10,,,,,,
253550103,2005-12-21,19:00,2006,regular,,final,Boston College,Niagara,103,315,101,49,,ACC,MAAC,,,,,,
253550108,2005-12-21,19:00,2006,regular,,final,Harvard,Providence,108,2507,59,70,,Ivy,Big East,,,,,,
253550277,2005-12-21,19:00,2006,regular,,final,West Virginia,Kennesaw State,277,338,100,60,,Big East,ASUN,,,,,,
253550322,2005-12-21,19:00,2006,regular,,final,Lafayette,Fairleigh Dickinson,322,161,71,59,,Patriot,NEC,,,,,,
253552199,2005-12-21,19:00,2006,regular,,final,Eastern Michigan,Utah,2199,254,67,72,,MAC,Mountain West,,,,,,
253552309,2005-12-21,19:00,2006,regular,,final,Kent State,Radford,2309,2515,87,76,,MAC,Big South,,,,,,
253552579,2005-12-21,19:00,2006,regular,,final,South Carolina,Bethune-Cookman,2579,2065,87,26,,SEC,MEAC,,,,,,
253552597,2005-12-21,19:00,2006,regular,,final,St. Francis Brooklyn,Maryland-Eastern Shore,2597,2379,66,73,,NEC,MEAC,,,,,,
253552612,2005-12-21,19:00,2006,regular,,final,Saint Peter's,Monmouth,2612,2405,71,72,,MAAC,NEC,,,,,,
253552670,2005-12-21,19:00,2006,regular,,final,VCU,Belmont,2670,2057,72,70,,CAA,ASUN,,,,,,
253552752,2005-12-21,19:00,2006,regular,,final,Xavier,Florida State,2752,52,75,68,,A 10,ACC,,,,,,
253552184,2005-12-21,19:05,2006,regular,,final,Duquesne,Robert Morris,2184,2523,63,47,,A 10,NEC,,,,,,
253550005,2005-12-21,20:00,2006,regular,,final,UAB,Western Kentucky,5,98,66,61,,C-USA,Sun Belt,,,,,,
253550008,2005-12-21,20:00,2006,regular,,final,Arkansas,New Orleans,8,2443,84,46,,SEC,Sun Belt,,,,,,
253550038,2005-12-21,20:00,2006,regular,,final,Colorado,South Florida,38,58,59,72,,Big 12,Big East,,,,,,SAN JUAN SHOOTOUT AT SAN JUAN PR
253550202,2005-12-21,20:00,2006,regular,,final,Tulsa,Stephen F. Austin,202,2617,73,66,,C-USA,WAC,,,,,,
253550245,2005-12-21,20:00,2006,regular,,final,Texas A&M,Dartmouth,245,159,62,47,,Big 12,Ivy,,,,,,
253550251,2005-12-21,20:00,2006,regular,,final,Texas,Texas A&M-Corpus Christi,251,357,77,65,,Big 12,,,,,,,
253550269,2005-12-21,20:00,2006,regular,,final,Marquette,South Dakota State,269,2571,67,55,,Big East,,,,,,,
253550339,2005-12-21,20:00,2006,regular,,final,Evansville,Central Arkansas,339,2110,70,61,,MVC,ASUN,,,,,,
253552031,2005-12-21,20:00,2006,regular,,final,Little Rock,Southern Miss,2031,2572,80,70,,Sun Belt,C-USA,,,,,,
253552130,2005-12-21,20:00,2006,regular,,final,Chicago State,Miami (OH),2130,193,61,63,,,MAC,,,,,,
253552305,2005-12-21,20:00,2006,regular,,final,Kansas,Creighton,2305,156,63,52,,Big 12,MVC,,,,,,
253552393,2005-12-21,20:00,2006,regular,,final,Middle Tennessee,Tennessee Tech,2393,2635,74,46,,Sun Belt,,,,,,,
253552447,2005-12-21,20:00,2006,regular,,final,Nicholls,Louisiana,2447,309,62,74,,,Sun Belt,,,,,,
253552181,2005-12-21,20:05,2006,regular,,final,Drake,UC Riverside,2181,27,69,51,,MVC,Big West,,,,,,
253552460,2005-12-21,20:05,2006,regular,,final,Northern Iowa,Iowa,2460,2294,54,65,,MVC,Big Ten,,,,,,
253550166,2005-12-21,21:00,2006,regular,,final,New Mexico State,New Mexico,166,167,77,79,,WAC,Mountain West,,,,,,
253550201,2005-12-21,21:00,2006,regular,,final,Oklahoma,Michigan State,201,127,60,80,,Big 12,Big Ten,,,,,,
253550252,2005-12-21,21:00,2006,regular,,final,BYU,NC State,252,152,65,67,,Mountain West,ACC,,,,,,
253550302,2005-12-21,21:00,2006,regular,,final,UC Davis,Bethany College,302,492,76,36,,Big West,,,,,,,
253552172,2005-12-21,21:00,2006,regular,,final,Denver,Gonzaga,2172,2250,60,52,,Sun Belt,WCC,,,,,,
253552638,2005-12-21,21:00,2006,regular,,final,UTEP,Texas Permian Basin,2638,3081,103,61,,C-USA,,,,,,,
253552692,2005-12-21,21:00,2006,regular,,final,Weber State,Wyoming,2692,2751,36,51,,Big Sky,Mountain West,,,,,,
253552351,2005-12-21,22:00,2006,regular,,final,Loyola Marymount,Cal Poly,2351,13,63,57,,WCC,Big West,,,,,,
253550299,2005-12-21,22:30,2006,regular,,final,Long Beach State,Pepperdine,299,2492,81,75,,Big West,WCC,,,,,,
253560059,2005-12-22,12:00,2006,regular,,final,Georgia Tech,Troy,59,2653,69,43,,ACC,Sun Belt,,,,,,
253562182,2005-12-22,13:00,2006,regular,,final,Drexel,Pennsylvania,2182,219,78,44,,CAA,Ivy,,,,,,
253562005,2005-12-22,14:00,2006,regular,,final,Air Force,Colorado Springs,2005,2145,68,56,,Mountain West,,,,,,,
253562006,2005-12-22,14:00,2006,regular,,final,Akron,Jacksonville State,2006,55,73,70,,MAC,ASUN,,,,,,
253562325,2005-12-22,14:00,2006,regular,,final,La Salle,Vanderbilt,2325,238,57,70,,A 10,SEC,,,,,,
253562400,2005-12-22,14:00,2006,regular,,final,Mississippi Valley State,Centenary,2400,2113,73,55,,SWAC,,,,,,,
253560333,2005-12-22,15:00,2006,regular,,final,Alabama,Georgia Southern,333,290,76,71,,SEC,Southern,,,,,,
253560030,2005-12-22,16:00,2006,regular,,final,USC,Oregon,30,2483,72,48,,Pac-12,Pac-12,,,,,,
253560021,2005-12-22,17:00,2006,regular,,final,San Diego State,Pittsburgh,21,221,56,78,,Mountain West,Big East,,,,,,
253560325,2005-12-22,17:00,2006,regular,,final,Cleveland State,Ohio,325,195,64,76,,Horizon,MAC,,,,,,
253562168,2005-12-22,17:00,2006,regular,,final,Dayton,Cincinnati,2168,2132,55,65,,A 10,Big East,,,,,,
253560094,2005-12-22,17:30,2006,regular,,final,Northern Kentucky,Loyola Chicago,94,2350,74,55,,Horizon,Horizon,,,,,,
253560218,2005-12-22,17:30,2006,regular,,final,Temple,Villanova,218,222,52,43,,A 10,Big East,,,,,,
253562198,2005-12-22,17:30,2006,regular,,final,Eastern Kentucky,Eastern Illinois,2198,2197,71,78,,ASUN,,,,,,,
253560139,2005-12-22,18:00,2006,regular,,final,Saint Louis,Southern Illinois,139,79,63,61,,A 10,MVC,,,,,,AT SAVVIS CENTER
253560041,2005-12-22,19:00,2006,regular,,final,UConn,Hofstra,41,2275,86,49,,Big East,CAA,,,,,,AT HARTFORD CT
253560046,2005-12-22,19:00,2006,regular,,final,Georgetown,American University,46,44,64,60,,Big East,Patriot,,,,,,
253560096,2005-12-22,19:00,2006,regular,,final,Kentucky,Tennessee State,96,2634,105,45,,SEC,,,,,,,
253560150,2005-12-22,19:00,2006,regular,,final,Duke,Colorado State,150,36,99,52,,ACC,Mountain West,,,,,,
253560183,2005-12-22,19:00,2006,regular,,final,Syracuse,Quinnipiac,183,2514,63,67,,Big East,NEC,,,,,,
253560194,2005-12-22,19:00,2006,regular,,final,Ohio State,Canisius,194,2099,90,58,,Big Ten,MAAC,,,,,,
253560213,2005-12-22,19:00,2006,regular,,final,Penn State,St. Francis (PA),213,2598,89,43,,Big Ten,NEC,,,,,,
253560245,2005-12-22,19:00,2006,regular,,final,Texas A&M,Eastern Washington,245,331,94,40,,Big 12,Big Sky,,,,,,
253562086,2005-12-22,19:00,2006,regular,,final,Butler,UMBC,2086,2378,72,66,,Horizon,Am. East,,,,,,
253562230,2005-12-22,19:00,2006,regular,,final,Fordham,Morgan State,2230,2415,71,65,,A 10,MEAC,,,,,,
253562244,2005-12-22,19:00,2006,regular,,final,George Mason,Maryland,2244,120,33,70,,CAA,ACC,,,,,,
253562348,2005-12-22,19:00,2006,regular,,final,Louisiana Tech,Alcorn State,2348,2016,77,44,,WAC,SWAC,,,,,,
253562473,2005-12-22,19:00,2006,regular,,final,Oakland,Bowling Green,2473,189,59,72,,Horizon,MAC,,,,,,
253562504,2005-12-22,19:00,2006,regular,,final,Prairie View A&M,North Texas,2504,249,52,84,,SWAC,Sun Belt,,,,,,
253562561,2005-12-22,19:00,2006,regular,,final,Siena,Vermont,2561,261,77,63,,MAAC,Am. East,,,,,,
253560077,2005-12-22,20:00,2006,regular,,final,Northwestern,DePaul,77,305,58,78,,Big Ten,Big East,,,,,,
253560135,2005-12-22,20:00,2006,regular,,final,Minnesota,Iowa State,135,66,66,61,,Big Ten,Big 12,,,,,,
253560242,2005-12-22,20:00,2006,regular,,final,Rice,Wake Forest,242,154,67,69,,C-USA,ACC,,,,,,
253560292,2005-12-22,20:00,2006,regular,,final,UT Rio Grande Valley,Texas A&M-International,292,3082,73,71,,,,,,,,,
253560356,2005-12-22,20:00,2006,regular,,final,Illinois,Illinois State,356,2287,85,74,,Big Ten,MVC,,,,,,
253562567,2005-12-22,20:00,2006,regular,,final,SMU,UC Irvine,2567,300,77,51,,C-USA,Big West,,,,,,
253562628,2005-12-22,20:00,2006,regular,,final,TCU,Arkansas State,2628,2032,91,67,,Mountain West,Sun Belt,,,,,,
253562640,2005-12-22,20:00,2006,regular,,final,Texas Southern,Sam Houston,2640,2534,61,79,,SWAC,WAC,,,,,,
253562724,2005-12-22,20:00,2006,regular,,final,Wichita State,Oklahoma State,2724,197,63,57,,MVC,Big 12,,,,,,
253560012,2005-12-22,21:00,2006,regular,,final,Arizona,Arizona State,12,9,59,83,,Pac-12,Pac-12,,,,,,
253560265,2005-12-22,21:00,2006,regular,,final,Washington State,California,265,25,47,53,,Pac-12,Pac-12,,,,,,
253560026,2005-12-22,22:00,2006,regular,,final,UCLA,Oregon State,26,204,79,64,,Pac-12,Pac-12,,,,,,
253560264,2005-12-22,22:00,2006,regular,,final,Washington,Stanford,264,24,77,72,,Pac-12,Pac-12,,,,,,
253560016,2005-12-22,22:05,2006,regular,,final,Sacramento State,Pacific,16,279,76,66,,Big Sky,Big West,,,,,,
253572870,2005-12-23,13:00,2006,regular,,final,Purdue Fort Wayne,Winthrop,2870,2737,44,60,,,Big South,,,,,,
253570179,2005-12-23,14:00,2006,regular,,final,St. Bonaventure,Michigan,179,130,60,68,,A 10,Big Ten,,,,,,
253570228,2005-12-23,15:00,2006,regular,,final,Clemson,Savannah State,228,2542,97,62,,ACC,,,,,,,
253572250,2005-12-23,17:00,2006,regular,,final,Gonzaga,San José State,2250,23,68,53,,WCC,WAC,,,,,,
253572612,2005-12-23,19:00,2006,regular,,final,Saint Peter's,Howard,2612,47,75,67,,MAAC,MEAC,,,,,,
253570275,2005-12-23,20:00,2006,regular,,final,Wisconsin,Western Illinois,275,2710,61,70,,Big Ten,,,,,,,
253572294,2005-12-23,20:05,2006,regular,,final,Iowa,Creighton,2294,156,74,64,,Big Ten,MVC,,,,,,
253612130,2005-12-27,20:00,2006,regular,,final,Chicago State,Southern Utah,2130,253,65,53,,,WAC,,,,,,
253620087,2005-12-28,14:00,2006,regular,,final,Notre Dame,Valparaiso,87,2674,58,50,,Big East,MVC,,,,,,
253620103,2005-12-28,14:00,2006,regular,,final,Boston College,Stanford,103,24,77,69,,ACC,Pac-12,,,,,,
253622603,2005-12-28,14:00,2006,regular,,final,Saint Joseph's,Iona,2603,314,52,50,,A 10,MAAC,,,,,,HAWK CLASSIC
253620058,2005-12-28,16:00,2006,regular,,final,South Florida,North Florida,58,2454,87,49,,Big East,ASUN,,,,,,
253620189,2005-12-28,16:00,2006,regular,,final,Bowling Green,Delaware,189,48,44,48,,MAC,CAA,,,,,,HAWK CLASSIC AT PHILADELPHIA PA
253620104,2005-12-28,16:30,2006,regular,,final,Boston University,Holy Cross,104,107,62,80,,Am. East,Patriot,,,,,,CAVALIER CLASSIC AT CHARLOTTESVILLE VA
253620311,2005-12-28,17:00,2006,regular,,final,Maine,Ole Miss,311,145,52,72,,Am. East,SEC,,,,,,HURRICANE HOLIDAY TOURNAMENT AT CORAL GABLES FL
253620357,2005-12-28,17:00,2006,regular,,final,Texas A&M-Corpus Christi,Marshall,357,276,69,48,,,C-USA,,,,,,LADY LUCK CLASSIC AT BLACKSBURG VA
253622084,2005-12-28,17:00,2006,regular,,final,Buffalo,Bucknell,2084,2083,63,74,,MAC,Patriot,,,,,,
253622426,2005-12-28,17:00,2006,regular,,final,Navy,Radford,2426,2515,71,65,,Patriot,Big South,,,,,,
253622463,2005-12-28,17:00,2006,regular,,final,Santa Clara,Cal State Northridge,2541,2463,96,77,,WCC,Big West,,,,,,
253622561,2005-12-28,18:00,2006,regular,,final,Siena,St. Bonaventure,2561,179,72,47,,MAAC,A 10,,,,,,AT ALBANY NY
253620057,2005-12-28,19:00,2006,regular,,final,Florida,Rhode Island,57,227,76,62,,SEC,A 10,,,,,,STATE FARM CLASSIC
253620096,2005-12-28,19:00,2006,regular,,final,Kentucky,Louisville,96,97,55,64,,SEC,Big East,,,,,,
253620108,2005-12-28,19:00,2006,regular,,final,Harvard,Hofstra,108,2275,68,82,,Ivy,CAA,,,,,,
253620116,2005-12-28,19:00,2006,regular,,final,Mount St. Mary's,Princeton,116,163,56,73,,NEC,Ivy,,,,,,
253620218,2005-12-28,19:00,2006,regular,,final,Temple,Tennessee,218,2633,50,75,,A 10,SEC,,,,,,
253620257,2005-12-28,19:00,2006,regular,,final,Richmond,Wake Forest,257,154,65,57,,A 10,ACC,,,,,,
253620258,2005-12-28,19:00,2006,regular,,final,Virginia,Yale,258,43,92,41,,ACC,Ivy,,,,,,CAVALIER CLASSIC
253620259,2005-12-28,19:00,2006,regular,,final,Virginia Tech,Longwood,259,2344,89,70,,ACC,,,,,,,LADY LUCK CLASSIC
253620325,2005-12-28,19:00,2006,regular,,final,Cleveland State,Robert Morris,325,2523,54,65,,Horizon,NEC,,,,,,
253622116,2005-12-28,19:00,2006,regular,,final,UCF,Quinnipiac,2116,2514,55,71,,C-USA,NEC,,,,,,
253622117,2005-12-28,19:00,2006,regular,,final,Central Michigan,Saint Louis,2117,139,65,55,,MAC,A 10,,,,,,
253622142,2005-12-28,19:00,2006,regular,,final,Colgate,Niagara,2142,315,75,47,,Patriot,MAAC,,,,,,
253622193,2005-12-28,19:00,2006,regular,,final,East Tennessee State,Southeast Missouri State,2193,2546,81,74,,ASUN,,,,,,,
253622226,2005-12-28,19:00,2006,regular,,final,Florida Atlantic,Georgetown,2226,46,62,71,,ASUN,Big East,,,,,,
253622230,2005-12-28,19:00,2006,regular,,final,Fordham,Florida State,2230,52,50,73,,A 10,ACC,,,,,,
253622390,2005-12-28,19:00,2006,regular,,final,Miami,North Carolina A&T,2390,2448,104,65,,ACC,MEAC,,,,,,HURRICANE HOLIDAY TOURNAMENT
253622429,2005-12-28,19:00,2006,regular,,final,Charlotte,Murray State,2429,93,90,65,,A 10,MVC,,,,,,
253622473,2005-12-28,19:00,2006,regular,,final,Oakland,IUPUI,2473,85,74,78,,Horizon,Horizon,,,,,,
253622507,2005-12-28,19:00,2006,regular,,final,Providence,Wagner,2507,2681,79,55,,Big East,NEC,,,,,,
253622619,2005-12-28,19:00,2006,regular,,final,Stony Brook,Delaware State,2619,2169,70,59,,Am. East,MEAC,,,,,,
253622655,2005-12-28,19:00,2006,regular,,final,Tulane,Samford,2655,2535,55,58,,C-USA,Southern,,,,,,TULANE/DOUBLE TREE CLASSIC
253622449,2005-12-28,19:05,2006,regular,,final,North Dakota State,UNC Asheville,2449,2427,73,79,,,Big South,,,,,,LADY GRIZ HOLIDAY CLASSIC AT MISSOULA MT
253620099,2005-12-28,20:00,2006,regular,,final,LSU,Michigan State,99,127,72,52,,SEC,Big Ten,,,,,,
253620245,2005-12-28,20:00,2006,regular,,final,Texas A&M,Utah State,245,328,81,55,,Big 12,WAC,,,,,,
253620305,2005-12-28,20:00,2006,regular,,final,DePaul,Missouri State,305,2623,84,74,,Big East,MVC,,,,,,
253622046,2005-12-28,20:00,2006,regular,,final,Austin Peay,Middle Tennessee,2046,2393,71,69,,ASUN,Sun Belt,,,,,,
253622305,2005-12-28,20:00,2006,regular,,final,Kansas,Pepperdine,2305,2492,73,60,,Big 12,WCC,,,,,,
253622545,2005-12-28,20:00,2006,regular,,final,SE Louisiana,LSU Shreveport,2545,2353,70,41,,,,,,,,,
253622572,2005-12-28,20:00,2006,regular,,final,Southern Miss,UL Monroe,2572,2433,67,75,,C-USA,Sun Belt,,,,,,
253622464,2005-12-28,20:05,2006,regular,,final,Northern Arizona,Nevada,2464,2440,66,58,,Big Sky,WAC,,,,,,
253620302,2005-12-28,20:30,2006,regular,,final,UC Davis,Auburn,302,2,54,69,,Big West,SEC,,,,,,SAN DIEGO SURF apos;N SLAM AT SAN DIEGO CA
253620038,2005-12-28,21:00,2006,regular,,final,Colorado,South Dakota State,38,2571,64,50,,Big 12,,,,,,,
253620098,2005-12-28,21:00,2006,regular,,final,Western Kentucky,Duquesne,98,2184,70,51,,Sun Belt,A 10,,,,,,
253620301,2005-12-28,21:00,2006,regular,,final,San Diego,Montana State,301,147,53,48,,WCC,Big Sky,,,,,,SAN DIEGO SURF apos;N SLAM II
253622649,2005-12-28,21:00,2006,regular,,final,Toledo,Dayton,2649,2168,77,79,,MAC,A 10,,,,,,TULANE/DOUBLE TREE CLASSIC AT NEW ORLEANS LA
253620166,2005-12-28,21:05,2006,regular,,final,New Mexico State,Sacramento State,166,16,75,58,,WAC,Big Sky,,,,,,
253623081,2005-12-28,21:05,2006,regular,,final,Utah Valley,Portland,3084,2501,79,75,,,WCC,,,,,,
253620149,2005-12-28,21:35,2006,regular,,final,Montana,New Orleans,149,2443,79,43,,Big Sky,Sun Belt,,,,,,LADY GRIZ HOLIDAY CLASSIC
253622692,2005-12-28,21:45,2006,regular,,final,Weber State,BYU,2692,252,47,63,,Big Sky,Mountain West,,,,,,
253620068,2005-12-28,22:00,2006,regular,,final,Boise State,San Francisco,68,2539,61,50,,WAC,WCC,,,,,,
253620070,2005-12-28,22:00,2006,regular,,final,Idaho,Portland State,70,2502,79,70,,WAC,Big Sky,,,,,,
253622352,2005-12-28,22:30,2006,regular,,final,San Diego State,Loyola Maryland,21,2352,43,52,,Mountain West,MAAC,,,,,,SAN DIEGO SURF apos;N SLAM
253620150,2005-12-28,23:00,2006,regular,,final,Duke,St. John's,150,2599,105,57,,ACC,Big East,,,,,,SAN DIEGO SURF apos;N SLAM II AT SAN DIEGO CA
253620062,2005-12-29,00:00,2006,regular,,final,Hawai'i,Kent State,62,2309,61,55,,WAC,MAC,,,,,,
253630050,2005-12-29,13:00,2006,regular,,final,Florida A&M,Mercer,50,2382,66,54,,MEAC,ASUN,,,,,,
253630172,2005-12-29,13:00,2006,regular,,final,Cornell,Syracuse,172,183,69,70,,Ivy,Big East,,,,,,
253630314,2005-12-29,14:00,2006,regular,,final,Iona,Bowling Green,314,189,45,62,,MAAC,MAC,,,,,,HAWK CLASSIC
253632247,2005-12-29,14:00,2006,regular,,final,Georgia State,Mississippi Valley State,2247,2400,71,44,,CAA,SWAC,,,,,,HYATT REGENCY INVITATIONAL
253632005,2005-12-29,15:00,2006,regular,,final,Air Force,Army,2005,349,73,61,,Mountain West,Patriot,,,,,,
253632166,2005-12-29,16:00,2006,regular,,final,Davidson,East Carolina,2166,151,70,61,,Southern,C-USA,,,,,,HYATT REGENCY INVITATIONAL AT ATLANTA GA
253632603,2005-12-29,16:00,2006,regular,,final,Saint Joseph's,Delaware,2603,48,48,49,,A 10,CAA,,,,,,HAWK CLASSIC
253630043,2005-12-29,16:30,2006,regular,,final,Yale,Boston University,43,104,41,53,,Ivy,Am. East,,,,,,CAVALIER CLASSIC
253630160,2005-12-29,17:00,2006,regular,,final,New Hampshire,Towson,160,119,70,69,,Am. East,CAA,,,,,,CHRISTMAS CITY CLASSIC AT BETHLEHEM PA
253630276,2005-12-29,17:00,2006,regular,,final,Marshall,Longwood,276,2344,76,66,,C-USA,,,,,,,LADY LUCK CLASSIC
253630294,2005-12-29,17:00,2006,regular,,final,Jacksonville,Bethune-Cookman,294,2065,69,40,,ASUN,MEAC,,,,,,
253632229,2005-12-29,17:00,2006,regular,,final,Florida International,Northern Illinois,2229,2459,74,71,,Sun Belt,MAC,,,,,,FIU SUN amp; FUN CLASSIC
253632351,2005-12-29,17:00,2006,regular,,final,Loyola Marymount,Lafayette,2351,322,68,58,,WCC,Patriot,,,,,,BLUE SKY CLASSIC AT HANOVER NH
253632379,2005-12-29,17:00,2006,regular,,final,Maryland-Eastern Shore,Furman,2379,231,81,86,,MEAC,Southern,,,,,,TERRAPIN CLASSIC AT COLLEGE PARK MD
253632448,2005-12-29,17:00,2006,regular,,final,North Carolina A&T,Maine,2448,311,68,78,,MEAC,Am. East,,,,,,HURRICANE HOLIDAY TOURNAMENT
253630350,2005-12-29,17:30,2006,regular,,final,UNC Wilmington,Kansas State,350,2306,49,75,,CAA,Big 12,,,,,,ST PETERS HOLIDAY CLASSIC AT JERSEY CITY NJ
253632640,2005-12-29,18:00,2006,regular,,final,Texas Southern,UTEP,2640,2638,61,80,,SWAC,C-USA,,,,,,BATTLE OF THE BORDER TR AT EDINBURG TX
253632026,2005-12-29,18:30,2006,regular,,final,Appalachian State,Purdue Fort Wayne,2026,2870,64,74,,Southern,,,,,,,CYCLONE CLASSIC AT AMES IA
253632569,2005-12-29,18:30,2006,regular,,final,South Carolina State,Gardner-Webb,2569,2241,61,68,,MEAC,ASUN,,,,,,
253630006,2005-12-29,19:00,2006,regular,,final,South Alabama,Georgia Southern,6,290,75,59,,Sun Belt,Southern,,,,,,COCA-COLA CLASSIC
253630041,2005-12-29,19:00,2006,regular,,final,UConn,Albany,41,399,78,44,,Big East,Am. East,,,,,,AT HARTFORD CT
253630057,2005-12-29,19:00,2006,regular,,final,Florida,Liberty,57,2335,73,50,,SEC,Big South,,,,,,STATE FARM CLASSIC
253630077,2005-12-29,19:00,2006,regular,,final,Northwestern,Minnesota,77,135,54,69,,Big Ten,Big Ten,,,,,,
253630084,2005-12-29,19:00,2006,regular,,final,Indiana,Iowa,84,2294,65,53,,Big Ten,Big Ten,,,,,,
253630120,2005-12-29,19:00,2006,regular,,final,Maryland,Central Connecticut,120,2115,94,57,,ACC,NEC,,,,,,TERRAPIN CLASSIC
253630159,2005-12-29,19:00,2006,regular,,final,Dartmouth,Akron,159,2006,71,55,,Ivy,MAC,,,,,,BLUE SKY CLASSIC
253630194,2005-12-29,19:00,2006,regular,,final,Ohio State,Penn State,194,213,74,53,,Big Ten,Big Ten,,,,,,
253630204,2005-12-29,19:00,2006,regular,,final,Oregon State,Cincinnati,204,2132,58,63,,Pac-12,Big East,,,,,,
253630256,2005-12-29,19:00,2006,regular,,final,James Madison,Hampton,256,2261,68,50,,CAA,MEAC,,,,,,
253630258,2005-12-29,19:00,2006,regular,,final,Virginia,Holy Cross,258,107,80,39,,ACC,Patriot,,,,,,CAVALIER CLASSIC
253630259,2005-12-29,19:00,2006,regular,,final,Virginia Tech,Texas A&M-Corpus Christi,259,357,76,64,,ACC,,,,,,,LADY LUCK CLASSIC
253630295,2005-12-29,19:00,2006,regular,,final,Old Dominion,North Carolina,295,153,80,88,,CAA,ACC,,,,,,
253632086,2005-12-29,19:00,2006,regular,,final,Butler,Youngstown State,2086,2754,78,55,,Horizon,Horizon,,,,,,
253632154,2005-12-29,19:00,2006,regular,,final,Coppin State,Arkansas,2154,8,33,49,,MEAC,SEC,,,,,,FIU SUN amp; FUN CLASSIC AT MIAMI FL
253632174,2005-12-29,19:00,2006,regular,,final,Detroit Mercy,Milwaukee,2174,270,56,74,,Horizon,Horizon,,,,,,
253632272,2005-12-29,19:00,2006,regular,,final,High Point,Campbell,2272,2097,73,60,,Big South,ASUN,,,,,,
253632390,2005-12-29,19:00,2006,regular,,final,Miami,Ole Miss,2390,145,79,70,,ACC,SEC,,,,,,HURRICANE HOLIDAY TOURNAMENT
253632509,2005-12-29,19:00,2006,regular,,final,Purdue,Wisconsin,2509,275,77,57,,Big Ten,Big Ten,,,,,,
253632520,2005-12-29,19:00,2006,regular,,final,Rider,Sacred Heart,2520,2529,49,83,,MAAC,NEC,,,,,,
253632550,2005-12-29,19:00,2006,regular,,final,Seton Hall,Hartford,2550,42,54,65,,Big East,Am. East,,,,,,
253632579,2005-12-29,19:00,2006,regular,,final,South Carolina,Western Carolina,2579,2717,95,53,,SEC,Southern,,,,,,
253632597,2005-12-29,19:00,2006,regular,,final,St. Francis Brooklyn,Northeastern,2597,111,67,52,,NEC,CAA,,,,,,
253632655,2005-12-29,19:00,2006,regular,,final,Tulane,Toledo,2655,2649,77,67,,C-USA,MAC,,,,,,TULANE/DOUBLE TREE CLASSIC
253632670,2005-12-29,19:00,2006,regular,,final,VCU,Norfolk State,2670,2450,67,48,,CAA,MEAC,,,,,,
253632443,2005-12-29,19:05,2006,regular,,final,New Orleans,North Dakota State,2443,2449,65,89,,Sun Belt,,,,,,,LADY GRIZ HOLIDAY CLASSIC
253632329,2005-12-29,19:30,2006,regular,,final,Lehigh,Fairfield,2329,2217,70,42,,Patriot,MAAC,,,,,,CHRISTMAS CITY CLASSIC
253632612,2005-12-29,19:30,2006,regular,,final,Saint Peter's,American University,2612,44,68,54,,MAAC,Patriot,,,,,,ST PETERS HOLIDAY CLASSIC
253630003,2005-12-29,20:00,2006,regular,,final,Birmingham-Southern,McNeese,3,2377,62,68,,Big South,,,,,,,
253630005,2005-12-29,20:00,2006,regular,,final,UAB,Mississippi State,5,344,73,59,,C-USA,SEC,,,,,,
253630009,2005-12-29,20:00,2006,regular,,final,Arizona State,Washington,9,264,64,51,,Pac-12,Pac-12,,,,,,
253630142,2005-12-29,20:00,2006,regular,,final,Missouri,Western Michigan,142,2711,84,65,,Big 12,MAC,,,,,,
253630197,2005-12-29,20:00,2006,regular,,final,Oklahoma State,Prairie View A&M,197,2504,103,48,,Big 12,SWAC,,,,,,
253630235,2005-12-29,20:00,2006,regular,,final,Memphis,Georgia,235,61,44,97,,C-USA,SEC,,,,,,
253630239,2005-12-29,20:00,2006,regular,,final,Baylor,Sam Houston,239,2534,82,42,,Big 12,WAC,,,,,,
253630292,2005-12-29,20:00,2006,regular,,final,UT Rio Grande Valley,Texas State,292,326,47,59,,,Sun Belt,,,,,,BATTLE OF THE BORDER TR
253630356,2005-12-29,20:00,2006,regular,,final,Illinois,Michigan,356,130,67,48,,Big Ten,Big Ten,,,,,,
253632439,2005-12-29,20:00,2006,regular,,final,UNLV,Troy,2439,2653,69,51,,Mountain West,Sun Belt,,,,,,
253632641,2005-12-29,20:00,2006,regular,,final,Texas Tech,Fresno State,2641,278,77,67,,Big 12,WAC,,,,,,
253630071,2005-12-29,20:05,2006,regular,,final,Bradley,Drake,71,2181,62,68,,MVC,MVC,,,,,,
253630158,2005-12-29,20:05,2006,regular,,final,Nebraska,Grambling,158,2755,69,40,,Big 12,SWAC,,,,,,
253632032,2005-12-29,20:05,2006,regular,,final,Arkansas State,Louisiana Tech,2032,2348,64,76,,Sun Belt,WAC,,,,,,
253632460,2005-12-29,20:05,2006,regular,,final,Northern Iowa,Creighton,2460,156,64,67,,MVC,MVC,,,,,,
253630012,2005-12-29,21:00,2006,regular,,final,Arizona,Washington State,12,265,61,52,,Pac-12,Pac-12,,,,,,
253630066,2005-12-29,21:00,2006,regular,,final,Iowa State,Nicholls,66,2447,77,28,,Big 12,,,,,,,CYCLONE CLASSIC
253632350,2005-12-29,21:00,2006,regular,,final,Loyola Chicago,Green Bay,2350,2739,69,96,,Horizon,Horizon,,,,,,
253632535,2005-12-29,21:00,2006,regular,,final,Samford,Dayton,2535,2168,59,68,,Southern,A 10,,,,,,TULANE/DOUBLE TREE CLASSIC
253632582,2005-12-29,21:00,2006,regular,,final,Southern,Alabama,2582,333,51,66,,SWAC,SEC,,,,,,COCA-COLA CLASSIC AT MOBILE AL
253632751,2005-12-29,21:00,2006,regular,,final,Wyoming,Idaho State,2751,304,78,60,,Mountain West,Big Sky,,,,,,
253630149,2005-12-29,21:35,2006,regular,,final,Montana,UNC Asheville,149,2427,70,52,,Big Sky,Big South,,,,,,LADY GRIZ HOLIDAY CLASSIC
253632608,2005-12-29,22:05,2006,regular,,final,Saint Mary's,Ball State,2608,2050,52,63,,WCC,MAC,,,,,,
253630027,2005-12-29,22:10,2006,regular,,final,UC Riverside,Cal Poly,27,13,53,87,,Big West,Big West,,,,,,
253640059,2005-12-30,13:00,2006,regular,,final,Georgia Tech,Alabama State,59,2011,76,46,,ACC,SWAC,,,,,,ATLANTA MARRIOTT NORTHWEST CL
253640152,2005-12-30,14:00,2006,regular,,final,NC State,George Washington,152,45,76,71,,ACC,A 10,,,,,,
253640221,2005-12-30,14:00,2006,regular,,final,Pittsburgh,St. Bonaventure,221,179,68,55,,Big East,A 10,,,,,,
253642210,2005-12-30,14:00,2006,regular,,final,Elon,NC Pembroke,2210,2882,64,54,,Southern,,,,,,,
253642400,2005-12-30,14:00,2006,regular,,final,Mississippi Valley State,East Carolina,2400,151,60,69,,SWAC,C-USA,,,,,,HYATT REGENCY INVITATIONAL AT ATLANTA GA
253640099,2005-12-30,15:00,2006,regular,,final,LSU,South Florida,99,58,87,44,,SEC,Big East,,,,,,
253640113,2005-12-30,15:00,2006,regular,,final,UMass,Brown,113,225,70,60,,A 10,Ivy,,,,,,ATLANTA MARRIOTT NORTHWEST CL AT ATLANTA GA
253642363,2005-12-30,15:00,2006,regular,,final,Manhattan,Villanova,2363,222,51,66,,MAAC,Big East,,,,,,
253640252,2005-12-30,16:00,2006,regular,,final,BYU,Portland,252,2501,64,55,,Mountain West,WCC,,,,,,
253642247,2005-12-30,16:00,2006,regular,,final,Georgia State,Davidson,2247,2166,56,63,,CAA,Southern,,,,,,HYATT REGENCY INVITATIONAL
253642681,2005-12-30,16:00,2006,regular,,final,Wagner,Columbia,2681,171,65,75,,NEC,Ivy,,,,,,
253640290,2005-12-30,16:30,2006,regular,,final,Georgia Southern,Southern,290,2582,57,53,,Southern,SWAC,,,,,,COCA-COLA CLASSIC AT MOBILE AL
253642335,2005-12-30,16:30,2006,regular,,final,Liberty,Rhode Island,2335,227,67,57,,Big South,A 10,,,,,,STATE FARM CLASSIC AT GAINESVILLE FL
253642638,2005-12-30,16:30,2006,regular,,final,UTEP,Texas State,2638,326,76,63,,C-USA,Sun Belt,,,,,,BATTLE OF THE BORDER TR AT EDINBURG TX
253640116,2005-12-30,17:00,2006,regular,,final,Mount St. Mary's,Morgan State,116,2415,77,59,,NEC,MEAC,,,,,,
253640119,2005-12-30,17:00,2006,regular,,final,Towson,Fairfield,119,2217,75,57,,CAA,MAAC,,,,,,CHRISTMAS CITY CLASSIC AT BETHLEHEM PA
253642006,2005-12-30,17:00,2006,regular,,final,Akron,Lafayette,2006,322,53,52,,MAC,Patriot,,,,,,BLUE SKY CLASSIC AT HANOVER NH
253642115,2005-12-30,17:00,2006,regular,,final,Central Connecticut,Maryland-Eastern Shore,2115,2379,67,61,,NEC,MEAC,,,,,,TERRAPIN CLASSIC AT COLLEGE PARK MD
253642459,2005-12-30,17:00,2006,regular,,final,Northern Illinois,Coppin State,2459,2154,69,56,,MAC,MEAC,,,,,,FIU SUN amp; FUN CLASSIC AT MIAMI FL
253640044,2005-12-30,17:30,2006,regular,,final,American University,UNC Wilmington,44,350,60,64,,Patriot,CAA,,,,,,ST PETERS HOLIDAY CLASSIC AT JERSEY CITY NJ
253640036,2005-12-30,18:00,2006,regular,,final,Colorado State,Tulsa,36,202,65,69,,Mountain West,C-USA,,,,,,WELLS FARGO HOLIDAY CLASSIC AT SAN ANTONIO TX
253640195,2005-12-30,18:00,2006,regular,,final,Ohio,Duquesne,195,2184,79,82,,MAC,A 10,,,,,,
253640292,2005-12-30,18:30,2006,regular,,final,UT Rio Grande Valley,Texas Southern,292,2640,68,50,,,SWAC,,,,,,BATTLE OF THE BORDER TR
253642447,2005-12-30,18:30,2006,regular,,final,Nicholls,Appalachian State,2447,2026,54,76,,,Southern,,,,,,CYCLONE CLASSIC AT AMES IA
253643081,2005-12-30,18:30,2006,regular,,final,Utah Valley,Gonzaga,3084,2250,60,51,,,WCC,,,,,,
253640006,2005-12-30,19:00,2006,regular,,final,South Alabama,Alabama,6,333,56,48,,Sun Belt,SEC,,,,,,COCA-COLA CLASSIC
253640052,2005-12-30,19:00,2006,regular,,final,Florida State,Lipscomb,52,288,92,42,,ACC,ASUN,,,,,,
253640056,2005-12-30,19:00,2006,regular,,final,Stetson,Quinnipiac,56,2514,67,59,,ASUN,NEC,,,,,,
253640097,2005-12-30,19:00,2006,regular,,final,Louisville,St. Francis (PA),97,2598,90,49,,Big East,NEC,,,,,,
253640108,2005-12-30,19:00,2006,regular,,final,Harvard,Binghamton,108,2066,71,62,,Ivy,Am. East,,,,,,
253640120,2005-12-30,19:00,2006,regular,,final,Maryland,Furman,120,231,92,58,,ACC,Southern,,,,,,TERRAPIN CLASSIC
253640127,2005-12-30,19:00,2006,regular,,final,Michigan State,Central Michigan,127,2117,75,50,,Big Ten,MAC,,,,,,
253640159,2005-12-30,19:00,2006,regular,,final,Dartmouth,Loyola Marymount,159,2351,46,55,,Ivy,WCC,,,,,,BLUE SKY CLASSIC
253640163,2005-12-30,19:00,2006,regular,,final,Princeton,Fairleigh Dickinson,163,161,88,51,,Ivy,NEC,,,,,,
253640164,2005-12-30,19:00,2006,regular,,final,Rutgers,Texas,164,251,63,49,,Big East,Big 12,,,,,,
253640309,2005-12-30,19:00,2006,regular,,final,Louisiana,Arkansas-Pine Bluff,309,2029,64,56,,Sun Belt,SWAC,,,,,,
253642083,2005-12-30,19:00,2006,regular,,final,Bucknell,Delaware State,2083,2169,42,60,,Patriot,MEAC,,,,,,
253642127,2005-12-30,19:00,2006,regular,,final,Charleston Southern,Eastern Illinois,2127,2197,75,64,,Big South,,,,,,,
253642199,2005-12-30,19:00,2006,regular,,final,Eastern Michigan,Canisius,2199,2099,70,44,,MAC,MAAC,,,,,,
253642229,2005-12-30,19:00,2006,regular,,final,Florida International,Arkansas,2229,8,58,54,,Sun Belt,SEC,,,,,,FIU SUN amp; FUN CLASSIC
253642567,2005-12-30,19:00,2006,regular,,final,SMU,Sam Houston,2567,2534,96,68,,C-USA,WAC,,,,,,
253642752,2005-12-30,19:00,2006,regular,,final,Xavier,Robert Morris,2752,2523,93,51,,A 10,NEC,,,,,,
253642329,2005-12-30,19:30,2006,regular,,final,Lehigh,New Hampshire,2329,160,58,66,,Patriot,Am. East,,,,,,CHRISTMAS CITY CLASSIC
253642426,2005-12-30,19:30,2006,regular,,final,Navy,UMBC,2426,2378,44,71,,Patriot,Am. East,,,,,,
253642612,2005-12-30,19:30,2006,regular,,final,Saint Peter's,Kansas State,2612,2306,64,72,,MAAC,Big 12,,,,,,ST PETERS HOLIDAY CLASSIC
253640046,2005-12-30,20:00,2006,regular,,final,Georgetown,Clemson,46,228,69,56,,Big East,ACC,,,,,,
253640238,2005-12-30,20:00,2006,regular,,final,Vanderbilt,William & Mary,238,2729,92,66,,SEC,CAA,,,,,,
253640245,2005-12-30,20:00,2006,regular,,final,Texas A&M,Little Rock,245,2031,78,64,,Big 12,Sun Belt,,,,,,
253640248,2005-12-30,20:00,2006,regular,,final,Houston,Charlotte,248,2429,71,80,,C-USA,A 10,,,,,,
253640269,2005-12-30,20:00,2006,regular,,final,Marquette,Rice,269,242,82,57,,Big East,C-USA,,,,,,
253640299,2005-12-30,20:00,2006,regular,,final,Long Beach State,South Dakota State,299,2571,58,55,,Big West,,,,,,,
253640339,2005-12-30,20:00,2006,regular,,final,Evansville,Indiana State,339,282,69,79,,MVC,MVC,,,,,,
253642046,2005-12-30,20:00,2006,regular,,final,Austin Peay,Winthrop,2046,2737,79,64,,ASUN,Big South,,,,,,
253642305,2005-12-30,20:00,2006,regular,,final,Kansas,La Salle,2305,2325,75,72,,Big 12,A 10,,,,,,
253642545,2005-12-30,20:00,2006,regular,,final,SE Louisiana,Belhaven,2545,2056,88,49,,,,,,,,,
253642617,2005-12-30,20:00,2006,regular,,final,Stephen F. Austin,Jackson State,2617,2296,85,67,,WAC,SWAC,,,,,,
253642628,2005-12-30,20:00,2006,regular,,final,TCU,UT Arlington,2628,250,70,58,,Mountain West,WAC,,,,,,
253642630,2005-12-30,20:00,2006,regular,,final,UT Martin,Georgia,2630,61,47,81,,,SEC,,,,,,
253642636,2005-12-30,20:00,2006,regular,,final,UTSA,Buffalo,2636,2084,62,73,,C-USA,MAC,,,,,,WELLS FARGO HOLIDAY CLASSIC
253640198,2005-12-30,20:05,2006,regular,,final,Oral Roberts,Bethany College,198,492,86,74,,,,,,,,,
253642287,2005-12-30,20:05,2006,regular,,final,Illinois State,Southern Illinois,2287,79,65,87,,MVC,MVC,,,,,,
253642674,2005-12-30,20:05,2006,regular,,final,Valparaiso,Kansas City,2674,140,65,31,,MVC,,,,,,,
253640021,2005-12-30,20:30,2006,regular,,final,San Diego State,UC Davis,21,302,59,45,,Mountain West,Big West,,,,,,SAN DIEGO SURF apos;N SLAM
253640038,2005-12-30,21:00,2006,regular,,final,Colorado,Oregon,38,2483,64,72,,Big 12,Pac-12,,,,,,
253640066,2005-12-30,21:00,2006,regular,,final,Iowa State,Purdue Fort Wayne,66,2870,87,68,,Big 12,,,,,,,CYCLONE CLASSIC
253640167,2005-12-30,21:00,2006,regular,,final,New Mexico,Oklahoma,167,201,70,83,,Mountain West,Big 12,,,,,,
253640254,2005-12-30,21:00,2006,regular,,final,Utah,Southern Utah,254,253,79,47,,Mountain West,WAC,,,,,,
253642599,2005-12-30,21:00,2006,regular,,final,St. John's,Montana State,2599,147,87,71,,Big East,Big Sky,,,,,,SAN DIEGO SURF apos;N SLAM II AT SAN DIEGO CA
253640024,2005-12-30,22:00,2006,regular,,final,Stanford,USC,24,30,77,56,,Pac-12,Pac-12,,,,,,
253640025,2005-12-30,22:00,2006,regular,,final,California,UCLA,25,26,65,58,,Pac-12,Pac-12,,,,,,
253640279,2005-12-30,22:00,2006,regular,,final,Pacific,Sonoma State,279,2574,80,68,,Big West,,,,,,,
253642540,2005-12-30,22:00,2006,regular,,final,UC Santa Barbara,Pepperdine,2540,2492,70,60,,Big West,WCC,,,,,,
253640331,2005-12-30,22:05,2006,regular,,final,Eastern Washington,Idaho,331,70,65,63,,Big Sky,WAC,,,,,,
253642352,2005-12-30,22:30,2006,regular,,final,Loyola Maryland,Auburn,2352,2,54,76,,MAAC,SEC,,,,,,SAN DIEGO SURF apos;N SLAM AT SAN DIEGO CA
253640301,2005-12-30,23:00,2006,regular,,final,San Diego,Duke,301,150,52,119,,WCC,ACC,,,,,,SAN DIEGO SURF apos;N SLAM II
253640062,2005-12-31,00:00,2006,regular,,final,Hawai'i,Kent State,62,2309,67,56,,WAC,MAC,,,,,,
253650225,2005-12-31,11:30,2006,regular,,final,Brown,Alabama State,225,2011,67,55,,Ivy,SWAC,,,,,,ATLANTA MARRIOTT NORTHWEST CL AT ATLANTA GA
253650041,2005-12-31,12:00,2006,regular,,final,UConn,Army,41,349,85,46,,Big East,Patriot,,,,,,AT HARTFORD CT
253650082,2005-12-31,12:30,2006,regular,,final,UIC,Green Bay,82,2739,62,70,,Horizon,Horizon,,,,,,
253650154,2005-12-31,13:00,2006,regular,,final,Wake Forest,Kentucky,154,96,82,77,,ACC,SEC,,,,,,
253650219,2005-12-31,13:00,2006,regular,,final,Pennsylvania,Marist,219,2368,65,70,,Ivy,MAAC,,,,,,
253650261,2005-12-31,13:00,2006,regular,,final,Vermont,Niagara,261,315,80,56,,Am. East,MAAC,,,,,,
253650324,2005-12-31,13:00,2006,regular,,final,Coastal Carolina,UNC Greensboro,324,2430,68,54,,Big South,Southern,,,,,,
253650325,2005-12-31,13:00,2006,regular,,final,Cleveland State,Detroit Mercy,325,2174,76,67,,Horizon,Horizon,,,,,,
253652747,2005-12-31,13:00,2006,regular,,final,Wofford,Western Carolina,2747,2717,54,79,,Southern,Southern,,,,,,
253652750,2005-12-31,13:05,2006,regular,,final,Wright State,Youngstown State,2750,2754,65,62,,Horizon,Horizon,,,,,,
253650059,2005-12-31,13:30,2006,regular,,final,Georgia Tech,UMass,59,113,57,43,,ACC,A 10,,,,,,ATLANTA MARRIOTT NORTHWEST CL
253650047,2005-12-31,14:00,2006,regular,,final,Howard,Drexel,47,2182,62,52,,MEAC,CAA,,,,,,
253650085,2005-12-31,14:00,2006,regular,,final,IUPUI,Western Michigan,85,2711,70,51,,Horizon,MAC,,,,,,
253650087,2005-12-31,14:00,2006,regular,,final,Notre Dame,Tennessee,87,2633,51,62,,Big East,SEC,,,,,,
253650103,2005-12-31,14:00,2006,regular,,final,Boston College,Colgate,103,2142,73,54,,ACC,Patriot,,,,,,
253650139,2005-12-31,14:00,2006,regular,,final,Saint Louis,Utah State,139,328,75,61,,A 10,WAC,,,,,,
253650153,2005-12-31,14:00,2006,regular,,final,North Carolina,Charleston,153,232,101,48,,ACC,Southern,,,,,,
253650202,2005-12-31,14:00,2006,regular,,final,Tulsa,Buffalo,202,2084,64,39,,C-USA,MAC,,,,,,WELLS FARGO HOLIDAY CLASSIC AT SAN ANTONIO TX
253652116,2005-12-31,14:00,2006,regular,,final,UCF,Southern Miss,2116,2572,50,61,,C-USA,C-USA,,,,,,
253652561,2005-12-31,14:00,2006,regular,,final,Siena,George Mason,2561,2244,78,69,,MAAC,CAA,,,,,,
253652597,2005-12-31,14:00,2006,regular,,final,St. Francis Brooklyn,Providence,2597,2507,44,66,,NEC,Big East,,,,,,
253652710,2005-12-31,14:00,2006,regular,,final,Western Illinois,Centenary,2710,2113,83,37,,,,,,,,,
253652460,2005-12-31,14:05,2006,regular,,final,Northern Iowa,Drake,2460,2181,69,46,,MVC,MVC,,,,,,
253650158,2005-12-31,15:00,2006,regular,,final,Nebraska,Northern Arizona,158,2464,70,56,,Big 12,Big Sky,,,,,,
253650249,2005-12-31,15:00,2006,regular,,final,North Texas,Northwestern State,249,2466,72,59,,Sun Belt,,,,,,,
253650250,2005-12-31,15:00,2006,regular,,final,UT Arlington,Cornell,250,172,75,57,,WAC,Ivy,,,,,,
253650270,2005-12-31,15:00,2006,regular,,final,Milwaukee,Butler,270,2086,79,80,,Horizon,Horizon,,,,,,
253652458,2005-12-31,15:00,2006,regular,,final,Northern Colorado,Denver,2458,2172,47,63,,Big Sky,Sun Belt,,,,,,
253650071,2005-12-31,15:05,2006,regular,,final,Bradley,Creighton,71,156,68,79,,MVC,MVC,,,,,,
253650009,2005-12-31,16:00,2006,regular,,final,Arizona State,Washington State,9,265,72,47,,Pac-12,Pac-12,,,,,,
253650068,2005-12-31,16:00,2006,regular,,final,Boise State,Weber State,68,2692,62,55,,WAC,Big Sky,,,,,,
253652005,2005-12-31,16:00,2006,regular,,final,Air Force,Western Colorado,2005,2714,76,34,,Mountain West,,,,,,,
253652636,2005-12-31,16:00,2006,regular,,final,UTSA,Colorado State,2636,36,59,63,,C-USA,Mountain West,,,,,,WELLS FARGO HOLIDAY CLASSIC
253652440,2005-12-31,17:05,2006,regular,,final,Nevada,San Francisco,2440,2539,59,53,,WAC,WCC,,,,,,
253652542,2005-12-31,17:30,2006,regular,,final,Savannah State,Florida A&M,2542,50,52,58,,,MEAC,,,,,,
253650012,2005-12-31,18:00,2006,regular,,final,Arizona,Washington,12,264,54,66,,Pac-12,Pac-12,,,,,,
253652623,2005-12-31,18:05,2006,regular,,final,Missouri State,Richmond,2623,257,55,49,,MVC,A 10,,,,,,
253652439,2005-12-31,18:30,2006,regular,,final,UNLV,Lamar,2439,2320,76,47,,Mountain West,,,,,,,
253652541,2005-12-31,22:00,2006,regular,,final,Santa Clara,Ball State,2541,2050,70,69,,WCC,MAC,,,,,,
253652608,2005-12-31,22:05,2006,regular,,final,Saint Mary's,Sacramento State,2608,16,52,51,,WCC,Big Sky,,,,,,
260010277,2006-01-01,13:00,2006,regular,,final,West Virginia,Texas A&M-Corpus Christi,277,357,69,70,,Big East,,,,,,,
260012509,2006-01-01,13:00,2006,regular,,final,Purdue,Ohio State,2509,194,61,59,,Big Ten,Big Ten,,,,,,
260010099,2006-01-01,14:00,2006,regular,,final,LSU,North Carolina A&T,99,2448,99,35,,SEC,MEAC,,,,,,
260010127,2006-01-01,14:00,2006,regular,,final,Michigan State,Michigan,127,130,77,44,,Big Ten,Big Ten,,,,,,
260010213,2006-01-01,14:00,2006,regular,,final,Penn State,Indiana,213,84,50,54,,Big Ten,Big Ten,,,,,,
260010282,2006-01-01,14:00,2006,regular,,final,Indiana State,Southern Illinois,282,79,74,61,,MVC,MVC,,,,,,
260010275,2006-01-01,14:30,2006,regular,,final,Wisconsin,Northwestern,275,77,74,45,,Big Ten,Big Ten,,,,,,
260012287,2006-01-01,15:05,2006,regular,,final,Illinois State,Evansville,2287,339,62,78,,MVC,MVC,,,,,,
260012294,2006-01-01,15:05,2006,regular,,final,Iowa,Illinois,2294,356,84,65,,Big Ten,Big Ten,,,,,,
260010024,2006-01-01,16:00,2006,regular,,final,Stanford,UCLA,24,26,91,68,,Pac-12,Pac-12,,,,,,
260010167,2006-01-01,16:00,2006,regular,,final,New Mexico,New Mexico State,167,166,55,42,,Mountain West,WAC,,,,,,
260010025,2006-01-01,17:00,2006,regular,,final,California,USC,25,30,73,68,,Pac-12,Pac-12,,,,,,
260022638,2006-01-02,,2006,regular,,final,UTEP,UT Rio Grande Valley,2638,292,80,34,,C-USA,,,,,,,
260020150,2006-01-02,11:00,2006,regular,,final,Duke,Wake Forest,150,154,100,54,,ACC,ACC,,,,,,
260020005,2006-01-02,15:00,2006,regular,,final,UAB,South Alabama,5,6,70,61,,C-USA,Sun Belt,,,,,,
260020258,2006-01-02,16:00,2006,regular,,final,Virginia,Middle Tennessee,258,2393,79,63,,ACC,Sun Belt,,,,,,
260020147,2006-01-02,16:05,2006,regular,,final,Montana State,Utah Valley,147,3084,92,84,,Big Sky,,,,,,,
260020333,2006-01-02,16:30,2006,regular,,final,Alabama,East Carolina,333,151,55,61,,SEC,C-USA,,,,,,
260022630,2006-01-02,16:30,2006,regular,,final,UT Martin,Austin Peay,2630,2046,49,61,,,ASUN,,,,,,
260022634,2006-01-02,16:30,2006,regular,,final,Tennessee State,Morehead State,2634,2413,50,64,,,,,,,,,
260022747,2006-01-02,16:30,2006,regular,,final,Wofford,Georgia Southern,2747,290,63,82,,Southern,Southern,,,,,,
260020111,2006-01-02,17:00,2006,regular,,final,Northeastern,Hofstra,111,2275,76,79,,CAA,CAA,,,,,,
260022426,2006-01-02,17:00,2006,regular,,final,Navy,LIU Brooklyn,2426,2341,72,68,,Patriot,NEC,,,,,,
260022382,2006-01-02,17:15,2006,regular,,final,Mercer,Florida Atlantic,2382,2226,70,60,,ASUN,ASUN,,,,,,
260020202,2006-01-02,18:00,2006,regular,,final,Tulsa,SMU,202,2567,73,54,,C-USA,C-USA,,,,,,
260022130,2006-01-02,18:00,2006,regular,,final,Chicago State,Oral Roberts,2130,198,59,65,,,,,,,,,
260022546,2006-01-02,18:00,2006,regular,,final,Southeast Missouri State,Eastern Kentucky,2546,2198,84,78,,,ASUN,,,,,,
260022633,2006-01-02,18:00,2006,regular,,final,Tennessee,Old Dominion,2633,295,83,67,,SEC,CAA,,,,,,
260020057,2006-01-02,18:30,2006,regular,,final,Florida,Florida State,57,52,72,62,,SEC,ACC,,,,,,
260022296,2006-01-02,18:30,2006,regular,,final,Jackson State,Alabama A&M,2296,2010,41,44,,SWAC,SWAC,,,,,,
260022400,2006-01-02,18:30,2006,regular,,final,Mississippi Valley State,Arkansas-Pine Bluff,2400,2029,70,61,,SWAC,SWAC,,,,,,
260022504,2006-01-02,18:30,2006,regular,,final,Prairie View A&M,Southern,2504,2582,37,72,,SWAC,SWAC,,,,,,
260022635,2006-01-02,18:30,2006,regular,,final,Tennessee Tech,Samford,2635,2535,57,59,,,Southern,,,,,,
260022640,2006-01-02,18:30,2006,regular,,final,Texas Southern,Alcorn State,2640,2016,59,65,,SWAC,SWAC,,,,,,
260022755,2006-01-02,18:30,2006,regular,,final,Grambling,Alabama State,2755,2011,69,79,,SWAC,SWAC,,,,,,
260022197,2006-01-02,18:35,2006,regular,,final,Eastern Illinois,Murray State,2197,93,72,68,,,MVC,,,,,,
260020043,2006-01-02,19:00,2006,regular,,final,Yale,Lehigh,43,2329,66,61,,Ivy,Patriot,,,,,,
260020085,2006-01-02,19:00,2006,regular,,final,IUPUI,Western Illinois,85,2710,44,53,,Horizon,,,,,,,
260020096,2006-01-02,19:00,2006,regular,,final,Kentucky,Bowling Green,96,189,66,62,,SEC,MAC,,,,,,
260020108,2006-01-02,19:00,2006,regular,,final,Harvard,Colgate,108,2142,80,62,,Ivy,Patriot,,,,,,
260020120,2006-01-02,19:00,2006,regular,,final,Maryland,Manhattan,120,2363,82,49,,ACC,MAAC,,,,,,
260020152,2006-01-02,19:00,2006,regular,,final,NC State,Virginia Tech,152,259,65,44,,ACC,ACC,,,,,,
260020228,2006-01-02,19:00,2006,regular,,final,Clemson,South Carolina,228,2579,46,77,,ACC,SEC,,,,,,
260020311,2006-01-02,19:00,2006,regular,,final,Maine,Holy Cross,311,107,77,67,,Am. East,Patriot,,,,,,AT PORTLAND ME
260020324,2006-01-02,19:00,2006,regular,,final,Coastal Carolina,Savannah State,324,2542,78,42,,Big South,,,,,,,
260022026,2006-01-02,19:00,2006,regular,,final,Appalachian State,Furman,2026,231,60,67,,Southern,Southern,,,,,,
260022127,2006-01-02,19:00,2006,regular,,final,Charleston Southern,Albany,2127,399,51,50,,Big South,Am. East,,,,,,
260022193,2006-01-02,19:00,2006,regular,,final,East Tennessee State,Kennesaw State,2193,338,74,66,,ASUN,ASUN,,,,,,
260022229,2006-01-02,19:00,2006,regular,,final,Florida International,South Florida,2229,58,50,63,,Sun Belt,Big East,,,,,,
260022241,2006-01-02,19:00,2006,regular,,final,Gardner-Webb,Campbell,2241,2097,59,71,,ASUN,ASUN,,,,,,
260022430,2006-01-02,19:00,2006,regular,,final,UNC Greensboro,Chattanooga,2430,236,75,82,,Southern,Southern,,,,,,
260022454,2006-01-02,19:00,2006,regular,,final,North Florida,Jacksonville,2454,294,64,51,,ASUN,ASUN,,,,,,
260022520,2006-01-02,19:00,2006,regular,,final,Rider,Monmouth,2520,2405,67,57,,MAAC,NEC,,,,,,
260022529,2006-01-02,19:00,2006,regular,,final,Sacred Heart,Saint Peter's,2529,2612,82,54,,NEC,MAAC,,,,,,
260022561,2006-01-02,19:00,2006,regular,,final,Siena,Dartmouth,2561,159,82,86,,MAAC,Ivy,,,,,,
260022670,2006-01-02,19:00,2006,regular,,final,VCU,Radford,2670,2515,59,57,,CAA,Big South,,,,,,
260022717,2006-01-02,19:00,2006,regular,,final,Western Carolina,Elon,2717,2210,72,85,,Southern,Southern,,,,,,
260022729,2006-01-02,19:00,2006,regular,,final,William & Mary,High Point,2729,2272,61,71,,CAA,Big South,,,,,,
260020253,2006-01-02,19:15,2006,regular,,final,Southern Utah,Kansas City,253,140,53,63,,WAC,,,,,,,
260020245,2006-01-02,20:00,2006,regular,,final,Texas A&M,Rice,245,242,65,64,,Big 12,C-USA,,,,,,
260020344,2006-01-02,20:00,2006,regular,,final,Mississippi State,Birmingham-Southern,344,3,59,50,,SEC,Big South,,,,,,
260022433,2006-01-02,20:00,2006,regular,,final,UL Monroe,Little Rock,2433,2031,65,56,,Sun Belt,Sun Belt,,,,,,
260022473,2006-01-02,20:00,2006,regular,,final,Oakland,Valparaiso,2473,2674,55,69,,Horizon,MVC,,,,,,
260022628,2006-01-02,20:00,2006,regular,,final,TCU,Cornell,2628,172,74,52,,Mountain West,Ivy,,,,,,
260022655,2006-01-02,20:00,2006,regular,,final,Tulane,Miami (OH),2655,193,88,72,,C-USA,MAC,,,,,,
260022458,2006-01-02,21:00,2006,regular,,final,Northern Colorado,Mesa College,2458,11,86,58,,Big Sky,,,,,,,
260020304,2006-01-02,21:05,2006,regular,,final,Idaho State,South Dakota State,304,2571,70,82,,Big Sky,,,,,,,
260020013,2006-01-02,22:00,2006,regular,,final,Cal Poly,Cal State Fullerton,13,2239,81,74,,Big West,Big West,,,,,,
260020278,2006-01-02,22:00,2006,regular,,final,Fresno State,Santa Clara,278,2541,64,46,,WAC,WCC,,,,,,
260020301,2006-01-02,22:00,2006,regular,,final,San Diego,UC Irvine,301,300,78,48,,WCC,Big West,,,,,,
260020302,2006-01-02,22:00,2006,regular,,final,UC Davis,Long Beach State,302,299,67,64,,Big West,Big West,,,,,,
260022250,2006-01-02,22:00,2006,regular,,final,Gonzaga,Portland State,2250,2502,81,57,,WCC,Big Sky,,,,,,
260022501,2006-01-02,22:00,2006,regular,,final,Portland,Montana,2501,149,65,68,,WCC,Big Sky,,,,,,
260022540,2006-01-02,22:00,2006,regular,,final,UC Santa Barbara,UC Riverside,2540,27,73,48,,Big West,Big West,,,,,,
260032166,2006-01-03,12:00,2006,regular,,final,Davidson,Charleston,2166,232,71,57,,Southern,Southern,,,,,,
260032550,2006-01-03,12:30,2006,regular,,final,Seton Hall,West Virginia,2550,277,67,61,,Big East,Big East,,,,,,
260030324,2006-01-03,17:00,2006,regular,,final,Coastal Carolina,Coker,324,229,92,44,,Big South,,,,,,,
260032335,2006-01-03,18:00,2006,regular,,final,Liberty,American University,2335,44,66,42,,Big South,Patriot,,,,,,
260030045,2006-01-03,19:00,2006,regular,,final,George Washington,Sacramento State,45,16,63,42,,A 10,Big Sky,,,,,,
260030163,2006-01-03,19:00,2006,regular,,final,Princeton,Lafayette,163,322,73,47,,Ivy,Patriot,,,,,,
260030183,2006-01-03,19:00,2006,regular,,final,Syracuse,Louisville,183,97,73,90,,Big East,Big East,,,,,,
260030227,2006-01-03,19:00,2006,regular,,final,Rhode Island,La Salle,227,2325,48,55,,A 10,A 10,,,,,,
260030349,2006-01-03,19:00,2006,regular,,final,Army,Iona,349,314,67,54,,Patriot,MAAC,,,,,,
260032083,2006-01-03,19:00,2006,regular,,final,Bucknell,Stony Brook,2083,2619,56,65,,Patriot,Am. East,,,,,,
260032132,2006-01-03,19:00,2006,regular,,final,Cincinnati,Rutgers,2132,164,51,64,,Big East,Big East,,,,,,
260032230,2006-01-03,19:00,2006,regular,,final,Fordham,St. Bonaventure,2230,179,56,40,,A 10,A 10,,,,,,
260032305,2006-01-03,19:00,2006,regular,,final,Kansas,Texas,2305,251,70,61,,Big 12,Big 12,,,,,,
260032429,2006-01-03,19:00,2006,regular,,final,Charlotte,Xavier,2429,2752,76,72,,A 10,A 10,,,,,,
260032603,2006-01-03,19:00,2006,regular,,final,Saint Joseph's,Duquesne,2603,2184,55,47,,A 10,A 10,,,,,,
260030222,2006-01-03,19:30,2006,regular,,final,Villanova,Fairfield,222,2217,61,46,,Big East,MAAC,,,,,,
260030139,2006-01-03,20:00,2006,regular,,final,Saint Louis,Richmond,139,257,65,71,,A 10,A 10,,,,,,
260030238,2006-01-03,20:00,2006,regular,,final,Vanderbilt,Western Kentucky,238,98,72,57,,SEC,Sun Belt,,,,,,
260032623,2006-01-03,20:05,2006,regular,,final,Missouri State,Wichita State,2623,2724,89,92,,MVC,MVC,,,,,,
260030012,2006-01-03,21:00,2006,regular,,final,Arizona,Green Bay,12,2739,70,82,,Pac-12,Horizon,,,,,,
260030305,2006-01-03,21:00,2006,regular,,final,DePaul,Pittsburgh,305,221,81,75,,Big East,Big East,,,,,,
260030331,2006-01-03,22:05,2006,regular,,final,Eastern Washington,Washington State,331,265,57,54,,Big Sky,Pac-12,,,,,,
260042473,2006-01-04,16:00,2006,regular,,final,Oakland,Eastern Michigan,2473,2199,48,73,,Horizon,MAC,,,,,,
260042515,2006-01-04,17:00,2006,regular,,final,Radford,Lees-McRae,2515,2327,82,61,,Big South,,,,,,,
260042032,2006-01-04,17:05,2006,regular,,final,Arkansas State,North Dakota State,2032,2449,67,45,,Sun Belt,,,,,,,
260040050,2006-01-04,17:30,2006,regular,,final,Florida A&M,Norfolk State,50,2450,69,48,,MEAC,MEAC,,,,,,
260042065,2006-01-04,17:30,2006,regular,,final,Bethune-Cookman,Hampton,2065,2261,77,71,,MEAC,MEAC,,,,,,
260042169,2006-01-04,17:30,2006,regular,,final,Delaware State,Coppin State,2169,2154,39,43,,MEAC,MEAC,,,,,,
260042379,2006-01-04,17:30,2006,regular,,final,Maryland-Eastern Shore,North Carolina A&T,2379,2448,70,55,,MEAC,MEAC,,,,,,
260042130,2006-01-04,18:00,2006,regular,,final,Chicago State,Kansas City,2130,140,49,56,,,,,,,,,
260042542,2006-01-04,18:00,2006,regular,,final,Savannah State,Albany,2542,399,42,53,,,Am. East,,,,,,
260040245,2006-01-04,18:30,2006,regular,,final,Texas A&M,Oklahoma State,245,197,74,52,,Big 12,Big 12,,,,,,
260042296,2006-01-04,18:30,2006,regular,,final,Jackson State,Alabama State,2296,2011,52,51,,SWAC,SWAC,,,,,,
260042504,2006-01-04,18:30,2006,regular,,final,Prairie View A&M,Alcorn State,2504,2016,78,79,,SWAC,SWAC,,,,,,
260042640,2006-01-04,18:30,2006,regular,,final,Texas Southern,Southern,2640,2582,53,64,,SWAC,SWAC,,,,,,
260042755,2006-01-04,18:30,2006,regular,,final,Grambling,Alabama A&M,2755,2010,53,62,,SWAC,SWAC,,,,,,
260040066,2006-01-04,19:00,2006,regular,,final,Iowa State,Oklahoma,66,201,67,87,,Big 12,Big 12,,,,,,
260040085,2006-01-04,19:00,2006,regular,,final,IUPUI,Butler,85,2086,62,54,,Horizon,Horizon,,,,,,
260040113,2006-01-04,19:00,2006,regular,,final,UMass,Dayton,113,2168,51,57,,A 10,A 10,,,,,,
260040160,2006-01-04,19:00,2006,regular,,final,New Hampshire,UMBC,160,2378,68,61,,Am. East,Am. East,,,,,,
260040231,2006-01-04,19:00,2006,regular,,final,Furman,Georgia Southern,231,290,73,62,,Southern,Southern,,,,,,
260040259,2006-01-04,19:00,2006,regular,,final,Virginia Tech,High Point,259,2272,91,52,,ACC,Big South,,,,,,
260040261,2006-01-04,19:00,2006,regular,,final,Vermont,Hartford,261,42,56,62,,Am. East,Am. East,,,,,,
260042514,2006-01-04,19:00,2006,regular,,final,Quinnipiac,Yale,2514,43,62,47,,NEC,Ivy,,,,,,
260042529,2006-01-04,19:00,2006,regular,,final,Sacred Heart,Central Connecticut,2529,2115,65,40,,NEC,NEC,,,,,,
260042579,2006-01-04,19:00,2006,regular,,final,South Carolina,Tennessee,2579,2633,51,66,,SEC,SEC,,,,,,
260042599,2006-01-04,19:00,2006,regular,,final,St. John's,Notre Dame,2599,87,66,63,,Big East,Big East,,,,,,
260042681,2006-01-04,19:00,2006,regular,,final,Wagner,St. Francis Brooklyn,2681,2597,63,55,,NEC,NEC,,,,,,
260042737,2006-01-04,19:00,2006,regular,,final,Winthrop,Wofford,2737,2747,56,44,,Big South,Southern,,,,,,
260040253,2006-01-04,19:15,2006,regular,,final,Southern Utah,Oral Roberts,253,198,71,92,,WAC,,,,,,,
260040041,2006-01-04,19:30,2006,regular,,final,UConn,Georgetown,41,46,80,38,,Big East,Big East,,,,,,
260040311,2006-01-04,19:30,2006,regular,,final,Maine,Binghamton,311,2066,56,66,,Am. East,Am. East,,,,,,
260042329,2006-01-04,19:30,2006,regular,,final,Lehigh,Columbia,2329,171,67,38,,Patriot,Ivy,,,,,,
260040142,2006-01-04,20:00,2006,regular,,final,Missouri,Baylor,142,239,64,61,,Big 12,Big 12,,,,,,
260040269,2006-01-04,20:00,2006,regular,,final,Marquette,Virginia,269,258,56,64,,Big East,ACC,,,,,,
260042113,2006-01-04,20:00,2006,regular,,final,Centenary,Valparaiso,2113,2674,47,66,,,MVC,,,,,,
260042306,2006-01-04,20:00,2006,regular,,final,Kansas State,Texas Tech,2306,2641,53,51,,Big 12,Big 12,,,,,,
260042653,2006-01-04,20:00,2006,regular,,final,Troy,Navy,2653,2426,89,87,,Sun Belt,Patriot,,,,,,
260042459,2006-01-04,20:05,2006,regular,,final,Northern Illinois,Purdue Fort Wayne,2459,2870,73,64,,MAC,,,,,,,
260040002,2006-01-04,21:00,2006,regular,,final,Auburn,LSU,2,99,38,65,,SEC,SEC,,,,,,
260040038,2006-01-04,21:00,2006,regular,,final,Colorado,Nebraska,38,158,62,80,,Big 12,Big 12,,,,,,
260042458,2006-01-04,21:00,2006,regular,,final,Northern Colorado,Weber State,2458,2692,65,51,,Big Sky,Big Sky,,,,,,
260040279,2006-01-04,22:00,2006,regular,,final,Pacific,Cal State Northridge,279,2463,58,56,,Big West,Big West,,,,,,
260040302,2006-01-04,22:00,2006,regular,,final,UC Davis,UC Irvine,302,300,72,79,,Big West,Big West,,,,,,
260042540,2006-01-04,22:00,2006,regular,,final,UC Santa Barbara,Cal State Fullerton,2540,2239,68,54,,Big West,Big West,,,,,,
260052099,2006-01-05,12:00,2006,regular,,final,Canisius,Siena,2099,2561,80,52,,MAAC,MAAC,,,,,,
260050079,2006-01-05,13:05,2006,regular,,final,Southern Illinois,Northern Iowa,79,2460,48,59,,MVC,MVC,,,,,,
260052352,2006-01-05,16:00,2006,regular,,final,Loyola Maryland,Saint Peter's,2352,2612,69,54,,MAAC,MAAC,,,,,,
260052174,2006-01-05,16:30,2006,regular,,final,Detroit Mercy,Loyola Chicago,2174,2350,88,73,,Horizon,Horizon,,,,,,
260052229,2006-01-05,17:00,2006,regular,,final,Florida International,Little Rock,2229,2031,60,45,,Sun Belt,Sun Belt,,,,,,
260052198,2006-01-05,17:30,2006,regular,,final,Eastern Kentucky,Tennessee Tech,2198,2635,61,72,,ASUN,,,,,,,
260050047,2006-01-05,18:00,2006,regular,,final,Howard,South Carolina State,47,2569,77,58,,MEAC,MEAC,,,,,,
260050056,2006-01-05,18:00,2006,regular,,final,Stetson,Mercer,56,2382,44,53,,ASUN,ASUN,,,,,,
260050082,2006-01-05,18:00,2006,regular,,final,UIC,Cleveland State,82,325,68,66,,Horizon,Horizon,,,,,,
260050339,2006-01-05,18:00,2006,regular,,final,Evansville,Bradley,339,71,71,57,,MVC,MVC,,,,,,
260050093,2006-01-05,18:15,2006,regular,,final,Murray State,Tennessee State,93,2634,96,46,,MVC,,,,,,,
260052046,2006-01-05,18:15,2006,regular,,final,Austin Peay,Jacksonville State,2046,55,63,59,,ASUN,ASUN,,,,,,
260052197,2006-01-05,18:15,2006,regular,,final,Eastern Illinois,Southeast Missouri State,2197,2546,70,61,,,,,,,,,
260052057,2006-01-05,18:30,2006,regular,,final,Belmont,Gardner-Webb,2057,2241,63,50,,ASUN,ASUN,,,,,,
260052630,2006-01-05,18:30,2006,regular,,final,UT Martin,Samford,2630,2535,58,50,,,Southern,,,,,,
260050057,2006-01-05,19:00,2006,regular,,final,Florida,Alabama,57,333,59,44,,SEC,SEC,,,,,,
260050059,2006-01-05,19:00,2006,regular,,final,Georgia Tech,Miami,59,2390,63,75,,ACC,ACC,,,,,,
260050084,2006-01-05,19:00,2006,regular,,final,Indiana,Purdue,84,2509,56,61,,Big Ten,Big Ten,,,,,,
260050103,2006-01-05,19:00,2006,regular,,final,Boston College,Maryland,103,120,64,67,,ACC,ACC,,,,,,
260050127,2006-01-05,19:00,2006,regular,,final,Michigan State,Penn State,127,213,75,53,,Big Ten,Big Ten,,,,,,
260050130,2006-01-05,19:00,2006,regular,,final,Michigan,Iowa,130,2294,63,77,,Big Ten,Big Ten,,,,,,
260050150,2006-01-05,19:00,2006,regular,,final,Duke,Florida State,150,52,87,68,,ACC,ACC,,,,,,
260050227,2006-01-05,19:00,2006,regular,,final,Rhode Island,Illinois,227,356,62,73,,A 10,Big Ten,,,,,,
260050294,2006-01-05,19:00,2006,regular,,final,Jacksonville,Kennesaw State,294,338,60,66,,ASUN,ASUN,,,,,,
260050315,2006-01-05,19:00,2006,regular,,final,Niagara,Marist,315,2368,50,70,,MAAC,MAAC,,,,,,
260052127,2006-01-05,19:00,2006,regular,,final,Charleston Southern,Longwood,2127,2344,55,70,,Big South,,,,,,,
260052363,2006-01-05,19:00,2006,regular,,final,Manhattan,Rider,2363,2520,59,34,,MAAC,MAAC,,,,,,
260052427,2006-01-05,19:00,2006,regular,,final,UNC Asheville,Montreat College,2427,2410,73,40,,Big South,,,,,,,
260052454,2006-01-05,19:00,2006,regular,,final,North Florida,East Tennessee State,2454,2193,59,80,,ASUN,ASUN,,,,,,
260052466,2006-01-05,19:30,2006,regular,,final,Northwestern State,UT Arlington,2466,250,49,71,,,WAC,,,,,,
260050077,2006-01-05,20:00,2006,regular,,final,Northwestern,Ohio State,77,194,54,82,,Big Ten,Big Ten,,,,,,
260050135,2006-01-05,20:00,2006,regular,,final,Minnesota,Wisconsin,135,275,73,67,,Big Ten,Big Ten,,,,,,
260050145,2006-01-05,20:00,2006,regular,,final,Ole Miss,Georgia,145,61,70,84,,SEC,SEC,,,,,,
260050270,2006-01-05,20:00,2006,regular,,final,Milwaukee,Wright State,270,2750,64,61,,Horizon,Horizon,,,,,,
260050288,2006-01-05,20:00,2006,regular,,final,Lipscomb,Campbell,288,2097,61,52,,ASUN,ASUN,,,,,,
260050309,2006-01-05,20:00,2006,regular,,final,Louisiana,Denver,309,2172,76,50,,Sun Belt,Sun Belt,,,,,,
260050344,2006-01-05,20:00,2006,regular,,final,Mississippi State,Arkansas,344,8,45,66,,SEC,SEC,,,,,,
260052348,2006-01-05,20:00,2006,regular,,final,Louisiana Tech,Boise State,2348,68,75,61,,WAC,WAC,,,,,,
260052377,2006-01-05,20:00,2006,regular,,final,McNeese,Lamar,2377,2320,51,52,,,,,,,,,
260052443,2006-01-05,20:00,2006,regular,,final,New Orleans,North Texas,2443,249,33,62,,Sun Belt,Sun Belt,,,,,,
260052534,2006-01-05,20:00,2006,regular,,final,Sam Houston,Texas State,2534,326,59,68,,WAC,Sun Belt,,,,,,
260052617,2006-01-05,20:00,2006,regular,,final,Stephen F. Austin,Nicholls,2617,2447,80,59,,WAC,,,,,,,
260052636,2006-01-05,20:00,2006,regular,,final,UTSA,SE Louisiana,2636,2545,75,56,,C-USA,,,,,,,
260050036,2006-01-05,21:00,2006,regular,,final,Colorado State,San Diego State,36,21,68,65,,Mountain West,Mountain West,,,,,,
260050167,2006-01-05,21:00,2006,regular,,final,New Mexico,Utah,167,254,59,42,,Mountain West,Mountain West,,,,,,
260050252,2006-01-05,21:00,2006,regular,,final,BYU,Air Force,252,2005,64,43,,Mountain West,Mountain West,,,,,,
260050328,2006-01-05,21:00,2006,regular,,final,Utah State,San José State,328,23,51,63,,WAC,WAC,,,,,,
260050166,2006-01-05,21:05,2006,regular,,final,New Mexico State,Idaho,166,70,50,59,,WAC,WAC,,,,,,
260053081,2006-01-05,21:05,2006,regular,,final,Utah Valley,Idaho State,3084,304,83,74,,,Big Sky,,,,,,
260050204,2006-01-05,22:00,2006,regular,,final,Oregon State,Stanford,204,24,60,80,,Pac-12,Pac-12,,,,,,
260052439,2006-01-05,22:00,2006,regular,,final,UNLV,Wyoming,2439,2751,65,56,,Mountain West,Mountain West,,,,,,
260052440,2006-01-05,22:00,2006,regular,,final,Nevada,Hawai'i,2440,62,74,79,,WAC,WAC,,,,,,
260052483,2006-01-05,22:00,2006,regular,,final,Oregon,California,2483,25,70,41,,Pac-12,Pac-12,,,,,,
260060218,2006-01-06,12:00,2006,regular,,final,Temple,Charlotte,218,2429,77,69,,A 10,A 10,,,,,,
260060005,2006-01-06,18:00,2006,regular,,final,UAB,East Carolina,5,151,53,59,,C-USA,C-USA,,,,,,
260062247,2006-01-06,18:00,2006,regular,,final,Georgia State,William & Mary,2247,2729,61,75,,CAA,CAA,,,,,,
260062582,2006-01-06,18:00,2006,regular,,final,Southern,Grambling,2582,2755,55,54,,SWAC,SWAC,,,,,,
260060045,2006-01-06,19:00,2006,regular,,final,George Washington,Dayton,45,2168,75,64,,A 10,A 10,,,,,,
260060111,2006-01-06,19:00,2006,regular,,final,Northeastern,Drexel,111,2182,43,71,,CAA,CAA,,,,,,
260060153,2006-01-06,19:00,2006,regular,,final,North Carolina,Clemson,153,228,102,61,,ACC,ACC,,,,,,
260060179,2006-01-06,19:00,2006,regular,,final,St. Bonaventure,Saint Joseph's,179,2603,43,59,,A 10,A 10,,,,,,
260060257,2006-01-06,19:00,2006,regular,,final,Richmond,La Salle,257,2325,58,59,,A 10,A 10,,,,,,
260060350,2006-01-06,19:00,2006,regular,,final,UNC Wilmington,Delaware,350,48,55,41,,CAA,CAA,,,,,,
260062244,2006-01-06,19:00,2006,regular,,final,George Mason,James Madison,2244,256,50,68,,CAA,CAA,,,,,,
260062670,2006-01-06,19:00,2006,regular,,final,VCU,Old Dominion,2670,295,62,82,,CAA,CAA,,,,,,
260062752,2006-01-06,19:00,2006,regular,,final,Xavier,Saint Louis,2752,139,77,61,,A 10,A 10,,,,,,
260062184,2006-01-06,19:05,2006,regular,,final,Duquesne,UMass,2184,113,46,44,,A 10,A 10,,,,,,
260060119,2006-01-06,19:30,2006,regular,,final,Towson,Hofstra,119,2275,63,71,,CAA,CAA,,,,,,
260060235,2006-01-06,20:00,2006,regular,,final,Memphis,Marshall,235,276,52,65,,C-USA,C-USA,,,,,,
260060242,2006-01-06,20:00,2006,regular,,final,Rice,Southern Miss,242,2572,77,64,,C-USA,C-USA,,,,,,
260060248,2006-01-06,20:00,2006,regular,,final,Houston,UCF,248,2116,64,50,,C-USA,C-USA,,,,,,
260062464,2006-01-06,20:00,2006,regular,,final,Northern Arizona,UT Rio Grande Valley,2464,292,55,52,,Big Sky,,,,,,,
260062655,2006-01-06,20:00,2006,regular,,final,Tulane,SMU,2655,2567,66,78,,C-USA,C-USA,,,,,,
260062638,2006-01-06,20:05,2006,regular,,final,UTEP,Tulsa,2638,202,73,66,,C-USA,C-USA,,,,,,
260060026,2006-01-06,22:00,2006,regular,,final,UCLA,Arizona,26,12,84,77,,Pac-12,Pac-12,,,,,,
260060030,2006-01-06,22:00,2006,regular,,final,USC,Arizona State,30,9,58,50,,Pac-12,Pac-12,,,,,,
260060301,2006-01-06,22:00,2006,regular,,final,San Diego,Loyola Marymount,301,2351,57,70,,WCC,WCC,,,,,,
260062501,2006-01-06,22:00,2006,regular,,final,Portland,Saint Mary's,2501,2608,45,61,,WCC,WCC,,,,,,
260062539,2006-01-06,22:00,2006,regular,,final,San Francisco,Pepperdine,2539,2492,69,65,,WCC,WCC,,,,,,
260062250,2006-01-06,23:00,2006,regular,,final,Gonzaga,Santa Clara,2250,2541,70,60,,WCC,WCC,,,,,,
260060099,2006-01-07,12:00,2006,regular,,final,LSU,Minnesota,99,135,66,45,,SEC,Big Ten,,,,,,
260070127,2006-01-07,12:00,2006,regular,,final,Michigan State,Rutgers,127,164,73,71,,Big Ten,Big East,,,,,,
260070087,2006-01-07,13:00,2006,regular,,final,Notre Dame,Seton Hall,87,2550,61,74,,Big East,Big East,,,,,,
260070097,2006-01-07,13:00,2006,regular,,final,Louisville,Villanova,97,222,63,57,,Big East,Big East,,,,,,
260070107,2006-01-07,13:00,2006,regular,,final,Holy Cross,Lafayette,107,322,78,39,,Patriot,Patriot,,,,,,
260070189,2006-01-07,13:00,2006,regular,,final,Bowling Green,Akron,189,2006,71,54,,MAC,MAC,,,,,,
260070198,2006-01-07,13:00,2006,regular,,final,Oral Roberts,Western Illinois,198,2710,56,68,,,,,,,,,
260070294,2006-01-07,13:00,2006,regular,,final,Jacksonville,East Tennessee State,294,2193,72,84,,ASUN,ASUN,,,,,,
260072066,2006-01-07,13:00,2006,regular,,final,Binghamton,New Hampshire,2066,160,74,54,,Am. East,Am. East,,,,,,
260072217,2006-01-07,13:00,2006,regular,,final,Fairfield,Rider,2217,2520,79,45,,MAAC,MAAC,,,,,,
260072352,2006-01-07,13:00,2006,regular,,final,Loyola Maryland,Manhattan,2352,2363,72,68,,MAAC,MAAC,,,,,,
260072507,2006-01-07,13:00,2006,regular,,final,Providence,Cincinnati,2507,2132,58,57,,Big East,Big East,,,,,,
260070050,2006-01-07,14:00,2006,regular,,final,Florida A&M,Morgan State,50,2415,57,39,,MEAC,MEAC,,,,,,
260070142,2006-01-07,14:00,2006,regular,,final,Missouri,Kansas State,142,2306,68,42,,Big 12,Big 12,,,,,,
260070161,2006-01-07,14:00,2006,regular,,final,Fairleigh Dickinson,Quinnipiac,161,2514,53,61,,NEC,NEC,,,,,,
260070193,2006-01-07,14:00,2006,regular,,final,Miami (OH),Buffalo,193,2084,75,78,,MAC,MAC,,,,,,
260070225,2006-01-07,14:00,2006,regular,,final,Brown,Maine,225,311,55,46,,Ivy,Am. East,,,,,,
260070232,2006-01-07,14:00,2006,regular,,final,Charleston,Wofford,232,2747,59,50,,Southern,Southern,,,,,,
260070282,2006-01-07,14:00,2006,regular,,final,Indiana State,Illinois State,282,2287,92,76,,MVC,MVC,,,,,,
260070315,2006-01-07,14:00,2006,regular,,final,Niagara,Siena,315,2561,61,57,,MAAC,MAAC,,,,,,
260072026,2006-01-07,14:00,2006,regular,,final,Appalachian State,Chattanooga,2026,236,38,69,,Southern,Southern,,,,,,
260072065,2006-01-07,14:00,2006,regular,,final,Bethune-Cookman,Coppin State,2065,2154,56,70,,MEAC,MEAC,,,,,,
260072086,2006-01-07,14:00,2006,regular,,final,Butler,UIC,2086,82,64,83,,Horizon,Horizon,,,,,,
260072166,2006-01-07,14:00,2006,regular,,final,Davidson,Western Carolina,2166,2717,67,63,,Southern,Southern,,,,,,
260072169,2006-01-07,14:00,2006,regular,,final,Delaware State,South Carolina State,2169,2569,55,48,,MEAC,MEAC,,,,,,
260072341,2006-01-07,14:00,2006,regular,,final,LIU Brooklyn,Central Connecticut,2341,2115,67,60,,NEC,NEC,,,,,,
260072350,2006-01-07,14:00,2006,regular,,final,Loyola Chicago,Cleveland State,2350,325,73,65,,Horizon,Horizon,,,,,,
260072405,2006-01-07,14:00,2006,regular,,final,Monmouth,St. Francis (PA),2405,2598,51,49,,NEC,NEC,,,,,,
260072443,2006-01-07,14:00,2006,regular,,final,New Orleans,Denver,2443,2172,47,59,,Sun Belt,Sun Belt,,,,,,
260072454,2006-01-07,14:00,2006,regular,,final,North Florida,Kennesaw State,2454,338,56,45,,ASUN,ASUN,,,,,,
260072529,2006-01-07,14:00,2006,regular,,final,Sacred Heart,Wagner,2529,2681,85,48,,NEC,NEC,,,,,,
260072597,2006-01-07,14:00,2006,regular,,final,St. Francis Brooklyn,Mount St. Mary's,2597,116,70,83,,NEC,NEC,,,,,,
260072619,2006-01-07,14:00,2006,regular,,final,Stony Brook,Vermont,2619,261,67,57,,Am. East,Am. East,,,,,,
260072633,2006-01-07,14:00,2006,regular,,final,Tennessee,UConn,2633,41,89,80,,SEC,Big East,,,,,,
260072711,2006-01-07,14:00,2006,regular,,final,Western Michigan,Central Michigan,2711,2117,58,50,,MAC,MAC,,,,,,
260072754,2006-01-07,14:05,2006,regular,,final,Youngstown State,Detroit Mercy,2754,2174,48,77,,Horizon,Horizon,,,,,,
260070046,2006-01-07,15:00,2006,regular,,final,Georgetown,St. John's,46,2599,54,74,,Big East,Big East,,,,,,
260070154,2006-01-07,15:00,2006,regular,,final,Wake Forest,NC State,154,152,65,64,,ACC,ACC,,,,,,
260070197,2006-01-07,15:00,2006,regular,,final,Oklahoma State,Iowa State,197,66,62,71,,Big 12,Big 12,,,,,,
260070231,2006-01-07,15:00,2006,regular,,final,Furman,UNC Greensboro,231,2430,66,69,,Southern,Southern,,,,,,
260070288,2006-01-07,15:00,2006,regular,,final,Lipscomb,Gardner-Webb,288,2241,52,51,,ASUN,ASUN,,,,,,
260070290,2006-01-07,15:00,2006,regular,,final,Georgia Southern,Elon,290,2210,64,58,,Southern,Southern,,,,,,
260070339,2006-01-07,15:00,2006,regular,,final,Evansville,Northern Iowa,339,2460,79,65,,MVC,MVC,,,,,,
260070349,2006-01-07,15:00,2006,regular,,final,Army,Colgate,349,2142,85,81,,Patriot,Patriot,,,,,,
260072010,2006-01-07,15:00,2006,regular,,final,Alabama A&M,Arkansas-Pine Bluff,2010,2029,57,65,,SWAC,SWAC,,,,,,
260072057,2006-01-07,15:00,2006,regular,,final,Belmont,Campbell,2057,2097,70,60,,ASUN,ASUN,,,,,,
260072466,2006-01-07,15:00,2006,regular,,final,Northwestern State,UL Monroe,2466,2433,58,54,,,Sun Belt,,,,,,
260072636,2006-01-07,15:00,2006,regular,,final,UTSA,McNeese,2636,2377,70,58,,C-USA,,,,,,,
260070079,2006-01-07,15:05,2006,regular,,final,Southern Illinois,Bradley,79,71,66,64,,MVC,MVC,,,,,,
260072181,2006-01-07,15:05,2006,regular,,final,Drake,Missouri State,2181,2623,70,63,,MVC,MVC,,,,,,
260072473,2006-01-07,15:30,2006,regular,,final,Oakland,Chicago State,2473,2130,72,43,,Horizon,,,,,,,
260070036,2006-01-07,16:00,2006,regular,,final,Colorado State,New Mexico,36,167,57,73,,Mountain West,Mountain West,,,,,,
260070239,2006-01-07,16:00,2006,regular,,final,Baylor,Texas,239,251,61,48,,Big 12,Big 12,,,,,,
260070254,2006-01-07,16:00,2006,regular,,final,Utah,BYU,254,252,60,61,,Mountain West,Mountain West,,,,,,
260072011,2006-01-07,16:00,2006,regular,,final,Alabama State,Mississippi Valley State,2011,2400,45,56,,SWAC,SWAC,,,,,,
260072261,2006-01-07,16:00,2006,regular,,final,Hampton,Maryland-Eastern Shore,2261,2379,55,68,,MEAC,MEAC,,,,,,
260072450,2006-01-07,16:00,2006,regular,,final,Norfolk State,Howard,2450,47,72,75,,MEAC,MEAC,,,,,,
260072542,2006-01-07,16:00,2006,regular,,final,Savannah State,Birmingham-Southern,2542,3,51,57,,,Big South,,,,,,
260072739,2006-01-07,16:00,2006,regular,,final,Green Bay,Wright State,2739,2750,68,56,,Horizon,Horizon,,,,,,
260072751,2006-01-07,16:00,2006,regular,,final,Wyoming,TCU,2751,2628,68,67,,Mountain West,Mountain West,,,,,,
260070156,2006-01-07,16:05,2006,regular,,final,Creighton,Wichita State,156,2724,93,83,,MVC,MVC,,,,,,
260070304,2006-01-07,16:05,2006,regular,,final,Idaho State,North Dakota State,304,2449,81,69,,Big Sky,,,,,,,
260070044,2006-01-07,16:30,2006,regular,,final,American University,Lehigh,44,2329,41,60,,Patriot,Patriot,,,,,,
260070085,2006-01-07,16:30,2006,regular,,final,IUPUI,Southern Utah,85,253,74,65,,Horizon,WAC,,,,,,
260070201,2006-01-07,16:30,2006,regular,,final,Oklahoma,Colorado,201,38,84,61,,Big 12,Big 12,,,,,,
260072634,2006-01-07,16:30,2006,regular,,final,Tennessee State,UT Martin,2634,2630,56,62,,,,,,,,,
260070021,2006-01-07,17:00,2006,regular,,final,San Diego State,Air Force,21,2005,59,63,,Mountain West,Mountain West,,,,,,
260070055,2006-01-07,17:00,2006,regular,,final,Jacksonville State,Samford,55,2535,46,82,,ASUN,Southern,,,,,,
260070140,2006-01-07,17:00,2006,regular,,final,Kansas City,Centenary,140,2113,84,66,,,,,,,,,
260070265,2006-01-07,17:00,2006,regular,,final,Washington State,Washington,265,264,70,73,,Pac-12,Pac-12,,,,,,
260070299,2006-01-07,17:00,2006,regular,,final,Long Beach State,UC Santa Barbara,299,2540,58,52,,Big West,Big West,,,,,,
260070324,2006-01-07,17:00,2006,regular,,final,Coastal Carolina,Converse College,324,451,80,50,,Big South,,,,,,,
260070399,2006-01-07,17:00,2006,regular,,final,Albany,Hartford,399,42,50,70,,Am. East,Am. East,,,,,,
260072229,2006-01-07,17:00,2006,regular,,final,Florida International,Arkansas State,2229,2032,54,50,,Sun Belt,Sun Belt,,,,,,
260072239,2006-01-07,17:00,2006,regular,,final,Cal State Fullerton,Cal State Northridge,2239,2463,87,61,,Big West,Big West,,,,,,
260072426,2006-01-07,17:00,2006,regular,,final,Navy,Bucknell,2426,2083,51,88,,Patriot,Patriot,,,,,,
260072617,2006-01-07,17:00,2006,regular,,final,Stephen F. Austin,SE Louisiana,2617,2545,83,48,,WAC,,,,,,,
260072440,2006-01-07,17:05,2006,regular,,final,Nevada,San José State,2440,23,56,64,,WAC,WAC,,,,,,
260070108,2006-01-07,18:00,2006,regular,,final,Harvard,Dartmouth,108,159,76,91,,Ivy,Ivy,,,,,,
260070093,2006-01-07,18:15,2006,regular,,final,Murray State,Southeast Missouri State,93,2546,62,72,,MVC,,,,,,,
260072046,2006-01-07,18:15,2006,regular,,final,Austin Peay,Eastern Illinois,2046,2197,64,62,,ASUN,,,,,,,
260072016,2006-01-07,18:30,2006,regular,,final,Alcorn State,Jackson State,2016,2296,59,60,,SWAC,SWAC,,,,,,
260072635,2006-01-07,18:30,2006,regular,,final,Tennessee Tech,Morehead State,2635,2413,79,66,,,,,,,,,
260072640,2006-01-07,18:30,2006,regular,,final,Texas Southern,Prairie View A&M,2640,2504,65,75,,SWAC,SWAC,,,,,,AT TOYOTA CENTER
260070183,2006-01-07,19:00,2006,regular,,final,Syracuse,West Virginia,183,277,52,74,,Big East,Big East,,,,,,
260070219,2006-01-07,19:00,2006,regular,,final,Pennsylvania,Princeton,219,163,55,73,,Ivy,Ivy,,,,,,
260070300,2006-01-07,19:00,2006,regular,,final,UC Irvine,Cal Poly,300,13,72,99,,Big West,Big West,,,,,,
260072099,2006-01-07,19:00,2006,regular,,final,Canisius,Marist,2099,2368,40,65,,MAAC,MAAC,,,,,,
260072199,2006-01-07,19:00,2006,regular,,final,Eastern Michigan,Northern Illinois,2199,2459,73,59,,MAC,MAC,,,,,,
260072226,2006-01-07,19:00,2006,regular,,final,Florida Atlantic,Stetson,2226,56,57,55,,ASUN,ASUN,,,,,,
260072378,2006-01-07,19:00,2006,regular,,final,UMBC,Boston University,2378,104,57,75,,Am. East,Am. East,,,,,,
260072612,2006-01-07,19:00,2006,regular,,final,Saint Peter's,Iona,2612,314,57,72,,MAAC,MAAC,,,,,,
260072649,2006-01-07,19:00,2006,regular,,final,Toledo,Ball State,2649,2050,83,79,,MAC,MAC,,,,,,
260072737,2006-01-07,19:00,2006,regular,,final,Winthrop,Longwood,2737,2344,67,58,,Big South,,,,,,,
260072870,2006-01-07,19:00,2006,regular,,final,Purdue Fort Wayne,Radford,2870,2515,77,79,,,Big South,,,,,,
260070027,2006-01-07,19:05,2006,regular,,final,UC Riverside,Pacific,27,279,74,64,,Big West,Big West,,,,,,
260070269,2006-01-07,20:00,2006,regular,,final,Marquette,DePaul,269,305,52,67,,Big East,Big East,,,,,,
260070309,2006-01-07,20:00,2006,regular,,final,Louisiana,North Texas,309,249,47,70,,Sun Belt,Sun Belt,,,,,,
260072320,2006-01-07,20:00,2006,regular,,final,Lamar,Texas State,2320,326,67,73,,,Sun Belt,,,,,,
260072348,2006-01-07,20:00,2006,regular,,final,Louisiana Tech,Idaho,2348,70,75,68,,WAC,WAC,,,,,,
260072534,2006-01-07,20:00,2006,regular,,final,Sam Houston,Nicholls,2534,2447,77,67,,WAC,,,,,,,
260072641,2006-01-07,20:00,2006,regular,,final,Texas Tech,Texas A&M,2641,245,56,55,,Big 12,Big 12,,,,,,
260072653,2006-01-07,20:00,2006,regular,,final,Troy,South Alabama,2653,6,52,71,,Sun Belt,Sun Belt,,,,,,
260070158,2006-01-07,20:05,2006,regular,,final,Nebraska,Kansas,158,2305,73,61,,Big 12,Big 12,,,,,,
260070328,2006-01-07,21:00,2006,regular,,final,Utah State,Fresno State,328,278,58,60,,WAC,WAC,,,,,,
260070166,2006-01-07,21:05,2006,regular,,final,New Mexico State,Boise State,166,68,61,60,,WAC,WAC,,,,,,
260073081,2006-01-07,21:05,2006,regular,,final,Utah Valley,Weber State,3084,2692,57,65,,,Big Sky,,,,,,
260070204,2006-01-07,22:00,2006,regular,,final,Oregon State,California,204,25,50,71,,Pac-12,Pac-12,,,,,,
260072483,2006-01-07,22:00,2006,regular,,final,Oregon,Stanford,2483,24,64,76,,Pac-12,Pac-12,,,,,,
260080096,2006-01-08,13:00,2006,regular,,final,Kentucky,South Carolina,96,2579,72,60,,SEC,SEC,,,,,,
260080111,2006-01-08,13:00,2006,regular,,final,Northeastern,Towson,111,119,75,77,,CAA,CAA,,,,,,
260080120,2006-01-08,13:00,2006,regular,,final,Maryland,Duke,120,150,68,86,,ACC,ACC,,,,,,
260080179,2006-01-08,13:00,2006,regular,,final,St. Bonaventure,UMass,179,113,68,62,,A 10,A 10,,,,,,
260080227,2006-01-08,13:00,2006,regular,,final,Rhode Island,Xavier,227,2752,68,66,,A 10,A 10,,,,,,
260082168,2006-01-08,13:00,2006,regular,,final,Dayton,Saint Louis,2168,139,95,73,,A 10,A 10,,,,,,
260080048,2006-01-08,14:00,2006,regular,,final,Delaware,James Madison,48,256,70,62,,CAA,CAA,,,,,,
260080052,2006-01-08,14:00,2006,regular,,final,Florida State,Virginia,52,258,60,46,,ACC,ACC,,,,,,
260080130,2006-01-08,14:00,2006,regular,,final,Michigan,Purdue,130,2509,43,51,,Big Ten,Big Ten,,,,,,
260080213,2006-01-08,14:00,2006,regular,,final,Penn State,Wisconsin,213,275,69,54,,Big Ten,Big Ten,,,,,,
260080221,2006-01-08,14:00,2006,regular,,final,Pittsburgh,South Florida,221,58,66,64,,Big East,Big East,,,,,,
260080242,2006-01-08,14:00,2006,regular,,final,Rice,UCF,242,2116,66,52,,C-USA,C-USA,,,,,,
260080257,2006-01-08,14:00,2006,regular,,final,Richmond,Duquesne,257,2184,72,53,,A 10,A 10,,,,,,
260080259,2006-01-08,14:00,2006,regular,,final,Virginia Tech,Boston College,259,103,67,62,,ACC,ACC,,,,,,
260082230,2006-01-08,14:00,2006,regular,,final,Fordham,Charlotte,2230,2429,64,70,,A 10,A 10,,,,,,
260082247,2006-01-08,14:00,2006,regular,,final,Georgia State,UNC Wilmington,2247,350,48,62,,CAA,CAA,,,,,,
260082275,2006-01-08,14:00,2006,regular,,final,Hofstra,Drexel,2275,2182,65,52,,CAA,CAA,,,,,,
260082325,2006-01-08,14:00,2006,regular,,final,La Salle,Temple,2325,218,64,66,,A 10,A 10,,,,,,
260082670,2006-01-08,14:00,2006,regular,,final,VCU,George Mason,2670,2244,57,55,,CAA,CAA,,,,,,
260082729,2006-01-08,14:00,2006,regular,,final,William & Mary,Old Dominion,2729,295,68,77,,CAA,CAA,,,,,,
260080061,2006-01-08,14:30,2006,regular,,final,Georgia,Florida,61,57,89,70,,SEC,SEC,,,,,,
260080005,2006-01-08,15:00,2006,regular,,final,UAB,Marshall,5,276,65,75,,C-USA,C-USA,,,,,,
260080008,2006-01-08,15:00,2006,regular,,final,Arkansas,Vanderbilt,8,238,52,51,,SEC,SEC,,,,,,
260080030,2006-01-08,15:00,2006,regular,,final,USC,Arizona,30,12,76,60,,Pac-12,Pac-12,,,,,,
260080145,2006-01-08,15:00,2006,regular,,final,Ole Miss,Mississippi State,145,344,59,70,,SEC,SEC,,,,,,
260080228,2006-01-08,15:00,2006,regular,,final,Clemson,Georgia Tech,228,59,72,63,,ACC,ACC,,,,,,
260080235,2006-01-08,15:00,2006,regular,,final,Memphis,East Carolina,235,151,68,81,,C-USA,C-USA,,,,,,
260080248,2006-01-08,15:00,2006,regular,,final,Houston,Southern Miss,248,2572,92,58,,C-USA,C-USA,,,,,,
260080356,2006-01-08,15:00,2006,regular,,final,Illinois,Northwestern,356,77,64,55,,Big Ten,Big Ten,,,,,,
260082393,2006-01-08,15:00,2006,regular,,final,Middle Tennessee,Western Kentucky,2393,98,68,63,,Sun Belt,Sun Belt,,,,,,
260082603,2006-01-08,15:00,2006,regular,,final,Saint Joseph's,George Washington,2603,45,56,64,,A 10,A 10,,,,,,
260082655,2006-01-08,15:00,2006,regular,,final,Tulane,Tulsa,2655,202,63,70,,C-USA,C-USA,,,,,,
260082638,2006-01-08,15:05,2006,regular,,final,UTEP,SMU,2638,2567,80,69,,C-USA,C-USA,,,,,,
260082464,2006-01-08,16:00,2006,regular,,final,Northern Arizona,Texas A&M-Corpus Christi,2464,357,72,47,,Big Sky,,,,,,,
260080026,2006-01-08,17:00,2006,regular,,final,UCLA,Arizona State,26,9,77,69,,Pac-12,Pac-12,,,,,,
260080195,2006-01-08,17:00,2006,regular,,final,Ohio,Kent State,195,2309,73,83,,MAC,MAC,,,,,,
260080301,2006-01-08,17:00,2006,regular,,final,San Diego,Pepperdine,301,2492,61,84,,WCC,WCC,,,,,,
260082250,2006-01-08,17:00,2006,regular,,final,Gonzaga,Saint Mary's,2250,2608,56,42,,WCC,WCC,,,,,,
260082501,2006-01-08,17:00,2006,regular,,final,Portland,Santa Clara,2501,2541,73,74,,WCC,WCC,,,,,,
260082539,2006-01-08,17:00,2006,regular,,final,San Francisco,Loyola Marymount,2539,2351,59,64,,WCC,WCC,,,,,,
260092261,2006-01-09,16:30,2006,regular,,final,Hampton,Howard,2261,47,74,62,,MEAC,MEAC,,,,,,
260090290,2006-01-09,17:00,2006,regular,,final,Georgia Southern,UNC Greensboro,290,2430,74,63,,Southern,Southern,,,,,,
260092473,2006-01-09,17:00,2006,regular,,final,Oakland,Southern Utah,2473,253,82,63,,Horizon,WAC,,,,,,
260090236,2006-01-09,17:15,2006,regular,,final,Chattanooga,Davidson,236,2166,87,65,,Southern,Southern,,,,,,
260090050,2006-01-09,17:30,2006,regular,,final,Florida A&M,Coppin State,50,2154,34,52,,MEAC,MEAC,,,,,,
260092065,2006-01-09,17:30,2006,regular,,final,Bethune-Cookman,Morgan State,2065,2415,54,66,,MEAC,MEAC,,,,,,
260092169,2006-01-09,17:30,2006,regular,,final,Delaware State,North Carolina A&T,2169,2448,49,50,,MEAC,MEAC,,,,,,
260092026,2006-01-09,18:00,2006,regular,,final,Appalachian State,Western Carolina,2026,2717,76,86,,Southern,Southern,,,,,,
260092450,2006-01-09,18:00,2006,regular,,final,Norfolk State,Maryland-Eastern Shore,2450,2379,56,68,,MEAC,MEAC,,,,,,
260092529,2006-01-09,18:00,2006,regular,,final,Sacred Heart,Columbia,2529,171,96,65,,NEC,Ivy,,,,,,
260092674,2006-01-09,18:15,2006,regular,,final,Valparaiso,Oral Roberts,2674,198,81,54,,MVC,,,,,,,
260092010,2006-01-09,18:30,2006,regular,,final,Alabama A&M,Mississippi Valley State,2010,2400,73,59,,SWAC,SWAC,,,,,,
260092016,2006-01-09,18:30,2006,regular,,final,Alcorn State,Grambling,2016,2755,71,73,,SWAC,SWAC,,,,,,
260092582,2006-01-09,18:30,2006,regular,,final,Southern,Jackson State,2582,2296,61,55,,SWAC,SWAC,,,,,,
260090084,2006-01-09,19:00,2006,regular,,final,Indiana,Minnesota,84,135,64,69,,Big Ten,Big Ten,,,,,,
260090161,2006-01-09,19:00,2006,regular,,final,Fairleigh Dickinson,St. Francis (PA),161,2598,83,85,,NEC,NEC,,,,,,
260090194,2006-01-09,19:00,2006,regular,,final,Ohio State,Oklahoma,194,201,75,71,,Big Ten,Big 12,,,,,,
260090232,2006-01-09,19:00,2006,regular,,final,Charleston,Furman,232,231,52,50,,Southern,Southern,,,,,,
260092011,2006-01-09,19:00,2006,regular,,final,Alabama State,Arkansas-Pine Bluff,2011,2029,55,48,,SWAC,SWAC,,,,,,
260092066,2006-01-09,19:00,2006,regular,,final,Binghamton,Cornell,2066,172,75,60,,Am. East,Ivy,,,,,,
260092341,2006-01-09,19:00,2006,regular,,final,LIU Brooklyn,Mount St. Mary's,2341,116,58,69,,NEC,NEC,,,,,,
260092390,2006-01-09,19:00,2006,regular,,final,Miami,North Carolina,2390,153,57,90,,ACC,ACC,,,,,,
260092405,2006-01-09,19:00,2006,regular,,final,Monmouth,Robert Morris,2405,2523,60,64,,NEC,NEC,,,,,,
260092413,2006-01-09,19:00,2006,regular,,final,Morehead State,Eastern Illinois,2413,2197,56,55,,,,,,,,,
260092597,2006-01-09,19:00,2006,regular,,final,St. Francis Brooklyn,Central Connecticut,2597,2115,61,52,,NEC,NEC,,,,,,
260092737,2006-01-09,19:00,2006,regular,,final,Winthrop,Tennessee State,2737,2634,60,55,,Big South,,,,,,,
260092217,2006-01-09,19:30,2006,regular,,final,Fairfield,Iona,2217,314,56,71,,MAAC,MAAC,,,,,,
260090250,2006-01-09,20:00,2006,regular,,final,UT Arlington,UL Monroe,250,2433,58,55,,WAC,Sun Belt,,,,,,
260090288,2006-01-09,20:00,2006,regular,,final,Lipscomb,Savannah State,288,2542,81,60,,ASUN,,,,,,,
260092113,2006-01-09,20:00,2006,regular,,final,Centenary,IUPUI,2113,85,62,70,,,Horizon,,,,,,
260090156,2006-01-09,20:05,2006,regular,,final,Creighton,Missouri State,156,2623,78,57,,MVC,MVC,,,,,,
260092181,2006-01-09,20:05,2006,regular,,final,Drake,Wichita State,2181,2724,75,67,,MVC,MVC,,,,,,
260092294,2006-01-09,20:05,2006,regular,,final,Iowa,Michigan State,2294,127,75,64,,Big Ten,Big Ten,,,,,,
260092239,2006-01-09,22:00,2006,regular,,final,Cal State Fullerton,Pacific,2239,279,72,64,,Big West,Big West,,,,,,
260092540,2006-01-09,22:00,2006,regular,,final,UC Irvine,UC Santa Barbara,300,2540,60,71,,Big West,Big West,,,,,,
260090027,2006-01-09,22:10,2006,regular,,final,UC Riverside,Cal State Northridge,27,2463,70,76,,Big West,Big West,,,,,,
260090299,2006-01-09,22:30,2006,regular,,final,Long Beach State,Cal Poly,299,13,78,58,,Big West,Big West,,,,,,
260102335,2006-01-10,18:00,2006,regular,,final,Liberty,Loyola Maryland,2335,2352,70,63,,Big South,MAAC,,,,,,
260100043,2006-01-10,19:00,2006,regular,,final,Yale,Fordham,43,2230,53,59,,Ivy,A 10,,,,,,
260100044,2006-01-10,19:00,2006,regular,,final,American University,Bucknell,44,2083,43,66,,Patriot,Patriot,,,,,,
260100087,2006-01-10,19:00,2006,regular,,final,Notre Dame,Marquette,87,269,67,65,,Big East,Big East,,,,,,
260100219,2006-01-10,19:00,2006,regular,,final,Pennsylvania,Rider,219,2520,66,38,,Ivy,MAAC,,,,,,
260100277,2006-01-10,19:00,2006,regular,,final,West Virginia,Louisville,277,97,99,73,,Big East,Big East,,,,,,
260100322,2006-01-10,19:00,2006,regular,,final,Lafayette,Colgate,322,2142,56,69,,Patriot,Patriot,,,,,,
260100349,2006-01-10,19:00,2006,regular,,final,Army,Holy Cross,349,107,59,56,,Patriot,Patriot,,,,,,
260102084,2006-01-10,19:00,2006,regular,,final,Buffalo,Bowling Green,2084,189,48,75,,MAC,MAC,,,,,,
260102199,2006-01-10,19:00,2006,regular,,final,Eastern Michigan,Toledo,2199,2649,68,40,,MAC,MAC,,,,,,
260102210,2006-01-10,19:00,2006,regular,,final,Elon,Wofford,2210,2747,63,43,,Southern,Southern,,,,,,
260102309,2006-01-10,19:00,2006,regular,,final,Kent State,Akron,2309,2006,62,38,,MAC,MAC,,,,,,
260102329,2006-01-10,19:00,2006,regular,,final,Lehigh,Navy,2329,2426,82,89,,Patriot,Patriot,,,,,,
260102344,2006-01-10,19:00,2006,regular,,final,Longwood,UNC Asheville,2344,2427,77,71,,,Big South,,,,,,
260102368,2006-01-10,19:00,2006,regular,,final,Marist,Brown,2368,225,67,46,,MAAC,Ivy,,,,,,
260102550,2006-01-10,19:00,2006,regular,,final,Seton Hall,UConn,2550,41,53,93,,Big East,Big East,,,,,,
260102681,2006-01-10,19:00,2006,regular,,final,Wagner,Quinnipiac,2681,2514,59,72,,NEC,NEC,,,,,,
260100222,2006-01-10,19:30,2006,regular,,final,Villanova,Syracuse,222,183,72,55,,Big East,Big East,,,,,,
260102571,2006-01-10,20:00,2006,regular,,final,South Dakota State,Kennesaw State,2571,338,92,44,,,ASUN,,,,,,
260100038,2006-01-10,21:00,2006,regular,,final,Colorado,Kansas,38,2305,74,65,,Big 12,Big 12,,,,,,
260102458,2006-01-10,21:00,2006,regular,,final,Northern Colorado,Colorado Christian,2458,2862,89,57,,Big Sky,,,,,,,
260103081,2006-01-10,21:05,2006,regular,,final,Utah Valley,Portland State,3084,2502,86,60,,,Big Sky,,,,,,
260110045,2006-01-11,17:30,2006,regular,,final,George Washington,Temple,45,218,58,41,,A 10,A 10,,,,,,
260110154,2006-01-11,18:00,2006,regular,,final,Wake Forest,Morgan State,154,2415,83,33,,ACC,MEAC,,,,,,
260110042,2006-01-11,19:00,2006,regular,,final,Hartford,Boston University,42,104,70,58,,Am. East,Am. East,,,,,,
260110058,2006-01-11,19:00,2006,regular,,final,South Florida,Rutgers,58,164,65,66,,Big East,Big East,,,,,,
260110059,2006-01-11,19:00,2006,regular,,final,Georgia Tech,Duke,59,150,59,67,,ACC,ACC,,,,,,
260110159,2006-01-11,19:00,2006,regular,,final,Dartmouth,New Hampshire,159,160,62,56,,Ivy,Am. East,,,,,,
260110195,2006-01-11,19:00,2006,regular,,final,Ohio,Miami (OH),195,193,56,43,,MAC,MAC,,,,,,
260112066,2006-01-11,19:00,2006,regular,,final,Binghamton,Stony Brook,2066,2619,65,64,,Am. East,Am. East,,,,,,
260112117,2006-01-11,19:00,2006,regular,,final,Central Michigan,Northern Illinois,2117,2459,57,59,,MAC,MAC,,,,,,
260112599,2006-01-11,19:00,2006,regular,,final,St. John's,Pittsburgh,2599,221,72,55,,Big East,Big East,,,,,,
260112711,2006-01-11,19:00,2006,regular,,final,Western Michigan,Ball State,2711,2050,70,81,,MAC,MAC,,,,,,
260112750,2006-01-11,19:00,2006,regular,,final,Wright State,Loyola Chicago,2750,2350,80,55,,Horizon,Horizon,,,,,,
260110046,2006-01-11,19:30,2006,regular,,final,Georgetown,Providence,46,2507,79,67,,Big East,Big East,,,,,,
260110311,2006-01-11,19:30,2006,regular,,final,Maine,Albany,311,399,60,52,,Am. East,Am. East,,,,,,
260112523,2006-01-11,19:30,2006,regular,,final,Robert Morris,St. Francis (PA),2523,2598,79,45,,NEC,NEC,,,,,,
260110239,2006-01-11,20:00,2006,regular,,final,Baylor,Oklahoma State,239,197,57,26,,Big 12,Big 12,,,,,,
260110245,2006-01-11,20:00,2006,regular,,final,Texas A&M,Kansas State,245,2306,66,39,,Big 12,Big 12,,,,,,
260110251,2006-01-11,20:00,2006,regular,,final,Texas,Iowa State,251,66,80,50,,Big 12,Big 12,,,,,,
260110357,2006-01-11,20:00,2006,regular,,final,Texas A&M-Corpus Christi,Huston-Tillotson,357,2281,88,38,,,,,,,,,
260112628,2006-01-11,20:00,2006,regular,,final,TCU,New Mexico,2628,167,76,67,,Mountain West,Mountain West,,,,,,
260110158,2006-01-11,20:05,2006,regular,,final,Nebraska,Missouri,158,142,58,64,,Big 12,Big 12,,,,,,
260110252,2006-01-11,21:00,2006,regular,,final,BYU,UNLV,252,2439,76,58,,Mountain West,Mountain West,,,,,,
260112005,2006-01-11,21:00,2006,regular,,final,Air Force,Wyoming,2005,2751,55,64,,Mountain West,Mountain West,,,,,,
260110021,2006-01-11,22:00,2006,regular,,final,San Diego State,Utah,21,254,39,76,,Mountain West,Mountain West,,,,,,
260122447,2006-01-12,,2006,regular,,final,Nicholls,UL Monroe,2447,2433,64,66,,,Sun Belt,,,,,,
260120093,2006-01-12,16:00,2006,regular,,final,Murray State,Austin Peay,93,2046,66,83,,MVC,ASUN,,,,,,
260120325,2006-01-12,17:00,2006,regular,,final,Cleveland State,Green Bay,325,2739,51,66,,Horizon,Horizon,,,,,,
260122754,2006-01-12,17:15,2006,regular,,final,Youngstown State,Milwaukee,2754,270,59,64,,Horizon,Horizon,,,,,,
260122413,2006-01-12,17:30,2006,regular,,final,Morehead State,Eastern Kentucky,2413,2198,62,58,,,ASUN,,,,,,
260120055,2006-01-12,18:00,2006,regular,,final,Jacksonville State,Tennessee Tech,55,2635,64,95,,ASUN,,,,,,,
260120249,2006-01-12,18:00,2006,regular,,final,North Texas,Denver,249,2172,54,56,,Sun Belt,Sun Belt,,,,,,
260122535,2006-01-12,18:00,2006,regular,,final,Samford,Tennessee State,2535,2634,67,42,,Southern,,,,,,,
260122197,2006-01-12,18:15,2006,regular,,final,Eastern Illinois,UT Martin,2197,2630,67,58,,,,,,,,,
260120041,2006-01-12,19:00,2006,regular,,final,UConn,Cincinnati,41,2132,92,71,,Big East,Big East,,,,,,AT HARTFORD CT
260120056,2006-01-12,19:00,2006,regular,,final,Stetson,Belmont,56,2057,55,76,,ASUN,ASUN,,,,,,
260120057,2006-01-12,19:00,2006,regular,,final,Florida,Kentucky,57,96,65,80,,SEC,SEC,,,,,,
260120228,2006-01-12,19:00,2006,regular,,final,Clemson,Miami,228,2390,52,74,,ACC,ACC,,,,,,
260120261,2006-01-12,19:00,2006,regular,,final,Vermont,UMBC,261,2378,74,60,,Am. East,Am. East,,,,,,
260120324,2006-01-12,19:00,2006,regular,,final,Coastal Carolina,Morris College,324,571,94,44,,Big South,,,,,,,
260122086,2006-01-12,19:00,2006,regular,,final,Butler,Detroit Mercy,2086,2174,69,71,,Horizon,Horizon,,,,,,
260122097,2006-01-12,19:00,2006,regular,,final,Campbell,North Florida,2097,2454,60,49,,ASUN,ASUN,,,,,,
260122193,2006-01-12,19:00,2006,regular,,final,East Tennessee State,Florida Atlantic,2193,2226,71,79,,ASUN,ASUN,,,,,,
260122241,2006-01-12,19:00,2006,regular,,final,Gardner-Webb,Jacksonville,2241,294,64,52,,ASUN,ASUN,,,,,,
260122363,2006-01-12,19:00,2006,regular,,final,Manhattan,Siena,2363,2561,62,49,,MAAC,MAAC,,,,,,
260122382,2006-01-12,19:00,2006,regular,,final,Mercer,Lipscomb,2382,288,50,46,,ASUN,ASUN,,,,,,
260122515,2006-01-12,19:00,2006,regular,,final,Radford,Southern Virginia,2515,2896,82,51,,Big South,,,,,,,
260122520,2006-01-12,19:00,2006,regular,,final,Rider,Niagara,2520,315,49,43,,MAAC,MAAC,,,,,,
260122612,2006-01-12,19:00,2006,regular,,final,Saint Peter's,Fairfield,2612,2217,65,73,,MAAC,MAAC,,,,,,
260122633,2006-01-12,19:00,2006,regular,,final,Tennessee,Georgia,2633,61,94,85,,SEC,SEC,,,,,,
260120314,2006-01-12,19:30,2006,regular,,final,Iona,Canisius,314,2099,59,76,,MAAC,MAAC,,,,,,
260120006,2006-01-12,20:00,2006,regular,,final,South Alabama,Louisiana,6,309,56,60,,Sun Belt,Sun Belt,,,,,,
260120008,2006-01-12,20:00,2006,regular,,final,Arkansas,Auburn,8,2,64,60,,SEC,SEC,,,,,,
260120077,2006-01-12,20:00,2006,regular,,final,Northwestern,Indiana,77,84,56,69,,Big Ten,Big Ten,,,,,,
260120099,2006-01-12,20:00,2006,regular,,final,LSU,South Carolina,99,2579,79,46,,SEC,SEC,,,,,,
260120135,2006-01-12,20:00,2006,regular,,final,Minnesota,Purdue,135,2509,56,60,,Big Ten,Big Ten,,,,,,
260120238,2006-01-12,20:00,2006,regular,,final,Vanderbilt,Mississippi State,238,344,87,48,,SEC,SEC,,,,,,
260120275,2006-01-12,20:00,2006,regular,,final,Wisconsin,Michigan State,275,127,63,69,,Big Ten,Big Ten,,,,,,
260120326,2006-01-12,20:00,2006,regular,,final,Texas State,UT Arlington,326,250,54,88,,Sun Belt,WAC,,,,,,
260120356,2006-01-12,20:00,2006,regular,,final,Illinois,Penn State,356,213,66,57,,Big Ten,Big Ten,,,,,,
260122031,2006-01-12,20:00,2006,regular,,final,Little Rock,Western Kentucky,2031,98,59,80,,Sun Belt,Sun Belt,,,,,,
260122320,2006-01-12,20:00,2006,regular,,final,Lamar,Stephen F. Austin,2320,2617,58,80,,,WAC,,,,,,
260122377,2006-01-12,20:00,2006,regular,,final,McNeese,Sam Houston,2377,2534,57,53,,,WAC,,,,,,
260122464,2006-01-12,20:00,2006,regular,,final,Northern Arizona,Weber State,2464,2692,73,46,,Big Sky,Big Sky,,,,,,
260122545,2006-01-12,20:00,2006,regular,,final,SE Louisiana,Northwestern State,2545,2466,53,67,,,,,,,,,
260122653,2006-01-12,20:00,2006,regular,,final,Troy,New Orleans,2653,2443,93,53,,Sun Belt,Sun Belt,,,,,,
260122724,2006-01-12,20:00,2006,regular,,final,Wichita State,Evansville,2724,339,67,61,,MVC,MVC,,,,,,
260120071,2006-01-12,20:05,2006,regular,,final,Bradley,Indiana State,71,282,59,70,,MVC,MVC,,,,,,
260122294,2006-01-12,20:05,2006,regular,,final,Iowa,Ohio State,2294,194,62,72,,Big Ten,Big Ten,,,,,,
260122460,2006-01-12,20:05,2006,regular,,final,Northern Iowa,Illinois State,2460,2287,75,69,,MVC,MVC,,,,,,
260122623,2006-01-12,20:05,2006,regular,,final,Missouri State,Southern Illinois,2623,79,69,52,,MVC,MVC,,,,,,
260122674,2006-01-12,20:05,2006,regular,,final,Valparaiso,Purdue Fort Wayne,2674,2870,69,52,,MVC,,,,,,,
260120009,2006-01-12,20:30,2006,regular,,final,Arizona State,Oregon,9,2483,44,43,,Pac-12,Pac-12,,,,,,
260120012,2006-01-12,21:00,2006,regular,,final,Arizona,Oregon State,12,204,48,64,,Pac-12,Pac-12,,,,,,
260120068,2006-01-12,21:00,2006,regular,,final,Boise State,Utah State,68,328,70,38,,WAC,WAC,,,,,,
260122032,2006-01-12,21:05,2006,regular,,final,Arkansas State,Middle Tennessee,2032,2393,65,66,,Sun Belt,Sun Belt,,,,,,
260120023,2006-01-12,22:00,2006,regular,,final,San José State,North Dakota State,23,2449,84,78,,WAC,,,,,,,
260120070,2006-01-12,22:00,2006,regular,,final,Idaho,Nevada,70,2440,69,56,,WAC,WAC,,,,,,
260120264,2006-01-12,22:00,2006,regular,,final,Washington,UCLA,264,26,96,75,,Pac-12,Pac-12,,,,,,
260120265,2006-01-12,22:00,2006,regular,,final,Washington State,USC,265,30,60,81,,Pac-12,Pac-12,,,,,,
260120278,2006-01-12,22:00,2006,regular,,final,Fresno State,New Mexico State,278,166,68,52,,WAC,WAC,,,,,,
260122351,2006-01-12,22:00,2006,regular,,final,Loyola Marymount,Portland,2351,2501,77,66,,WCC,WCC,,,,,,
260122492,2006-01-12,22:00,2006,regular,,final,Pepperdine,Gonzaga,2492,2250,59,58,,WCC,WCC,,,,,,
260120016,2006-01-12,22:05,2006,regular,,final,Sacramento State,Idaho State,16,304,76,79,,Big Sky,Big Sky,,,,,,
260120062,2006-01-13,00:00,2006,regular,,final,Hawai'i,Louisiana Tech,62,2348,66,71,,WAC,WAC,,,,,,
260130113,2006-01-13,12:00,2006,regular,,final,UMass,Rhode Island,113,227,54,63,,A 10,A 10,,,,,,
260132603,2006-01-13,12:00,2006,regular,,final,Saint Joseph's,Saint Louis,2603,139,69,50,,A 10,A 10,,,,,,
260132752,2006-01-13,12:00,2006,regular,,final,Xavier,Richmond,2752,257,72,60,,A 10,A 10,,,,,,
260130151,2006-01-13,19:00,2006,regular,,final,East Carolina,Houston,151,248,45,54,,C-USA,C-USA,,,,,,
260130171,2006-01-13,19:00,2006,regular,,final,Columbia,Princeton,171,163,62,78,,Ivy,Ivy,,,,,,
260130172,2006-01-13,19:00,2006,regular,,final,Cornell,Pennsylvania,172,219,64,51,,Ivy,Ivy,,,,,,
260130218,2006-01-13,19:00,2006,regular,,final,Temple,Fordham,218,2230,61,47,,A 10,A 10,,,,,,
260130256,2006-01-13,19:00,2006,regular,,final,James Madison,Northeastern,256,111,68,56,,CAA,CAA,,,,,,
260130258,2006-01-13,19:00,2006,regular,,final,Virginia,NC State,258,152,63,73,,ACC,ACC,,,,,,
260130276,2006-01-13,19:00,2006,regular,,final,Marshall,Rice,276,242,75,64,,C-USA,C-USA,,,,,,
260130295,2006-01-13,19:00,2006,regular,,final,Old Dominion,Hofstra,295,2275,71,57,,CAA,CAA,,,,,,
260132116,2006-01-13,19:00,2006,regular,,final,UCF,Tulane,2116,2655,60,52,,C-USA,C-USA,,,,,,
260132182,2006-01-13,19:00,2006,regular,,final,Drexel,William & Mary,2182,2729,50,58,,CAA,CAA,,,,,,
260132244,2006-01-13,19:00,2006,regular,,final,George Mason,UNC Wilmington,2244,350,51,64,,CAA,CAA,,,,,,
260132325,2006-01-13,19:00,2006,regular,,final,La Salle,St. Bonaventure,2325,179,86,66,,A 10,A 10,,,,,,
260132670,2006-01-13,19:00,2006,regular,,final,VCU,Georgia State,2670,2247,69,60,,CAA,CAA,,,,,,
260132184,2006-01-13,19:05,2006,regular,,final,Duquesne,Dayton,2184,2168,55,67,,A 10,A 10,,,,,,
260130119,2006-01-13,19:30,2006,regular,,final,Towson,Delaware,119,48,56,67,,CAA,CAA,,,,,,
260130202,2006-01-13,20:00,2006,regular,,final,Tulsa,UAB,202,5,57,60,,C-USA,C-USA,,,,,,
260132567,2006-01-13,20:00,2006,regular,,final,SMU,Memphis,2567,235,67,45,,C-USA,C-USA,,,,,,
260132572,2006-01-13,20:00,2006,regular,,final,Southern Miss,UTEP,2572,2638,57,55,,C-USA,C-USA,,,,,,
260130147,2006-01-13,21:05,2006,regular,,final,Montana State,Montana,147,149,54,79,,Big Sky,Big Sky,,,,,,
260130013,2006-01-13,22:00,2006,regular,,final,Cal Poly,UC Davis,13,302,59,73,,Big West,Big West,,,,,,
260130279,2006-01-13,22:00,2006,regular,,final,Pacific,Long Beach State,279,299,61,74,,Big West,Big West,,,,,,
260132463,2006-01-13,22:00,2006,regular,,final,Cal State Northridge,UC Irvine,2463,300,57,47,,Big West,Big West,,,,,,
260142569,2006-01-14,11:00,2006,regular,,final,South Carolina State,Bethune-Cookman,2569,2065,66,49,,MEAC,MEAC,,,,,,
260140097,2006-01-14,13:00,2006,regular,,final,Louisville,Notre Dame,97,87,61,51,,Big East,Big East,,,,,,
260140104,2006-01-14,13:00,2006,regular,,final,Boston University,Binghamton,104,2066,77,68,,Am. East,Am. East,,,,,,
260140160,2006-01-14,13:00,2006,regular,,final,New Hampshire,Stony Brook,160,2619,69,72,,Am. East,Am. East,,,,,,
260140183,2006-01-14,13:00,2006,regular,,final,Syracuse,Marquette,183,269,57,71,,Big East,Big East,,,,,,
260142097,2006-01-14,13:00,2006,regular,,final,Campbell,Jacksonville,2097,294,85,69,,ASUN,ASUN,,,,,,
260142514,2006-01-14,13:00,2006,regular,,final,Quinnipiac,Monmouth,2514,2405,50,54,,NEC,NEC,,,,,,
260142747,2006-01-14,13:00,2006,regular,,final,Wofford,Furman,2747,231,70,69,,Southern,Southern,,,,,,
260142750,2006-01-14,13:00,2006,regular,,final,Wright State,Butler,2750,2086,56,78,,Horizon,Horizon,,,,,,
260140012,2006-01-14,14:00,2006,regular,,final,Arizona,Oregon,12,2483,81,72,,Pac-12,Pac-12,,,,,,
260140042,2006-01-14,14:00,2006,regular,,final,Hartford,UMBC,42,2378,76,52,,Am. East,Am. East,,,,,,
260140047,2006-01-14,14:00,2006,regular,,final,Howard,Delaware State,47,2169,70,75,,MEAC,MEAC,,,,,,
260140056,2006-01-14,14:00,2006,regular,,final,Stetson,Lipscomb,56,288,70,62,,ASUN,ASUN,,,,,,
260140164,2006-01-14,14:00,2006,regular,,final,Rutgers,Seton Hall,164,2550,63,41,,Big East,Big East,,,,,,
260140197,2006-01-14,14:00,2006,regular,,final,Oklahoma State,Oklahoma,197,201,51,85,,Big 12,Big 12,,,,,,
260140221,2006-01-14,14:00,2006,regular,,final,Pittsburgh,Providence,221,2507,75,65,,Big East,Big East,,,,,,
260140305,2006-01-14,14:00,2006,regular,,final,DePaul,Villanova,305,222,84,75,,Big East,Big East,,,,,,
260140338,2006-01-14,14:00,2006,regular,,final,Kennesaw State,Florida Atlantic,338,2226,58,71,,ASUN,ASUN,,,,,,
260142166,2006-01-14,14:00,2006,regular,,final,Davidson,Georgia Southern,2166,290,71,52,,Southern,Southern,,,,,,
260142210,2006-01-14,14:00,2006,regular,,final,Elon,Charleston,2210,232,65,44,,Southern,Southern,,,,,,
260142241,2006-01-14,14:00,2006,regular,,final,Gardner-Webb,North Florida,2241,2454,74,58,,ASUN,ASUN,,,,,,
260142309,2006-01-14,14:00,2006,regular,,final,Kent State,Bowling Green,2309,189,58,61,,MAC,MAC,,,,,,
260142363,2006-01-14,14:00,2006,regular,,final,Manhattan,Canisius,2363,2099,47,51,,MAAC,MAAC,,,,,,
260142382,2006-01-14,14:00,2006,regular,,final,Mercer,Belmont,2382,2057,64,62,,ASUN,ASUN,,,,,,
260142415,2006-01-14,14:00,2006,regular,,final,Morgan State,Hampton,2415,2261,79,74,,MEAC,MEAC,,,,,,
260142427,2006-01-14,14:00,2006,regular,,final,UNC Asheville,High Point,2427,2272,70,73,,Big South,Big South,,,,,,
260142430,2006-01-14,14:00,2006,regular,,final,UNC Greensboro,Appalachian State,2430,2026,85,71,,Southern,Southern,,,,,,
260142448,2006-01-14,14:00,2006,regular,,final,North Carolina A&T,Florida A&M,2448,50,73,66,,MEAC,MEAC,,,,,,
260142612,2006-01-14,14:00,2006,regular,,final,Saint Peter's,Loyola Maryland,2612,2352,60,57,,MAAC,MAAC,,,,,,
260142710,2006-01-14,14:00,2006,regular,,final,Western Illinois,Oakland,2710,2473,74,65,,,Horizon,,,,,,
260142623,2006-01-14,14:05,2006,regular,,final,Missouri State,Evansville,2623,339,67,59,,MVC,MVC,,,,,,
260140003,2006-01-14,15:00,2006,regular,,final,Birmingham-Southern,Winthrop,3,2737,59,69,,Big South,Big South,,,,,,
260140250,2006-01-14,15:00,2006,regular,,final,UT Arlington,Lamar,250,2320,78,41,,WAC,,,,,,,
260140325,2006-01-14,15:00,2006,regular,,final,Cleveland State,Milwaukee,325,270,53,68,,Horizon,Horizon,,,,,,
260142447,2006-01-14,15:00,2006,regular,,final,Nicholls,SE Louisiana,2447,2545,42,47,,,,,,,,,
260142466,2006-01-14,15:00,2006,regular,,final,Northwestern State,Sam Houston,2466,2534,78,60,,,WAC,,,,,,
260142515,2006-01-14,15:00,2006,regular,,final,Radford,Coastal Carolina,2515,324,66,46,,Big South,Big South,,,,,,
260142561,2006-01-14,15:00,2006,regular,,final,Siena,Fairfield,2561,2217,70,64,,MAAC,MAAC,,,,,,
260142628,2006-01-14,15:00,2006,regular,,final,TCU,Air Force,2628,2005,71,57,,Mountain West,Mountain West,,,,,,
260142724,2006-01-14,15:00,2006,regular,,final,Wichita State,Southern Illinois,2724,79,66,57,,MVC,MVC,,,,,,
260142181,2006-01-14,15:05,2006,regular,,final,Drake,Creighton,2181,156,67,52,,MVC,MVC,,,,,,
260142459,2006-01-14,15:05,2006,regular,,final,Northern Illinois,Toledo,2459,2649,71,60,,MAC,MAC,,,,,,
260140043,2006-01-14,16:00,2006,regular,,final,Yale,Brown,43,225,47,51,,Ivy,Ivy,,,,,,
260140068,2006-01-14,16:00,2006,regular,,final,Boise State,Nevada,68,2440,58,50,,WAC,WAC,,,,,,
260140082,2006-01-14,16:00,2006,regular,,final,UIC,Loyola Chicago,82,2350,73,51,,Horizon,Horizon,,,,,,
260140264,2006-01-14,16:00,2006,regular,,final,Washington,USC,264,30,61,64,,Pac-12,Pac-12,,,,,,
260140265,2006-01-14,16:00,2006,regular,,final,Washington State,UCLA,265,26,63,73,,Pac-12,Pac-12,,,,,,
260140278,2006-01-14,16:00,2006,regular,,final,Fresno State,Louisiana Tech,278,2348,67,58,,WAC,WAC,,,,,,
260140322,2006-01-14,16:00,2006,regular,,final,Lafayette,Navy,322,2426,71,75,,Patriot,Patriot,,,,,,
260142011,2006-01-14,16:00,2006,regular,,final,Alabama State,Alabama A&M,2011,2010,50,43,,SWAC,SWAC,,,,,,
260142083,2006-01-14,16:00,2006,regular,,final,Bucknell,Holy Cross,2083,107,63,67,,Patriot,Patriot,,,,,,
260142115,2006-01-14,16:00,2006,regular,,final,Central Connecticut,Fairleigh Dickinson,2115,161,61,55,,NEC,NEC,,,,,,
260142142,2006-01-14,16:00,2006,regular,,final,Colgate,American University,2142,44,63,74,,Patriot,Patriot,,,,,,
260142172,2006-01-14,16:00,2006,regular,,final,Denver,Florida International,2172,2229,50,45,,Sun Belt,Sun Belt,,,,,,
260142344,2006-01-14,16:00,2006,regular,,final,Longwood,Purdue Fort Wayne,2344,2870,86,69,,,,,,,,,
260142377,2006-01-14,16:00,2006,regular,,final,McNeese,Stephen F. Austin,2377,2617,63,69,,,WAC,,,,,,
260142598,2006-01-14,16:00,2006,regular,,final,St. Francis (PA),St. Francis Brooklyn,2598,2597,60,56,,NEC,NEC,,,,,,
260142681,2006-01-14,16:00,2006,regular,,final,Wagner,Sacred Heart,2681,2529,56,67,,NEC,NEC,,,,,,
260140016,2006-01-14,16:05,2006,regular,,final,Sacramento State,Weber State,16,2692,55,57,,Big Sky,Big Sky,,,,,,
260140277,2006-01-14,16:30,2006,regular,,final,West Virginia,Georgetown,277,46,65,54,,Big East,Big East,,,,,,
260142006,2006-01-14,16:30,2006,regular,,final,Akron,Miami (OH),2006,193,54,65,,MAC,MAC,,,,,,
260142717,2006-01-14,16:30,2006,regular,,final,Western Carolina,Chattanooga,2717,236,68,77,,Southern,Southern,,,,,,
260140024,2006-01-14,17:00,2006,regular,,final,Stanford,California,24,25,87,75,,Pac-12,Pac-12,,,,,,
260140140,2006-01-14,17:00,2006,regular,,final,Kansas City,IUPUI,140,85,46,63,,,Horizon,,,,,,
260140167,2006-01-14,17:00,2006,regular,,final,New Mexico,Wyoming,167,2751,62,39,,Mountain West,Mountain West,,,,,,
260140254,2006-01-14,17:00,2006,regular,,final,Utah,Colorado State,254,36,76,54,,Mountain West,Mountain West,,,,,,
260142084,2006-01-14,17:00,2006,regular,,final,Buffalo,Ohio,2084,195,62,72,,MAC,MAC,,,,,,
260142199,2006-01-14,17:00,2006,regular,,final,Eastern Michigan,Western Michigan,2199,2711,71,55,,MAC,MAC,,,,,,
260142239,2006-01-14,17:00,2006,regular,,final,Cal State Fullerton,UC Riverside,2239,27,68,62,,Big West,Big West,,,,,,
260142329,2006-01-14,17:00,2006,regular,,final,Lehigh,Army,2329,349,60,53,,Patriot,Patriot,,,,,,
260142351,2006-01-14,17:00,2006,regular,,final,Loyola Marymount,Gonzaga,2351,2250,75,46,,WCC,WCC,,,,,,
260142492,2006-01-14,17:00,2006,regular,,final,Pepperdine,Portland,2492,2501,62,52,,WCC,WCC,,,,,,
260142523,2006-01-14,17:00,2006,regular,,final,Robert Morris,LIU Brooklyn,2523,2341,68,51,,NEC,NEC,,,,,,
260142535,2006-01-14,17:00,2006,regular,,final,Samford,Tennessee Tech,2535,2635,51,63,,Southern,,,,,,,
260142541,2006-01-14,17:00,2006,regular,,final,Santa Clara,San Diego,2541,301,70,85,,WCC,WCC,,,,,,
260142630,2006-01-14,17:00,2006,regular,,final,UT Martin,Morehead State,2630,2413,48,58,,,,,,,,,
260140331,2006-01-14,17:05,2006,regular,,final,Eastern Washington,Portland State,331,2502,78,76,,Big Sky,Big Sky,,,,,,
260142460,2006-01-14,17:05,2006,regular,,final,Northern Iowa,Indiana State,2460,282,62,74,,MVC,MVC,,,,,,
260142608,2006-01-14,17:05,2006,regular,,final,Saint Mary's,San Francisco,2608,2539,74,46,,WCC,WCC,,,,,,
260142754,2006-01-14,17:15,2006,regular,,final,Youngstown State,Green Bay,2754,2739,49,74,,Horizon,Horizon,,,,,,
260142113,2006-01-14,17:30,2006,regular,,final,Centenary,Chicago State,2113,2130,51,53,,,,,,,,,
260142154,2006-01-14,17:30,2006,regular,,final,Coppin State,Norfolk State,2154,2450,61,35,,MEAC,MEAC,,,,,,
260140009,2006-01-14,18:00,2006,regular,,final,Arizona State,Oregon State,9,204,69,51,,Pac-12,Pac-12,,,,,,
260140055,2006-01-14,18:00,2006,regular,,final,Jacksonville State,Tennessee State,55,2634,75,61,,ASUN,,,,,,,
260140103,2006-01-14,18:00,2006,regular,,final,Boston College,Duke,103,150,52,66,,ACC,ACC,,,,,,
260142546,2006-01-14,18:00,2006,regular,,final,Southeast Missouri State,Austin Peay,2546,2046,72,54,,,ASUN,,,,,,
260142029,2006-01-14,18:30,2006,regular,,final,Arkansas-Pine Bluff,Southern,2029,2582,57,71,,SWAC,SWAC,,,,,,
260142296,2006-01-14,18:30,2006,regular,,final,Jackson State,Prairie View A&M,2296,2504,73,64,,SWAC,SWAC,,,,,,
260142400,2006-01-14,18:30,2006,regular,,final,Mississippi Valley State,Alcorn State,2400,2016,74,71,,SWAC,SWAC,,,,,,
260142755,2006-01-14,18:30,2006,regular,,final,Grambling,Texas Southern,2755,2640,68,76,,SWAC,SWAC,,,,,,
260140041,2006-01-14,19:00,2006,regular,,final,UConn,St. John's,41,2599,70,53,,Big East,Big East,,,,,,
260140171,2006-01-14,19:00,2006,regular,,final,Columbia,Pennsylvania,171,219,62,68,,Ivy,Ivy,,,,,,
260140172,2006-01-14,19:00,2006,regular,,final,Cornell,Princeton,172,163,80,94,,Ivy,Ivy,,,,,,
260142050,2006-01-14,19:00,2006,regular,,final,Ball State,Central Michigan,2050,2117,57,47,,MAC,MAC,,,,,,
260142335,2006-01-14,19:00,2006,regular,,final,Liberty,Charleston Southern,2335,2127,78,41,,Big South,Big South,,,,,,
260142368,2006-01-14,19:00,2006,regular,,final,Marist,Niagara,2368,315,70,56,,MAAC,MAAC,,,,,,
260142197,2006-01-14,19:05,2006,regular,,final,Eastern Illinois,Eastern Kentucky,2197,2198,85,76,,,ASUN,,,,,,
260140006,2006-01-14,20:00,2006,regular,,final,South Alabama,New Orleans,6,2443,69,53,,Sun Belt,Sun Belt,,,,,,
260140066,2006-01-14,20:00,2006,regular,,final,Iowa State,Nebraska,66,158,79,57,,Big 12,Big 12,,,,,,
260140251,2006-01-14,20:00,2006,regular,,final,Texas,Missouri,251,142,63,54,,Big 12,Big 12,,,,,,
260142031,2006-01-14,20:00,2006,regular,,final,Little Rock,Middle Tennessee,2031,2393,58,53,,Sun Belt,Sun Belt,,,,,,
260142306,2006-01-14,20:00,2006,regular,,final,Kansas State,Colorado,2306,38,85,66,,Big 12,Big 12,,,,,,
260142433,2006-01-14,20:00,2006,regular,,final,UL Monroe,UTSA,2433,2636,62,61,,Sun Belt,C-USA,,,,,,
260142464,2006-01-14,20:00,2006,regular,,final,Northern Arizona,Idaho State,2464,304,74,64,,Big Sky,Big Sky,,,,,,
260142653,2006-01-14,20:00,2006,regular,,final,Troy,Louisiana,2653,309,69,81,,Sun Belt,Sun Belt,,,,,,
260142032,2006-01-14,20:05,2006,regular,,final,Arkansas State,Western Kentucky,2032,98,76,62,,Sun Belt,Sun Belt,,,,,,
260140023,2006-01-14,22:00,2006,regular,,final,San José State,South Dakota State,23,2571,64,51,,WAC,,,,,,,
260140070,2006-01-14,22:00,2006,regular,,final,Idaho,Utah State,70,328,54,51,,WAC,WAC,,,,,,
260142439,2006-01-14,22:00,2006,regular,,final,UNLV,San Diego State,2439,21,71,54,,Mountain West,Mountain West,,,,,,
260140062,2006-01-15,00:00,2006,regular,,final,Hawai'i,New Mexico State,62,166,69,72,,WAC,WAC,,,,,,
260150045,2006-01-15,12:00,2006,regular,,final,George Washington,Xavier,45,2752,64,58,,A 10,A 10,,,,,,
260150130,2006-01-15,12:00,2006,regular,,final,Ohio State,Michigan,194,130,62,34,,Big Ten,Big Ten,,,,,,
260150059,2006-01-15,12:30,2006,regular,,final,Georgia Tech,Kentucky,59,96,62,66,,ACC,SEC,,,,,,RUSSELL ACC/SEC SHOOTOUT
260150111,2006-01-15,13:00,2006,regular,,final,Northeastern,Delaware,111,48,56,78,,CAA,CAA,,,,,,
260150261,2006-01-15,13:00,2006,regular,,final,Vermont,Maine,261,311,73,60,,Am. East,Am. East,,,,,,
260152182,2006-01-15,13:00,2006,regular,,final,Drexel,Old Dominion,2182,295,53,63,,CAA,CAA,,,,,,
260150071,2006-01-15,13:05,2006,regular,,final,Bradley,Illinois State,71,2287,71,63,,MVC,MVC,,,,,,
260150119,2006-01-15,14:00,2006,regular,,final,Towson,Georgia State,119,2247,65,89,,CAA,CAA,,,,,,
260150135,2006-01-15,14:00,2006,regular,,final,Minnesota,Michigan State,135,127,71,58,,Big Ten,Big Ten,,,,,,
260150218,2006-01-15,14:00,2006,regular,,final,Temple,St. Bonaventure,218,179,74,65,,A 10,A 10,,,,,,
260150314,2006-01-15,14:00,2006,regular,,final,Iona,Rider,314,2520,78,58,,MAAC,MAAC,,,,,,
260150350,2006-01-15,14:00,2006,regular,,final,UNC Wilmington,VCU,350,2670,37,54,,CAA,CAA,,,,,,
260152132,2006-01-15,14:00,2006,regular,,final,Cincinnati,South Florida,2132,58,89,87,,Big East,Big East,,,,,,
260152168,2006-01-15,14:00,2006,regular,,final,Dayton,Richmond,2168,257,67,62,,A 10,A 10,,,,,,
260152244,2006-01-15,14:00,2006,regular,,final,George Mason,William & Mary,2244,2729,70,51,,CAA,CAA,,,,,,
260152275,2006-01-15,14:00,2006,regular,,final,Hofstra,James Madison,2275,256,65,53,,CAA,CAA,,,,,,
260152305,2006-01-15,14:00,2006,regular,,final,Kansas,Texas A&M,2305,245,64,78,,Big 12,Big 12,,,,,,
260152429,2006-01-15,14:00,2006,regular,,final,Charlotte,UMass,2429,113,71,61,,A 10,A 10,,,,,,
260150275,2006-01-15,14:30,2006,regular,,final,Wisconsin,Illinois,275,356,54,84,,Big Ten,Big Ten,,,,,,
260150002,2006-01-15,15:00,2006,regular,,final,Auburn,Ole Miss,2,145,48,51,,SEC,SEC,,,,,,
260150061,2006-01-15,15:00,2006,regular,,final,Georgia,Miami,61,2390,74,59,,SEC,ACC,,,,,,AT DULUTH GA
260150139,2006-01-15,15:00,2006,regular,,final,Saint Louis,Duquesne,139,2184,59,54,,A 10,A 10,,,,,,
260150202,2006-01-15,15:00,2006,regular,,final,Tulsa,Memphis,202,235,93,40,,C-USA,C-USA,,,,,,
260150228,2006-01-15,15:00,2006,regular,,final,Clemson,Wake Forest,228,154,75,68,,ACC,ACC,,,,,,
260150333,2006-01-15,15:00,2006,regular,,final,Alabama,Arkansas,333,8,75,73,,SEC,SEC,,,,,,
260150344,2006-01-15,15:00,2006,regular,,final,Mississippi State,Tennessee,344,2633,56,79,,SEC,SEC,,,,,,
260152567,2006-01-15,15:00,2006,regular,,final,SMU,UAB,2567,5,54,49,,C-USA,C-USA,,,,,,
260152572,2006-01-15,15:00,2006,regular,,final,Southern Miss,Tulane,2572,2655,75,60,,C-USA,C-USA,,,,,,
260152579,2006-01-15,15:00,2006,regular,,final,South Carolina,Vanderbilt,2579,238,59,67,,SEC,SEC,,,,,,
260152641,2006-01-15,15:00,2006,regular,,final,Texas Tech,Baylor,2641,239,64,62,,Big 12,Big 12,,,,,,
260150077,2006-01-15,15:05,2006,regular,,final,Northwestern,Iowa,77,2294,48,80,,Big Ten,Big Ten,,,,,,
260150357,2006-01-15,16:00,2006,regular,,final,Texas A&M-Corpus Christi,Texas A&M-Commerce,357,2837,65,63,,,,,,,,,
260150152,2006-01-15,17:00,2006,regular,,final,NC State,North Carolina,152,153,53,65,,ACC,ACC,,,,,,
260150248,2006-01-15,17:00,2006,regular,,final,Houston,Rice,248,242,79,72,,C-USA,C-USA,,,,,,
260152116,2006-01-15,17:00,2006,regular,,final,UCF,UTEP,2116,2638,51,46,,C-USA,C-USA,,,,,,
260152230,2006-01-15,17:00,2006,regular,,final,Fordham,Saint Joseph's,2230,2603,40,45,,A 10,A 10,,,,,,
260152540,2006-01-15,17:00,2006,regular,,final,UC Santa Barbara,UC Davis,2540,302,70,55,,Big West,Big West,,,,,,
260150279,2006-01-15,18:00,2006,regular,,final,Pacific,UC Irvine,279,300,72,85,,Big West,Big West,,,,,,
260152463,2006-01-15,19:00,2006,regular,,final,Cal State Northridge,Long Beach State,2463,299,62,102,,Big West,Big West,,,,,,
260152458,2006-01-15,21:00,2006,regular,,final,Northern Colorado,UT Rio Grande Valley,2458,292,72,52,,Big Sky,,,,,,,
260162325,2006-01-16,12:00,2006,regular,,final,La Salle,Rhode Island,2325,227,61,53,,A 10,A 10,,,,,,
260162514,2006-01-16,13:00,2006,regular,,final,Quinnipiac,Fairleigh Dickinson,2514,161,80,50,,NEC,NEC,,,,,,
260162174,2006-01-16,14:00,2006,regular,,final,Detroit Mercy,Wright State,2174,2750,68,59,,Horizon,Horizon,,,,,,
260162448,2006-01-16,14:00,2006,regular,,final,North Carolina A&T,Bethune-Cookman,2448,2065,66,49,,MEAC,MEAC,,,,,,
260162542,2006-01-16,14:00,2006,regular,,final,Savannah State,Alabama A&M,2542,2010,43,59,,,SWAC,,,,,,
260162029,2006-01-16,14:30,2006,regular,,final,Arkansas-Pine Bluff,Alcorn State,2029,2016,71,61,,SWAC,SWAC,,,,,,
260160120,2006-01-16,16:30,2006,regular,,final,Maryland,Florida State,120,52,75,57,,ACC,ACC,,,,,,
260162430,2006-01-16,17:00,2006,regular,,final,UNC Greensboro,Charleston,2430,232,67,70,,Southern,Southern,,,,,,
260160338,2006-01-16,17:30,2006,regular,,final,Kennesaw State,East Tennessee State,338,2193,55,69,,ASUN,ASUN,,,,,,
260162154,2006-01-16,17:30,2006,regular,,final,Coppin State,Hampton,2154,2261,65,48,,MEAC,MEAC,,,,,,
260162296,2006-01-16,17:30,2006,regular,,final,Jackson State,Texas Southern,2296,2640,65,54,,SWAC,SWAC,,,,,,
260162379,2006-01-16,17:30,2006,regular,,final,Maryland-Eastern Shore,Delaware State,2379,2169,51,65,,MEAC,MEAC,,,,,,
260162415,2006-01-16,17:30,2006,regular,,final,Morgan State,Norfolk State,2415,2450,62,66,,MEAC,MEAC,,,,,,
260162569,2006-01-16,17:30,2006,regular,,final,South Carolina State,Florida A&M,2569,50,62,54,,MEAC,MEAC,,,,,,
260160249,2006-01-16,18:00,2006,regular,,final,North Texas,Florida International,249,2229,65,68,,Sun Belt,Sun Belt,,,,,,
260162400,2006-01-16,18:30,2006,regular,,final,Mississippi Valley State,Southern,2400,2582,62,67,,SWAC,SWAC,,,,,,
260162755,2006-01-16,18:30,2006,regular,,final,Grambling,Prairie View A&M,2755,2504,70,75,,SWAC,SWAC,,,,,,
260160041,2006-01-16,19:00,2006,regular,,final,UConn,LSU,41,99,51,48,,Big East,SEC,,,,,,AT HARTFORD CT
260160107,2006-01-16,19:00,2006,regular,,final,Holy Cross,Duke,107,150,36,84,,Patriot,ACC,,,,,,
260160116,2006-01-16,19:00,2006,regular,,final,Mount St. Mary's,Sacred Heart,116,2529,64,91,,NEC,NEC,,,,,,
260160231,2006-01-16,19:00,2006,regular,,final,Furman,Chattanooga,231,236,65,75,,Southern,Southern,,,,,,
260160259,2006-01-16,19:00,2006,regular,,final,Virginia Tech,Virginia,259,258,59,78,,ACC,ACC,,,,,,
260162335,2006-01-16,19:00,2006,regular,,final,Liberty,Coastal Carolina,2335,324,70,61,,Big South,Big South,,,,,,
260162368,2006-01-16,19:00,2006,regular,,final,Marist,Loyola Maryland,2368,2352,65,56,,MAAC,MAAC,,,,,,
260162515,2006-01-16,19:00,2006,regular,,final,Radford,Charleston Southern,2515,2127,77,51,,Big South,Big South,,,,,,
260162598,2006-01-16,19:00,2006,regular,,final,St. Francis (PA),LIU Brooklyn,2598,2341,50,65,,NEC,NEC,,,,,,
260162710,2006-01-16,19:00,2006,regular,,final,Western Illinois,Valparaiso,2710,2674,61,57,,,MVC,,,,,,
260162717,2006-01-16,19:00,2006,regular,,final,Western Carolina,Georgia Southern,2717,290,70,72,,Southern,Southern,,,,,,
260162405,2006-01-16,19:30,2006,regular,,final,Monmouth,Central Connecticut,2405,2115,79,56,,NEC,NEC,,,,,,
260162523,2006-01-16,19:30,2006,regular,,final,Robert Morris,St. Francis Brooklyn,2523,2597,67,60,,NEC,NEC,,,,,,
260160003,2006-01-16,20:00,2006,regular,,final,Birmingham-Southern,High Point,3,2272,56,71,,Big South,Big South,,,,,,
260160140,2006-01-16,20:00,2006,regular,,final,Kansas City,Oakland,140,2473,75,61,,,Horizon,,,,,,
260162113,2006-01-16,20:00,2006,regular,,final,Centenary,Southern Utah,2113,253,76,67,,,WAC,,,,,,
260162545,2006-01-16,20:00,2006,regular,,final,SE Louisiana,McNeese,2545,2377,69,49,,,,,,,,,
260160198,2006-01-16,20:05,2006,regular,,final,Oral Roberts,IUPUI,198,85,58,61,,,Horizon,,,,,,
260172099,2006-01-17,16:30,2006,regular,,final,Canisius,Niagara,2099,315,71,54,,MAAC,MAAC,,,,,,
260170571,2006-01-17,18:00,2006,regular,,final,Morris College,Savannah State,571,2542,50,66,,,,,,,,,
260170044,2006-01-17,19:00,2006,regular,,final,American University,Army,44,349,66,75,,Patriot,Patriot,,,,,,
260170193,2006-01-17,19:00,2006,regular,,final,Miami (OH),Kent State,193,2309,78,83,,MAC,MAC,,,,,,
260172142,2006-01-17,19:00,2006,regular,,final,Colgate,Dartmouth,2142,159,56,67,,Patriot,Ivy,,,,,,
260172166,2006-01-17,19:00,2006,regular,,final,Davidson,Elon,2166,2210,54,41,,Southern,Southern,,,,,,
260172449,2006-01-17,19:00,2006,regular,,final,North Dakota State,Valley City State,2449,628,90,40,,,,,,,,,
260172747,2006-01-17,19:00,2006,regular,,final,Wofford,Appalachian State,2747,2026,65,80,,Southern,Southern,,,,,,
260170087,2006-01-17,19:30,2006,regular,,final,Notre Dame,DePaul,87,305,78,75,,Big East,Big East,,,,,,
260172057,2006-01-17,20:00,2006,regular,,final,Belmont,Lipscomb,2057,288,77,49,,ASUN,ASUN,,,,,,
260173081,2006-01-17,21:05,2006,regular,,final,Utah Valley,UT Rio Grande Valley,3084,292,73,67,,,,,,,,,
260182717,2006-01-18,12:00,2006,regular,,final,Western Carolina,UNC Greensboro,2717,2430,60,69,,Southern,Southern,,,,,,
260180058,2006-01-18,19:00,2006,regular,,final,South Florida,Syracuse,58,183,73,55,,Big East,Big East,,,,,,
260180097,2006-01-18,19:00,2006,regular,,final,Louisville,Georgetown,97,46,89,68,,Big East,Big East,,,,,,
260180153,2006-01-18,19:00,2006,regular,,final,North Carolina,Georgia Tech,153,59,85,56,,ACC,ACC,,,,,,
260180160,2006-01-18,19:00,2006,regular,,final,New Hampshire,Maine,160,311,63,59,,Am. East,Am. East,,,,,,
260180189,2006-01-18,19:00,2006,regular,,final,Bowling Green,Ohio,189,195,77,63,,MAC,MAC,,,,,,
260180232,2006-01-18,19:00,2006,regular,,final,Charleston,Anderson,232,380,72,71,,Southern,,,,,,,
260180399,2006-01-18,19:00,2006,regular,,final,Albany,Vermont,399,261,38,67,,Am. East,Am. East,,,,,,
260182006,2006-01-18,19:00,2006,regular,,final,Akron,Buffalo,2006,2084,63,68,,MAC,MAC,,,,,,
260182050,2006-01-18,19:00,2006,regular,,final,Ball State,Eastern Michigan,2050,2199,58,66,,MAC,MAC,,,,,,
260182066,2006-01-18,19:00,2006,regular,,final,Binghamton,Hartford,2066,42,64,65,,Am. East,Am. East,,,,,,
260182086,2006-01-18,19:00,2006,regular,,final,Butler,Loyola Chicago,2086,2350,85,72,,Horizon,Horizon,,,,,,
260182132,2006-01-18,19:00,2006,regular,,final,Cincinnati,St. John's,2132,2599,80,88,,Big East,Big East,,,,,,
260182329,2006-01-18,19:00,2006,regular,,final,Lehigh,Bucknell,2329,2083,45,58,,Patriot,Patriot,,,,,,
260182507,2006-01-18,19:00,2006,regular,,final,Providence,Seton Hall,2507,2550,59,69,,Big East,Big East,,,,,,
260182619,2006-01-18,19:00,2006,regular,,final,Stony Brook,Boston University,2619,104,72,54,,Am. East,Am. East,,,,,,
260182649,2006-01-18,19:00,2006,regular,,final,Toledo,Central Michigan,2649,2117,48,60,,MAC,MAC,,,,,,
260182711,2006-01-18,19:00,2006,regular,,final,Western Michigan,Northern Illinois,2711,2459,78,65,,MAC,MAC,,,,,,
260182737,2006-01-18,19:00,2006,regular,,final,Winthrop,UNC Asheville,2737,2427,54,51,,Big South,Big South,,,,,,
260180222,2006-01-18,19:30,2006,regular,,final,Villanova,West Virginia,222,277,75,59,,Big East,Big East,,,,,,
260180077,2006-01-18,20:00,2006,regular,,final,Northwestern,Milwaukee,77,270,73,81,,Big Ten,Horizon,,,,,,
260180142,2006-01-18,20:00,2006,regular,,final,Missouri,Colorado,142,38,69,49,,Big 12,Big 12,,,,,,
260180197,2006-01-18,20:00,2006,regular,,final,Oklahoma State,Kansas State,197,2306,57,67,,Big 12,Big 12,,,,,,
260180201,2006-01-18,20:00,2006,regular,,final,Oklahoma,Texas Tech,201,2641,63,57,,Big 12,Big 12,,,,,,
260180239,2006-01-18,20:00,2006,regular,,final,Baylor,Texas A&M,239,245,60,49,,Big 12,Big 12,,,,,,
260180269,2006-01-18,20:00,2006,regular,,final,Marquette,Pittsburgh,269,221,71,62,,Big East,Big East,,,,,,
260180158,2006-01-18,20:05,2006,regular,,final,Nebraska,Texas,158,251,62,70,,Big 12,Big 12,,,,,,
260180036,2006-01-18,21:00,2006,regular,,final,Colorado State,UNLV,36,2439,62,67,,Mountain West,Mountain West,,,,,,
260180254,2006-01-18,21:00,2006,regular,,final,Utah,Air Force,254,2005,90,45,,Mountain West,Mountain West,,,,,,
260182751,2006-01-18,21:00,2006,regular,,final,Wyoming,BYU,2751,252,44,60,,Mountain West,Mountain West,,,,,,
260180021,2006-01-18,22:00,2006,regular,,final,San Diego State,TCU,21,2628,60,77,,Mountain West,Mountain West,,,,,,
260192634,2006-01-19,16:30,2006,regular,,final,Tennessee State,Southeast Missouri State,2634,2546,35,78,,,,,,,,,
260192635,2006-01-19,16:30,2006,regular,,final,Tennessee Tech,Eastern Illinois,2635,2197,78,67,,,,,,,,,
260190294,2006-01-19,17:00,2006,regular,,final,Jacksonville,Mercer,294,2382,59,66,,ASUN,ASUN,,,,,,
260192454,2006-01-19,17:00,2006,regular,,final,North Florida,Stetson,2454,56,61,55,,ASUN,ASUN,,,,,,
260192198,2006-01-19,17:30,2006,regular,,final,Eastern Kentucky,Jacksonville State,2198,55,87,77,,ASUN,ASUN,,,,,,
260192413,2006-01-19,17:30,2006,regular,,final,Morehead State,Samford,2413,2535,49,51,,,Southern,,,,,,
260190006,2006-01-19,18:00,2006,regular,,final,South Alabama,Middle Tennessee,6,2393,58,59,,Sun Belt,Sun Belt,,,,,,
260190339,2006-01-19,18:00,2006,regular,,final,Evansville,Drake,339,2181,68,61,,MVC,MVC,,,,,,
260192739,2006-01-19,18:00,2006,regular,,final,Green Bay,UIC,2739,82,77,58,,Horizon,Horizon,,,,,,
260192031,2006-01-19,18:15,2006,regular,,final,Little Rock,North Texas,2031,249,43,60,,Sun Belt,Sun Belt,,,,,,
260192046,2006-01-19,18:15,2006,regular,,final,Austin Peay,UT Martin,2046,2630,62,59,,ASUN,,,,,,,
260190052,2006-01-19,19:00,2006,regular,,final,Florida State,Clemson,52,228,80,66,,ACC,ACC,,,,,,
260190061,2006-01-19,19:00,2006,regular,,final,Georgia,Mississippi State,61,344,81,42,,SEC,SEC,,,,,,
260190096,2006-01-19,19:00,2006,regular,,final,Kentucky,Auburn,96,2,57,71,,SEC,SEC,,,,,,
260190113,2006-01-19,19:00,2006,regular,,final,UMass,Richmond,113,257,81,67,,A 10,A 10,,,,,,
260190116,2006-01-19,19:00,2006,regular,,final,Mount St. Mary's,Quinnipiac,116,2514,57,64,,NEC,NEC,,,,,,
260190127,2006-01-19,19:00,2006,regular,,final,Michigan State,Illinois,127,356,72,61,,Big Ten,Big Ten,,,,,,
260190130,2006-01-19,19:00,2006,regular,,final,Michigan,Minnesota,130,135,57,85,,Big Ten,Big Ten,,,,,,
260190150,2006-01-19,19:00,2006,regular,,final,Duke,NC State,150,152,77,57,,ACC,ACC,,,,,,
260190154,2006-01-19,19:00,2006,regular,,final,Wake Forest,Virginia Tech,154,259,77,71,,ACC,ACC,,,,,,
260190164,2006-01-19,19:00,2006,regular,,final,Rutgers,Temple,164,218,47,48,,Big East,A 10,,,,,,
260190194,2006-01-19,19:00,2006,regular,,final,Ohio State,Indiana,194,84,60,50,,Big Ten,Big Ten,,,,,,
260190219,2006-01-19,19:00,2006,regular,,final,Pennsylvania,Lafayette,219,322,56,60,,Ivy,Patriot,,,,,,
260190338,2006-01-19,19:00,2006,regular,,final,Kennesaw State,Gardner-Webb,338,2241,43,69,,ASUN,ASUN,,,,,,
260192168,2006-01-19,19:00,2006,regular,,final,Dayton,Xavier,2168,2752,70,87,,A 10,A 10,,,,,,
260192193,2006-01-19,19:00,2006,regular,,final,East Tennessee State,Campbell,2193,2097,74,63,,ASUN,ASUN,,,,,,
260192226,2006-01-19,19:00,2006,regular,,final,Florida Atlantic,Belmont,2226,2057,50,71,,ASUN,ASUN,,,,,,
260192229,2006-01-19,19:00,2006,regular,,final,Florida International,New Orleans,2229,2443,87,51,,Sun Belt,Sun Belt,,,,,,
260192363,2006-01-19,19:00,2006,regular,,final,Manhattan,Saint Peter's,2363,2612,60,65,,MAAC,MAAC,,,,,,
260192390,2006-01-19,19:00,2006,regular,,final,Miami,Boston College,2390,103,82,68,,ACC,ACC,,,,,,
260192450,2006-01-19,19:00,2006,regular,,final,Norfolk State,Longwood,2450,2344,67,61,,MEAC,,,,,,,
260192509,2006-01-19,19:00,2006,regular,,final,Purdue,Penn State,2509,213,70,56,,Big Ten,Big Ten,,,,,,
260192520,2006-01-19,19:00,2006,regular,,final,Rider,Loyola Maryland,2520,2352,47,63,,MAAC,MAAC,,,,,,
260192032,2006-01-19,19:05,2006,regular,,final,Arkansas State,Denver,2032,2172,70,39,,Sun Belt,Sun Belt,,,,,,
260192754,2006-01-19,19:05,2006,regular,,final,Youngstown State,Cleveland State,2754,325,68,56,,Horizon,Horizon,,,,,,
260190098,2006-01-19,20:00,2006,regular,,final,Western Kentucky,Troy,98,2653,64,36,,Sun Belt,Sun Belt,,,,,,
260190099,2006-01-19,20:00,2006,regular,,final,LSU,Alabama,99,333,79,43,,SEC,SEC,,,,,,
260190145,2006-01-19,20:00,2006,regular,,final,Ole Miss,Florida,145,57,58,66,,SEC,SEC,,,,,,
260190238,2006-01-19,20:00,2006,regular,,final,Vanderbilt,Tennessee,238,2633,68,80,,SEC,SEC,,,,,,
260192433,2006-01-19,20:00,2006,regular,,final,UL Monroe,Lamar,2433,2320,56,47,,Sun Belt,,,,,,,
260192447,2006-01-19,20:00,2006,regular,,final,Nicholls,McNeese,2447,2377,62,51,,,,,,,,,
260192534,2006-01-19,20:00,2006,regular,,final,Sam Houston,UTSA,2534,2636,71,75,,WAC,C-USA,,,,,,
260192545,2006-01-19,20:00,2006,regular,,final,SE Louisiana,UT Arlington,2545,250,43,61,,,WAC,,,,,,
260192571,2006-01-19,20:00,2006,regular,,final,South Dakota State,Purdue Fort Wayne,2571,2870,74,53,,,,,,,,,
260192617,2006-01-19,20:00,2006,regular,,final,Stephen F. Austin,Texas State,2617,326,82,49,,WAC,Sun Belt,,,,,,
260190079,2006-01-19,20:05,2006,regular,,final,Southern Illinois,Creighton,79,156,85,63,,MVC,MVC,,,,,,
260190275,2006-01-19,20:05,2006,regular,,final,Wisconsin,Iowa,275,2294,59,68,,Big Ten,Big Ten,,,,,,
260192692,2006-01-19,21:00,2006,regular,,final,Weber State,Portland State,2692,2502,80,61,,Big Sky,Big Sky,,,,,,
260190147,2006-01-19,21:05,2006,regular,,final,Montana State,Sacramento State,147,16,57,66,,Big Sky,Big Sky,,,,,,
260190149,2006-01-19,21:05,2006,regular,,final,Montana,Northern Arizona,149,2464,60,65,,Big Sky,Big Sky,,,,,,
260190304,2006-01-19,21:05,2006,regular,,final,Idaho State,Eastern Washington,304,331,89,68,,Big Sky,Big Sky,,,,,,
260190023,2006-01-19,22:00,2006,regular,,final,San José State,Boise State,23,68,63,57,,WAC,WAC,,,,,,
260190024,2006-01-19,22:00,2006,regular,,final,Stanford,Arizona,24,12,82,51,,Pac-12,Pac-12,,,,,,
260190025,2006-01-19,22:00,2006,regular,,final,California,Arizona State,25,9,66,64,,Pac-12,Pac-12,,,,,,
260190070,2006-01-19,22:00,2006,regular,,final,Idaho,Fresno State,70,278,57,76,,WAC,WAC,,,,,,
260190204,2006-01-19,22:00,2006,regular,,final,Oregon State,Washington,204,264,53,70,,Pac-12,Pac-12,,,,,,
260190300,2006-01-19,22:00,2006,regular,,final,UC Irvine,UC Riverside,300,27,46,76,,Big West,Big West,,,,,,
260190302,2006-01-19,22:00,2006,regular,,final,UC Davis,Cal State Northridge,302,2463,79,68,,Big West,Big West,,,,,,
260192250,2006-01-19,22:00,2006,regular,,final,Gonzaga,San Diego,2250,301,81,66,,WCC,WCC,,,,,,
260192483,2006-01-19,22:00,2006,regular,,final,Oregon,Washington State,2483,265,54,50,,Pac-12,Pac-12,,,,,,
260192501,2006-01-19,22:00,2006,regular,,final,Portland,San Francisco,2501,2539,54,57,,WCC,WCC,,,,,,
260192541,2006-01-19,22:00,2006,regular,,final,Santa Clara,Pepperdine,2541,2492,67,62,,WCC,WCC,,,,,,
260192440,2006-01-19,22:05,2006,regular,,final,Nevada,Utah Valley,2440,3084,74,59,,WAC,,,,,,,
260192608,2006-01-19,22:05,2006,regular,,final,Saint Mary's,Loyola Marymount,2608,2351,62,68,,WCC,WCC,,,,,,
260190299,2006-01-19,22:30,2006,regular,,final,Long Beach State,Cal State Fullerton,299,2239,64,59,,Big West,Big West,,,,,,
260200227,2006-01-20,12:00,2006,regular,,final,Rhode Island,George Washington,227,45,54,72,,A 10,A 10,,,,,,
260202368,2006-01-20,16:30,2006,regular,,final,Marist,Siena,2368,2561,61,39,,MAAC,MAAC,,,,,,
260200161,2006-01-20,17:00,2006,regular,,final,Fairleigh Dickinson,St. Francis Brooklyn,161,2597,62,54,,NEC,NEC,,,,,,
260202247,2006-01-20,18:00,2006,regular,,final,Georgia State,Northeastern,2247,111,61,64,,CAA,CAA,,,,,,
260200048,2006-01-20,19:00,2006,regular,,final,Delaware,Drexel,48,2182,57,55,,CAA,CAA,,,,,,
260200179,2006-01-20,19:00,2006,regular,,final,St. Bonaventure,Fordham,179,2230,51,65,,A 10,A 10,,,,,,
260200225,2006-01-20,19:00,2006,regular,,final,Brown,Yale,225,43,67,52,,Ivy,Ivy,,,,,,
260200256,2006-01-20,19:00,2006,regular,,final,James Madison,Towson,256,119,75,61,,CAA,CAA,,,,,,
260200258,2006-01-20,19:00,2006,regular,,final,Virginia,Maryland,258,120,74,84,,ACC,ACC,,,,,,
260200282,2006-01-20,19:00,2006,regular,,final,Indiana State,Wichita State,282,2724,85,60,,MVC,MVC,,,,,,
260200295,2006-01-20,19:00,2006,regular,,final,Old Dominion,George Mason,295,2244,71,55,,CAA,CAA,,,,,,
260200315,2006-01-20,19:00,2006,regular,,final,Niagara,Iona,315,314,61,67,,MAAC,MAAC,,,,,,
260202099,2006-01-20,19:00,2006,regular,,final,Canisius,Fairfield,2099,2217,85,73,,MAAC,MAAC,,,,,,
260202116,2006-01-20,19:00,2006,regular,,final,UCF,Marshall,2116,276,60,77,,C-USA,C-USA,,,,,,
260202275,2006-01-20,19:00,2006,regular,,final,Hofstra,UNC Wilmington,2275,350,71,53,,CAA,CAA,,,,,,
260202429,2006-01-20,19:00,2006,regular,,final,Charlotte,Saint Joseph's,2429,2603,81,50,,A 10,A 10,,,,,,
260202729,2006-01-20,19:00,2006,regular,,final,William & Mary,VCU,2729,2670,55,52,,CAA,CAA,,,,,,
260202184,2006-01-20,19:05,2006,regular,,final,Duquesne,La Salle,2184,2325,43,52,,A 10,A 10,,,,,,
260200202,2006-01-20,20:00,2006,regular,,final,Tulsa,Rice,202,242,58,53,,C-USA,C-USA,,,,,,
260200235,2006-01-20,20:00,2006,regular,,final,Memphis,UAB,235,5,58,61,,C-USA,C-USA,,,,,,
260202567,2006-01-20,20:00,2006,regular,,final,SMU,Houston,2567,248,66,53,,C-USA,C-USA,,,,,,
260202572,2006-01-20,20:00,2006,regular,,final,Southern Miss,East Carolina,2572,151,63,56,,C-USA,C-USA,,,,,,
260202287,2006-01-20,20:05,2006,regular,,final,Illinois State,Missouri State,2287,2623,64,55,,MVC,MVC,,,,,,
260210311,2006-01-21,12:00,2006,regular,,final,Maine,UMBC,311,2378,73,56,,Am. East,Am. East,,,,,,
260212426,2006-01-21,12:00,2006,regular,,final,Navy,Army,2426,349,69,83,,Patriot,Patriot,,,,,,
260210107,2006-01-21,13:00,2006,regular,,final,Holy Cross,American University,107,44,59,55,,Patriot,Patriot,,,,,,
260210183,2006-01-21,13:00,2006,regular,,final,Syracuse,Cincinnati,183,2132,43,59,,Big East,Big East,,,,,,
260210189,2006-01-21,13:00,2006,regular,,final,Bowling Green,Miami (OH),189,193,80,58,,MAC,MAC,,,,,,
260210195,2006-01-21,13:00,2006,regular,,final,Ohio,Akron,195,2006,63,55,,MAC,MAC,,,,,,
260210261,2006-01-21,13:00,2006,regular,,final,Vermont,Boston University,261,104,72,92,,Am. East,Am. East,,,,,,
260210294,2006-01-21,13:00,2006,regular,,final,Jacksonville,Stetson,294,56,71,59,,ASUN,ASUN,,,,,,
260210042,2006-01-21,14:00,2006,regular,,final,Hartford,Stony Brook,42,2619,82,64,,Am. East,Am. East,,,,,,
260210050,2006-01-21,14:00,2006,regular,,final,Florida A&M,Maryland-Eastern Shore,50,2379,65,53,,MEAC,MEAC,,,,,,
260210164,2006-01-21,14:00,2006,regular,,final,Rutgers,Louisville,164,97,80,55,,Big East,Big East,,,,,,
260210171,2006-01-21,14:00,2006,regular,,final,Columbia,Cornell,171,172,60,75,,Ivy,Ivy,,,,,,
260210221,2006-01-21,14:00,2006,regular,,final,Pittsburgh,UConn,221,41,54,65,,Big East,Big East,,,,,,
260210277,2006-01-21,14:00,2006,regular,,final,West Virginia,Marquette,277,269,75,80,,Big East,Big East,,,,,,
260210324,2006-01-21,14:00,2006,regular,,final,Coastal Carolina,UNC Asheville,324,2427,65,68,,Big South,Big South,,,,,,
260210338,2006-01-21,14:00,2006,regular,,final,Kennesaw State,Campbell,338,2097,72,84,,ASUN,ASUN,,,,,,
260210399,2006-01-21,14:00,2006,regular,,final,Albany,New Hampshire,399,160,62,58,,Am. East,Am. East,,,,,,
260212026,2006-01-21,14:00,2006,regular,,final,Appalachian State,Georgia Southern,2026,290,78,75,,Southern,Southern,,,,,,
260212065,2006-01-21,14:00,2006,regular,,final,Bethune-Cookman,Howard,2065,47,78,99,,MEAC,MEAC,,,,,,
260212117,2006-01-21,14:00,2006,regular,,final,Central Michigan,Eastern Michigan,2117,2199,45,58,,MAC,MAC,,,,,,
260212127,2006-01-21,14:00,2006,regular,,final,Charleston Southern,Birmingham-Southern,2127,3,58,61,,Big South,Big South,,,,,,
260212174,2006-01-21,14:00,2006,regular,,final,Detroit Mercy,Youngstown State,2174,2754,69,62,,Horizon,Horizon,,,,,,
260212193,2006-01-21,14:00,2006,regular,,final,East Tennessee State,Gardner-Webb,2193,2241,68,72,,ASUN,ASUN,,,,,,
260212210,2006-01-21,14:00,2006,regular,,final,Elon,UNC Greensboro,2210,2430,35,56,,Southern,Southern,,,,,,
260212309,2006-01-21,14:00,2006,regular,,final,Kent State,Buffalo,2309,2084,73,56,,MAC,MAC,,,,,,
260212335,2006-01-21,14:00,2006,regular,,final,Liberty,Winthrop,2335,2737,56,44,,Big South,Big South,,,,,,
260212341,2006-01-21,14:00,2006,regular,,final,LIU Brooklyn,Monmouth,2341,2405,56,65,,NEC,NEC,,,,,,
260212350,2006-01-21,14:00,2006,regular,,final,Loyola Chicago,Wright State,2350,2750,85,77,,Horizon,Horizon,,,,,,
260212448,2006-01-21,14:00,2006,regular,,final,North Carolina A&T,Coppin State,2448,2154,54,82,,MEAC,MEAC,,,,,,
260212454,2006-01-21,14:00,2006,regular,,final,North Florida,Mercer,2454,2382,66,61,,ASUN,ASUN,,,,,,
260212520,2006-01-21,14:00,2006,regular,,final,Rider,Manhattan,2520,2363,48,78,,MAAC,MAAC,,,,,,
260212529,2006-01-21,14:00,2006,regular,,final,Sacred Heart,St. Francis (PA),2529,2598,64,51,,NEC,NEC,,,,,,
260212550,2006-01-21,14:00,2006,regular,,final,Seton Hall,DePaul,2550,305,56,69,,Big East,Big East,,,,,,
260212747,2006-01-21,14:00,2006,regular,,final,Wofford,Davidson,2747,2166,72,81,,Southern,Southern,,,,,,
260212599,2006-01-21,14:30,2006,regular,,final,St. John's,Villanova,2599,222,65,55,,Big East,Big East,,,,,,
260210116,2006-01-21,15:00,2006,regular,,final,Mount St. Mary's,Central Connecticut,116,2115,70,60,,NEC,NEC,,,,,,
260210270,2006-01-21,15:00,2006,regular,,final,Milwaukee,UIC,270,82,55,54,,Horizon,Horizon,,,,,,
260212272,2006-01-21,15:00,2006,regular,,final,High Point,Radford,2272,2515,66,53,,Big South,Big South,,,,,,
260212630,2006-01-21,15:00,2006,regular,,final,UT Martin,Murray State,2630,93,64,83,,,MVC,,,,,,
260212636,2006-01-21,15:00,2006,regular,,final,UTSA,Stephen F. Austin,2636,2617,66,48,,C-USA,WAC,,,,,,
260210079,2006-01-21,15:05,2006,regular,,final,Southern Illinois,Drake,79,2181,74,66,,MVC,MVC,,,,,,
260212674,2006-01-21,15:05,2006,regular,,final,Valparaiso,Southern Utah,2674,253,77,58,,MVC,WAC,,,,,,
260212473,2006-01-21,15:30,2006,regular,,final,Oakland,Centenary,2473,2113,78,63,,Horizon,,,,,,,
260210030,2006-01-21,16:00,2006,regular,,final,USC,UCLA,30,26,73,70,,Pac-12,Pac-12,,,,,,
260210036,2006-01-21,16:00,2006,regular,,final,Colorado State,TCU,36,2628,63,73,,Mountain West,Mountain West,,,,,,
260210038,2006-01-21,16:00,2006,regular,,final,Colorado,Iowa State,38,66,71,86,,Big 12,Big 12,,,,,,
260210046,2006-01-21,16:00,2006,regular,,final,Georgetown,Notre Dame,46,87,52,54,,Big East,Big East,,,,,,
260210252,2006-01-21,16:00,2006,regular,,final,BYU,San Diego State,252,21,64,39,,Mountain West,Mountain West,,,,,,
260210322,2006-01-21,16:00,2006,regular,,final,Lafayette,Lehigh,322,2329,67,64,,Patriot,Patriot,,,,,,
260212005,2006-01-21,16:00,2006,regular,,final,Air Force,New Mexico,2005,167,54,59,,Mountain West,Mountain West,,,,,,
260212083,2006-01-21,16:00,2006,regular,,final,Bucknell,Colgate,2083,2142,73,58,,Patriot,Patriot,,,,,,
260212261,2006-01-21,16:00,2006,regular,,final,Hampton,Delaware State,2261,2169,64,59,,MEAC,MEAC,,,,,,
260212545,2006-01-21,16:00,2006,regular,,final,SE Louisiana,Tulane,2545,2655,62,69,,,C-USA,,,,,,
260212569,2006-01-21,16:00,2006,regular,,final,South Carolina State,Morgan State,2569,2415,76,59,,MEAC,MEAC,,,,,,
260212681,2006-01-21,16:00,2006,regular,,final,Wagner,Robert Morris,2681,2523,58,74,,NEC,NEC,,,,,,
260210147,2006-01-21,16:05,2006,regular,,final,Montana State,Northern Arizona,147,2464,57,55,,Big Sky,Big Sky,,,,,,
260210304,2006-01-21,16:05,2006,regular,,final,Idaho State,Portland State,304,2502,80,93,,Big Sky,Big Sky,,,,,,
260210085,2006-01-21,16:30,2006,regular,,final,IUPUI,Kansas City,85,140,57,46,,Horizon,,,,,,,
260212634,2006-01-21,16:30,2006,regular,,final,Tennessee State,Eastern Illinois,2634,2197,62,77,,,,,,,,,
260212635,2006-01-21,16:30,2006,regular,,final,Tennessee Tech,Southeast Missouri State,2635,2546,46,53,,,,,,,,,
260210236,2006-01-21,17:00,2006,regular,,final,Chattanooga,Charleston,236,232,89,41,,Southern,Southern,,,,,,
260210299,2006-01-21,17:00,2006,regular,,final,Long Beach State,UC Riverside,299,27,62,59,,Big West,Big West,,,,,,
260210302,2006-01-21,17:00,2006,regular,,final,UC Davis,Pacific,302,279,77,62,,Big West,Big West,,,,,,
260210326,2006-01-21,17:00,2006,regular,,final,Texas State,Sam Houston,326,2534,73,63,,Sun Belt,WAC,,,,,,
260212229,2006-01-21,17:00,2006,regular,,final,Florida International,Louisiana,2229,309,72,47,,Sun Belt,Sun Belt,,,,,,
260212250,2006-01-21,17:00,2006,regular,,final,Gonzaga,San Francisco,2250,2539,54,42,,WCC,WCC,,,,,,
260212501,2006-01-21,17:00,2006,regular,,final,Portland,San Diego,2501,301,65,54,,WCC,WCC,,,,,,
260212540,2006-01-21,17:00,2006,regular,,final,UC Santa Barbara,Cal Poly,2540,13,71,82,,Big West,Big West,,,,,,
260212541,2006-01-21,17:00,2006,regular,,final,Santa Clara,Loyola Marymount,2541,2351,71,58,,WCC,WCC,,,,,,
260212717,2006-01-21,17:00,2006,regular,,final,Western Carolina,Furman,2717,231,79,73,,Southern,Southern,,,,,,
260212440,2006-01-21,17:05,2006,regular,,final,Nevada,Utah State,2440,328,64,54,,WAC,WAC,,,,,,
260212460,2006-01-21,17:05,2006,regular,,final,Northern Iowa,Bradley,2460,71,82,68,,MVC,MVC,,,,,,
260212608,2006-01-21,17:05,2006,regular,,final,Saint Mary's,Pepperdine,2608,2492,58,54,,WCC,WCC,,,,,,
260212031,2006-01-21,17:30,2006,regular,,final,Little Rock,Denver,2031,2172,65,46,,Sun Belt,Sun Belt,,,,,,
260212198,2006-01-21,17:30,2006,regular,,final,Eastern Kentucky,Samford,2198,2535,68,71,,ASUN,Southern,,,,,,
260212413,2006-01-21,17:30,2006,regular,,final,Morehead State,Jacksonville State,2413,55,62,71,,,ASUN,,,,,,
260212641,2006-01-21,18:00,2006,regular,,final,Texas Tech,Nebraska,2641,158,61,59,,Big 12,Big 12,,,,,,
260212016,2006-01-21,18:30,2006,regular,,final,Alcorn State,Alabama State,2016,2011,56,49,,SWAC,SWAC,,,,,,
260212504,2006-01-21,18:30,2006,regular,,final,Prairie View A&M,Arkansas-Pine Bluff,2504,2029,52,59,,SWAC,SWAC,,,,,,
260212582,2006-01-21,18:30,2006,regular,,final,Southern,Alabama A&M,2582,2010,69,64,,SWAC,SWAC,,,,,,
260212640,2006-01-21,18:30,2006,regular,,final,Texas Southern,Mississippi Valley State,2640,2400,62,72,,SWAC,SWAC,,,,,,
260210058,2006-01-21,19:00,2006,regular,,final,South Florida,Providence,58,2507,53,47,,Big East,Big East,,,,,,
260210278,2006-01-21,19:00,2006,regular,,final,Fresno State,Hawai'i,278,62,77,52,,WAC,WAC,,,,,,
260210300,2006-01-21,19:00,2006,regular,,final,UC Irvine,Cal State Fullerton,300,2239,73,66,,Big West,Big West,,,,,,
260212226,2006-01-21,19:00,2006,regular,,final,Florida Atlantic,Lipscomb,2226,288,74,57,,ASUN,ASUN,,,,,,
260212649,2006-01-21,19:00,2006,regular,,final,Toledo,Western Michigan,2649,2711,71,73,,MAC,MAC,,,,,,
260210098,2006-01-21,20:00,2006,regular,,final,Western Kentucky,South Alabama,98,6,57,52,,Sun Belt,Sun Belt,,,,,,
260210239,2006-01-21,20:00,2006,regular,,final,Baylor,Oklahoma,239,201,70,73,,Big 12,Big 12,,,,,,
260210245,2006-01-21,20:00,2006,regular,,final,Texas A&M,Missouri,245,142,72,52,,Big 12,Big 12,,,,,,
260210292,2006-01-21,20:00,2006,regular,,final,UT Rio Grande Valley,Texas A&M-Corpus Christi,292,357,41,56,,,,,,,,,
260212130,2006-01-21,20:00,2006,regular,,final,Chicago State,Western Illinois,2130,2710,49,62,,,,,,,,,
260212296,2006-01-21,20:00,2006,regular,,final,Jackson State,Grambling,2296,2755,61,66,,SWAC,SWAC,,,,,,
260212393,2006-01-21,20:00,2006,regular,,final,Middle Tennessee,Troy,2393,2653,91,60,,Sun Belt,Sun Belt,,,,,,
260212433,2006-01-21,20:00,2006,regular,,final,UL Monroe,McNeese,2433,2377,79,57,,Sun Belt,,,,,,,
260212447,2006-01-21,20:00,2006,regular,,final,Nicholls,UT Arlington,2447,250,40,60,,,WAC,,,,,,
260212449,2006-01-21,20:00,2006,regular,,final,North Dakota State,Purdue Fort Wayne,2449,2870,79,68,,,,,,,,,
260212032,2006-01-21,20:05,2006,regular,,final,Arkansas State,North Texas,2032,249,75,47,,Sun Belt,Sun Belt,,,,,,
260212459,2006-01-21,20:05,2006,regular,,final,Northern Illinois,Ball State,2459,2050,62,68,,MAC,MAC,,,,,,
260212692,2006-01-21,21:00,2006,regular,,final,Weber State,Eastern Washington,2692,331,65,55,,Big Sky,Big Sky,,,,,,
260210149,2006-01-21,21:05,2006,regular,,final,Montana,Sacramento State,149,16,78,59,,Big Sky,Big Sky,,,,,,
260210166,2006-01-21,21:05,2006,regular,,final,New Mexico State,Louisiana Tech,166,2348,72,79,,WAC,WAC,,,,,,
260210023,2006-01-21,22:00,2006,regular,,final,San José State,Idaho,23,70,61,52,,WAC,WAC,,,,,,
260210024,2006-01-21,22:00,2006,regular,,final,Stanford,Arizona State,24,9,84,78,,Pac-12,Pac-12,,,,,,
260210204,2006-01-21,22:00,2006,regular,,final,Oregon State,Washington State,204,265,68,67,,Pac-12,Pac-12,,,,,,
260212439,2006-01-21,22:00,2006,regular,,final,UNLV,Utah,2439,254,51,59,,Mountain West,Mountain West,,,,,,
260212483,2006-01-21,22:00,2006,regular,,final,Oregon,Washington,2483,264,81,73,,Pac-12,Pac-12,,,,,,
260222352,2006-01-22,12:00,2006,regular,,final,Loyola Maryland,Siena,2352,2561,74,59,,MAAC,MAAC,,,,,,
260222739,2006-01-22,12:00,2006,regular,,final,Green Bay,Butler,2739,2086,56,51,,Horizon,Horizon,,,,,,
260220225,2006-01-22,12:30,2006,regular,,final,Brown,South Dakota State,225,2571,72,64,,Ivy,,,,,,,
260220059,2006-01-22,13:00,2006,regular,,final,Georgia Tech,Wake Forest,59,154,66,61,,ACC,ACC,,,,,,
260220127,2006-01-22,13:00,2006,regular,,final,Michigan State,Ohio State,127,194,65,67,,Big Ten,Big Ten,,,,,,
260222099,2006-01-22,13:00,2006,regular,,final,Canisius,Iona,2099,314,65,77,,MAAC,MAAC,,,,,,
260222325,2006-01-22,13:00,2006,regular,,final,La Salle,Saint Joseph's,2325,2603,65,50,,A 10,A 10,,,,,,
260222729,2006-01-22,13:00,2006,regular,,final,William & Mary,Delaware,2729,48,73,62,,CAA,CAA,,,,,,
260220077,2006-01-22,14:00,2006,regular,,final,Northwestern,Penn State,77,213,48,91,,Big Ten,Big Ten,,,,,,
260220084,2006-01-22,14:00,2006,regular,,final,Indiana,Michigan,84,130,69,44,,Big Ten,Big Ten,,,,,,
260220103,2006-01-22,14:00,2006,regular,,final,Boston College,Longwood,103,2344,85,29,,ACC,,,,,,,
260220113,2006-01-22,14:00,2006,regular,,final,UMass,George Washington,113,45,55,53,,A 10,A 10,,,,,,
260220152,2006-01-22,14:00,2006,regular,,final,NC State,Dartmouth,152,159,78,43,,ACC,Ivy,,,,,,
260220153,2006-01-22,14:00,2006,regular,,final,North Carolina,Florida State,153,52,68,51,,ACC,ACC,,,,,,
260220227,2006-01-22,14:00,2006,regular,,final,Rhode Island,Duquesne,227,2184,51,73,,A 10,A 10,,,,,,
260220251,2006-01-22,14:00,2006,regular,,final,Texas,Kansas State,251,2306,71,70,,Big 12,Big 12,,,,,,
260220257,2006-01-22,14:00,2006,regular,,final,Richmond,Fordham,257,2230,66,40,,A 10,A 10,,,,,,
260220295,2006-01-22,14:00,2006,regular,,final,Old Dominion,James Madison,295,256,72,63,,CAA,CAA,,,,,,
260220315,2006-01-22,14:00,2006,regular,,final,Niagara,Fairfield,315,2217,63,59,,MAAC,MAAC,,,,,,
260220350,2006-01-22,14:00,2006,regular,,final,UNC Wilmington,Northeastern,350,111,65,51,,CAA,CAA,,,,,,
260222116,2006-01-22,14:00,2006,regular,,final,UCF,East Carolina,2116,151,63,68,,C-USA,C-USA,,,,,,
260222244,2006-01-22,14:00,2006,regular,,final,George Mason,Drexel,2244,2182,36,38,,CAA,CAA,,,,,,
260222247,2006-01-22,14:00,2006,regular,,final,Georgia State,Hofstra,2247,2275,49,74,,CAA,CAA,,,,,,
260222305,2006-01-22,14:00,2006,regular,,final,Kansas,Oklahoma State,2305,197,66,46,,Big 12,Big 12,,,,,,
260222390,2006-01-22,14:00,2006,regular,,final,Miami,Virginia,2390,258,65,77,,ACC,ACC,,,,,,
260222670,2006-01-22,14:00,2006,regular,,final,VCU,Towson,2670,119,72,61,,CAA,CAA,,,,,,
260222752,2006-01-22,14:00,2006,regular,,final,Xavier,Temple,2752,218,62,67,,A 10,A 10,,,,,,
260222612,2006-01-22,14:30,2006,regular,,final,Saint Peter's,Marist,2612,2368,84,74,,MAAC,MAAC,,,,,,
260220008,2006-01-22,15:00,2006,regular,,final,Arkansas,Mississippi State,8,344,60,58,,SEC,SEC,,,,,,
260220057,2006-01-22,15:00,2006,regular,,final,Florida,Vanderbilt,57,238,73,59,,SEC,SEC,,,,,,
260220061,2006-01-22,15:00,2006,regular,,final,Georgia,LSU,61,99,64,65,,SEC,SEC,,,,,,
260220139,2006-01-22,15:00,2006,regular,,final,Saint Louis,Charlotte,139,2429,57,86,,A 10,A 10,,,,,,
260220145,2006-01-22,15:00,2006,regular,,final,Ole Miss,Kentucky,145,96,75,81,,SEC,SEC,,,,,,
260220202,2006-01-22,15:00,2006,regular,,final,Tulsa,Houston,202,248,83,55,,C-USA,C-USA,,,,,,
260220333,2006-01-22,15:00,2006,regular,,final,Alabama,South Carolina,333,2579,48,67,,SEC,SEC,,,,,,
260220339,2006-01-22,15:00,2006,regular,,final,Evansville,Creighton,339,156,59,46,,MVC,MVC,,,,,,
260220356,2006-01-22,15:00,2006,regular,,final,Illinois,Purdue,356,2509,53,57,,Big Ten,Big Ten,,,,,,
260222294,2006-01-22,15:00,2006,regular,,final,Iowa,Minnesota,2294,135,68,80,,Big Ten,Big Ten,,,,,,
260222572,2006-01-22,15:00,2006,regular,,final,Southern Miss,Marshall,2572,276,67,63,,C-USA,C-USA,,,,,,
260222655,2006-01-22,15:00,2006,regular,,final,Tulane,Memphis,2655,235,74,58,,C-USA,C-USA,,,,,,
260222287,2006-01-22,15:05,2006,regular,,final,Illinois State,Wichita State,2287,2724,66,52,,MVC,MVC,,,,,,
260222638,2006-01-22,15:05,2006,regular,,final,UTEP,UAB,2638,5,72,69,,C-USA,C-USA,,,,,,
260220025,2006-01-22,16:00,2006,regular,,final,California,Arizona,25,12,76,80,,Pac-12,Pac-12,,,,,,
260220282,2006-01-22,16:00,2006,regular,,final,Indiana State,Missouri State,282,2623,58,34,,MVC,MVC,,,,,,
260222567,2006-01-22,16:00,2006,regular,,final,SMU,Rice,2567,242,67,58,,C-USA,C-USA,,,,,,
260222320,2006-01-22,20:00,2006,regular,,final,Lamar,Northern Colorado,2320,2458,72,71,,,Big Sky,,,,,,
260232681,2006-01-23,17:00,2006,regular,,final,Wagner,St. Francis (PA),2681,2598,53,59,,NEC,NEC,,,,,,
260230050,2006-01-23,17:30,2006,regular,,final,Florida A&M,Howard,50,47,75,67,,MEAC,MEAC,,,,,,
260232065,2006-01-23,17:30,2006,regular,,final,Bethune-Cookman,Maryland-Eastern Shore,2065,2379,60,67,,MEAC,MEAC,,,,,,
260232448,2006-01-23,17:30,2006,regular,,final,North Carolina A&T,Morgan State,2448,2415,87,78,,MEAC,MEAC,,,,,,
260232569,2006-01-23,17:30,2006,regular,,final,South Carolina State,Coppin State,2569,2154,57,61,,MEAC,MEAC,,,,,,
260232127,2006-01-23,18:00,2006,regular,,final,Charleston Southern,UNC Asheville,2127,2427,58,80,,Big South,Big South,,,,,,
260232210,2006-01-23,18:00,2006,regular,,final,Elon,Furman,2210,231,61,56,,Southern,Southern,,,,,,
260232450,2006-01-23,18:00,2006,regular,,final,Norfolk State,Delaware State,2450,2169,49,65,,MEAC,MEAC,,,,,,
260232016,2006-01-23,18:30,2006,regular,,final,Alcorn State,Alabama A&M,2016,2010,59,54,,SWAC,SWAC,,,,,,
260232504,2006-01-23,18:30,2006,regular,,final,Prairie View A&M,Mississippi Valley State,2504,2400,48,60,,SWAC,SWAC,,,,,,
260232582,2006-01-23,18:30,2006,regular,,final,Southern,Alabama State,2582,2011,51,57,,SWAC,SWAC,,,,,,
260232640,2006-01-23,18:30,2006,regular,,final,Texas Southern,Arkansas-Pine Bluff,2640,2029,57,60,,SWAC,SWAC,,,,,,
260230232,2006-01-23,19:00,2006,regular,,final,Charleston,Western Carolina,232,2717,69,59,,Southern,Southern,,,,,,
260230259,2006-01-23,19:00,2006,regular,,final,Virginia Tech,Maryland,259,120,62,68,,ACC,ACC,,,,,,
260230290,2006-01-23,19:00,2006,regular,,final,Georgia Southern,Chattanooga,290,236,48,65,,Southern,Southern,,,,,,
260230324,2006-01-23,19:00,2006,regular,,final,Coastal Carolina,Birmingham-Southern,324,3,70,57,,Big South,Big South,,,,,,
260232115,2006-01-23,19:00,2006,regular,,final,Central Connecticut,Quinnipiac,2115,2514,54,64,,NEC,NEC,,,,,,
260232405,2006-01-23,19:00,2006,regular,,final,Monmouth,Mount St. Mary's,2405,116,58,49,,NEC,NEC,,,,,,
260232515,2006-01-23,19:00,2006,regular,,final,Radford,Winthrop,2515,2737,60,65,,Big South,Big South,,,,,,
260232529,2006-01-23,19:00,2006,regular,,final,Sacred Heart,Robert Morris,2529,2523,78,59,,NEC,NEC,,,,,,
260232597,2006-01-23,19:00,2006,regular,,final,St. Francis Brooklyn,LIU Brooklyn,2597,2341,52,64,,NEC,NEC,,,,,,
260230150,2006-01-23,19:30,2006,regular,,final,Duke,Tennessee,150,2633,75,53,,ACC,SEC,,,,,,
260230082,2006-01-23,20:00,2006,regular,,final,UIC,Wright State,82,2750,59,69,,Horizon,Horizon,,,,,,
260230085,2006-01-23,20:00,2006,regular,,final,IUPUI,Centenary,85,2113,68,41,,Horizon,,,,,,,
260230275,2006-01-23,20:00,2006,regular,,final,Wisconsin,Eastern Illinois,275,2197,75,48,,Big Ten,,,,,,,
260232130,2006-01-23,20:00,2006,regular,,final,Chicago State,Valparaiso,2130,2674,53,50,,,MVC,,,,,,
260232443,2006-01-23,20:00,2006,regular,,final,New Orleans,Louisiana,2443,309,46,70,,Sun Belt,Sun Belt,,,,,,
260230198,2006-01-23,20:05,2006,regular,,final,Oral Roberts,Kansas City,198,140,62,73,,,,,,,,,
260230068,2006-01-23,21:00,2006,regular,,final,Boise State,Hawai'i,68,62,83,75,,WAC,WAC,,,,,,
260230253,2006-01-23,21:05,2006,regular,,final,Southern Utah,Western Illinois,253,2710,47,57,,WAC,,,,,,,
260242083,2006-01-24,18:00,2006,regular,,final,Bucknell,Columbia,2083,171,63,45,,Patriot,Ivy,,,,,,
260240041,2006-01-24,19:00,2006,regular,,final,UConn,South Florida,41,58,77,47,,Big East,Big East,,,,,,AT HARTFORD CT
260240104,2006-01-24,19:00,2006,regular,,final,Boston University,Albany,104,399,69,52,,Am. East,Am. East,,,,,,
260240107,2006-01-24,19:00,2006,regular,,final,Holy Cross,Colgate,107,2142,75,62,,Patriot,Patriot,,,,,,
260242026,2006-01-24,19:00,2006,regular,,final,Appalachian State,Davidson,2026,2166,84,69,,Southern,Southern,,,,,,
260242066,2006-01-24,19:00,2006,regular,,final,Binghamton,Vermont,2066,261,67,50,,Am. East,Am. East,,,,,,
260242097,2006-01-24,19:00,2006,regular,,final,Campbell,Gardner-Webb,2097,2241,54,66,,ASUN,ASUN,,,,,,
260242325,2006-01-24,19:00,2006,regular,,final,La Salle,Pennsylvania,2325,219,67,49,,A 10,Ivy,,,,,,
260242430,2006-01-24,19:00,2006,regular,,final,UNC Greensboro,Wofford,2430,2747,84,64,,Southern,Southern,,,,,,
260240164,2006-01-24,19:30,2006,regular,,final,Rutgers,Notre Dame,164,87,69,43,,Big East,Big East,,,,,,
260242426,2006-01-24,19:30,2006,regular,,final,Navy,American University,2426,44,70,60,,Patriot,Patriot,,,,,,
260240038,2006-01-24,21:00,2006,regular,,final,Colorado,Texas A&M,38,245,46,55,,Big 12,Big 12,,,,,,
260252127,2006-01-25,17:00,2006,regular,,final,Charleston Southern,Agnes Scott College,2127,458,82,49,,Big South,,,,,,,
260250277,2006-01-25,17:30,2006,regular,,final,West Virginia,Marshall,277,276,72,58,,Big East,C-USA,,,,,,
260250305,2006-01-25,18:00,2006,regular,,final,DePaul,Louisville,305,97,48,44,,Big East,Big East,,,,,,
260250042,2006-01-25,19:00,2006,regular,,final,Hartford,New Hampshire,42,160,65,42,,Am. East,Am. East,,,,,,
260250161,2006-01-25,19:00,2006,regular,,final,Fairleigh Dickinson,Sacred Heart,161,2529,55,76,,NEC,NEC,,,,,,
260250193,2006-01-25,19:00,2006,regular,,final,Miami (OH),Ball State,193,2050,66,65,,MAC,MAC,,,,,,
260252006,2006-01-25,19:00,2006,regular,,final,Akron,Northern Illinois,2006,2459,67,75,,MAC,MAC,,,,,,
260252084,2006-01-25,19:00,2006,regular,,final,Buffalo,Toledo,2084,2649,47,57,,MAC,MAC,,,,,,
260252117,2006-01-25,19:00,2006,regular,,final,Central Michigan,Bowling Green,2117,189,52,57,,MAC,MAC,,,,,,
260252132,2006-01-25,19:00,2006,regular,,final,Cincinnati,Georgetown,2132,46,87,68,,Big East,Big East,,,,,,
260252199,2006-01-25,19:00,2006,regular,,final,Eastern Michigan,Kent State,2199,2309,65,55,,MAC,MAC,,,,,,
260252272,2006-01-25,19:00,2006,regular,,final,High Point,Liberty,2272,2335,64,55,,Big South,Big South,,,,,,
260252344,2006-01-25,19:00,2006,regular,,final,Longwood,Elon,2344,2210,61,62,,,Southern,,,,,,
260252507,2006-01-25,19:00,2006,regular,,final,Providence,St. John's,2507,2599,50,72,,Big East,Big East,,,,,,
260252550,2006-01-25,19:00,2006,regular,,final,Seton Hall,Syracuse,2550,183,56,64,,Big East,Big East,,,,,,
260252619,2006-01-25,19:00,2006,regular,,final,Stony Brook,Maine,2619,311,65,49,,Am. East,Am. East,,,,,,
260252711,2006-01-25,19:00,2006,regular,,final,Western Michigan,Ohio,2711,195,88,77,,MAC,MAC,,,,,,
260252870,2006-01-25,19:00,2006,regular,,final,Purdue Fort Wayne,Butler,2870,2086,60,70,,,Horizon,,,,,,
260250222,2006-01-25,19:30,2006,regular,,final,Villanova,Marquette,222,269,72,58,,Big East,Big East,,,,,,
260250349,2006-01-25,19:30,2006,regular,,final,Army,Lafayette,349,322,75,60,,Patriot,Patriot,,,,,,
260250066,2006-01-25,20:00,2006,regular,,final,Iowa State,Baylor,66,239,64,79,,Big 12,Big 12,,,,,,
260250197,2006-01-25,20:00,2006,regular,,final,Oklahoma State,Texas Tech,197,2641,51,61,,Big 12,Big 12,,,,,,
260250201,2006-01-25,20:00,2006,regular,,final,Oklahoma,Texas,201,251,75,57,,Big 12,Big 12,,,,,,
260252306,2006-01-25,20:00,2006,regular,,final,Kansas State,Kansas,2306,2305,69,63,,Big 12,Big 12,,,,,,
260252628,2006-01-25,20:00,2006,regular,,final,TCU,BYU,2628,252,64,67,,Mountain West,Mountain West,,,,,,
260250167,2006-01-25,21:00,2006,regular,,final,New Mexico,San Diego State,167,21,76,45,,Mountain West,Mountain West,,,,,,
260252005,2006-01-25,21:00,2006,regular,,final,Air Force,UNLV,2005,2439,56,66,,Mountain West,Mountain West,,,,,,
260252751,2006-01-25,21:00,2006,regular,,final,Wyoming,Colorado State,2751,36,87,80,,Mountain West,Mountain West,,,,,,
260250204,2006-01-25,22:00,2006,regular,,final,Oregon State,Oregon,204,2483,63,61,,Pac-12,Pac-12,,,,,,
260262378,2006-01-26,12:00,2006,regular,,final,UMBC,Albany,2378,399,48,41,,Am. East,Am. East,,,,,,
260262634,2006-01-26,16:30,2006,regular,,final,Tennessee State,Eastern Kentucky,2634,2198,63,68,,,ASUN,,,,,,
260262350,2006-01-26,17:45,2006,regular,,final,Loyola Chicago,Youngstown State,2350,2754,75,65,,Horizon,Horizon,,,,,,
260260055,2006-01-26,18:00,2006,regular,,final,Jacksonville State,Austin Peay,55,2046,73,52,,ASUN,ASUN,,,,,,
260260249,2006-01-26,18:00,2006,regular,,final,North Texas,Troy,249,2653,71,46,,Sun Belt,Sun Belt,,,,,,
260262393,2006-01-26,18:00,2006,regular,,final,Middle Tennessee,Louisiana,2393,309,69,68,,Sun Belt,Sun Belt,,,,,,
260262535,2006-01-26,18:00,2006,regular,,final,Samford,UT Martin,2535,2630,59,50,,Southern,,,,,,,
260262546,2006-01-26,18:00,2006,regular,,final,Southeast Missouri State,Morehead State,2546,2413,62,50,,,,,,,,,
260260093,2006-01-26,18:15,2006,regular,,final,Murray State,Tennessee Tech,93,2635,82,70,,MVC,,,,,,,
260262057,2006-01-26,18:30,2006,regular,,final,Belmont,Jacksonville,2057,294,72,56,,ASUN,ASUN,,,,,,
260260056,2006-01-26,19:00,2006,regular,,final,Stetson,East Tennessee State,56,2193,51,61,,ASUN,ASUN,,,,,,
260260084,2006-01-26,19:00,2006,regular,,final,Indiana,Illinois,84,356,63,48,,Big Ten,Big Ten,,,,,,
260260096,2006-01-26,19:00,2006,regular,,final,Kentucky,Tennessee,96,2633,66,63,,SEC,SEC,,,,,,
260260103,2006-01-26,19:00,2006,regular,,final,Boston College,Virginia,103,258,57,43,,ACC,ACC,,,,,,
260260120,2006-01-26,19:00,2006,regular,,final,Maryland,Georgia Tech,120,59,79,71,,ACC,ACC,,,,,,
260260130,2006-01-26,19:00,2006,regular,,final,Michigan,Northwestern,130,77,57,77,,Big Ten,Big Ten,,,,,,
260260152,2006-01-26,19:00,2006,regular,,final,NC State,Miami,152,2390,83,77,,ACC,ACC,,,,,,
260260194,2006-01-26,19:00,2006,regular,,final,Ohio State,Wisconsin,194,275,73,46,,Big Ten,Big Ten,,,,,,
260260213,2006-01-26,19:00,2006,regular,,final,Penn State,Iowa,213,2294,72,61,,Big Ten,Big Ten,,,,,,
260260228,2006-01-26,19:00,2006,regular,,final,Clemson,Duke,228,150,65,97,,ACC,ACC,,,,,,
260262097,2006-01-26,19:00,2006,regular,,final,Campbell,Florida Atlantic,2097,2226,63,73,,ASUN,ASUN,,,,,,
260262172,2006-01-26,19:00,2006,regular,,final,Denver,South Alabama,2172,6,66,74,,Sun Belt,Sun Belt,,,,,,
260262352,2006-01-26,19:00,2006,regular,,final,Loyola Maryland,Canisius,2352,2099,71,53,,MAAC,MAAC,,,,,,
260262382,2006-01-26,19:00,2006,regular,,final,Mercer,Kennesaw State,2382,338,69,55,,ASUN,ASUN,,,,,,
260262561,2006-01-26,19:00,2006,regular,,final,Siena,Niagara,2561,315,79,44,,MAAC,MAAC,,,,,,
260262579,2006-01-26,19:00,2006,regular,,final,South Carolina,Georgia,2579,61,65,74,,SEC,SEC,,,,,,
260262750,2006-01-26,19:00,2006,regular,,final,Wright State,Milwaukee,2750,270,69,67,,Horizon,Horizon,,,,,,
260260008,2006-01-26,20:00,2006,regular,,final,Arkansas,Florida,8,57,69,63,,SEC,SEC,,,,,,
260260082,2006-01-26,20:00,2006,regular,,final,UIC,Detroit Mercy,82,2174,75,52,,Horizon,Horizon,,,,,,
260260135,2006-01-26,20:00,2006,regular,,final,Minnesota,North Dakota State,135,2449,79,70,,Big Ten,,,,,,,
260260250,2006-01-26,20:00,2006,regular,,final,UT Arlington,Stephen F. Austin,250,2617,35,39,,WAC,WAC,,,,,,
260260288,2006-01-26,20:00,2006,regular,,final,Lipscomb,North Florida,288,2454,52,54,,ASUN,ASUN,,,,,,
260260326,2006-01-26,20:00,2006,regular,,final,Texas State,UL Monroe,326,2433,63,69,,Sun Belt,Sun Belt,,,,,,
260260344,2006-01-26,20:00,2006,regular,,final,Mississippi State,Ole Miss,344,145,71,76,,SEC,SEC,,,,,,
260262320,2006-01-26,20:00,2006,regular,,final,Lamar,Nicholls,2320,2447,73,70,,,,,,,,,
260262348,2006-01-26,20:00,2006,regular,,final,Louisiana Tech,San José State,2348,23,74,51,,WAC,WAC,,,,,,
260262443,2006-01-26,20:00,2006,regular,,final,New Orleans,Western Kentucky,2443,98,49,59,,Sun Belt,Sun Belt,,,,,,
260262509,2006-01-26,20:00,2006,regular,,final,Purdue,Michigan State,2509,127,73,53,,Big Ten,Big Ten,,,,,,
260262534,2006-01-26,20:00,2006,regular,,final,Sam Houston,SE Louisiana,2534,2545,55,39,,WAC,,,,,,,
260262571,2006-01-26,20:00,2006,regular,,final,South Dakota State,Texas A&M-Corpus Christi,2571,357,68,45,,,,,,,,,
260262636,2006-01-26,20:00,2006,regular,,final,UTSA,Northwestern State,2636,2466,73,65,,C-USA,,,,,,,
260262724,2006-01-26,20:00,2006,regular,,final,Wichita State,Northern Iowa,2724,2460,56,63,,MVC,MVC,,,,,,
260262739,2006-01-26,20:00,2006,regular,,final,Green Bay,Cleveland State,2739,325,76,52,,Horizon,Horizon,,,,,,
260260156,2006-01-26,20:05,2006,regular,,final,Creighton,Illinois State,156,2287,68,71,,MVC,MVC,,,,,,
260262181,2006-01-26,20:05,2006,regular,,final,Drake,Indiana State,2181,282,87,92,,MVC,MVC,,,,,,
260262623,2006-01-26,20:05,2006,regular,,final,Missouri State,Bradley,2623,71,66,45,,MVC,MVC,,,,,,
260260002,2006-01-26,21:00,2006,regular,,final,Auburn,Alabama,2,333,65,56,,SEC,SEC,,,,,,
260260099,2006-01-26,21:00,2006,regular,,final,LSU,Vanderbilt,99,238,75,53,,SEC,SEC,,,,,,
260262692,2006-01-26,21:00,2006,regular,,final,Weber State,Idaho State,2692,304,81,82,,Big Sky,Big Sky,,,,,,
260260166,2006-01-26,21:05,2006,regular,,final,New Mexico State,Fresno State,166,278,61,77,,WAC,WAC,,,,,,
260260264,2006-01-26,22:00,2006,regular,,final,Washington,Arizona,264,12,91,73,,Pac-12,Pac-12,,,,,,
260260265,2006-01-26,22:00,2006,regular,,final,Washington State,Arizona State,265,9,65,75,,Pac-12,Pac-12,,,,,,
260260279,2006-01-26,22:00,2006,regular,,final,Pacific,Cal Poly,279,13,87,53,,Big West,Big West,,,,,,
260260301,2006-01-26,22:00,2006,regular,,final,San Diego,Saint Mary's,301,2608,70,58,,WCC,WCC,,,,,,
260262239,2006-01-26,22:00,2006,regular,,final,Cal State Fullerton,Utah Valley,2239,3084,84,63,,Big West,,,,,,,
260262463,2006-01-26,22:00,2006,regular,,final,Cal State Northridge,UC Santa Barbara,2463,2540,51,54,,Big West,Big West,,,,,,
260262502,2006-01-26,22:00,2006,regular,,final,Portland State,Montana,2502,149,59,81,,Big Sky,Big Sky,,,,,,
260262539,2006-01-26,22:00,2006,regular,,final,San Francisco,Santa Clara,2539,2541,61,66,,WCC,WCC,,,,,,
260260331,2006-01-26,22:05,2006,regular,,final,Eastern Washington,Montana State,331,147,77,50,,Big Sky,Big Sky,,,,,,
260262440,2006-01-26,22:05,2006,regular,,final,Nevada,Boise State,2440,68,73,69,,WAC,WAC,,,,,,
260260027,2006-01-26,22:10,2006,regular,,final,UC Riverside,UC Davis,27,302,54,68,,Big West,Big West,,,,,,
260260062,2006-01-27,00:00,2006,regular,,final,Hawai'i,Utah State,62,328,61,48,,WAC,WAC,,,,,,
260272217,2006-01-27,18:30,2006,regular,,final,Fairfield,Saint Peter's,2217,2612,69,64,,MAAC,MAAC,,,,,,
260270005,2006-01-27,19:00,2006,regular,,final,UAB,Southern Miss,5,2572,73,70,,C-USA,C-USA,,,,,,
260270045,2006-01-27,19:00,2006,regular,,final,George Washington,Fordham,45,2230,67,34,,A 10,A 10,,,,,,
260270048,2006-01-27,19:00,2006,regular,,final,Delaware,George Mason,48,2244,67,47,,CAA,CAA,,,,,,
260270108,2006-01-27,19:00,2006,regular,,final,Harvard,Yale,108,43,55,48,,Ivy,Ivy,,,,,,
260270111,2006-01-27,19:00,2006,regular,,final,Northeastern,VCU,111,2670,87,80,,CAA,CAA,,,,,,
260270151,2006-01-27,19:00,2006,regular,,final,East Carolina,SMU,151,2567,75,63,,C-USA,C-USA,,,,,,
260270154,2006-01-27,19:00,2006,regular,,final,Wake Forest,North Carolina,154,153,57,91,,ACC,ACC,,,,,,
260270159,2006-01-27,19:00,2006,regular,,final,Dartmouth,Brown,159,225,73,51,,Ivy,Ivy,,,,,,
260270179,2006-01-27,19:00,2006,regular,,final,St. Bonaventure,Xavier,179,2752,67,76,,A 10,A 10,,,,,,
260270256,2006-01-27,19:00,2006,regular,,final,James Madison,UNC Wilmington,256,350,55,35,,CAA,CAA,,,,,,
260270276,2006-01-27,19:00,2006,regular,,final,Marshall,Tulsa,276,202,56,81,,C-USA,C-USA,,,,,,
260272168,2006-01-27,19:00,2006,regular,,final,Dayton,Rhode Island,2168,227,62,51,,A 10,A 10,,,,,,
260272182,2006-01-27,19:00,2006,regular,,final,Drexel,Georgia State,2182,2247,58,56,,CAA,CAA,,,,,,
260272275,2006-01-27,19:00,2006,regular,,final,Hofstra,Old Dominion,2275,295,65,70,,CAA,CAA,,,,,,
260272325,2006-01-27,19:00,2006,regular,,final,La Salle,UMass,2325,113,60,67,,A 10,A 10,,,,,,
260272368,2006-01-27,19:00,2006,regular,,final,Marist,Rider,2368,2520,75,49,,MAAC,MAAC,,,,,,
260272429,2006-01-27,19:00,2006,regular,,final,Charlotte,Richmond,2429,257,60,56,,A 10,A 10,,,,,,
260272603,2006-01-27,19:00,2006,regular,,final,Saint Joseph's,Temple,2603,218,65,64,,A 10,A 10,,,,,,
260272184,2006-01-27,19:05,2006,regular,,final,Duquesne,Saint Louis,2184,139,67,66,,A 10,A 10,,,,,,
260270119,2006-01-27,19:30,2006,regular,,final,Towson,William & Mary,119,2729,33,51,,CAA,CAA,,,,,,
260270314,2006-01-27,19:30,2006,regular,,final,Iona,Manhattan,314,2363,71,68,,MAAC,MAAC,,,,,,
260270235,2006-01-27,20:00,2006,regular,,final,Memphis,UCF,235,2116,54,65,,C-USA,C-USA,,,,,,
260270242,2006-01-27,20:00,2006,regular,,final,Rice,UTEP,242,2638,83,32,,C-USA,C-USA,,,,,,
260270248,2006-01-27,20:00,2006,regular,,final,Houston,Tulane,248,2655,54,61,,C-USA,C-USA,,,,,,
260270026,2006-01-27,22:00,2006,regular,,final,UCLA,Stanford,26,24,90,80,,Pac-12,Pac-12,,,,,,
260270030,2006-01-27,22:00,2006,regular,,final,USC,California,30,25,67,72,,Pac-12,Pac-12,,,,,,
260280087,2006-01-28,12:00,2006,regular,,final,Notre Dame,South Florida,87,58,64,68,,Big East,Big East,,,,,,
260282086,2006-01-28,12:00,2006,regular,,final,Butler,Wright State,2086,2750,71,67,,Horizon,Horizon,,,,,,
260280160,2006-01-28,13:00,2006,regular,,final,New Hampshire,Vermont,160,261,70,62,,Am. East,Am. East,,,,,,
260280189,2006-01-28,13:00,2006,regular,,final,Bowling Green,Western Michigan,189,2711,77,69,,MAC,MAC,,,,,,
260282057,2006-01-28,13:00,2006,regular,,final,Belmont,North Florida,2057,2454,68,48,,ASUN,ASUN,,,,,,
260282870,2006-01-28,13:00,2006,regular,,final,Purdue Fort Wayne,Longwood,2870,2344,77,82,,,,,,,,,
260282350,2006-01-28,13:30,2006,regular,,final,Loyola Chicago,Detroit Mercy,2350,2174,57,78,,Horizon,Horizon,,,,,,
260282737,2006-01-28,13:30,2006,regular,,final,Winthrop,Charleston Southern,2737,2127,72,43,,Big South,Big South,,,,,,
260280056,2006-01-28,14:00,2006,regular,,final,Stetson,Kennesaw State,56,338,72,64,,ASUN,ASUN,,,,,,
260280142,2006-01-28,14:00,2006,regular,,final,Missouri,Texas Tech,142,2641,65,51,,Big 12,Big 12,,,,,,
260280172,2006-01-28,14:00,2006,regular,,final,Cornell,Columbia,172,171,64,55,,Ivy,Ivy,,,,,,
260280222,2006-01-28,14:00,2006,regular,,final,Villanova,Pittsburgh,222,221,56,59,,Big East,Big East,,,,,,
260280232,2006-01-28,14:00,2006,regular,,final,Charleston,Appalachian State,232,2026,65,57,,Southern,Southern,,,,,,
260280288,2006-01-28,14:00,2006,regular,,final,Lipscomb,Jacksonville,288,294,70,58,,ASUN,ASUN,,,,,,
260280324,2006-01-28,14:00,2006,regular,,final,Coastal Carolina,High Point,324,2272,60,69,,Big South,Big South,,,,,,
260282065,2006-01-28,14:00,2006,regular,,final,Bethune-Cookman,Savannah State,2065,2542,62,65,,MEAC,,,,,,,
260282084,2006-01-28,14:00,2006,regular,,final,Buffalo,Eastern Michigan,2084,2199,41,56,,MAC,MAC,,,,,,
260282115,2006-01-28,14:00,2006,regular,,final,Central Connecticut,Mount St. Mary's,2115,116,45,60,,NEC,NEC,,,,,,
260282166,2006-01-28,14:00,2006,regular,,final,Davidson,UNC Greensboro,2166,2430,62,63,,Southern,Southern,,,,,,
260282169,2006-01-28,14:00,2006,regular,,final,Delaware State,Florida A&M,2169,50,55,48,,MEAC,MEAC,,,,,,
260282309,2006-01-28,14:00,2006,regular,,final,Kent State,Central Michigan,2309,2117,57,51,,MAC,MAC,,,,,,
260282341,2006-01-28,14:00,2006,regular,,final,LIU Brooklyn,Wagner,2341,2681,62,47,,NEC,NEC,,,,,,
260282382,2006-01-28,14:00,2006,regular,,final,Mercer,East Tennessee State,2382,2193,61,57,,ASUN,ASUN,,,,,,
260282415,2006-01-28,14:00,2006,regular,,final,Morgan State,Maryland-Eastern Shore,2415,2379,36,48,,MEAC,MEAC,,,,,,
260282427,2006-01-28,14:00,2006,regular,,final,UNC Asheville,Radford,2427,2515,72,69,,Big South,Big South,,,,,,
260282443,2006-01-28,14:00,2006,regular,,final,New Orleans,Middle Tennessee,2443,2393,41,90,,Sun Belt,Sun Belt,,,,,,
260282507,2006-01-28,14:00,2006,regular,,final,Providence,Syracuse,2507,183,76,77,,Big East,Big East,,,,,,
260282597,2006-01-28,14:00,2006,regular,,final,St. Francis Brooklyn,Quinnipiac,2597,2514,54,61,,NEC,NEC,,,,,,
260282710,2006-01-28,14:00,2006,regular,,final,Western Illinois,Oral Roberts,2710,198,37,47,,,,,,,,,
260280003,2006-01-28,15:00,2006,regular,,final,Birmingham-Southern,Liberty,3,2335,40,51,,Big South,Big South,,,,,,
260280046,2006-01-28,15:00,2006,regular,,final,Georgetown,Rutgers,46,164,51,65,,Big East,Big East,,,,,,
260280245,2006-01-28,15:00,2006,regular,,final,Texas A&M,Oklahoma,245,201,72,81,,Big 12,Big 12,,,,,,
260280250,2006-01-28,15:00,2006,regular,,final,UT Arlington,Sam Houston,250,2534,56,34,,WAC,WAC,,,,,,
260280270,2006-01-28,15:00,2006,regular,,final,Milwaukee,Cleveland State,270,325,61,46,,Horizon,Horizon,,,,,,
260280339,2006-01-28,15:00,2006,regular,,final,Evansville,Southern Illinois,339,79,73,53,,MVC,MVC,,,,,,
260282010,2006-01-28,15:00,2006,regular,,final,Alabama A&M,Prairie View A&M,2010,2504,54,43,,SWAC,SWAC,,,,,,
260282050,2006-01-28,15:00,2006,regular,,final,Ball State,Akron,2050,2006,67,66,,MAC,MAC,,,,,,
260282458,2006-01-28,15:00,2006,regular,,final,Northern Colorado,Colorado Springs,2458,2145,72,55,,Big Sky,,,,,,,
260282628,2006-01-28,15:00,2006,regular,,final,TCU,Utah,2628,254,69,56,,Mountain West,Mountain West,,,,,,
260282636,2006-01-28,15:00,2006,regular,,final,UTSA,UL Monroe,2636,2433,71,70,,C-USA,Sun Belt,,,,,,
260282724,2006-01-28,15:00,2006,regular,,final,Wichita State,Bradley,2724,71,61,59,,MVC,MVC,,,,,,
260282459,2006-01-28,15:05,2006,regular,,final,Northern Illinois,Ohio,2459,195,62,74,,MAC,MAC,,,,,,
260282674,2006-01-28,15:05,2006,regular,,final,Valparaiso,Oakland,2674,2473,67,68,,MVC,Horizon,,,,,,
260280068,2006-01-28,16:00,2006,regular,,final,Boise State,Idaho,68,70,67,54,,WAC,WAC,,,,,,
260280239,2006-01-28,16:00,2006,regular,,final,Baylor,Kansas,239,2305,90,40,,Big 12,Big 12,,,,,,
260280251,2006-01-28,16:00,2006,regular,,final,Texas,Oklahoma State,251,197,60,46,,Big 12,Big 12,,,,,,
260280252,2006-01-28,16:00,2006,regular,,final,BYU,Colorado State,252,36,70,54,,Mountain West,Mountain West,,,,,,
260280264,2006-01-28,16:00,2006,regular,,final,Washington,Arizona State,264,9,61,67,,Pac-12,Pac-12,,,,,,
260282011,2006-01-28,16:00,2006,regular,,final,Alabama State,Texas Southern,2011,2640,57,55,,SWAC,SWAC,,,,,,
260282083,2006-01-28,16:00,2006,regular,,final,Bucknell,Navy,2083,2426,74,54,,Patriot,Patriot,,,,,,
260282142,2006-01-28,16:00,2006,regular,,final,Colgate,Army,2142,349,66,58,,Patriot,Patriot,,,,,,
260282172,2006-01-28,16:00,2006,regular,,final,Denver,Troy,2172,2653,65,72,,Sun Belt,Sun Belt,,,,,,
260282261,2006-01-28,16:00,2006,regular,,final,Hampton,South Carolina State,2261,2569,62,75,,MEAC,MEAC,,,,,,
260282450,2006-01-28,16:00,2006,regular,,final,Norfolk State,North Carolina A&T,2450,2448,77,64,,MEAC,MEAC,,,,,,
260282464,2006-01-28,16:00,2006,regular,,final,Northern Arizona,Sacramento State,2464,16,68,54,,Big Sky,Big Sky,,,,,,
260282483,2006-01-28,16:00,2006,regular,,final,Oregon,Oregon State,2483,204,54,45,,Pac-12,Pac-12,,,,,,
260282545,2006-01-28,16:00,2006,regular,,final,SE Louisiana,Nicholls,2545,2447,67,48,,,,,,,,,
260282598,2006-01-28,16:00,2006,regular,,final,St. Francis (PA),Monmouth,2598,2405,62,72,,NEC,NEC,,,,,,
260280156,2006-01-28,16:05,2006,regular,,final,Creighton,Indiana State,156,282,60,79,,MVC,MVC,,,,,,
260280044,2006-01-28,16:30,2006,regular,,final,American University,Lafayette,44,322,75,74,,Patriot,Patriot,,,,,,
260282635,2006-01-28,16:30,2006,regular,,final,Tennessee Tech,Tennessee State,2635,2634,79,53,,,,,,,,,
260280021,2006-01-28,17:00,2006,regular,,final,San Diego State,Wyoming,21,2751,53,64,,Mountain West,Mountain West,,,,,,
260280265,2006-01-28,17:00,2006,regular,,final,Washington State,Arizona,265,12,84,77,,Pac-12,Pac-12,,,,,,
260280290,2006-01-28,17:00,2006,regular,,final,Georgia Southern,Furman,290,231,65,48,,Southern,Southern,,,,,,
260280299,2006-01-28,17:00,2006,regular,,final,Long Beach State,UC Irvine,299,300,79,50,,Big West,Big West,,,,,,
260280301,2006-01-28,17:00,2006,regular,,final,San Diego,Santa Clara,301,2541,63,67,,WCC,WCC,,,,,,
260280326,2006-01-28,17:00,2006,regular,,final,Texas State,Northwestern State,326,2466,76,71,,Sun Belt,,,,,,,
260282239,2006-01-28,17:00,2006,regular,,final,Cal State Fullerton,UC Davis,2239,302,71,75,,Big West,Big West,,,,,,
260282329,2006-01-28,17:00,2006,regular,,final,Lehigh,Holy Cross,2329,107,63,69,,Patriot,Patriot,,,,,,
260282502,2006-01-28,17:00,2006,regular,,final,Portland State,Montana State,2502,147,75,73,,Big Sky,Big Sky,,,,,,
260282523,2006-01-28,17:00,2006,regular,,final,Robert Morris,Fairleigh Dickinson,2523,161,68,66,,NEC,NEC,,,,,,
260282535,2006-01-28,17:00,2006,regular,,final,Samford,Austin Peay,2535,2046,59,60,,Southern,ASUN,,,,,,
260282617,2006-01-28,17:00,2006,regular,,final,Stephen F. Austin,Lamar,2617,2320,86,60,,WAC,,,,,,,
260282717,2006-01-28,17:00,2006,regular,,final,Western Carolina,Wofford,2717,2747,64,69,,Southern,Southern,,,,,,
260280331,2006-01-28,17:05,2006,regular,,final,Eastern Washington,Montana,331,149,58,56,,Big Sky,Big Sky,,,,,,
260282197,2006-01-28,17:05,2006,regular,,final,Eastern Illinois,Morehead State,2197,2413,69,68,,,,,,,,,
260282113,2006-01-28,17:30,2006,regular,,final,Centenary,Kansas City,2113,140,52,44,,,,,,,,,
260282154,2006-01-28,17:30,2006,regular,,final,Coppin State,Howard,2154,47,66,56,,MEAC,MEAC,,,,,,
260280055,2006-01-28,18:00,2006,regular,,final,Jacksonville State,UT Martin,55,2630,84,55,,ASUN,,,,,,,
260280108,2006-01-28,18:00,2006,regular,,final,Harvard,Brown,108,225,62,64,,Ivy,Ivy,,,,,,
260280249,2006-01-28,18:00,2006,regular,,final,North Texas,South Alabama,249,6,66,57,,Sun Belt,Sun Belt,,,,,,
260280279,2006-01-28,18:00,2006,regular,,final,Pacific,UC Santa Barbara,279,2540,62,64,,Big West,Big West,,,,,,
260282241,2006-01-28,18:00,2006,regular,,final,Gardner-Webb,Florida Atlantic,2241,2226,55,64,,ASUN,ASUN,,,,,,
260282546,2006-01-28,18:00,2006,regular,,final,Southeast Missouri State,Murray State,2546,93,71,52,,,MVC,,,,,,
260282029,2006-01-28,18:30,2006,regular,,final,Arkansas-Pine Bluff,Grambling,2029,2755,75,76,,SWAC,SWAC,,,,,,
260282400,2006-01-28,18:30,2006,regular,,final,Mississippi Valley State,Jackson State,2400,2296,58,59,,SWAC,SWAC,,,,,,
260282582,2006-01-28,18:30,2006,regular,,final,Southern,Alcorn State,2582,2016,64,49,,SWAC,SWAC,,,,,,
260280082,2006-01-28,19:00,2006,regular,,final,UIC,Youngstown State,82,2754,74,64,,Horizon,Horizon,,,,,,
260280159,2006-01-28,19:00,2006,regular,,final,Dartmouth,Yale,159,43,77,60,,Ivy,Ivy,,,,,,
260280236,2006-01-28,19:00,2006,regular,,final,Chattanooga,Elon,236,2210,77,47,,Southern,Southern,,,,,,
260282229,2006-01-28,19:00,2006,regular,,final,Florida International,South Dakota State,2229,2571,56,60,,Sun Belt,,,,,,,
260282463,2006-01-28,19:00,2006,regular,,final,Cal State Northridge,Cal Poly,2463,13,53,83,,Big West,Big West,,,,,,
260282649,2006-01-28,19:00,2006,regular,,final,Toledo,Miami (OH),2649,193,77,58,,MAC,MAC,,,,,,
260280027,2006-01-28,19:05,2006,regular,,final,UC Riverside,Utah Valley,27,3084,69,62,,Big West,,,,,,,
260280253,2006-01-28,19:15,2006,regular,,final,Southern Utah,Chicago State,253,2130,55,44,,WAC,,,,,,,
260280269,2006-01-28,20:00,2006,regular,,final,Marquette,Seton Hall,269,2550,72,51,,Big East,Big East,,,,,,
260280305,2006-01-28,20:00,2006,regular,,final,DePaul,UConn,305,41,75,84,,Big East,Big East,,,,,,
260280309,2006-01-28,20:00,2006,regular,,final,Louisiana,Western Kentucky,309,98,58,74,,Sun Belt,Sun Belt,,,,,,
260282348,2006-01-28,20:00,2006,regular,,final,Louisiana Tech,Fresno State,2348,278,70,61,,WAC,WAC,,,,,,
260282449,2006-01-28,20:00,2006,regular,,final,North Dakota State,Texas A&M-Corpus Christi,2449,357,55,62,,,,,,,,,
260282492,2006-01-28,20:00,2006,regular,,final,Pepperdine,Loyola Marymount,2492,2351,48,50,,WCC,WCC,,,,,,
260280158,2006-01-28,20:05,2006,regular,,final,Nebraska,Colorado,158,38,70,54,,Big 12,Big 12,,,,,,
260282032,2006-01-28,20:05,2006,regular,,final,Arkansas State,Little Rock,2032,2031,54,46,,Sun Belt,Sun Belt,,,,,,
260282181,2006-01-28,20:05,2006,regular,,final,Drake,Illinois State,2181,2287,76,73,,MVC,MVC,,,,,,
260280166,2006-01-28,21:05,2006,regular,,final,New Mexico State,San José State,166,23,50,47,,WAC,WAC,,,,,,
260280062,2006-01-29,00:00,2006,regular,,final,Hawai'i,Nevada,62,2440,61,66,,WAC,WAC,,,,,,
260292429,2006-01-29,12:00,2006,regular,,final,Charlotte,La Salle,2429,2325,77,57,,A 10,A 10,,,,,,
260292599,2006-01-29,12:00,2006,regular,,final,St. John's,West Virginia,2599,277,74,69,,Big East,Big East,,,,,,
260290048,2006-01-29,13:00,2006,regular,,final,Delaware,VCU,48,2670,66,35,,CAA,CAA,,,,,,
260290104,2006-01-29,13:00,2006,regular,,final,Boston University,Maine,104,311,80,61,,Am. East,Am. East,,,,,,
260290111,2006-01-29,13:00,2006,regular,,final,Northeastern,Georgia State,111,2247,58,54,,CAA,CAA,,,,,,
260290130,2006-01-29,13:00,2006,regular,,final,Michigan,Wisconsin,130,275,65,75,,Big Ten,Big Ten,,,,,,
260290151,2006-01-29,13:00,2006,regular,,final,East Carolina,Tulsa,151,202,52,74,,C-USA,C-USA,,,,,,
260290179,2006-01-29,13:00,2006,regular,,final,St. Bonaventure,Saint Louis,179,139,71,59,,A 10,A 10,,,,,,
260290258,2006-01-29,13:00,2006,regular,,final,Virginia,Florida State,258,52,58,67,,ACC,ACC,,,,,,
260290276,2006-01-29,13:00,2006,regular,,final,Marshall,SMU,276,2567,57,72,,C-USA,C-USA,,,,,,
260292066,2006-01-29,13:00,2006,regular,,final,Binghamton,Albany,2066,399,70,49,,Am. East,Am. East,,,,,,
260292182,2006-01-29,13:00,2006,regular,,final,Drexel,UNC Wilmington,2182,350,70,60,,CAA,CAA,,,,,,
260292623,2006-01-29,13:05,2006,regular,,final,Missouri State,Northern Iowa,2623,2460,47,64,,MVC,MVC,,,,,,
260290005,2006-01-29,14:00,2006,regular,,final,UAB,UCF,5,2116,90,78,,C-USA,C-USA,,,,,,
260290059,2006-01-29,14:00,2006,regular,,final,Georgia Tech,Clemson,59,228,83,64,,ACC,ACC,,,,,,
260290119,2006-01-29,14:00,2006,regular,,final,Towson,Old Dominion,119,295,56,69,,CAA,CAA,,,,,,
260290127,2006-01-29,14:00,2006,regular,,final,Michigan State,Indiana,127,84,65,59,,Big Ten,Big Ten,,,,,,
260290194,2006-01-29,14:00,2006,regular,,final,Ohio State,Illinois,194,356,75,49,,Big Ten,Big Ten,,,,,,
260290218,2006-01-29,14:00,2006,regular,,final,Temple,UMass,218,113,85,50,,A 10,A 10,,,,,,
260290242,2006-01-29,14:00,2006,regular,,final,Rice,Tulane,242,2655,82,69,,C-USA,C-USA,,,,,,
260290256,2006-01-29,14:00,2006,regular,,final,James Madison,William & Mary,256,2729,73,49,,CAA,CAA,,,,,,
260290257,2006-01-29,14:00,2006,regular,,final,Richmond,George Washington,257,45,59,70,,A 10,A 10,,,,,,
260292230,2006-01-29,14:00,2006,regular,,final,Fordham,Dayton,2230,2168,64,72,,A 10,A 10,,,,,,
260292275,2006-01-29,14:00,2006,regular,,final,Hofstra,George Mason,2275,2244,65,67,,CAA,CAA,,,,,,
260292352,2006-01-29,14:00,2006,regular,,final,Loyola Maryland,Iona,2352,314,77,69,,MAAC,MAAC,,,,,,
260292363,2006-01-29,14:00,2006,regular,,final,Manhattan,Marist,2363,2368,40,61,,MAAC,MAAC,,,,,,
260292390,2006-01-29,14:00,2006,regular,,final,Miami,Virginia Tech,2390,259,77,62,,ACC,ACC,,,,,,
260292509,2006-01-29,14:00,2006,regular,,final,Purdue,Northwestern,2509,77,71,63,,Big Ten,Big Ten,,,,,,
260292520,2006-01-29,14:00,2006,regular,,final,Rider,Fairfield,2520,2217,53,68,,MAAC,MAAC,,,,,,
260292561,2006-01-29,14:00,2006,regular,,final,Siena,Saint Peter's,2561,2612,76,68,,MAAC,MAAC,,,,,,
260292603,2006-01-29,14:00,2006,regular,,final,Saint Joseph's,Rhode Island,2603,227,75,47,,A 10,A 10,,,,,,
260292619,2006-01-29,14:00,2006,regular,,final,Stony Brook,UMBC,2619,2378,48,70,,Am. East,Am. East,,,,,,
260292184,2006-01-29,14:05,2006,regular,,final,Duquesne,Xavier,2184,2752,61,69,,A 10,A 10,,,,,,
260290002,2006-01-29,15:00,2006,regular,,final,Auburn,Mississippi State,2,344,74,44,,SEC,SEC,,,,,,
260290030,2006-01-29,15:00,2006,regular,,final,USC,Stanford,30,24,69,78,,Pac-12,Pac-12,,,,,,
260290057,2006-01-29,15:00,2006,regular,,final,Florida,Georgia,57,61,55,92,,SEC,SEC,,,,,,
260290066,2006-01-29,15:00,2006,regular,,final,Iowa State,Kansas State,66,2306,64,73,,Big 12,Big 12,,,,,,
260290154,2006-01-29,15:00,2006,regular,,final,Wake Forest,Maryland,154,120,70,79,,ACC,ACC,,,,,,
260290235,2006-01-29,15:00,2006,regular,,final,Memphis,Southern Miss,235,2572,67,73,,C-USA,C-USA,,,,,,
260290238,2006-01-29,15:00,2006,regular,,final,Vanderbilt,Ole Miss,238,145,68,58,,SEC,SEC,,,,,,
260290248,2006-01-29,15:00,2006,regular,,final,Houston,UTEP,248,2638,64,50,,C-USA,C-USA,,,,,,
260292579,2006-01-29,15:00,2006,regular,,final,South Carolina,Arkansas,2579,8,61,52,,SEC,SEC,,,,,,
260292633,2006-01-29,15:00,2006,regular,,final,Tennessee,Alabama,2633,333,89,54,,SEC,SEC,,,,,,
260290026,2006-01-29,17:00,2006,regular,,final,UCLA,California,26,25,90,87,,Pac-12,Pac-12,,,,,,
260290135,2006-01-29,18:00,2006,regular,,final,Minnesota,Penn State,135,213,77,72,,Big Ten,Big Ten,,,,,,
260292250,2006-01-29,18:00,2006,regular,,final,Gonzaga,Portland,2250,2501,67,60,,WCC,WCC,,,,,,
260290150,2006-01-29,19:00,2006,regular,,final,Duke,North Carolina,150,153,70,74,,ACC,ACC,,,,,,
260292539,2006-01-29,22:00,2006,regular,,final,San Francisco,Saint Mary's,2539,2608,63,68,,WCC,WCC,,,,,,
260302210,2006-01-30,12:00,2006,regular,,final,Elon,Western Carolina,2210,2717,48,56,,Southern,Southern,,,,,,
260300232,2006-01-30,16:30,2006,regular,,final,Charleston,Davidson,232,2166,67,71,,Southern,Southern,,,,,,
260302630,2006-01-30,16:30,2006,regular,,final,UT Martin,Eastern Kentucky,2630,2198,58,49,,,ASUN,,,,,,
260302634,2006-01-30,16:30,2006,regular,,final,Tennessee State,Jacksonville State,2634,55,47,82,,,ASUN,,,,,,
260300290,2006-01-30,17:00,2006,regular,,final,Georgia Southern,Wofford,290,2747,80,73,,Southern,Southern,,,,,,
260302154,2006-01-30,17:30,2006,regular,,final,Coppin State,Maryland-Eastern Shore,2154,2379,61,40,,MEAC,MEAC,,,,,,
260302169,2006-01-30,17:30,2006,regular,,final,Delaware State,Bethune-Cookman,2169,2065,70,29,,MEAC,MEAC,,,,,,
260302413,2006-01-30,17:30,2006,regular,,final,Morehead State,Tennessee Tech,2413,2635,59,60,,,,,,,,,
260302415,2006-01-30,17:30,2006,regular,,final,Morgan State,Howard,2415,47,76,87,,MEAC,MEAC,,,,,,
260302127,2006-01-30,18:00,2006,regular,,final,Charleston Southern,High Point,2127,2272,53,82,,Big South,Big South,,,,,,
260302261,2006-01-30,18:00,2006,regular,,final,Hampton,North Carolina A&T,2261,2448,69,73,,MEAC,MEAC,,,,,,
260302450,2006-01-30,18:00,2006,regular,,final,Norfolk State,South Carolina State,2450,2569,67,62,,MEAC,MEAC,,,,,,
260300093,2006-01-30,18:15,2006,regular,,final,Murray State,Samford,93,2535,67,66,,MVC,Southern,,,,,,
260302046,2006-01-30,18:15,2006,regular,,final,Austin Peay,Southeast Missouri State,2046,2546,57,73,,ASUN,,,,,,,
260302029,2006-01-30,18:30,2006,regular,,final,Arkansas-Pine Bluff,Jackson State,2029,2296,52,63,,SWAC,SWAC,,,,,,
260302400,2006-01-30,18:30,2006,regular,,final,Mississippi Valley State,Grambling,2400,2755,71,48,,SWAC,SWAC,,,,,,
260300099,2006-01-30,19:00,2006,regular,,final,LSU,Baylor,99,239,88,57,,SEC,Big 12,,,,,,
260300152,2006-01-30,19:00,2006,regular,,final,NC State,Boston College,152,103,66,75,,ACC,ACC,,,,,,
260300236,2006-01-30,19:00,2006,regular,,final,Chattanooga,UNC Greensboro,236,2430,72,68,,Southern,Southern,,,,,,
260302010,2006-01-30,19:00,2006,regular,,final,Alabama A&M,Texas Southern,2010,2640,64,50,,SWAC,SWAC,,,,,,
260302011,2006-01-30,19:00,2006,regular,,final,Alabama State,Prairie View A&M,2011,2504,61,51,,SWAC,SWAC,,,,,,
260302115,2006-01-30,19:00,2006,regular,,final,Central Connecticut,Wagner,2115,2681,81,59,,NEC,NEC,,,,,,
260302341,2006-01-30,19:00,2006,regular,,final,LIU Brooklyn,Sacred Heart,2341,2529,68,63,,NEC,NEC,,,,,,
260302473,2006-01-30,19:00,2006,regular,,final,Oakland,Western Illinois,2473,2710,66,57,,Horizon,,,,,,,
260302514,2006-01-30,19:00,2006,regular,,final,Quinnipiac,Mount St. Mary's,2514,116,75,66,,NEC,NEC,,,,,,
260302598,2006-01-30,19:00,2006,regular,,final,St. Francis (PA),Fairleigh Dickinson,2598,161,65,75,,NEC,NEC,,,,,,
260302674,2006-01-30,19:05,2006,regular,,final,Valparaiso,IUPUI,2674,85,55,48,,MVC,Horizon,,,,,,
260302523,2006-01-30,19:30,2006,regular,,final,Robert Morris,Monmouth,2523,2405,67,61,,NEC,NEC,,,,,,
260300003,2006-01-30,20:00,2006,regular,,final,Birmingham-Southern,Radford,3,2515,68,51,,Big South,Big South,,,,,,
260302113,2006-01-30,20:00,2006,regular,,final,Centenary,Oral Roberts,2113,198,50,72,,,,,,,,,
260310058,2006-01-31,19:00,2006,regular,,final,South Florida,Villanova,58,222,69,49,,Big East,Big East,,,,,,
260310231,2006-01-31,19:00,2006,regular,,final,Furman,Appalachian State,231,2026,44,58,,Southern,Southern,,,,,,
260310277,2006-01-31,19:00,2006,regular,,final,West Virginia,DePaul,277,305,82,70,,Big East,Big East,,,,,,
260312006,2006-01-31,19:00,2006,regular,,final,Akron,Western Michigan,2006,2711,58,62,,MAC,MAC,,,,,,
260310097,2006-01-31,19:30,2006,regular,,final,Louisville,UConn,97,41,68,75,,Big East,Big East,,,,,,
260310183,2006-01-31,19:30,2006,regular,,final,Syracuse,Notre Dame,183,87,55,67,,Big East,Big East,,,,,,
260312426,2006-01-31,19:30,2006,regular,,final,Navy,Holy Cross,2426,107,55,59,,Patriot,Patriot,,,,,,
260310195,2006-01-31,20:00,2006,regular,,final,Ohio,Ball State,195,2050,63,80,,MAC,MAC,,,,,,
260310201,2006-01-31,20:00,2006,regular,,final,Oklahoma,Oklahoma State,201,197,70,54,,Big 12,Big 12,,,,,,
260310269,2006-01-31,20:00,2006,regular,,final,Marquette,Providence,269,2507,92,59,,Big East,Big East,,,,,,
260312724,2006-01-31,20:00,2006,regular,,final,Wichita State,UT Rio Grande Valley,2724,292,72,59,,MVC,,,,,,,
260312459,2006-01-31,20:05,2006,regular,,final,Northern Illinois,Buffalo,2459,2084,81,72,,MAC,MAC,,,,,,
260322542,2006-02-01,15:00,2006,regular,,final,Savannah State,Coastal Carolina,2542,324,42,46,,,Big South,,,,,,
260320399,2006-02-01,17:00,2006,regular,,final,Albany,Stony Brook,399,2619,46,68,,Am. East,Am. East,,,,,,
260322641,2006-02-01,18:00,2006,regular,,final,Texas Tech,Texas,2641,251,84,63,,Big 12,Big 12,,,,,,
260320104,2006-02-01,19:00,2006,regular,,final,Boston University,New Hampshire,104,160,71,83,,Am. East,Am. East,,,,,,
260320120,2006-02-01,19:00,2006,regular,,final,Maryland,Miami,120,2390,88,77,,ACC,ACC,,,,,,
260320189,2006-02-01,19:00,2006,regular,,final,Bowling Green,Eastern Michigan,189,2199,76,69,,MAC,MAC,,,,,,
260322083,2006-02-01,19:00,2006,regular,,final,Bucknell,Lafayette,2083,322,62,48,,Patriot,Patriot,,,,,,
260322117,2006-02-01,19:00,2006,regular,,final,Central Michigan,Miami (OH),2117,193,80,67,,MAC,MAC,,,,,,
260322142,2006-02-01,19:00,2006,regular,,final,Colgate,Lehigh,2142,2329,71,69,,Patriot,Patriot,,,,,,
260322174,2006-02-01,19:00,2006,regular,,final,Detroit Mercy,Green Bay,2174,2739,63,73,,Horizon,Horizon,,,,,,
260322226,2006-02-01,19:00,2006,regular,,final,Florida Atlantic,Kennesaw State,2226,338,83,62,,ASUN,ASUN,,,,,,
260322309,2006-02-01,19:00,2006,regular,,final,Kent State,Toledo,2309,2649,85,57,,MAC,MAC,,,,,,
260322344,2006-02-01,19:00,2006,regular,,final,Longwood,Liberty,2344,2335,50,77,,,Big South,,,,,,
260322378,2006-02-01,19:00,2006,regular,,final,UMBC,Binghamton,2378,2066,63,37,,Am. East,Am. East,,,,,,
260322514,2006-02-01,19:00,2006,regular,,final,Quinnipiac,Central Connecticut,2514,2115,68,57,,NEC,NEC,,,,,,
260322550,2006-02-01,19:00,2006,regular,,final,Seton Hall,Cincinnati,2550,2132,58,77,,Big East,Big East,,,,,,
260320164,2006-02-01,19:30,2006,regular,,final,Rutgers,St. John's,164,2599,61,51,,Big East,Big East,,,,,,
260320221,2006-02-01,19:30,2006,regular,,final,Pittsburgh,Georgetown,221,46,79,62,,Big East,Big East,,,,,,
260320311,2006-02-01,19:30,2006,regular,,final,Maine,Hartford,311,42,55,73,,Am. East,Am. East,,,,,,
260322305,2006-02-01,20:00,2006,regular,,final,Kansas,Colorado,2305,38,71,77,,Big 12,Big 12,,,,,,
260322306,2006-02-01,20:00,2006,regular,,final,Kansas State,Missouri,2306,142,65,66,,Big 12,Big 12,,,,,,
260322571,2006-02-01,20:00,2006,regular,,final,South Dakota State,Southwest Minnesota State,2571,2587,56,31,,,,,,,,,
260320158,2006-02-01,20:05,2006,regular,,final,Nebraska,Iowa State,158,66,54,42,,Big 12,Big 12,,,,,,
260320068,2006-02-01,21:00,2006,regular,,final,Boise State,San José State,68,23,64,69,,WAC,WAC,,,,,,
260330258,2006-02-02,12:00,2006,regular,,final,Virginia,Virginia Tech,258,259,54,65,,ACC,ACC,,,,,,
260332630,2006-02-02,16:30,2006,regular,,final,UT Martin,Tennessee Tech,2630,2635,41,48,,,,,,,,,
260332634,2006-02-02,16:30,2006,regular,,final,Tennessee State,Samford,2634,2535,53,64,,,Southern,,,,,,
260332754,2006-02-02,17:15,2006,regular,,final,Youngstown State,Butler,2754,2086,71,63,,Horizon,Horizon,,,,,,
260330055,2006-02-02,18:00,2006,regular,,final,Jacksonville State,Eastern Illinois,55,2197,82,71,,ASUN,,,,,,,
260332046,2006-02-02,18:15,2006,regular,,final,Austin Peay,Murray State,2046,93,82,64,,ASUN,MVC,,,,,,
260332057,2006-02-02,18:30,2006,regular,,final,Belmont,Mercer,2057,2382,66,55,,ASUN,ASUN,,,,,,
260330005,2006-02-02,19:00,2006,regular,,final,UAB,Memphis,5,235,101,60,,C-USA,C-USA,,,,,,
260330057,2006-02-02,19:00,2006,regular,,final,Florida,Auburn,57,2,72,61,,SEC,SEC,,,,,,
260330059,2006-02-02,19:00,2006,regular,,final,Georgia Tech,Florida State,59,52,54,59,,ACC,ACC,,,,,,
260330061,2006-02-02,19:00,2006,regular,,final,Georgia,Kentucky,61,96,91,57,,SEC,SEC,,,,,,
260330103,2006-02-02,19:00,2006,regular,,final,Boston College,Wake Forest,103,154,77,63,,ACC,ACC,,,,,,
260330153,2006-02-02,19:00,2006,regular,,final,North Carolina,NC State,153,152,75,58,,ACC,ACC,,,,,,
260330213,2006-02-02,19:00,2006,regular,,final,Penn State,Michigan,213,130,78,62,,Big Ten,Big Ten,,,,,,
260330227,2006-02-02,19:00,2006,regular,,final,Rhode Island,UMass,227,113,43,54,,A 10,A 10,,,,,,
260330294,2006-02-02,19:00,2006,regular,,final,Jacksonville,Campbell,294,2097,63,55,,ASUN,ASUN,,,,,,
260330325,2006-02-02,19:00,2006,regular,,final,Cleveland State,Wright State,325,2750,52,65,,Horizon,Horizon,,,,,,
260332405,2006-02-02,19:00,2006,regular,,final,Monmouth,Fairleigh Dickinson,2405,161,78,67,,NEC,NEC,,,,,,
260332454,2006-02-02,19:00,2006,regular,,final,North Florida,Gardner-Webb,2454,2241,57,42,,ASUN,ASUN,,,,,,
260332597,2006-02-02,19:00,2006,regular,,final,St. Francis Brooklyn,Robert Morris,2597,2523,56,70,,NEC,NEC,,,,,,
260332603,2006-02-02,19:00,2006,regular,,final,Saint Joseph's,Fordham,2603,2230,70,57,,A 10,A 10,,,,,,
260330006,2006-02-02,20:00,2006,regular,,final,South Alabama,Arkansas State,6,2032,74,70,,Sun Belt,Sun Belt,,,,,,
260330008,2006-02-02,20:00,2006,regular,,final,Arkansas,LSU,8,99,59,93,,SEC,SEC,,,,,,
260330077,2006-02-02,20:00,2006,regular,,final,Northwestern,Michigan State,77,127,59,79,,Big Ten,Big Ten,,,,,,
260330145,2006-02-02,20:00,2006,regular,,final,Ole Miss,Tennessee,145,2633,63,78,,SEC,SEC,,,,,,
260330249,2006-02-02,20:00,2006,regular,,final,North Texas,Louisiana,249,309,59,67,,Sun Belt,Sun Belt,,,,,,
260330250,2006-02-02,20:00,2006,regular,,final,UT Arlington,McNeese,250,2377,59,56,,WAC,,,,,,,
260330275,2006-02-02,20:00,2006,regular,,final,Wisconsin,Indiana,275,84,64,71,,Big Ten,Big Ten,,,,,,
260330279,2006-02-02,20:00,2006,regular,,final,Pacific,UC Davis,279,302,66,70,,Big West,Big West,,,,,,
260330288,2006-02-02,20:00,2006,regular,,final,Lipscomb,Stetson,288,56,54,37,,ASUN,ASUN,,,,,,
260330333,2006-02-02,20:00,2006,regular,,final,Alabama,Vanderbilt,333,238,53,65,,SEC,SEC,,,,,,
260330356,2006-02-02,20:00,2006,regular,,final,Illinois,Minnesota,356,135,49,64,,Big Ten,Big Ten,,,,,,
260332393,2006-02-02,20:00,2006,regular,,final,Middle Tennessee,Florida International,2393,2229,70,65,,Sun Belt,Sun Belt,,,,,,
260332447,2006-02-02,20:00,2006,regular,,final,Nicholls,UTSA,2447,2636,57,67,,,C-USA,,,,,,
260332464,2006-02-02,20:00,2006,regular,,final,Northern Arizona,Portland State,2464,2502,73,67,,Big Sky,Big Sky,,,,,,
260332534,2006-02-02,20:00,2006,regular,,final,Sam Houston,Northwestern State,2534,2466,75,69,,WAC,,,,,,,
260332545,2006-02-02,20:00,2006,regular,,final,SE Louisiana,Texas State,2545,326,76,61,,,Sun Belt,,,,,,
260332653,2006-02-02,20:00,2006,regular,,final,Troy,Little Rock,2653,2031,46,71,,Sun Belt,Sun Belt,,,,,,
260332724,2006-02-02,20:00,2006,regular,,final,Wichita State,Drake,2724,2181,60,61,,MVC,MVC,,,,,,
260330071,2006-02-02,20:05,2006,regular,,final,Bradley,Southern Illinois,71,79,52,43,,MVC,MVC,,,,,,
260332294,2006-02-02,20:05,2006,regular,,final,Iowa,Purdue,2294,2509,77,71,,Big Ten,Big Ten,,,,,,
260332460,2006-02-02,20:05,2006,regular,,final,Northern Iowa,Evansville,2460,339,53,47,,MVC,MVC,,,,,,
260332623,2006-02-02,20:05,2006,regular,,final,Missouri State,Creighton,2623,156,70,63,,MVC,MVC,,,,,,
260330009,2006-02-02,20:30,2006,regular,,final,Arizona State,UCLA,9,26,87,70,,Pac-12,Pac-12,,,,,,
260330012,2006-02-02,21:00,2006,regular,,final,Arizona,USC,12,30,72,73,,Pac-12,Pac-12,,,,,,
260330036,2006-02-02,21:00,2006,regular,,final,Colorado State,Air Force,36,2005,60,76,,Mountain West,Mountain West,,,,,,
260330252,2006-02-02,21:00,2006,regular,,final,BYU,New Mexico,252,167,60,55,,Mountain West,Mountain West,,,,,,
260330254,2006-02-02,21:00,2006,regular,,final,Utah,Wyoming,254,2751,55,47,,Mountain West,Mountain West,,,,,,
260330328,2006-02-02,21:00,2006,regular,,final,Utah State,New Mexico State,328,166,48,55,,WAC,WAC,,,,,,
260332172,2006-02-02,21:00,2006,regular,,final,Denver,New Orleans,2172,2443,76,56,,Sun Belt,Sun Belt,,,,,,
260330147,2006-02-02,21:05,2006,regular,,final,Montana State,Idaho State,147,304,74,84,,Big Sky,Big Sky,,,,,,
260330149,2006-02-02,21:05,2006,regular,,final,Montana,Weber State,149,2692,49,50,,Big Sky,Big Sky,,,,,,
260330024,2006-02-02,22:00,2006,regular,,final,Stanford,Oregon,24,2483,79,58,,Pac-12,Pac-12,,,,,,
260330025,2006-02-02,22:00,2006,regular,,final,California,Oregon State,25,204,55,63,,Pac-12,Pac-12,,,,,,
260330070,2006-02-02,22:00,2006,regular,,final,Idaho,Hawai'i,70,62,60,66,,WAC,WAC,,,,,,
260332239,2006-02-02,22:00,2006,regular,,final,Cal State Fullerton,UC Irvine,2239,300,75,67,,Big West,Big West,,,,,,
260332351,2006-02-02,22:00,2006,regular,,final,Loyola Marymount,San Francisco,2351,2539,63,56,,WCC,WCC,,,,,,
260332492,2006-02-02,22:00,2006,regular,,final,Pepperdine,San Diego,2492,301,73,55,,WCC,WCC,,,,,,
260332541,2006-02-02,22:00,2006,regular,,final,Santa Clara,Gonzaga,2541,2250,74,52,,WCC,WCC,,,,,,
260330016,2006-02-02,22:05,2006,regular,,final,Sacramento State,Eastern Washington,16,331,69,61,,Big Sky,Big Sky,,,,,,
260332440,2006-02-02,22:05,2006,regular,,final,Nevada,Louisiana Tech,2440,2348,57,72,,WAC,WAC,,,,,,
260332608,2006-02-02,22:05,2006,regular,,final,Saint Mary's,Portland,2608,2501,89,70,,WCC,WCC,,,,,,
260330027,2006-02-02,22:10,2006,regular,,final,UC Riverside,Long Beach State,27,299,90,78,,Big West,Big West,,,,,,
260332439,2006-02-02,23:00,2006,regular,,final,UNLV,TCU,2439,2628,61,50,,Mountain West,Mountain West,,,,,,
260340314,2006-02-03,,2006,regular,,final,Iona,Fairfield,314,2217,79,60,,MAAC,MAAC,,,,,,
260340179,2006-02-03,12:00,2006,regular,,final,St. Bonaventure,Duquesne,179,2184,48,53,,A 10,A 10,,,,,,
260342247,2006-02-03,18:00,2006,regular,,final,Georgia State,Delaware,2247,48,49,70,,CAA,CAA,,,,,,
260342569,2006-02-03,18:00,2006,regular,,final,South Carolina State,Delaware State,2569,2169,64,55,,MEAC,MEAC,,,,,,
260340043,2006-02-03,19:00,2006,regular,,final,Yale,Princeton,43,163,37,53,,Ivy,Ivy,,,,,,
260340108,2006-02-03,19:00,2006,regular,,final,Harvard,Columbia,108,171,86,63,,Ivy,Ivy,,,,,,
260340159,2006-02-03,19:00,2006,regular,,final,Dartmouth,Cornell,159,172,93,70,,Ivy,Ivy,,,,,,
260340218,2006-02-03,19:00,2006,regular,,final,Temple,Richmond,218,257,65,46,,A 10,A 10,,,,,,
260340225,2006-02-03,19:00,2006,regular,,final,Brown,Pennsylvania,225,219,65,47,,Ivy,Ivy,,,,,,
260340295,2006-02-03,19:00,2006,regular,,final,Old Dominion,Drexel,295,2182,76,49,,CAA,CAA,,,,,,
260340315,2006-02-03,19:00,2006,regular,,final,Niagara,Loyola Maryland,315,2352,58,62,,MAAC,MAAC,,,,,,
260340350,2006-02-03,19:00,2006,regular,,final,UNC Wilmington,Towson,350,119,56,50,,CAA,CAA,,,,,,
260342099,2006-02-03,19:00,2006,regular,,final,Canisius,Manhattan,2099,2363,52,50,,MAAC,MAAC,,,,,,
260342168,2006-02-03,19:00,2006,regular,,final,Dayton,Charlotte,2168,2429,74,86,,A 10,A 10,,,,,,
260342244,2006-02-03,19:00,2006,regular,,final,George Mason,Northeastern,2244,111,76,65,,CAA,CAA,,,,,,
260342561,2006-02-03,19:00,2006,regular,,final,Siena,Marist,2561,2368,55,68,,MAAC,MAAC,,,,,,
260342612,2006-02-03,19:00,2006,regular,,final,Saint Peter's,Rider,2612,2520,67,53,,MAAC,MAAC,,,,,,
260342670,2006-02-03,19:00,2006,regular,,final,VCU,James Madison,2670,256,67,80,,CAA,CAA,,,,,,
260342729,2006-02-03,19:00,2006,regular,,final,William & Mary,Hofstra,2729,2275,69,62,,CAA,CAA,,,,,,
260342752,2006-02-03,19:00,2006,regular,,final,Xavier,George Washington,2752,45,67,62,,A 10,A 10,,,,,,
260340139,2006-02-03,20:00,2006,regular,,final,Saint Louis,La Salle,139,2325,70,60,,A 10,A 10,,,,,,
260340242,2006-02-03,20:00,2006,regular,,final,Rice,Houston,242,248,62,75,,C-USA,C-USA,,,,,,
260350009,2006-02-04,,2006,regular,,final,Arizona State,USC,9,30,79,72,,Pac-12,Pac-12,,,,,,
260352638,2006-02-04,,2006,regular,,final,Tulane,UTEP,2655,2638,58,59,,C-USA,C-USA,,,,,,
260350087,2006-02-04,13:00,2006,regular,,final,Notre Dame,Providence,87,2507,66,48,,Big East,Big East,,,,,,
260350349,2006-02-04,13:00,2006,regular,,final,Army,Navy,349,2426,78,72,,Patriot,Patriot,,,,,,
260352050,2006-02-04,13:00,2006,regular,,final,Ball State,Buffalo,2050,2084,70,56,,MAC,MAC,,,,,,
260352066,2006-02-04,13:00,2006,regular,,final,Binghamton,Maine,2066,311,69,64,,Am. East,Am. East,,,,,,
260352514,2006-02-04,13:00,2006,regular,,final,Quinnipiac,Sacred Heart,2514,2529,68,46,,NEC,NEC,,,,,,
260352747,2006-02-04,13:00,2006,regular,,final,Wofford,Charleston,2747,232,45,59,,Southern,Southern,,,,,,
260352460,2006-02-04,13:05,2006,regular,,final,Northern Iowa,Southern Illinois,2460,79,49,40,,MVC,MVC,,,,,,
260350038,2006-02-04,14:00,2006,regular,,final,Colorado,Texas,38,251,64,69,,Big 12,Big 12,,,,,,
260350042,2006-02-04,14:00,2006,regular,,final,Hartford,Vermont,42,261,66,52,,Am. East,Am. East,,,,,,
260350047,2006-02-04,14:00,2006,regular,,final,Howard,Norfolk State,47,2450,103,74,,MEAC,MEAC,,,,,,
260350161,2006-02-04,14:00,2006,regular,,final,Fairleigh Dickinson,LIU Brooklyn,161,2341,60,66,,NEC,NEC,,,,,,
260350164,2006-02-04,14:00,2006,regular,,final,Rutgers,DePaul,164,305,67,57,,Big East,Big East,,,,,,
260350193,2006-02-04,14:00,2006,regular,,final,Miami (OH),Northern Illinois,193,2459,49,51,,MAC,MAC,,,,,,
260350294,2006-02-04,14:00,2006,regular,,final,Jacksonville,Gardner-Webb,294,2241,65,53,,ASUN,ASUN,,,,,,
260352117,2006-02-04,14:00,2006,regular,,final,Central Michigan,Ohio,2117,195,64,48,,MAC,MAC,,,,,,
260352127,2006-02-04,14:00,2006,regular,,final,Charleston Southern,Coastal Carolina,2127,324,69,76,,Big South,Big South,,,,,,
260352210,2006-02-04,14:00,2006,regular,,final,Elon,Georgia Southern,2210,290,58,48,,Southern,Southern,,,,,,
260352226,2006-02-04,14:00,2006,regular,,final,Florida Atlantic,East Tennessee State,2226,2193,85,76,,ASUN,ASUN,,,,,,
260352305,2006-02-04,14:00,2006,regular,,final,Kansas,Iowa State,2305,66,65,64,,Big 12,Big 12,,,,,,
260352350,2006-02-04,14:00,2006,regular,,final,Loyola Chicago,UIC,2350,82,66,79,,Horizon,Horizon,,,,,,
260352379,2006-02-04,14:00,2006,regular,,final,Maryland-Eastern Shore,Hampton,2379,2261,59,51,,MEAC,MEAC,,,,,,
260352427,2006-02-04,14:00,2006,regular,,final,UNC Asheville,Birmingham-Southern,2427,3,61,66,,Big South,Big South,,,,,,
260352430,2006-02-04,14:00,2006,regular,,final,UNC Greensboro,Furman,2430,231,72,48,,Southern,Southern,,,,,,
260352454,2006-02-04,14:00,2006,regular,,final,North Florida,Campbell,2454,2097,64,65,,ASUN,ASUN,,,,,,
260352711,2006-02-04,14:00,2006,regular,,final,Western Michigan,Kent State,2711,2309,69,63,,MAC,MAC,,,,,,
260352754,2006-02-04,14:00,2006,regular,,final,Youngstown State,Wright State,2754,2750,60,67,,Horizon,Horizon,,,,,,
260352623,2006-02-04,14:05,2006,regular,,final,Missouri State,Drake,2623,2181,58,61,,MVC,MVC,,,,,,
260352132,2006-02-04,14:30,2006,regular,,final,Cincinnati,Pittsburgh,2132,221,63,64,,Big East,Big East,,,,,,
260350046,2006-02-04,15:00,2006,regular,,final,Georgetown,Seton Hall,46,2550,64,52,,Big East,Big East,,,,,,
260350116,2006-02-04,15:00,2006,regular,,final,Mount St. Mary's,St. Francis (PA),116,2598,64,60,,NEC,NEC,,,,,,
260350288,2006-02-04,15:00,2006,regular,,final,Lipscomb,Mercer,288,2382,58,47,,ASUN,ASUN,,,,,,
260350325,2006-02-04,15:00,2006,regular,,final,Cleveland State,Butler,325,2086,68,71,,Horizon,Horizon,,,,,,
260352029,2006-02-04,15:00,2006,regular,,final,Arkansas-Pine Bluff,Alabama A&M,2029,2010,53,63,,SWAC,SWAC,,,,,,
260352057,2006-02-04,15:00,2006,regular,,final,Belmont,Stetson,2057,56,65,26,,ASUN,ASUN,,,,,,
260352113,2006-02-04,15:00,2006,regular,,final,Centenary,Western Illinois,2113,2710,53,57,,,,,,,,,
260352320,2006-02-04,15:00,2006,regular,,final,Lamar,McNeese,2320,2377,54,67,,,,,,,,,
260352405,2006-02-04,15:00,2006,regular,,final,Monmouth,Wagner,2405,2681,77,44,,NEC,NEC,,,,,,
260352447,2006-02-04,15:00,2006,regular,,final,Nicholls,Texas State,2447,326,52,50,,,Sun Belt,,,,,,
260352466,2006-02-04,15:00,2006,regular,,final,Northwestern State,Stephen F. Austin,2466,2617,69,85,,,WAC,,,,,,
260352515,2006-02-04,15:00,2006,regular,,final,Radford,Liberty,2515,2335,50,58,,Big South,Big South,,,,,,
260352724,2006-02-04,15:00,2006,regular,,final,Wichita State,Creighton,2724,156,82,63,,MVC,MVC,,,,,,
260350071,2006-02-04,15:05,2006,regular,,final,Bradley,Evansville,71,339,49,51,,MVC,MVC,,,,,,
260350198,2006-02-04,15:05,2006,regular,,final,Oral Roberts,Chicago State,198,2130,53,49,,,,,,,,,
260350278,2006-02-04,16:00,2006,regular,,final,Fresno State,Boise State,278,68,81,64,,WAC,WAC,,,,,,
260350322,2006-02-04,16:00,2006,regular,,final,Lafayette,Holy Cross,322,107,54,49,,Patriot,Patriot,,,,,,
260350357,2006-02-04,16:00,2006,regular,,final,Texas A&M-Corpus Christi,Northern Colorado,357,2458,62,63,,,Big Sky,,,,,,
260352005,2006-02-04,16:00,2006,regular,,final,Air Force,BYU,2005,252,44,67,,Mountain West,Mountain West,,,,,,
260352142,2006-02-04,16:00,2006,regular,,final,Colgate,Bucknell,2142,2083,63,81,,Patriot,Patriot,,,,,,
260352463,2006-02-04,16:00,2006,regular,,final,Cal State Northridge,UC Davis,2463,302,55,66,,Big West,Big West,,,,,,
260352545,2006-02-04,16:00,2006,regular,,final,SE Louisiana,UTSA,2545,2636,66,63,,,C-USA,,,,,,
260352739,2006-02-04,16:00,2006,regular,,final,Green Bay,Milwaukee,2739,270,67,69,,Horizon,Horizon,,,,,,
260352751,2006-02-04,16:00,2006,regular,,final,Wyoming,UNLV,2751,2439,53,50,,Mountain West,Mountain West,,,,,,
260350147,2006-02-04,16:05,2006,regular,,final,Montana State,Weber State,147,2692,48,74,,Big Sky,Big Sky,,,,,,
260350085,2006-02-04,16:30,2006,regular,,final,IUPUI,Oakland,85,2473,70,64,,Horizon,Horizon,,,,,,
260350151,2006-02-04,16:30,2006,regular,,final,East Carolina,Marshall,151,276,57,56,,C-USA,C-USA,,,,,,
260352635,2006-02-04,16:30,2006,regular,,final,Tennessee Tech,Eastern Kentucky,2635,2198,73,48,,,ASUN,,,,,,
260350013,2006-02-04,17:00,2006,regular,,final,Cal Poly,UC Santa Barbara,13,2540,71,80,,Big West,Big West,,,,,,
260350021,2006-02-04,17:00,2006,regular,,final,San Diego State,Colorado State,21,36,55,68,,Mountain West,Mountain West,,,,,,
260350024,2006-02-04,17:00,2006,regular,,final,Stanford,Oregon State,24,204,87,54,,Pac-12,Pac-12,,,,,,
260350025,2006-02-04,17:00,2006,regular,,final,California,Oregon,25,2483,49,39,,Pac-12,Pac-12,,,,,,
260350236,2006-02-04,17:00,2006,regular,,final,Chattanooga,Appalachian State,236,2026,87,66,,Southern,Southern,,,,,,
260350254,2006-02-04,17:00,2006,regular,,final,Utah,New Mexico,254,167,75,62,,Mountain West,Mountain West,,,,,,
260350399,2006-02-04,17:00,2006,regular,,final,Albany,Boston University,399,104,50,65,,Am. East,Am. East,,,,,,
260352329,2006-02-04,17:00,2006,regular,,final,Lehigh,American University,2329,44,68,75,,Patriot,Patriot,,,,,,
260352351,2006-02-04,17:00,2006,regular,,final,Loyola Marymount,San Diego,2351,301,61,58,,WCC,WCC,,,,,,
260352492,2006-02-04,17:00,2006,regular,,final,Pepperdine,San Francisco,2492,2539,75,55,,WCC,WCC,,,,,,
260352535,2006-02-04,17:00,2006,regular,,final,Samford,Eastern Illinois,2535,2197,56,67,,Southern,,,,,,,
260352541,2006-02-04,17:00,2006,regular,,final,Santa Clara,Portland,2541,2501,67,58,,WCC,WCC,,,,,,
260352717,2006-02-04,17:00,2006,regular,,final,Western Carolina,Davidson,2717,2166,63,67,,Southern,Southern,,,,,,
260350016,2006-02-04,17:05,2006,regular,,final,Sacramento State,Portland State,16,2502,70,65,,Big Sky,Big Sky,,,,,,
260352287,2006-02-04,17:05,2006,regular,,final,Illinois State,Indiana State,2287,282,71,75,,MVC,MVC,,,,,,
260352440,2006-02-04,17:05,2006,regular,,final,Nevada,New Mexico State,2440,166,61,51,,WAC,WAC,,,,,,
260352608,2006-02-04,17:05,2006,regular,,final,Saint Mary's,Gonzaga,2608,2250,58,68,,WCC,WCC,,,,,,
260352154,2006-02-04,17:30,2006,regular,,final,Coppin State,Bethune-Cookman,2154,2065,56,32,,MEAC,MEAC,,,,,,
260352415,2006-02-04,17:30,2006,regular,,final,Morgan State,Florida A&M,2415,50,75,48,,MEAC,MEAC,,,,,,
260350006,2006-02-04,18:00,2006,regular,,final,South Alabama,Little Rock,6,2031,67,62,,Sun Belt,Sun Belt,,,,,,
260350012,2006-02-04,18:00,2006,regular,,final,Arizona,UCLA,12,26,64,90,,Pac-12,Pac-12,,,,,,
260350108,2006-02-04,18:00,2006,regular,,final,Harvard,Cornell,108,172,80,71,,Ivy,Ivy,,,,,,
260350142,2006-02-04,18:00,2006,regular,,final,Missouri,Oklahoma,142,201,73,88,,Big 12,Big 12,,,,,,
260352546,2006-02-04,18:00,2006,regular,,final,Southeast Missouri State,UT Martin,2546,2630,67,52,,,,,,,,,
260352572,2006-02-04,18:00,2006,regular,,final,Southern Miss,UCF,2572,2116,63,50,,C-USA,C-USA,,,,,,
260350093,2006-02-04,18:15,2006,regular,,final,Murray State,Jacksonville State,93,55,63,69,,MVC,ASUN,,,,,,
260352046,2006-02-04,18:15,2006,regular,,final,Austin Peay,Tennessee State,2046,2634,83,68,,ASUN,,,,,,,
260352296,2006-02-04,18:30,2006,regular,,final,Jackson State,Alcorn State,2296,2016,70,48,,SWAC,SWAC,,,,,,
260352400,2006-02-04,18:30,2006,regular,,final,Mississippi Valley State,Alabama State,2400,2011,62,65,,SWAC,SWAC,,,,,,
260352504,2006-02-04,18:30,2006,regular,,final,Prairie View A&M,Texas Southern,2504,2640,71,56,,SWAC,SWAC,,,,,,
260352755,2006-02-04,18:30,2006,regular,,final,Grambling,Southern,2755,2582,63,54,,SWAC,SWAC,,,,,,
260350041,2006-02-04,19:00,2006,regular,,final,UConn,West Virginia,41,277,58,50,,Big East,Big East,,,,,,
260350043,2006-02-04,19:00,2006,regular,,final,Yale,Pennsylvania,43,219,53,52,,Ivy,Ivy,,,,,,
260350097,2006-02-04,19:00,2006,regular,,final,Louisville,Marquette,97,269,70,58,,Big East,Big East,,,,,,
260350159,2006-02-04,19:00,2006,regular,,final,Dartmouth,Columbia,159,171,76,56,,Ivy,Ivy,,,,,,
260350225,2006-02-04,19:00,2006,regular,,final,Brown,Princeton,225,163,49,47,,Ivy,Ivy,,,,,,
260352115,2006-02-04,19:00,2006,regular,,final,Central Connecticut,St. Francis Brooklyn,2115,2597,58,56,,NEC,NEC,,,,,,
260352199,2006-02-04,19:00,2006,regular,,final,Eastern Michigan,Akron,2199,2006,68,51,,MAC,MAC,,,,,,
260352272,2006-02-04,19:00,2006,regular,,final,High Point,Winthrop,2272,2737,57,51,,Big South,Big South,,,,,,
260352378,2006-02-04,19:00,2006,regular,,final,UMBC,New Hampshire,2378,160,65,53,,Am. East,Am. East,,,,,,
260350027,2006-02-04,19:05,2006,regular,,final,UC Riverside,UC Irvine,27,300,63,65,,Big West,Big West,,,,,,
260350098,2006-02-04,20:00,2006,regular,,final,Western Kentucky,Florida International,98,2229,71,49,,Sun Belt,Sun Belt,,,,,,
260350197,2006-02-04,20:00,2006,regular,,final,Oklahoma State,Baylor,197,239,54,81,,Big 12,Big 12,,,,,,
260350249,2006-02-04,20:00,2006,regular,,final,North Texas,New Orleans,249,2443,71,48,,Sun Belt,Sun Belt,,,,,,
260350292,2006-02-04,20:00,2006,regular,,final,UT Rio Grande Valley,Purdue Fort Wayne,292,2870,63,60,,,,,,,,,
260352306,2006-02-04,20:00,2006,regular,,final,Kansas State,Nebraska,2306,158,71,64,,Big 12,Big 12,,,,,,
260352433,2006-02-04,20:00,2006,regular,,final,UL Monroe,Sam Houston,2433,2534,74,55,,Sun Belt,WAC,,,,,,
260352464,2006-02-04,20:00,2006,regular,,final,Northern Arizona,Eastern Washington,2464,331,74,61,,Big Sky,Big Sky,,,,,,
260352571,2006-02-04,20:00,2006,regular,,final,South Dakota State,North Dakota State,2571,2449,95,66,,,,,,,,,
260352653,2006-02-04,20:00,2006,regular,,final,Troy,Arkansas State,2653,2032,65,76,,Sun Belt,Sun Belt,,,,,,
260350328,2006-02-04,21:00,2006,regular,,final,Utah State,Louisiana Tech,328,2348,56,73,,WAC,WAC,,,,,,
260352172,2006-02-04,21:00,2006,regular,,final,Denver,Louisiana,2172,309,76,69,,Sun Belt,Sun Belt,,,,,,
260350149,2006-02-04,21:05,2006,regular,,final,Montana,Idaho State,149,304,105,55,,Big Sky,Big Sky,,,,,,
260350253,2006-02-04,21:05,2006,regular,,final,Southern Utah,Valparaiso,253,2674,54,69,,WAC,MVC,,,,,,
260353081,2006-02-04,21:05,2006,regular,,final,Utah Valley,Grand Canyon,3084,2253,56,43,,,WAC,,,,,,
260350023,2006-02-04,22:00,2006,regular,,final,San José State,Hawai'i,23,62,61,76,,WAC,WAC,,,,,,
260352239,2006-02-04,22:00,2006,regular,,final,Cal State Fullerton,Long Beach State,2239,299,62,61,,Big West,Big West,,,,,,
260360096,2006-02-05,12:00,2006,regular,,final,Kentucky,Florida,96,57,61,68,,SEC,SEC,,,,,,
260360120,2006-02-05,12:00,2006,regular,,final,Maryland,Virginia,120,258,85,71,,ACC,ACC,,,,,,
260362752,2006-02-05,12:00,2006,regular,,final,Xavier,Charlotte,2752,2429,55,63,,A 10,A 10,,,,,,
260360314,2006-02-05,13:00,2006,regular,,final,Iona,Saint Peter's,314,2612,73,71,,MAAC,MAAC,,,,,,
260362099,2006-02-05,13:00,2006,regular,,final,Canisius,Loyola Maryland,2099,2352,87,81,,MAAC,MAAC,,,,,,
260362217,2006-02-05,13:00,2006,regular,,final,Fairfield,Marist,2217,2368,48,59,,MAAC,MAAC,,,,,,
260360052,2006-02-05,14:00,2006,regular,,final,Florida State,NC State,52,152,75,61,,ACC,ACC,,,,,,
260360059,2006-02-05,14:00,2006,regular,,final,Georgia Tech,North Carolina,59,153,56,75,,ACC,ACC,,,,,,
260360084,2006-02-05,14:00,2006,regular,,final,Indiana,Ohio State,84,194,45,61,,Big Ten,Big Ten,,,,,,
260360113,2006-02-05,14:00,2006,regular,,final,UMass,Saint Joseph's,113,2603,63,53,,A 10,A 10,,,,,,
260360213,2006-02-05,14:00,2006,regular,,final,Penn State,Purdue,213,2509,61,72,,Big Ten,Big Ten,,,,,,
260360218,2006-02-05,14:00,2006,regular,,final,Temple,Duquesne,218,2184,79,44,,A 10,A 10,,,,,,
260360256,2006-02-05,14:00,2006,regular,,final,James Madison,Delaware,256,48,65,57,,CAA,CAA,,,,,,
260360295,2006-02-05,14:00,2006,regular,,final,Old Dominion,Northeastern,295,111,87,41,,CAA,CAA,,,,,,
260360315,2006-02-05,14:00,2006,regular,,final,Niagara,Manhattan,315,2363,46,73,,MAAC,MAAC,,,,,,
260360350,2006-02-05,14:00,2006,regular,,final,UNC Wilmington,Hofstra,350,2275,76,91,,CAA,CAA,,,,,,
260360356,2006-02-05,14:00,2006,regular,,final,Illinois,Michigan State,356,127,51,57,,Big Ten,Big Ten,,,,,,
260362168,2006-02-05,14:00,2006,regular,,final,Dayton,St. Bonaventure,2168,179,66,63,,A 10,A 10,,,,,,
260362230,2006-02-05,14:00,2006,regular,,final,Fordham,Rhode Island,2230,227,54,59,,A 10,A 10,,,,,,
260362247,2006-02-05,14:00,2006,regular,,final,Georgia State,Towson,2247,119,78,69,,CAA,CAA,,,,,,
260362599,2006-02-05,14:00,2006,regular,,final,St. John's,South Florida,2599,58,78,71,,Big East,Big East,,,,,,
260362649,2006-02-05,14:00,2006,regular,,final,Toledo,Bowling Green,2649,189,65,71,,MAC,MAC,,,,,,
260362670,2006-02-05,14:00,2006,regular,,final,VCU,Drexel,2670,2182,60,70,,CAA,CAA,,,,,,
260362729,2006-02-05,14:00,2006,regular,,final,William & Mary,George Mason,2729,2244,55,58,,CAA,CAA,,,,,,
260360061,2006-02-05,14:30,2006,regular,,final,Georgia,Alabama,61,333,84,59,,SEC,SEC,,,,,,
260360002,2006-02-05,15:00,2006,regular,,final,Auburn,Vanderbilt,2,238,53,57,,SEC,SEC,,,,,,
260360077,2006-02-05,15:00,2006,regular,,final,Northwestern,Wisconsin,77,275,58,56,,Big Ten,Big Ten,,,,,,
260360099,2006-02-05,15:00,2006,regular,,final,LSU,Ole Miss,99,145,78,63,,SEC,SEC,,,,,,
260360135,2006-02-05,15:00,2006,regular,,final,Minnesota,Michigan,135,130,83,48,,Big Ten,Big Ten,,,,,,
260360154,2006-02-05,15:00,2006,regular,,final,Wake Forest,Miami,154,2390,71,79,,ACC,ACC,,,,,,
260360344,2006-02-05,15:00,2006,regular,,final,Mississippi State,South Carolina,344,2579,46,51,,SEC,SEC,,,,,,
260362520,2006-02-05,15:00,2006,regular,,final,Rider,Siena,2520,2561,49,78,,MAAC,MAAC,,,,,,
260362633,2006-02-05,15:00,2006,regular,,final,Tennessee,Arkansas,2633,8,77,37,,SEC,SEC,,,,,,
260360228,2006-02-05,16:00,2006,regular,,final,Clemson,Boston College,228,103,53,70,,ACC,ACC,,,,,,
260360245,2006-02-05,16:00,2006,regular,,final,Texas A&M,Texas Tech,245,2641,65,48,,Big 12,Big 12,,,,,,
260360264,2006-02-05,16:00,2006,regular,,final,Washington,Washington State,264,265,83,57,,Pac-12,Pac-12,,,,,,
260370140,2006-02-06,17:00,2006,regular,,final,Kansas City,Chicago State,140,2130,55,57,,,,,,,,,AT KEMPER ARENA
260372154,2006-02-06,17:30,2006,regular,,final,Coppin State,Florida A&M,2154,50,53,38,,MEAC,MEAC,,,,,,
260372198,2006-02-06,17:30,2006,regular,,final,Eastern Kentucky,Morehead State,2198,2413,67,60,,ASUN,,,,,,,
260372379,2006-02-06,17:30,2006,regular,,final,Maryland-Eastern Shore,Norfolk State,2379,2450,65,56,,MEAC,MEAC,,,,,,
260372415,2006-02-06,17:30,2006,regular,,final,Morgan State,Bethune-Cookman,2415,2065,64,66,,MEAC,MEAC,,,,,,
260372448,2006-02-06,17:30,2006,regular,,final,North Carolina A&T,Delaware State,2448,2169,65,80,,MEAC,MEAC,,,,,,
260370047,2006-02-06,18:00,2006,regular,,final,Howard,Hampton,47,2261,101,70,,MEAC,MEAC,,,,,,
260372029,2006-02-06,18:30,2006,regular,,final,Arkansas-Pine Bluff,Alabama State,2029,2011,61,55,,SWAC,SWAC,,,,,,
260372296,2006-02-06,18:30,2006,regular,,final,Jackson State,Southern,2296,2582,75,55,,SWAC,SWAC,,,,,,
260372400,2006-02-06,18:30,2006,regular,,final,Mississippi Valley State,Alabama A&M,2400,2010,56,55,,SWAC,SWAC,,,,,,
260372755,2006-02-06,18:30,2006,regular,,final,Grambling,Alcorn State,2755,2016,57,71,,SWAC,SWAC,,,,,,
260370045,2006-02-06,19:00,2006,regular,,final,George Washington,Saint Louis,45,139,84,46,,A 10,A 10,,,,,,
260370116,2006-02-06,19:00,2006,regular,,final,Mount St. Mary's,Robert Morris,116,2523,62,49,,NEC,NEC,,,,,,
260370259,2006-02-06,19:00,2006,regular,,final,Virginia Tech,Duke,259,150,62,73,,ACC,ACC,,,,,,
260372115,2006-02-06,19:00,2006,regular,,final,Central Connecticut,Monmouth,2115,2405,62,71,,NEC,NEC,,,,,,
260372166,2006-02-06,19:00,2006,regular,,final,Davidson,Chattanooga,2166,236,59,76,,Southern,Southern,,,,,,
260372174,2006-02-06,19:00,2006,regular,,final,Detroit Mercy,Butler,2174,2086,65,71,,Horizon,Horizon,,,,,,
260372430,2006-02-06,19:00,2006,regular,,final,UNC Greensboro,Georgia Southern,2430,290,72,62,,Southern,Southern,,,,,,
260372514,2006-02-06,19:00,2006,regular,,final,Quinnipiac,St. Francis Brooklyn,2514,2597,59,50,,NEC,NEC,,,,,,
260372529,2006-02-06,19:00,2006,regular,,final,Sacred Heart,LIU Brooklyn,2529,2341,59,43,,NEC,NEC,,,,,,
260372542,2006-02-06,19:00,2006,regular,,final,Savannah State,South Carolina State,2542,2569,53,60,,,MEAC,,,,,,
260372717,2006-02-06,19:00,2006,regular,,final,Western Carolina,Appalachian State,2717,2026,82,65,,Southern,Southern,,,,,,
260370005,2006-02-06,20:00,2006,regular,,final,UAB,Tulane,5,2655,84,86,,C-USA,C-USA,,,,,,
260370202,2006-02-06,20:00,2006,regular,,final,Tulsa,UCF,202,2116,71,43,,C-USA,C-USA,,,,,,
260370235,2006-02-06,20:00,2006,regular,,final,Memphis,UTEP,235,2638,71,66,,C-USA,C-USA,,,,,,
260370242,2006-02-06,20:00,2006,regular,,final,Rice,East Carolina,242,151,73,65,,C-USA,C-USA,,,,,,
260370248,2006-02-06,20:00,2006,regular,,final,Houston,Marshall,248,276,50,57,,C-USA,C-USA,,,,,,
260370292,2006-02-06,20:00,2006,regular,,final,UT Rio Grande Valley,Northern Colorado,292,2458,48,57,,,Big Sky,,,,,,
260370357,2006-02-06,20:00,2006,regular,,final,Texas A&M-Corpus Christi,Purdue Fort Wayne,357,2870,64,56,,,,,,,,,
260372567,2006-02-06,20:00,2006,regular,,final,SMU,Southern Miss,2567,2572,84,62,,C-USA,C-USA,,,,,,
260372710,2006-02-06,20:00,2006,regular,,final,Western Illinois,IUPUI,2710,85,60,57,,,Horizon,,,,,,
260370198,2006-02-06,20:05,2006,regular,,final,Oral Roberts,Southern Utah,198,253,71,56,,,WAC,,,,,,
260372674,2006-02-06,20:05,2006,regular,,final,Valparaiso,Centenary,2674,2113,91,44,,MVC,,,,,,,
260370278,2006-02-06,22:00,2006,regular,,final,Fresno State,Idaho,278,70,68,44,,WAC,WAC,,,,,,
260380231,2006-02-07,17:00,2006,regular,,final,Furman,Charleston,231,232,64,55,,Southern,Southern,,,,,,
260380087,2006-02-07,19:00,2006,regular,,final,Notre Dame,Villanova,87,222,65,69,,Big East,Big East,,,,,,
260380107,2006-02-07,19:00,2006,regular,,final,Holy Cross,Army,107,349,57,63,,Patriot,Patriot,,,,,,
260380194,2006-02-07,19:00,2006,regular,,final,Ohio State,Wright State,194,2750,79,48,,Big Ten,Horizon,,,,,,
260380338,2006-02-07,19:00,2006,regular,,final,Kennesaw State,Agnes Scott College,338,458,65,33,,ASUN,,,,,,,
260382083,2006-02-07,19:00,2006,regular,,final,Bucknell,American University,2083,44,73,38,,Patriot,Patriot,,,,,,
260382127,2006-02-07,19:00,2006,regular,,final,Charleston Southern,Covenant,2127,2157,71,47,,Big South,,,,,,,
260382142,2006-02-07,19:00,2006,regular,,final,Colgate,Lafayette,2142,322,80,71,,Patriot,Patriot,,,,,,
260382335,2006-02-07,19:00,2006,regular,,final,Liberty,UNC Asheville,2335,2427,66,50,,Big South,Big South,,,,,,
260382344,2006-02-07,19:00,2006,regular,,final,Longwood,Southern Virginia,2344,2896,85,42,,,,,,,,,
260382426,2006-02-07,19:00,2006,regular,,final,Navy,Lehigh,2426,2329,49,42,,Patriot,Patriot,,,,,,
260382507,2006-02-07,19:00,2006,regular,,final,Providence,West Virginia,2507,277,57,55,,Big East,Big East,,,,,,
260382681,2006-02-07,19:00,2006,regular,,final,Wagner,Fairleigh Dickinson,2681,161,50,69,,NEC,NEC,,,,,,
260382737,2006-02-07,19:00,2006,regular,,final,Winthrop,Coastal Carolina,2737,324,51,63,,Big South,Big South,,,,,,
260382747,2006-02-07,19:00,2006,regular,,final,Wofford,Elon,2747,2210,49,44,,Southern,Southern,,,,,,
260380041,2006-02-07,20:00,2006,regular,,final,UConn,Rutgers,41,164,56,60,,Big East,Big East,,,,,,
260382449,2006-02-07,20:00,2006,regular,,final,North Dakota State,Green Bay,2449,2739,70,81,,,Horizon,,,,,,
260390056,2006-02-08,19:00,2006,regular,,final,Stetson,Florida Atlantic,56,2226,64,63,,ASUN,ASUN,,,,,,
260390183,2006-02-08,19:00,2006,regular,,final,Syracuse,Georgetown,183,46,51,58,,Big East,Big East,,,,,,
260390189,2006-02-08,19:00,2006,regular,,final,Bowling Green,Northern Illinois,189,2459,66,58,,MAC,MAC,,,,,,
260390193,2006-02-08,19:00,2006,regular,,final,Miami (OH),Western Michigan,193,2711,60,70,,MAC,MAC,,,,,,
260390195,2006-02-08,19:00,2006,regular,,final,Ohio,Eastern Michigan,195,2199,56,62,,MAC,MAC,,,,,,
260390221,2006-02-08,19:00,2006,regular,,final,Pittsburgh,Louisville,221,97,63,71,,Big East,Big East,,,,,,
260392084,2006-02-08,19:00,2006,regular,,final,Buffalo,Central Michigan,2084,2117,50,58,,MAC,MAC,,,,,,
260392309,2006-02-08,19:00,2006,regular,,final,Kent State,Ball State,2309,2050,68,55,,MAC,MAC,,,,,,
260392550,2006-02-08,19:00,2006,regular,,final,Seton Hall,South Florida,2550,58,50,62,,Big East,Big East,,,,,,
260392599,2006-02-08,19:00,2006,regular,,final,St. John's,Marquette,2599,269,59,74,,Big East,Big East,,,,,,
260392649,2006-02-08,19:00,2006,regular,,final,Toledo,Akron,2649,2006,66,69,,MAC,MAC,,,,,,
260390003,2006-02-08,20:00,2006,regular,,final,Birmingham-Southern,Savannah State,3,2542,65,55,,Big South,,,,,,,
260390066,2006-02-08,20:00,2006,regular,,final,Iowa State,Missouri,66,142,66,60,,Big 12,Big 12,,,,,,
260390201,2006-02-08,20:00,2006,regular,,final,Oklahoma,Kansas,201,2305,86,57,,Big 12,Big 12,,,,,,
260390239,2006-02-08,20:00,2006,regular,,final,Baylor,Nebraska,239,158,91,69,,Big 12,Big 12,,,,,,
260390249,2006-02-08,20:00,2006,regular,,final,North Texas,Middle Tennessee,249,2393,69,64,,Sun Belt,Sun Belt,,,,,,
260390305,2006-02-08,20:00,2006,regular,,final,DePaul,Cincinnati,305,2132,68,53,,Big East,Big East,,,,,,
260392628,2006-02-08,20:00,2006,regular,,final,TCU,Wyoming,2628,2751,67,59,,Mountain West,Mountain West,,,,,,
260392641,2006-02-08,20:00,2006,regular,,final,Texas Tech,Oklahoma State,2641,197,48,35,,Big 12,Big 12,,,,,,
260390167,2006-02-08,21:00,2006,regular,,final,New Mexico,Colorado State,167,36,85,51,,Mountain West,Mountain West,,,,,,
260390251,2006-02-08,21:00,2006,regular,,final,Texas,Texas A&M,251,245,53,73,,Big 12,Big 12,,,,,,
260390252,2006-02-08,21:00,2006,regular,,final,BYU,Utah,252,254,52,70,,Mountain West,Mountain West,,,,,,
260392005,2006-02-08,21:00,2006,regular,,final,Air Force,San Diego State,2005,21,74,45,,Mountain West,Mountain West,,,,,,
260392172,2006-02-08,21:00,2006,regular,,final,Denver,Western Kentucky,2172,98,45,63,,Sun Belt,Sun Belt,,,,,,
260390038,2006-02-08,22:00,2006,regular,,final,Colorado,Kansas State,38,2306,62,67,,Big 12,Big 12,,,,,,
260402193,2006-02-09,15:45,2006,regular,,final,East Tennessee State,Jacksonville,2193,294,74,53,,ASUN,ASUN,,,,,,
260402630,2006-02-09,16:30,2006,regular,,final,UT Martin,Tennessee State,2630,2634,51,48,,,,,,,,,
260402635,2006-02-09,16:30,2006,regular,,final,Tennessee Tech,Jacksonville State,2635,55,75,61,,,ASUN,,,,,,
260400338,2006-02-09,17:30,2006,regular,,final,Kennesaw State,North Florida,338,2454,73,75,,ASUN,ASUN,,,,,,
260402198,2006-02-09,17:30,2006,regular,,final,Eastern Kentucky,Murray State,2198,93,71,79,,ASUN,MVC,,,,,,
260402413,2006-02-09,17:30,2006,regular,,final,Morehead State,Southeast Missouri State,2413,2546,43,58,,,,,,,,,
260402031,2006-02-09,18:15,2006,regular,,final,Little Rock,Arkansas State,2031,2032,57,47,,Sun Belt,Sun Belt,,,,,,
260402197,2006-02-09,18:15,2006,regular,,final,Eastern Illinois,Austin Peay,2197,2046,46,55,,,ASUN,,,,,,
260400270,2006-02-09,18:30,2006,regular,,final,Milwaukee,Loyola Chicago,270,2350,67,58,,Horizon,Horizon,,,,,,
260400042,2006-02-09,19:00,2006,regular,,final,Hartford,Albany,42,399,70,53,,Am. East,Am. East,,,,,,
260400084,2006-02-09,19:00,2006,regular,,final,Indiana,Penn State,84,213,58,43,,Big Ten,Big Ten,,,,,,
260400103,2006-02-09,19:00,2006,regular,,final,Boston College,Georgia Tech,103,59,57,55,,ACC,ACC,,,,,,
260400104,2006-02-09,19:00,2006,regular,,final,Boston University,UMBC,104,2378,57,63,,Am. East,Am. East,,,,,,
260400116,2006-02-09,19:00,2006,regular,,final,Mount St. Mary's,LIU Brooklyn,116,2341,59,64,,NEC,NEC,,,,,,
260400152,2006-02-09,19:00,2006,regular,,final,NC State,Wake Forest,152,154,73,60,,ACC,ACC,,,,,,
260400153,2006-02-09,19:00,2006,regular,,final,North Carolina,Maryland,153,120,95,98,,ACC,ACC,,,,,,
260400160,2006-02-09,19:00,2006,regular,,final,New Hampshire,Binghamton,160,2066,55,49,,Am. East,Am. East,,,,,,
260400236,2006-02-09,19:00,2006,regular,,final,Chattanooga,Western Carolina,236,2717,86,61,,Southern,Southern,,,,,,
260400259,2006-02-09,19:00,2006,regular,,final,Virginia Tech,Clemson,259,228,82,70,,ACC,ACC,,,,,,
260400261,2006-02-09,19:00,2006,regular,,final,Vermont,Stony Brook,261,2619,74,81,,Am. East,Am. East,,,,,,
260400325,2006-02-09,19:00,2006,regular,,final,Cleveland State,UIC,325,82,52,76,,Horizon,Horizon,,,,,,
260402097,2006-02-09,19:00,2006,regular,,final,Campbell,Belmont,2097,2057,56,61,,ASUN,ASUN,,,,,,
260402241,2006-02-09,19:00,2006,regular,,final,Gardner-Webb,Lipscomb,2241,288,59,47,,ASUN,ASUN,,,,,,
260402344,2006-02-09,19:00,2006,regular,,final,Longwood,Virginia Union,2344,2676,69,56,,,,,,,,,
260402363,2006-02-09,19:00,2006,regular,,final,Manhattan,Fairfield,2363,2217,58,52,,MAAC,MAAC,,,,,,
260402390,2006-02-09,19:00,2006,regular,,final,Miami,Florida State,2390,52,54,79,,ACC,ACC,,,,,,
260402509,2006-02-09,19:00,2006,regular,,final,Purdue,Purdue Fort Wayne,2509,2870,76,52,,Big Ten,,,,,,,
260402579,2006-02-09,19:00,2006,regular,,final,South Carolina,Kentucky,2579,96,71,75,,SEC,SEC,,,,,,
260402633,2006-02-09,19:00,2006,regular,,final,Tennessee,LSU,2633,99,69,72,,SEC,SEC,,,,,,
260402750,2006-02-09,19:00,2006,regular,,final,Wright State,Detroit Mercy,2750,2174,45,55,,Horizon,Horizon,,,,,,
260400127,2006-02-09,20:00,2006,regular,,final,Michigan State,Minnesota,127,135,84,61,,Big Ten,Big Ten,,,,,,
260400238,2006-02-09,20:00,2006,regular,,final,Vanderbilt,Arkansas,238,8,64,59,,SEC,SEC,,,,,,
260400250,2006-02-09,20:00,2006,regular,,final,UT Arlington,Northwestern State,250,2466,83,43,,WAC,,,,,,,
260400300,2006-02-09,20:00,2006,regular,,final,UC Irvine,Pacific,300,279,79,58,,Big West,Big West,,,,,,
260400309,2006-02-09,20:00,2006,regular,,final,Louisiana,South Alabama,309,6,50,54,,Sun Belt,Sun Belt,,,,,,
260400326,2006-02-09,20:00,2006,regular,,final,Texas State,Lamar,326,2320,70,67,,Sun Belt,,,,,,,
260400333,2006-02-09,20:00,2006,regular,,final,Alabama,Ole Miss,333,145,67,77,,SEC,SEC,,,,,,
260400344,2006-02-09,20:00,2006,regular,,final,Mississippi State,Florida,344,57,48,63,,SEC,SEC,,,,,,
260400356,2006-02-09,20:00,2006,regular,,final,Illinois,Wisconsin,356,275,61,66,,Big Ten,Big Ten,,,,,,
260402348,2006-02-09,20:00,2006,regular,,final,Louisiana Tech,Nevada,2348,2440,75,34,,WAC,WAC,,,,,,
260402377,2006-02-09,20:00,2006,regular,,final,McNeese,UTSA,2377,2636,62,57,,,C-USA,,,,,,
260402443,2006-02-09,20:00,2006,regular,,final,New Orleans,Troy,2443,2653,63,54,,Sun Belt,Sun Belt,,,,,,
260402617,2006-02-09,20:00,2006,regular,,final,Stephen F. Austin,UL Monroe,2617,2433,61,53,,WAC,Sun Belt,,,,,,
260402294,2006-02-09,20:05,2006,regular,,final,Iowa,Northwestern,2294,77,76,61,,Big Ten,Big Ten,,,,,,
260400027,2006-02-09,20:45,2006,regular,,final,UC Riverside,Cal State Fullerton,27,2239,55,59,,Big West,Big West,,,,,,
260402692,2006-02-09,21:00,2006,regular,,final,Weber State,Sacramento State,2692,16,59,55,,Big Sky,Big Sky,,,,,,
260400166,2006-02-09,21:05,2006,regular,,final,New Mexico State,Utah State,166,328,45,55,,WAC,WAC,,,,,,
260400304,2006-02-09,21:05,2006,regular,,final,Idaho State,Northern Arizona,304,2464,84,71,,Big Sky,Big Sky,,,,,,
260400024,2006-02-09,22:00,2006,regular,,final,Stanford,UC Santa Barbara,24,2540,81,47,,Pac-12,Big West,,,,,,
260400026,2006-02-09,22:00,2006,regular,,final,UCLA,Washington State,26,265,77,50,,Pac-12,Pac-12,,,,,,
260400030,2006-02-09,22:00,2006,regular,,final,USC,Washington,30,264,79,87,,Pac-12,Pac-12,,,,,,
260400070,2006-02-09,22:00,2006,regular,,final,Idaho,San José State,70,23,80,62,,WAC,WAC,,,,,,
260400204,2006-02-09,22:00,2006,regular,,final,Oregon State,Arizona State,204,9,67,77,,Pac-12,Pac-12,,,,,,
260400302,2006-02-09,22:00,2006,regular,,final,UC Davis,Cal Poly,302,13,70,63,,Big West,Big West,,,,,,
260402483,2006-02-09,22:00,2006,regular,,final,Oregon,Arizona,2483,12,78,58,,Pac-12,Pac-12,,,,,,
260402541,2006-02-09,22:00,2006,regular,,final,Santa Clara,Saint Mary's,2541,2608,69,57,,WCC,WCC,,,,,,
260400062,2006-02-10,00:00,2006,regular,,final,Hawai'i,Fresno State,62,278,62,69,,WAC,WAC,,,,,,
260412523,2006-02-10,17:00,2006,regular,,final,Robert Morris,Central Connecticut,2523,2115,74,40,,NEC,NEC,,,,,,
260412382,2006-02-10,17:15,2006,regular,,final,Mercer,Stetson,2382,56,60,55,,ASUN,ASUN,,,,,,
260410048,2006-02-10,19:00,2006,regular,,final,Delaware,UNC Wilmington,48,350,56,51,,CAA,CAA,,,,,,
260410111,2006-02-10,19:00,2006,regular,,final,Northeastern,William & Mary,111,2729,54,58,,CAA,CAA,,,,,,
260410130,2006-02-10,19:00,2006,regular,,final,Michigan,Ohio State,130,194,55,74,,Big Ten,Big Ten,,,,,,
260410150,2006-02-10,19:00,2006,regular,,final,Duke,Virginia,150,258,88,65,,ACC,ACC,,,,,,
260410151,2006-02-10,19:00,2006,regular,,final,East Carolina,Memphis,151,235,74,54,,C-USA,C-USA,,,,,,
260410163,2006-02-10,19:00,2006,regular,,final,Princeton,Harvard,163,108,70,55,,Ivy,Ivy,,,,,,
260410171,2006-02-10,19:00,2006,regular,,final,Columbia,Yale,171,43,51,41,,Ivy,Ivy,,,,,,
260410172,2006-02-10,19:00,2006,regular,,final,Cornell,Brown,172,225,68,71,,Ivy,Ivy,,,,,,
260410219,2006-02-10,19:00,2006,regular,,final,Pennsylvania,Dartmouth,219,159,43,63,,Ivy,Ivy,,,,,,
260410257,2006-02-10,19:00,2006,regular,,final,Richmond,Rhode Island,257,227,77,54,,A 10,A 10,,,,,,
260410276,2006-02-10,19:00,2006,regular,,final,Marshall,UAB,276,5,82,78,,C-USA,C-USA,,,,,,
260410277,2006-02-10,19:00,2006,regular,,final,West Virginia,Rutgers,277,164,41,54,,Big East,Big East,,,,,,
260410282,2006-02-10,19:00,2006,regular,,final,Indiana State,Bradley,282,71,78,52,,MVC,MVC,,,,,,
260412116,2006-02-10,19:00,2006,regular,,final,UCF,SMU,2116,2567,57,69,,C-USA,C-USA,,,,,,
260412182,2006-02-10,19:00,2006,regular,,final,Drexel,James Madison,2182,256,50,52,,CAA,CAA,,,,,,
260412230,2006-02-10,19:00,2006,regular,,final,Fordham,Xavier,2230,2752,70,78,,A 10,A 10,,,,,,
260412244,2006-02-10,19:00,2006,regular,,final,George Mason,Old Dominion,2244,295,33,81,,CAA,CAA,,,,,,
260412275,2006-02-10,19:00,2006,regular,,final,Hofstra,Georgia State,2275,2247,84,68,,CAA,CAA,,,,,,
260412325,2006-02-10,19:00,2006,regular,,final,La Salle,Dayton,2325,2168,62,50,,A 10,A 10,,,,,,
260412352,2006-02-10,19:00,2006,regular,,final,Loyola Maryland,Rider,2352,2520,60,40,,MAAC,MAAC,,,,,,
260412429,2006-02-10,19:00,2006,regular,,final,Charlotte,St. Bonaventure,2429,179,73,39,,A 10,A 10,,,,,,
260412561,2006-02-10,19:00,2006,regular,,final,Siena,Iona,2561,314,66,73,,MAAC,MAAC,,,,,,
260412612,2006-02-10,19:00,2006,regular,,final,Saint Peter's,Niagara,2612,315,76,61,,MAAC,MAAC,,,,,,
260412184,2006-02-10,19:05,2006,regular,,final,Duquesne,George Washington,2184,45,56,63,,A 10,A 10,,,,,,
260410119,2006-02-10,19:30,2006,regular,,final,Towson,VCU,119,2670,62,61,,CAA,CAA,,,,,,
260410139,2006-02-10,20:00,2006,regular,,final,Saint Louis,Temple,139,218,43,62,,A 10,A 10,,,,,,
260410339,2006-02-10,20:00,2006,regular,,final,Evansville,Wichita State,339,2724,84,55,,MVC,MVC,,,,,,
260412572,2006-02-10,20:00,2006,regular,,final,Southern Miss,Tulsa,2572,202,57,76,,C-USA,C-USA,,,,,,
260412655,2006-02-10,20:00,2006,regular,,final,Tulane,Houston,2655,248,65,54,,C-USA,C-USA,,,,,,
260410079,2006-02-10,20:05,2006,regular,,final,Southern Illinois,Missouri State,79,2623,55,62,,MVC,MVC,,,,,,
260412287,2006-02-10,20:05,2006,regular,,final,Illinois State,Northern Iowa,2287,2460,53,61,,MVC,MVC,,,,,,
260412638,2006-02-10,20:05,2006,regular,,final,UTEP,Rice,2638,242,49,63,,C-USA,C-USA,,,,,,
260412598,2006-02-10,20:30,2006,regular,,final,St. Francis (PA),Quinnipiac,2598,2514,51,81,,NEC,NEC,,,,,,
260410149,2006-02-10,21:05,2006,regular,,final,Montana,Montana State,149,147,90,65,,Big Sky,Big Sky,,,,,,
260420219,2006-02-11,,2006,regular,,final,Pennsylvania,Harvard,219,108,65,77,,Ivy,Ivy,,,,,,
260422426,2006-02-11,12:00,2006,regular,,final,Navy,Lafayette,2426,322,73,63,,Patriot,Patriot,,,,,,
260420107,2006-02-11,13:00,2006,regular,,final,Holy Cross,Bucknell,107,2083,56,41,,Patriot,Patriot,,,,,,
260420195,2006-02-11,13:00,2006,regular,,final,Ohio,Toledo,195,2649,49,81,,MAC,MAC,,,,,,
260420222,2006-02-11,13:00,2006,regular,,final,Villanova,Cincinnati,222,2132,64,40,,Big East,Big East,,,,,,
260422026,2006-02-11,13:00,2006,regular,,final,Appalachian State,UNC Greensboro,2026,2430,85,84,,Southern,Southern,,,,,,
260422097,2006-02-11,13:00,2006,regular,,final,Campbell,Lipscomb,2097,288,58,43,,ASUN,ASUN,,,,,,
260422217,2006-02-11,13:00,2006,regular,,final,Fairfield,Canisius,2217,2099,62,76,,MAAC,MAAC,,,,,,
260422193,2006-02-11,13:30,2006,regular,,final,East Tennessee State,North Florida,2193,2454,82,52,,ASUN,ASUN,,,,,,
260422737,2006-02-11,13:30,2006,regular,,final,Winthrop,Birmingham-Southern,2737,3,57,63,,Big South,Big South,,,,,,
260420050,2006-02-11,14:00,2006,regular,,final,Florida A&M,South Carolina State,50,2569,66,51,,MEAC,MEAC,,,,,,
260420158,2006-02-11,14:00,2006,regular,,final,Nebraska,Texas A&M,158,245,50,69,,Big 12,Big 12,,,,,,
260420232,2006-02-11,14:00,2006,regular,,final,Charleston,Elon,232,2210,39,50,,Southern,Southern,,,,,,
260420324,2006-02-11,14:00,2006,regular,,final,Coastal Carolina,Liberty,324,2335,51,58,,Big South,Big South,,,,,,
260420338,2006-02-11,14:00,2006,regular,,final,Kennesaw State,Jacksonville,338,294,63,66,,ASUN,ASUN,,,,,,
260422006,2006-02-11,14:00,2006,regular,,final,Akron,Central Michigan,2006,2117,44,60,,MAC,MAC,,,,,,
260422065,2006-02-11,14:00,2006,regular,,final,Bethune-Cookman,North Carolina A&T,2065,2448,56,81,,MEAC,MEAC,,,,,,
260422086,2006-02-11,14:00,2006,regular,,final,Butler,Milwaukee,2086,270,62,74,,Horizon,Horizon,,,,,,
260422127,2006-02-11,14:00,2006,regular,,final,Charleston Southern,Radford,2127,2515,53,73,,Big South,Big South,,,,,,
260422169,2006-02-11,14:00,2006,regular,,final,Delaware State,Howard,2169,47,87,65,,MEAC,MEAC,,,,,,
260422174,2006-02-11,14:00,2006,regular,,final,Detroit Mercy,Cleveland State,2174,325,78,46,,Horizon,Horizon,,,,,,
260422198,2006-02-11,14:00,2006,regular,,final,Eastern Kentucky,Southeast Missouri State,2198,2546,86,87,,ASUN,,,,,,,
260422241,2006-02-11,14:00,2006,regular,,final,Gardner-Webb,Belmont,2241,2057,70,85,,ASUN,ASUN,,,,,,
260422443,2006-02-11,14:00,2006,regular,,final,New Orleans,South Alabama,2443,6,42,51,,Sun Belt,Sun Belt,,,,,,
260422582,2006-02-11,14:00,2006,regular,,final,Southern,Arkansas-Pine Bluff,2582,2029,72,58,,SWAC,SWAC,,,,,,
260422597,2006-02-11,14:00,2006,regular,,final,St. Francis Brooklyn,Sacred Heart,2597,2529,62,63,,NEC,NEC,,,,,,
260422711,2006-02-11,14:00,2006,regular,,final,Western Michigan,Buffalo,2711,2084,86,42,,MAC,MAC,,,,,,
260422754,2006-02-11,14:05,2006,regular,,final,Youngstown State,UIC,2754,82,49,68,,Horizon,Horizon,,,,,,
260420098,2006-02-11,15:00,2006,regular,,final,Western Kentucky,North Texas,98,249,84,70,,Sun Belt,Sun Belt,,,,,,
260420349,2006-02-11,15:00,2006,regular,,final,Army,Lehigh,349,2329,76,67,,Patriot,Patriot,,,,,,
260422010,2006-02-11,15:00,2006,regular,,final,Alabama A&M,Alabama State,2010,2011,53,57,,SWAC,SWAC,,,,,,
260422050,2006-02-11,15:00,2006,regular,,final,Ball State,Bowling Green,2050,189,60,72,,MAC,MAC,,,,,,
260422130,2006-02-11,15:00,2006,regular,,final,Chicago State,Centenary,2130,2113,62,47,,,,,,,,,
260422306,2006-02-11,15:00,2006,regular,,final,Kansas State,Iowa State,2306,66,66,71,,Big 12,Big 12,,,,,,
260422320,2006-02-11,15:00,2006,regular,,final,Lamar,UTSA,2320,2636,50,53,,,C-USA,,,,,,
260422447,2006-02-11,15:00,2006,regular,,final,Nicholls,Stephen F. Austin,2447,2617,68,67,,,WAC,,,,,,
260422630,2006-02-11,15:00,2006,regular,,final,UT Martin,Eastern Illinois,2630,2197,70,64,,,,,,,,,
260422459,2006-02-11,15:05,2006,regular,,final,Northern Illinois,Kent State,2459,2309,58,68,,MAC,MAC,,,,,,
260422674,2006-02-11,15:05,2006,regular,,final,Valparaiso,Western Illinois,2674,2710,42,53,,MVC,,,,,,,
260420231,2006-02-11,15:30,2006,regular,,final,Furman,Wofford,231,2747,69,53,,Southern,Southern,,,,,,
260422473,2006-02-11,15:30,2006,regular,,final,Oakland,Kansas City,2473,140,87,65,,Horizon,,,,,,,
260420026,2006-02-11,16:00,2006,regular,,final,UCLA,Washington,26,264,83,75,,Pac-12,Pac-12,,,,,,
260420142,2006-02-11,16:00,2006,regular,,final,Missouri,Kansas,142,2305,64,57,,Big 12,Big 12,,,,,,
260420357,2006-02-11,16:00,2006,regular,,final,Texas A&M-Corpus Christi,North Dakota State,357,2449,59,36,,,,,,,,,
260422261,2006-02-11,16:00,2006,regular,,final,Hampton,Morgan State,2261,2415,64,59,,MEAC,MEAC,,,,,,
260422377,2006-02-11,16:00,2006,regular,,final,McNeese,Texas State,2377,326,71,67,,,Sun Belt,,,,,,
260422427,2006-02-11,16:00,2006,regular,,final,High Point,UNC Asheville,2272,2427,50,51,,Big South,Big South,,,,,,
260422450,2006-02-11,16:00,2006,regular,,final,Norfolk State,Coppin State,2450,2154,51,68,,MEAC,MEAC,,,,,,
260422545,2006-02-11,16:00,2006,regular,,final,SE Louisiana,Sam Houston,2545,2534,62,44,,,WAC,,,,,,
260422681,2006-02-11,16:00,2006,regular,,final,Wagner,Monmouth,2681,2405,63,67,,NEC,NEC,,,,,,
260422739,2006-02-11,16:00,2006,regular,,final,Green Bay,Loyola Chicago,2739,2350,92,42,,Horizon,Horizon,,,,,,
260420304,2006-02-11,16:05,2006,regular,,final,Idaho State,Sacramento State,304,16,75,60,,Big Sky,Big Sky,,,,,,
260420085,2006-02-11,16:30,2006,regular,,final,IUPUI,Oral Roberts,85,198,50,46,,Horizon,,,,,,,
260420161,2006-02-11,16:30,2006,regular,,final,Fairleigh Dickinson,Mount St. Mary's,161,116,66,61,,NEC,NEC,,,,,,
260422634,2006-02-11,16:30,2006,regular,,final,Tennessee State,Tennessee Tech,2634,2635,58,71,,,,,,,,,
260420025,2006-02-11,17:00,2006,regular,,final,California,Stanford,25,24,46,55,,Pac-12,Pac-12,,,,,,
260420030,2006-02-11,17:00,2006,regular,,final,USC,Washington State,30,265,75,67,,Pac-12,Pac-12,,,,,,
260420254,2006-02-11,17:00,2006,regular,,final,Utah,San Diego State,254,21,78,43,,Mountain West,Mountain West,,,,,,
260420290,2006-02-11,17:00,2006,regular,,final,Georgia Southern,Davidson,290,2166,52,67,,Southern,Southern,,,,,,
260420300,2006-02-11,17:00,2006,regular,,final,UC Irvine,Cal State Northridge,300,2463,59,55,,Big West,Big West,,,,,,
260420302,2006-02-11,17:00,2006,regular,,final,UC Davis,UC Santa Barbara,302,2540,64,56,,Big West,Big West,,,,,,
260422199,2006-02-11,17:00,2006,regular,,final,Eastern Michigan,Miami (OH),2199,193,78,55,,MAC,MAC,,,,,,
260422501,2006-02-11,17:00,2006,regular,,final,Portland,Gonzaga,2501,2250,41,46,,WCC,WCC,,,,,,
260422502,2006-02-11,17:00,2006,regular,,final,Portland State,Eastern Washington,2502,331,62,56,,Big Sky,Big Sky,,,,,,
260422031,2006-02-11,17:30,2006,regular,,final,Little Rock,Florida International,2031,2229,55,60,,Sun Belt,Sun Belt,,,,,,
260422413,2006-02-11,17:30,2006,regular,,final,Morehead State,Murray State,2413,93,71,69,,,MVC,,,,,,
260420299,2006-02-11,18:00,2006,regular,,final,Long Beach State,Pacific,299,279,77,54,,Big West,Big West,,,,,,
260422393,2006-02-11,18:00,2006,regular,,final,Middle Tennessee,Denver,2393,2172,77,56,,Sun Belt,Sun Belt,,,,,,
260422751,2006-02-11,18:00,2006,regular,,final,Wyoming,Air Force,2751,2005,59,33,,Mountain West,Mountain West,,,,,,
260422046,2006-02-11,18:15,2006,regular,,final,Austin Peay,Samford,2046,2535,41,45,,ASUN,Southern,,,,,,
260422016,2006-02-11,18:30,2006,regular,,final,Alcorn State,Mississippi Valley State,2016,2400,54,63,,SWAC,SWAC,,,,,,
260422504,2006-02-11,18:30,2006,regular,,final,Prairie View A&M,Jackson State,2504,2296,71,85,,SWAC,SWAC,,,,,,
260422640,2006-02-11,18:30,2006,regular,,final,Texas Southern,Grambling,2640,2755,71,79,,SWAC,SWAC,,,,,,
260420058,2006-02-11,19:00,2006,regular,,final,South Florida,Pittsburgh,58,221,58,60,,Big East,Big East,,,,,,
260420163,2006-02-11,19:00,2006,regular,,final,Princeton,Dartmouth,163,159,64,82,,Ivy,Ivy,,,,,,
260420171,2006-02-11,19:00,2006,regular,,final,Columbia,Brown,171,225,39,62,,Ivy,Ivy,,,,,,
260420172,2006-02-11,19:00,2006,regular,,final,Cornell,Yale,172,43,79,68,,Ivy,Ivy,,,,,,
260422368,2006-02-11,19:00,2006,regular,,final,Marist,Manhattan,2368,2363,58,42,,MAAC,MAAC,,,,,,
260422351,2006-02-11,19:30,2006,regular,,final,Loyola Marymount,Pepperdine,2351,2492,47,53,,WCC,WCC,,,,,,
260420292,2006-02-11,20:00,2006,regular,,final,UT Rio Grande Valley,South Dakota State,292,2571,48,65,,,,,,,,,
260420309,2006-02-11,20:00,2006,regular,,final,Louisiana,Troy,309,2653,70,59,,Sun Belt,Sun Belt,,,,,,
260422348,2006-02-11,20:00,2006,regular,,final,Louisiana Tech,Utah State,2348,328,88,54,,WAC,WAC,,,,,,
260422433,2006-02-11,20:00,2006,regular,,final,UL Monroe,Northwestern State,2433,2466,64,51,,Sun Belt,,,,,,,
260422641,2006-02-11,20:00,2006,regular,,final,Texas Tech,Colorado,2641,38,76,56,,Big 12,Big 12,,,,,,
260422458,2006-02-11,21:00,2006,regular,,final,Northern Colorado,Utah Valley,2458,3084,73,75,,Big Sky,,,,,,,
260422692,2006-02-11,21:00,2006,regular,,final,Weber State,Northern Arizona,2692,2464,53,65,,Big Sky,Big Sky,,,,,,
260420166,2006-02-11,21:05,2006,regular,,final,New Mexico State,Nevada,166,2440,46,53,,WAC,WAC,,,,,,
260420023,2006-02-11,22:00,2006,regular,,final,San José State,Fresno State,23,278,41,63,,WAC,WAC,,,,,,
260420204,2006-02-11,22:00,2006,regular,,final,Oregon State,Arizona,204,12,91,83,,Pac-12,Pac-12,,,,,,
260422439,2006-02-11,22:00,2006,regular,,final,UNLV,BYU,2439,252,51,55,,Mountain West,Mountain West,,,,,,
260420062,2006-02-12,00:00,2006,regular,,final,Hawai'i,Boise State,62,68,72,67,,WAC,WAC,,,,,,
260430044,2006-02-12,12:00,2006,regular,,final,American University,Colgate,44,2142,63,72,,Patriot,Patriot,,,,,,
260430097,2006-02-12,12:00,2006,regular,,final,Louisville,Syracuse,97,183,64,49,,Big East,Big East,,,,,,
260430179,2006-02-12,12:00,2006,regular,,final,St. Bonaventure,George Washington,179,45,41,62,,A 10,A 10,,,,,,
260432184,2006-02-12,12:00,2006,regular,,final,Duquesne,Charlotte,2184,2429,72,79,,A 10,A 10,,,,,,
260432523,2006-02-12,12:00,2006,regular,,final,Robert Morris,Quinnipiac,2523,2514,75,70,,NEC,NEC,,,,,,
260430111,2006-02-12,13:00,2006,regular,,final,Northeastern,George Mason,111,2244,58,67,,CAA,CAA,,,,,,
260430154,2006-02-12,13:00,2006,regular,,final,Wake Forest,Clemson,154,228,82,70,,ACC,ACC,,,,,,
260430160,2006-02-12,13:00,2006,regular,,final,New Hampshire,Hartford,160,42,52,62,,Am. East,Am. East,,,,,,
260430213,2006-02-12,13:00,2006,regular,,final,Penn State,Illinois,213,356,78,52,,Big Ten,Big Ten,,,,,,
260432325,2006-02-12,13:00,2006,regular,,final,La Salle,Xavier,2325,2752,62,70,,A 10,A 10,,,,,,
260430084,2006-02-12,14:00,2006,regular,,final,Indiana,Northwestern,84,77,60,46,,Big Ten,Big Ten,,,,,,
260430103,2006-02-12,14:00,2006,regular,,final,Boston College,Miami,103,2390,79,69,,ACC,ACC,,,,,,
260430113,2006-02-12,14:00,2006,regular,,final,UMass,Fordham,113,2230,68,63,,A 10,A 10,,,,,,
260430119,2006-02-12,14:00,2006,regular,,final,Towson,James Madison,119,256,53,87,,CAA,CAA,,,,,,
260430151,2006-02-12,14:00,2006,regular,,final,East Carolina,UAB,151,5,94,96,,C-USA,C-USA,,,,,,
260430152,2006-02-12,14:00,2006,regular,,final,NC State,Georgia Tech,152,59,65,53,,ACC,ACC,,,,,,
260430257,2006-02-12,14:00,2006,regular,,final,Richmond,Temple,257,218,56,54,,A 10,A 10,,,,,,
260430282,2006-02-12,14:00,2006,regular,,final,Indiana State,Northern Iowa,282,2460,53,41,,MVC,MVC,,,,,,
260430295,2006-02-12,14:00,2006,regular,,final,Old Dominion,Georgia State,295,2247,89,50,,CAA,CAA,,,,,,
260430350,2006-02-12,14:00,2006,regular,,final,UNC Wilmington,Drexel,350,2182,53,41,,CAA,CAA,,,,,,
260430399,2006-02-12,14:00,2006,regular,,final,Albany,Maine,399,311,52,61,,Am. East,Am. East,,,,,,
260432226,2006-02-12,14:00,2006,regular,,final,Florida Atlantic,Mercer,2226,2382,82,75,,ASUN,ASUN,,,,,,
260432275,2006-02-12,14:00,2006,regular,,final,Hofstra,Delaware,2275,48,91,85,,CAA,CAA,,,,,,
260432378,2006-02-12,14:00,2006,regular,,final,UMBC,Vermont,2378,261,72,63,,Am. East,Am. East,,,,,,
260432550,2006-02-12,14:00,2006,regular,,final,Seton Hall,Providence,2550,2507,69,71,,Big East,Big East,,,,,,
260432603,2006-02-12,14:00,2006,regular,,final,Saint Joseph's,Dayton,2603,2168,66,65,,A 10,A 10,,,,,,
260432619,2006-02-12,14:00,2006,regular,,final,Stony Brook,Binghamton,2619,2066,68,53,,Am. East,Am. East,,,,,,
260432670,2006-02-12,14:00,2006,regular,,final,VCU,William & Mary,2670,2729,66,70,,CAA,CAA,,,,,,
260430008,2006-02-12,15:00,2006,regular,,final,Arkansas,Kentucky,8,96,50,79,,SEC,SEC,,,,,,
260430057,2006-02-12,15:00,2006,regular,,final,Florida,South Carolina,57,2579,63,81,,SEC,SEC,,,,,,
260430099,2006-02-12,15:00,2006,regular,,final,LSU,Georgia,99,61,68,61,,SEC,SEC,,,,,,
260430127,2006-02-12,15:00,2006,regular,,final,Michigan State,Wisconsin,127,275,53,47,,Big Ten,Big Ten,,,,,,
260430139,2006-02-12,15:00,2006,regular,,final,Saint Louis,Rhode Island,139,227,72,59,,A 10,A 10,,,,,,
260430145,2006-02-12,15:00,2006,regular,,final,Ole Miss,Auburn,145,2,64,61,,SEC,SEC,,,,,,
260430251,2006-02-12,15:00,2006,regular,,final,Texas,UConn,251,41,58,71,,Big 12,Big East,,,,,,
260430339,2006-02-12,15:00,2006,regular,,final,Evansville,Missouri State,339,2623,71,53,,MVC,MVC,,,,,,
260430344,2006-02-12,15:00,2006,regular,,final,Mississippi State,Alabama,344,333,59,61,,SEC,SEC,,,,,,
260432509,2006-02-12,15:00,2006,regular,,final,Purdue,Minnesota,2509,135,63,31,,Big Ten,Big Ten,,,,,,
260432561,2006-02-12,15:00,2006,regular,,final,Siena,Loyola Maryland,2561,2352,63,60,,MAAC,MAAC,,,,,,
260432567,2006-02-12,15:00,2006,regular,,final,SMU,Tulsa,2567,202,67,78,,C-USA,C-USA,,,,,,
260432598,2006-02-12,15:00,2006,regular,,final,St. Francis (PA),Central Connecticut,2598,2115,58,62,,NEC,NEC,,,,,,
260432655,2006-02-12,15:00,2006,regular,,final,Tulane,Rice,2655,242,56,68,,C-USA,C-USA,,,,,,
260430079,2006-02-12,15:05,2006,regular,,final,Southern Illinois,Wichita State,79,2724,77,84,,MVC,MVC,,,,,,
260432287,2006-02-12,15:05,2006,regular,,final,Illinois State,Bradley,2287,71,66,51,,MVC,MVC,,,,,,
260430201,2006-02-12,15:30,2006,regular,,final,Oklahoma,Baylor,201,239,81,77,,Big 12,Big 12,,,,,,
260432483,2006-02-12,15:30,2006,regular,,final,Oregon,Arizona State,2483,9,52,62,,Pac-12,Pac-12,,,,,,
260432520,2006-02-12,16:00,2006,regular,,final,Rider,Saint Peter's,2520,2612,65,81,,MAAC,MAAC,,,,,,
260430156,2006-02-12,16:05,2006,regular,,final,Creighton,Drake,156,2181,62,63,,MVC,MVC,,,,,,
260432638,2006-02-12,16:05,2006,regular,,final,UTEP,Houston,2638,248,77,67,,C-USA,C-USA,,,,,,
260430276,2006-02-12,16:30,2006,regular,,final,Marshall,Memphis,276,235,74,54,,C-USA,C-USA,,,,,,
260430167,2006-02-12,17:00,2006,regular,,final,New Mexico,TCU,167,2628,87,63,,Mountain West,Mountain West,,,,,,
260432633,2006-02-12,17:00,2006,regular,,final,Tennessee,Vanderbilt,2633,238,70,67,,SEC,SEC,,,,,,
260430194,2006-02-12,17:05,2006,regular,,final,Ohio State,Iowa,194,2294,88,77,,Big Ten,Big Ten,,,,,,
260430258,2006-02-12,17:15,2006,regular,,final,Virginia,North Carolina,258,153,60,72,,ACC,ACC,,,,,,
260430305,2006-02-12,17:40,2006,regular,,final,DePaul,Notre Dame,305,87,79,50,,Big East,Big East,,,,,,
260430013,2006-02-12,19:00,2006,regular,,final,Cal Poly,UC Riverside,13,27,47,48,,Big West,Big West,,,,,,
260440314,2006-02-13,14:00,2006,regular,,final,Iona,Niagara,314,315,70,64,,MAAC,MAAC,,,,,,
260440232,2006-02-13,16:30,2006,regular,,final,Charleston,UNC Greensboro,232,2430,58,59,,Southern,Southern,,,,,,
260440050,2006-02-13,17:30,2006,regular,,final,Florida A&M,North Carolina A&T,50,2448,73,75,,MEAC,MEAC,,,,,,
260442065,2006-02-13,17:30,2006,regular,,final,Bethune-Cookman,South Carolina State,2065,2569,61,71,,MEAC,MEAC,,,,,,
260442169,2006-02-13,17:30,2006,regular,,final,Delaware State,Maryland-Eastern Shore,2169,2379,64,45,,MEAC,MEAC,,,,,,
260442450,2006-02-13,18:00,2006,regular,,final,Norfolk State,Morgan State,2450,2415,75,71,,MEAC,MEAC,,,,,,
260442011,2006-02-13,18:30,2006,regular,,final,Savannah State,Alabama State,2542,2011,54,64,,,SWAC,,,,,,
260442016,2006-02-13,18:30,2006,regular,,final,Alcorn State,Arkansas-Pine Bluff,2016,2029,64,45,,SWAC,SWAC,,,,,,
260442504,2006-02-13,18:30,2006,regular,,final,Prairie View A&M,Grambling,2504,2755,79,73,,SWAC,SWAC,,,,,,
260442582,2006-02-13,18:30,2006,regular,,final,Southern,Mississippi Valley State,2582,2400,59,56,,SWAC,SWAC,,,,,,
260442634,2006-02-13,18:30,2006,regular,,final,Tennessee State,Austin Peay,2634,2046,55,80,,,ASUN,,,,,,
260442640,2006-02-13,18:30,2006,regular,,final,Texas Southern,Jackson State,2640,2296,53,62,,SWAC,SWAC,,,,,,
260440052,2006-02-13,19:00,2006,regular,,final,Florida State,Virginia Tech,52,259,69,76,,ACC,ACC,,,,,,
260440150,2006-02-13,19:00,2006,regular,,final,Duke,Maryland,150,120,90,80,,ACC,ACC,,,,,,
260440236,2006-02-13,19:00,2006,regular,,final,Chattanooga,Furman,236,231,67,44,,Southern,Southern,,,,,,
260440290,2006-02-13,19:00,2006,regular,,final,Georgia Southern,Western Carolina,290,2717,62,65,,Southern,Southern,,,,,,
260440324,2006-02-13,19:00,2006,regular,,final,Coastal Carolina,Radford,324,2515,73,61,,Big South,Big South,,,,,,
260440325,2006-02-13,19:00,2006,regular,,final,Cleveland State,Youngstown State,325,2754,54,72,,Horizon,Horizon,,,,,,
260442127,2006-02-13,19:00,2006,regular,,final,Charleston Southern,Liberty,2127,2335,49,63,,Big South,Big South,,,,,,
260442261,2006-02-13,19:00,2006,regular,,final,Hampton,Coppin State,2261,2154,39,64,,MEAC,MEAC,,,,,,
260442272,2006-02-13,19:00,2006,regular,,final,High Point,Birmingham-Southern,2272,3,72,62,,Big South,Big South,,,,,,
260442341,2006-02-13,19:00,2006,regular,,final,LIU Brooklyn,Fairleigh Dickinson,2341,161,67,65,,NEC,NEC,,,,,,
260442413,2006-02-13,19:00,2006,regular,,final,Morehead State,UT Martin,2413,2630,62,52,,,,,,,,,
260442529,2006-02-13,19:00,2006,regular,,final,Sacred Heart,Mount St. Mary's,2529,116,83,68,,NEC,NEC,,,,,,
260442597,2006-02-13,19:00,2006,regular,,final,St. Francis Brooklyn,Wagner,2597,2681,71,54,,NEC,NEC,,,,,,
260440253,2006-02-13,19:15,2006,regular,,final,Southern Utah,Centenary,253,2113,73,61,,WAC,,,,,,,
260442368,2006-02-13,19:30,2006,regular,,final,Marist,Canisius,2368,2099,81,69,,MAAC,MAAC,,,,,,
260440140,2006-02-13,20:00,2006,regular,,final,Kansas City,Western Illinois,140,2710,46,55,,,,,,,,,
260440270,2006-02-13,20:00,2006,regular,,final,Milwaukee,Green Bay,270,2739,65,55,,Horizon,Horizon,,,,,,
260440357,2006-02-13,20:00,2006,regular,,final,Texas A&M-Corpus Christi,South Dakota State,357,2571,48,71,,,,,,,,,
260442130,2006-02-13,20:00,2006,regular,,final,Chicago State,IUPUI,2130,85,66,63,,,Horizon,,,,,,
260440198,2006-02-13,20:05,2006,regular,,final,Oral Roberts,Oakland,198,2473,70,72,,,Horizon,,,,,,
260442032,2006-02-13,20:05,2006,regular,,final,Arkansas State,Florida International,2032,2229,63,67,,Sun Belt,Sun Belt,,,,,,
260440038,2006-02-13,21:00,2006,regular,,final,Colorado,Northern Colorado,38,2458,92,65,,Big 12,Big Sky,,,,,,
260450107,2006-02-14,19:00,2006,regular,,final,Holy Cross,Navy,107,2426,65,47,,Patriot,Patriot,,,,,,
260450258,2006-02-14,19:00,2006,regular,,final,Virginia,Longwood,258,2344,93,42,,ACC,,,,,,,
260450322,2006-02-14,19:00,2006,regular,,final,Lafayette,Bucknell,322,2083,51,54,,Patriot,Patriot,,,,,,
260450349,2006-02-14,19:00,2006,regular,,final,Army,American University,349,44,73,49,,Patriot,Patriot,,,,,,
260452026,2006-02-14,19:00,2006,regular,,final,Appalachian State,Wofford,2026,2747,75,56,,Southern,Southern,,,,,,
260452084,2006-02-14,19:00,2006,regular,,final,Buffalo,Miami (OH),2084,193,62,61,,MAC,MAC,,,,,,
260452117,2006-02-14,19:00,2006,regular,,final,Central Michigan,Western Michigan,2117,2711,54,64,,MAC,MAC,,,,,,
260452210,2006-02-14,19:00,2006,regular,,final,Elon,Davidson,2210,2166,47,60,,Southern,Southern,,,,,,
260452427,2006-02-14,19:00,2006,regular,,final,UNC Asheville,Winthrop,2427,2737,49,47,,Big South,Big South,,,,,,
260450164,2006-02-14,19:30,2006,regular,,final,Rutgers,Villanova,164,222,62,56,,Big East,Big East,,,,,,
260450221,2006-02-14,19:30,2006,regular,,final,Pittsburgh,Seton Hall,221,2550,58,56,,Big East,Big East,,,,,,
260450066,2006-02-14,20:00,2006,regular,,final,Iowa State,Texas Tech,66,2641,69,65,,Big 12,Big 12,,,,,,
260462329,2006-02-15,17:00,2006,regular,,final,Lehigh,Colgate,2329,2142,71,53,,Patriot,Patriot,,,,,,
260460041,2006-02-15,19:00,2006,regular,,final,UConn,Providence,41,2507,84,58,,Big East,Big East,,,,,,AT HARTFORD CT
260462006,2006-02-15,19:00,2006,regular,,final,Akron,Bowling Green,2006,189,48,80,,MAC,MAC,,,,,,
260462050,2006-02-15,19:00,2006,regular,,final,Ball State,Toledo,2050,2649,64,49,,MAC,MAC,,,,,,
260462066,2006-02-15,19:00,2006,regular,,final,Binghamton,Boston University,2066,104,65,77,,Am. East,Am. East,,,,,,
260462132,2006-02-15,19:00,2006,regular,,final,Cincinnati,West Virginia,2132,277,56,46,,Big East,Big East,,,,,,
260462309,2006-02-15,19:00,2006,regular,,final,Kent State,Ohio,2309,195,73,66,,MAC,MAC,,,,,,
260462378,2006-02-15,19:00,2006,regular,,final,UMBC,Hartford,2378,42,49,56,,Am. East,Am. East,,,,,,
260462542,2006-02-15,19:00,2006,regular,,final,Savannah State,Charleston,2542,232,53,75,,,Southern,,,,,,
260462598,2006-02-15,19:00,2006,regular,,final,St. Francis (PA),Robert Morris,2598,2523,54,71,,NEC,NEC,,,,,,
260462599,2006-02-15,19:00,2006,regular,,final,St. John's,Louisville,2599,97,79,63,,Big East,Big East,,,,,,
260462619,2006-02-15,19:00,2006,regular,,final,Stony Brook,New Hampshire,2619,160,62,56,,Am. East,Am. East,,,,,,
260462681,2006-02-15,19:00,2006,regular,,final,Wagner,Central Connecticut,2681,2115,68,53,,NEC,NEC,,,,,,
260460046,2006-02-15,19:30,2006,regular,,final,Georgetown,DePaul,46,305,58,64,,Big East,Big East,,,,,,
260460311,2006-02-15,19:30,2006,regular,,final,Maine,Vermont,311,261,65,68,,Am. East,Am. East,,,,,,
260460197,2006-02-15,20:00,2006,regular,,final,Oklahoma State,Missouri,197,142,65,69,,Big 12,Big 12,,,,,,
260460245,2006-02-15,20:00,2006,regular,,final,Texas A&M,Baylor,245,239,59,84,,Big 12,Big 12,,,,,,
260460251,2006-02-15,20:00,2006,regular,,final,Texas,Oklahoma,251,201,54,61,,Big 12,Big 12,,,,,,
260460292,2006-02-15,20:00,2006,regular,,final,UT Rio Grande Valley,Huston-Tillotson,292,2281,71,38,,,,,,,,,
260462305,2006-02-15,20:00,2006,regular,,final,Kansas,Nebraska,2305,158,57,65,,Big 12,Big 12,,,,,,
260462459,2006-02-15,20:05,2006,regular,,final,Northern Illinois,Eastern Michigan,2459,2199,37,63,,MAC,MAC,,,,,,
260460036,2006-02-15,21:00,2006,regular,,final,Colorado State,Utah,36,254,56,80,,Mountain West,Mountain West,,,,,,
260462005,2006-02-15,21:00,2006,regular,,final,Air Force,TCU,2005,2628,79,84,,Mountain West,Mountain West,,,,,,
260462751,2006-02-15,21:00,2006,regular,,final,Wyoming,New Mexico,2751,167,59,52,,Mountain West,Mountain West,,,,,,
260460021,2006-02-15,22:00,2006,regular,,final,San Diego State,UNLV,21,2439,48,64,,Mountain West,Mountain West,,,,,,
260462539,2006-02-15,22:00,2006,regular,,final,San Francisco,San Diego,2539,301,59,56,,WCC,WCC,,,,,,
260462608,2006-02-15,22:05,2006,regular,,final,Saint Mary's,Santa Clara,2608,2541,62,64,,WCC,WCC,,,,,,
260472341,2006-02-16,17:00,2006,regular,,final,LIU Brooklyn,St. Francis Brooklyn,2341,2597,70,31,,NEC,NEC,,,,,,
260472450,2006-02-16,18:00,2006,regular,,final,Norfolk State,Hampton,2450,2261,69,79,,MEAC,MEAC,,,,,,
260472535,2006-02-16,18:00,2006,regular,,final,Samford,Morehead State,2535,2413,60,57,,Southern,,,,,,,
260472057,2006-02-16,18:30,2006,regular,,final,Belmont,Kennesaw State,2057,338,73,58,,ASUN,ASUN,,,,,,
260472634,2006-02-16,18:30,2006,regular,,final,Tennessee State,Murray State,2634,93,81,96,,,MVC,,,,,,
260472635,2006-02-16,18:30,2006,regular,,final,Tennessee Tech,UT Martin,2635,2630,66,43,,,,,,,,,
260470056,2006-02-16,19:00,2006,regular,,final,Stetson,Gardner-Webb,56,2241,67,59,,ASUN,ASUN,,,,,,
260470057,2006-02-16,19:00,2006,regular,,final,Florida,LSU,57,99,79,78,,SEC,SEC,,,,,,
260470058,2006-02-16,19:00,2006,regular,,final,South Florida,Marquette,58,269,66,57,,Big East,Big East,,,,,,
260470096,2006-02-16,19:00,2006,regular,,final,Kentucky,Ole Miss,96,145,65,61,,SEC,SEC,,,,,,
260470120,2006-02-16,19:00,2006,regular,,final,Maryland,Boston College,120,103,86,59,,ACC,ACC,,,,,,
260470228,2006-02-16,19:00,2006,regular,,final,Clemson,NC State,228,152,69,78,,ACC,ACC,,,,,,
260470294,2006-02-16,19:00,2006,regular,,final,Jacksonville,Florida Atlantic,294,2226,59,62,,ASUN,ASUN,,,,,,
260472229,2006-02-16,19:00,2006,regular,,final,Florida International,South Alabama,2229,6,70,60,,Sun Belt,Sun Belt,,,,,,
260472363,2006-02-16,19:00,2006,regular,,final,Manhattan,Loyola Maryland,2363,2352,47,55,,MAAC,MAAC,,,,,,
260472379,2006-02-16,19:00,2006,regular,,final,Maryland-Eastern Shore,Longwood,2379,2344,69,60,,MEAC,,,,,,,
260472382,2006-02-16,19:00,2006,regular,,final,Mercer,Campbell,2382,2097,58,68,,ASUN,ASUN,,,,,,
260472405,2006-02-16,19:00,2006,regular,,final,Monmouth,Quinnipiac,2405,2514,63,69,,NEC,NEC,,,,,,
260472509,2006-02-16,19:00,2006,regular,,final,Purdue,Michigan,2509,130,75,50,,Big Ten,Big Ten,,,,,,
260472750,2006-02-16,19:00,2006,regular,,final,Wright State,UIC,2750,82,68,53,,Horizon,Horizon,,,,,,
260470127,2006-02-16,19:05,2006,regular,,final,Michigan State,Iowa,127,2294,73,71,,Big Ten,Big Ten,,,,,,
260472466,2006-02-16,19:30,2006,regular,,final,Northwestern State,Nicholls,2466,2447,83,66,,,,,,,,,
260470061,2006-02-16,20:00,2006,regular,,final,Georgia,Tennessee,61,2633,55,58,,SEC,SEC,,,,,,
260470077,2006-02-16,20:00,2006,regular,,final,Northwestern,Illinois,77,356,59,60,,Big Ten,Big Ten,,,,,,
260470098,2006-02-16,20:00,2006,regular,,final,Western Kentucky,Little Rock,98,2031,73,51,,Sun Belt,Sun Belt,,,,,,
260470135,2006-02-16,20:00,2006,regular,,final,Minnesota,Ohio State,135,194,55,76,,Big Ten,Big Ten,,,,,,
260470270,2006-02-16,20:00,2006,regular,,final,Milwaukee,Detroit Mercy,270,2174,69,55,,Horizon,Horizon,,,,,,
260470275,2006-02-16,20:00,2006,regular,,final,Wisconsin,Penn State,275,213,66,56,,Big Ten,Big Ten,,,,,,
260470288,2006-02-16,20:00,2006,regular,,final,Lipscomb,East Tennessee State,288,2193,59,85,,ASUN,ASUN,,,,,,
260470309,2006-02-16,20:00,2006,regular,,final,Louisiana,New Orleans,309,2443,65,51,,Sun Belt,Sun Belt,,,,,,
260472350,2006-02-16,20:00,2006,regular,,final,Loyola Chicago,Butler,2350,2086,69,82,,Horizon,Horizon,,,,,,
260472393,2006-02-16,20:00,2006,regular,,final,Middle Tennessee,Arkansas State,2393,2032,95,59,,Sun Belt,Sun Belt,,,,,,
260472433,2006-02-16,20:00,2006,regular,,final,UL Monroe,SE Louisiana,2433,2545,47,52,,Sun Belt,,,,,,,
260472464,2006-02-16,20:00,2006,regular,,final,Northern Arizona,Montana State,2464,147,84,56,,Big Sky,Big Sky,,,,,,
260472534,2006-02-16,20:00,2006,regular,,final,Sam Houston,Lamar,2534,2320,46,51,,WAC,,,,,,,
260472617,2006-02-16,20:00,2006,regular,,final,Stephen F. Austin,McNeese,2617,2377,88,63,,WAC,,,,,,,
260472636,2006-02-16,20:00,2006,regular,,final,UTSA,UT Arlington,2636,250,68,67,,C-USA,WAC,,,,,,
260472739,2006-02-16,20:00,2006,regular,,final,Green Bay,Youngstown State,2739,2754,81,69,,Horizon,Horizon,,,,,,
260470009,2006-02-16,20:30,2006,regular,,final,Arizona State,Stanford,9,24,62,59,,Pac-12,Pac-12,,,,,,
260472546,2006-02-16,20:30,2006,regular,,final,Southeast Missouri State,Eastern Illinois,2546,2197,84,76,,,,,,,,,
260470002,2006-02-16,21:00,2006,regular,,final,Auburn,South Carolina,2,2579,46,58,,SEC,SEC,,,,,,
260470012,2006-02-16,21:00,2006,regular,,final,Arizona,California,12,25,56,73,,Pac-12,Pac-12,,,,,,
260470068,2006-02-16,21:00,2006,regular,,final,Boise State,New Mexico State,68,166,72,45,,WAC,WAC,,,,,,
260470328,2006-02-16,21:00,2006,regular,,final,Utah State,Idaho,328,70,63,53,,WAC,WAC,,,,,,
260472172,2006-02-16,21:00,2006,regular,,final,Denver,Northern Colorado,2172,2458,55,48,,Sun Belt,Big Sky,,,,,,
260473081,2006-02-16,21:05,2006,regular,,final,Utah Valley,Texas A&M-Corpus Christi,3084,357,91,78,,,,,,,,,
260470013,2006-02-16,22:00,2006,regular,,final,Cal Poly,Long Beach State,13,299,59,74,,Big West,Big West,,,,,,
260470023,2006-02-16,22:00,2006,regular,,final,San José State,Louisiana Tech,23,2348,48,78,,WAC,WAC,,,,,,
260470264,2006-02-16,22:00,2006,regular,,final,Washington,Oregon,264,2483,61,55,,Pac-12,Pac-12,,,,,,
260470265,2006-02-16,22:00,2006,regular,,final,Washington State,Oregon State,265,204,50,59,,Pac-12,Pac-12,,,,,,
260470279,2006-02-16,22:00,2006,regular,,final,Pacific,Cal State Fullerton,279,2239,84,74,,Big West,Big West,,,,,,
260472250,2006-02-16,22:00,2006,regular,,final,Gonzaga,Loyola Marymount,2250,2351,53,43,,WCC,WCC,,,,,,
260472463,2006-02-16,22:00,2006,regular,,final,Cal State Northridge,UC Riverside,2463,27,58,65,,Big West,Big West,,,,,,
260472501,2006-02-16,22:00,2006,regular,,final,Portland,Pepperdine,2501,2492,64,67,,WCC,WCC,,,,,,
260472502,2006-02-16,22:00,2006,regular,,final,Portland State,Idaho State,2502,304,68,80,,Big Sky,Big Sky,,,,,,
260472540,2006-02-16,22:00,2006,regular,,final,UC Santa Barbara,UC Irvine,2540,300,69,82,,Big West,Big West,,,,,,
260470016,2006-02-16,22:05,2006,regular,,final,Sacramento State,Montana,16,149,45,79,,Big Sky,Big Sky,,,,,,
260470331,2006-02-16,22:05,2006,regular,,final,Eastern Washington,Weber State,331,2692,54,40,,Big Sky,Big Sky,,,,,,
260472440,2006-02-16,22:05,2006,regular,,final,Nevada,Fresno State,2440,278,68,67,,WAC,WAC,,,,,,
260480225,2006-02-17,,2006,regular,,final,Brown,Harvard,225,108,66,61,,Ivy,Ivy,,,,,,
260482670,2006-02-17,15:00,2006,regular,,final,VCU,Hofstra,2670,2275,43,58,,CAA,CAA,,,,,,
260480259,2006-02-17,18:30,2006,regular,,final,Virginia Tech,North Carolina,259,153,75,84,,ACC,ACC,,,,,,
260480043,2006-02-17,19:00,2006,regular,,final,Yale,Dartmouth,43,159,51,64,,Ivy,Ivy,,,,,,
260480045,2006-02-17,19:00,2006,regular,,final,George Washington,La Salle,45,2325,67,49,,A 10,A 10,,,,,,
260480048,2006-02-17,19:00,2006,regular,,final,Delaware,Towson,48,119,64,52,,CAA,CAA,,,,,,
260480163,2006-02-17,19:00,2006,regular,,final,Princeton,Cornell,163,172,76,63,,Ivy,Ivy,,,,,,
260480219,2006-02-17,19:00,2006,regular,,final,Pennsylvania,Columbia,219,171,64,49,,Ivy,Ivy,,,,,,
260480227,2006-02-17,19:00,2006,regular,,final,Rhode Island,St. Bonaventure,227,179,67,60,,A 10,A 10,,,,,,
260480256,2006-02-17,19:00,2006,regular,,final,James Madison,George Mason,256,2244,67,39,,CAA,CAA,,,,,,
260480257,2006-02-17,19:00,2006,regular,,final,Richmond,Charlotte,257,2429,82,64,,A 10,A 10,,,,,,
260480295,2006-02-17,19:00,2006,regular,,final,Old Dominion,UNC Wilmington,295,350,78,51,,CAA,CAA,,,,,,
260480315,2006-02-17,19:00,2006,regular,,final,Niagara,Rider,315,2520,52,63,,MAAC,MAAC,,,,,,
260482099,2006-02-17,19:00,2006,regular,,final,Canisius,Saint Peter's,2099,2612,72,65,,MAAC,MAAC,,,,,,
260482116,2006-02-17,19:00,2006,regular,,final,UCF,UAB,2116,5,65,74,,C-USA,C-USA,,,,,,
260482182,2006-02-17,19:00,2006,regular,,final,Drexel,Northeastern,2182,111,81,51,,CAA,CAA,,,,,,
260482230,2006-02-17,19:00,2006,regular,,final,Fordham,Duquesne,2230,2184,57,50,,A 10,A 10,,,,,,
260482729,2006-02-17,19:00,2006,regular,,final,William & Mary,Georgia State,2729,2247,78,50,,CAA,CAA,,,,,,
260482752,2006-02-17,19:00,2006,regular,,final,Xavier,UMass,2752,113,77,50,,A 10,A 10,,,,,,
260480314,2006-02-17,19:30,2006,regular,,final,Iona,Marist,314,2368,62,80,,MAAC,MAAC,,,,,,
260482217,2006-02-17,19:30,2006,regular,,final,Fairfield,Siena,2217,2561,71,69,,MAAC,MAAC,,,,,,
260480139,2006-02-17,20:00,2006,regular,,final,Saint Louis,Dayton,139,2168,67,72,,A 10,A 10,,,,,,
260480218,2006-02-17,20:00,2006,regular,,final,Temple,Saint Joseph's,218,2603,59,53,,A 10,A 10,,,,,,
260480242,2006-02-17,20:00,2006,regular,,final,Rice,SMU,242,2567,71,56,,C-USA,C-USA,,,,,,
260480248,2006-02-17,20:00,2006,regular,,final,Houston,Tulsa,248,202,54,75,,C-USA,C-USA,,,,,,
260482572,2006-02-17,20:00,2006,regular,,final,Southern Miss,Memphis,2572,235,73,50,,C-USA,C-USA,,,,,,
260482655,2006-02-17,20:00,2006,regular,,final,Tulane,Marshall,2655,276,58,40,,C-USA,C-USA,,,,,,
260482724,2006-02-17,20:00,2006,regular,,final,Wichita State,Illinois State,2724,2287,85,73,,MVC,MVC,,,,,,
260480071,2006-02-17,20:05,2006,regular,,final,Bradley,Northern Iowa,71,2460,64,67,,MVC,MVC,,,,,,
260480156,2006-02-17,20:05,2006,regular,,final,Creighton,Southern Illinois,156,79,44,45,,MVC,MVC,,,,,,
260482181,2006-02-17,20:05,2006,regular,,final,Drake,Evansville,2181,339,53,51,,MVC,MVC,,,,,,
260482623,2006-02-17,20:05,2006,regular,,final,Missouri State,Indiana State,2623,282,76,46,,MVC,MVC,,,,,,
260480052,2006-02-17,20:30,2006,regular,,final,Florida State,Miami,52,2390,68,61,,ACC,ACC,,,,,,
260482638,2006-02-17,21:05,2006,regular,,final,UTEP,East Carolina,2638,151,72,77,,C-USA,C-USA,,,,,,
260482541,2006-02-17,22:00,2006,regular,,final,Santa Clara,San Francisco,2541,2539,67,53,,WCC,WCC,,,,,,
260482608,2006-02-17,22:05,2006,regular,,final,Saint Mary's,San Diego,2608,301,63,58,,WCC,WCC,,,,,,
260490225,2006-02-18,,2006,regular,,final,Brown,Dartmouth,225,159,59,54,,Ivy,Ivy,,,,,,
260490311,2006-02-18,12:00,2006,regular,,final,Maine,New Hampshire,311,160,69,58,,Am. East,Am. East,,,,,,
260492382,2006-02-18,12:00,2006,regular,,final,Mercer,Gardner-Webb,2382,2241,74,77,,ASUN,ASUN,,,,,,
260490104,2006-02-18,13:00,2006,regular,,final,Boston University,Stony Brook,104,2619,72,64,,Am. East,Am. East,,,,,,
260490189,2006-02-18,13:00,2006,regular,,final,Bowling Green,Buffalo,189,2084,65,51,,MAC,MAC,,,,,,
260490261,2006-02-18,13:00,2006,regular,,final,Vermont,Albany,261,399,62,65,,Am. East,Am. East,,,,,,
260490349,2006-02-18,13:00,2006,regular,,final,Army,Bucknell,349,2083,66,65,,Patriot,Patriot,,,,,,
260492870,2006-02-18,13:00,2006,regular,,final,Purdue Fort Wayne,UT Rio Grande Valley,2870,292,62,46,,,,,,,,,
260490042,2006-02-18,14:00,2006,regular,,final,Hartford,Binghamton,42,2066,66,56,,Am. East,Am. East,,,,,,
260490047,2006-02-18,14:00,2006,regular,,final,Howard,Bethune-Cookman,47,2065,67,63,,MEAC,MEAC,,,,,,
260490056,2006-02-18,14:00,2006,regular,,final,Stetson,Campbell,56,2097,64,50,,ASUN,ASUN,,,,,,
260490066,2006-02-18,14:00,2006,regular,,final,Iowa State,Kansas,66,2305,56,57,,Big 12,Big 12,,,,,,
260490161,2006-02-18,14:00,2006,regular,,final,Fairleigh Dickinson,Robert Morris,161,2523,76,77,,NEC,NEC,,,,,,
260490193,2006-02-18,14:00,2006,regular,,final,Miami (OH),Ohio,193,195,60,56,,MAC,MAC,,,,,,
260490232,2006-02-18,14:00,2006,regular,,final,Charleston,Chattanooga,232,236,63,68,,Southern,Southern,,,,,,
260492006,2006-02-18,14:00,2006,regular,,final,Akron,Kent State,2006,2309,33,52,,MAC,MAC,,,,,,
260492011,2006-02-18,14:00,2006,regular,,final,Alabama State,Alcorn State,2011,2016,51,59,,SWAC,SWAC,,,,,,
260492115,2006-02-18,14:00,2006,regular,,final,Central Connecticut,Sacred Heart,2115,2529,47,65,,NEC,NEC,,,,,,
260492132,2006-02-18,14:00,2006,regular,,final,Cincinnati,Louisville,2132,97,76,65,,Big East,Big East,,,,,,
260492169,2006-02-18,14:00,2006,regular,,final,Delaware State,Hampton,2169,2261,58,65,,MEAC,MEAC,,,,,,
260492341,2006-02-18,14:00,2006,regular,,final,LIU Brooklyn,St. Francis (PA),2341,2598,79,62,,NEC,NEC,,,,,,
260492379,2006-02-18,14:00,2006,regular,,final,Maryland-Eastern Shore,Florida A&M,2379,50,75,56,,MEAC,MEAC,,,,,,
260492415,2006-02-18,14:00,2006,regular,,final,Morgan State,South Carolina State,2415,2569,70,39,,MEAC,MEAC,,,,,,
260492427,2006-02-18,14:00,2006,regular,,final,UNC Asheville,Coastal Carolina,2427,324,64,57,,Big South,Big South,,,,,,
260492430,2006-02-18,14:00,2006,regular,,final,UNC Greensboro,Elon,2430,2210,53,45,,Southern,Southern,,,,,,
260492433,2006-02-18,14:00,2006,regular,,final,UL Monroe,Nicholls,2433,2447,73,67,,Sun Belt,,,,,,,
260492454,2006-02-18,14:00,2006,regular,,final,North Florida,Florida Atlantic,2454,2226,69,76,,ASUN,ASUN,,,,,,
260492507,2006-02-18,14:00,2006,regular,,final,Providence,Villanova,2507,222,51,54,,Big East,Big East,,,,,,
260492710,2006-02-18,14:00,2006,regular,,final,Western Illinois,Southern Utah,2710,253,80,55,,,WAC,,,,,,
260490003,2006-02-18,15:00,2006,regular,,final,Birmingham-Southern,Charleston Southern,3,2127,64,47,,Big South,Big South,,,,,,
260490116,2006-02-18,15:00,2006,regular,,final,Mount St. Mary's,Monmouth,116,2405,61,56,,NEC,NEC,,,,,,
260490154,2006-02-18,15:00,2006,regular,,final,Wake Forest,Virginia,154,258,70,81,,ACC,ACC,,,,,,
260490197,2006-02-18,15:00,2006,regular,,final,Oklahoma State,Texas,197,251,56,61,,Big 12,Big 12,,,,,,
260490231,2006-02-18,15:00,2006,regular,,final,Furman,Western Carolina,231,2717,49,63,,Southern,Southern,,,,,,
260490288,2006-02-18,15:00,2006,regular,,final,Lipscomb,Kennesaw State,288,338,79,87,,ASUN,ASUN,,,,,,
260490290,2006-02-18,15:00,2006,regular,,final,Georgia Southern,Appalachian State,290,2026,73,78,,Southern,Southern,,,,,,
260490325,2006-02-18,15:00,2006,regular,,final,Cleveland State,Loyola Chicago,325,2350,71,62,,Horizon,Horizon,,,,,,
260492010,2006-02-18,15:00,2006,regular,,final,Alabama A&M,Southern,2010,2582,58,56,,SWAC,SWAC,,,,,,
260492466,2006-02-18,15:00,2006,regular,,final,Northwestern State,SE Louisiana,2466,2545,45,46,,,,,,,,,
260492535,2006-02-18,15:00,2006,regular,,final,Samford,Eastern Kentucky,2535,2198,75,59,,Southern,ASUN,,,,,,
260492636,2006-02-18,15:00,2006,regular,,final,UTSA,Texas State,2636,326,71,73,,C-USA,Sun Belt,,,,,,
260492459,2006-02-18,15:05,2006,regular,,final,Northern Illinois,Central Michigan,2459,2117,68,42,,MAC,MAC,,,,,,
260490012,2006-02-18,16:00,2006,regular,,final,Arizona,Stanford,12,24,76,87,,Pac-12,Pac-12,,,,,,
260490026,2006-02-18,16:00,2006,regular,,final,UCLA,USC,26,30,73,77,,Pac-12,Pac-12,,,,,,
260490068,2006-02-18,16:00,2006,regular,,final,Boise State,Louisiana Tech,68,2348,59,72,,WAC,WAC,,,,,,
260490252,2006-02-18,16:00,2006,regular,,final,BYU,Wyoming,252,2751,56,57,,Mountain West,Mountain West,,,,,,
260490264,2006-02-18,16:00,2006,regular,,final,Washington,Oregon State,264,204,66,51,,Pac-12,Pac-12,,,,,,
260492005,2006-02-18,16:00,2006,regular,,final,Air Force,Utah,2005,254,53,79,,Mountain West,Mountain West,,,,,,
260492057,2006-02-18,16:00,2006,regular,,final,Belmont,East Tennessee State,2057,2193,70,50,,ASUN,ASUN,,,,,,
260492142,2006-02-18,16:00,2006,regular,,final,Colgate,Navy,2142,2426,62,80,,Patriot,Patriot,,,,,,
260492502,2006-02-18,16:00,2006,regular,,final,Portland State,Weber State,2502,2692,78,59,,Big Sky,Big Sky,,,,,,
260492739,2006-02-18,16:00,2006,regular,,final,Green Bay,Detroit Mercy,2739,2174,71,58,,Horizon,Horizon,,,,,,
260490044,2006-02-18,16:30,2006,regular,,final,American University,Holy Cross,44,107,55,74,,Patriot,Patriot,,,,,,
260490093,2006-02-18,17:00,2006,regular,,final,Murray State,Eastern Illinois,93,2197,72,52,,MVC,,,,,,,
260490140,2006-02-18,17:00,2006,regular,,final,Kansas City,Oral Roberts,140,198,50,60,,,,,,,,,
260490265,2006-02-18,17:00,2006,regular,,final,Washington State,Oregon,265,2483,68,53,,Pac-12,Pac-12,,,,,,
260492501,2006-02-18,17:00,2006,regular,,final,Portland,Loyola Marymount,2501,2351,58,66,,WCC,WCC,,,,,,
260492514,2006-02-18,17:00,2006,regular,,final,Quinnipiac,Wagner,2514,2681,74,64,,NEC,NEC,,,,,,
260492630,2006-02-18,17:00,2006,regular,,final,UT Martin,Southeast Missouri State,2630,2546,49,54,,,,,,,,,
260490016,2006-02-18,17:05,2006,regular,,final,Sacramento State,Montana State,16,147,80,86,,Big Sky,Big Sky,,,,,,
260490331,2006-02-18,17:05,2006,regular,,final,Eastern Washington,Idaho State,331,304,65,74,,Big Sky,Big Sky,,,,,,
260492440,2006-02-18,17:05,2006,regular,,final,Nevada,Idaho,2440,70,49,43,,WAC,WAC,,,,,,
260492113,2006-02-18,17:30,2006,regular,,final,Centenary,Oakland,2113,2473,53,78,,,Horizon,,,,,,
260492154,2006-02-18,17:30,2006,regular,,final,Coppin State,North Carolina A&T,2154,2448,59,52,,MEAC,MEAC,,,,,,
260490009,2006-02-18,18:00,2006,regular,,final,Arizona State,California,9,25,62,43,,Pac-12,Pac-12,,,,,,
260490055,2006-02-18,18:00,2006,regular,,final,Jacksonville State,Morehead State,55,2413,75,82,,ASUN,,,,,,,
260492166,2006-02-18,18:00,2006,regular,,final,Davidson,Wofford,2166,2747,58,43,,Southern,Southern,,,,,,
260492046,2006-02-18,18:15,2006,regular,,final,Austin Peay,Tennessee Tech,2046,2635,72,64,,ASUN,,,,,,,
260492029,2006-02-18,18:30,2006,regular,,final,Arkansas-Pine Bluff,Prairie View A&M,2029,2504,57,60,,SWAC,SWAC,,,,,,
260492400,2006-02-18,18:30,2006,regular,,final,Mississippi Valley State,Texas Southern,2400,2640,79,68,,SWAC,SWAC,,,,,,
260492755,2006-02-18,18:30,2006,regular,,final,Grambling,Jackson State,2755,2296,62,80,,SWAC,SWAC,,,,,,
260490013,2006-02-18,19:00,2006,regular,,final,Cal Poly,UC Irvine,13,300,69,83,,Big West,Big West,,,,,,
260490043,2006-02-18,19:00,2006,regular,,final,Yale,Harvard,43,108,54,59,,Ivy,Ivy,,,,,,
260490163,2006-02-18,19:00,2006,regular,,final,Princeton,Columbia,163,171,59,45,,Ivy,Ivy,,,,,,
260490219,2006-02-18,19:00,2006,regular,,final,Pennsylvania,Cornell,219,172,54,56,,Ivy,Ivy,,,,,,
260490279,2006-02-18,19:00,2006,regular,,final,Pacific,UC Riverside,279,27,53,55,,Big West,Big West,,,,,,
260492050,2006-02-18,19:00,2006,regular,,final,Ball State,Western Michigan,2050,2711,62,55,,MAC,MAC,,,,,,
260492329,2006-02-18,19:00,2006,regular,,final,Lehigh,Lafayette,2329,322,79,50,,Patriot,Patriot,,,,,,
260492335,2006-02-18,19:00,2006,regular,,final,Liberty,High Point,2335,2272,62,53,,Big South,Big South,,,,,,
260492463,2006-02-18,19:00,2006,regular,,final,Cal State Northridge,Cal State Fullerton,2463,2239,78,69,,Big West,Big West,,,,,,
260492649,2006-02-18,19:00,2006,regular,,final,Toledo,Eastern Michigan,2649,2199,49,73,,MAC,MAC,,,,,,
260490082,2006-02-18,20:00,2006,regular,,final,UIC,Butler,82,2086,85,66,,Horizon,Horizon,,,,,,
260490201,2006-02-18,20:00,2006,regular,,final,Oklahoma,Texas A&M,201,245,73,54,,Big 12,Big 12,,,,,,
260490270,2006-02-18,20:00,2006,regular,,final,Milwaukee,Youngstown State,270,2754,67,44,,Horizon,Horizon,,,,,,
260490305,2006-02-18,20:00,2006,regular,,final,DePaul,St. John's,305,2599,70,67,,Big East,Big East,,,,,,
260492320,2006-02-18,20:00,2006,regular,,final,Lamar,UT Arlington,2320,250,57,60,,,WAC,,,,,,
260492393,2006-02-18,20:00,2006,regular,,final,Middle Tennessee,Little Rock,2393,2031,65,58,,Sun Belt,Sun Belt,,,,,,
260492449,2006-02-18,20:00,2006,regular,,final,North Dakota State,South Dakota State,2449,2571,55,77,,,,,,,,,
260492464,2006-02-18,20:00,2006,regular,,final,Northern Arizona,Montana,2464,149,55,57,,Big Sky,Big Sky,,,,,,
260492534,2006-02-18,20:00,2006,regular,,final,Sam Houston,McNeese,2534,2377,63,57,,WAC,,,,,,,
260492540,2006-02-18,20:00,2006,regular,,final,UC Santa Barbara,Long Beach State,2540,299,46,43,,Big West,Big West,,,,,,
260492628,2006-02-18,20:00,2006,regular,,final,TCU,San Diego State,2628,21,80,49,,Mountain West,Mountain West,,,,,,
260492653,2006-02-18,20:00,2006,regular,,final,Troy,Florida International,2653,2229,65,55,,Sun Belt,Sun Belt,,,,,,
260490158,2006-02-18,20:05,2006,regular,,final,Nebraska,Kansas State,158,2306,64,62,,Big 12,Big 12,,,,,,
260490038,2006-02-18,21:00,2006,regular,,final,Colorado,Missouri,38,142,57,72,,Big 12,Big 12,,,,,,
260490328,2006-02-18,21:00,2006,regular,,final,Utah State,Hawai'i,328,62,50,63,,WAC,WAC,,,,,,
260492172,2006-02-18,21:00,2006,regular,,final,Denver,North Texas,2172,249,74,69,,Sun Belt,Sun Belt,,,,,,
260492458,2006-02-18,21:00,2006,regular,,final,Northern Colorado,Texas A&M-Corpus Christi,2458,357,58,70,,Big Sky,,,,,,,
260490023,2006-02-18,22:00,2006,regular,,final,San José State,New Mexico State,23,166,58,35,,WAC,WAC,,,,,,
260492250,2006-02-18,22:00,2006,regular,,final,Gonzaga,Pepperdine,2250,2492,55,38,,WCC,WCC,,,,,,
260492439,2006-02-18,22:00,2006,regular,,final,UNLV,Colorado State,2439,36,74,57,,Mountain West,Mountain West,,,,,,
260500045,2006-02-19,12:00,2006,regular,,final,George Washington,Richmond,45,257,63,67,,A 10,A 10,,,,,,
260500048,2006-02-19,13:00,2006,regular,,final,Delaware,Old Dominion,48,295,57,60,,CAA,CAA,,,,,,
260500152,2006-02-19,13:00,2006,regular,,final,NC State,Maryland,152,120,57,65,,ACC,ACC,,,,,,
260500238,2006-02-19,13:00,2006,regular,,final,Vanderbilt,Georgia,238,61,61,83,,SEC,SEC,,,,,,
260500333,2006-02-19,13:00,2006,regular,,final,Alabama,Tennessee,333,2633,65,82,,SEC,SEC,,,,,,
260502099,2006-02-19,13:00,2006,regular,,final,Canisius,Rider,2099,2520,84,65,,MAAC,MAAC,,,,,,
260502352,2006-02-19,13:00,2006,regular,,final,Loyola Maryland,Marist,2352,2368,62,59,,MAAC,MAAC,,,,,,
260502509,2006-02-19,13:00,2006,regular,,final,Purdue,Indiana,2509,84,61,63,,Big Ten,Big Ten,,,,,,
260500156,2006-02-19,13:05,2006,regular,,final,Creighton,Evansville,156,339,73,78,,MVC,MVC,,,,,,
260500059,2006-02-19,14:00,2006,regular,,final,Georgia Tech,Virginia Tech,59,259,54,70,,ACC,ACC,,,,,,
260500113,2006-02-19,14:00,2006,regular,,final,UMass,St. Bonaventure,113,179,66,55,,A 10,A 10,,,,,,
260500119,2006-02-19,14:00,2006,regular,,final,Towson,Drexel,119,2182,61,63,,CAA,CAA,,,,,,
260500164,2006-02-19,14:00,2006,regular,,final,Rutgers,Syracuse,164,183,60,43,,Big East,Big East,,,,,,
260500227,2006-02-19,14:00,2006,regular,,final,Rhode Island,Fordham,227,2230,79,65,,A 10,A 10,,,,,,
260500277,2006-02-19,14:00,2006,regular,,final,West Virginia,Pittsburgh,277,221,58,62,,Big East,Big East,,,,,,
260500314,2006-02-19,14:00,2006,regular,,final,Iona,Siena,314,2561,83,69,,MAAC,MAAC,,,,,,
260500315,2006-02-19,14:00,2006,regular,,final,Niagara,Saint Peter's,315,2612,46,64,,MAAC,MAAC,,,,,,
260502116,2006-02-19,14:00,2006,regular,,final,UCF,Memphis,2116,235,77,62,,C-USA,C-USA,,,,,,
260502168,2006-02-19,14:00,2006,regular,,final,Dayton,Temple,2168,218,36,70,,A 10,A 10,,,,,,
260502244,2006-02-19,14:00,2006,regular,,final,George Mason,VCU,2244,2670,54,58,,CAA,CAA,,,,,,
260502275,2006-02-19,14:00,2006,regular,,final,Hofstra,Northeastern,2275,111,64,57,,CAA,CAA,,,,,,
260502429,2006-02-19,14:00,2006,regular,,final,Charlotte,Saint Louis,2429,139,65,58,,A 10,A 10,,,,,,
260502603,2006-02-19,14:00,2006,regular,,final,Saint Joseph's,La Salle,2603,2325,61,55,,A 10,A 10,,,,,,
260502729,2006-02-19,14:00,2006,regular,,final,William & Mary,James Madison,2729,256,82,70,,CAA,CAA,,,,,,
260502737,2006-02-19,14:00,2006,regular,,final,Winthrop,Radford,2737,2515,49,51,,Big South,Big South,,,,,,
260500275,2006-02-19,14:30,2006,regular,,final,Wisconsin,Minnesota,275,135,67,61,,Big Ten,Big Ten,,,,,,
260500002,2006-02-19,15:00,2006,regular,,final,Auburn,Florida,2,57,73,58,,SEC,SEC,,,,,,
260500099,2006-02-19,15:00,2006,regular,,final,LSU,Arkansas,99,8,64,42,,SEC,SEC,,,,,,
260500228,2006-02-19,15:00,2006,regular,,final,Clemson,Florida State,228,52,72,80,,ACC,ACC,,,,,,
260500239,2006-02-19,15:00,2006,regular,,final,Baylor,Texas Tech,239,2641,73,60,,Big 12,Big 12,,,,,,
260500242,2006-02-19,15:00,2006,regular,,final,Rice,Tulsa,242,202,78,62,,C-USA,C-USA,,,,,,
260500269,2006-02-19,15:00,2006,regular,,final,Marquette,Georgetown,269,46,67,60,,Big East,Big East,,,,,,
260500344,2006-02-19,15:00,2006,regular,,final,Mississippi State,Kentucky,344,96,46,51,,SEC,SEC,,,,,,
260500350,2006-02-19,15:00,2006,regular,,final,UNC Wilmington,Georgia State,350,2247,47,54,,CAA,CAA,,,,,,
260502572,2006-02-19,15:00,2006,regular,,final,Southern Miss,UAB,2572,5,76,66,,C-USA,C-USA,,,,,,
260502579,2006-02-19,15:00,2006,regular,,final,South Carolina,Ole Miss,2579,145,77,66,,SEC,SEC,,,,,,
260502655,2006-02-19,15:00,2006,regular,,final,Tulane,East Carolina,2655,151,81,78,,C-USA,C-USA,,,,,,
260502724,2006-02-19,15:00,2006,regular,,final,Wichita State,Indiana State,2724,282,85,88,,MVC,MVC,,,,,,
260502181,2006-02-19,15:05,2006,regular,,final,Drake,Southern Illinois,2181,79,81,55,,MVC,MVC,,,,,,
260502294,2006-02-19,15:05,2006,regular,,final,Iowa,Michigan,2294,130,67,55,,Big Ten,Big Ten,,,,,,
260502623,2006-02-19,15:05,2006,regular,,final,Missouri State,Illinois State,2623,2287,68,53,,MVC,MVC,,,,,,
260500098,2006-02-19,15:30,2006,regular,,final,Western Kentucky,Arkansas State,98,2032,106,89,,Sun Belt,Sun Belt,,,,,,
260502390,2006-02-19,16:00,2006,regular,,final,Miami,Duke,2390,150,93,99,,ACC,ACC,,,,,,
260502638,2006-02-19,16:05,2006,regular,,final,UTEP,Marshall,2638,276,77,63,,C-USA,C-USA,,,,,,
260500248,2006-02-19,17:00,2006,regular,,final,Houston,SMU,248,2567,61,63,,C-USA,C-USA,,,,,,
260500087,2006-02-19,19:00,2006,regular,,final,Notre Dame,UConn,87,41,64,79,,Big East,Big East,,,,,,
260510047,2006-02-20,14:00,2006,regular,,final,Howard,Florida A&M,47,50,64,62,,MEAC,MEAC,,,,,,
260510236,2006-02-20,17:15,2006,regular,,final,Chattanooga,Georgia Southern,236,290,81,60,,Southern,Southern,,,,,,
260512154,2006-02-20,17:30,2006,regular,,final,Coppin State,South Carolina State,2154,2569,60,47,,MEAC,MEAC,,,,,,
260512169,2006-02-20,17:30,2006,regular,,final,Delaware State,Norfolk State,2169,2450,75,40,,MEAC,MEAC,,,,,,
260512379,2006-02-20,17:30,2006,regular,,final,Maryland-Eastern Shore,Bethune-Cookman,2379,2065,87,50,,MEAC,MEAC,,,,,,
260512415,2006-02-20,17:30,2006,regular,,final,Morgan State,North Carolina A&T,2415,2448,73,68,,MEAC,MEAC,,,,,,
260512011,2006-02-20,18:00,2006,regular,,final,Alabama State,Southern,2011,2582,61,69,,SWAC,SWAC,,,,,,
260512010,2006-02-20,18:30,2006,regular,,final,Alabama A&M,Alcorn State,2010,2016,57,48,,SWAC,SWAC,,,,,,
260512029,2006-02-20,18:30,2006,regular,,final,Arkansas-Pine Bluff,Texas Southern,2029,2640,64,49,,SWAC,SWAC,,,,,,
260512400,2006-02-20,18:30,2006,regular,,final,Mississippi Valley State,Prairie View A&M,2400,2504,82,63,,SWAC,SWAC,,,,,,
260510085,2006-02-20,19:00,2006,regular,,final,IUPUI,Valparaiso,85,2674,63,55,,Horizon,MVC,,,,,,
260510153,2006-02-20,19:00,2006,regular,,final,North Carolina,Boston College,153,103,69,62,,ACC,ACC,,,,,,
260512341,2006-02-20,19:00,2006,regular,,final,LIU Brooklyn,Robert Morris,2341,2523,51,59,,NEC,NEC,,,,,,
260512454,2006-02-20,19:00,2006,regular,,final,Jacksonville,North Florida,294,2454,56,51,,ASUN,ASUN,,,,,,
260512473,2006-02-20,19:00,2006,regular,,final,Oakland,Oral Roberts,2473,198,54,55,,Horizon,,,,,,,
260512529,2006-02-20,19:00,2006,regular,,final,Sacred Heart,Fairleigh Dickinson,2529,161,84,44,,NEC,NEC,,,,,,
260512597,2006-02-20,19:00,2006,regular,,final,St. Francis Brooklyn,St. Francis (PA),2597,2598,67,58,,NEC,NEC,,,,,,
260512717,2006-02-20,19:00,2006,regular,,final,Western Carolina,Charleston,2717,232,98,65,,Southern,Southern,,,,,,
260512750,2006-02-20,19:00,2006,regular,,final,Wright State,Cleveland State,2750,325,59,51,,Horizon,Horizon,,,,,,
260510194,2006-02-20,19:30,2006,regular,,final,Ohio State,Michigan State,194,127,69,38,,Big Ten,Big Ten,,,,,,
260512217,2006-02-20,19:30,2006,regular,,final,Fairfield,Manhattan,2217,2363,49,58,,MAAC,MAAC,,,,,,
260510006,2006-02-20,20:00,2006,regular,,final,South Alabama,Troy,6,2653,61,40,,Sun Belt,Sun Belt,,,,,,
260510140,2006-02-20,20:00,2006,regular,,final,Kansas City,Southern Utah,140,253,69,54,,,WAC,,,,,,
260512710,2006-02-20,20:00,2006,regular,,final,Western Illinois,Chicago State,2710,2130,63,45,,,,,,,,,
260523081,2006-02-21,18:30,2006,regular,,final,Utah Valley,Northern Colorado,3084,2458,64,67,,,Big Sky,,,,,,
260520044,2006-02-21,19:00,2006,regular,,final,American University,Navy,44,2426,89,81,,Patriot,Patriot,,,,,,
260520154,2006-02-21,19:00,2006,regular,,final,Wake Forest,Savannah State,154,2542,100,51,,ACC,,,,,,,
260520193,2006-02-21,19:00,2006,regular,,final,Miami (OH),Akron,193,2006,51,56,,MAC,MAC,,,,,,
260520195,2006-02-21,19:00,2006,regular,,final,Ohio,Buffalo,195,2084,77,84,,MAC,MAC,,,,,,
260520231,2006-02-21,19:00,2006,regular,,final,Furman,Elon,231,2210,47,50,,Southern,Southern,,,,,,
260520322,2006-02-21,19:00,2006,regular,,final,Lafayette,Army,322,349,52,71,,Patriot,Patriot,,,,,,
260522083,2006-02-21,19:00,2006,regular,,final,Bucknell,Lehigh,2083,2329,55,56,,Patriot,Patriot,,,,,,
260522142,2006-02-21,19:00,2006,regular,,final,Colgate,Holy Cross,2142,107,79,71,,Patriot,Patriot,,,,,,
260522166,2006-02-21,19:00,2006,regular,,final,Davidson,Appalachian State,2166,2026,68,74,,Southern,Southern,,,,,,
260522579,2006-02-21,19:00,2006,regular,,final,South Carolina,Longwood,2579,2344,99,48,,SEC,,,,,,,
260522747,2006-02-21,19:00,2006,regular,,final,Wofford,UNC Greensboro,2747,2430,55,67,,Southern,Southern,,,,,,
260522870,2006-02-21,19:00,2006,regular,,final,Purdue Fort Wayne,Wayne State (MI),2870,131,80,51,,,,,,,,,
260520097,2006-02-21,19:30,2006,regular,,final,Louisville,South Florida,97,58,65,56,,Big East,Big East,,,,,,
260520046,2006-02-21,20:00,2006,regular,,final,Georgetown,Cincinnati,46,2132,47,63,,Big East,Big East,,,,,,
260522306,2006-02-21,20:00,2006,regular,,final,Kansas State,Oklahoma,2306,201,64,78,,Big 12,Big 12,,,,,,
260520158,2006-02-21,20:05,2006,regular,,final,Nebraska,Oklahoma State,158,197,81,56,,Big 12,Big 12,,,,,,
260532619,2006-02-22,12:00,2006,regular,,final,Stony Brook,Hartford,2619,42,67,54,,Am. East,Am. East,,,,,,
260530161,2006-02-22,17:30,2006,regular,,final,Fairleigh Dickinson,Monmouth,161,2405,61,57,,NEC,NEC,,,,,,
260530104,2006-02-22,19:00,2006,regular,,final,Boston University,Vermont,104,261,79,70,,Am. East,Am. East,,,,,,
260530116,2006-02-22,19:00,2006,regular,,final,Mount St. Mary's,Wagner,116,2681,74,58,,NEC,NEC,,,,,,
260530150,2006-02-22,19:00,2006,regular,,final,Duke,Virginia Tech,150,259,93,51,,ACC,ACC,,,,,,
260530160,2006-02-22,19:00,2006,regular,,final,New Hampshire,Albany,160,399,70,55,,Am. East,Am. East,,,,,,
260530189,2006-02-22,19:00,2006,regular,,final,Bowling Green,Kent State,189,2309,62,50,,MAC,MAC,,,,,,
260530277,2006-02-22,19:00,2006,regular,,final,West Virginia,Notre Dame,277,87,58,70,,Big East,Big East,,,,,,
260532117,2006-02-22,19:00,2006,regular,,final,Central Michigan,Ball State,2117,2050,59,58,,MAC,MAC,,,,,,
260532378,2006-02-22,19:00,2006,regular,,final,UMBC,Maine,2378,311,60,47,,Am. East,Am. East,,,,,,
260532427,2006-02-22,19:00,2006,regular,,final,UNC Asheville,Charleston Southern,2427,2127,57,60,,Big South,Big South,,,,,,
260532515,2006-02-22,19:00,2006,regular,,final,Radford,High Point,2515,2272,63,60,,Big South,Big South,,,,,,
260532649,2006-02-22,19:00,2006,regular,,final,Toledo,Northern Illinois,2649,2459,52,59,,MAC,MAC,,,,,,
260532711,2006-02-22,19:00,2006,regular,,final,Western Michigan,Eastern Michigan,2711,2199,57,64,,MAC,MAC,,,,,,
260532737,2006-02-22,19:00,2006,regular,,final,Winthrop,Liberty,2737,2335,51,61,,Big South,Big South,,,,,,
260530183,2006-02-22,19:30,2006,regular,,final,Syracuse,UConn,183,41,36,65,,Big East,Big East,,,,,,
260530003,2006-02-22,20:00,2006,regular,,final,Birmingham-Southern,Coastal Carolina,3,324,59,63,,Big South,Big South,,,,,,
260530142,2006-02-22,20:00,2006,regular,,final,Missouri,Iowa State,142,66,67,59,,Big 12,Big 12,,,,,,
260530239,2006-02-22,20:00,2006,regular,,final,Baylor,Colorado,239,38,86,40,,Big 12,Big 12,,,,,,
260530245,2006-02-22,20:00,2006,regular,,final,Texas A&M,Texas,245,251,79,67,,Big 12,Big 12,,,,,,
260530269,2006-02-22,20:00,2006,regular,,final,Marquette,Rutgers,269,164,50,71,,Big East,Big East,,,,,,
260532628,2006-02-22,20:00,2006,regular,,final,TCU,Colorado State,2628,36,83,57,,Mountain West,Mountain West,,,,,,
260532641,2006-02-22,20:00,2006,regular,,final,Texas Tech,Kansas,2641,2305,62,50,,Big 12,Big 12,,,,,,
260530167,2006-02-22,21:00,2006,regular,,final,New Mexico,Air Force,167,2005,79,53,,Mountain West,Mountain West,,,,,,
260530254,2006-02-22,21:00,2006,regular,,final,Utah,UNLV,254,2439,75,64,,Mountain West,Mountain West,,,,,,
260530021,2006-02-22,22:00,2006,regular,,final,San Diego State,BYU,21,252,49,67,,Mountain West,Mountain West,,,,,,
260530278,2006-02-22,22:00,2006,regular,,final,Fresno State,San José State,278,23,77,60,,WAC,WAC,,,,,,
260530062,2006-02-23,00:00,2006,regular,,final,Hawai'i,Idaho,62,70,71,62,,WAC,WAC,,,,,,
260540309,2006-02-23,17:00,2006,regular,,final,Louisiana,Arkansas State,309,2032,64,70,,Sun Belt,Sun Belt,,,,,,
260542368,2006-02-23,17:00,2006,regular,,final,Marist,Fairfield,2368,2217,82,54,,MAAC,MAAC,,,,,,
260542454,2006-02-23,17:00,2006,regular,,final,North Florida,Belmont,2454,2057,58,50,,ASUN,ASUN,,,,,,
260542198,2006-02-23,17:30,2006,regular,,final,Eastern Kentucky,Austin Peay,2198,2046,55,69,,ASUN,ASUN,,,,,,
260542413,2006-02-23,17:30,2006,regular,,final,Morehead State,Tennessee State,2413,2634,70,58,,,,,,,,,
260542546,2006-02-23,18:00,2006,regular,,final,Southeast Missouri State,Samford,2546,2535,53,57,,,Southern,,,,,,
260542635,2006-02-23,18:00,2006,regular,,final,Tennessee Tech,Murray State,2635,93,79,73,,,MVC,,,,,,
260542750,2006-02-23,18:00,2006,regular,,final,Wright State,Green Bay,2750,2739,57,66,,Horizon,Horizon,,,,,,
260542197,2006-02-23,18:15,2006,regular,,final,Eastern Illinois,Jacksonville State,2197,55,60,67,,,ASUN,,,,,,
260542653,2006-02-23,18:15,2006,regular,,final,Troy,North Texas,2653,249,66,73,,Sun Belt,Sun Belt,,,,,,
260540006,2006-02-23,19:00,2006,regular,,final,South Alabama,Denver,6,2172,71,74,,Sun Belt,Sun Belt,,,,,,
260540052,2006-02-23,19:00,2006,regular,,final,Florida State,Wake Forest,52,154,70,57,,ACC,ACC,,,,,,
260540120,2006-02-23,19:00,2006,regular,,final,Maryland,Clemson,120,228,89,63,,ACC,ACC,,,,,,
260540130,2006-02-23,19:00,2006,regular,,final,Michigan,Michigan State,130,127,42,68,,Big Ten,Big Ten,,,,,,
260540213,2006-02-23,19:00,2006,regular,,final,Penn State,Northwestern,213,77,72,64,,Big Ten,Big Ten,,,,,,
260540222,2006-02-23,19:00,2006,regular,,final,Villanova,Seton Hall,222,2550,59,55,,Big East,Big East,,,,,,
260540258,2006-02-23,19:00,2006,regular,,final,Virginia,Georgia Tech,258,59,57,51,,ACC,ACC,,,,,,
260540294,2006-02-23,19:00,2006,regular,,final,Jacksonville,Lipscomb,294,288,78,46,,ASUN,ASUN,,,,,,
260540338,2006-02-23,19:00,2006,regular,,final,Kennesaw State,Stetson,338,56,55,58,,ASUN,ASUN,,,,,,
260542086,2006-02-23,19:00,2006,regular,,final,Butler,Cleveland State,2086,325,75,62,,Horizon,Horizon,,,,,,
260542193,2006-02-23,19:00,2006,regular,,final,East Tennessee State,Mercer,2193,2382,62,47,,ASUN,ASUN,,,,,,
260542226,2006-02-23,19:00,2006,regular,,final,Florida Atlantic,Gardner-Webb,2226,2241,70,64,,ASUN,ASUN,,,,,,
260542229,2006-02-23,19:00,2006,regular,,final,Florida International,Western Kentucky,2229,98,67,76,,Sun Belt,Sun Belt,,,,,,
260542352,2006-02-23,19:00,2006,regular,,final,Loyola Maryland,Niagara,2352,315,76,44,,MAAC,MAAC,,,,,,
260542520,2006-02-23,19:00,2006,regular,,final,Rider,Iona,2520,314,53,64,,MAAC,MAAC,,,,,,
260542561,2006-02-23,19:00,2006,regular,,final,Siena,Canisius,2561,2099,58,60,,MAAC,MAAC,,,,,,
260542579,2006-02-23,19:00,2006,regular,,final,South Carolina,Mississippi State,2579,344,75,47,,SEC,SEC,,,,,,
260542612,2006-02-23,19:00,2006,regular,,final,Saint Peter's,Manhattan,2612,2363,63,49,,MAAC,MAAC,,,,,,
260542633,2006-02-23,19:00,2006,regular,,final,Tennessee,Auburn,2633,2,81,56,,SEC,SEC,,,,,,
260542754,2006-02-23,19:05,2006,regular,,final,Youngstown State,Loyola Chicago,2754,2350,60,54,,Horizon,Horizon,,,,,,
260540008,2006-02-23,20:00,2006,regular,,final,Arkansas,Georgia,8,61,80,86,,SEC,SEC,,,,,,
260540082,2006-02-23,20:00,2006,regular,,final,UIC,Milwaukee,82,270,58,65,,Horizon,Horizon,,,,,,
260540135,2006-02-23,20:00,2006,regular,,final,Minnesota,Indiana,135,84,65,58,,Big Ten,Big Ten,,,,,,
260540139,2006-02-23,20:00,2006,regular,,final,Saint Louis,UMass,139,113,61,57,,A 10,A 10,,,,,,
260540194,2006-02-23,20:00,2006,regular,,final,Ohio State,Purdue,194,2509,67,58,,Big Ten,Big Ten,,,,,,
260540238,2006-02-23,20:00,2006,regular,,final,Vanderbilt,Kentucky,238,96,72,55,,SEC,SEC,,,,,,
260540250,2006-02-23,20:00,2006,regular,,final,UT Arlington,Nicholls,250,2447,65,39,,WAC,,,,,,,
260540326,2006-02-23,20:00,2006,regular,,final,Texas State,SE Louisiana,326,2545,67,52,,Sun Belt,,,,,,,
260540333,2006-02-23,20:00,2006,regular,,final,Alabama,LSU,333,99,61,86,,SEC,SEC,,,,,,
260540356,2006-02-23,20:00,2006,regular,,final,Illinois,Iowa,356,2294,60,71,,Big Ten,Big Ten,,,,,,
260540357,2006-02-23,20:00,2006,regular,,final,Texas A&M-Corpus Christi,UT Rio Grande Valley,357,292,61,49,,,,,,,,,
260542031,2006-02-23,20:00,2006,regular,,final,Little Rock,New Orleans,2031,2443,78,57,,Sun Belt,Sun Belt,,,,,,
260542320,2006-02-23,20:00,2006,regular,,final,Lamar,Northwestern State,2320,2466,66,62,,,,,,,,,
260542348,2006-02-23,20:00,2006,regular,,final,Louisiana Tech,New Mexico State,2348,166,66,53,,WAC,WAC,,,,,,
260542377,2006-02-23,20:00,2006,regular,,final,McNeese,UL Monroe,2377,2433,55,50,,,Sun Belt,,,,,,
260542617,2006-02-23,20:00,2006,regular,,final,Stephen F. Austin,UTSA,2617,2636,77,68,,WAC,C-USA,,,,,,
260540328,2006-02-23,21:00,2006,regular,,final,Utah State,Boise State,328,68,55,72,,WAC,WAC,,,,,,
260540147,2006-02-23,21:05,2006,regular,,final,Montana State,Portland State,147,2502,82,88,,Big Sky,Big Sky,,,,,,
260540149,2006-02-23,21:05,2006,regular,,final,Montana,Eastern Washington,149,331,79,54,,Big Sky,Big Sky,,,,,,
260540304,2006-02-23,21:05,2006,regular,,final,Idaho State,Weber State,304,2692,84,66,,Big Sky,Big Sky,,,,,,
260542287,2006-02-23,21:05,2006,regular,,final,Illinois State,Drake,2287,2181,64,61,,MVC,MVC,,,,,,
260540024,2006-02-23,22:00,2006,regular,,final,Stanford,Washington,24,264,100,69,,Pac-12,Pac-12,,,,,,
260540025,2006-02-23,22:00,2006,regular,,final,California,Washington State,25,265,61,51,,Pac-12,Pac-12,,,,,,
260540204,2006-02-23,22:00,2006,regular,,final,Oregon State,UCLA,204,26,59,72,,Pac-12,Pac-12,,,,,,
260540300,2006-02-23,22:00,2006,regular,,final,UC Irvine,UC Davis,300,302,53,56,,Big West,Big West,,,,,,
260540301,2006-02-23,22:00,2006,regular,,final,San Diego,Gonzaga,301,2250,51,58,,WCC,WCC,,,,,,
260542239,2006-02-23,22:00,2006,regular,,final,Cal State Fullerton,UC Santa Barbara,2239,2540,78,79,,Big West,Big West,,,,,,
260542351,2006-02-23,22:00,2006,regular,,final,Loyola Marymount,Santa Clara,2351,2541,89,74,,WCC,WCC,,,,,,
260542483,2006-02-23,22:00,2006,regular,,final,Oregon,USC,2483,30,64,69,,Pac-12,Pac-12,,,,,,
260542492,2006-02-23,22:00,2006,regular,,final,Pepperdine,Saint Mary's,2492,2608,69,64,,WCC,WCC,,,,,,
260542539,2006-02-23,22:00,2006,regular,,final,San Francisco,Portland,2539,2501,80,70,,WCC,WCC,,,,,,
260540299,2006-02-23,22:30,2006,regular,,final,Long Beach State,Cal State Northridge,299,2463,62,77,,Big West,Big West,,,,,,
260562569,2006-02-24,16:00,2006,regular,,final,South Carolina State,Hampton,2569,2261,67,66,,MEAC,MEAC,,,,,,
260552681,2006-02-24,17:00,2006,regular,,final,Wagner,LIU Brooklyn,2681,2341,50,61,,NEC,NEC,,,,,,
260552247,2006-02-24,18:00,2006,regular,,final,Georgia State,George Mason,2247,2244,70,83,,CAA,CAA,,,,,,
260552569,2006-02-24,18:00,2006,regular,,final,South Carolina State,Hampton,2569,2261,67,66,,MEAC,MEAC,,,,,,
260550043,2006-02-24,19:00,2006,regular,,final,Yale,Cornell,43,172,64,57,,Ivy,Ivy,,,,,,
260550103,2006-02-24,19:00,2006,regular,,final,Boston College,NC State,103,152,71,82,,ACC,ACC,,,,,,
260550108,2006-02-24,19:00,2006,regular,,final,Harvard,Pennsylvania,108,219,77,58,,Ivy,Ivy,,,,,,
260550111,2006-02-24,19:00,2006,regular,,final,Northeastern,James Madison,111,256,59,74,,CAA,CAA,,,,,,
260550151,2006-02-24,19:00,2006,regular,,final,East Carolina,Southern Miss,151,2572,56,71,,C-USA,C-USA,,,,,,
260550159,2006-02-24,19:00,2006,regular,,final,Dartmouth,Princeton,159,163,49,62,,Ivy,Ivy,,,,,,
260550161,2006-02-24,19:00,2006,regular,,final,Fairleigh Dickinson,Northern Colorado,161,2458,74,58,,NEC,Big Sky,,,,,,
260550179,2006-02-24,19:00,2006,regular,,final,St. Bonaventure,Richmond,179,257,75,72,,A 10,A 10,,,,,,
260550218,2006-02-24,19:00,2006,regular,,final,Temple,George Washington,218,45,50,55,,A 10,A 10,,,,,,
260550225,2006-02-24,19:00,2006,regular,,final,Brown,Columbia,225,171,69,48,,Ivy,Ivy,,,,,,
260550276,2006-02-24,19:00,2006,regular,,final,Marshall,UCF,276,2116,63,66,,C-USA,C-USA,,,,,,
260550282,2006-02-24,19:00,2006,regular,,final,Indiana State,Creighton,282,156,78,58,,MVC,MVC,,,,,,
260550295,2006-02-24,19:00,2006,regular,,final,Old Dominion,VCU,295,2670,94,66,,CAA,CAA,,,,,,
260550350,2006-02-24,19:00,2006,regular,,final,William & Mary,UNC Wilmington,2729,350,63,61,,CAA,CAA,,,,,,
260552168,2006-02-24,19:00,2006,regular,,final,Dayton,Duquesne,2168,2184,55,70,,A 10,A 10,,,,,,
260552182,2006-02-24,19:00,2006,regular,,final,Drexel,Delaware,2182,48,61,75,,CAA,CAA,,,,,,
260552275,2006-02-24,19:00,2006,regular,,final,Hofstra,Towson,2275,119,71,53,,CAA,CAA,,,,,,
260552325,2006-02-24,19:00,2006,regular,,final,La Salle,Fordham,2325,2230,68,76,,A 10,A 10,,,,,,
260552429,2006-02-24,19:00,2006,regular,,final,Charlotte,Rhode Island,2429,227,74,67,,A 10,A 10,,,,,,
260552752,2006-02-24,19:00,2006,regular,,final,Xavier,Saint Joseph's,2752,2603,63,52,,A 10,A 10,,,,,,
260552870,2006-02-24,19:00,2006,regular,,final,Purdue Fort Wayne,South Dakota State,2870,2571,52,72,,,,,,,,,
260550005,2006-02-24,20:00,2006,regular,,final,UAB,Rice,5,242,69,83,,C-USA,C-USA,,,,,,
260550202,2006-02-24,20:00,2006,regular,,final,Tulsa,Tulane,202,2655,74,63,,C-USA,C-USA,,,,,,
260550235,2006-02-24,20:00,2006,regular,,final,Memphis,Houston,235,248,62,70,,C-USA,C-USA,,,,,,
260552567,2006-02-24,20:00,2006,regular,,final,SMU,UTEP,2567,2638,59,46,,C-USA,C-USA,,,,,,
260550071,2006-02-24,20:05,2006,regular,,final,Bradley,Wichita State,71,2724,85,79,,MVC,MVC,,,,,,
260552460,2006-02-24,20:05,2006,regular,,final,Northern Iowa,Missouri State,2460,2623,66,47,,MVC,MVC,,,,,,
260553081,2006-02-24,21:05,2006,regular,,final,Utah Valley,North Dakota State,3084,2449,76,57,,,,,,,,,
260562426,2006-02-25,12:00,2006,regular,,final,Navy,Colgate,2426,2142,65,60,,Patriot,Patriot,,,,,,
260562305,2006-02-25,12:05,2006,regular,,final,Kansas,Missouri,2305,142,81,71,,Big 12,Big 12,,,,,,
260560107,2006-02-25,13:00,2006,regular,,final,Holy Cross,Lehigh,107,2329,72,65,,Patriot,Patriot,,,,,,
260560160,2006-02-25,13:00,2006,regular,,final,New Hampshire,Boston University,160,104,76,63,,Am. East,Am. East,,,,,,
260560183,2006-02-25,13:00,2006,regular,,final,Syracuse,St. John's,183,2599,53,72,,Big East,Big East,,,,,,
260560195,2006-02-25,13:00,2006,regular,,final,Ohio,Bowling Green,195,189,61,65,,MAC,MAC,,,,,,
260560294,2006-02-25,13:00,2006,regular,,final,Jacksonville,Belmont,294,2057,59,66,,ASUN,ASUN,,,,,,
260562066,2006-02-25,13:00,2006,regular,,final,Binghamton,UMBC,2066,2378,61,52,,Am. East,Am. East,,,,,,
260562542,2006-02-25,13:00,2006,regular,,final,Savannah State,Bethune-Cookman,2542,2065,79,75,,,MEAC,,,,,,
260562174,2006-02-25,13:30,2006,regular,,final,Detroit Mercy,UIC,2174,82,62,67,,Horizon,Horizon,,,,,,
260560047,2006-02-25,14:00,2006,regular,,final,Howard,Coppin State,47,2154,67,83,,MEAC,MEAC,,,,,,
260560050,2006-02-25,14:00,2006,regular,,final,Florida A&M,Delaware State,50,2169,50,65,,MEAC,MEAC,,,,,,
260560153,2006-02-25,14:00,2006,regular,,final,North Carolina,Duke,153,150,77,65,,ACC,ACC,,,,,,
260560221,2006-02-25,14:00,2006,regular,,final,Pittsburgh,Rutgers,221,164,50,65,,Big East,Big East,,,,,,
260560222,2006-02-25,14:00,2006,regular,,final,Villanova,Georgetown,222,46,67,50,,Big East,Big East,,,,,,
260562084,2006-02-25,14:00,2006,regular,,final,Buffalo,Akron,2084,2006,72,62,,MAC,MAC,,,,,,
260562086,2006-02-25,14:00,2006,regular,,final,Butler,Green Bay,2086,2739,67,79,,Horizon,Horizon,,,,,,
260562117,2006-02-25,14:00,2006,regular,,final,Central Michigan,Toledo,2117,2649,54,51,,MAC,MAC,,,,,,
260562127,2006-02-25,14:00,2006,regular,,final,Charleston Southern,Winthrop,2127,2737,50,58,,Big South,Big South,,,,,,
260562132,2006-02-25,14:00,2006,regular,,final,Cincinnati,Notre Dame,2132,87,66,75,,Big East,Big East,,,,,,
260562193,2006-02-25,14:00,2006,regular,,final,East Tennessee State,Stetson,2193,56,80,59,,ASUN,ASUN,,,,,,
260562210,2006-02-25,14:00,2006,regular,,final,Elon,Appalachian State,2210,2026,53,61,,Southern,Southern,,,,,,
260562296,2006-02-25,14:00,2006,regular,,final,Jackson State,Mississippi Valley State,2296,2400,68,69,,SWAC,SWAC,,,,,,
260562350,2006-02-25,14:00,2006,regular,,final,Loyola Chicago,Milwaukee,2350,270,66,78,,Horizon,Horizon,,,,,,
260562379,2006-02-25,14:00,2006,regular,,final,Maryland-Eastern Shore,Morgan State,2379,2415,74,59,,MEAC,MEAC,,,,,,
260562427,2006-02-25,14:00,2006,regular,,final,UNC Asheville,Liberty,2427,2335,60,67,,Big South,Big South,,,,,,
260562448,2006-02-25,14:00,2006,regular,,final,North Carolina A&T,Norfolk State,2448,2450,57,59,,MEAC,MEAC,,,,,,
260562454,2006-02-25,14:00,2006,regular,,final,North Florida,Lipscomb,2454,288,65,54,,ASUN,ASUN,,,,,,
260562507,2006-02-25,14:00,2006,regular,,final,Providence,DePaul,2507,305,68,74,,Big East,Big East,,,,,,
260562550,2006-02-25,14:00,2006,regular,,final,Seton Hall,Louisville,2550,97,45,65,,Big East,Big East,,,,,,
260562619,2006-02-25,14:00,2006,regular,,final,Stony Brook,Albany,2619,399,80,71,,Am. East,Am. East,,,,,,
260560140,2006-02-25,15:00,2006,regular,,final,Kansas City,Valparaiso,140,2674,69,63,,,MVC,,,,,,
260560250,2006-02-25,15:00,2006,regular,,final,UT Arlington,SE Louisiana,250,2545,58,33,,WAC,,,,,,,
260560290,2006-02-25,15:00,2006,regular,,final,Georgia Southern,Charleston,290,232,65,61,,Southern,Southern,,,,,,
260562130,2006-02-25,15:00,2006,regular,,final,Chicago State,Oakland,2130,2473,70,59,,,Horizon,,,,,,
260562198,2006-02-25,15:00,2006,regular,,final,Eastern Kentucky,Tennessee State,2198,2634,78,68,,ASUN,,,,,,,
260562272,2006-02-25,15:00,2006,regular,,final,High Point,Coastal Carolina,2272,324,51,62,,Big South,Big South,,,,,,
260562306,2006-02-25,15:00,2006,regular,,final,Kansas State,Baylor,2306,239,70,79,,Big 12,Big 12,,,,,,
260562405,2006-02-25,15:00,2006,regular,,final,Monmouth,St. Francis Brooklyn,2405,2597,58,46,,NEC,NEC,,,,,,
260562515,2006-02-25,15:00,2006,regular,,final,Radford,Birmingham-Southern,2515,3,60,56,,Big South,Big South,,,,,,
260562529,2006-02-25,15:00,2006,regular,,final,Sacred Heart,Quinnipiac,2529,2514,87,64,,NEC,NEC,,,,,,
260560198,2006-02-25,15:05,2006,regular,,final,Oral Roberts,Centenary,198,2113,70,43,,,,,,,,,
260560036,2006-02-25,16:00,2006,regular,,final,Colorado State,Wyoming,36,2751,71,78,,Mountain West,Mountain West,,,,,,
260560042,2006-02-25,16:00,2006,regular,,final,Hartford,Maine,42,311,65,41,,Am. East,Am. East,,,,,,
260560252,2006-02-25,16:00,2006,regular,,final,BYU,TCU,252,2628,73,56,,Mountain West,Mountain West,,,,,,
260560322,2006-02-25,16:00,2006,regular,,final,Lafayette,American University,322,44,73,66,,Patriot,Patriot,,,,,,
260562083,2006-02-25,16:00,2006,regular,,final,Bucknell,Army,2083,349,60,47,,Patriot,Patriot,,,,,,
260562115,2006-02-25,16:00,2006,regular,,final,Central Connecticut,St. Francis (PA),2115,2598,82,66,,NEC,NEC,,,,,,
260562344,2006-02-25,16:00,2006,regular,,final,Longwood,Texas A&M-Corpus Christi,2344,357,56,70,,,,,,,,,
260562377,2006-02-25,16:00,2006,regular,,final,McNeese,Northwestern State,2377,2466,72,51,,,,,,,,,
260562430,2006-02-25,16:00,2006,regular,,final,UNC Greensboro,Western Carolina,2430,2717,72,57,,Southern,Southern,,,,,,
260560016,2006-02-25,16:05,2006,regular,,final,Sacramento State,Northern Arizona,16,2464,61,59,,Big Sky,Big Sky,,,,,,
260560147,2006-02-25,16:05,2006,regular,,final,Montana State,Eastern Washington,147,331,56,63,,Big Sky,Big Sky,,,,,,
260560098,2006-02-25,16:30,2006,regular,,final,Western Kentucky,Middle Tennessee,98,2393,70,63,,Sun Belt,Sun Belt,,,,,,
260560021,2006-02-25,17:00,2006,regular,,final,San Diego State,New Mexico,21,167,48,75,,Mountain West,Mountain West,,,,,,
260560024,2006-02-25,17:00,2006,regular,,final,Stanford,Washington State,24,265,78,47,,Pac-12,Pac-12,,,,,,
260560299,2006-02-25,17:00,2006,regular,,final,Long Beach State,UC Davis,299,302,78,62,,Big West,Big West,,,,,,
260560301,2006-02-25,17:00,2006,regular,,final,San Diego,Portland,301,2501,71,60,,WCC,WCC,,,,,,
260560326,2006-02-25,17:00,2006,regular,,final,Texas State,Stephen F. Austin,326,2617,54,60,,Sun Belt,WAC,,,,,,
260562239,2006-02-25,17:00,2006,regular,,final,Cal State Fullerton,Cal Poly,2239,13,76,67,,Big West,Big West,,,,,,
260562351,2006-02-25,17:00,2006,regular,,final,Loyola Marymount,Saint Mary's,2351,2608,58,66,,WCC,WCC,,,,,,
260562492,2006-02-25,17:00,2006,regular,,final,Pepperdine,Santa Clara,2492,2541,74,77,,WCC,WCC,,,,,,
260562523,2006-02-25,17:00,2006,regular,,final,Robert Morris,Mount St. Mary's,2523,116,76,58,,NEC,NEC,,,,,,
260562539,2006-02-25,17:00,2006,regular,,final,San Francisco,Gonzaga,2539,2250,53,71,,WCC,WCC,,,,,,
260562636,2006-02-25,17:00,2006,regular,,final,UTSA,Sam Houston,2636,2534,72,52,,C-USA,WAC,,,,,,
260562747,2006-02-25,17:00,2006,regular,,final,Wofford,Chattanooga,2747,236,61,96,,Southern,Southern,,,,,,
260562413,2006-02-25,17:30,2006,regular,,final,Morehead State,Austin Peay,2413,2046,64,52,,,ASUN,,,,,,
260560009,2006-02-25,18:00,2006,regular,,final,Arizona State,Arizona,9,12,81,45,,Pac-12,Pac-12,,,,,,
260560025,2006-02-25,18:00,2006,regular,,final,California,Washington,25,264,81,58,,Pac-12,Pac-12,,,,,,
260560108,2006-02-25,18:00,2006,regular,,final,Harvard,Princeton,108,163,57,69,,Ivy,Ivy,,,,,,
260562483,2006-02-25,18:00,2006,regular,,final,Oregon,UCLA,2483,26,65,66,,Pac-12,Pac-12,,,,,,
260562546,2006-02-25,18:00,2006,regular,,final,Southeast Missouri State,Jacksonville,2546,294,87,72,,,ASUN,,,,,,
260560093,2006-02-25,18:15,2006,regular,,final,Murray State,UT Martin,93,2630,58,45,,MVC,,,,,,,
260562653,2006-02-25,18:15,2006,regular,,final,Troy,Denver,2653,2172,50,63,,Sun Belt,Sun Belt,,,,,,
260560328,2006-02-25,18:30,2006,regular,,final,Utah State,Nevada,328,2440,51,67,,WAC,WAC,,,,,,
260562011,2006-02-25,18:30,2006,regular,,final,Texas Southern,Alabama State,2640,2011,55,51,,SWAC,SWAC,,,,,,
260562016,2006-02-25,18:30,2006,regular,,final,Alcorn State,Southern,2016,2582,62,69,,SWAC,SWAC,,,,,,
260562504,2006-02-25,18:30,2006,regular,,final,Prairie View A&M,Alabama A&M,2504,2010,60,50,,SWAC,SWAC,,,,,,
260562755,2006-02-25,18:30,2006,regular,,final,Grambling,Arkansas-Pine Bluff,2755,2029,81,71,,SWAC,SWAC,,,,,,
260560006,2006-02-25,19:00,2006,regular,,final,South Alabama,North Texas,6,249,39,60,,Sun Belt,Sun Belt,,,,,,
260560041,2006-02-25,19:00,2006,regular,,final,UConn,Marquette,41,269,74,59,,Big East,Big East,,,,,,
260560043,2006-02-25,19:00,2006,regular,,final,Yale,Columbia,43,171,57,59,,Ivy,Ivy,,,,,,
260560058,2006-02-25,19:00,2006,regular,,final,South Florida,West Virginia,58,277,66,56,,Big East,Big East,,,,,,
260560159,2006-02-25,19:00,2006,regular,,final,Dartmouth,Pennsylvania,159,219,67,45,,Ivy,Ivy,,,,,,
260560225,2006-02-25,19:00,2006,regular,,final,Brown,Cornell,225,172,65,52,,Ivy,Ivy,,,,,,
260562199,2006-02-25,19:00,2006,regular,,final,Eastern Michigan,Ball State,2199,2050,69,58,,MAC,MAC,,,,,,
260562217,2006-02-25,19:00,2006,regular,,final,Fairfield,Loyola Maryland,2217,2352,72,78,,MAAC,MAAC,,,,,,
260562226,2006-02-25,19:00,2006,regular,,final,Florida Atlantic,Campbell,2226,2097,74,58,,ASUN,ASUN,,,,,,
260562309,2006-02-25,19:00,2006,regular,,final,Kent State,Miami (OH),2309,193,63,48,,MAC,MAC,,,,,,
260560027,2006-02-25,19:05,2006,regular,,final,UC Riverside,UC Santa Barbara,27,2540,48,45,,Big West,Big West,,,,,,
260562197,2006-02-25,19:05,2006,regular,,final,Eastern Illinois,Samford,2197,2535,74,76,,,Southern,,,,,,
260560253,2006-02-25,19:15,2006,regular,,final,Southern Utah,IUPUI,253,85,58,55,,WAC,Horizon,,,,,,
260560309,2006-02-25,20:00,2006,regular,,final,Louisiana,Little Rock,309,2031,55,53,,Sun Belt,Sun Belt,,,,,,
260562320,2006-02-25,20:00,2006,regular,,final,Lamar,UL Monroe,2320,2433,55,64,,,Sun Belt,,,,,,
260562032,2006-02-25,20:05,2006,regular,,final,Arkansas State,New Orleans,2032,2443,86,42,,Sun Belt,Sun Belt,,,,,,
260560149,2006-02-25,21:05,2006,regular,,final,Montana,Portland State,149,2502,89,77,,Big Sky,Big Sky,,,,,,
260560070,2006-02-25,22:00,2006,regular,,final,Idaho,New Mexico State,70,166,55,56,,WAC,WAC,,,,,,
260560204,2006-02-25,22:00,2006,regular,,final,Oregon State,USC,204,30,67,64,,Pac-12,Pac-12,,,,,,
260562439,2006-02-25,22:00,2006,regular,,final,UNLV,Air Force,2439,2005,80,62,,Mountain West,Mountain West,,,,,,
260562463,2006-02-25,22:00,2006,regular,,final,Cal State Northridge,Pacific,2463,279,80,59,,Big West,Big West,,,,,,
260560062,2006-02-26,00:00,2006,regular,,final,Hawai'i,San José State,62,23,57,49,,WAC,WAC,,,,,,
260572230,2006-02-26,12:00,2006,regular,,final,Fordham,Saint Louis,2230,139,70,58,,A 10,A 10,,,,,,
260570048,2006-02-26,13:00,2006,regular,,final,Delaware,Northeastern,48,111,73,51,,CAA,CAA,,,,,,
260570052,2006-02-26,13:00,2006,regular,,final,Florida State,Boston College,52,103,71,60,,ACC,ACC,,,,,,
260570096,2006-02-26,13:00,2006,regular,,final,Kentucky,Alabama,96,333,80,60,,SEC,SEC,,,,,,
260570151,2006-02-26,13:00,2006,regular,,final,East Carolina,UCF,151,2116,65,44,,C-USA,C-USA,,,,,,
260570276,2006-02-26,13:00,2006,regular,,final,Marshall,Southern Miss,276,2572,66,53,,C-USA,C-USA,,,,,,
260570338,2006-02-26,13:00,2006,regular,,final,Kennesaw State,Mercer,338,2382,75,65,,ASUN,ASUN,,,,,,
260572390,2006-02-26,13:00,2006,regular,,final,Miami,Georgia Tech,2390,59,90,85,,ACC,ACC,,,,,,
260572520,2006-02-26,13:00,2006,regular,,final,Rider,Marist,2520,2368,40,72,,MAAC,MAAC,,,,,,
260572870,2006-02-26,13:00,2006,regular,,final,Purdue Fort Wayne,North Dakota State,2870,2449,77,64,,,,,,,,,
260572294,2006-02-26,13:05,2006,regular,,final,Iowa,Indiana,2294,84,78,70,,Big Ten,Big Ten,,,,,,
260570045,2006-02-26,14:00,2006,regular,,final,George Washington,Charlotte,45,2429,69,65,,A 10,A 10,,,,,,
260570113,2006-02-26,14:00,2006,regular,,final,UMass,La Salle,113,2325,63,55,,A 10,A 10,,,,,,
260570120,2006-02-26,14:00,2006,regular,,final,Maryland,Northern Colorado,120,2458,89,53,,ACC,Big Sky,,,,,,
260570130,2006-02-26,14:00,2006,regular,,final,Michigan,Illinois,130,356,57,67,,Big Ten,Big Ten,,,,,,
260570201,2006-02-26,14:00,2006,regular,,final,Oklahoma,Nebraska,201,158,73,45,,Big 12,Big 12,,,,,,
260570213,2006-02-26,14:00,2006,regular,,final,Penn State,Ohio State,213,194,59,61,,Big Ten,Big Ten,,,,,,
260570227,2006-02-26,14:00,2006,regular,,final,Rhode Island,Temple,227,218,79,91,,A 10,A 10,,,,,,
260570256,2006-02-26,14:00,2006,regular,,final,James Madison,Georgia State,256,2247,79,54,,CAA,CAA,,,,,,
260570257,2006-02-26,14:00,2006,regular,,final,Richmond,Saint Joseph's,257,2603,56,76,,A 10,A 10,,,,,,
260570258,2006-02-26,14:00,2006,regular,,final,Virginia,Clemson,258,228,83,64,,ACC,ACC,,,,,,
260570259,2006-02-26,14:00,2006,regular,,final,Virginia Tech,Wake Forest,259,154,76,42,,ACC,ACC,,,,,,
260570295,2006-02-26,14:00,2006,regular,,final,Old Dominion,William & Mary,295,2729,85,33,,CAA,CAA,,,,,,
260570315,2006-02-26,14:00,2006,regular,,final,Niagara,Canisius,315,2099,65,76,,MAAC,MAAC,,,,,,
260572182,2006-02-26,14:00,2006,regular,,final,Drexel,Hofstra,2182,2275,69,46,,CAA,CAA,,,,,,
260572612,2006-02-26,14:00,2006,regular,,final,Saint Peter's,Siena,2612,2561,58,45,,MAAC,MAAC,,,,,,
260572670,2006-02-26,14:00,2006,regular,,final,VCU,UNC Wilmington,2670,350,67,71,,CAA,CAA,,,,,,
260572752,2006-02-26,14:00,2006,regular,,final,Xavier,Dayton,2752,2168,71,64,,A 10,A 10,,,,,,
260572184,2006-02-26,14:05,2006,regular,,final,Duquesne,St. Bonaventure,2184,179,66,49,,A 10,A 10,,,,,,
260572459,2006-02-26,14:05,2006,regular,,final,Northern Illinois,Western Michigan,2459,2711,86,89,,MAC,MAC,,,,,,
260570061,2006-02-26,14:30,2006,regular,,final,Georgia,Auburn,61,2,74,61,,SEC,SEC,,,,,,
260570005,2006-02-26,15:00,2006,regular,,final,UAB,Houston,5,248,71,74,,C-USA,C-USA,,,,,,
260570068,2006-02-26,15:00,2006,regular,,final,Boise State,Fresno State,68,278,55,65,,WAC,WAC,,,,,,
260570099,2006-02-26,15:00,2006,regular,,final,LSU,Mississippi State,99,344,62,48,,SEC,SEC,,,,,,
260570135,2006-02-26,15:00,2006,regular,,final,Minnesota,Northwestern,135,77,71,33,,Big Ten,Big Ten,,,,,,
260570145,2006-02-26,15:00,2006,regular,,final,Ole Miss,Arkansas,145,8,85,78,,SEC,SEC,,,,,,
260570202,2006-02-26,15:00,2006,regular,,final,Tulsa,UTEP,202,2638,64,48,,C-USA,C-USA,,,,,,
260570235,2006-02-26,15:00,2006,regular,,final,Memphis,Rice,235,242,56,72,,C-USA,C-USA,,,,,,
260570238,2006-02-26,15:00,2006,regular,,final,Vanderbilt,South Carolina,238,2579,88,71,,SEC,SEC,,,,,,
260570282,2006-02-26,15:00,2006,regular,,final,Indiana State,Drake,282,2181,65,70,,MVC,MVC,,,,,,
260572166,2006-02-26,15:00,2006,regular,,final,Davidson,Furman,2166,231,65,58,,Southern,Southern,,,,,,
260572244,2006-02-26,15:00,2006,regular,,final,George Mason,Towson,2244,119,50,45,,CAA,CAA,,,,,,
260572567,2006-02-26,15:00,2006,regular,,final,SMU,Tulane,2567,2655,58,71,,C-USA,C-USA,,,,,,
260572633,2006-02-26,15:00,2006,regular,,final,Tennessee,Florida,2633,57,93,95,,SEC,SEC,,,,,,
260570071,2006-02-26,15:05,2006,regular,,final,Bradley,Missouri State,71,2623,70,63,,MVC,MVC,,,,,,
260570079,2006-02-26,15:05,2006,regular,,final,Southern Illinois,Evansville,79,339,63,66,,MVC,MVC,,,,,,
260572287,2006-02-26,15:05,2006,regular,,final,Illinois State,Creighton,2287,156,75,61,,MVC,MVC,,,,,,
260572460,2006-02-26,15:05,2006,regular,,final,Northern Iowa,Wichita State,2460,2724,70,64,,MVC,MVC,,,,,,
260570245,2006-02-26,15:30,2006,regular,,final,Texas A&M,Iowa State,245,66,64,53,,Big 12,Big 12,,,,,,
260570038,2006-02-26,16:00,2006,regular,,final,Colorado,Oklahoma State,38,197,73,62,,Big 12,Big 12,,,,,,
260570251,2006-02-26,16:00,2006,regular,,final,Texas,Texas Tech,251,2641,46,58,,Big 12,Big 12,,,,,,
260572363,2006-02-26,16:00,2006,regular,,final,Manhattan,Iona,2363,314,64,74,,MAAC,MAAC,,,,,,
260570275,2006-02-26,20:00,2006,regular,,final,Wisconsin,Purdue,275,2509,63,66,,Big Ten,Big Ten,,,,,,
260582640,2006-02-27,15:30,2006,regular,,final,Texas Southern,Alabama A&M,2640,2010,73,57,,SWAC,SWAC,,,,,,
260582514,2006-02-27,17:00,2006,regular,,final,Quinnipiac,Robert Morris,2514,2523,53,46,,NEC,NEC,,,,,,
260582065,2006-02-27,17:30,2006,regular,,final,Bethune-Cookman,Delaware State,2065,2169,47,48,,MEAC,MEAC,,,,,,
260582379,2006-02-27,17:30,2006,regular,,final,Maryland-Eastern Shore,Coppin State,2379,2154,60,65,,MEAC,MEAC,,,,,,
260582448,2006-02-27,17:30,2006,regular,,final,North Carolina A&T,Hampton,2448,2261,63,60,,MEAC,MEAC,,,,,,
260582569,2006-02-27,17:30,2006,regular,,final,South Carolina State,Norfolk State,2569,2450,71,55,,MEAC,MEAC,,,,,,
260580047,2006-02-27,18:00,2006,regular,,final,Howard,Morgan State,47,2415,79,59,,MEAC,MEAC,,,,,,
260582296,2006-02-27,18:30,2006,regular,,final,Jackson State,Arkansas-Pine Bluff,2296,2029,60,58,,SWAC,SWAC,,,,,,
260582504,2006-02-27,18:30,2006,regular,,final,Prairie View A&M,Alabama State,2504,2011,57,61,,SWAC,SWAC,,,,,,
260582755,2006-02-27,18:30,2006,regular,,final,Grambling,Mississippi Valley State,2755,2400,73,79,,SWAC,SWAC,,,,,,
260580085,2006-02-27,19:00,2006,regular,,final,IUPUI,Chicago State,85,2130,55,46,,Horizon,,,,,,,
260580324,2006-02-27,19:00,2006,regular,,final,Coastal Carolina,Winthrop,324,2737,44,54,,Big South,Big South,,,,,,
260582229,2006-02-27,19:00,2006,regular,,final,Florida International,Middle Tennessee,2229,2393,73,57,,Sun Belt,Sun Belt,,,,,,
260582335,2006-02-27,19:00,2006,regular,,final,Liberty,Birmingham-Southern,2335,3,60,47,,Big South,Big South,,,,,,
260582598,2006-02-27,19:00,2006,regular,,final,St. Francis (PA),Mount St. Mary's,2598,116,82,77,,NEC,NEC,,,,,,
260580164,2006-02-27,19:30,2006,regular,,final,Rutgers,UConn,164,41,48,42,,Big East,Big East,,,,,,
260582710,2006-02-27,20:00,2006,regular,,final,Western Illinois,Kansas City,2710,140,61,70,,,,,,,,,
260580198,2006-02-27,20:05,2006,regular,,final,Oral Roberts,Valparaiso,198,2674,53,31,,,MVC,,,,,,
260580253,2006-02-27,21:05,2006,regular,,final,Southern Utah,Oakland,253,2473,73,58,,WAC,Horizon,,,,,,
260580070,2006-02-27,22:00,2006,regular,,final,Idaho,Louisiana Tech,70,2348,40,55,,WAC,WAC,,,,,,
260580204,2006-02-27,22:00,2006,regular,,final,Oregon State,UT Rio Grande Valley,204,292,79,34,,Pac-12,,,,,,,
260592350,2006-02-28,17:45,2006,regular,,final,Loyola Chicago,Cleveland State,2350,325,85,82,,Horizon,Horizon,,,,,,HORIZON LEAGUE TOURNAMENT
260592535,2006-02-28,18:30,2006,regular,,final,Samford,Jacksonville State,2535,55,58,56,,Southern,ASUN,,,,,,OHIO VALLEY CONF TR
260592635,2006-02-28,18:30,2006,regular,,final,Tennessee Tech,Eastern Illinois,2635,2197,83,69,,,,,,,,,OHIO VALLEY CONF TR
260590087,2006-02-28,19:00,2006,regular,,final,Notre Dame,Pittsburgh,87,221,72,65,,Big East,Big East,,,,,,
260590097,2006-02-28,19:00,2006,regular,,final,Louisville,Providence,97,2507,75,64,,Big East,Big East,,,,,,
260590161,2006-02-28,19:00,2006,regular,,final,Fairleigh Dickinson,Wagner,161,2681,57,55,,NEC,NEC,,,,,,
260590193,2006-02-28,19:00,2006,regular,,final,Miami (OH),Bowling Green,193,189,59,71,,MAC,MAC,,,,,,
260592006,2006-02-28,19:00,2006,regular,,final,Akron,Ohio,2006,195,56,66,,MAC,MAC,,,,,,
260592050,2006-02-28,19:00,2006,regular,,final,Ball State,Northern Illinois,2050,2459,65,53,,MAC,MAC,,,,,,
260592084,2006-02-28,19:00,2006,regular,,final,Buffalo,Kent State,2084,2309,59,73,,MAC,MAC,,,,,,
260592115,2006-02-28,19:00,2006,regular,,final,Central Connecticut,LIU Brooklyn,2115,2341,50,49,,NEC,NEC,,,,,,
260592241,2006-02-28,19:00,2006,regular,,final,Gardner-Webb,Kennesaw State,2241,338,91,88,,ASUN,ASUN,,,,,,
260592378,2006-02-28,19:00,2006,regular,,final,UMBC,Stony Brook,2378,2619,46,62,,Am. East,Am. East,,,,,,
260592405,2006-02-28,19:00,2006,regular,,final,Monmouth,Sacred Heart,2405,2529,63,64,,NEC,NEC,,,,,,
260592599,2006-02-28,19:00,2006,regular,,final,St. John's,Seton Hall,2599,2550,85,54,,Big East,Big East,,,,,,
260590046,2006-02-28,19:30,2006,regular,,final,Georgetown,South Florida,46,58,57,71,,Big East,Big East,,,,,,
260590277,2006-02-28,19:30,2006,regular,,final,West Virginia,Villanova,277,222,56,69,,Big East,Big East,,,,,,
260592466,2006-02-28,19:30,2006,regular,,final,Northwestern State,Texas State,2466,326,79,88,,,Sun Belt,,,,,,
260590269,2006-02-28,20:00,2006,regular,,final,Marquette,Cincinnati,269,2132,66,48,,Big East,Big East,,,,,,
260590288,2006-02-28,20:00,2006,regular,,final,Lipscomb,Belmont,288,2057,64,72,,ASUN,ASUN,,,,,,
260590305,2006-02-28,20:00,2006,regular,,final,DePaul,Syracuse,305,183,82,57,,Big East,Big East,,,,,,
260592046,2006-02-28,20:00,2006,regular,,final,Austin Peay,Morehead State,2046,2413,78,81,,ASUN,,,,,,,OHIO VALLEY CONF TR
260592546,2006-02-28,20:00,2006,regular,,final,Southeast Missouri State,Murray State,2546,93,80,49,,,MVC,,,,,,OHIO VALLEY CONF TR
260590027,2006-02-28,22:10,2006,regular,,final,UC Riverside,South Dakota State,27,2571,83,71,,Big West,,,,,,,
260602415,2006-03-01,17:30,2006,regular,,final,Morgan State,Delaware State,2415,2169,43,61,,MEAC,MEAC,,,,,,
260602448,2006-03-01,17:30,2006,regular,,final,North Carolina A&T,Howard,2448,47,88,74,,MEAC,MEAC,,,,,,
260602569,2006-03-01,17:30,2006,regular,,final,South Carolina State,Maryland-Eastern Shore,2569,2379,58,65,,MEAC,MEAC,,,,,,
260602870,2006-03-01,17:30,2006,regular,,final,Purdue Fort Wayne,Utah Valley,2870,3084,84,60,,,,,,,,,
260602261,2006-03-01,18:00,2006,regular,,final,Hampton,Florida A&M,2261,50,57,58,,MEAC,MEAC,,,,,,
260600261,2006-03-01,19:00,2006,regular,,final,Vermont,New Hampshire,261,160,57,54,,Am. East,Am. East,,,,,,
260600399,2006-03-01,19:00,2006,regular,,final,Albany,Binghamton,399,2066,56,77,,Am. East,Am. East,,,,,,
260602086,2006-03-01,19:00,2006,regular,,final,Butler,Detroit Mercy,2086,2174,58,45,,Horizon,Horizon,,,,,,HORIZON LEAGUE TOURNAMENT
260602199,2006-03-01,19:00,2006,regular,,final,Eastern Michigan,Central Michigan,2199,2117,59,51,,MAC,MAC,,,,,,
260602272,2006-03-01,19:00,2006,regular,,final,High Point,Charleston Southern,2272,2127,87,63,,Big South,Big South,,,,,,
260602450,2006-03-01,19:00,2006,regular,,final,Norfolk State,Bethune-Cookman,2450,2065,59,66,,MEAC,MEAC,,,,,,
260602515,2006-03-01,19:00,2006,regular,,final,Radford,UNC Asheville,2515,2427,76,52,,Big South,Big South,,,,,,
260602711,2006-03-01,19:00,2006,regular,,final,Western Michigan,Toledo,2711,2649,87,86,,MAC,MAC,,,,,,
260600311,2006-03-01,19:30,2006,regular,,final,Maine,Boston University,311,104,69,66,,Am. East,Am. East,,,,,,
260602447,2006-03-01,19:30,2006,regular,,final,Nicholls,Lamar,2447,2320,60,78,,,,,,,,,
260600142,2006-03-01,20:00,2006,regular,,final,Missouri,Nebraska,142,158,62,75,,Big 12,Big 12,,,,,,
260600197,2006-03-01,20:00,2006,regular,,final,Oklahoma State,Texas A&M,197,245,47,65,,Big 12,Big 12,,,,,,
260600339,2006-03-01,20:00,2006,regular,,final,Evansville,Illinois State,339,2287,66,79,,MVC,MVC,,,,,,
260602433,2006-03-01,20:00,2006,regular,,final,UL Monroe,Stephen F. Austin,2433,2617,62,65,,Sun Belt,WAC,,,,,,
260602534,2006-03-01,20:00,2006,regular,,final,Sam Houston,UT Arlington,2534,250,44,61,,WAC,WAC,,,,,,
260602641,2006-03-01,20:00,2006,regular,,final,Texas Tech,Oklahoma,2641,201,59,60,,Big 12,Big 12,,,,,,
260600251,2006-03-01,20:30,2006,regular,,final,Texas,Baylor,251,239,64,72,,Big 12,Big 12,,,,,,
260610103,2006-03-02,11:00,2006,regular,,final,Boston College,Virginia,103,258,54,57,,ACC,ACC,,,,,,ACC TOURNAMENT AT GREENSBORO NC
260612612,2006-03-02,12:00,2006,regular,,final,Saint Peter's,Niagara,2612,315,59,65,,MAAC,MAAC,,,,,,MAAC TOURNAMENT AT ALBANY NY
260610145,2006-03-02,13:00,2006,regular,,final,Ole Miss,Arkansas,145,8,94,64,,SEC,SEC,,,,,,SEC TOURNAMENT AT NORTH LITTLE ROCK AR
260610151,2006-03-02,14:00,2006,regular,,final,East Carolina,UAB,151,5,47,46,,C-USA,C-USA,,,,,,CONFERENCE USA TOURNAMENT AT DALLAS TX
260612561,2006-03-02,14:00,2006,regular,,final,Siena,Fairfield,2561,2217,59,60,,MAAC,MAAC,,,,,,MAAC TOURNAMENT AT ALBANY NY
260610006,2006-03-02,14:30,2006,regular,,final,South Alabama,Little Rock,6,2031,48,34,,Sun Belt,Sun Belt,,,,,,SUN BELT TOURNAMENT AT MURFREESBORO TN
260610232,2006-03-02,14:30,2006,regular,,final,Charleston,Furman,232,231,63,66,,Southern,Southern,,,,,,SOUTHERN CONF TR AT CHARLESTON SC
260610213,2006-03-02,15:00,2006,regular,,final,Penn State,Wisconsin,213,275,80,73,,Big Ten,Big Ten,,,,,,BIG 10 TOURNAMENT AT INDIANAPOLIS IN
260612351,2006-03-02,15:00,2006,regular,,final,Loyola Marymount,San Diego,2351,301,61,56,,WCC,WCC,,,,,,WEST COAST CONF TR AT SPOKANE WA
260612579,2006-03-02,15:30,2006,regular,,final,South Carolina,Auburn,2579,2,48,64,,SEC,SEC,,,,,,SEC TOURNAMENT AT NORTH LITTLE ROCK AR
260610152,2006-03-02,16:00,2006,regular,,final,NC State,Clemson,152,228,67,53,,ACC,ACC,,,,,,ACC TOURNAMENT AT GREENSBORO NC
260612363,2006-03-02,16:00,2006,regular,,final,Manhattan,Rider,2363,2520,89,52,,MAAC,MAAC,,,,,,MAAC TOURNAMENT AT ALBANY NY
260610276,2006-03-02,16:30,2006,regular,,final,Marshall,Memphis,276,235,80,73,,C-USA,C-USA,,,,,,CONFERENCE USA TOURNAMENT AT DALLAS TX
260610290,2006-03-02,17:00,2006,regular,,final,Georgia Southern,Wofford,290,2747,77,66,,Southern,Southern,,,,,,SOUTHERN CONF TR AT CHARLESTON SC
260610356,2006-03-02,17:30,2006,regular,,final,Illinois,Northwestern,356,77,60,49,,Big Ten,Big Ten,,,,,,BIG 10 TOURNAMENT AT INDIANAPOLIS IN
260612083,2006-03-02,17:30,2006,regular,,final,Bucknell,Lehigh,2083,2329,64,54,,Patriot,Patriot,,,,,,PATRIOT LEAGUE TR AT WORCESTER MA
260612426,2006-03-02,17:30,2006,regular,,final,Navy,Colgate,2426,2142,55,60,,Patriot,Patriot,,,,,,PATRIOT LEAGUE TR AT WEST POINT NY
260612492,2006-03-02,17:30,2006,regular,,final,Pepperdine,Saint Mary's,2492,2608,70,58,,WCC,WCC,,,,,,WEST COAST CONF TR AT SPOKANE WA
260612032,2006-03-02,18:00,2006,regular,,final,Arkansas State,Troy,2032,2653,68,62,,Sun Belt,Sun Belt,,,,,,SUN BELT TOURNAMENT AT MURFREESBORO TN
260612247,2006-03-02,18:00,2006,regular,,final,Georgia State,VCU,2247,2670,80,82,,CAA,CAA,,,,,,
260612010,2006-03-02,18:30,2006,regular,,final,Alabama A&M,Jackson State,2010,2296,50,71,,SWAC,SWAC,,,,,,
260612016,2006-03-02,18:30,2006,regular,,final,Alcorn State,Texas Southern,2016,2640,69,43,,SWAC,SWAC,,,,,,
260612029,2006-03-02,18:30,2006,regular,,final,Arkansas-Pine Bluff,Mississippi Valley State,2029,2400,45,53,,SWAC,SWAC,,,,,,
260612582,2006-03-02,18:30,2006,regular,,final,Southern,Prairie View A&M,2582,2504,69,50,,SWAC,SWAC,,,,,,
260610048,2006-03-02,19:00,2006,regular,,final,Delaware,Hofstra,48,2275,77,58,,CAA,CAA,,,,,,
260610056,2006-03-02,19:00,2006,regular,,final,Stetson,North Florida,56,2454,66,60,,ASUN,ASUN,,,,,,
260610248,2006-03-02,19:00,2006,regular,,final,Houston,UTEP,248,2638,57,40,,C-USA,C-USA,,,,,,CONFERENCE USA TOURNAMENT AT DALLAS TX
260610256,2006-03-02,19:00,2006,regular,,final,James Madison,Old Dominion,256,295,75,68,,CAA,CAA,,,,,,
260610259,2006-03-02,19:00,2006,regular,,final,Virginia Tech,Wake Forest,259,154,73,60,,ACC,ACC,,,,,,ACC TOURNAMENT AT GREENSBORO NC
260610350,2006-03-02,19:00,2006,regular,,final,UNC Wilmington,George Mason,350,2244,61,48,,CAA,CAA,,,,,,
260612011,2006-03-02,19:00,2006,regular,,final,Alabama State,Grambling,2011,2755,78,77,,SWAC,SWAC,,,,,,
260612097,2006-03-02,19:00,2006,regular,,final,Campbell,Kennesaw State,2097,338,66,52,,ASUN,ASUN,,,,,,
260612241,2006-03-02,19:00,2006,regular,,final,Gardner-Webb,East Tennessee State,2241,2193,74,50,,ASUN,ASUN,,,,,,
260612382,2006-03-02,19:00,2006,regular,,final,Mercer,Jacksonville,2382,294,76,64,,ASUN,ASUN,,,,,,
260612729,2006-03-02,19:00,2006,regular,,final,William & Mary,Drexel,2729,2182,44,64,,CAA,CAA,,,,,,
260610057,2006-03-02,19:30,2006,regular,,final,Florida,Mississippi State,57,344,98,83,,SEC,SEC,,,,,,SEC TOURNAMENT AT NORTH LITTLE ROCK AR
260610119,2006-03-02,19:30,2006,regular,,final,Towson,Northeastern,119,111,62,54,,CAA,CAA,,,,,,
260610066,2006-03-02,20:00,2006,regular,,final,Iowa State,Colorado,66,38,56,46,,Big 12,Big 12,,,,,,
260610082,2006-03-02,20:00,2006,regular,,final,UIC,Wright State,82,2750,80,78,,Horizon,Horizon,,,,,,HORIZON LEAGUE TOURNAMENT
260610084,2006-03-02,20:00,2006,regular,,final,Indiana,Michigan,84,130,68,52,,Big Ten,Big Ten,,,,,,BIG 10 TOURNAMENT AT INDIANAPOLIS IN
260610107,2006-03-02,20:00,2006,regular,,final,Holy Cross,American University,107,44,57,49,,Patriot,Patriot,,,,,,PATRIOT LEAGUE TR
260610270,2006-03-02,20:00,2006,regular,,final,Milwaukee,Loyola Chicago,270,2350,76,56,,Horizon,Horizon,,,,,,HORIZON LEAGUE TOURNAMENT
260610288,2006-03-02,20:00,2006,regular,,final,Lipscomb,Florida Atlantic,288,2226,61,80,,ASUN,ASUN,,,,,,
260610349,2006-03-02,20:00,2006,regular,,final,Army,Lafayette,349,322,74,55,,Patriot,Patriot,,,,,,PATRIOT LEAGUE TR
260612305,2006-03-02,20:00,2006,regular,,final,Kansas,Kansas State,2305,2306,44,62,,Big 12,Big 12,,,,,,
260612739,2006-03-02,20:00,2006,regular,,final,Green Bay,Youngstown State,2739,2754,63,53,,Horizon,Horizon,,,,,,HORIZON LEAGUE TOURNAMENT
260610079,2006-03-02,20:05,2006,regular,,final,Southern Illinois,Indiana State,79,282,70,82,,MVC,MVC,,,,,,
260610156,2006-03-02,20:05,2006,regular,,final,Creighton,Bradley,156,71,63,80,,MVC,MVC,,,,,,
260612181,2006-03-02,20:05,2006,regular,,final,Drake,Northern Iowa,2181,2460,60,58,,MVC,MVC,,,,,,
260612229,2006-03-02,20:30,2006,regular,,final,Florida International,New Orleans,2229,2443,69,46,,Sun Belt,Sun Belt,,,,,,SUN BELT TOURNAMENT AT MURFREESBORO TN
260610036,2006-03-02,21:00,2006,regular,,final,Colorado State,BYU,36,252,67,69,,Mountain West,Mountain West,,,,,,
260610254,2006-03-02,21:00,2006,regular,,final,Utah,TCU,254,2628,62,63,,Mountain West,Mountain West,,,,,,
260612541,2006-03-02,21:00,2006,regular,,final,Santa Clara,Portland,2541,2501,83,77,,WCC,WCC,,,,,,WEST COAST CONF TR AT SPOKANE WA
260612692,2006-03-02,21:00,2006,regular,,final,Weber State,Montana State,2692,147,86,63,,Big Sky,Big Sky,,,,,,
260612751,2006-03-02,21:00,2006,regular,,final,Wyoming,San Diego State,2751,21,78,45,,Mountain West,Mountain West,,,,,,
260610166,2006-03-02,21:05,2006,regular,,final,New Mexico State,Hawai'i,166,62,71,74,,WAC,WAC,,,,,,
260610304,2006-03-02,21:05,2006,regular,,final,Idaho State,Montana,304,149,71,57,,Big Sky,Big Sky,,,,,,
260612390,2006-03-02,21:30,2006,regular,,final,Miami,Georgia Tech,2390,59,62,79,,ACC,ACC,,,,,,ACC TOURNAMENT AT GREESNBORO NC
260612655,2006-03-02,21:30,2006,regular,,final,Tulane,UCF,2655,2116,69,52,,C-USA,C-USA,,,,,,CONFERENCE USA TOURNAMENT AT DALLAS
260610238,2006-03-02,21:50,2006,regular,,final,Vanderbilt,Alabama,238,333,84,62,,SEC,SEC,,,,,,SEC TOURNAMENT AT NORTH LITTLE ROCK AR
260610013,2006-03-02,22:00,2006,regular,,final,Cal Poly,Cal State Northridge,13,2463,80,67,,Big West,Big West,,,,,,
260610023,2006-03-02,22:00,2006,regular,,final,San José State,Nevada,23,2440,53,48,,WAC,WAC,,,,,,
260610278,2006-03-02,22:00,2006,regular,,final,Fresno State,Utah State,278,328,70,52,,WAC,WAC,,,,,,
260610302,2006-03-02,22:00,2006,regular,,final,UC Davis,Cal State Fullerton,302,2239,66,71,,Big West,Big West,,,,,,
260612439,2006-03-02,22:00,2006,regular,,final,UNLV,New Mexico,2439,167,65,63,,Mountain West,Mountain West,,,,,,
260612502,2006-03-02,22:00,2006,regular,,final,Portland State,Sacramento State,2502,16,72,60,,Big Sky,Big Sky,,,,,,
260612540,2006-03-02,22:00,2006,regular,,final,UC Santa Barbara,Pacific,2540,279,76,49,,Big West,Big West,,,,,,
260610331,2006-03-02,22:05,2006,regular,,final,Eastern Washington,Northern Arizona,331,2464,67,57,,Big Sky,Big Sky,,,,,,
260612250,2006-03-02,23:30,2006,regular,,final,Gonzaga,San Francisco,2250,2539,67,75,,WCC,WCC,,,,,,WEST COAST CONF TR AT SPOKANE WA
260620314,2006-03-03,09:15,2006,regular,,final,Iona,Niagara,314,315,72,57,,MAAC,MAAC,,,,,,MAAC TOURNAMENT AT ALBANY NY
260620153,2006-03-03,11:00,2006,regular,,final,North Carolina,Virginia,153,258,82,56,,ACC,ACC,,,,,,ACC TOURNAMENT AT GREENSBORO NC
260622026,2006-03-03,11:00,2006,regular,,final,Appalachian State,Western Carolina,2026,2717,71,80,,Southern,Southern,,,,,,SOUTHERN CONF TR AT CHARLESTON SC
260622099,2006-03-03,11:15,2006,regular,,final,Canisius,Fairfield,2099,2217,60,55,,MAAC,MAAC,,,,,,MAAC TOURNAMENT AT ALBANY NY
260620194,2006-03-03,12:00,2006,regular,,final,Ohio State,Penn State,194,213,64,46,,Big Ten,Big Ten,,,,,,BIG 10 TOURNAMENT AT INDIANAPOLIS IN
260622325,2006-03-03,12:00,2006,regular,,final,La Salle,Richmond,2325,257,53,60,,A 10,A 10,,,,,,ATLANTIC 10 TOURNAMENT AT PHILADELPHIA PA
260622545,2006-03-03,12:00,2006,regular,,final,SE Louisiana,Lamar,2545,2320,49,59,,,,,,,,,
260620099,2006-03-03,13:00,2006,regular,,final,LSU,Ole Miss,99,145,91,73,,SEC,SEC,,,,,,SEC TOURNAMENT AT NORTH LITTLE ROCK AR
260622635,2006-03-03,13:00,2006,regular,,final,Tennessee Tech,Morehead State,2635,2413,80,66,,,,,,,,,OHIO VALLEY CONF TR AT NASHVILLE TN
260622352,2006-03-03,13:15,2006,regular,,final,Loyola Maryland,Manhattan,2352,2363,66,57,,MAAC,MAAC,,,,,,MAAC TOURNAMENT AT ALBANY NY
260620236,2006-03-03,13:30,2006,regular,,final,Chattanooga,Furman,236,231,70,51,,Southern,Southern,,,,,,SOUTHERN CONF TR AT CHARLESTON SC
260620202,2006-03-03,14:00,2006,regular,,final,Tulsa,East Carolina,202,151,77,60,,C-USA,C-USA,,,,,,CONFERENCE USA TOURNAMENT AT DALLAS TX
260622603,2006-03-03,14:00,2006,regular,,final,Saint Joseph's,Fordham,2603,2230,54,43,,A 10,A 10,,,,,,ATLANTIC 10 TOURNAMENT AT PHILADELPHIA PA
260620127,2006-03-03,14:30,2006,regular,,final,Michigan State,Iowa,127,2294,79,58,,Big Ten,Big Ten,,,,,,BIG 10 TOURNAMENT AT INDIANAPOLIS IN
260622546,2006-03-03,15:30,2006,regular,,final,Southeast Missouri State,Samford,2546,2535,59,52,,,Southern,,,,,,OHIO VALLEY CONF TR AT NASHVILLE TN
260622633,2006-03-03,15:30,2006,regular,,final,Tennessee,Auburn,2633,2,77,45,,SEC,SEC,,,,,,SEC TOURNAMENT AT NORTH LITTLE ROCK AR
260620052,2006-03-03,16:00,2006,regular,,final,Florida State,NC State,52,152,60,64,,ACC,ACC,,,,,,ACC TOURNAMENT AT GREENSBORO NC
260620113,2006-03-03,16:00,2006,regular,,final,UMass,Duquesne,113,2184,51,56,,A 10,A 10,,,,,,ATLANTIC 10 TOURNAMENT AT PHILADELPHIA PA
260622572,2006-03-03,16:30,2006,regular,,final,Southern Miss,Marshall,2572,276,60,58,,C-USA,C-USA,,,,,,CONFERENCE USA TOURNAMENT AT DALLAS TX
260622430,2006-03-03,17:00,2006,regular,,final,UNC Greensboro,Georgia Southern,2430,290,68,56,,Southern,Southern,,,,,,SOUTHERN CONF TR AT CHARLESTON SC
260622154,2006-03-03,17:30,2006,regular,,final,Coppin State,Morgan State,2154,2415,76,55,,MEAC,MEAC,,,,,,
260622569,2006-03-03,17:30,2006,regular,,final,South Carolina State,North Carolina A&T,2569,2448,71,64,,MEAC,MEAC,,,,,,
260622168,2006-03-03,18:00,2006,regular,,final,Dayton,Rhode Island,2168,227,71,63,,A 10,A 10,,,,,,ATLANTIC 10 TOURNAMENT AT PHILADELPHIA PA
260622509,2006-03-03,18:00,2006,regular,,final,Purdue,Illinois,2509,356,68,57,,Big Ten,Big Ten,,,,,,BIG 10 TOURNAMENT AT INDIANAPOLIS IN
260620150,2006-03-03,19:00,2006,regular,,final,Duke,Virginia Tech,150,259,69,56,,ACC,ACC,,,,,,ACC TOURNAMENT AT GREENSBORO NC
260620163,2006-03-03,19:00,2006,regular,,final,Princeton,Brown,163,225,72,55,,Ivy,Ivy,,,,,,
260620171,2006-03-03,19:00,2006,regular,,final,Columbia,Dartmouth,171,159,65,70,,Ivy,Ivy,,,,,,
260620172,2006-03-03,19:00,2006,regular,,final,Cornell,Harvard,172,108,69,78,,Ivy,Ivy,,,,,,
260620219,2006-03-03,19:00,2006,regular,,final,Pennsylvania,Yale,219,43,65,48,,Ivy,Ivy,,,,,,
260620242,2006-03-03,19:00,2006,regular,,final,Rice,Houston,242,248,79,64,,C-USA,C-USA,,,,,,CONFERENCE USA TOURNAMENT AT DALLAS TX
260620096,2006-03-03,19:30,2006,regular,,final,Kentucky,Florida,96,57,88,70,,SEC,SEC,,,,,,SEC TOURNAMENT AT NORTH LITTLE ROCK AR
260622166,2006-03-03,19:30,2006,regular,,final,Davidson,Elon,2166,2210,55,53,,Southern,Southern,,,,,,SOUTHERN CONF TR AT CHARLESTON SC
260622466,2006-03-03,19:30,2006,regular,,final,Northwestern State,UTSA,2466,2636,58,69,,,C-USA,,,,,,
260620326,2006-03-03,20:00,2006,regular,,final,Texas State,Nicholls,326,2447,65,52,,Sun Belt,,,,,,,
260622377,2006-03-03,20:00,2006,regular,,final,McNeese,UT Arlington,2377,250,48,47,,,WAC,,,,,,
260622571,2006-03-03,20:00,2006,regular,,final,South Dakota State,Central State (OH),2571,2119,86,31,,,,,,,,,
260622617,2006-03-03,20:00,2006,regular,,final,Stephen F. Austin,Sam Houston,2617,2534,84,45,,WAC,WAC,,,,,,
260622870,2006-03-03,20:00,2006,regular,,final,Purdue Fort Wayne,Texas A&M-Corpus Christi,2870,357,71,67,,,,,,,,,
260620135,2006-03-03,20:30,2006,regular,,final,Minnesota,Indiana,135,84,46,61,,Big Ten,Big Ten,,,,,,BIG 10 TOURNAMENT AT INDIANAPOLIS IN
260620204,2006-03-03,21:00,2006,regular,,final,Oregon State,Washington State,204,265,77,38,,Pac-12,Pac-12,,,,,,PAC 10 TOURNAMENT AT SAN JOSE CA
260622567,2006-03-03,21:00,2006,regular,,final,SMU,Tulane,2567,2655,86,84,,C-USA,C-USA,,,,,,CONFERENCE USA TOURNAMENT
260620120,2006-03-03,21:30,2006,regular,,final,Maryland,Georgia Tech,120,59,71,66,,ACC,ACC,,,,,,ACC TOURNAMENT AT GREENSBORO NC
260620061,2006-03-03,21:50,2006,regular,,final,Georgia,Vanderbilt,61,238,69,47,,SEC,SEC,,,,,,SEC TOURNAMENT AT NORTH LITTLE ROCK AR
260620070,2006-03-03,22:00,2006,regular,,final,Idaho,Boise State,70,68,72,59,,WAC,WAC,,,,,,
260622483,2006-03-03,23:15,2006,regular,,final,Oregon,Arizona,2483,12,57,64,,Pac-12,Pac-12,,,,,,PAC 10 TOURNAMENT AT SAN JOSE CA
260630045,2006-03-04,12:00,2006,regular,,final,George Washington,Richmond,45,257,61,51,,A 10,A 10,,,,,,ATLANTIC 10 TOURNAMENT AT PHILADELPHIA PA
260630097,2006-03-04,12:00,2006,regular,,final,Louisville,West Virginia,97,277,45,54,,Big East,Big East,,,,,,BIG EAST TOURNAMENT AT HARTFORD CT
260630311,2006-03-04,12:00,2006,regular,,final,Maine,Stony Brook,311,2619,70,84,,Am. East,Am. East,,,,,,
260632368,2006-03-04,12:00,2006,regular,,final,Marist,Iona,2368,314,60,59,,MAAC,MAAC,,,,,,MAAC TOURNAMENT AT ALBANY NY
260632393,2006-03-04,12:00,2006,regular,,final,Middle Tennessee,Louisiana,2393,309,84,58,,Sun Belt,Sun Belt,,,,,,SUN BELT TOURNAMENT AT MURFREESBORO TN
260632635,2006-03-04,12:00,2006,regular,,final,Tennessee Tech,Southeast Missouri State,2635,2546,50,71,,,,,,,,,OHIO VALLEY CHAMPIONSHIP AT NASHVILLE TN
260630056,2006-03-04,13:00,2006,regular,,final,Stetson,Jacksonville,56,294,70,75,,ASUN,ASUN,,,,,,
260630104,2006-03-04,13:00,2006,regular,,final,Boston University,Hartford,104,42,61,77,,Am. East,Am. East,,,,,,
260630107,2006-03-04,13:00,2006,regular,,final,Holy Cross,Bucknell,107,2083,64,60,,Patriot,Patriot,,,,,,PATRIOT LEAGUE TR
260630261,2006-03-04,13:00,2006,regular,,final,Vermont,Binghamton,261,2066,49,84,,Am. East,Am. East,,,,,,
260630349,2006-03-04,13:00,2006,regular,,final,Army,Colgate,349,2142,73,55,,Patriot,Patriot,,,,,,PATRIOT LEAGUE TR
260632097,2006-03-04,13:00,2006,regular,,final,Campbell,East Tennessee State,2097,2193,36,56,,ASUN,ASUN,,,,,,
260632514,2006-03-04,13:00,2006,regular,,final,Quinnipiac,Central Connecticut,2514,2115,68,64,,NEC,NEC,,,,,,NORTHEAST CONF TR
260632710,2006-03-04,13:00,2006,regular,,final,Western Illinois,Southern Utah,2710,253,50,37,,,WAC,,,,,,MID CONTINENT CONF TR AT TULSA OK
260630153,2006-03-04,13:30,2006,regular,,final,North Carolina,NC State,153,152,90,69,,ACC,ACC,,,,,,ACC TOURNAMENT AT GREENSBORO NC
260630026,2006-03-04,14:00,2006,regular,,final,UCLA,California,26,25,80,63,,Pac-12,Pac-12,,,,,,PAC 10 TOURNAMENT AT SAN JOSE CA
260630050,2006-03-04,14:00,2006,regular,,final,Florida A&M,Bethune-Cookman,50,2065,54,50,,MEAC,MEAC,,,,,,
260630222,2006-03-04,14:00,2006,regular,,final,Villanova,Marquette,222,269,68,46,,Big East,Big East,,,,,,BIG EAST TOURNAMENT AT HARTFORD CT
260630399,2006-03-04,14:00,2006,regular,,final,Albany,UMBC,399,2378,63,55,,Am. East,Am. East,,,,,,
260632050,2006-03-04,14:00,2006,regular,,final,Ball State,Akron,2050,2006,71,46,,MAC,MAC,,,,,,MID AMERICAN TOURNAMENT
260632084,2006-03-04,14:00,2006,regular,,final,Buffalo,Toledo,2084,2649,58,70,,MAC,MAC,,,,,,MID AMERICAN TOURNAMENT
260632335,2006-03-04,14:00,2006,regular,,final,Liberty,Radford,2335,2515,69,58,,Big South,Big South,,,,,,
260632379,2006-03-04,14:00,2006,regular,,final,Maryland-Eastern Shore,Howard,2379,47,97,78,,MEAC,MEAC,,,,,,
260632382,2006-03-04,14:00,2006,regular,,final,Mercer,North Florida,2382,2454,49,41,,ASUN,ASUN,,,,,,
260632752,2006-03-04,14:00,2006,regular,,final,Xavier,Saint Joseph's,2752,2603,67,70,,A 10,A 10,,,,,,ATLANTIC 10 TOURNAMENT AT PHILADELPHIA
260632099,2006-03-04,14:15,2006,regular,,final,Canisius,Loyola Maryland,2099,2352,66,76,,MAAC,MAAC,,,,,,MAAC TOURNAMENT AT ALBANY NY
260630098,2006-03-04,14:30,2006,regular,,final,Western Kentucky,South Alabama,98,6,83,68,,Sun Belt,Sun Belt,,,,,,SUN BELT TOURNAMENT AT MURFREESBORO TN
260632010,2006-03-04,15:00,2006,regular,,final,Alabama A&M,Grambling,2010,2755,68,73,,SWAC,SWAC,,,,,,
260632351,2006-03-04,15:00,2006,regular,,final,Loyola Marymount,Pepperdine,2351,2492,58,59,,WCC,WCC,,,,,,WEST COAST CONF TR AT SPOKANE WA
260632582,2006-03-04,15:00,2006,regular,,final,Southern,Texas Southern,2582,2640,75,69,,SWAC,SWAC,,,,,,
260632628,2006-03-04,15:00,2006,regular,,final,TCU,UNLV,2628,2439,82,77,,Mountain West,Mountain West,,,,,,
260630079,2006-03-04,15:05,2006,regular,,final,Southern Illinois,Illinois State,79,2287,59,58,,MVC,MVC,,,,,,
260632181,2006-03-04,15:05,2006,regular,,final,Drake,Bradley,2181,71,65,57,,MVC,MVC,,,,,,
260630085,2006-03-04,15:30,2006,regular,,final,IUPUI,Chicago State,85,2130,51,40,,Horizon,,,,,,,MID CONTINENT CONF TR AT TULSA OK
260630150,2006-03-04,15:30,2006,regular,,final,Duke,Maryland,150,120,70,78,,ACC,ACC,,,,,,ACC TOURNAMENT AT GREENSBORO NC
260630167,2006-03-04,16:00,2006,regular,,final,New Mexico,BYU,167,252,74,49,,Mountain West,Mountain West,,,,,,
260630202,2006-03-04,16:00,2006,regular,,final,Tulsa,Southern Miss,202,2572,81,68,,C-USA,C-USA,,,,,,CONFERENCE USA TOURNAMENT AT DALLAS TX
260630282,2006-03-04,16:00,2006,regular,,final,Indiana State,Evansville,282,339,86,56,,MVC,MVC,,,,,,
260632005,2006-03-04,16:00,2006,regular,,final,Air Force,Colorado State,2005,36,79,65,,Mountain West,Mountain West,,,,,,
260632011,2006-03-04,16:00,2006,regular,,final,Alabama State,Jackson State,2011,2296,56,76,,SWAC,SWAC,,,,,,
260632429,2006-03-04,16:00,2006,regular,,final,Charlotte,Duquesne,2429,2184,45,56,,A 10,A 10,,,,,,ATLANTIC 10 TOURNAMENT AT PHILADELPHIA PA
260632529,2006-03-04,16:00,2006,regular,,final,Sacred Heart,Fairleigh Dickinson,2529,161,83,55,,NEC,NEC,,,,,,NORTHEAST CONF TR
260632751,2006-03-04,16:00,2006,regular,,final,Wyoming,Utah,2751,254,67,69,,Mountain West,Mountain West,,,,,,
260630156,2006-03-04,16:05,2006,regular,,final,Creighton,Northern Iowa,156,2460,61,56,,MVC,MVC,,,,,,
260630304,2006-03-04,16:05,2006,regular,,final,Idaho State,Montana State,304,147,77,75,,Big Sky,Big Sky,,,,,,
260630009,2006-03-04,16:15,2006,regular,,final,Arizona State,Oregon State,9,204,74,66,,Pac-12,Pac-12,,,,,,PAC 10 TOURNAMENT AT SAN JOSE CA
260630195,2006-03-04,16:30,2006,regular,,final,Ohio,Central Michigan,195,2117,74,57,,MAC,MAC,,,,,,MID AMERICAN TOURNAMENT
260630003,2006-03-04,17:00,2006,regular,,final,Birmingham-Southern,UNC Asheville,3,2427,66,65,,Big South,Big South,,,,,,
260630278,2006-03-04,17:00,2006,regular,,final,Fresno State,Nevada,278,2440,73,48,,WAC,WAC,,,,,,
260630300,2006-03-04,17:00,2006,regular,,final,UC Irvine,Long Beach State,300,299,65,67,,Big West,Big West,,,,,,
260630302,2006-03-04,17:00,2006,regular,,final,UC Davis,UC Riverside,302,27,52,55,,Big West,Big West,,,,,,
260630324,2006-03-04,17:00,2006,regular,,final,Coastal Carolina,Charleston Southern,324,2127,65,46,,Big South,Big South,,,,,,
260632502,2006-03-04,17:00,2006,regular,,final,Portland State,Northern Arizona,2502,2464,77,94,,Big Sky,Big Sky,,,,,,
260632540,2006-03-04,17:00,2006,regular,,final,UC Santa Barbara,Cal State Northridge,2540,2463,85,63,,Big West,Big West,,,,,,
260630331,2006-03-04,17:05,2006,regular,,final,Eastern Washington,Sacramento State,331,16,79,58,,Big Sky,Big Sky,,,,,,
260632541,2006-03-04,17:30,2006,regular,,final,Santa Clara,San Francisco,2541,2539,75,65,,WCC,WCC,,,,,,WEST COAST CONF TR AT SPOKANE WA
260630058,2006-03-04,18:00,2006,regular,,final,South Florida,Notre Dame,58,87,66,73,,Big East,Big East,,,,,,BIG EAST TOURNAMENT AT HARTFORD CT
260630218,2006-03-04,18:00,2006,regular,,final,Temple,Dayton,218,2168,70,55,,A 10,A 10,,,,,,ATLANTIC 10 TOURNAMENT AT PHILADELPHIA PA
260630236,2006-03-04,18:00,2006,regular,,final,Chattanooga,Western Carolina,236,2717,77,73,,Southern,Southern,,,,,,SOUTHERN CONF TR AT CHARLESTON SC
260630249,2006-03-04,18:00,2006,regular,,final,North Texas,Arkansas State,249,2032,62,78,,Sun Belt,Sun Belt,,,,,,SUN BELT TOURNAMENT AT MURFREESBORO TN
260632247,2006-03-04,18:00,2006,regular,,final,Georgia State,Old Dominion,2247,295,56,82,,CAA,CAA,,,,,,
260630242,2006-03-04,18:30,2006,regular,,final,Rice,SMU,242,2567,57,52,,C-USA,C-USA,,,,,,CONFERENCE USA TOURNAMENT AT DALLAS TX
260632016,2006-03-04,18:30,2006,regular,,final,Alcorn State,Prairie View A&M,2016,2504,73,52,,SWAC,SWAC,,,,,,
260632057,2006-03-04,18:30,2006,regular,,final,Belmont,Florida Atlantic,2057,2226,78,71,,ASUN,ASUN,,,,,,
260630013,2006-03-04,19:00,2006,regular,,final,Cal Poly,Pacific,13,279,83,45,,Big West,Big West,,,,,,
260630163,2006-03-04,19:00,2006,regular,,final,Princeton,Yale,163,43,67,52,,Ivy,Ivy,,,,,,
260630171,2006-03-04,19:00,2006,regular,,final,Columbia,Harvard,171,108,71,86,,Ivy,Ivy,,,,,,
260630172,2006-03-04,19:00,2006,regular,,final,Cornell,Dartmouth,172,159,56,67,,Ivy,Ivy,,,,,,
260630219,2006-03-04,19:00,2006,regular,,final,Pennsylvania,Brown,219,225,62,70,,Ivy,Ivy,,,,,,
260632405,2006-03-04,19:00,2006,regular,,final,Monmouth,LIU Brooklyn,2405,2341,70,80,,NEC,NEC,,,,,,NORTHEAST CONF TR
260632737,2006-03-04,19:00,2006,regular,,final,Winthrop,High Point,2737,2272,64,60,,Big South,Big South,,,,,,
260630099,2006-03-04,19:30,2006,regular,,final,LSU,Kentucky,99,96,79,52,,SEC,SEC,,,,,,SEC TOURNAMENT AT NORTH LITTLE ROCK AR
260632523,2006-03-04,19:30,2006,regular,,final,Robert Morris,Mount St. Mary's,2523,116,65,56,,NEC,NEC,,,,,,NORTHEAST CONF TR
260630024,2006-03-04,20:00,2006,regular,,final,Stanford,Arizona,24,12,77,50,,Pac-12,Pac-12,,,,,,PAC 10 TOURNAMENT AT SAN JOSE CA
260630221,2006-03-04,20:00,2006,regular,,final,Pittsburgh,Cincinnati,221,2132,77,62,,Big East,Big East,,,,,,BIG EAST TOURNAMENT AT HARTFORD CT
260630292,2006-03-04,20:00,2006,regular,,final,UT Rio Grande Valley,Utah Valley,292,3084,65,49,,,,,,,,,
260632348,2006-03-04,20:00,2006,regular,,final,Louisiana Tech,Hawai'i,2348,62,91,52,,WAC,WAC,,,,,,
260632449,2006-03-04,20:00,2006,regular,,final,North Dakota State,Central State (OH),2449,2119,87,55,,,,,,,,,
260632459,2006-03-04,20:00,2006,regular,,final,Northern Illinois,Miami (OH),2459,193,73,65,,MAC,MAC,,,,,,MID AMERICAN TOURNAMENT
260632724,2006-03-04,20:00,2006,regular,,final,Wichita State,Missouri State,2724,2623,68,65,,MVC,MVC,,,,,,
260632172,2006-03-04,20:30,2006,regular,,final,Denver,Florida International,2172,2229,59,68,,Sun Belt,Sun Belt,,,,,,SUN BELT TOURNAMENT AT MURFREESBORO TN
260632430,2006-03-04,20:30,2006,regular,,final,UNC Greensboro,Davidson,2430,2166,69,58,,Southern,Southern,,,,,,SOUTHERN CONF TR AT CHARLESTON SC
260632692,2006-03-04,21:00,2006,regular,,final,Weber State,Montana,2692,149,51,65,,Big Sky,Big Sky,,,,,,
260632633,2006-03-04,21:50,2006,regular,,final,Tennessee,Georgia,2633,61,89,79,,SEC,SEC,,,,,,SEC TOURNAMENT AT NORTH LITTLE ROCK AR
260630023,2006-03-04,22:00,2006,regular,,final,San José State,Utah State,23,328,70,49,,WAC,WAC,,,,,,
260630264,2006-03-04,22:15,2006,regular,,final,Washington,USC,264,30,67,70,,Pac-12,Pac-12,,,,,,PAC 10 TOURNAMENT AT SAN JOSE CA
260642368,2006-03-05,12:00,2006,regular,,final,Marist,Loyola Maryland,2368,2352,68,57,,MAAC,MAAC,,,,,,MAAC CHAMPIONSHIP AT ALBANY NY
260642599,2006-03-05,12:00,2006,regular,,final,St. John's,West Virginia,2599,277,49,55,,Big East,Big East,,,,,,BIG EAST TOURNAMENT AT HARTFORD CT
260640153,2006-03-05,13:00,2006,regular,,final,North Carolina,Maryland,153,120,91,80,,ACC,ACC,,,,,,ACC CHAMPIONSHIP AT GREENSBORO NC
260640194,2006-03-05,13:00,2006,regular,,final,Ohio State,Michigan State,194,127,68,64,,Big Ten,Big Ten,,,,,,BIG TEN TOURNAMENT AT INDIANAPOLIS IN
260640270,2006-03-05,13:00,2006,regular,,final,Milwaukee,Butler,270,2086,58,57,,Horizon,Horizon,,,,,,HORIZON LEAGUE TOURNAMENT
260642674,2006-03-05,13:00,2006,regular,,final,Valparaiso,Kansas City,2674,140,69,48,,MVC,,,,,,,MID CONTINENT CONF TR AT TULSA OK
260640045,2006-03-05,14:00,2006,regular,,final,George Washington,Saint Joseph's,45,2603,53,51,,A 10,A 10,,,,,,ATLANTIC 10 TOURNAMENT AT PHILADELPHIA PA
260640164,2006-03-05,14:00,2006,regular,,final,Rutgers,Villanova,164,222,60,37,,Big East,Big East,,,,,,BIG EAST TOURNAMENT AT HARTFORD CT
260640198,2006-03-05,15:30,2006,regular,,final,Oral Roberts,Oakland,198,2473,37,50,,,Horizon,,,,,,MID CONTINENT CONF TR AT TULSA OK
260642509,2006-03-05,15:30,2006,regular,,final,Purdue,Indiana,2509,84,67,41,,Big Ten,Big Ten,,,,,,BIG TEN TOURNAMENT AT INDIANAPOLIS IN
260642739,2006-03-05,15:30,2006,regular,,final,Green Bay,UIC,2739,82,62,74,,Horizon,Horizon,,,,,,HORIZON LEAGUE TOURNAMENT AT MILWAUKEE WI
260640202,2006-03-05,16:00,2006,regular,,final,Tulsa,Rice,202,242,55,52,,C-USA,C-USA,,,,,,CONF USA CHAMP AT DALLAS TX
260640218,2006-03-05,16:00,2006,regular,,final,Temple,Duquesne,218,2184,76,63,,A 10,A 10,,,,,,ATLANTIC 10 TOURNAMENT AT PHILADELPHIA PA
260642541,2006-03-05,16:00,2006,regular,,final,Santa Clara,Pepperdine,2541,2492,67,71,,WCC,WCC,,,,,,WEST COAST CONF CHAM AT SPOKANE WA
260640009,2006-03-05,18:00,2006,regular,,final,Arizona State,UCLA,9,26,59,60,,Pac-12,Pac-12,,,,,,PAC 10 TOURNAMENT AT SAN JOSE CA
260640041,2006-03-05,18:00,2006,regular,,final,UConn,Notre Dame,41,87,71,60,,Big East,Big East,,,,,,BIG EAST TOURNAMENT AT HARTFORD CT
260640099,2006-03-05,18:00,2006,regular,,final,LSU,Tennessee,99,2633,62,63,,SEC,SEC,,,,,,SEC CHAMPIONSHIP AT NORTH LITTLE ROCK AR
260640236,2006-03-05,18:00,2006,regular,,final,Chattanooga,UNC Greensboro,236,2430,91,79,,Southern,Southern,,,,,,SOUTHERN CONF CHAMP AT CHARLESTON SC
260640305,2006-03-05,20:00,2006,regular,,final,DePaul,Pittsburgh,305,221,69,46,,Big East,Big East,,,,,,BIG EAST TOURNAMENT AT HARTFORD CT
260640024,2006-03-05,20:30,2006,regular,,final,Stanford,USC,24,30,73,44,,Pac-12,Pac-12,,,,,,PAC 10 TOURNAMENT AT SAN JOSE CA
260652393,2006-03-06,12:00,2006,regular,,final,Middle Tennessee,Arkansas State,2393,2032,90,64,,Sun Belt,Sun Belt,,,,,,SUN BELT TOURNAMENT AT MURFREESBORO TN
260652710,2006-03-06,13:00,2006,regular,,final,Western Illinois,Valparaiso,2710,2674,57,40,,,MVC,,,,,,MID CONTINENT CONF TR AT TULSA OK
260650098,2006-03-06,14:30,2006,regular,,final,Western Kentucky,Florida International,98,2229,66,58,,Sun Belt,Sun Belt,,,,,,SUN BELT TOURNAMENT AT MURFREESBORO TN
260650085,2006-03-06,15:30,2006,regular,,final,IUPUI,Oakland,85,2473,54,66,,Horizon,Horizon,,,,,,MID CONTINENT CONF TR AT TULSA OK
260650270,2006-03-06,16:00,2006,regular,,final,Milwaukee,UIC,270,82,71,63,,Horizon,Horizon,,,,,,HORIZON LEAGUE CHAMPIONSHIP
260650045,2006-03-06,17:00,2006,regular,,final,George Washington,Temple,45,218,54,59,,A 10,A 10,,,,,,ATL 10 CHAMPIONSHIP AT PHILADELPHIA
260650164,2006-03-06,18:00,2006,regular,,final,Rutgers,West Virginia,164,277,40,56,,Big East,Big East,,,,,,BIG EAST TOURNAMENT AT HARTFORD CT
260650194,2006-03-06,19:00,2006,regular,,final,Ohio State,Purdue,194,2509,63,60,,Big Ten,Big Ten,,,,,,BIG 10 CHAMPIONSHIP AT INDIANAPOLIS
260650041,2006-03-06,20:00,2006,regular,,final,UConn,DePaul,41,305,69,57,,Big East,Big East,,,,,,BIG EAST TOURNAMENT AT HARTFORD CT
260650250,2006-03-06,20:00,2006,regular,,final,UT Arlington,McNeese,250,2377,71,43,,WAC,,,,,,,SOUTHLAND CONF TR
260650326,2006-03-06,20:00,2006,regular,,final,Texas State,UL Monroe,326,2433,56,72,,Sun Belt,Sun Belt,,,,,,SOUTHLAND CONF TR
260652617,2006-03-06,20:00,2006,regular,,final,Stephen F. Austin,Lamar,2617,2320,54,53,,WAC,,,,,,,SOUTHLAND CONF TR
260652636,2006-03-06,20:00,2006,regular,,final,UTSA,SE Louisiana,2636,2545,61,46,,C-USA,,,,,,,SOUTHLAND CONF TR
260650024,2006-03-06,22:30,2006,regular,,final,Stanford,UCLA,24,26,76,85,,Pac-12,Pac-12,,,,,,PAC 10 CHAMPIONSHIP AT SAN JOSE CA
260660050,2006-03-07,11:00,2006,regular,,final,Florida A&M,Morgan State,50,2415,62,44,,MEAC,MEAC,,,,,,MEAC TOURNAMENT AT RALEIGH NC
260660251,2006-03-07,13:00,2006,regular,,final,Texas,Iowa State,251,66,68,72,,Big 12,Big 12,,,,,,BIG 12 CONF TR AT DALLAS TX
260662261,2006-03-07,13:30,2006,regular,,final,Hampton,Norfolk State,2261,2450,65,60,,MEAC,MEAC,,,,,,MEAC TOURNAMENT AT RALEIGH NC
260662710,2006-03-07,13:30,2006,regular,,final,Western Illinois,Oakland,2710,2473,56,65,,,Horizon,,,,,,MID CONTINENT CHAMPIONSHIP AT TULSA OK
260662641,2006-03-07,15:30,2006,regular,,final,Texas Tech,Oklahoma State,2641,197,61,42,,Big 12,Big 12,,,,,,BIG 12 CONF TR AT DALLAS TX
260660098,2006-03-07,16:00,2006,regular,,final,Western Kentucky,Middle Tennessee,98,2393,73,84,,Sun Belt,Sun Belt,,,,,,SUN BELT CHAMPIONSHP AT MURFREESBORO TN
260662448,2006-03-07,16:00,2006,regular,,final,North Carolina A&T,Bethune-Cookman,2448,2065,48,68,,MEAC,MEAC,,,,,,MEAC TOURNAMENT AT RALEIGH NC
260660163,2006-03-07,18:15,2006,regular,,final,Princeton,Pennsylvania,163,219,66,55,,Ivy,Ivy,,,,,,
260660036,2006-03-07,19:00,2006,regular,,final,Colorado State,San Diego State,36,21,69,58,,Mountain West,Mountain West,,,,,,MOUNTAIN WEST TR AT DENVER CO
260660159,2006-03-07,19:00,2006,regular,,final,Dartmouth,Harvard,159,108,76,55,,Ivy,Ivy,,,,,,
260660324,2006-03-07,19:00,2006,regular,,final,Coastal Carolina,Birmingham-Southern,324,3,50,35,,Big South,Big South,,,,,,BIG SOUTH TOURNAMENT
260662272,2006-03-07,19:00,2006,regular,,final,High Point,UNC Asheville,2272,2427,100,89,,Big South,Big South,,,,,,BIG SOUTH TOURNAMENT
260662306,2006-03-07,19:00,2006,regular,,final,Kansas State,Kansas,2306,2305,72,52,,Big 12,Big 12,,,,,,BIG 12 CONF TR AT DALLAS TX
260662335,2006-03-07,19:00,2006,regular,,final,Liberty,Charleston Southern,2335,2127,62,46,,Big South,Big South,,,,,,BIG SOUTH TOURNAMENT
260662514,2006-03-07,19:00,2006,regular,,final,Quinnipiac,Robert Morris,2514,2523,58,46,,NEC,NEC,,,,,,NORTHEAST CONF TR
260662529,2006-03-07,19:00,2006,regular,,final,Sacred Heart,LIU Brooklyn,2529,2341,64,50,,NEC,NEC,,,,,,NORTHEAST CONF TR
260662737,2006-03-07,19:00,2006,regular,,final,Winthrop,Radford,2737,2515,55,44,,Big South,Big South,,,,,,BIG SOUTH TOURNAMENT
260660041,2006-03-07,19:30,2006,regular,,final,UConn,West Virginia,41,277,50,44,,Big East,Big East,,,,,,BIG EAST CHAMPIONSHP AT HARTFORD CT
260660070,2006-03-07,21:00,2006,regular,,final,Idaho,Utah State,70,328,70,59,,WAC,WAC,,,,,,WAC TOURNAMENT AT RENO NV
260660158,2006-03-07,21:30,2006,regular,,final,Nebraska,Colorado,158,38,67,59,,Big 12,Big 12,,,,,,BIG 12 CONF TR AT DALLAS TX
260672011,2006-03-08,11:00,2006,regular,,final,Alabama State,Alcorn State,2011,2016,57,45,,SWAC,SWAC,,,,,,SWAC TOURNAMENT AT BIRMINGHAM AL
260672154,2006-03-08,12:00,2006,regular,,final,Coppin State,Hampton,2154,2261,70,57,,MEAC,MEAC,,,,,,MEAC TOURNAMENT AT RALEIGH NC
260672182,2006-03-08,12:00,2006,regular,,final,Drexel,Towson,2182,119,61,46,,CAA,CAA,,,,,,COLONIAL ATHLETIC ASSN TR AT FAIRFAX VA
260670201,2006-03-08,13:00,2006,regular,,final,Oklahoma,Iowa State,201,66,78,74,,Big 12,Big 12,,,,,,BIG 12 CONF TR AT DALLAS
260672199,2006-03-08,13:00,2006,regular,,final,Eastern Michigan,Ohio,2199,195,76,66,,MAC,MAC,,,,,,MID AMERICAN TOURNAMENT AT CLEVELAND OH
260672400,2006-03-08,13:30,2006,regular,,final,Mississippi Valley State,Alabama A&M,2400,2010,59,64,,SWAC,SWAC,,,,,,SWAC TOURNAMENT AT BIRMINGHAM AL
260670254,2006-03-08,14:00,2006,regular,,final,Utah,Air Force,254,2005,67,47,,Mountain West,Mountain West,,,,,,MOUNTAIN WEST TR AT DENVER CO
260670350,2006-03-08,14:30,2006,regular,,final,UNC Wilmington,Northeastern,350,111,54,63,,CAA,CAA,,,,,,COLONIAL ATHLETIC ASSN TR AT FAIRFAX VA
260672169,2006-03-08,14:30,2006,regular,,final,Delaware State,Florida A&M,2169,50,55,44,,MEAC,MEAC,,,,,,MEAC TOURNAMENT AT RALEIGH NC
260670013,2006-03-08,15:00,2006,regular,,final,Cal Poly,Pacific,13,279,94,67,,Big West,Big West,,,,,,BIG WEST TOURNAMENT
260670062,2006-03-08,15:00,2006,regular,,final,Hawai'i,Boise State,62,68,63,72,,WAC,WAC,,,,,,WAC TOURNAMENT AT RENO NV
260672309,2006-03-08,15:00,2006,regular,,final,Kent State,Ball State,2309,2050,69,52,,MAC,MAC,,,,,,MID AMERICAN TOURNAMENT AT CLEVELAND OH
260670142,2006-03-08,15:30,2006,regular,,final,Missouri,Texas Tech,142,2641,81,75,,Big 12,Big 12,,,,,,BIG 12 CONF TR AT DALLAS
260670167,2006-03-08,16:30,2006,regular,,final,New Mexico,UNLV,167,2439,45,57,,Mountain West,Mountain West,,,,,,MOUNTAIN WEST TR AT DENVER CO
260672729,2006-03-08,17:00,2006,regular,,final,William & Mary,Georgia State,2729,2247,66,81,,CAA,CAA,,,,,,COLONIAL ATHLETIC ASSN TR AT FAIRFAX VA
260670189,2006-03-08,17:30,2006,regular,,final,Bowling Green,Northern Illinois,189,2459,73,61,,MAC,MAC,,,,,,MID AMERICAN TOURNAMENT AT CLEVELAND OH
260670278,2006-03-08,17:30,2006,regular,,final,Fresno State,New Mexico State,278,166,66,74,,WAC,WAC,,,,,,WAC TOURNAMENT AT RENO NV
260670300,2006-03-08,17:30,2006,regular,,final,UC Irvine,Cal State Northridge,300,2463,64,66,,Big West,Big West,,,,,,BIG WEST TOURNAMENT AT ANAHEIM CA
260672582,2006-03-08,18:00,2006,regular,,final,Southern,Grambling,2582,2755,84,76,,SWAC,SWAC,,,,,,SWAC TOURNAMENT AT BIRMINGHAM AL
260670239,2006-03-08,19:00,2006,regular,,final,Baylor,Kansas State,239,2306,79,74,,Big 12,Big 12,,,,,,BIG 12 CONF TR AT DALLAS TX
260670349,2006-03-08,19:00,2006,regular,,final,Army,Holy Cross,349,107,69,68,,Patriot,Patriot,,,,,,PATRIOT LEAGUE CHAMPIONSHIP
260672244,2006-03-08,19:30,2006,regular,,final,George Mason,VCU,2244,2670,74,60,,CAA,CAA,,,,,,COLONIAL ATHLETIC ASSN TR AT FAIRFAX VA
260672711,2006-03-08,19:30,2006,regular,,final,Western Michigan,Toledo,2711,2649,59,64,,MAC,MAC,,,,,,MID AMERICAN TOURNAMENT AT CLEVELAND OH
260670250,2006-03-08,20:00,2006,regular,,final,UT Arlington,UTSA,250,2636,75,76,,WAC,C-USA,,,,,,SOUTHLAND CONF TR
260670252,2006-03-08,20:00,2006,regular,,final,BYU,Colorado State,252,36,65,45,,Mountain West,Mountain West,,,,,,MOUNTAIN WEST TR AT DENVER CO
260672617,2006-03-08,20:00,2006,regular,,final,Stephen F. Austin,UL Monroe,2617,2433,72,71,,WAC,Sun Belt,,,,,,SOUTHLAND CONF TR
260672296,2006-03-08,20:30,2006,regular,,final,Jackson State,Arkansas-Pine Bluff,2296,2029,56,55,,SWAC,SWAC,,,,,,SWAC TOURNAMENT AT BIRMINGHAM AL
260670023,2006-03-08,21:00,2006,regular,,final,San José State,Nevada,23,2440,61,76,,WAC,WAC,,,,,,WAC TOURNAMENT AT RENO NV
260670245,2006-03-08,21:30,2006,regular,,final,Texas A&M,Nebraska,245,158,73,64,,Big 12,Big 12,,,,,,BIG 12 CONF TR AT DALLAS TX
260672628,2006-03-08,22:30,2006,regular,,final,TCU,Wyoming,2628,2751,63,55,,Mountain West,Mountain West,,,,,,MOUNTAIN WEST TR AT DENVER CO
260672348,2006-03-08,23:30,2006,regular,,final,Louisiana Tech,Idaho,2348,70,80,57,,WAC,WAC,,,,,,WAC TOURNAMENT AT RENO NV
260680256,2006-03-09,12:00,2006,regular,,final,James Madison,Drexel,256,2182,53,51,,CAA,CAA,,,,,,COLONIAL ATHLETIC ASSN TR AT FAIRFAX VA
260682379,2006-03-09,12:00,2006,regular,,final,Maryland-Eastern Shore,Bethune-Cookman,2379,2065,51,41,,MEAC,MEAC,,,,,,MEAC TOURNAMENT AT RALEIGH NC
260682057,2006-03-09,14:00,2006,regular,,final,Belmont,Stetson,2057,56,63,49,,ASUN,ASUN,,,,,,ATLANTIC SUN TR AT DOTHAN AL
260680047,2006-03-09,14:30,2006,regular,,final,Howard,South Carolina State,47,2569,71,69,,MEAC,MEAC,,,,,,MEAC TOURNAMENT AT RALEIGH NC
260680048,2006-03-09,14:30,2006,regular,,final,Delaware,Northeastern,48,111,55,45,,CAA,CAA,,,,,,COLONIAL ATHLETIC ASSN TR AT FAIRFAX VA
260682239,2006-03-09,15:00,2006,regular,,final,Cal State Fullerton,Cal State Northridge,2239,2463,70,74,,Big West,Big West,,,,,,BIG WEST TOURNAMENT AT ANAHEIM CA
260682226,2006-03-09,16:15,2006,regular,,final,Florida Atlantic,Jacksonville,2226,294,74,61,,ASUN,ASUN,,,,,,ATLANTIC SUN TR AT DOTHAN AL
260682275,2006-03-09,17:00,2006,regular,,final,Hofstra,Georgia State,2275,2247,86,77,,CAA,CAA,,,,,,COLONIAL ATHLETIC ASSN TR AT FAIRFAX VA
260680027,2006-03-09,17:30,2006,regular,,final,UC Riverside,Cal Poly,27,13,73,63,,Big West,Big West,,,,,,BIG WEST TOURNAMENT AT ANAHEIM CA
260680079,2006-03-09,19:00,2006,regular,,final,Southern Illinois,Creighton,79,156,51,54,,MVC,MVC,,,,,,MISSOURI VALLEY CONF TR AT SPRINGFIELD MO
260680201,2006-03-09,19:00,2006,regular,,final,Oklahoma,Missouri,201,142,75,54,,Big 12,Big 12,,,,,,BIG 12 CONF TR AT DALLAS
260680311,2006-03-09,19:00,2006,regular,,final,Maine,Albany,311,399,73,56,,Am. East,Am. East,,,,,,AMERICA EAST CONF TR AT WEST HARTFORD CT
260682193,2006-03-09,19:00,2006,regular,,final,East Tennessee State,Mercer,2193,2382,56,59,,ASUN,ASUN,,,,,,ATLANTIC SUN TR AT DOTHAN AL
260680295,2006-03-09,19:30,2006,regular,,final,Old Dominion,George Mason,295,2244,66,50,,CAA,CAA,,,,,,COLONIAL ATHLETIC ASSN TR AT FAIRFAX VA
260682464,2006-03-09,19:35,2006,regular,,final,Northern Arizona,Portland State,2464,2502,80,68,,Big Sky,Big Sky,,,,,,BIG SKY TOURNAMENT AT POCATELLO ID
260682241,2006-03-09,21:15,2006,regular,,final,Gardner-Webb,Campbell,2241,2097,71,65,,ASUN,ASUN,,,,,,ATLANTIC SUN TR AT DOTHAN AL
260680239,2006-03-09,21:30,2006,regular,,final,Baylor,Texas A&M,239,245,53,52,,Big 12,Big 12,,,,,,BIG 12 CONF TR AT DALLAS
260682623,2006-03-09,21:30,2006,regular,,final,Missouri State,Bradley,2623,71,69,64,,MVC,MVC,,,,,,MISSOURI VALLEY CONF TR
260680331,2006-03-09,21:35,2006,regular,,final,Eastern Washington,Weber State,331,2692,69,74,,Big Sky,Big Sky,,,,,,BIG SKY TOURNAMENT AT POCATELLO ID
260692582,2006-03-10,11:00,2006,regular,,final,Southern,Alabama A&M,2582,2010,58,55,,SWAC,SWAC,,,,,,SWAC TOURNAMENT AT BIRMINGHAM AL
260692154,2006-03-10,12:00,2006,regular,,final,Coppin State,Howard,2154,47,65,52,,MEAC,MEAC,,,,,,MEAC TOURNAMENT AT RALEIGH NC
260692199,2006-03-10,12:00,2006,regular,,final,Eastern Michigan,Kent State,2199,2309,56,70,,MAC,MAC,,,,,,MID AMERICAN TOURNAMENT AT CLEVELAND
260692619,2006-03-10,12:00,2006,regular,,final,Stony Brook,Vermont,2619,261,59,52,,Am. East,Am. East,,,,,,AMERICA EAST CONF TR AT WEST HARTFORD CT
260690254,2006-03-10,13:00,2006,regular,,final,Utah,UNLV,254,2439,61,45,,Mountain West,Mountain West,,,,,,MOUNTAIN WEST TR AT DENVER CO
260690282,2006-03-10,13:05,2006,regular,,final,Indiana State,Creighton,282,156,73,51,,MVC,MVC,,,,,,MISSOURI VALLEY CONF TR AT SPRINGFIELD MO
260692296,2006-03-10,13:30,2006,regular,,final,Jackson State,Alabama State,2296,2011,57,67,,SWAC,SWAC,,,,,,SWAC TOURNAMENT AT BIRMINGHAM AL
260690104,2006-03-10,14:30,2006,regular,,final,Boston University,New Hampshire,104,160,66,60,,Am. East,Am. East,,,,,,AMERICA EAST CONF TR AT WEST HARTFORD CT
260690189,2006-03-10,14:30,2006,regular,,final,Bowling Green,Toledo,189,2649,68,46,,MAC,MAC,,,,,,MID AMERICAN TOURNAMENT AT CLEVELAND
260692169,2006-03-10,14:30,2006,regular,,final,Delaware State,Maryland-Eastern Shore,2169,2379,66,53,,MEAC,MEAC,,,,,,MEAC TOURNAMENT AT RALEIGH NC
260690068,2006-03-10,15:00,2006,regular,,final,Boise State,New Mexico State,68,166,59,60,,WAC,WAC,,,,,,WAC TOURNAMENT AT RENO NV
260692540,2006-03-10,15:00,2006,regular,,final,UC Santa Barbara,Cal State Northridge,2540,2463,66,61,,Big West,Big West,,,,,,BIG WEST TOURNAMENT AT ANAHEIM CA
260690252,2006-03-10,15:30,2006,regular,,final,BYU,TCU,252,2628,63,53,,Mountain West,Mountain West,,,,,,MOUNTAIN WEST TR AT DENVER CO
260690339,2006-03-10,15:30,2006,regular,,final,Evansville,Wichita State,339,2724,77,73,,MVC,MVC,,,,,,MISSOURI VALLEY CONF TR AT SPRINGFIELD MO
260690256,2006-03-10,17:00,2006,regular,,final,James Madison,Delaware,256,48,61,59,,CAA,CAA,,,,,,COLONIAL ATHLETIC ASSN TR AT FAIRFAX VA
260690299,2006-03-10,17:30,2006,regular,,final,Long Beach State,UC Riverside,299,27,49,57,,Big West,Big West,,,,,,BIG WEST TOURNAMENT AT ANAHEIM CA
260692348,2006-03-10,17:30,2006,regular,,final,Louisiana Tech,Nevada,2348,2440,69,60,,WAC,WAC,,,,,,WAC TOURNAMENT AT RENO NV
260690042,2006-03-10,18:00,2006,regular,,final,Hartford,Maine,42,311,58,35,,Am. East,Am. East,,,,,,AMERICA EAST CONF TR
260692335,2006-03-10,18:00,2006,regular,,final,Liberty,Winthrop,2335,2737,53,45,,Big South,Big South,,,,,,BIG SOUTH TOURNAMENT
260690159,2006-03-10,19:00,2006,regular,,final,Dartmouth,Brown,159,225,73,62,,Ivy,Ivy,,,,,,AT NEW HAVEN CT
260692057,2006-03-10,19:00,2006,regular,,final,Belmont,Gardner-Webb,2057,2241,60,72,,ASUN,ASUN,,,,,,ATLANTIC SUN TR AT DOTHAN AL
260692181,2006-03-10,19:05,2006,regular,,final,Drake,Missouri State,2181,2623,62,78,,MVC,MVC,,,,,,MISSOURI VALLEY CONF TR AT SPRINGFIELD MO
260690295,2006-03-10,19:30,2006,regular,,final,Old Dominion,Hofstra,295,2275,94,73,,CAA,CAA,,,,,,COLONIAL ATHLETIC ASSN TR AT FAIRFAX VA
260690149,2006-03-10,19:35,2006,regular,,final,Montana,Northern Arizona,149,2464,66,73,,Big Sky,Big Sky,,,,,,BIG SKY SEMIFINALS AT POCATELLO ID
260692066,2006-03-10,20:30,2006,regular,,final,Binghamton,UMBC,2066,2378,72,66,,Am. East,Am. East,,,,,,AMERICA EAST CONF TR AT WEST HARTFORD CT
260692272,2006-03-10,20:30,2006,regular,,final,High Point,Coastal Carolina,2272,324,65,61,,Big South,Big South,,,,,,BIG SOUTH TOURNAMENT AT LYNCHBURG VA
260692226,2006-03-10,21:15,2006,regular,,final,Florida Atlantic,Mercer,2226,2382,70,65,,ASUN,ASUN,,,,,,ATLANTIC SUN TR AT DOTHAN AL
260690304,2006-03-10,21:35,2006,regular,,final,Idaho State,Weber State,304,2692,70,71,,Big Sky,Big Sky,,,,,,BIG SKY SEMIFINALS
260692460,2006-03-10,21:35,2006,regular,,final,Northern Iowa,Illinois State,2460,2287,70,62,,MVC,MVC,,,,,,MISSOURI VALLEY CONF TR AT SPRINGFIELD MO
260700295,2006-03-11,12:00,2006,regular,,final,Old Dominion,James Madison,295,256,58,54,,CAA,CAA,,,,,,COLONIAL ATHLETIC CHAMPIONSHIP AT FAIRFAX VA
260700189,2006-03-11,13:00,2006,regular,,final,Bowling Green,Kent State,189,2309,64,39,,MAC,MAC,,,,,,MID AMERICAN CHAMPIONSHIP AT CLEVELAND
260702619,2006-03-11,13:00,2006,regular,,final,Stony Brook,Boston University,2619,104,74,76,,Am. East,Am. East,,,,,,AMERICA EAST CONF TR AT WEST HARTFORD CT
260702226,2006-03-11,14:00,2006,regular,,final,Florida Atlantic,Gardner-Webb,2226,2241,74,63,,ASUN,ASUN,,,,,,ATLANTIC SUN CHAMP AT DOTHAN AL
260702335,2006-03-11,14:00,2006,regular,,final,Liberty,High Point,2335,2272,53,50,,Big South,Big South,,,,,,BIG SOUTH CONFERENCE CHAMPIONSHIP
260702529,2006-03-11,14:00,2006,regular,,final,Sacred Heart,Quinnipiac,2529,2514,69,65,,NEC,NEC,,,,,,NORTHEAST CONF CHAMPIONSHIP
260700282,2006-03-11,14:05,2006,regular,,final,Indiana State,Evansville,282,339,81,65,,MVC,MVC,,,,,,MISSOURI VALLEY CONF TR AT SPRINGFIELD MO
260702348,2006-03-11,15:00,2006,regular,,final,Louisiana Tech,New Mexico State,2348,166,63,39,,WAC,WAC,,,,,,WAC CHAMPIONSHIP AT RENO NV
260700042,2006-03-11,15:30,2006,regular,,final,Hartford,Binghamton,42,2066,57,46,,Am. East,Am. East,,,,,,AMERICA EAST CONF TR
260702154,2006-03-11,15:30,2006,regular,,final,Coppin State,Delaware State,2154,2169,46,36,,MEAC,MEAC,,,,,,MEAC CHAMPIONSHIP AT RALEIGH NC
260702540,2006-03-11,16:00,2006,regular,,final,UC Santa Barbara,UC Riverside,2540,27,58,59,,Big West,Big West,,,,,,BIG WEST CHAMPIONSHIP AT ANAHEIM CA
260702617,2006-03-11,16:00,2006,regular,,final,Stephen F. Austin,UTSA,2617,2636,56,48,,WAC,C-USA,,,,,,SOUTHERN CONF CHAMP
260702460,2006-03-11,16:35,2006,regular,,final,Northern Iowa,Missouri State,2460,2623,59,62,,MVC,MVC,,,,,,MISSOURI VALLEY CONF TR AT SPRINGFIELD MO
260702582,2006-03-11,17:30,2006,regular,,final,Southern,Alabama State,2582,2011,61,58,,SWAC,SWAC,,,,,,SWAC CHAMPIONSHIP AT BIRMINGHAM AL
260700252,2006-03-11,18:00,2006,regular,,final,BYU,Utah,252,254,60,84,,Mountain West,Mountain West,,,,,,MOUNTAIN WEST CHAMP AT DENVER CO
260700201,2006-03-11,19:00,2006,regular,,final,Oklahoma,Baylor,201,239,72,61,,Big 12,Big 12,,,,,,BIG 12 CHAMPIONSHIP AT DALLAS
260702464,2006-03-11,19:00,2006,regular,,final,Northern Arizona,Weber State,2464,2692,74,59,,Big Sky,Big Sky,,,,,,BIG SKY CHAMP AT POCATELLO ID
260710042,2006-03-12,14:00,2006,regular,,final,Hartford,Boston University,42,104,75,56,,Am. East,Am. East,,,,,,AMERICA EAST CHAMP
260710159,2006-03-12,14:00,2006,regular,,final,Dartmouth,Princeton,159,163,63,48,,Ivy,Ivy,,,,,,AT NEW HAVEN CT
260710282,2006-03-12,16:05,2006,regular,,final,Indiana State,Missouri State,282,2623,55,64,,MVC,MVC,,,,,,MISSOURI VALLEY CONF CHAMPIONSHI
264000020,2006-03-18,12:00,2006,postseason,NCAA,final,Michigan State,Milwaukee,127,270,65,46,,Big Ten,Horizon,,,Allstate Arena,Rosemont,IL,BRIDGEPORT REGIONAL AT CHICAGO IL
264000033,2006-03-18,12:00,2006,postseason,NCAA,final,Minnesota,Washington,135,264,69,73,,Big Ten,Pac-12,,,Memorial Gymnasium (TN),Nashville,TN,SAN ANTONIO REGIONAL AT NASHVILLE TN
264000004,2006-03-18,13:00,2006,postseason,NCAA,final,Utah,Middle Tennessee,254,2393,76,71,,Mountain West,Sun Belt,,,McKale Center,Tucson,AZ,ALBUQUERQUE REGIONAL AT TUSCON AZ
264000043,2006-03-18,13:00,2006,postseason,NCAA,final,Oklahoma,Pepperdine,201,2492,78,66,,Big 12,WCC,,,Pepsi Center (CO),Denver,CO,SAN ANTONIO REGIONAL AT DENVER CO
264000019,2006-03-18,14:30,2006,postseason,NCAA,final,Kentucky,Chattanooga,96,236,69,59,,SEC,Southern,,,Allstate Arena,Rosemont,IL,BRIDGEPORT REGIONAL AT CHICAGO IL
264000032,2006-03-18,14:30,2006,postseason,NCAA,final,LSU,Florida Atlantic,99,2226,72,48,,SEC,ASUN,,,Memorial Gymnasium (TN),Nashville,TN,SAN ANTONIO REGIONAL AT NASHVILLE TN
264000005,2006-03-18,15:30,2006,postseason,NCAA,final,Arizona State,Stephen F. Austin,9,2617,80,61,,Pac-12,WAC,,,McKale Center,Tucson,AZ,ALBUQUERQUE REGIONAL AT TUSCON AZ
264000042,2006-03-18,15:30,2006,postseason,NCAA,final,BYU,Iowa,252,2294,67,62,,Mountain West,Big Ten,,,Pepsi Center (CO),Denver,CO,SAN ANTONIO REGIONAL AT DENVER CO
264000009,2006-03-18,20:00,2006,postseason,NCAA,final,Baylor,Northern Arizona,239,2464,74,56,,Big 12,Big Sky,,,McKale Center,Tucson,AZ,ALBUQUERQUE REGIONAL AT TUSCON AZ
264000036,2006-03-18,20:00,2006,postseason,NCAA,final,DePaul,Liberty,305,2335,68,43,,Big East,Big South,,,Allstate Arena,Rosemont,IL,SAN ANTONIO REGIONAL AT CHICAGO IL
264000039,2006-03-18,20:00,2006,postseason,NCAA,final,Florida State,Louisiana Tech,52,2348,80,71,,ACC,WAC,,,Pepsi Center (CO),Denver,CO,SAN ANTONIO REGIONAL AT DENVER CO
264000047,2006-03-18,20:00,2006,postseason,NCAA,final,North Carolina,UC Riverside,153,27,75,51,,ACC,Big West,,,Memorial Gymnasium (TN),Nashville,TN,CLEVELAND REGIONAL AT NASHVILLE TN
264000008,2006-03-18,22:30,2006,postseason,NCAA,final,Florida,New Mexico,57,167,59,83,,SEC,Mountain West,,,McKale Center,Tucson,AZ,ALBUQUERQUE REGIONAL AT TUSCON AZ
264000035,2006-03-18,22:30,2006,postseason,NCAA,final,NC State,Tulsa,152,202,61,71,,ACC,C-USA,,,Allstate Arena,Rosemont,IL,SAN ANTONIO REGIONAL AT CHICAGO IL
264000040,2006-03-18,22:30,2006,postseason,NCAA,final,Stanford,Southeast Missouri State,24,2546,72,45,,Pac-12,,,,Pepsi Center (CO),Denver,CO,SAN ANTONIO REGIONAL AT DENVER CO
264000048,2006-03-18,22:30,2006,postseason,NCAA,final,Vanderbilt,Louisville,238,97,76,64,,SEC,Big East,,,Memorial Gymnasium (TN),Nashville,TN,CLEVELAND REGIONAL AT NASHVILLE TN
264000011,2006-03-19,12:00,2006,postseason,NCAA,final,St. John's,California,2599,25,78,68,,Big East,Pac-12,,,Bryce Jordan Center,University Park,PA,ALBUQUERQUE REGIONAL AT UNIVERSITY PARK PA
264000023,2006-03-19,12:00,2006,postseason,NCAA,final,Temple,Hartford,218,42,58,64,,A 10,Am. East,,,Sovereign Bank Arena,Trenton,NJ,BRIDGEPORT REGIONAL AT TRENTON NJ
264000051,2006-03-19,12:00,2006,postseason,NCAA,final,Purdue,Missouri State,2509,2623,73,52,,Big Ten,MVC,,,Mackey Arena,West Lafayette,IN,CLEVELAND REGIONAL AT WEST LAFAYETTE IN
264000058,2006-03-19,12:00,2006,postseason,NCAA,final,Tennessee,Army,2633,349,102,54,,SEC,Patriot,,,Chartway Arena,Norfolk,VA,CLEVELAND REGIONAL AT NORFOLK VA
264000012,2006-03-19,14:30,2006,postseason,NCAA,final,Maryland,Sacred Heart,120,2529,95,54,,ACC,NEC,,,Bryce Jordan Center,University Park,PA,ALBUQUERQUE REGIONAL AT UNIVERSITY PARK PA
264000024,2006-03-19,14:30,2006,postseason,NCAA,final,Georgia,Marist,61,2368,75,60,,SEC,MAAC,,,Sovereign Bank Arena,Trenton,NJ,BRIDGEPORT REGIONAL AT TRENTON NJ
264000050,2006-03-19,14:30,2006,postseason,NCAA,final,UCLA,Bowling Green,26,189,74,61,,Pac-12,MAC,,,Mackey Arena,West Lafayette,IN,CLEVELAND REGIONAL AT WEST LAFAYETTE IN
264000057,2006-03-19,14:30,2006,postseason,NCAA,final,George Washington,Old Dominion,45,295,87,72,,A 10,CAA,,,Chartway Arena,Norfolk,VA,CLEVELAND REGIONAL AT NORFOLK VA
264000002,2006-03-19,19:00,2006,postseason,NCAA,final,Boston College,Notre Dame,103,87,78,61,,ACC,Big East,,,Mackey Arena,West Lafayette,IN,ALBUQUERQUE REGIONAL AT WEST LAFAYETTE IN
264000016,2006-03-19,19:00,2006,postseason,NCAA,final,Duke,Southern,150,2582,96,27,,ACC,SWAC,,,Chartway Arena,Norfolk,VA,BRIDGEPORT REGIONAL AT NORFOLK VA
264000026,2006-03-19,19:00,2006,postseason,NCAA,final,Virginia Tech,Missouri,259,142,82,51,,ACC,Big 12,,,Bryce Jordan Center,University Park,PA,BRIDGEPORT REGIONAL AT UNIVERSITY PARK PA
264000055,2006-03-19,19:00,2006,postseason,NCAA,final,Rutgers,Dartmouth,164,159,63,58,,Big East,Ivy,,,Sovereign Bank Arena,Trenton,NJ,CLEVELAND REGIONAL AT TRENTON NJ
264000001,2006-03-19,21:30,2006,postseason,NCAA,final,Ohio State,Oakland,194,2473,68,45,,Big Ten,Horizon,,,Mackey Arena,West Lafayette,IN,ALBUQUERQUE REGIONAL AT WEST LAFAYETTE IN
264000017,2006-03-19,21:30,2006,postseason,NCAA,final,USC,South Florida,30,58,67,65,,Pac-12,Big East,,,Chartway Arena,Norfolk,VA,BRIDGEPORT REGIONAL AT NORFOLK VA
264000027,2006-03-19,21:30,2006,postseason,NCAA,final,UConn,Coppin State,41,2154,77,54,,Big East,MEAC,,,Bryce Jordan Center,University Park,PA,BRIDGEPORT REGIONAL AT UNIVERSITY PARK PA
264000054,2006-03-19,21:30,2006,postseason,NCAA,final,Texas A&M,TCU,245,2628,65,69,,Big 12,Mountain West,,,Sovereign Bank Arena,Trenton,NJ,CLEVELAND REGIONAL AT TRENTON NJ
264000010,2006-03-20,19:00,2006,postseason,NCAA,final,Baylor,New Mexico,239,167,87,67,,Big 12,Mountain West,,,McKale Center,Tucson,AZ,ALBUQUERQUE REGIONAL AT TUCSON AZ
264000021,2006-03-20,19:00,2006,postseason,NCAA,final,Michigan State,Kentucky,127,96,67,63,,Big Ten,SEC,,,Allstate Arena,Rosemont,IL,BRIDGEPORT REGIONAL AT CHICAGO
264000044,2006-03-20,19:00,2006,postseason,NCAA,final,Oklahoma,BYU,201,252,86,70,,Big 12,Mountain West,,,Pepsi Center (CO),Denver,CO,SAN ANTONIO REGIONAL AT DENVER CO
264000049,2006-03-20,19:00,2006,postseason,NCAA,final,North Carolina,Vanderbilt,153,238,89,70,,ACC,SEC,,,Memorial Gymnasium (TN),Nashville,TN,CLEVELAND REGIONAL AT NASHVILLE TN
264000006,2006-03-20,21:00,2006,postseason,NCAA,final,Arizona State,Utah,9,254,65,86,,Pac-12,Mountain West,,,McKale Center,Tucson,AZ,ALBUQUERQUE REGIONAL AT TUCSON AZ
264000034,2006-03-20,21:00,2006,postseason,NCAA,final,LSU,Washington,99,264,72,49,,SEC,Pac-12,,,Memorial Gymnasium (TN),Nashville,TN,SAN ANTONIO REGIONAL AT NASHVILLE TN
264000037,2006-03-20,21:00,2006,postseason,NCAA,final,DePaul,Tulsa,305,202,71,67,,Big East,C-USA,,,Allstate Arena,Rosemont,IL,SAN ANTONIO REGIONAL AT CHICAGO
264000041,2006-03-20,21:00,2006,postseason,NCAA,final,Stanford,Florida State,24,52,88,70,,Pac-12,ACC,,,Pepsi Center (CO),Denver,CO,SAN ANTONIO REGIONAL AT DENVER CO
264000025,2006-03-21,19:07,2006,postseason,NCAA,final,Georgia,Hartford,61,42,73,54,,SEC,Am. East,,,Sovereign Bank Arena,Trenton,NJ,BRIDGEPORT REGIONAL AT TRENTON NJ
264000052,2006-03-21,19:12,2006,postseason,NCAA,final,Purdue,UCLA,2509,26,61,54,,Big Ten,Pac-12,,,Mackey Arena,West Lafayette,IN,CLEVELAND REGIONAL AT WEST LAFAYETTE IN
264000059,2006-03-21,19:17,2006,postseason,NCAA,final,Tennessee,George Washington,2633,45,66,53,,SEC,A 10,,,Chartway Arena,Norfolk,VA,CLEVELAND REGIONAL AT NORFOLK VA
264000013,2006-03-21,19:22,2006,postseason,NCAA,final,Maryland,St. John's,120,2599,81,74,,ACC,Big East,,,Bryce Jordan Center,University Park,PA,ALBUQUERQUE REGIONAL AT UNIVERSITY PARK PA
264000003,2006-03-21,21:00,2006,postseason,NCAA,final,Ohio State,Boston College,194,103,69,79,,Big Ten,ACC,,,Mackey Arena,West Lafayette,IN,ALBUQUERQUE REGIONAL AT WEST LAFAYETTE IN
264000018,2006-03-21,21:00,2006,postseason,NCAA,final,Duke,USC,150,30,85,51,,ACC,Pac-12,,,Chartway Arena,Norfolk,VA,BRIDGEPORT REGIONAL AT NORFOLK VA
264000028,2006-03-21,21:00,2006,postseason,NCAA,final,UConn,Virginia Tech,41,259,79,56,,Big East,ACC,,,Bryce Jordan Center,University Park,PA,BRIDGEPORT REGIONAL AT UNIVERSITY PARK PA
264000056,2006-03-21,21:00,2006,postseason,NCAA,final,Rutgers,TCU,164,2628,82,48,,Big East,Mountain West,,,Sovereign Bank Arena,Trenton,NJ,CLEVELAND REGIONAL AT TRENTON NJ
264000038,2006-03-25,12:00,2006,postseason,NCAA,final,LSU,DePaul,99,305,66,56,,SEC,Big East,,,AT&T Center,San Antonio,TX,SAN ANTONIO REGIONAL AT SAN ANTONIO TX
264000045,2006-03-25,14:30,2006,postseason,NCAA,final,Oklahoma,Stanford,201,24,74,88,,Big 12,Pac-12,,,AT&T Center,San Antonio,TX,SAN ANTONIO REGIONAL AT SAN ANTONIO TX
264000014,2006-03-25,21:00,2006,postseason,NCAA,final,Maryland,Baylor,120,239,82,63,,ACC,Big 12,,,The Pit,Albuquerque,NM,ALBUQUERQUE REGIONAL AT ALBUQUERQUE NM
264000007,2006-03-25,23:30,2006,postseason,NCAA,final,Utah,Boston College,254,103,57,54,,Mountain West,ACC,,,The Pit,Albuquerque,NM,ALBUQUERQUE REGIONAL AT ALBUQUERQUE NM
264000060,2006-03-26,12:00,2006,postseason,NCAA,final,Tennessee,Rutgers,2633,164,76,69,,SEC,Big East,,,Rocket Mortgage FieldHouse,Cleveland,OH,CLEVELAND REGIONAL AT CLEVELAND OH
264000053,2006-03-26,14:30,2006,postseason,NCAA,final,North Carolina,Purdue,153,2509,70,68,,ACC,Big Ten,,,Rocket Mortgage FieldHouse,Cleveland,OH,CLEVELAND REGIONAL AT CLEVELAND OH
264000022,2006-03-26,19:00,2006,postseason,NCAA,final,Duke,Michigan State,150,127,86,61,,ACC,Big Ten,,,Total Mortgage Arena,Bridgeport,CT,BRIDGEPORT REGIONAL AT BRIDGEPORT CT
264000029,2006-03-26,21:30,2006,postseason,NCAA,final,UConn,Georgia,41,61,77,75,,Big East,SEC,,,Total Mortgage Arena,Bridgeport,CT,BRIDGEPORT REGIONAL AT BRIDGEPORT CT
264000015,2006-03-27,19:00,2006,postseason,NCAA,final,Maryland,Utah,120,254,75,65,,ACC,Mountain West,,,The Pit,Albuquerque,NM,ALBUQUERQUE REGIONAL AT ALBUQUERQUE NM
264000046,2006-03-27,21:00,2006,postseason,NCAA,final,LSU,Stanford,99,24,62,59,,SEC,Pac-12,,,AT&T Center,San Antonio,TX,SAN ANTONIO REGIONAL AT SAN ANTONIO TX
264000061,2006-03-28,19:00,2006,postseason,NCAA,final,North Carolina,Tennessee,153,2633,75,63,,ACC,SEC,,,Rocket Mortgage FieldHouse,Cleveland,OH,CLEVELAND REGIONAL AT CLEVELAND
264000030,2006-03-28,21:00,2006,postseason,NCAA,final,Duke,UConn,150,41,63,61,,ACC,Big East,,,Total Mortgage Arena,Bridgeport,CT,BRIDGEPORT REGIONAL AT BRIDGEPORT CT
264000031,2006-04-02,19:00,2006,postseason,NCAA,final,North Carolina,Maryland,153,120,70,81,,ACC,ACC,,,TD Garden,Boston,MA,FINAL FOUR AT BOSTON MA
264000062,2006-04-02,21:30,2006,postseason,NCAA,final,Duke,LSU,150,99,64,45,,ACC,SEC,,,TD Garden,Boston,MA,FINAL FOUR AT BOSTON MA
264000063,2006-04-04,20:30,2006,postseason,NCAA,final,Duke,Maryland,150,120,75,78,,ACC,ACC,,,TD Garden,Boston,MA,CHAMPIONSHIP AT BOSTON MA
